[20:03:25] UFFTYPER: Unrecognized atom type: S_5+6 (2)
[20:03:25] UFFTYPER: Unrecognized atom type: S_5+6 (2)
[20:03:25] 

****
Pre-condition Violation
bad params pointer
Violation occurred on line 79 in file /home/conda/feedstock_root/build_artifacts/rdkit-meta_1745736747213/work/Code/ForceField/UFF/AngleBend.cpp
Failed Expression: at2Params
----------
Stacktrace:
 0# Invar::Invariant::toString[abi:cxx11]() const in <CONDA_ENV_PREFIX>/lib/python3.11/site-packages/rdkit/../../../libRDKitRDGeneral.so.1
 1# Invar::operator<<(std::ostream&, Invar::Invariant const&) in <CONDA_ENV_PREFIX>/lib/python3.11/site-packages/rdkit/../../../libRDKitRDGeneral.so.1
 2# ForceFields::UFF::AngleBendContrib::AngleBendContrib(ForceFields::ForceField*, unsigned int, unsigned int, unsigned int, double, double, ForceFields::UFF::AtomicParams const*, ForceFields::UFF::AtomicParams const*, ForceFields::UFF::AtomicParams const*, unsigned int) in <CONDA_ENV_PREFIX>/lib/python3.11/site-packages/rdkit/ForceField/../../../../libRDKitForceField.so.1
 3# RDKit::UFF::Tools::addTrigonalBipyramidAngles(RDKit::Atom const*, RDKit::ROMol const&, int, std::vector<ForceFields::UFF::AtomicParams const*, std::allocator<ForceFields::UFF::AtomicParams const*> > const&, ForceFields::ForceField*) in <CONDA_ENV_PREFIX>/lib/python3.11/site-packages/rdkit/ForceField/../../../../libRDKitForceFieldHelpers.so.1
 4# RDKit::UFF::Tools::addAngleSpecialCases(RDKit::ROMol const&, int, std::vector<ForceFields::UFF::AtomicParams const*, std::allocator<ForceFields::UFF::AtomicParams const*> > const&, ForceFields::ForceField*) in <CONDA_ENV_PREFIX>/lib/python3.11/site-packages/rdkit/ForceField/../../../../libRDKitForceFieldHelpers.so.1
 5# RDKit::UFF::constructForceField(RDKit::ROMol&, std::vector<ForceFields::UFF::AtomicParams const*, std::allocator<ForceFields::UFF::AtomicParams const*> > const&, double, int, bool) in <CONDA_ENV_PREFIX>/lib/python3.11/site-packages/rdkit/ForceField/../../../../libRDKitForceFieldHelpers.so.1
 6# RDKit::UFF::constructForceField(RDKit::ROMol&, double, int, bool) in <CONDA_ENV_PREFIX>/lib/python3.11/site-packages/rdkit/ForceField/../../../../libRDKitForceFieldHelpers.so.1
 7# RDKit::UFFHelper(RDKit::ROMol&, int, double, int, bool) in <CONDA_ENV_PREFIX>/lib/python3.11/site-packages/rdkit/Chem/rdForceFieldHelpers.so
 8# 0x00007FC9A746103D in <CONDA_ENV_PREFIX>/lib/python3.11/site-packages/rdkit/Chem/rdForceFieldHelpers.so
 9# boost::python::objects::function::call(_object*, _object*) const in <CONDA_ENV_PREFIX>/lib/python3.11/site-packages/rdkit/../../../libboost_python311.so.1.86.0
10# 0x00007FC9A93BA449 in <CONDA_ENV_PREFIX>/lib/python3.11/site-packages/rdkit/../../../libboost_python311.so.1.86.0
11# boost::python::detail::exception_handler::operator()(boost::function_n<void> const&) const in <CONDA_ENV_PREFIX>/lib/python3.11/site-packages/rdkit/../../../libboost_python311.so.1.86.0
12# 0x00007FC9A711AC04 in <CONDA_ENV_PREFIX>/lib/python3.11/site-packages/rdkit/Chem/rdSLNParse.so
13# 0x00007FC9A7508354 in <CONDA_ENV_PREFIX>/lib/python3.11/site-packages/rdkit/Chem/rdDepictor.so
14# 0x00007FC9A77A6DD4 in <CONDA_ENV_PREFIX>/lib/python3.11/site-packages/rdkit/Chem/rdChemReactions.so
15# 0x00007FC9A77A6E24 in <CONDA_ENV_PREFIX>/lib/python3.11/site-packages/rdkit/Chem/rdChemReactions.so
16# 0x00007FC9A791FB94 in <CONDA_ENV_PREFIX>/lib/python3.11/site-packages/rdkit/Chem/rdMolChemicalFeatures.so
17# 0x00007FC9A83979B4 in <CONDA_ENV_PREFIX>/lib/python3.11/site-packages/rdkit/Chem/rdmolfiles.so
18# 0x00007FC9A8397A04 in <CONDA_ENV_PREFIX>/lib/python3.11/site-packages/rdkit/Chem/rdmolfiles.so
19# 0x00007FC9A85B1B04 in <CONDA_ENV_PREFIX>/lib/python3.11/site-packages/rdkit/Chem/rdCIPLabeler.so
20# 0x00007FC9A8E86174 in <CONDA_ENV_PREFIX>/lib/python3.11/site-packages/rdkit/Chem/rdchem.so
21# 0x00007FC9A8E1AAAD in <CONDA_ENV_PREFIX>/lib/python3.11/site-packages/rdkit/Chem/rdchem.so
22# 0x00007FC9A8E1A6AD in <CONDA_ENV_PREFIX>/lib/python3.11/site-packages/rdkit/Chem/rdchem.so
23# 0x00007FC9A8E1A2AD in <CONDA_ENV_PREFIX>/lib/python3.11/site-packages/rdkit/Chem/rdchem.so
24# 0x00007FC9A8E19EAD in <CONDA_ENV_PREFIX>/lib/python3.11/site-packages/rdkit/Chem/rdchem.so
25# 0x00007FC9A8E19AAD in <CONDA_ENV_PREFIX>/lib/python3.11/site-packages/rdkit/Chem/rdchem.so
26# 0x00007FC9A948EE54 in <CONDA_ENV_PREFIX>/lib/python3.11/site-packages/rdkit/rdBase.so
27# 0x00007FC9A948EEA4 in <CONDA_ENV_PREFIX>/lib/python3.11/site-packages/rdkit/rdBase.so
28# 0x00007FC9A948EEF4 in <CONDA_ENV_PREFIX>/lib/python3.11/site-packages/rdkit/rdBase.so
29# 0x00007FC9A948EF44 in <CONDA_ENV_PREFIX>/lib/python3.11/site-packages/rdkit/rdBase.so
30# boost::python::handle_exception_impl(boost::function_n<void>) in <CONDA_ENV_PREFIX>/lib/python3.11/site-packages/rdkit/../../../libboost_python311.so.1.86.0
31# 0x00007FC9A93B79B3 in <CONDA_ENV_PREFIX>/lib/python3.11/site-packages/rdkit/../../../libboost_python311.so.1.86.0
32# _PyObject_MakeTpCall in <CONDA_ENV_PREFIX>/bin/python
33# _PyEval_EvalFrameDefault in <CONDA_ENV_PREFIX>/bin/python
34# _PyFunction_Vectorcall in <CONDA_ENV_PREFIX>/bin/python
35# 0x0000555AD5345C50 in <CONDA_ENV_PREFIX>/bin/python
36# 0x0000555AD525B745 in <CONDA_ENV_PREFIX>/bin/python
37# 0x0000555AD528C1AA in <CONDA_ENV_PREFIX>/bin/python
38# PyObject_Vectorcall in <CONDA_ENV_PREFIX>/bin/python
39# _PyEval_EvalFrameDefault in <CONDA_ENV_PREFIX>/bin/python
40# _PyFunction_Vectorcall in <CONDA_ENV_PREFIX>/bin/python
41# _PyEval_EvalFrameDefault in <CONDA_ENV_PREFIX>/bin/python
42# _PyFunction_Vectorcall in <CONDA_ENV_PREFIX>/bin/python
43# _PyEval_EvalFrameDefault in <CONDA_ENV_PREFIX>/bin/python
44# _PyFunction_Vectorcall in <CONDA_ENV_PREFIX>/bin/python
45# 0x0000555AD5247979 in <CONDA_ENV_PREFIX>/bin/python
46# _PyObject_MakeTpCall in <CONDA_ENV_PREFIX>/bin/python
47# _PyEval_EvalFrameDefault in <CONDA_ENV_PREFIX>/bin/python
48# _PyFunction_Vectorcall in <CONDA_ENV_PREFIX>/bin/python
49# 0x0000555AD5247A1D in <CONDA_ENV_PREFIX>/bin/python
50# _PyObject_MakeTpCall in <CONDA_ENV_PREFIX>/bin/python
51# _PyEval_EvalFrameDefault in <CONDA_ENV_PREFIX>/bin/python
52# 0x0000555AD52D2B0D in <CONDA_ENV_PREFIX>/bin/python
53# PyEval_EvalCode in <CONDA_ENV_PREFIX>/bin/python
54# 0x0000555AD52F01AA in <CONDA_ENV_PREFIX>/bin/python
55# 0x0000555AD52EBE33 in <CONDA_ENV_PREFIX>/bin/python
56# 0x0000555AD53013D0 in <CONDA_ENV_PREFIX>/bin/python
57# _PyRun_SimpleFileObject in <CONDA_ENV_PREFIX>/bin/python
58# _PyRun_AnyFileObject in <CONDA_ENV_PREFIX>/bin/python
59# Py_RunMain in <CONDA_ENV_PREFIX>/bin/python
60# Py_BytesMain in <CONDA_ENV_PREFIX>/bin/python
61# 0x00007FC9B803CD90 in /lib/x86_64-linux-gnu/libc.so.6
62# __libc_start_main in /lib/x86_64-linux-gnu/libc.so.6
63# 0x0000555AD52C237A in <CONDA_ENV_PREFIX>/bin/python
----------
****

[20:03:43] UFFTYPER: Unrecognized charge state for atom: 18
[20:03:43] UFFTYPER: Unrecognized charge state for atom: 18
[20:03:46] UFFTYPER: Unrecognized charge state for atom: 18
[20:03:46] UFFTYPER: Unrecognized charge state for atom: 18
[20:03:51] Explicit valence for atom # 14 P, 7, is greater than permitted
[20:25:17] UFFTYPER: Unrecognized atom type: S_5+6 (2)
[20:25:17] UFFTYPER: Unrecognized atom type: S_5+6 (2)
[20:25:17] 

****
Pre-condition Violation
bad params pointer
Violation occurred on line 79 in file /home/conda/feedstock_root/build_artifacts/rdkit-meta_1745736747213/work/Code/ForceField/UFF/AngleBend.cpp
Failed Expression: at2Params
----------
Stacktrace:
 0# Invar::Invariant::toString[abi:cxx11]() const in <CONDA_ENV_PREFIX>/lib/python3.11/site-packages/rdkit/../../../libRDKitRDGeneral.so.1
 1# Invar::operator<<(std::ostream&, Invar::Invariant const&) in <CONDA_ENV_PREFIX>/lib/python3.11/site-packages/rdkit/../../../libRDKitRDGeneral.so.1
 2# ForceFields::UFF::AngleBendContrib::AngleBendContrib(ForceFields::ForceField*, unsigned int, unsigned int, unsigned int, double, double, ForceFields::UFF::AtomicParams const*, ForceFields::UFF::AtomicParams const*, ForceFields::UFF::AtomicParams const*, unsigned int) in <CONDA_ENV_PREFIX>/lib/python3.11/site-packages/rdkit/ForceField/../../../../libRDKitForceField.so.1
 3# RDKit::UFF::Tools::addTrigonalBipyramidAngles(RDKit::Atom const*, RDKit::ROMol const&, int, std::vector<ForceFields::UFF::AtomicParams const*, std::allocator<ForceFields::UFF::AtomicParams const*> > const&, ForceFields::ForceField*) in <CONDA_ENV_PREFIX>/lib/python3.11/site-packages/rdkit/ForceField/../../../../libRDKitForceFieldHelpers.so.1
 4# RDKit::UFF::Tools::addAngleSpecialCases(RDKit::ROMol const&, int, std::vector<ForceFields::UFF::AtomicParams const*, std::allocator<ForceFields::UFF::AtomicParams const*> > const&, ForceFields::ForceField*) in <CONDA_ENV_PREFIX>/lib/python3.11/site-packages/rdkit/ForceField/../../../../libRDKitForceFieldHelpers.so.1
 5# RDKit::UFF::constructForceField(RDKit::ROMol&, std::vector<ForceFields::UFF::AtomicParams const*, std::allocator<ForceFields::UFF::AtomicParams const*> > const&, double, int, bool) in <CONDA_ENV_PREFIX>/lib/python3.11/site-packages/rdkit/ForceField/../../../../libRDKitForceFieldHelpers.so.1
 6# RDKit::UFF::constructForceField(RDKit::ROMol&, double, int, bool) in <CONDA_ENV_PREFIX>/lib/python3.11/site-packages/rdkit/ForceField/../../../../libRDKitForceFieldHelpers.so.1
 7# RDKit::UFFHelper(RDKit::ROMol&, int, double, int, bool) in <CONDA_ENV_PREFIX>/lib/python3.11/site-packages/rdkit/Chem/rdForceFieldHelpers.so
 8# 0x00007FC9A746103D in <CONDA_ENV_PREFIX>/lib/python3.11/site-packages/rdkit/Chem/rdForceFieldHelpers.so
 9# boost::python::objects::function::call(_object*, _object*) const in <CONDA_ENV_PREFIX>/lib/python3.11/site-packages/rdkit/../../../libboost_python311.so.1.86.0
10# 0x00007FC9A93BA449 in <CONDA_ENV_PREFIX>/lib/python3.11/site-packages/rdkit/../../../libboost_python311.so.1.86.0
11# boost::python::detail::exception_handler::operator()(boost::function_n<void> const&) const in <CONDA_ENV_PREFIX>/lib/python3.11/site-packages/rdkit/../../../libboost_python311.so.1.86.0
12# 0x00007FC9A711AC04 in <CONDA_ENV_PREFIX>/lib/python3.11/site-packages/rdkit/Chem/rdSLNParse.so
13# 0x00007FC9A7508354 in <CONDA_ENV_PREFIX>/lib/python3.11/site-packages/rdkit/Chem/rdDepictor.so
14# 0x00007FC9A77A6DD4 in <CONDA_ENV_PREFIX>/lib/python3.11/site-packages/rdkit/Chem/rdChemReactions.so
15# 0x00007FC9A77A6E24 in <CONDA_ENV_PREFIX>/lib/python3.11/site-packages/rdkit/Chem/rdChemReactions.so
16# 0x00007FC9A791FB94 in <CONDA_ENV_PREFIX>/lib/python3.11/site-packages/rdkit/Chem/rdMolChemicalFeatures.so
17# 0x00007FC9A83979B4 in <CONDA_ENV_PREFIX>/lib/python3.11/site-packages/rdkit/Chem/rdmolfiles.so
18# 0x00007FC9A8397A04 in <CONDA_ENV_PREFIX>/lib/python3.11/site-packages/rdkit/Chem/rdmolfiles.so
19# 0x00007FC9A85B1B04 in <CONDA_ENV_PREFIX>/lib/python3.11/site-packages/rdkit/Chem/rdCIPLabeler.so
20# 0x00007FC9A8E86174 in <CONDA_ENV_PREFIX>/lib/python3.11/site-packages/rdkit/Chem/rdchem.so
21# 0x00007FC9A8E1AAAD in <CONDA_ENV_PREFIX>/lib/python3.11/site-packages/rdkit/Chem/rdchem.so
22# 0x00007FC9A8E1A6AD in <CONDA_ENV_PREFIX>/lib/python3.11/site-packages/rdkit/Chem/rdchem.so
23# 0x00007FC9A8E1A2AD in <CONDA_ENV_PREFIX>/lib/python3.11/site-packages/rdkit/Chem/rdchem.so
24# 0x00007FC9A8E19EAD in <CONDA_ENV_PREFIX>/lib/python3.11/site-packages/rdkit/Chem/rdchem.so
25# 0x00007FC9A8E19AAD in <CONDA_ENV_PREFIX>/lib/python3.11/site-packages/rdkit/Chem/rdchem.so
26# 0x00007FC9A948EE54 in <CONDA_ENV_PREFIX>/lib/python3.11/site-packages/rdkit/rdBase.so
27# 0x00007FC9A948EEA4 in <CONDA_ENV_PREFIX>/lib/python3.11/site-packages/rdkit/rdBase.so
28# 0x00007FC9A948EEF4 in <CONDA_ENV_PREFIX>/lib/python3.11/site-packages/rdkit/rdBase.so
29# 0x00007FC9A948EF44 in <CONDA_ENV_PREFIX>/lib/python3.11/site-packages/rdkit/rdBase.so
30# boost::python::handle_exception_impl(boost::function_n<void>) in <CONDA_ENV_PREFIX>/lib/python3.11/site-packages/rdkit/../../../libboost_python311.so.1.86.0
31# 0x00007FC9A93B79B3 in <CONDA_ENV_PREFIX>/lib/python3.11/site-packages/rdkit/../../../libboost_python311.so.1.86.0
32# _PyObject_MakeTpCall in <CONDA_ENV_PREFIX>/bin/python
33# _PyEval_EvalFrameDefault in <CONDA_ENV_PREFIX>/bin/python
34# _PyFunction_Vectorcall in <CONDA_ENV_PREFIX>/bin/python
35# 0x0000555AD5345C50 in <CONDA_ENV_PREFIX>/bin/python
36# 0x0000555AD525B745 in <CONDA_ENV_PREFIX>/bin/python
37# 0x0000555AD528C1AA in <CONDA_ENV_PREFIX>/bin/python
38# PyObject_Vectorcall in <CONDA_ENV_PREFIX>/bin/python
39# _PyEval_EvalFrameDefault in <CONDA_ENV_PREFIX>/bin/python
40# _PyFunction_Vectorcall in <CONDA_ENV_PREFIX>/bin/python
41# _PyEval_EvalFrameDefault in <CONDA_ENV_PREFIX>/bin/python
42# _PyFunction_Vectorcall in <CONDA_ENV_PREFIX>/bin/python
43# _PyEval_EvalFrameDefault in <CONDA_ENV_PREFIX>/bin/python
44# _PyFunction_Vectorcall in <CONDA_ENV_PREFIX>/bin/python
45# 0x0000555AD5247979 in <CONDA_ENV_PREFIX>/bin/python
46# _PyObject_MakeTpCall in <CONDA_ENV_PREFIX>/bin/python
47# _PyEval_EvalFrameDefault in <CONDA_ENV_PREFIX>/bin/python
48# _PyFunction_Vectorcall in <CONDA_ENV_PREFIX>/bin/python
49# 0x0000555AD5247A1D in <CONDA_ENV_PREFIX>/bin/python
50# _PyObject_MakeTpCall in <CONDA_ENV_PREFIX>/bin/python
51# _PyEval_EvalFrameDefault in <CONDA_ENV_PREFIX>/bin/python
52# 0x0000555AD52D2B0D in <CONDA_ENV_PREFIX>/bin/python
53# PyEval_EvalCode in <CONDA_ENV_PREFIX>/bin/python
54# 0x0000555AD52F01AA in <CONDA_ENV_PREFIX>/bin/python
55# 0x0000555AD52EBE33 in <CONDA_ENV_PREFIX>/bin/python
56# 0x0000555AD53013D0 in <CONDA_ENV_PREFIX>/bin/python
57# _PyRun_SimpleFileObject in <CONDA_ENV_PREFIX>/bin/python
58# _PyRun_AnyFileObject in <CONDA_ENV_PREFIX>/bin/python
59# Py_RunMain in <CONDA_ENV_PREFIX>/bin/python
60# Py_BytesMain in <CONDA_ENV_PREFIX>/bin/python
61# 0x00007FC9B803CD90 in /lib/x86_64-linux-gnu/libc.so.6
62# __libc_start_main in /lib/x86_64-linux-gnu/libc.so.6
63# 0x0000555AD52C237A in <CONDA_ENV_PREFIX>/bin/python
----------
****

[20:26:22] UFFTYPER: Unrecognized atom type: S_5+6[20:26:22]  (2)
UFFTYPER: Unrecognized atom type: S_5+6 (2)
[20:26:22] UFFTYPER: Unrecognized atom type: S_5+6 (2)
[20:26:22] 

****
Pre-condition Violation
bad params pointer
Violation occurred on line 79 in file /home/conda/feedstock_root/build_artifacts/rdkit-meta_1745736747213/work/Code/ForceField/UFF/AngleBend.cpp
Failed Expression: at2Params
----------
Stacktrace:
 0# Invar::Invariant::toString[abi:cxx11]() const in <CONDA_ENV_PREFIX>/lib/python3.11/site-packages/rdkit/../../../libRDKitRDGeneral.so.1
 1# Invar::operator<<(std::ostream&, Invar::Invariant const&) in <CONDA_ENV_PREFIX>/lib/python3.11/site-packages/rdkit/../../../libRDKitRDGeneral.so.1
 2# ForceFields::UFF::AngleBendContrib::AngleBendContrib(ForceFields::ForceField*, unsigned int, unsigned int, unsigned int, double, double, ForceFields::UFF::AtomicParams const*, ForceFields::UFF::AtomicParams const*, ForceFields::UFF::AtomicParams const*, unsigned int) in <CONDA_ENV_PREFIX>/lib/python3.11/site-packages/rdkit/ForceField/../../../../libRDKitForceField.so.1
 3# RDKit::UFF::Tools::addTrigonalBipyramidAngles(RDKit::Atom const*, RDKit::ROMol const&, int, std::vector<ForceFields::UFF::AtomicParams const*, std::allocator<ForceFields::UFF::AtomicParams const*> > const&, ForceFields::ForceField*) in <CONDA_ENV_PREFIX>/lib/python3.11/site-packages/rdkit/ForceField/../../../../libRDKitForceFieldHelpers.so.1
 4# RDKit::UFF::Tools::addAngleSpecialCases(RDKit::ROMol const&, int, std::vector<ForceFields::UFF::AtomicParams const*, std::allocator<ForceFields::UFF::AtomicParams const*> > const&, ForceFields::ForceField*) in <CONDA_ENV_PREFIX>/lib/python3.11/site-packages/rdkit/ForceField/../../../../libRDKitForceFieldHelpers.so.1
 5# RDKit::UFF::constructForceField(RDKit::ROMol&, std::vector<ForceFields::UFF::AtomicParams const*, std::allocator<ForceFields::UFF::AtomicParams const*> > const&, double, int, bool) in <CONDA_ENV_PREFIX>/lib/python3.11/site-packages/rdkit/ForceField/../../../../libRDKitForceFieldHelpers.so.1
 6# RDKit::UFF::constructForceField(RDKit::ROMol&, double, int, bool) in <CONDA_ENV_PREFIX>/lib/python3.11/site-packages/rdkit/ForceField/../../../../libRDKitForceFieldHelpers.so.1
 7# RDKit::UFFHelper(RDKit::ROMol&, int, double, int, bool) in <CONDA_ENV_PREFIX>/lib/python3.11/site-packages/rdkit/Chem/rdForceFieldHelpers.so
 8# 0x00007FC9A746103D in <CONDA_ENV_PREFIX>/lib/python3.11/site-packages/rdkit/Chem/rdForceFieldHelpers.so
 9# boost::python::objects::function::call(_object*, _object*) const in <CONDA_ENV_PREFIX>/lib/python3.11/site-packages/rdkit/../../../libboost_python311.so.1.86.0
10# 0x00007FC9A93BA449 in <CONDA_ENV_PREFIX>/lib/python3.11/site-packages/rdkit/../../../libboost_python311.so.1.86.0
11# boost::python::detail::exception_handler::operator()(boost::function_n<void> const&) const in <CONDA_ENV_PREFIX>/lib/python3.11/site-packages/rdkit/../../../libboost_python311.so.1.86.0
12# 0x00007FC9A711AC04 in <CONDA_ENV_PREFIX>/lib/python3.11/site-packages/rdkit/Chem/rdSLNParse.so
13# 0x00007FC9A7508354 in <CONDA_ENV_PREFIX>/lib/python3.11/site-packages/rdkit/Chem/rdDepictor.so
14# 0x00007FC9A77A6DD4 in <CONDA_ENV_PREFIX>/lib/python3.11/site-packages/rdkit/Chem/rdChemReactions.so
15# 0x00007FC9A77A6E24 in <CONDA_ENV_PREFIX>/lib/python3.11/site-packages/rdkit/Chem/rdChemReactions.so
16# 0x00007FC9A791FB94 in <CONDA_ENV_PREFIX>/lib/python3.11/site-packages/rdkit/Chem/rdMolChemicalFeatures.so
17# 0x00007FC9A83979B4 in <CONDA_ENV_PREFIX>/lib/python3.11/site-packages/rdkit/Chem/rdmolfiles.so
18# 0x00007FC9A8397A04 in <CONDA_ENV_PREFIX>/lib/python3.11/site-packages/rdkit/Chem/rdmolfiles.so
19# 0x00007FC9A85B1B04 in <CONDA_ENV_PREFIX>/lib/python3.11/site-packages/rdkit/Chem/rdCIPLabeler.so
20# 0x00007FC9A8E86174 in <CONDA_ENV_PREFIX>/lib/python3.11/site-packages/rdkit/Chem/rdchem.so
21# 0x00007FC9A8E1AAAD in <CONDA_ENV_PREFIX>/lib/python3.11/site-packages/rdkit/Chem/rdchem.so
22# 0x00007FC9A8E1A6AD in <CONDA_ENV_PREFIX>/lib/python3.11/site-packages/rdkit/Chem/rdchem.so
23# 0x00007FC9A8E1A2AD in <CONDA_ENV_PREFIX>/lib/python3.11/site-packages/rdkit/Chem/rdchem.so
24# 0x00007FC9A8E19EAD in <CONDA_ENV_PREFIX>/lib/python3.11/site-packages/rdkit/Chem/rdchem.so
25# 0x00007FC9A8E19AAD in <CONDA_ENV_PREFIX>/lib/python3.11/site-packages/rdkit/Chem/rdchem.so
26# 0x00007FC9A948EE54 in <CONDA_ENV_PREFIX>/lib/python3.11/site-packages/rdkit/rdBase.so
27# 0x00007FC9A948EEA4 in <CONDA_ENV_PREFIX>/lib/python3.11/site-packages/rdkit/rdBase.so
28# 0x00007FC9A948EEF4 in <CONDA_ENV_PREFIX>/lib/python3.11/site-packages/rdkit/rdBase.so
29# 0x00007FC9A948EF44 in <CONDA_ENV_PREFIX>/lib/python3.11/site-packages/rdkit/rdBase.so
30# boost::python::handle_exception_impl(boost::function_n<void>) in <CONDA_ENV_PREFIX>/lib/python3.11/site-packages/rdkit/../../../libboost_python311.so.1.86.0
31# 0x00007FC9A93B79B3 in <CONDA_ENV_PREFIX>/lib/python3.11/site-packages/rdkit/../../../libboost_python311.so.1.86.0
32# _PyObject_MakeTpCall in <CONDA_ENV_PREFIX>/bin/python
33# _PyEval_EvalFrameDefault in <CONDA_ENV_PREFIX>/bin/python
34# _PyFunction_Vectorcall in <CONDA_ENV_PREFIX>/bin/python
35# 0x0000555AD5345C50 in <CONDA_ENV_PREFIX>/bin/python
36# 0x0000555AD525B745 in <CONDA_ENV_PREFIX>/bin/python
37# 0x0000555AD528C1AA in <CONDA_ENV_PREFIX>/bin/python
38# PyObject_Vectorcall in <CONDA_ENV_PREFIX>/bin/python
39# _PyEval_EvalFrameDefault in <CONDA_ENV_PREFIX>/bin/python
40# _PyFunction_Vectorcall in <CONDA_ENV_PREFIX>/bin/python
41# _PyEval_EvalFrameDefault in <CONDA_ENV_PREFIX>/bin/python
42# _PyFunction_Vectorcall in <CONDA_ENV_PREFIX>/bin/python
43# _PyEval_EvalFrameDefault in <CONDA_ENV_PREFIX>/bin/python
44# _PyFunction_Vectorcall in <CONDA_ENV_PREFIX>/bin/python
45# 0x0000555AD5247979 in <CONDA_ENV_PREFIX>/bin/python
46# _PyObject_MakeTpCall in <CONDA_ENV_PREFIX>/bin/python
47# _PyEval_EvalFrameDefault in <CONDA_ENV_PREFIX>/bin/python
48# _PyFunction_Vectorcall in <CONDA_ENV_PREFIX>/bin/python
49# 0x0000555AD5247A1D in <CONDA_ENV_PREFIX>/bin/python
50# _PyObject_MakeTpCall in <CONDA_ENV_PREFIX>/bin/python
51# _PyEval_EvalFrameDefault in <CONDA_ENV_PREFIX>/bin/python
52# 0x0000555AD52D2B0D in <CONDA_ENV_PREFIX>/bin/python
53# PyEval_EvalCode in <CONDA_ENV_PREFIX>/bin/python
54# 0x0000555AD52F01AA in <CONDA_ENV_PREFIX>/bin/python
55# 0x0000555AD52EBE33 in <CONDA_ENV_PREFIX>/bin/python
56# 0x0000555AD53013D0 in <CONDA_ENV_PREFIX>/bin/python
57# _PyRun_SimpleFileObject in <CONDA_ENV_PREFIX>/bin/python
58# _PyRun_AnyFileObject in <CONDA_ENV_PREFIX>/bin/python
59# Py_RunMain in <CONDA_ENV_PREFIX>/bin/python
60# Py_BytesMain in <CONDA_ENV_PREFIX>/bin/python
61# 0x00007FC9B803CD90 in /lib/x86_64-linux-gnu/libc.so.6
62# __libc_start_main in /lib/x86_64-linux-gnu/libc.so.6
63# 0x0000555AD52C237A in <CONDA_ENV_PREFIX>/bin/python
----------
****

[20:26:22] UFFTYPER: Unrecognized atom type: S_5+6 (2)
[20:26:22] 

****
Pre-condition Violation
bad params pointer
Violation occurred on line 79 in file /home/conda/feedstock_root/build_artifacts/rdkit-meta_1745736747213/work/Code/ForceField/UFF/AngleBend.cpp
Failed Expression: at2Params
----------
Stacktrace:
 0# Invar::Invariant::toString[abi:cxx11]() const in <CONDA_ENV_PREFIX>/lib/python3.11/site-packages/rdkit/../../../libRDKitRDGeneral.so.1
 1# Invar::operator<<(std::ostream&, Invar::Invariant const&) in <CONDA_ENV_PREFIX>/lib/python3.11/site-packages/rdkit/../../../libRDKitRDGeneral.so.1
 2# ForceFields::UFF::AngleBendContrib::AngleBendContrib(ForceFields::ForceField*, unsigned int, unsigned int, unsigned int, double, double, ForceFields::UFF::AtomicParams const*, ForceFields::UFF::AtomicParams const*, ForceFields::UFF::AtomicParams const*, unsigned int) in <CONDA_ENV_PREFIX>/lib/python3.11/site-packages/rdkit/ForceField/../../../../libRDKitForceField.so.1
 3# RDKit::UFF::Tools::addTrigonalBipyramidAngles(RDKit::Atom const*, RDKit::ROMol const&, int, std::vector<ForceFields::UFF::AtomicParams const*, std::allocator<ForceFields::UFF::AtomicParams const*> > const&, ForceFields::ForceField*) in <CONDA_ENV_PREFIX>/lib/python3.11/site-packages/rdkit/ForceField/../../../../libRDKitForceFieldHelpers.so.1
 4# RDKit::UFF::Tools::addAngleSpecialCases(RDKit::ROMol const&, int, std::vector<ForceFields::UFF::AtomicParams const*, std::allocator<ForceFields::UFF::AtomicParams const*> > const&, ForceFields::ForceField*) in <CONDA_ENV_PREFIX>/lib/python3.11/site-packages/rdkit/ForceField/../../../../libRDKitForceFieldHelpers.so.1
 5# RDKit::UFF::constructForceField(RDKit::ROMol&, std::vector<ForceFields::UFF::AtomicParams const*, std::allocator<ForceFields::UFF::AtomicParams const*> > const&, double, int, bool) in <CONDA_ENV_PREFIX>/lib/python3.11/site-packages/rdkit/ForceField/../../../../libRDKitForceFieldHelpers.so.1
 6# RDKit::UFF::constructForceField(RDKit::ROMol&, double, int, bool) in <CONDA_ENV_PREFIX>/lib/python3.11/site-packages/rdkit/ForceField/../../../../libRDKitForceFieldHelpers.so.1
 7# RDKit::UFFHelper(RDKit::ROMol&, int, double, int, bool) in <CONDA_ENV_PREFIX>/lib/python3.11/site-packages/rdkit/Chem/rdForceFieldHelpers.so
 8# 0x00007FC9A746103D in <CONDA_ENV_PREFIX>/lib/python3.11/site-packages/rdkit/Chem/rdForceFieldHelpers.so
 9# boost::python::objects::function::call(_object*, _object*) const in <CONDA_ENV_PREFIX>/lib/python3.11/site-packages/rdkit/../../../libboost_python311.so.1.86.0
10# 0x00007FC9A93BA449 in <CONDA_ENV_PREFIX>/lib/python3.11/site-packages/rdkit/../../../libboost_python311.so.1.86.0
11# boost::python::detail::exception_handler::operator()(boost::function_n<void> const&) const in <CONDA_ENV_PREFIX>/lib/python3.11/site-packages/rdkit/../../../libboost_python311.so.1.86.0
12# 0x00007FC9A711AC04 in <CONDA_ENV_PREFIX>/lib/python3.11/site-packages/rdkit/Chem/rdSLNParse.so
13# 0x00007FC9A7508354 in <CONDA_ENV_PREFIX>/lib/python3.11/site-packages/rdkit/Chem/rdDepictor.so
14# 0x00007FC9A77A6DD4 in <CONDA_ENV_PREFIX>/lib/python3.11/site-packages/rdkit/Chem/rdChemReactions.so
15# 0x00007FC9A77A6E24 in <CONDA_ENV_PREFIX>/lib/python3.11/site-packages/rdkit/Chem/rdChemReactions.so
16# 0x00007FC9A791FB94 in <CONDA_ENV_PREFIX>/lib/python3.11/site-packages/rdkit/Chem/rdMolChemicalFeatures.so
17# 0x00007FC9A83979B4 in <CONDA_ENV_PREFIX>/lib/python3.11/site-packages/rdkit/Chem/rdmolfiles.so
18# 0x00007FC9A8397A04 in <CONDA_ENV_PREFIX>/lib/python3.11/site-packages/rdkit/Chem/rdmolfiles.so
19# 0x00007FC9A85B1B04 in <CONDA_ENV_PREFIX>/lib/python3.11/site-packages/rdkit/Chem/rdCIPLabeler.so
20# 0x00007FC9A8E86174 in <CONDA_ENV_PREFIX>/lib/python3.11/site-packages/rdkit/Chem/rdchem.so
21# 0x00007FC9A8E1AAAD in <CONDA_ENV_PREFIX>/lib/python3.11/site-packages/rdkit/Chem/rdchem.so
22# 0x00007FC9A8E1A6AD in <CONDA_ENV_PREFIX>/lib/python3.11/site-packages/rdkit/Chem/rdchem.so
23# 0x00007FC9A8E1A2AD in <CONDA_ENV_PREFIX>/lib/python3.11/site-packages/rdkit/Chem/rdchem.so
24# 0x00007FC9A8E19EAD in <CONDA_ENV_PREFIX>/lib/python3.11/site-packages/rdkit/Chem/rdchem.so
25# 0x00007FC9A8E19AAD in <CONDA_ENV_PREFIX>/lib/python3.11/site-packages/rdkit/Chem/rdchem.so
26# 0x00007FC9A948EE54 in <CONDA_ENV_PREFIX>/lib/python3.11/site-packages/rdkit/rdBase.so
27# 0x00007FC9A948EEA4 in <CONDA_ENV_PREFIX>/lib/python3.11/site-packages/rdkit/rdBase.so
28# 0x00007FC9A948EEF4 in <CONDA_ENV_PREFIX>/lib/python3.11/site-packages/rdkit/rdBase.so
29# 0x00007FC9A948EF44 in <CONDA_ENV_PREFIX>/lib/python3.11/site-packages/rdkit/rdBase.so
30# boost::python::handle_exception_impl(boost::function_n<void>) in <CONDA_ENV_PREFIX>/lib/python3.11/site-packages/rdkit/../../../libboost_python311.so.1.86.0
31# 0x00007FC9A93B79B3 in <CONDA_ENV_PREFIX>/lib/python3.11/site-packages/rdkit/../../../libboost_python311.so.1.86.0
32# _PyObject_MakeTpCall in <CONDA_ENV_PREFIX>/bin/python
33# _PyEval_EvalFrameDefault in <CONDA_ENV_PREFIX>/bin/python
34# _PyFunction_Vectorcall in <CONDA_ENV_PREFIX>/bin/python
35# 0x0000555AD5345C50 in <CONDA_ENV_PREFIX>/bin/python
36# 0x0000555AD525B745 in <CONDA_ENV_PREFIX>/bin/python
37# 0x0000555AD528C1AA in <CONDA_ENV_PREFIX>/bin/python
38# PyObject_Vectorcall in <CONDA_ENV_PREFIX>/bin/python
39# _PyEval_EvalFrameDefault in <CONDA_ENV_PREFIX>/bin/python
40# _PyFunction_Vectorcall in <CONDA_ENV_PREFIX>/bin/python
41# _PyEval_EvalFrameDefault in <CONDA_ENV_PREFIX>/bin/python
42# _PyFunction_Vectorcall in <CONDA_ENV_PREFIX>/bin/python
43# _PyEval_EvalFrameDefault in <CONDA_ENV_PREFIX>/bin/python
44# _PyFunction_Vectorcall in <CONDA_ENV_PREFIX>/bin/python
45# 0x0000555AD5247979 in <CONDA_ENV_PREFIX>/bin/python
46# _PyObject_MakeTpCall in <CONDA_ENV_PREFIX>/bin/python
47# _PyEval_EvalFrameDefault in <CONDA_ENV_PREFIX>/bin/python
48# _PyFunction_Vectorcall in <CONDA_ENV_PREFIX>/bin/python
49# 0x0000555AD5247A1D in <CONDA_ENV_PREFIX>/bin/python
50# _PyObject_MakeTpCall in <CONDA_ENV_PREFIX>/bin/python
51# _PyEval_EvalFrameDefault in <CONDA_ENV_PREFIX>/bin/python
52# 0x0000555AD52D2B0D in <CONDA_ENV_PREFIX>/bin/python
53# PyEval_EvalCode in <CONDA_ENV_PREFIX>/bin/python
54# 0x0000555AD52F01AA in <CONDA_ENV_PREFIX>/bin/python
55# 0x0000555AD52EBE33 in <CONDA_ENV_PREFIX>/bin/python
56# 0x0000555AD53013D0 in <CONDA_ENV_PREFIX>/bin/python
57# _PyRun_SimpleFileObject in <CONDA_ENV_PREFIX>/bin/python
58# _PyRun_AnyFileObject in <CONDA_ENV_PREFIX>/bin/python
59# Py_RunMain in <CONDA_ENV_PREFIX>/bin/python
60# Py_BytesMain in <CONDA_ENV_PREFIX>/bin/python
61# 0x00007FC9B803CD90 in /lib/x86_64-linux-gnu/libc.so.6
62# __libc_start_main in /lib/x86_64-linux-gnu/libc.so.6
63# 0x0000555AD52C237A in <CONDA_ENV_PREFIX>/bin/python
----------
****

[20:26:24] UFFTYPER: Unrecognized atom type: S_5+6 (2)
[20:26:24] UFFTYPER: Unrecognized atom type: S_5+6 (2)
[20:26:24] UFFTYPER: Unrecognized atom type: S_5+6 (2)
[20:26:24] 

****
Pre-condition Violation
bad params pointer
Violation occurred on line 79 in file /home/conda/feedstock_root/build_artifacts/rdkit-meta_1745736747213/work/Code/ForceField/UFF/AngleBend.cpp
Failed Expression: at2Params
----------
Stacktrace:
 0# Invar::Invariant::toString[abi:cxx11]() const in <CONDA_ENV_PREFIX>/lib/python3.11/site-packages/rdkit/../../../libRDKitRDGeneral.so.1
 1# Invar::operator<<(std::ostream&, Invar::Invariant const&) in <CONDA_ENV_PREFIX>/lib/python3.11/site-packages/rdkit/../../../libRDKitRDGeneral.so.1
 2# ForceFields::UFF::AngleBendContrib::AngleBendContrib(ForceFields::ForceField*, unsigned int, unsigned int, unsigned int, double, double, ForceFields::UFF::AtomicParams const*, ForceFields::UFF::AtomicParams const*, ForceFields::UFF::AtomicParams const*, unsigned int) in <CONDA_ENV_PREFIX>/lib/python3.11/site-packages/rdkit/ForceField/../../../../libRDKitForceField.so.1
 3# RDKit::UFF::Tools::addTrigonalBipyramidAngles(RDKit::Atom const*, RDKit::ROMol const&, int, std::vector<ForceFields::UFF::AtomicParams const*, std::allocator<ForceFields::UFF::AtomicParams const*> > const&, ForceFields::ForceField*) in <CONDA_ENV_PREFIX>/lib/python3.11/site-packages/rdkit/ForceField/../../../../libRDKitForceFieldHelpers.so.1
 4# RDKit::UFF::Tools::addAngleSpecialCases(RDKit::ROMol const&, int, std::vector<ForceFields::UFF::AtomicParams const*, std::allocator<ForceFields::UFF::AtomicParams const*> > const&, ForceFields::ForceField*) in <CONDA_ENV_PREFIX>/lib/python3.11/site-packages/rdkit/ForceField/../../../../libRDKitForceFieldHelpers.so.1
 5# RDKit::UFF::constructForceField(RDKit::ROMol&, std::vector<ForceFields::UFF::AtomicParams const*, std::allocator<ForceFields::UFF::AtomicParams const*> > const&, double, int, bool) in <CONDA_ENV_PREFIX>/lib/python3.11/site-packages/rdkit/ForceField/../../../../libRDKitForceFieldHelpers.so.1
 6# RDKit::UFF::constructForceField(RDKit::ROMol&, double, int, bool) in <CONDA_ENV_PREFIX>/lib/python3.11/site-packages/rdkit/ForceField/../../../../libRDKitForceFieldHelpers.so.1
 7# RDKit::UFFHelper(RDKit::ROMol&, int, double, int, bool) in <CONDA_ENV_PREFIX>/lib/python3.11/site-packages/rdkit/Chem/rdForceFieldHelpers.so
 8# 0x00007FC9A746103D in <CONDA_ENV_PREFIX>/lib/python3.11/site-packages/rdkit/Chem/rdForceFieldHelpers.so
 9# boost::python::objects::function::call(_object*, _object*) const in <CONDA_ENV_PREFIX>/lib/python3.11/site-packages/rdkit/../../../libboost_python311.so.1.86.0
10# 0x00007FC9A93BA449 in <CONDA_ENV_PREFIX>/lib/python3.11/site-packages/rdkit/../../../libboost_python311.so.1.86.0
11# boost::python::detail::exception_handler::operator()(boost::function_n<void> const&) const in <CONDA_ENV_PREFIX>/lib/python3.11/site-packages/rdkit/../../../libboost_python311.so.1.86.0
12# 0x00007FC9A711AC04 in <CONDA_ENV_PREFIX>/lib/python3.11/site-packages/rdkit/Chem/rdSLNParse.so
13# 0x00007FC9A7508354 in <CONDA_ENV_PREFIX>/lib/python3.11/site-packages/rdkit/Chem/rdDepictor.so
14# 0x00007FC9A77A6DD4 in <CONDA_ENV_PREFIX>/lib/python3.11/site-packages/rdkit/Chem/rdChemReactions.so
15# 0x00007FC9A77A6E24 in <CONDA_ENV_PREFIX>/lib/python3.11/site-packages/rdkit/Chem/rdChemReactions.so
16# 0x00007FC9A791FB94 in <CONDA_ENV_PREFIX>/lib/python3.11/site-packages/rdkit/Chem/rdMolChemicalFeatures.so
17# 0x00007FC9A83979B4 in <CONDA_ENV_PREFIX>/lib/python3.11/site-packages/rdkit/Chem/rdmolfiles.so
18# 0x00007FC9A8397A04 in <CONDA_ENV_PREFIX>/lib/python3.11/site-packages/rdkit/Chem/rdmolfiles.so
19# 0x00007FC9A85B1B04 in <CONDA_ENV_PREFIX>/lib/python3.11/site-packages/rdkit/Chem/rdCIPLabeler.so
20# 0x00007FC9A8E86174 in <CONDA_ENV_PREFIX>/lib/python3.11/site-packages/rdkit/Chem/rdchem.so
21# 0x00007FC9A8E1AAAD in <CONDA_ENV_PREFIX>/lib/python3.11/site-packages/rdkit/Chem/rdchem.so
22# 0x00007FC9A8E1A6AD in <CONDA_ENV_PREFIX>/lib/python3.11/site-packages/rdkit/Chem/rdchem.so
23# 0x00007FC9A8E1A2AD in <CONDA_ENV_PREFIX>/lib/python3.11/site-packages/rdkit/Chem/rdchem.so
24# 0x00007FC9A8E19EAD in <CONDA_ENV_PREFIX>/lib/python3.11/site-packages/rdkit/Chem/rdchem.so
25# 0x00007FC9A8E19AAD in <CONDA_ENV_PREFIX>/lib/python3.11/site-packages/rdkit/Chem/rdchem.so
26# 0x00007FC9A948EE54 in <CONDA_ENV_PREFIX>/lib/python3.11/site-packages/rdkit/rdBase.so
27# 0x00007FC9A948EEA4 in <CONDA_ENV_PREFIX>/lib/python3.11/site-packages/rdkit/rdBase.so
28# 0x00007FC9A948EEF4 in <CONDA_ENV_PREFIX>/lib/python3.11/site-packages/rdkit/rdBase.so
29# 0x00007FC9A948EF44 in <CONDA_ENV_PREFIX>/lib/python3.11/site-packages/rdkit/rdBase.so
30# boost::python::handle_exception_impl(boost::function_n<void>) in <CONDA_ENV_PREFIX>/lib/python3.11/site-packages/rdkit/../../../libboost_python311.so.1.86.0
31# 0x00007FC9A93B79B3 in <CONDA_ENV_PREFIX>/lib/python3.11/site-packages/rdkit/../../../libboost_python311.so.1.86.0
32# _PyObject_MakeTpCall in <CONDA_ENV_PREFIX>/bin/python
33# _PyEval_EvalFrameDefault in <CONDA_ENV_PREFIX>/bin/python
34# _PyFunction_Vectorcall in <CONDA_ENV_PREFIX>/bin/python
35# 0x0000555AD5345C50 in <CONDA_ENV_PREFIX>/bin/python
36# 0x0000555AD525B745 in <CONDA_ENV_PREFIX>/bin/python
37# 0x0000555AD528C1AA in <CONDA_ENV_PREFIX>/bin/python
38# PyObject_Vectorcall in <CONDA_ENV_PREFIX>/bin/python
39# _PyEval_EvalFrameDefault in <CONDA_ENV_PREFIX>/bin/python
40# _PyFunction_Vectorcall in <CONDA_ENV_PREFIX>/bin/python
41# _PyEval_EvalFrameDefault in <CONDA_ENV_PREFIX>/bin/python
42# _PyFunction_Vectorcall in <CONDA_ENV_PREFIX>/bin/python
43# _PyEval_EvalFrameDefault in <CONDA_ENV_PREFIX>/bin/python
44# _PyFunction_Vectorcall in <CONDA_ENV_PREFIX>/bin/python
45# 0x0000555AD5247979 in <CONDA_ENV_PREFIX>/bin/python
46# _PyObject_MakeTpCall in <CONDA_ENV_PREFIX>/bin/python
47# _PyEval_EvalFrameDefault in <CONDA_ENV_PREFIX>/bin/python
48# _PyFunction_Vectorcall in <CONDA_ENV_PREFIX>/bin/python
49# 0x0000555AD5247A1D in <CONDA_ENV_PREFIX>/bin/python
50# _PyObject_MakeTpCall in <CONDA_ENV_PREFIX>/bin/python
51# _PyEval_EvalFrameDefault in <CONDA_ENV_PREFIX>/bin/python
52# 0x0000555AD52D2B0D in <CONDA_ENV_PREFIX>/bin/python
53# PyEval_EvalCode in <CONDA_ENV_PREFIX>/bin/python
54# 0x0000555AD52F01AA in <CONDA_ENV_PREFIX>/bin/python
55# 0x0000555AD52EBE33 in <CONDA_ENV_PREFIX>/bin/python
56# 0x0000555AD53013D0 in <CONDA_ENV_PREFIX>/bin/python
57# _PyRun_SimpleFileObject in <CONDA_ENV_PREFIX>/bin/python
58# _PyRun_AnyFileObject in <CONDA_ENV_PREFIX>/bin/python
59# Py_RunMain in <CONDA_ENV_PREFIX>/bin/python
60# Py_BytesMain in <CONDA_ENV_PREFIX>/bin/python
61# 0x00007FC9B803CD90 in /lib/x86_64-linux-gnu/libc.so.6
62# __libc_start_main in /lib/x86_64-linux-gnu/libc.so.6
63# 0x0000555AD52C237A in <CONDA_ENV_PREFIX>/bin/python
----------
****

[20:26:24] UFFTYPER: Unrecognized atom type: S_5+6 (2)
[20:26:24] 

****
Pre-condition Violation
bad params pointer
Violation occurred on line 79 in file /home/conda/feedstock_root/build_artifacts/rdkit-meta_1745736747213/work/Code/ForceField/UFF/AngleBend.cpp
Failed Expression: at2Params
----------
Stacktrace:
 0# Invar::Invariant::toString[abi:cxx11]() const in <CONDA_ENV_PREFIX>/lib/python3.11/site-packages/rdkit/../../../libRDKitRDGeneral.so.1
 1# Invar::operator<<(std::ostream&, Invar::Invariant const&) in <CONDA_ENV_PREFIX>/lib/python3.11/site-packages/rdkit/../../../libRDKitRDGeneral.so.1
 2# ForceFields::UFF::AngleBendContrib::AngleBendContrib(ForceFields::ForceField*, unsigned int, unsigned int, unsigned int, double, double, ForceFields::UFF::AtomicParams const*, ForceFields::UFF::AtomicParams const*, ForceFields::UFF::AtomicParams const*, unsigned int) in <CONDA_ENV_PREFIX>/lib/python3.11/site-packages/rdkit/ForceField/../../../../libRDKitForceField.so.1
 3# RDKit::UFF::Tools::addTrigonalBipyramidAngles(RDKit::Atom const*, RDKit::ROMol const&, int, std::vector<ForceFields::UFF::AtomicParams const*, std::allocator<ForceFields::UFF::AtomicParams const*> > const&, ForceFields::ForceField*) in <CONDA_ENV_PREFIX>/lib/python3.11/site-packages/rdkit/ForceField/../../../../libRDKitForceFieldHelpers.so.1
 4# RDKit::UFF::Tools::addAngleSpecialCases(RDKit::ROMol const&, int, std::vector<ForceFields::UFF::AtomicParams const*, std::allocator<ForceFields::UFF::AtomicParams const*> > const&, ForceFields::ForceField*) in <CONDA_ENV_PREFIX>/lib/python3.11/site-packages/rdkit/ForceField/../../../../libRDKitForceFieldHelpers.so.1
 5# RDKit::UFF::constructForceField(RDKit::ROMol&, std::vector<ForceFields::UFF::AtomicParams const*, std::allocator<ForceFields::UFF::AtomicParams const*> > const&, double, int, bool) in <CONDA_ENV_PREFIX>/lib/python3.11/site-packages/rdkit/ForceField/../../../../libRDKitForceFieldHelpers.so.1
 6# RDKit::UFF::constructForceField(RDKit::ROMol&, double, int, bool) in <CONDA_ENV_PREFIX>/lib/python3.11/site-packages/rdkit/ForceField/../../../../libRDKitForceFieldHelpers.so.1
 7# RDKit::UFFHelper(RDKit::ROMol&, int, double, int, bool) in <CONDA_ENV_PREFIX>/lib/python3.11/site-packages/rdkit/Chem/rdForceFieldHelpers.so
 8# 0x00007FC9A746103D in <CONDA_ENV_PREFIX>/lib/python3.11/site-packages/rdkit/Chem/rdForceFieldHelpers.so
 9# boost::python::objects::function::call(_object*, _object*) const in <CONDA_ENV_PREFIX>/lib/python3.11/site-packages/rdkit/../../../libboost_python311.so.1.86.0
10# 0x00007FC9A93BA449 in <CONDA_ENV_PREFIX>/lib/python3.11/site-packages/rdkit/../../../libboost_python311.so.1.86.0
11# boost::python::detail::exception_handler::operator()(boost::function_n<void> const&) const in <CONDA_ENV_PREFIX>/lib/python3.11/site-packages/rdkit/../../../libboost_python311.so.1.86.0
12# 0x00007FC9A711AC04 in <CONDA_ENV_PREFIX>/lib/python3.11/site-packages/rdkit/Chem/rdSLNParse.so
13# 0x00007FC9A7508354 in <CONDA_ENV_PREFIX>/lib/python3.11/site-packages/rdkit/Chem/rdDepictor.so
14# 0x00007FC9A77A6DD4 in <CONDA_ENV_PREFIX>/lib/python3.11/site-packages/rdkit/Chem/rdChemReactions.so
15# 0x00007FC9A77A6E24 in <CONDA_ENV_PREFIX>/lib/python3.11/site-packages/rdkit/Chem/rdChemReactions.so
16# 0x00007FC9A791FB94 in <CONDA_ENV_PREFIX>/lib/python3.11/site-packages/rdkit/Chem/rdMolChemicalFeatures.so
17# 0x00007FC9A83979B4 in <CONDA_ENV_PREFIX>/lib/python3.11/site-packages/rdkit/Chem/rdmolfiles.so
18# 0x00007FC9A8397A04 in <CONDA_ENV_PREFIX>/lib/python3.11/site-packages/rdkit/Chem/rdmolfiles.so
19# 0x00007FC9A85B1B04 in <CONDA_ENV_PREFIX>/lib/python3.11/site-packages/rdkit/Chem/rdCIPLabeler.so
20# 0x00007FC9A8E86174 in <CONDA_ENV_PREFIX>/lib/python3.11/site-packages/rdkit/Chem/rdchem.so
21# 0x00007FC9A8E1AAAD in <CONDA_ENV_PREFIX>/lib/python3.11/site-packages/rdkit/Chem/rdchem.so
22# 0x00007FC9A8E1A6AD in <CONDA_ENV_PREFIX>/lib/python3.11/site-packages/rdkit/Chem/rdchem.so
23# 0x00007FC9A8E1A2AD in <CONDA_ENV_PREFIX>/lib/python3.11/site-packages/rdkit/Chem/rdchem.so
24# 0x00007FC9A8E19EAD in <CONDA_ENV_PREFIX>/lib/python3.11/site-packages/rdkit/Chem/rdchem.so
25# 0x00007FC9A8E19AAD in <CONDA_ENV_PREFIX>/lib/python3.11/site-packages/rdkit/Chem/rdchem.so
26# 0x00007FC9A948EE54 in <CONDA_ENV_PREFIX>/lib/python3.11/site-packages/rdkit/rdBase.so
27# 0x00007FC9A948EEA4 in <CONDA_ENV_PREFIX>/lib/python3.11/site-packages/rdkit/rdBase.so
28# 0x00007FC9A948EEF4 in <CONDA_ENV_PREFIX>/lib/python3.11/site-packages/rdkit/rdBase.so
29# 0x00007FC9A948EF44 in <CONDA_ENV_PREFIX>/lib/python3.11/site-packages/rdkit/rdBase.so
30# boost::python::handle_exception_impl(boost::function_n<void>) in <CONDA_ENV_PREFIX>/lib/python3.11/site-packages/rdkit/../../../libboost_python311.so.1.86.0
31# 0x00007FC9A93B79B3 in <CONDA_ENV_PREFIX>/lib/python3.11/site-packages/rdkit/../../../libboost_python311.so.1.86.0
32# _PyObject_MakeTpCall in <CONDA_ENV_PREFIX>/bin/python
33# _PyEval_EvalFrameDefault in <CONDA_ENV_PREFIX>/bin/python
34# _PyFunction_Vectorcall in <CONDA_ENV_PREFIX>/bin/python
35# 0x0000555AD5345C50 in <CONDA_ENV_PREFIX>/bin/python
36# 0x0000555AD525B745 in <CONDA_ENV_PREFIX>/bin/python
37# 0x0000555AD528C1AA in <CONDA_ENV_PREFIX>/bin/python
38# PyObject_Vectorcall in <CONDA_ENV_PREFIX>/bin/python
39# _PyEval_EvalFrameDefault in <CONDA_ENV_PREFIX>/bin/python
40# _PyFunction_Vectorcall in <CONDA_ENV_PREFIX>/bin/python
41# _PyEval_EvalFrameDefault in <CONDA_ENV_PREFIX>/bin/python
42# _PyFunction_Vectorcall in <CONDA_ENV_PREFIX>/bin/python
43# _PyEval_EvalFrameDefault in <CONDA_ENV_PREFIX>/bin/python
44# _PyFunction_Vectorcall in <CONDA_ENV_PREFIX>/bin/python
45# 0x0000555AD5247979 in <CONDA_ENV_PREFIX>/bin/python
46# _PyObject_MakeTpCall in <CONDA_ENV_PREFIX>/bin/python
47# _PyEval_EvalFrameDefault in <CONDA_ENV_PREFIX>/bin/python
48# _PyFunction_Vectorcall in <CONDA_ENV_PREFIX>/bin/python
49# 0x0000555AD5247A1D in <CONDA_ENV_PREFIX>/bin/python
50# _PyObject_MakeTpCall in <CONDA_ENV_PREFIX>/bin/python
51# _PyEval_EvalFrameDefault in <CONDA_ENV_PREFIX>/bin/python
52# 0x0000555AD52D2B0D in <CONDA_ENV_PREFIX>/bin/python
53# PyEval_EvalCode in <CONDA_ENV_PREFIX>/bin/python
54# 0x0000555AD52F01AA in <CONDA_ENV_PREFIX>/bin/python
55# 0x0000555AD52EBE33 in <CONDA_ENV_PREFIX>/bin/python
56# 0x0000555AD53013D0 in <CONDA_ENV_PREFIX>/bin/python
57# _PyRun_SimpleFileObject in <CONDA_ENV_PREFIX>/bin/python
58# _PyRun_AnyFileObject in <CONDA_ENV_PREFIX>/bin/python
59# Py_RunMain in <CONDA_ENV_PREFIX>/bin/python
60# Py_BytesMain in <CONDA_ENV_PREFIX>/bin/python
61# 0x00007FC9B803CD90 in /lib/x86_64-linux-gnu/libc.so.6
62# __libc_start_main in /lib/x86_64-linux-gnu/libc.so.6
63# 0x0000555AD52C237A in <CONDA_ENV_PREFIX>/bin/python
----------
****

[20:26:25] UFFTYPER: Unrecognized atom type: S_5+6 (2)
[20:26:25] UFFTYPER: Unrecognized atom type: S_5+6 (2)
[20:26:25] 

****
Pre-condition Violation
bad params pointer
Violation occurred on line 79 in file /home/conda/feedstock_root/build_artifacts/rdkit-meta_1745736747213/work/Code/ForceField/UFF/AngleBend.cpp
Failed Expression: at2Params
----------
Stacktrace:
 0# Invar::Invariant::toString[abi:cxx11]() const in <CONDA_ENV_PREFIX>/lib/python3.11/site-packages/rdkit/../../../libRDKitRDGeneral.so.1
 1# Invar::operator<<(std::ostream&, Invar::Invariant const&) in <CONDA_ENV_PREFIX>/lib/python3.11/site-packages/rdkit/../../../libRDKitRDGeneral.so.1
 2# ForceFields::UFF::AngleBendContrib::AngleBendContrib(ForceFields::ForceField*, unsigned int, unsigned int, unsigned int, double, double, ForceFields::UFF::AtomicParams const*, ForceFields::UFF::AtomicParams const*, ForceFields::UFF::AtomicParams const*, unsigned int) in <CONDA_ENV_PREFIX>/lib/python3.11/site-packages/rdkit/ForceField/../../../../libRDKitForceField.so.1
 3# RDKit::UFF::Tools::addTrigonalBipyramidAngles(RDKit::Atom const*, RDKit::ROMol const&, int, std::vector<ForceFields::UFF::AtomicParams const*, std::allocator<ForceFields::UFF::AtomicParams const*> > const&, ForceFields::ForceField*) in <CONDA_ENV_PREFIX>/lib/python3.11/site-packages/rdkit/ForceField/../../../../libRDKitForceFieldHelpers.so.1
 4# RDKit::UFF::Tools::addAngleSpecialCases(RDKit::ROMol const&, int, std::vector<ForceFields::UFF::AtomicParams const*, std::allocator<ForceFields::UFF::AtomicParams const*> > const&, ForceFields::ForceField*) in <CONDA_ENV_PREFIX>/lib/python3.11/site-packages/rdkit/ForceField/../../../../libRDKitForceFieldHelpers.so.1
 5# RDKit::UFF::constructForceField(RDKit::ROMol&, std::vector<ForceFields::UFF::AtomicParams const*, std::allocator<ForceFields::UFF::AtomicParams const*> > const&, double, int, bool) in <CONDA_ENV_PREFIX>/lib/python3.11/site-packages/rdkit/ForceField/../../../../libRDKitForceFieldHelpers.so.1
 6# RDKit::UFF::constructForceField(RDKit::ROMol&, double, int, bool) in <CONDA_ENV_PREFIX>/lib/python3.11/site-packages/rdkit/ForceField/../../../../libRDKitForceFieldHelpers.so.1
 7# RDKit::UFFHelper(RDKit::ROMol&, int, double, int, bool) in <CONDA_ENV_PREFIX>/lib/python3.11/site-packages/rdkit/Chem/rdForceFieldHelpers.so
 8# 0x00007FC9A746103D in <CONDA_ENV_PREFIX>/lib/python3.11/site-packages/rdkit/Chem/rdForceFieldHelpers.so
 9# boost::python::objects::function::call(_object*, _object*) const in <CONDA_ENV_PREFIX>/lib/python3.11/site-packages/rdkit/../../../libboost_python311.so.1.86.0
10# 0x00007FC9A93BA449 in <CONDA_ENV_PREFIX>/lib/python3.11/site-packages/rdkit/../../../libboost_python311.so.1.86.0
11# boost::python::detail::exception_handler::operator()(boost::function_n<void> const&) const in <CONDA_ENV_PREFIX>/lib/python3.11/site-packages/rdkit/../../../libboost_python311.so.1.86.0
12# 0x00007FC9A711AC04 in <CONDA_ENV_PREFIX>/lib/python3.11/site-packages/rdkit/Chem/rdSLNParse.so
13# 0x00007FC9A7508354 in <CONDA_ENV_PREFIX>/lib/python3.11/site-packages/rdkit/Chem/rdDepictor.so
14# 0x00007FC9A77A6DD4 in <CONDA_ENV_PREFIX>/lib/python3.11/site-packages/rdkit/Chem/rdChemReactions.so
15# 0x00007FC9A77A6E24 in <CONDA_ENV_PREFIX>/lib/python3.11/site-packages/rdkit/Chem/rdChemReactions.so
16# 0x00007FC9A791FB94 in <CONDA_ENV_PREFIX>/lib/python3.11/site-packages/rdkit/Chem/rdMolChemicalFeatures.so
17# 0x00007FC9A83979B4 in <CONDA_ENV_PREFIX>/lib/python3.11/site-packages/rdkit/Chem/rdmolfiles.so
18# 0x00007FC9A8397A04 in <CONDA_ENV_PREFIX>/lib/python3.11/site-packages/rdkit/Chem/rdmolfiles.so
19# 0x00007FC9A85B1B04 in <CONDA_ENV_PREFIX>/lib/python3.11/site-packages/rdkit/Chem/rdCIPLabeler.so
20# 0x00007FC9A8E86174 in <CONDA_ENV_PREFIX>/lib/python3.11/site-packages/rdkit/Chem/rdchem.so
21# 0x00007FC9A8E1AAAD in <CONDA_ENV_PREFIX>/lib/python3.11/site-packages/rdkit/Chem/rdchem.so
22# 0x00007FC9A8E1A6AD in <CONDA_ENV_PREFIX>/lib/python3.11/site-packages/rdkit/Chem/rdchem.so
23# 0x00007FC9A8E1A2AD in <CONDA_ENV_PREFIX>/lib/python3.11/site-packages/rdkit/Chem/rdchem.so
24# 0x00007FC9A8E19EAD in <CONDA_ENV_PREFIX>/lib/python3.11/site-packages/rdkit/Chem/rdchem.so
25# 0x00007FC9A8E19AAD in <CONDA_ENV_PREFIX>/lib/python3.11/site-packages/rdkit/Chem/rdchem.so
26# 0x00007FC9A948EE54 in <CONDA_ENV_PREFIX>/lib/python3.11/site-packages/rdkit/rdBase.so
27# 0x00007FC9A948EEA4 in <CONDA_ENV_PREFIX>/lib/python3.11/site-packages/rdkit/rdBase.so
28# 0x00007FC9A948EEF4 in <CONDA_ENV_PREFIX>/lib/python3.11/site-packages/rdkit/rdBase.so
29# 0x00007FC9A948EF44 in <CONDA_ENV_PREFIX>/lib/python3.11/site-packages/rdkit/rdBase.so
30# boost::python::handle_exception_impl(boost::function_n<void>) in <CONDA_ENV_PREFIX>/lib/python3.11/site-packages/rdkit/../../../libboost_python311.so.1.86.0
31# 0x00007FC9A93B79B3 in <CONDA_ENV_PREFIX>/lib/python3.11/site-packages/rdkit/../../../libboost_python311.so.1.86.0
32# _PyObject_MakeTpCall in <CONDA_ENV_PREFIX>/bin/python
33# _PyEval_EvalFrameDefault in <CONDA_ENV_PREFIX>/bin/python
34# _PyFunction_Vectorcall in <CONDA_ENV_PREFIX>/bin/python
35# 0x0000555AD5345C50 in <CONDA_ENV_PREFIX>/bin/python
36# 0x0000555AD525B745 in <CONDA_ENV_PREFIX>/bin/python
37# 0x0000555AD528C1AA in <CONDA_ENV_PREFIX>/bin/python
38# PyObject_Vectorcall in <CONDA_ENV_PREFIX>/bin/python
39# _PyEval_EvalFrameDefault in <CONDA_ENV_PREFIX>/bin/python
40# _PyFunction_Vectorcall in <CONDA_ENV_PREFIX>/bin/python
41# _PyEval_EvalFrameDefault in <CONDA_ENV_PREFIX>/bin/python
42# _PyFunction_Vectorcall in <CONDA_ENV_PREFIX>/bin/python
43# _PyEval_EvalFrameDefault in <CONDA_ENV_PREFIX>/bin/python
44# _PyFunction_Vectorcall in <CONDA_ENV_PREFIX>/bin/python
45# 0x0000555AD5247979 in <CONDA_ENV_PREFIX>/bin/python
46# _PyObject_MakeTpCall in <CONDA_ENV_PREFIX>/bin/python
47# _PyEval_EvalFrameDefault in <CONDA_ENV_PREFIX>/bin/python
48# _PyFunction_Vectorcall in <CONDA_ENV_PREFIX>/bin/python
49# 0x0000555AD5247A1D in <CONDA_ENV_PREFIX>/bin/python
50# _PyObject_MakeTpCall in <CONDA_ENV_PREFIX>/bin/python
51# _PyEval_EvalFrameDefault in <CONDA_ENV_PREFIX>/bin/python
52# 0x0000555AD52D2B0D in <CONDA_ENV_PREFIX>/bin/python
53# PyEval_EvalCode in <CONDA_ENV_PREFIX>/bin/python
54# 0x0000555AD52F01AA in <CONDA_ENV_PREFIX>/bin/python
55# 0x0000555AD52EBE33 in <CONDA_ENV_PREFIX>/bin/python
56# 0x0000555AD53013D0 in <CONDA_ENV_PREFIX>/bin/python
57# _PyRun_SimpleFileObject in <CONDA_ENV_PREFIX>/bin/python
58# _PyRun_AnyFileObject in <CONDA_ENV_PREFIX>/bin/python
59# Py_RunMain in <CONDA_ENV_PREFIX>/bin/python
60# Py_BytesMain in <CONDA_ENV_PREFIX>/bin/python
61# 0x00007FC9B803CD90 in /lib/x86_64-linux-gnu/libc.so.6
62# __libc_start_main in /lib/x86_64-linux-gnu/libc.so.6
63# 0x0000555AD52C237A in <CONDA_ENV_PREFIX>/bin/python
----------
****

[20:26:25] UFFTYPER: Unrecognized atom type: S_5+6 (2)
[20:26:25] UFFTYPER: Unrecognized atom type: S_5+6 (2)
[20:26:25] 

****
Pre-condition Violation
bad params pointer
Violation occurred on line 79 in file /home/conda/feedstock_root/build_artifacts/rdkit-meta_1745736747213/work/Code/ForceField/UFF/AngleBend.cpp
Failed Expression: at2Params
----------
Stacktrace:
 0# Invar::Invariant::toString[abi:cxx11]() const in <CONDA_ENV_PREFIX>/lib/python3.11/site-packages/rdkit/../../../libRDKitRDGeneral.so.1
 1# Invar::operator<<(std::ostream&, Invar::Invariant const&) in <CONDA_ENV_PREFIX>/lib/python3.11/site-packages/rdkit/../../../libRDKitRDGeneral.so.1
 2# ForceFields::UFF::AngleBendContrib::AngleBendContrib(ForceFields::ForceField*, unsigned int, unsigned int, unsigned int, double, double, ForceFields::UFF::AtomicParams const*, ForceFields::UFF::AtomicParams const*, ForceFields::UFF::AtomicParams const*, unsigned int) in <CONDA_ENV_PREFIX>/lib/python3.11/site-packages/rdkit/ForceField/../../../../libRDKitForceField.so.1
 3# RDKit::UFF::Tools::addTrigonalBipyramidAngles(RDKit::Atom const*, RDKit::ROMol const&, int, std::vector<ForceFields::UFF::AtomicParams const*, std::allocator<ForceFields::UFF::AtomicParams const*> > const&, ForceFields::ForceField*) in <CONDA_ENV_PREFIX>/lib/python3.11/site-packages/rdkit/ForceField/../../../../libRDKitForceFieldHelpers.so.1
 4# RDKit::UFF::Tools::addAngleSpecialCases(RDKit::ROMol const&, int, std::vector<ForceFields::UFF::AtomicParams const*, std::allocator<ForceFields::UFF::AtomicParams const*> > const&, ForceFields::ForceField*) in <CONDA_ENV_PREFIX>/lib/python3.11/site-packages/rdkit/ForceField/../../../../libRDKitForceFieldHelpers.so.1
 5# RDKit::UFF::constructForceField(RDKit::ROMol&, std::vector<ForceFields::UFF::AtomicParams const*, std::allocator<ForceFields::UFF::AtomicParams const*> > const&, double, int, bool) in <CONDA_ENV_PREFIX>/lib/python3.11/site-packages/rdkit/ForceField/../../../../libRDKitForceFieldHelpers.so.1
 6# RDKit::UFF::constructForceField(RDKit::ROMol&, double, int, bool) in <CONDA_ENV_PREFIX>/lib/python3.11/site-packages/rdkit/ForceField/../../../../libRDKitForceFieldHelpers.so.1
 7# RDKit::UFFHelper(RDKit::ROMol&, int, double, int, bool) in <CONDA_ENV_PREFIX>/lib/python3.11/site-packages/rdkit/Chem/rdForceFieldHelpers.so
 8# 0x00007FC9A746103D in <CONDA_ENV_PREFIX>/lib/python3.11/site-packages/rdkit/Chem/rdForceFieldHelpers.so
 9# boost::python::objects::function::call(_object*, _object*) const in <CONDA_ENV_PREFIX>/lib/python3.11/site-packages/rdkit/../../../libboost_python311.so.1.86.0
10# 0x00007FC9A93BA449 in <CONDA_ENV_PREFIX>/lib/python3.11/site-packages/rdkit/../../../libboost_python311.so.1.86.0
11# boost::python::detail::exception_handler::operator()(boost::function_n<void> const&) const in <CONDA_ENV_PREFIX>/lib/python3.11/site-packages/rdkit/../../../libboost_python311.so.1.86.0
12# 0x00007FC9A711AC04 in <CONDA_ENV_PREFIX>/lib/python3.11/site-packages/rdkit/Chem/rdSLNParse.so
13# 0x00007FC9A7508354 in <CONDA_ENV_PREFIX>/lib/python3.11/site-packages/rdkit/Chem/rdDepictor.so
14# 0x00007FC9A77A6DD4 in <CONDA_ENV_PREFIX>/lib/python3.11/site-packages/rdkit/Chem/rdChemReactions.so
15# 0x00007FC9A77A6E24 in <CONDA_ENV_PREFIX>/lib/python3.11/site-packages/rdkit/Chem/rdChemReactions.so
16# 0x00007FC9A791FB94 in <CONDA_ENV_PREFIX>/lib/python3.11/site-packages/rdkit/Chem/rdMolChemicalFeatures.so
17# 0x00007FC9A83979B4 in <CONDA_ENV_PREFIX>/lib/python3.11/site-packages/rdkit/Chem/rdmolfiles.so
18# 0x00007FC9A8397A04 in <CONDA_ENV_PREFIX>/lib/python3.11/site-packages/rdkit/Chem/rdmolfiles.so
19# 0x00007FC9A85B1B04 in <CONDA_ENV_PREFIX>/lib/python3.11/site-packages/rdkit/Chem/rdCIPLabeler.so
20# 0x00007FC9A8E86174 in <CONDA_ENV_PREFIX>/lib/python3.11/site-packages/rdkit/Chem/rdchem.so
21# 0x00007FC9A8E1AAAD in <CONDA_ENV_PREFIX>/lib/python3.11/site-packages/rdkit/Chem/rdchem.so
22# 0x00007FC9A8E1A6AD in <CONDA_ENV_PREFIX>/lib/python3.11/site-packages/rdkit/Chem/rdchem.so
23# 0x00007FC9A8E1A2AD in <CONDA_ENV_PREFIX>/lib/python3.11/site-packages/rdkit/Chem/rdchem.so
24# 0x00007FC9A8E19EAD in <CONDA_ENV_PREFIX>/lib/python3.11/site-packages/rdkit/Chem/rdchem.so
25# 0x00007FC9A8E19AAD in <CONDA_ENV_PREFIX>/lib/python3.11/site-packages/rdkit/Chem/rdchem.so
26# 0x00007FC9A948EE54 in <CONDA_ENV_PREFIX>/lib/python3.11/site-packages/rdkit/rdBase.so
27# 0x00007FC9A948EEA4 in <CONDA_ENV_PREFIX>/lib/python3.11/site-packages/rdkit/rdBase.so
28# 0x00007FC9A948EEF4 in <CONDA_ENV_PREFIX>/lib/python3.11/site-packages/rdkit/rdBase.so
29# 0x00007FC9A948EF44 in <CONDA_ENV_PREFIX>/lib/python3.11/site-packages/rdkit/rdBase.so
30# boost::python::handle_exception_impl(boost::function_n<void>) in <CONDA_ENV_PREFIX>/lib/python3.11/site-packages/rdkit/../../../libboost_python311.so.1.86.0
31# 0x00007FC9A93B79B3 in <CONDA_ENV_PREFIX>/lib/python3.11/site-packages/rdkit/../../../libboost_python311.so.1.86.0
32# _PyObject_MakeTpCall in <CONDA_ENV_PREFIX>/bin/python
33# _PyEval_EvalFrameDefault in <CONDA_ENV_PREFIX>/bin/python
34# _PyFunction_Vectorcall in <CONDA_ENV_PREFIX>/bin/python
35# 0x0000555AD5345C50 in <CONDA_ENV_PREFIX>/bin/python
36# 0x0000555AD525B745 in <CONDA_ENV_PREFIX>/bin/python
37# 0x0000555AD528C1AA in <CONDA_ENV_PREFIX>/bin/python
38# PyObject_Vectorcall in <CONDA_ENV_PREFIX>/bin/python
39# _PyEval_EvalFrameDefault in <CONDA_ENV_PREFIX>/bin/python
40# _PyFunction_Vectorcall in <CONDA_ENV_PREFIX>/bin/python
41# _PyEval_EvalFrameDefault in <CONDA_ENV_PREFIX>/bin/python
42# _PyFunction_Vectorcall in <CONDA_ENV_PREFIX>/bin/python
43# _PyEval_EvalFrameDefault in <CONDA_ENV_PREFIX>/bin/python
44# _PyFunction_Vectorcall in <CONDA_ENV_PREFIX>/bin/python
45# 0x0000555AD5247979 in <CONDA_ENV_PREFIX>/bin/python
46# _PyObject_MakeTpCall in <CONDA_ENV_PREFIX>/bin/python
47# _PyEval_EvalFrameDefault in <CONDA_ENV_PREFIX>/bin/python
48# _PyFunction_Vectorcall in <CONDA_ENV_PREFIX>/bin/python
49# 0x0000555AD5247A1D in <CONDA_ENV_PREFIX>/bin/python
50# _PyObject_MakeTpCall in <CONDA_ENV_PREFIX>/bin/python
51# _PyEval_EvalFrameDefault in <CONDA_ENV_PREFIX>/bin/python
52# 0x0000555AD52D2B0D in <CONDA_ENV_PREFIX>/bin/python
53# PyEval_EvalCode in <CONDA_ENV_PREFIX>/bin/python
54# 0x0000555AD52F01AA in <CONDA_ENV_PREFIX>/bin/python
55# 0x0000555AD52EBE33 in <CONDA_ENV_PREFIX>/bin/python
56# 0x0000555AD53013D0 in <CONDA_ENV_PREFIX>/bin/python
57# _PyRun_SimpleFileObject in <CONDA_ENV_PREFIX>/bin/python
58# _PyRun_AnyFileObject in <CONDA_ENV_PREFIX>/bin/python
59# Py_RunMain in <CONDA_ENV_PREFIX>/bin/python
60# Py_BytesMain in <CONDA_ENV_PREFIX>/bin/python
61# 0x00007FC9B803CD90 in /lib/x86_64-linux-gnu/libc.so.6
62# __libc_start_main in /lib/x86_64-linux-gnu/libc.so.6
63# 0x0000555AD52C237A in <CONDA_ENV_PREFIX>/bin/python
----------
****

[20:26:26] UFFTYPER: Unrecognized atom type: S_5+6 (2)
[20:26:26] UFFTYPER: Unrecognized atom type: S_5+6 (2)
[20:26:26] 

****
Pre-condition Violation
bad params pointer
Violation occurred on line 79 in file /home/conda/feedstock_root/build_artifacts/rdkit-meta_1745736747213/work/Code/ForceField/UFF/AngleBend.cpp
Failed Expression: at2Params
----------
Stacktrace:
 0# Invar::Invariant::toString[abi:cxx11]() const in <CONDA_ENV_PREFIX>/lib/python3.11/site-packages/rdkit/../../../libRDKitRDGeneral.so.1
 1# Invar::operator<<(std::ostream&, Invar::Invariant const&) in <CONDA_ENV_PREFIX>/lib/python3.11/site-packages/rdkit/../../../libRDKitRDGeneral.so.1
 2# ForceFields::UFF::AngleBendContrib::AngleBendContrib(ForceFields::ForceField*, unsigned int, unsigned int, unsigned int, double, double, ForceFields::UFF::AtomicParams const*, ForceFields::UFF::AtomicParams const*, ForceFields::UFF::AtomicParams const*, unsigned int) in <CONDA_ENV_PREFIX>/lib/python3.11/site-packages/rdkit/ForceField/../../../../libRDKitForceField.so.1
 3# RDKit::UFF::Tools::addTrigonalBipyramidAngles(RDKit::Atom const*, RDKit::ROMol const&, int, std::vector<ForceFields::UFF::AtomicParams const*, std::allocator<ForceFields::UFF::AtomicParams const*> > const&, ForceFields::ForceField*) in <CONDA_ENV_PREFIX>/lib/python3.11/site-packages/rdkit/ForceField/../../../../libRDKitForceFieldHelpers.so.1
 4# RDKit::UFF::Tools::addAngleSpecialCases(RDKit::ROMol const&, int, std::vector<ForceFields::UFF::AtomicParams const*, std::allocator<ForceFields::UFF::AtomicParams const*> > const&, ForceFields::ForceField*) in <CONDA_ENV_PREFIX>/lib/python3.11/site-packages/rdkit/ForceField/../../../../libRDKitForceFieldHelpers.so.1
 5# RDKit::UFF::constructForceField(RDKit::ROMol&, std::vector<ForceFields::UFF::AtomicParams const*, std::allocator<ForceFields::UFF::AtomicParams const*> > const&, double, int, bool) in <CONDA_ENV_PREFIX>/lib/python3.11/site-packages/rdkit/ForceField/../../../../libRDKitForceFieldHelpers.so.1
 6# RDKit::UFF::constructForceField(RDKit::ROMol&, double, int, bool) in <CONDA_ENV_PREFIX>/lib/python3.11/site-packages/rdkit/ForceField/../../../../libRDKitForceFieldHelpers.so.1
 7# RDKit::UFFHelper(RDKit::ROMol&, int, double, int, bool) in <CONDA_ENV_PREFIX>/lib/python3.11/site-packages/rdkit/Chem/rdForceFieldHelpers.so
 8# 0x00007FC9A746103D in <CONDA_ENV_PREFIX>/lib/python3.11/site-packages/rdkit/Chem/rdForceFieldHelpers.so
 9# boost::python::objects::function::call(_object*, _object*) const in <CONDA_ENV_PREFIX>/lib/python3.11/site-packages/rdkit/../../../libboost_python311.so.1.86.0
10# 0x00007FC9A93BA449 in <CONDA_ENV_PREFIX>/lib/python3.11/site-packages/rdkit/../../../libboost_python311.so.1.86.0
11# boost::python::detail::exception_handler::operator()(boost::function_n<void> const&) const in <CONDA_ENV_PREFIX>/lib/python3.11/site-packages/rdkit/../../../libboost_python311.so.1.86.0
12# 0x00007FC9A711AC04 in <CONDA_ENV_PREFIX>/lib/python3.11/site-packages/rdkit/Chem/rdSLNParse.so
13# 0x00007FC9A7508354 in <CONDA_ENV_PREFIX>/lib/python3.11/site-packages/rdkit/Chem/rdDepictor.so
14# 0x00007FC9A77A6DD4 in <CONDA_ENV_PREFIX>/lib/python3.11/site-packages/rdkit/Chem/rdChemReactions.so
15# 0x00007FC9A77A6E24 in <CONDA_ENV_PREFIX>/lib/python3.11/site-packages/rdkit/Chem/rdChemReactions.so
16# 0x00007FC9A791FB94 in <CONDA_ENV_PREFIX>/lib/python3.11/site-packages/rdkit/Chem/rdMolChemicalFeatures.so
17# 0x00007FC9A83979B4 in <CONDA_ENV_PREFIX>/lib/python3.11/site-packages/rdkit/Chem/rdmolfiles.so
18# 0x00007FC9A8397A04 in <CONDA_ENV_PREFIX>/lib/python3.11/site-packages/rdkit/Chem/rdmolfiles.so
19# 0x00007FC9A85B1B04 in <CONDA_ENV_PREFIX>/lib/python3.11/site-packages/rdkit/Chem/rdCIPLabeler.so
20# 0x00007FC9A8E86174 in <CONDA_ENV_PREFIX>/lib/python3.11/site-packages/rdkit/Chem/rdchem.so
21# 0x00007FC9A8E1AAAD in <CONDA_ENV_PREFIX>/lib/python3.11/site-packages/rdkit/Chem/rdchem.so
22# 0x00007FC9A8E1A6AD in <CONDA_ENV_PREFIX>/lib/python3.11/site-packages/rdkit/Chem/rdchem.so
23# 0x00007FC9A8E1A2AD in <CONDA_ENV_PREFIX>/lib/python3.11/site-packages/rdkit/Chem/rdchem.so
24# 0x00007FC9A8E19EAD in <CONDA_ENV_PREFIX>/lib/python3.11/site-packages/rdkit/Chem/rdchem.so
25# 0x00007FC9A8E19AAD in <CONDA_ENV_PREFIX>/lib/python3.11/site-packages/rdkit/Chem/rdchem.so
26# 0x00007FC9A948EE54 in <CONDA_ENV_PREFIX>/lib/python3.11/site-packages/rdkit/rdBase.so
27# 0x00007FC9A948EEA4 in <CONDA_ENV_PREFIX>/lib/python3.11/site-packages/rdkit/rdBase.so
28# 0x00007FC9A948EEF4 in <CONDA_ENV_PREFIX>/lib/python3.11/site-packages/rdkit/rdBase.so
29# 0x00007FC9A948EF44 in <CONDA_ENV_PREFIX>/lib/python3.11/site-packages/rdkit/rdBase.so
30# boost::python::handle_exception_impl(boost::function_n<void>) in <CONDA_ENV_PREFIX>/lib/python3.11/site-packages/rdkit/../../../libboost_python311.so.1.86.0
31# 0x00007FC9A93B79B3 in <CONDA_ENV_PREFIX>/lib/python3.11/site-packages/rdkit/../../../libboost_python311.so.1.86.0
32# _PyObject_MakeTpCall in <CONDA_ENV_PREFIX>/bin/python
33# _PyEval_EvalFrameDefault in <CONDA_ENV_PREFIX>/bin/python
34# _PyFunction_Vectorcall in <CONDA_ENV_PREFIX>/bin/python
35# 0x0000555AD5345C50 in <CONDA_ENV_PREFIX>/bin/python
36# 0x0000555AD525B745 in <CONDA_ENV_PREFIX>/bin/python
37# 0x0000555AD528C1AA in <CONDA_ENV_PREFIX>/bin/python
38# PyObject_Vectorcall in <CONDA_ENV_PREFIX>/bin/python
39# _PyEval_EvalFrameDefault in <CONDA_ENV_PREFIX>/bin/python
40# _PyFunction_Vectorcall in <CONDA_ENV_PREFIX>/bin/python
41# _PyEval_EvalFrameDefault in <CONDA_ENV_PREFIX>/bin/python
42# _PyFunction_Vectorcall in <CONDA_ENV_PREFIX>/bin/python
43# _PyEval_EvalFrameDefault in <CONDA_ENV_PREFIX>/bin/python
44# _PyFunction_Vectorcall in <CONDA_ENV_PREFIX>/bin/python
45# 0x0000555AD5247979 in <CONDA_ENV_PREFIX>/bin/python
46# _PyObject_MakeTpCall in <CONDA_ENV_PREFIX>/bin/python
47# _PyEval_EvalFrameDefault in <CONDA_ENV_PREFIX>/bin/python
48# _PyFunction_Vectorcall in <CONDA_ENV_PREFIX>/bin/python
49# 0x0000555AD5247A1D in <CONDA_ENV_PREFIX>/bin/python
50# _PyObject_MakeTpCall in <CONDA_ENV_PREFIX>/bin/python
51# _PyEval_EvalFrameDefault in <CONDA_ENV_PREFIX>/bin/python
52# 0x0000555AD52D2B0D in <CONDA_ENV_PREFIX>/bin/python
53# PyEval_EvalCode in <CONDA_ENV_PREFIX>/bin/python
54# 0x0000555AD52F01AA in <CONDA_ENV_PREFIX>/bin/python
55# 0x0000555AD52EBE33 in <CONDA_ENV_PREFIX>/bin/python
56# 0x0000555AD53013D0 in <CONDA_ENV_PREFIX>/bin/python
57# _PyRun_SimpleFileObject in <CONDA_ENV_PREFIX>/bin/python
58# _PyRun_AnyFileObject in <CONDA_ENV_PREFIX>/bin/python
59# Py_RunMain in <CONDA_ENV_PREFIX>/bin/python
60# Py_BytesMain in <CONDA_ENV_PREFIX>/bin/python
61# 0x00007FC9B803CD90 in /lib/x86_64-linux-gnu/libc.so.6
62# __libc_start_main in /lib/x86_64-linux-gnu/libc.so.6
63# 0x0000555AD52C237A in <CONDA_ENV_PREFIX>/bin/python
----------
****

[20:26:26] UFFTYPER: Unrecognized atom type: S_5+6 (2)
[20:26:26] UFFTYPER: Unrecognized atom type: S_5+6 (2)
[20:26:26] 

****
Pre-condition Violation
bad params pointer
Violation occurred on line 79 in file /home/conda/feedstock_root/build_artifacts/rdkit-meta_1745736747213/work/Code/ForceField/UFF/AngleBend.cpp
Failed Expression: at2Params
----------
Stacktrace:
 0# Invar::Invariant::toString[abi:cxx11]() const in <CONDA_ENV_PREFIX>/lib/python3.11/site-packages/rdkit/../../../libRDKitRDGeneral.so.1
 1# Invar::operator<<(std::ostream&, Invar::Invariant const&) in <CONDA_ENV_PREFIX>/lib/python3.11/site-packages/rdkit/../../../libRDKitRDGeneral.so.1
 2# ForceFields::UFF::AngleBendContrib::AngleBendContrib(ForceFields::ForceField*, unsigned int, unsigned int, unsigned int, double, double, ForceFields::UFF::AtomicParams const*, ForceFields::UFF::AtomicParams const*, ForceFields::UFF::AtomicParams const*, unsigned int) in <CONDA_ENV_PREFIX>/lib/python3.11/site-packages/rdkit/ForceField/../../../../libRDKitForceField.so.1
 3# RDKit::UFF::Tools::addTrigonalBipyramidAngles(RDKit::Atom const*, RDKit::ROMol const&, int, std::vector<ForceFields::UFF::AtomicParams const*, std::allocator<ForceFields::UFF::AtomicParams const*> > const&, ForceFields::ForceField*) in <CONDA_ENV_PREFIX>/lib/python3.11/site-packages/rdkit/ForceField/../../../../libRDKitForceFieldHelpers.so.1
 4# RDKit::UFF::Tools::addAngleSpecialCases(RDKit::ROMol const&, int, std::vector<ForceFields::UFF::AtomicParams const*, std::allocator<ForceFields::UFF::AtomicParams const*> > const&, ForceFields::ForceField*) in <CONDA_ENV_PREFIX>/lib/python3.11/site-packages/rdkit/ForceField/../../../../libRDKitForceFieldHelpers.so.1
 5# RDKit::UFF::constructForceField(RDKit::ROMol&, std::vector<ForceFields::UFF::AtomicParams const*, std::allocator<ForceFields::UFF::AtomicParams const*> > const&, double, int, bool) in <CONDA_ENV_PREFIX>/lib/python3.11/site-packages/rdkit/ForceField/../../../../libRDKitForceFieldHelpers.so.1
 6# RDKit::UFF::constructForceField(RDKit::ROMol&, double, int, bool) in <CONDA_ENV_PREFIX>/lib/python3.11/site-packages/rdkit/ForceField/../../../../libRDKitForceFieldHelpers.so.1
 7# RDKit::UFFHelper(RDKit::ROMol&, int, double, int, bool) in <CONDA_ENV_PREFIX>/lib/python3.11/site-packages/rdkit/Chem/rdForceFieldHelpers.so
 8# 0x00007FC9A746103D in <CONDA_ENV_PREFIX>/lib/python3.11/site-packages/rdkit/Chem/rdForceFieldHelpers.so
 9# boost::python::objects::function::call(_object*, _object*) const in <CONDA_ENV_PREFIX>/lib/python3.11/site-packages/rdkit/../../../libboost_python311.so.1.86.0
10# 0x00007FC9A93BA449 in <CONDA_ENV_PREFIX>/lib/python3.11/site-packages/rdkit/../../../libboost_python311.so.1.86.0
11# boost::python::detail::exception_handler::operator()(boost::function_n<void> const&) const in <CONDA_ENV_PREFIX>/lib/python3.11/site-packages/rdkit/../../../libboost_python311.so.1.86.0
12# 0x00007FC9A711AC04 in <CONDA_ENV_PREFIX>/lib/python3.11/site-packages/rdkit/Chem/rdSLNParse.so
13# 0x00007FC9A7508354 in <CONDA_ENV_PREFIX>/lib/python3.11/site-packages/rdkit/Chem/rdDepictor.so
14# 0x00007FC9A77A6DD4 in <CONDA_ENV_PREFIX>/lib/python3.11/site-packages/rdkit/Chem/rdChemReactions.so
15# 0x00007FC9A77A6E24 in <CONDA_ENV_PREFIX>/lib/python3.11/site-packages/rdkit/Chem/rdChemReactions.so
16# 0x00007FC9A791FB94 in <CONDA_ENV_PREFIX>/lib/python3.11/site-packages/rdkit/Chem/rdMolChemicalFeatures.so
17# 0x00007FC9A83979B4 in <CONDA_ENV_PREFIX>/lib/python3.11/site-packages/rdkit/Chem/rdmolfiles.so
18# 0x00007FC9A8397A04 in <CONDA_ENV_PREFIX>/lib/python3.11/site-packages/rdkit/Chem/rdmolfiles.so
19# 0x00007FC9A85B1B04 in <CONDA_ENV_PREFIX>/lib/python3.11/site-packages/rdkit/Chem/rdCIPLabeler.so
20# 0x00007FC9A8E86174 in <CONDA_ENV_PREFIX>/lib/python3.11/site-packages/rdkit/Chem/rdchem.so
21# 0x00007FC9A8E1AAAD in <CONDA_ENV_PREFIX>/lib/python3.11/site-packages/rdkit/Chem/rdchem.so
22# 0x00007FC9A8E1A6AD in <CONDA_ENV_PREFIX>/lib/python3.11/site-packages/rdkit/Chem/rdchem.so
23# 0x00007FC9A8E1A2AD in <CONDA_ENV_PREFIX>/lib/python3.11/site-packages/rdkit/Chem/rdchem.so
24# 0x00007FC9A8E19EAD in <CONDA_ENV_PREFIX>/lib/python3.11/site-packages/rdkit/Chem/rdchem.so
25# 0x00007FC9A8E19AAD in <CONDA_ENV_PREFIX>/lib/python3.11/site-packages/rdkit/Chem/rdchem.so
26# 0x00007FC9A948EE54 in <CONDA_ENV_PREFIX>/lib/python3.11/site-packages/rdkit/rdBase.so
27# 0x00007FC9A948EEA4 in <CONDA_ENV_PREFIX>/lib/python3.11/site-packages/rdkit/rdBase.so
28# 0x00007FC9A948EEF4 in <CONDA_ENV_PREFIX>/lib/python3.11/site-packages/rdkit/rdBase.so
29# 0x00007FC9A948EF44 in <CONDA_ENV_PREFIX>/lib/python3.11/site-packages/rdkit/rdBase.so
30# boost::python::handle_exception_impl(boost::function_n<void>) in <CONDA_ENV_PREFIX>/lib/python3.11/site-packages/rdkit/../../../libboost_python311.so.1.86.0
31# 0x00007FC9A93B79B3 in <CONDA_ENV_PREFIX>/lib/python3.11/site-packages/rdkit/../../../libboost_python311.so.1.86.0
32# _PyObject_MakeTpCall in <CONDA_ENV_PREFIX>/bin/python
33# _PyEval_EvalFrameDefault in <CONDA_ENV_PREFIX>/bin/python
34# _PyFunction_Vectorcall in <CONDA_ENV_PREFIX>/bin/python
35# 0x0000555AD5345C50 in <CONDA_ENV_PREFIX>/bin/python
36# 0x0000555AD525B745 in <CONDA_ENV_PREFIX>/bin/python
37# 0x0000555AD528C1AA in <CONDA_ENV_PREFIX>/bin/python
38# PyObject_Vectorcall in <CONDA_ENV_PREFIX>/bin/python
39# _PyEval_EvalFrameDefault in <CONDA_ENV_PREFIX>/bin/python
40# _PyFunction_Vectorcall in <CONDA_ENV_PREFIX>/bin/python
41# _PyEval_EvalFrameDefault in <CONDA_ENV_PREFIX>/bin/python
42# _PyFunction_Vectorcall in <CONDA_ENV_PREFIX>/bin/python
43# _PyEval_EvalFrameDefault in <CONDA_ENV_PREFIX>/bin/python
44# _PyFunction_Vectorcall in <CONDA_ENV_PREFIX>/bin/python
45# 0x0000555AD5247979 in <CONDA_ENV_PREFIX>/bin/python
46# _PyObject_MakeTpCall in <CONDA_ENV_PREFIX>/bin/python
47# _PyEval_EvalFrameDefault in <CONDA_ENV_PREFIX>/bin/python
48# _PyFunction_Vectorcall in <CONDA_ENV_PREFIX>/bin/python
49# 0x0000555AD5247A1D in <CONDA_ENV_PREFIX>/bin/python
50# _PyObject_MakeTpCall in <CONDA_ENV_PREFIX>/bin/python
51# _PyEval_EvalFrameDefault in <CONDA_ENV_PREFIX>/bin/python
52# 0x0000555AD52D2B0D in <CONDA_ENV_PREFIX>/bin/python
53# PyEval_EvalCode in <CONDA_ENV_PREFIX>/bin/python
54# 0x0000555AD52F01AA in <CONDA_ENV_PREFIX>/bin/python
55# 0x0000555AD52EBE33 in <CONDA_ENV_PREFIX>/bin/python
56# 0x0000555AD53013D0 in <CONDA_ENV_PREFIX>/bin/python
57# _PyRun_SimpleFileObject in <CONDA_ENV_PREFIX>/bin/python
58# _PyRun_AnyFileObject in <CONDA_ENV_PREFIX>/bin/python
59# Py_RunMain in <CONDA_ENV_PREFIX>/bin/python
60# Py_BytesMain in <CONDA_ENV_PREFIX>/bin/python
61# 0x00007FC9B803CD90 in /lib/x86_64-linux-gnu/libc.so.6
62# __libc_start_main in /lib/x86_64-linux-gnu/libc.so.6
63# 0x0000555AD52C237A in <CONDA_ENV_PREFIX>/bin/python
----------
****

[20:26:26] UFFTYPER: Unrecognized atom type: S_5+6 (2)
[20:26:26] UFFTYPER: Unrecognized atom type: S_5+6 (2)
[20:26:26] 

****
Pre-condition Violation
bad params pointer
Violation occurred on line 79 in file /home/conda/feedstock_root/build_artifacts/rdkit-meta_1745736747213/work/Code/ForceField/UFF/AngleBend.cpp
Failed Expression: at2Params
----------
Stacktrace:
 0# Invar::Invariant::toString[abi:cxx11]() const in <CONDA_ENV_PREFIX>/lib/python3.11/site-packages/rdkit/../../../libRDKitRDGeneral.so.1
 1# Invar::operator<<(std::ostream&, Invar::Invariant const&) in <CONDA_ENV_PREFIX>/lib/python3.11/site-packages/rdkit/../../../libRDKitRDGeneral.so.1
 2# ForceFields::UFF::AngleBendContrib::AngleBendContrib(ForceFields::ForceField*, unsigned int, unsigned int, unsigned int, double, double, ForceFields::UFF::AtomicParams const*, ForceFields::UFF::AtomicParams const*, ForceFields::UFF::AtomicParams const*, unsigned int) in <CONDA_ENV_PREFIX>/lib/python3.11/site-packages/rdkit/ForceField/../../../../libRDKitForceField.so.1
 3# RDKit::UFF::Tools::addTrigonalBipyramidAngles(RDKit::Atom const*, RDKit::ROMol const&, int, std::vector<ForceFields::UFF::AtomicParams const*, std::allocator<ForceFields::UFF::AtomicParams const*> > const&, ForceFields::ForceField*) in <CONDA_ENV_PREFIX>/lib/python3.11/site-packages/rdkit/ForceField/../../../../libRDKitForceFieldHelpers.so.1
 4# RDKit::UFF::Tools::addAngleSpecialCases(RDKit::ROMol const&, int, std::vector<ForceFields::UFF::AtomicParams const*, std::allocator<ForceFields::UFF::AtomicParams const*> > const&, ForceFields::ForceField*) in <CONDA_ENV_PREFIX>/lib/python3.11/site-packages/rdkit/ForceField/../../../../libRDKitForceFieldHelpers.so.1
 5# RDKit::UFF::constructForceField(RDKit::ROMol&, std::vector<ForceFields::UFF::AtomicParams const*, std::allocator<ForceFields::UFF::AtomicParams const*> > const&, double, int, bool) in <CONDA_ENV_PREFIX>/lib/python3.11/site-packages/rdkit/ForceField/../../../../libRDKitForceFieldHelpers.so.1
 6# RDKit::UFF::constructForceField(RDKit::ROMol&, double, int, bool) in <CONDA_ENV_PREFIX>/lib/python3.11/site-packages/rdkit/ForceField/../../../../libRDKitForceFieldHelpers.so.1
 7# RDKit::UFFHelper(RDKit::ROMol&, int, double, int, bool) in <CONDA_ENV_PREFIX>/lib/python3.11/site-packages/rdkit/Chem/rdForceFieldHelpers.so
 8# 0x00007FC9A746103D in <CONDA_ENV_PREFIX>/lib/python3.11/site-packages/rdkit/Chem/rdForceFieldHelpers.so
 9# boost::python::objects::function::call(_object*, _object*) const in <CONDA_ENV_PREFIX>/lib/python3.11/site-packages/rdkit/../../../libboost_python311.so.1.86.0
10# 0x00007FC9A93BA449 in <CONDA_ENV_PREFIX>/lib/python3.11/site-packages/rdkit/../../../libboost_python311.so.1.86.0
11# boost::python::detail::exception_handler::operator()(boost::function_n<void> const&) const in <CONDA_ENV_PREFIX>/lib/python3.11/site-packages/rdkit/../../../libboost_python311.so.1.86.0
12# 0x00007FC9A711AC04 in <CONDA_ENV_PREFIX>/lib/python3.11/site-packages/rdkit/Chem/rdSLNParse.so
13# 0x00007FC9A7508354 in <CONDA_ENV_PREFIX>/lib/python3.11/site-packages/rdkit/Chem/rdDepictor.so
14# 0x00007FC9A77A6DD4 in <CONDA_ENV_PREFIX>/lib/python3.11/site-packages/rdkit/Chem/rdChemReactions.so
15# 0x00007FC9A77A6E24 in <CONDA_ENV_PREFIX>/lib/python3.11/site-packages/rdkit/Chem/rdChemReactions.so
16# 0x00007FC9A791FB94 in <CONDA_ENV_PREFIX>/lib/python3.11/site-packages/rdkit/Chem/rdMolChemicalFeatures.so
17# 0x00007FC9A83979B4 in <CONDA_ENV_PREFIX>/lib/python3.11/site-packages/rdkit/Chem/rdmolfiles.so
18# 0x00007FC9A8397A04 in <CONDA_ENV_PREFIX>/lib/python3.11/site-packages/rdkit/Chem/rdmolfiles.so
19# 0x00007FC9A85B1B04 in <CONDA_ENV_PREFIX>/lib/python3.11/site-packages/rdkit/Chem/rdCIPLabeler.so
20# 0x00007FC9A8E86174 in <CONDA_ENV_PREFIX>/lib/python3.11/site-packages/rdkit/Chem/rdchem.so
21# 0x00007FC9A8E1AAAD in <CONDA_ENV_PREFIX>/lib/python3.11/site-packages/rdkit/Chem/rdchem.so
22# 0x00007FC9A8E1A6AD in <CONDA_ENV_PREFIX>/lib/python3.11/site-packages/rdkit/Chem/rdchem.so
23# 0x00007FC9A8E1A2AD in <CONDA_ENV_PREFIX>/lib/python3.11/site-packages/rdkit/Chem/rdchem.so
24# 0x00007FC9A8E19EAD in <CONDA_ENV_PREFIX>/lib/python3.11/site-packages/rdkit/Chem/rdchem.so
25# 0x00007FC9A8E19AAD in <CONDA_ENV_PREFIX>/lib/python3.11/site-packages/rdkit/Chem/rdchem.so
26# 0x00007FC9A948EE54 in <CONDA_ENV_PREFIX>/lib/python3.11/site-packages/rdkit/rdBase.so
27# 0x00007FC9A948EEA4 in <CONDA_ENV_PREFIX>/lib/python3.11/site-packages/rdkit/rdBase.so
28# 0x00007FC9A948EEF4 in <CONDA_ENV_PREFIX>/lib/python3.11/site-packages/rdkit/rdBase.so
29# 0x00007FC9A948EF44 in <CONDA_ENV_PREFIX>/lib/python3.11/site-packages/rdkit/rdBase.so
30# boost::python::handle_exception_impl(boost::function_n<void>) in <CONDA_ENV_PREFIX>/lib/python3.11/site-packages/rdkit/../../../libboost_python311.so.1.86.0
31# 0x00007FC9A93B79B3 in <CONDA_ENV_PREFIX>/lib/python3.11/site-packages/rdkit/../../../libboost_python311.so.1.86.0
32# _PyObject_MakeTpCall in <CONDA_ENV_PREFIX>/bin/python
33# _PyEval_EvalFrameDefault in <CONDA_ENV_PREFIX>/bin/python
34# _PyFunction_Vectorcall in <CONDA_ENV_PREFIX>/bin/python
35# 0x0000555AD5345C50 in <CONDA_ENV_PREFIX>/bin/python
36# 0x0000555AD525B745 in <CONDA_ENV_PREFIX>/bin/python
37# 0x0000555AD528C1AA in <CONDA_ENV_PREFIX>/bin/python
38# PyObject_Vectorcall in <CONDA_ENV_PREFIX>/bin/python
39# _PyEval_EvalFrameDefault in <CONDA_ENV_PREFIX>/bin/python
40# _PyFunction_Vectorcall in <CONDA_ENV_PREFIX>/bin/python
41# _PyEval_EvalFrameDefault in <CONDA_ENV_PREFIX>/bin/python
42# _PyFunction_Vectorcall in <CONDA_ENV_PREFIX>/bin/python
43# _PyEval_EvalFrameDefault in <CONDA_ENV_PREFIX>/bin/python
44# _PyFunction_Vectorcall in <CONDA_ENV_PREFIX>/bin/python
45# 0x0000555AD5247979 in <CONDA_ENV_PREFIX>/bin/python
46# _PyObject_MakeTpCall in <CONDA_ENV_PREFIX>/bin/python
47# _PyEval_EvalFrameDefault in <CONDA_ENV_PREFIX>/bin/python
48# _PyFunction_Vectorcall in <CONDA_ENV_PREFIX>/bin/python
49# 0x0000555AD5247A1D in <CONDA_ENV_PREFIX>/bin/python
50# _PyObject_MakeTpCall in <CONDA_ENV_PREFIX>/bin/python
51# _PyEval_EvalFrameDefault in <CONDA_ENV_PREFIX>/bin/python
52# 0x0000555AD52D2B0D in <CONDA_ENV_PREFIX>/bin/python
53# PyEval_EvalCode in <CONDA_ENV_PREFIX>/bin/python
54# 0x0000555AD52F01AA in <CONDA_ENV_PREFIX>/bin/python
55# 0x0000555AD52EBE33 in <CONDA_ENV_PREFIX>/bin/python
56# 0x0000555AD53013D0 in <CONDA_ENV_PREFIX>/bin/python
57# _PyRun_SimpleFileObject in <CONDA_ENV_PREFIX>/bin/python
58# _PyRun_AnyFileObject in <CONDA_ENV_PREFIX>/bin/python
59# Py_RunMain in <CONDA_ENV_PREFIX>/bin/python
60# Py_BytesMain in <CONDA_ENV_PREFIX>/bin/python
61# 0x00007FC9B803CD90 in /lib/x86_64-linux-gnu/libc.so.6
62# __libc_start_main in /lib/x86_64-linux-gnu/libc.so.6
63# 0x0000555AD52C237A in <CONDA_ENV_PREFIX>/bin/python
----------
****

[20:26:27] UFFTYPER: Unrecognized atom type: S_5+6 (2)
[20:26:27] UFFTYPER: Unrecognized atom type: S_5+6 (2)
[20:26:27] 

****
Pre-condition Violation
bad params pointer
Violation occurred on line 79 in file /home/conda/feedstock_root/build_artifacts/rdkit-meta_1745736747213/work/Code/ForceField/UFF/AngleBend.cpp
Failed Expression: at2Params
----------
Stacktrace:
 0# Invar::Invariant::toString[abi:cxx11]() const in <CONDA_ENV_PREFIX>/lib/python3.11/site-packages/rdkit/../../../libRDKitRDGeneral.so.1
 1# Invar::operator<<(std::ostream&, Invar::Invariant const&) in <CONDA_ENV_PREFIX>/lib/python3.11/site-packages/rdkit/../../../libRDKitRDGeneral.so.1
 2# ForceFields::UFF::AngleBendContrib::AngleBendContrib(ForceFields::ForceField*, unsigned int, unsigned int, unsigned int, double, double, ForceFields::UFF::AtomicParams const*, ForceFields::UFF::AtomicParams const*, ForceFields::UFF::AtomicParams const*, unsigned int) in <CONDA_ENV_PREFIX>/lib/python3.11/site-packages/rdkit/ForceField/../../../../libRDKitForceField.so.1
 3# RDKit::UFF::Tools::addTrigonalBipyramidAngles(RDKit::Atom const*, RDKit::ROMol const&, int, std::vector<ForceFields::UFF::AtomicParams const*, std::allocator<ForceFields::UFF::AtomicParams const*> > const&, ForceFields::ForceField*) in <CONDA_ENV_PREFIX>/lib/python3.11/site-packages/rdkit/ForceField/../../../../libRDKitForceFieldHelpers.so.1
 4# RDKit::UFF::Tools::addAngleSpecialCases(RDKit::ROMol const&, int, std::vector<ForceFields::UFF::AtomicParams const*, std::allocator<ForceFields::UFF::AtomicParams const*> > const&, ForceFields::ForceField*) in <CONDA_ENV_PREFIX>/lib/python3.11/site-packages/rdkit/ForceField/../../../../libRDKitForceFieldHelpers.so.1
 5# RDKit::UFF::constructForceField(RDKit::ROMol&, std::vector<ForceFields::UFF::AtomicParams const*, std::allocator<ForceFields::UFF::AtomicParams const*> > const&, double, int, bool) in <CONDA_ENV_PREFIX>/lib/python3.11/site-packages/rdkit/ForceField/../../../../libRDKitForceFieldHelpers.so.1
 6# RDKit::UFF::constructForceField(RDKit::ROMol&, double, int, bool) in <CONDA_ENV_PREFIX>/lib/python3.11/site-packages/rdkit/ForceField/../../../../libRDKitForceFieldHelpers.so.1
 7# RDKit::UFFHelper(RDKit::ROMol&, int, double, int, bool) in <CONDA_ENV_PREFIX>/lib/python3.11/site-packages/rdkit/Chem/rdForceFieldHelpers.so
 8# 0x00007FC9A746103D in <CONDA_ENV_PREFIX>/lib/python3.11/site-packages/rdkit/Chem/rdForceFieldHelpers.so
 9# boost::python::objects::function::call(_object*, _object*) const in <CONDA_ENV_PREFIX>/lib/python3.11/site-packages/rdkit/../../../libboost_python311.so.1.86.0
10# 0x00007FC9A93BA449 in <CONDA_ENV_PREFIX>/lib/python3.11/site-packages/rdkit/../../../libboost_python311.so.1.86.0
11# boost::python::detail::exception_handler::operator()(boost::function_n<void> const&) const in <CONDA_ENV_PREFIX>/lib/python3.11/site-packages/rdkit/../../../libboost_python311.so.1.86.0
12# 0x00007FC9A711AC04 in <CONDA_ENV_PREFIX>/lib/python3.11/site-packages/rdkit/Chem/rdSLNParse.so
13# 0x00007FC9A7508354 in <CONDA_ENV_PREFIX>/lib/python3.11/site-packages/rdkit/Chem/rdDepictor.so
14# 0x00007FC9A77A6DD4 in <CONDA_ENV_PREFIX>/lib/python3.11/site-packages/rdkit/Chem/rdChemReactions.so
15# 0x00007FC9A77A6E24 in <CONDA_ENV_PREFIX>/lib/python3.11/site-packages/rdkit/Chem/rdChemReactions.so
16# 0x00007FC9A791FB94 in <CONDA_ENV_PREFIX>/lib/python3.11/site-packages/rdkit/Chem/rdMolChemicalFeatures.so
17# 0x00007FC9A83979B4 in <CONDA_ENV_PREFIX>/lib/python3.11/site-packages/rdkit/Chem/rdmolfiles.so
18# 0x00007FC9A8397A04 in <CONDA_ENV_PREFIX>/lib/python3.11/site-packages/rdkit/Chem/rdmolfiles.so
19# 0x00007FC9A85B1B04 in <CONDA_ENV_PREFIX>/lib/python3.11/site-packages/rdkit/Chem/rdCIPLabeler.so
20# 0x00007FC9A8E86174 in <CONDA_ENV_PREFIX>/lib/python3.11/site-packages/rdkit/Chem/rdchem.so
21# 0x00007FC9A8E1AAAD in <CONDA_ENV_PREFIX>/lib/python3.11/site-packages/rdkit/Chem/rdchem.so
22# 0x00007FC9A8E1A6AD in <CONDA_ENV_PREFIX>/lib/python3.11/site-packages/rdkit/Chem/rdchem.so
23# 0x00007FC9A8E1A2AD in <CONDA_ENV_PREFIX>/lib/python3.11/site-packages/rdkit/Chem/rdchem.so
24# 0x00007FC9A8E19EAD in <CONDA_ENV_PREFIX>/lib/python3.11/site-packages/rdkit/Chem/rdchem.so
25# 0x00007FC9A8E19AAD in <CONDA_ENV_PREFIX>/lib/python3.11/site-packages/rdkit/Chem/rdchem.so
26# 0x00007FC9A948EE54 in <CONDA_ENV_PREFIX>/lib/python3.11/site-packages/rdkit/rdBase.so
27# 0x00007FC9A948EEA4 in <CONDA_ENV_PREFIX>/lib/python3.11/site-packages/rdkit/rdBase.so
28# 0x00007FC9A948EEF4 in <CONDA_ENV_PREFIX>/lib/python3.11/site-packages/rdkit/rdBase.so
29# 0x00007FC9A948EF44 in <CONDA_ENV_PREFIX>/lib/python3.11/site-packages/rdkit/rdBase.so
30# boost::python::handle_exception_impl(boost::function_n<void>) in <CONDA_ENV_PREFIX>/lib/python3.11/site-packages/rdkit/../../../libboost_python311.so.1.86.0
31# 0x00007FC9A93B79B3 in <CONDA_ENV_PREFIX>/lib/python3.11/site-packages/rdkit/../../../libboost_python311.so.1.86.0
32# _PyObject_MakeTpCall in <CONDA_ENV_PREFIX>/bin/python
33# _PyEval_EvalFrameDefault in <CONDA_ENV_PREFIX>/bin/python
34# _PyFunction_Vectorcall in <CONDA_ENV_PREFIX>/bin/python
35# 0x0000555AD5345C50 in <CONDA_ENV_PREFIX>/bin/python
36# 0x0000555AD525B745 in <CONDA_ENV_PREFIX>/bin/python
37# 0x0000555AD528C1AA in <CONDA_ENV_PREFIX>/bin/python
38# PyObject_Vectorcall in <CONDA_ENV_PREFIX>/bin/python
39# _PyEval_EvalFrameDefault in <CONDA_ENV_PREFIX>/bin/python
40# _PyFunction_Vectorcall in <CONDA_ENV_PREFIX>/bin/python
41# _PyEval_EvalFrameDefault in <CONDA_ENV_PREFIX>/bin/python
42# _PyFunction_Vectorcall in <CONDA_ENV_PREFIX>/bin/python
43# _PyEval_EvalFrameDefault in <CONDA_ENV_PREFIX>/bin/python
44# _PyFunction_Vectorcall in <CONDA_ENV_PREFIX>/bin/python
45# 0x0000555AD5247979 in <CONDA_ENV_PREFIX>/bin/python
46# _PyObject_MakeTpCall in <CONDA_ENV_PREFIX>/bin/python
47# _PyEval_EvalFrameDefault in <CONDA_ENV_PREFIX>/bin/python
48# _PyFunction_Vectorcall in <CONDA_ENV_PREFIX>/bin/python
49# 0x0000555AD5247A1D in <CONDA_ENV_PREFIX>/bin/python
50# _PyObject_MakeTpCall in <CONDA_ENV_PREFIX>/bin/python
51# _PyEval_EvalFrameDefault in <CONDA_ENV_PREFIX>/bin/python
52# 0x0000555AD52D2B0D in <CONDA_ENV_PREFIX>/bin/python
53# PyEval_EvalCode in <CONDA_ENV_PREFIX>/bin/python
54# 0x0000555AD52F01AA in <CONDA_ENV_PREFIX>/bin/python
55# 0x0000555AD52EBE33 in <CONDA_ENV_PREFIX>/bin/python
56# 0x0000555AD53013D0 in <CONDA_ENV_PREFIX>/bin/python
57# _PyRun_SimpleFileObject in <CONDA_ENV_PREFIX>/bin/python
58# _PyRun_AnyFileObject in <CONDA_ENV_PREFIX>/bin/python
59# Py_RunMain in <CONDA_ENV_PREFIX>/bin/python
60# Py_BytesMain in <CONDA_ENV_PREFIX>/bin/python
61# 0x00007FC9B803CD90 in /lib/x86_64-linux-gnu/libc.so.6
62# __libc_start_main in /lib/x86_64-linux-gnu/libc.so.6
63# 0x0000555AD52C237A in <CONDA_ENV_PREFIX>/bin/python
----------
****

[20:26:27] UFFTYPER: Unrecognized atom type: S_5+6 (13)
[20:26:27] UFFTYPER: Unrecognized atom type: S_5+6 (13)
[20:26:27] 

****
Pre-condition Violation
bad params pointer
Violation occurred on line 79 in file /home/conda/feedstock_root/build_artifacts/rdkit-meta_1745736747213/work/Code/ForceField/UFF/AngleBend.cpp
Failed Expression: at2Params
----------
Stacktrace:
 0# Invar::Invariant::toString[abi:cxx11]() const in <CONDA_ENV_PREFIX>/lib/python3.11/site-packages/rdkit/../../../libRDKitRDGeneral.so.1
 1# Invar::operator<<(std::ostream&, Invar::Invariant const&) in <CONDA_ENV_PREFIX>/lib/python3.11/site-packages/rdkit/../../../libRDKitRDGeneral.so.1
 2# ForceFields::UFF::AngleBendContrib::AngleBendContrib(ForceFields::ForceField*, unsigned int, unsigned int, unsigned int, double, double, ForceFields::UFF::AtomicParams const*, ForceFields::UFF::AtomicParams const*, ForceFields::UFF::AtomicParams const*, unsigned int) in <CONDA_ENV_PREFIX>/lib/python3.11/site-packages/rdkit/ForceField/../../../../libRDKitForceField.so.1
 3# RDKit::UFF::Tools::addTrigonalBipyramidAngles(RDKit::Atom const*, RDKit::ROMol const&, int, std::vector<ForceFields::UFF::AtomicParams const*, std::allocator<ForceFields::UFF::AtomicParams const*> > const&, ForceFields::ForceField*) in <CONDA_ENV_PREFIX>/lib/python3.11/site-packages/rdkit/ForceField/../../../../libRDKitForceFieldHelpers.so.1
 4# RDKit::UFF::Tools::addAngleSpecialCases(RDKit::ROMol const&, int, std::vector<ForceFields::UFF::AtomicParams const*, std::allocator<ForceFields::UFF::AtomicParams const*> > const&, ForceFields::ForceField*) in <CONDA_ENV_PREFIX>/lib/python3.11/site-packages/rdkit/ForceField/../../../../libRDKitForceFieldHelpers.so.1
 5# RDKit::UFF::constructForceField(RDKit::ROMol&, std::vector<ForceFields::UFF::AtomicParams const*, std::allocator<ForceFields::UFF::AtomicParams const*> > const&, double, int, bool) in <CONDA_ENV_PREFIX>/lib/python3.11/site-packages/rdkit/ForceField/../../../../libRDKitForceFieldHelpers.so.1
 6# RDKit::UFF::constructForceField(RDKit::ROMol&, double, int, bool) in <CONDA_ENV_PREFIX>/lib/python3.11/site-packages/rdkit/ForceField/../../../../libRDKitForceFieldHelpers.so.1
 7# RDKit::UFFHelper(RDKit::ROMol&, int, double, int, bool) in <CONDA_ENV_PREFIX>/lib/python3.11/site-packages/rdkit/Chem/rdForceFieldHelpers.so
 8# 0x00007FC9A746103D in <CONDA_ENV_PREFIX>/lib/python3.11/site-packages/rdkit/Chem/rdForceFieldHelpers.so
 9# boost::python::objects::function::call(_object*, _object*) const in <CONDA_ENV_PREFIX>/lib/python3.11/site-packages/rdkit/../../../libboost_python311.so.1.86.0
10# 0x00007FC9A93BA449 in <CONDA_ENV_PREFIX>/lib/python3.11/site-packages/rdkit/../../../libboost_python311.so.1.86.0
11# boost::python::detail::exception_handler::operator()(boost::function_n<void> const&) const in <CONDA_ENV_PREFIX>/lib/python3.11/site-packages/rdkit/../../../libboost_python311.so.1.86.0
12# 0x00007FC9A711AC04 in <CONDA_ENV_PREFIX>/lib/python3.11/site-packages/rdkit/Chem/rdSLNParse.so
13# 0x00007FC9A7508354 in <CONDA_ENV_PREFIX>/lib/python3.11/site-packages/rdkit/Chem/rdDepictor.so
14# 0x00007FC9A77A6DD4 in <CONDA_ENV_PREFIX>/lib/python3.11/site-packages/rdkit/Chem/rdChemReactions.so
15# 0x00007FC9A77A6E24 in <CONDA_ENV_PREFIX>/lib/python3.11/site-packages/rdkit/Chem/rdChemReactions.so
16# 0x00007FC9A791FB94 in <CONDA_ENV_PREFIX>/lib/python3.11/site-packages/rdkit/Chem/rdMolChemicalFeatures.so
17# 0x00007FC9A83979B4 in <CONDA_ENV_PREFIX>/lib/python3.11/site-packages/rdkit/Chem/rdmolfiles.so
18# 0x00007FC9A8397A04 in <CONDA_ENV_PREFIX>/lib/python3.11/site-packages/rdkit/Chem/rdmolfiles.so
19# 0x00007FC9A85B1B04 in <CONDA_ENV_PREFIX>/lib/python3.11/site-packages/rdkit/Chem/rdCIPLabeler.so
20# 0x00007FC9A8E86174 in <CONDA_ENV_PREFIX>/lib/python3.11/site-packages/rdkit/Chem/rdchem.so
21# 0x00007FC9A8E1AAAD in <CONDA_ENV_PREFIX>/lib/python3.11/site-packages/rdkit/Chem/rdchem.so
22# 0x00007FC9A8E1A6AD in <CONDA_ENV_PREFIX>/lib/python3.11/site-packages/rdkit/Chem/rdchem.so
23# 0x00007FC9A8E1A2AD in <CONDA_ENV_PREFIX>/lib/python3.11/site-packages/rdkit/Chem/rdchem.so
24# 0x00007FC9A8E19EAD in <CONDA_ENV_PREFIX>/lib/python3.11/site-packages/rdkit/Chem/rdchem.so
25# 0x00007FC9A8E19AAD in <CONDA_ENV_PREFIX>/lib/python3.11/site-packages/rdkit/Chem/rdchem.so
26# 0x00007FC9A948EE54 in <CONDA_ENV_PREFIX>/lib/python3.11/site-packages/rdkit/rdBase.so
27# 0x00007FC9A948EEA4 in <CONDA_ENV_PREFIX>/lib/python3.11/site-packages/rdkit/rdBase.so
28# 0x00007FC9A948EEF4 in <CONDA_ENV_PREFIX>/lib/python3.11/site-packages/rdkit/rdBase.so
29# 0x00007FC9A948EF44 in <CONDA_ENV_PREFIX>/lib/python3.11/site-packages/rdkit/rdBase.so
30# boost::python::handle_exception_impl(boost::function_n<void>) in <CONDA_ENV_PREFIX>/lib/python3.11/site-packages/rdkit/../../../libboost_python311.so.1.86.0
31# 0x00007FC9A93B79B3 in <CONDA_ENV_PREFIX>/lib/python3.11/site-packages/rdkit/../../../libboost_python311.so.1.86.0
32# _PyObject_MakeTpCall in <CONDA_ENV_PREFIX>/bin/python
33# _PyEval_EvalFrameDefault in <CONDA_ENV_PREFIX>/bin/python
34# _PyFunction_Vectorcall in <CONDA_ENV_PREFIX>/bin/python
35# 0x0000555AD5345C50 in <CONDA_ENV_PREFIX>/bin/python
36# 0x0000555AD525B745 in <CONDA_ENV_PREFIX>/bin/python
37# 0x0000555AD528C1AA in <CONDA_ENV_PREFIX>/bin/python
38# PyObject_Vectorcall in <CONDA_ENV_PREFIX>/bin/python
39# _PyEval_EvalFrameDefault in <CONDA_ENV_PREFIX>/bin/python
40# _PyFunction_Vectorcall in <CONDA_ENV_PREFIX>/bin/python
41# _PyEval_EvalFrameDefault in <CONDA_ENV_PREFIX>/bin/python
42# _PyFunction_Vectorcall in <CONDA_ENV_PREFIX>/bin/python
43# _PyEval_EvalFrameDefault in <CONDA_ENV_PREFIX>/bin/python
44# _PyFunction_Vectorcall in <CONDA_ENV_PREFIX>/bin/python
45# 0x0000555AD5247979 in <CONDA_ENV_PREFIX>/bin/python
46# _PyObject_MakeTpCall in <CONDA_ENV_PREFIX>/bin/python
47# _PyEval_EvalFrameDefault in <CONDA_ENV_PREFIX>/bin/python
48# _PyFunction_Vectorcall in <CONDA_ENV_PREFIX>/bin/python
49# 0x0000555AD5247A1D in <CONDA_ENV_PREFIX>/bin/python
50# _PyObject_MakeTpCall in <CONDA_ENV_PREFIX>/bin/python
51# _PyEval_EvalFrameDefault in <CONDA_ENV_PREFIX>/bin/python
52# 0x0000555AD52D2B0D in <CONDA_ENV_PREFIX>/bin/python
53# PyEval_EvalCode in <CONDA_ENV_PREFIX>/bin/python
54# 0x0000555AD52F01AA in <CONDA_ENV_PREFIX>/bin/python
55# 0x0000555AD52EBE33 in <CONDA_ENV_PREFIX>/bin/python
56# 0x0000555AD53013D0 in <CONDA_ENV_PREFIX>/bin/python
57# _PyRun_SimpleFileObject in <CONDA_ENV_PREFIX>/bin/python
58# _PyRun_AnyFileObject in <CONDA_ENV_PREFIX>/bin/python
59# Py_RunMain in <CONDA_ENV_PREFIX>/bin/python
60# Py_BytesMain in <CONDA_ENV_PREFIX>/bin/python
61# 0x00007FC9B803CD90 in /lib/x86_64-linux-gnu/libc.so.6
62# __libc_start_main in /lib/x86_64-linux-gnu/libc.so.6
63# 0x0000555AD52C237A in <CONDA_ENV_PREFIX>/bin/python
----------
****

[20:26:27] UFFTYPER: Unrecognized atom type: S_5+6 (2)
[20:26:27] UFFTYPER: Unrecognized atom type: S_5+6 (2)
[20:26:27] 

****
Pre-condition Violation
bad params pointer
Violation occurred on line 79 in file /home/conda/feedstock_root/build_artifacts/rdkit-meta_1745736747213/work/Code/ForceField/UFF/AngleBend.cpp
Failed Expression: at2Params
----------
Stacktrace:
 0# Invar::Invariant::toString[abi:cxx11]() const in <CONDA_ENV_PREFIX>/lib/python3.11/site-packages/rdkit/../../../libRDKitRDGeneral.so.1
 1# Invar::operator<<(std::ostream&, Invar::Invariant const&) in <CONDA_ENV_PREFIX>/lib/python3.11/site-packages/rdkit/../../../libRDKitRDGeneral.so.1
 2# ForceFields::UFF::AngleBendContrib::AngleBendContrib(ForceFields::ForceField*, unsigned int, unsigned int, unsigned int, double, double, ForceFields::UFF::AtomicParams const*, ForceFields::UFF::AtomicParams const*, ForceFields::UFF::AtomicParams const*, unsigned int) in <CONDA_ENV_PREFIX>/lib/python3.11/site-packages/rdkit/ForceField/../../../../libRDKitForceField.so.1
 3# RDKit::UFF::Tools::addTrigonalBipyramidAngles(RDKit::Atom const*, RDKit::ROMol const&, int, std::vector<ForceFields::UFF::AtomicParams const*, std::allocator<ForceFields::UFF::AtomicParams const*> > const&, ForceFields::ForceField*) in <CONDA_ENV_PREFIX>/lib/python3.11/site-packages/rdkit/ForceField/../../../../libRDKitForceFieldHelpers.so.1
 4# RDKit::UFF::Tools::addAngleSpecialCases(RDKit::ROMol const&, int, std::vector<ForceFields::UFF::AtomicParams const*, std::allocator<ForceFields::UFF::AtomicParams const*> > const&, ForceFields::ForceField*) in <CONDA_ENV_PREFIX>/lib/python3.11/site-packages/rdkit/ForceField/../../../../libRDKitForceFieldHelpers.so.1
 5# RDKit::UFF::constructForceField(RDKit::ROMol&, std::vector<ForceFields::UFF::AtomicParams const*, std::allocator<ForceFields::UFF::AtomicParams const*> > const&, double, int, bool) in <CONDA_ENV_PREFIX>/lib/python3.11/site-packages/rdkit/ForceField/../../../../libRDKitForceFieldHelpers.so.1
 6# RDKit::UFF::constructForceField(RDKit::ROMol&, double, int, bool) in <CONDA_ENV_PREFIX>/lib/python3.11/site-packages/rdkit/ForceField/../../../../libRDKitForceFieldHelpers.so.1
 7# RDKit::UFFHelper(RDKit::ROMol&, int, double, int, bool) in <CONDA_ENV_PREFIX>/lib/python3.11/site-packages/rdkit/Chem/rdForceFieldHelpers.so
 8# 0x00007FC9A746103D in <CONDA_ENV_PREFIX>/lib/python3.11/site-packages/rdkit/Chem/rdForceFieldHelpers.so
 9# boost::python::objects::function::call(_object*, _object*) const in <CONDA_ENV_PREFIX>/lib/python3.11/site-packages/rdkit/../../../libboost_python311.so.1.86.0
10# 0x00007FC9A93BA449 in <CONDA_ENV_PREFIX>/lib/python3.11/site-packages/rdkit/../../../libboost_python311.so.1.86.0
11# boost::python::detail::exception_handler::operator()(boost::function_n<void> const&) const in <CONDA_ENV_PREFIX>/lib/python3.11/site-packages/rdkit/../../../libboost_python311.so.1.86.0
12# 0x00007FC9A711AC04 in <CONDA_ENV_PREFIX>/lib/python3.11/site-packages/rdkit/Chem/rdSLNParse.so
13# 0x00007FC9A7508354 in <CONDA_ENV_PREFIX>/lib/python3.11/site-packages/rdkit/Chem/rdDepictor.so
14# 0x00007FC9A77A6DD4 in <CONDA_ENV_PREFIX>/lib/python3.11/site-packages/rdkit/Chem/rdChemReactions.so
15# 0x00007FC9A77A6E24 in <CONDA_ENV_PREFIX>/lib/python3.11/site-packages/rdkit/Chem/rdChemReactions.so
16# 0x00007FC9A791FB94 in <CONDA_ENV_PREFIX>/lib/python3.11/site-packages/rdkit/Chem/rdMolChemicalFeatures.so
17# 0x00007FC9A83979B4 in <CONDA_ENV_PREFIX>/lib/python3.11/site-packages/rdkit/Chem/rdmolfiles.so
18# 0x00007FC9A8397A04 in <CONDA_ENV_PREFIX>/lib/python3.11/site-packages/rdkit/Chem/rdmolfiles.so
19# 0x00007FC9A85B1B04 in <CONDA_ENV_PREFIX>/lib/python3.11/site-packages/rdkit/Chem/rdCIPLabeler.so
20# 0x00007FC9A8E86174 in <CONDA_ENV_PREFIX>/lib/python3.11/site-packages/rdkit/Chem/rdchem.so
21# 0x00007FC9A8E1AAAD in <CONDA_ENV_PREFIX>/lib/python3.11/site-packages/rdkit/Chem/rdchem.so
22# 0x00007FC9A8E1A6AD in <CONDA_ENV_PREFIX>/lib/python3.11/site-packages/rdkit/Chem/rdchem.so
23# 0x00007FC9A8E1A2AD in <CONDA_ENV_PREFIX>/lib/python3.11/site-packages/rdkit/Chem/rdchem.so
24# 0x00007FC9A8E19EAD in <CONDA_ENV_PREFIX>/lib/python3.11/site-packages/rdkit/Chem/rdchem.so
25# 0x00007FC9A8E19AAD in <CONDA_ENV_PREFIX>/lib/python3.11/site-packages/rdkit/Chem/rdchem.so
26# 0x00007FC9A948EE54 in <CONDA_ENV_PREFIX>/lib/python3.11/site-packages/rdkit/rdBase.so
27# 0x00007FC9A948EEA4 in <CONDA_ENV_PREFIX>/lib/python3.11/site-packages/rdkit/rdBase.so
28# 0x00007FC9A948EEF4 in <CONDA_ENV_PREFIX>/lib/python3.11/site-packages/rdkit/rdBase.so
29# 0x00007FC9A948EF44 in <CONDA_ENV_PREFIX>/lib/python3.11/site-packages/rdkit/rdBase.so
30# boost::python::handle_exception_impl(boost::function_n<void>) in <CONDA_ENV_PREFIX>/lib/python3.11/site-packages/rdkit/../../../libboost_python311.so.1.86.0
31# 0x00007FC9A93B79B3 in <CONDA_ENV_PREFIX>/lib/python3.11/site-packages/rdkit/../../../libboost_python311.so.1.86.0
32# _PyObject_MakeTpCall in <CONDA_ENV_PREFIX>/bin/python
33# _PyEval_EvalFrameDefault in <CONDA_ENV_PREFIX>/bin/python
34# _PyFunction_Vectorcall in <CONDA_ENV_PREFIX>/bin/python
35# 0x0000555AD5345C50 in <CONDA_ENV_PREFIX>/bin/python
36# 0x0000555AD525B745 in <CONDA_ENV_PREFIX>/bin/python
37# 0x0000555AD528C1AA in <CONDA_ENV_PREFIX>/bin/python
38# PyObject_Vectorcall in <CONDA_ENV_PREFIX>/bin/python
39# _PyEval_EvalFrameDefault in <CONDA_ENV_PREFIX>/bin/python
40# _PyFunction_Vectorcall in <CONDA_ENV_PREFIX>/bin/python
41# _PyEval_EvalFrameDefault in <CONDA_ENV_PREFIX>/bin/python
42# _PyFunction_Vectorcall in <CONDA_ENV_PREFIX>/bin/python
43# _PyEval_EvalFrameDefault in <CONDA_ENV_PREFIX>/bin/python
44# _PyFunction_Vectorcall in <CONDA_ENV_PREFIX>/bin/python
45# 0x0000555AD5247979 in <CONDA_ENV_PREFIX>/bin/python
46# _PyObject_MakeTpCall in <CONDA_ENV_PREFIX>/bin/python
47# _PyEval_EvalFrameDefault in <CONDA_ENV_PREFIX>/bin/python
48# _PyFunction_Vectorcall in <CONDA_ENV_PREFIX>/bin/python
49# 0x0000555AD5247A1D in <CONDA_ENV_PREFIX>/bin/python
50# _PyObject_MakeTpCall in <CONDA_ENV_PREFIX>/bin/python
51# _PyEval_EvalFrameDefault in <CONDA_ENV_PREFIX>/bin/python
52# 0x0000555AD52D2B0D in <CONDA_ENV_PREFIX>/bin/python
53# PyEval_EvalCode in <CONDA_ENV_PREFIX>/bin/python
54# 0x0000555AD52F01AA in <CONDA_ENV_PREFIX>/bin/python
55# 0x0000555AD52EBE33 in <CONDA_ENV_PREFIX>/bin/python
56# 0x0000555AD53013D0 in <CONDA_ENV_PREFIX>/bin/python
57# _PyRun_SimpleFileObject in <CONDA_ENV_PREFIX>/bin/python
58# _PyRun_AnyFileObject in <CONDA_ENV_PREFIX>/bin/python
59# Py_RunMain in <CONDA_ENV_PREFIX>/bin/python
60# Py_BytesMain in <CONDA_ENV_PREFIX>/bin/python
61# 0x00007FC9B803CD90 in /lib/x86_64-linux-gnu/libc.so.6
62# __libc_start_main in /lib/x86_64-linux-gnu/libc.so.6
63# 0x0000555AD52C237A in <CONDA_ENV_PREFIX>/bin/python
----------
****

[20:26:28] UFFTYPER: Unrecognized atom type: S_5+6 (2)
[20:26:28] UFFTYPER: Unrecognized atom type: S_5+6 (2)
[20:26:28] 

****
Pre-condition Violation
bad params pointer
Violation occurred on line 79 in file /home/conda/feedstock_root/build_artifacts/rdkit-meta_1745736747213/work/Code/ForceField/UFF/AngleBend.cpp
Failed Expression: at2Params
----------
Stacktrace:
 0# Invar::Invariant::toString[abi:cxx11]() const in <CONDA_ENV_PREFIX>/lib/python3.11/site-packages/rdkit/../../../libRDKitRDGeneral.so.1
 1# Invar::operator<<(std::ostream&, Invar::Invariant const&) in <CONDA_ENV_PREFIX>/lib/python3.11/site-packages/rdkit/../../../libRDKitRDGeneral.so.1
 2# ForceFields::UFF::AngleBendContrib::AngleBendContrib(ForceFields::ForceField*, unsigned int, unsigned int, unsigned int, double, double, ForceFields::UFF::AtomicParams const*, ForceFields::UFF::AtomicParams const*, ForceFields::UFF::AtomicParams const*, unsigned int) in <CONDA_ENV_PREFIX>/lib/python3.11/site-packages/rdkit/ForceField/../../../../libRDKitForceField.so.1
 3# RDKit::UFF::Tools::addTrigonalBipyramidAngles(RDKit::Atom const*, RDKit::ROMol const&, int, std::vector<ForceFields::UFF::AtomicParams const*, std::allocator<ForceFields::UFF::AtomicParams const*> > const&, ForceFields::ForceField*) in <CONDA_ENV_PREFIX>/lib/python3.11/site-packages/rdkit/ForceField/../../../../libRDKitForceFieldHelpers.so.1
 4# RDKit::UFF::Tools::addAngleSpecialCases(RDKit::ROMol const&, int, std::vector<ForceFields::UFF::AtomicParams const*, std::allocator<ForceFields::UFF::AtomicParams const*> > const&, ForceFields::ForceField*) in <CONDA_ENV_PREFIX>/lib/python3.11/site-packages/rdkit/ForceField/../../../../libRDKitForceFieldHelpers.so.1
 5# RDKit::UFF::constructForceField(RDKit::ROMol&, std::vector<ForceFields::UFF::AtomicParams const*, std::allocator<ForceFields::UFF::AtomicParams const*> > const&, double, int, bool) in <CONDA_ENV_PREFIX>/lib/python3.11/site-packages/rdkit/ForceField/../../../../libRDKitForceFieldHelpers.so.1
 6# RDKit::UFF::constructForceField(RDKit::ROMol&, double, int, bool) in <CONDA_ENV_PREFIX>/lib/python3.11/site-packages/rdkit/ForceField/../../../../libRDKitForceFieldHelpers.so.1
 7# RDKit::UFFHelper(RDKit::ROMol&, int, double, int, bool) in <CONDA_ENV_PREFIX>/lib/python3.11/site-packages/rdkit/Chem/rdForceFieldHelpers.so
 8# 0x00007FC9A746103D in <CONDA_ENV_PREFIX>/lib/python3.11/site-packages/rdkit/Chem/rdForceFieldHelpers.so
 9# boost::python::objects::function::call(_object*, _object*) const in <CONDA_ENV_PREFIX>/lib/python3.11/site-packages/rdkit/../../../libboost_python311.so.1.86.0
10# 0x00007FC9A93BA449 in <CONDA_ENV_PREFIX>/lib/python3.11/site-packages/rdkit/../../../libboost_python311.so.1.86.0
11# boost::python::detail::exception_handler::operator()(boost::function_n<void> const&) const in <CONDA_ENV_PREFIX>/lib/python3.11/site-packages/rdkit/../../../libboost_python311.so.1.86.0
12# 0x00007FC9A711AC04 in <CONDA_ENV_PREFIX>/lib/python3.11/site-packages/rdkit/Chem/rdSLNParse.so
13# 0x00007FC9A7508354 in <CONDA_ENV_PREFIX>/lib/python3.11/site-packages/rdkit/Chem/rdDepictor.so
14# 0x00007FC9A77A6DD4 in <CONDA_ENV_PREFIX>/lib/python3.11/site-packages/rdkit/Chem/rdChemReactions.so
15# 0x00007FC9A77A6E24 in <CONDA_ENV_PREFIX>/lib/python3.11/site-packages/rdkit/Chem/rdChemReactions.so
16# 0x00007FC9A791FB94 in <CONDA_ENV_PREFIX>/lib/python3.11/site-packages/rdkit/Chem/rdMolChemicalFeatures.so
17# 0x00007FC9A83979B4 in <CONDA_ENV_PREFIX>/lib/python3.11/site-packages/rdkit/Chem/rdmolfiles.so
18# 0x00007FC9A8397A04 in <CONDA_ENV_PREFIX>/lib/python3.11/site-packages/rdkit/Chem/rdmolfiles.so
19# 0x00007FC9A85B1B04 in <CONDA_ENV_PREFIX>/lib/python3.11/site-packages/rdkit/Chem/rdCIPLabeler.so
20# 0x00007FC9A8E86174 in <CONDA_ENV_PREFIX>/lib/python3.11/site-packages/rdkit/Chem/rdchem.so
21# 0x00007FC9A8E1AAAD in <CONDA_ENV_PREFIX>/lib/python3.11/site-packages/rdkit/Chem/rdchem.so
22# 0x00007FC9A8E1A6AD in <CONDA_ENV_PREFIX>/lib/python3.11/site-packages/rdkit/Chem/rdchem.so
23# 0x00007FC9A8E1A2AD in <CONDA_ENV_PREFIX>/lib/python3.11/site-packages/rdkit/Chem/rdchem.so
24# 0x00007FC9A8E19EAD in <CONDA_ENV_PREFIX>/lib/python3.11/site-packages/rdkit/Chem/rdchem.so
25# 0x00007FC9A8E19AAD in <CONDA_ENV_PREFIX>/lib/python3.11/site-packages/rdkit/Chem/rdchem.so
26# 0x00007FC9A948EE54 in <CONDA_ENV_PREFIX>/lib/python3.11/site-packages/rdkit/rdBase.so
27# 0x00007FC9A948EEA4 in <CONDA_ENV_PREFIX>/lib/python3.11/site-packages/rdkit/rdBase.so
28# 0x00007FC9A948EEF4 in <CONDA_ENV_PREFIX>/lib/python3.11/site-packages/rdkit/rdBase.so
29# 0x00007FC9A948EF44 in <CONDA_ENV_PREFIX>/lib/python3.11/site-packages/rdkit/rdBase.so
30# boost::python::handle_exception_impl(boost::function_n<void>) in <CONDA_ENV_PREFIX>/lib/python3.11/site-packages/rdkit/../../../libboost_python311.so.1.86.0
31# 0x00007FC9A93B79B3 in <CONDA_ENV_PREFIX>/lib/python3.11/site-packages/rdkit/../../../libboost_python311.so.1.86.0
32# _PyObject_MakeTpCall in <CONDA_ENV_PREFIX>/bin/python
33# _PyEval_EvalFrameDefault in <CONDA_ENV_PREFIX>/bin/python
34# _PyFunction_Vectorcall in <CONDA_ENV_PREFIX>/bin/python
35# 0x0000555AD5345C50 in <CONDA_ENV_PREFIX>/bin/python
36# 0x0000555AD525B745 in <CONDA_ENV_PREFIX>/bin/python
37# 0x0000555AD528C1AA in <CONDA_ENV_PREFIX>/bin/python
38# PyObject_Vectorcall in <CONDA_ENV_PREFIX>/bin/python
39# _PyEval_EvalFrameDefault in <CONDA_ENV_PREFIX>/bin/python
40# _PyFunction_Vectorcall in <CONDA_ENV_PREFIX>/bin/python
41# _PyEval_EvalFrameDefault in <CONDA_ENV_PREFIX>/bin/python
42# _PyFunction_Vectorcall in <CONDA_ENV_PREFIX>/bin/python
43# _PyEval_EvalFrameDefault in <CONDA_ENV_PREFIX>/bin/python
44# _PyFunction_Vectorcall in <CONDA_ENV_PREFIX>/bin/python
45# 0x0000555AD5247979 in <CONDA_ENV_PREFIX>/bin/python
46# _PyObject_MakeTpCall in <CONDA_ENV_PREFIX>/bin/python
47# _PyEval_EvalFrameDefault in <CONDA_ENV_PREFIX>/bin/python
48# _PyFunction_Vectorcall in <CONDA_ENV_PREFIX>/bin/python
49# 0x0000555AD5247A1D in <CONDA_ENV_PREFIX>/bin/python
50# _PyObject_MakeTpCall in <CONDA_ENV_PREFIX>/bin/python
51# _PyEval_EvalFrameDefault in <CONDA_ENV_PREFIX>/bin/python
52# 0x0000555AD52D2B0D in <CONDA_ENV_PREFIX>/bin/python
53# PyEval_EvalCode in <CONDA_ENV_PREFIX>/bin/python
54# 0x0000555AD52F01AA in <CONDA_ENV_PREFIX>/bin/python
55# 0x0000555AD52EBE33 in <CONDA_ENV_PREFIX>/bin/python
56# 0x0000555AD53013D0 in <CONDA_ENV_PREFIX>/bin/python
57# _PyRun_SimpleFileObject in <CONDA_ENV_PREFIX>/bin/python
58# _PyRun_AnyFileObject in <CONDA_ENV_PREFIX>/bin/python
59# Py_RunMain in <CONDA_ENV_PREFIX>/bin/python
60# Py_BytesMain in <CONDA_ENV_PREFIX>/bin/python
61# 0x00007FC9B803CD90 in /lib/x86_64-linux-gnu/libc.so.6
62# __libc_start_main in /lib/x86_64-linux-gnu/libc.so.6
63# 0x0000555AD52C237A in <CONDA_ENV_PREFIX>/bin/python
----------
****

[20:26:28] UFFTYPER: Unrecognized atom type: S_5+6 (2)
[20:26:28] UFFTYPER: Unrecognized atom type: S_5+6 (2)
[20:26:28] 

****
Pre-condition Violation
bad params pointer
Violation occurred on line 79 in file /home/conda/feedstock_root/build_artifacts/rdkit-meta_1745736747213/work/Code/ForceField/UFF/AngleBend.cpp
Failed Expression: at2Params
----------
Stacktrace:
 0# Invar::Invariant::toString[abi:cxx11]() const in <CONDA_ENV_PREFIX>/lib/python3.11/site-packages/rdkit/../../../libRDKitRDGeneral.so.1
 1# Invar::operator<<(std::ostream&, Invar::Invariant const&) in <CONDA_ENV_PREFIX>/lib/python3.11/site-packages/rdkit/../../../libRDKitRDGeneral.so.1
 2# ForceFields::UFF::AngleBendContrib::AngleBendContrib(ForceFields::ForceField*, unsigned int, unsigned int, unsigned int, double, double, ForceFields::UFF::AtomicParams const*, ForceFields::UFF::AtomicParams const*, ForceFields::UFF::AtomicParams const*, unsigned int) in <CONDA_ENV_PREFIX>/lib/python3.11/site-packages/rdkit/ForceField/../../../../libRDKitForceField.so.1
 3# RDKit::UFF::Tools::addTrigonalBipyramidAngles(RDKit::Atom const*, RDKit::ROMol const&, int, std::vector<ForceFields::UFF::AtomicParams const*, std::allocator<ForceFields::UFF::AtomicParams const*> > const&, ForceFields::ForceField*) in <CONDA_ENV_PREFIX>/lib/python3.11/site-packages/rdkit/ForceField/../../../../libRDKitForceFieldHelpers.so.1
 4# RDKit::UFF::Tools::addAngleSpecialCases(RDKit::ROMol const&, int, std::vector<ForceFields::UFF::AtomicParams const*, std::allocator<ForceFields::UFF::AtomicParams const*> > const&, ForceFields::ForceField*) in <CONDA_ENV_PREFIX>/lib/python3.11/site-packages/rdkit/ForceField/../../../../libRDKitForceFieldHelpers.so.1
 5# RDKit::UFF::constructForceField(RDKit::ROMol&, std::vector<ForceFields::UFF::AtomicParams const*, std::allocator<ForceFields::UFF::AtomicParams const*> > const&, double, int, bool) in <CONDA_ENV_PREFIX>/lib/python3.11/site-packages/rdkit/ForceField/../../../../libRDKitForceFieldHelpers.so.1
 6# RDKit::UFF::constructForceField(RDKit::ROMol&, double, int, bool) in <CONDA_ENV_PREFIX>/lib/python3.11/site-packages/rdkit/ForceField/../../../../libRDKitForceFieldHelpers.so.1
 7# RDKit::UFFHelper(RDKit::ROMol&, int, double, int, bool) in <CONDA_ENV_PREFIX>/lib/python3.11/site-packages/rdkit/Chem/rdForceFieldHelpers.so
 8# 0x00007FC9A746103D in <CONDA_ENV_PREFIX>/lib/python3.11/site-packages/rdkit/Chem/rdForceFieldHelpers.so
 9# boost::python::objects::function::call(_object*, _object*) const in <CONDA_ENV_PREFIX>/lib/python3.11/site-packages/rdkit/../../../libboost_python311.so.1.86.0
10# 0x00007FC9A93BA449 in <CONDA_ENV_PREFIX>/lib/python3.11/site-packages/rdkit/../../../libboost_python311.so.1.86.0
11# boost::python::detail::exception_handler::operator()(boost::function_n<void> const&) const in <CONDA_ENV_PREFIX>/lib/python3.11/site-packages/rdkit/../../../libboost_python311.so.1.86.0
12# 0x00007FC9A711AC04 in <CONDA_ENV_PREFIX>/lib/python3.11/site-packages/rdkit/Chem/rdSLNParse.so
13# 0x00007FC9A7508354 in <CONDA_ENV_PREFIX>/lib/python3.11/site-packages/rdkit/Chem/rdDepictor.so
14# 0x00007FC9A77A6DD4 in <CONDA_ENV_PREFIX>/lib/python3.11/site-packages/rdkit/Chem/rdChemReactions.so
15# 0x00007FC9A77A6E24 in <CONDA_ENV_PREFIX>/lib/python3.11/site-packages/rdkit/Chem/rdChemReactions.so
16# 0x00007FC9A791FB94 in <CONDA_ENV_PREFIX>/lib/python3.11/site-packages/rdkit/Chem/rdMolChemicalFeatures.so
17# 0x00007FC9A83979B4 in <CONDA_ENV_PREFIX>/lib/python3.11/site-packages/rdkit/Chem/rdmolfiles.so
18# 0x00007FC9A8397A04 in <CONDA_ENV_PREFIX>/lib/python3.11/site-packages/rdkit/Chem/rdmolfiles.so
19# 0x00007FC9A85B1B04 in <CONDA_ENV_PREFIX>/lib/python3.11/site-packages/rdkit/Chem/rdCIPLabeler.so
20# 0x00007FC9A8E86174 in <CONDA_ENV_PREFIX>/lib/python3.11/site-packages/rdkit/Chem/rdchem.so
21# 0x00007FC9A8E1AAAD in <CONDA_ENV_PREFIX>/lib/python3.11/site-packages/rdkit/Chem/rdchem.so
22# 0x00007FC9A8E1A6AD in <CONDA_ENV_PREFIX>/lib/python3.11/site-packages/rdkit/Chem/rdchem.so
23# 0x00007FC9A8E1A2AD in <CONDA_ENV_PREFIX>/lib/python3.11/site-packages/rdkit/Chem/rdchem.so
24# 0x00007FC9A8E19EAD in <CONDA_ENV_PREFIX>/lib/python3.11/site-packages/rdkit/Chem/rdchem.so
25# 0x00007FC9A8E19AAD in <CONDA_ENV_PREFIX>/lib/python3.11/site-packages/rdkit/Chem/rdchem.so
26# 0x00007FC9A948EE54 in <CONDA_ENV_PREFIX>/lib/python3.11/site-packages/rdkit/rdBase.so
27# 0x00007FC9A948EEA4 in <CONDA_ENV_PREFIX>/lib/python3.11/site-packages/rdkit/rdBase.so
28# 0x00007FC9A948EEF4 in <CONDA_ENV_PREFIX>/lib/python3.11/site-packages/rdkit/rdBase.so
29# 0x00007FC9A948EF44 in <CONDA_ENV_PREFIX>/lib/python3.11/site-packages/rdkit/rdBase.so
30# boost::python::handle_exception_impl(boost::function_n<void>) in <CONDA_ENV_PREFIX>/lib/python3.11/site-packages/rdkit/../../../libboost_python311.so.1.86.0
31# 0x00007FC9A93B79B3 in <CONDA_ENV_PREFIX>/lib/python3.11/site-packages/rdkit/../../../libboost_python311.so.1.86.0
32# _PyObject_MakeTpCall in <CONDA_ENV_PREFIX>/bin/python
33# _PyEval_EvalFrameDefault in <CONDA_ENV_PREFIX>/bin/python
34# _PyFunction_Vectorcall in <CONDA_ENV_PREFIX>/bin/python
35# 0x0000555AD5345C50 in <CONDA_ENV_PREFIX>/bin/python
36# 0x0000555AD525B745 in <CONDA_ENV_PREFIX>/bin/python
37# 0x0000555AD528C1AA in <CONDA_ENV_PREFIX>/bin/python
38# PyObject_Vectorcall in <CONDA_ENV_PREFIX>/bin/python
39# _PyEval_EvalFrameDefault in <CONDA_ENV_PREFIX>/bin/python
40# _PyFunction_Vectorcall in <CONDA_ENV_PREFIX>/bin/python
41# _PyEval_EvalFrameDefault in <CONDA_ENV_PREFIX>/bin/python
42# _PyFunction_Vectorcall in <CONDA_ENV_PREFIX>/bin/python
43# _PyEval_EvalFrameDefault in <CONDA_ENV_PREFIX>/bin/python
44# _PyFunction_Vectorcall in <CONDA_ENV_PREFIX>/bin/python
45# 0x0000555AD5247979 in <CONDA_ENV_PREFIX>/bin/python
46# _PyObject_MakeTpCall in <CONDA_ENV_PREFIX>/bin/python
47# _PyEval_EvalFrameDefault in <CONDA_ENV_PREFIX>/bin/python
48# _PyFunction_Vectorcall in <CONDA_ENV_PREFIX>/bin/python
49# 0x0000555AD5247A1D in <CONDA_ENV_PREFIX>/bin/python
50# _PyObject_MakeTpCall in <CONDA_ENV_PREFIX>/bin/python
51# _PyEval_EvalFrameDefault in <CONDA_ENV_PREFIX>/bin/python
52# 0x0000555AD52D2B0D in <CONDA_ENV_PREFIX>/bin/python
53# PyEval_EvalCode in <CONDA_ENV_PREFIX>/bin/python
54# 0x0000555AD52F01AA in <CONDA_ENV_PREFIX>/bin/python
55# 0x0000555AD52EBE33 in <CONDA_ENV_PREFIX>/bin/python
56# 0x0000555AD53013D0 in <CONDA_ENV_PREFIX>/bin/python
57# _PyRun_SimpleFileObject in <CONDA_ENV_PREFIX>/bin/python
58# _PyRun_AnyFileObject in <CONDA_ENV_PREFIX>/bin/python
59# Py_RunMain in <CONDA_ENV_PREFIX>/bin/python
60# Py_BytesMain in <CONDA_ENV_PREFIX>/bin/python
61# 0x00007FC9B803CD90 in /lib/x86_64-linux-gnu/libc.so.6
62# __libc_start_main in /lib/x86_64-linux-gnu/libc.so.6
63# 0x0000555AD52C237A in <CONDA_ENV_PREFIX>/bin/python
----------
****

[20:26:28] UFFTYPER: Unrecognized atom type: S_5+6 (2)
[20:26:28] UFFTYPER: Unrecognized atom type: S_5+6 (2)
[20:26:28] 

****
Pre-condition Violation
bad params pointer
Violation occurred on line 79 in file /home/conda/feedstock_root/build_artifacts/rdkit-meta_1745736747213/work/Code/ForceField/UFF/AngleBend.cpp
Failed Expression: at2Params
----------
Stacktrace:
 0# Invar::Invariant::toString[abi:cxx11]() const in <CONDA_ENV_PREFIX>/lib/python3.11/site-packages/rdkit/../../../libRDKitRDGeneral.so.1
 1# Invar::operator<<(std::ostream&, Invar::Invariant const&) in <CONDA_ENV_PREFIX>/lib/python3.11/site-packages/rdkit/../../../libRDKitRDGeneral.so.1
 2# ForceFields::UFF::AngleBendContrib::AngleBendContrib(ForceFields::ForceField*, unsigned int, unsigned int, unsigned int, double, double, ForceFields::UFF::AtomicParams const*, ForceFields::UFF::AtomicParams const*, ForceFields::UFF::AtomicParams const*, unsigned int) in <CONDA_ENV_PREFIX>/lib/python3.11/site-packages/rdkit/ForceField/../../../../libRDKitForceField.so.1
 3# RDKit::UFF::Tools::addTrigonalBipyramidAngles(RDKit::Atom const*, RDKit::ROMol const&, int, std::vector<ForceFields::UFF::AtomicParams const*, std::allocator<ForceFields::UFF::AtomicParams const*> > const&, ForceFields::ForceField*) in <CONDA_ENV_PREFIX>/lib/python3.11/site-packages/rdkit/ForceField/../../../../libRDKitForceFieldHelpers.so.1
 4# RDKit::UFF::Tools::addAngleSpecialCases(RDKit::ROMol const&, int, std::vector<ForceFields::UFF::AtomicParams const*, std::allocator<ForceFields::UFF::AtomicParams const*> > const&, ForceFields::ForceField*) in <CONDA_ENV_PREFIX>/lib/python3.11/site-packages/rdkit/ForceField/../../../../libRDKitForceFieldHelpers.so.1
 5# RDKit::UFF::constructForceField(RDKit::ROMol&, std::vector<ForceFields::UFF::AtomicParams const*, std::allocator<ForceFields::UFF::AtomicParams const*> > const&, double, int, bool) in <CONDA_ENV_PREFIX>/lib/python3.11/site-packages/rdkit/ForceField/../../../../libRDKitForceFieldHelpers.so.1
 6# RDKit::UFF::constructForceField(RDKit::ROMol&, double, int, bool) in <CONDA_ENV_PREFIX>/lib/python3.11/site-packages/rdkit/ForceField/../../../../libRDKitForceFieldHelpers.so.1
 7# RDKit::UFFHelper(RDKit::ROMol&, int, double, int, bool) in <CONDA_ENV_PREFIX>/lib/python3.11/site-packages/rdkit/Chem/rdForceFieldHelpers.so
 8# 0x00007FC9A746103D in <CONDA_ENV_PREFIX>/lib/python3.11/site-packages/rdkit/Chem/rdForceFieldHelpers.so
 9# boost::python::objects::function::call(_object*, _object*) const in <CONDA_ENV_PREFIX>/lib/python3.11/site-packages/rdkit/../../../libboost_python311.so.1.86.0
10# 0x00007FC9A93BA449 in <CONDA_ENV_PREFIX>/lib/python3.11/site-packages/rdkit/../../../libboost_python311.so.1.86.0
11# boost::python::detail::exception_handler::operator()(boost::function_n<void> const&) const in <CONDA_ENV_PREFIX>/lib/python3.11/site-packages/rdkit/../../../libboost_python311.so.1.86.0
12# 0x00007FC9A711AC04 in <CONDA_ENV_PREFIX>/lib/python3.11/site-packages/rdkit/Chem/rdSLNParse.so
13# 0x00007FC9A7508354 in <CONDA_ENV_PREFIX>/lib/python3.11/site-packages/rdkit/Chem/rdDepictor.so
14# 0x00007FC9A77A6DD4 in <CONDA_ENV_PREFIX>/lib/python3.11/site-packages/rdkit/Chem/rdChemReactions.so
15# 0x00007FC9A77A6E24 in <CONDA_ENV_PREFIX>/lib/python3.11/site-packages/rdkit/Chem/rdChemReactions.so
16# 0x00007FC9A791FB94 in <CONDA_ENV_PREFIX>/lib/python3.11/site-packages/rdkit/Chem/rdMolChemicalFeatures.so
17# 0x00007FC9A83979B4 in <CONDA_ENV_PREFIX>/lib/python3.11/site-packages/rdkit/Chem/rdmolfiles.so
18# 0x00007FC9A8397A04 in <CONDA_ENV_PREFIX>/lib/python3.11/site-packages/rdkit/Chem/rdmolfiles.so
19# 0x00007FC9A85B1B04 in <CONDA_ENV_PREFIX>/lib/python3.11/site-packages/rdkit/Chem/rdCIPLabeler.so
20# 0x00007FC9A8E86174 in <CONDA_ENV_PREFIX>/lib/python3.11/site-packages/rdkit/Chem/rdchem.so
21# 0x00007FC9A8E1AAAD in <CONDA_ENV_PREFIX>/lib/python3.11/site-packages/rdkit/Chem/rdchem.so
22# 0x00007FC9A8E1A6AD in <CONDA_ENV_PREFIX>/lib/python3.11/site-packages/rdkit/Chem/rdchem.so
23# 0x00007FC9A8E1A2AD in <CONDA_ENV_PREFIX>/lib/python3.11/site-packages/rdkit/Chem/rdchem.so
24# 0x00007FC9A8E19EAD in <CONDA_ENV_PREFIX>/lib/python3.11/site-packages/rdkit/Chem/rdchem.so
25# 0x00007FC9A8E19AAD in <CONDA_ENV_PREFIX>/lib/python3.11/site-packages/rdkit/Chem/rdchem.so
26# 0x00007FC9A948EE54 in <CONDA_ENV_PREFIX>/lib/python3.11/site-packages/rdkit/rdBase.so
27# 0x00007FC9A948EEA4 in <CONDA_ENV_PREFIX>/lib/python3.11/site-packages/rdkit/rdBase.so
28# 0x00007FC9A948EEF4 in <CONDA_ENV_PREFIX>/lib/python3.11/site-packages/rdkit/rdBase.so
29# 0x00007FC9A948EF44 in <CONDA_ENV_PREFIX>/lib/python3.11/site-packages/rdkit/rdBase.so
30# boost::python::handle_exception_impl(boost::function_n<void>) in <CONDA_ENV_PREFIX>/lib/python3.11/site-packages/rdkit/../../../libboost_python311.so.1.86.0
31# 0x00007FC9A93B79B3 in <CONDA_ENV_PREFIX>/lib/python3.11/site-packages/rdkit/../../../libboost_python311.so.1.86.0
32# _PyObject_MakeTpCall in <CONDA_ENV_PREFIX>/bin/python
33# _PyEval_EvalFrameDefault in <CONDA_ENV_PREFIX>/bin/python
34# _PyFunction_Vectorcall in <CONDA_ENV_PREFIX>/bin/python
35# 0x0000555AD5345C50 in <CONDA_ENV_PREFIX>/bin/python
36# 0x0000555AD525B745 in <CONDA_ENV_PREFIX>/bin/python
37# 0x0000555AD528C1AA in <CONDA_ENV_PREFIX>/bin/python
38# PyObject_Vectorcall in <CONDA_ENV_PREFIX>/bin/python
39# _PyEval_EvalFrameDefault in <CONDA_ENV_PREFIX>/bin/python
40# _PyFunction_Vectorcall in <CONDA_ENV_PREFIX>/bin/python
41# _PyEval_EvalFrameDefault in <CONDA_ENV_PREFIX>/bin/python
42# _PyFunction_Vectorcall in <CONDA_ENV_PREFIX>/bin/python
43# _PyEval_EvalFrameDefault in <CONDA_ENV_PREFIX>/bin/python
44# _PyFunction_Vectorcall in <CONDA_ENV_PREFIX>/bin/python
45# 0x0000555AD5247979 in <CONDA_ENV_PREFIX>/bin/python
46# _PyObject_MakeTpCall in <CONDA_ENV_PREFIX>/bin/python
47# _PyEval_EvalFrameDefault in <CONDA_ENV_PREFIX>/bin/python
48# _PyFunction_Vectorcall in <CONDA_ENV_PREFIX>/bin/python
49# 0x0000555AD5247A1D in <CONDA_ENV_PREFIX>/bin/python
50# _PyObject_MakeTpCall in <CONDA_ENV_PREFIX>/bin/python
51# _PyEval_EvalFrameDefault in <CONDA_ENV_PREFIX>/bin/python
52# 0x0000555AD52D2B0D in <CONDA_ENV_PREFIX>/bin/python
53# PyEval_EvalCode in <CONDA_ENV_PREFIX>/bin/python
54# 0x0000555AD52F01AA in <CONDA_ENV_PREFIX>/bin/python
55# 0x0000555AD52EBE33 in <CONDA_ENV_PREFIX>/bin/python
56# 0x0000555AD53013D0 in <CONDA_ENV_PREFIX>/bin/python
57# _PyRun_SimpleFileObject in <CONDA_ENV_PREFIX>/bin/python
58# _PyRun_AnyFileObject in <CONDA_ENV_PREFIX>/bin/python
59# Py_RunMain in <CONDA_ENV_PREFIX>/bin/python
60# Py_BytesMain in <CONDA_ENV_PREFIX>/bin/python
61# 0x00007FC9B803CD90 in /lib/x86_64-linux-gnu/libc.so.6
62# __libc_start_main in /lib/x86_64-linux-gnu/libc.so.6
63# 0x0000555AD52C237A in <CONDA_ENV_PREFIX>/bin/python
----------
****

[20:26:29] UFFTYPER: Unrecognized atom type: S_5+6 (11)
[20:26:29] UFFTYPER: Unrecognized atom type: S_5+6 (11)
[20:26:29] 

****
Pre-condition Violation
bad params pointer
Violation occurred on line 79 in file /home/conda/feedstock_root/build_artifacts/rdkit-meta_1745736747213/work/Code/ForceField/UFF/AngleBend.cpp
Failed Expression: at2Params
----------
Stacktrace:
 0# Invar::Invariant::toString[abi:cxx11]() const in <CONDA_ENV_PREFIX>/lib/python3.11/site-packages/rdkit/../../../libRDKitRDGeneral.so.1
 1# Invar::operator<<(std::ostream&, Invar::Invariant const&) in <CONDA_ENV_PREFIX>/lib/python3.11/site-packages/rdkit/../../../libRDKitRDGeneral.so.1
 2# ForceFields::UFF::AngleBendContrib::AngleBendContrib(ForceFields::ForceField*, unsigned int, unsigned int, unsigned int, double, double, ForceFields::UFF::AtomicParams const*, ForceFields::UFF::AtomicParams const*, ForceFields::UFF::AtomicParams const*, unsigned int) in <CONDA_ENV_PREFIX>/lib/python3.11/site-packages/rdkit/ForceField/../../../../libRDKitForceField.so.1
 3# RDKit::UFF::Tools::addTrigonalBipyramidAngles(RDKit::Atom const*, RDKit::ROMol const&, int, std::vector<ForceFields::UFF::AtomicParams const*, std::allocator<ForceFields::UFF::AtomicParams const*> > const&, ForceFields::ForceField*) in <CONDA_ENV_PREFIX>/lib/python3.11/site-packages/rdkit/ForceField/../../../../libRDKitForceFieldHelpers.so.1
 4# RDKit::UFF::Tools::addAngleSpecialCases(RDKit::ROMol const&, int, std::vector<ForceFields::UFF::AtomicParams const*, std::allocator<ForceFields::UFF::AtomicParams const*> > const&, ForceFields::ForceField*) in <CONDA_ENV_PREFIX>/lib/python3.11/site-packages/rdkit/ForceField/../../../../libRDKitForceFieldHelpers.so.1
 5# RDKit::UFF::constructForceField(RDKit::ROMol&, std::vector<ForceFields::UFF::AtomicParams const*, std::allocator<ForceFields::UFF::AtomicParams const*> > const&, double, int, bool) in <CONDA_ENV_PREFIX>/lib/python3.11/site-packages/rdkit/ForceField/../../../../libRDKitForceFieldHelpers.so.1
 6# RDKit::UFF::constructForceField(RDKit::ROMol&, double, int, bool) in <CONDA_ENV_PREFIX>/lib/python3.11/site-packages/rdkit/ForceField/../../../../libRDKitForceFieldHelpers.so.1
 7# RDKit::UFFHelper(RDKit::ROMol&, int, double, int, bool) in <CONDA_ENV_PREFIX>/lib/python3.11/site-packages/rdkit/Chem/rdForceFieldHelpers.so
 8# 0x00007FC9A746103D in <CONDA_ENV_PREFIX>/lib/python3.11/site-packages/rdkit/Chem/rdForceFieldHelpers.so
 9# boost::python::objects::function::call(_object*, _object*) const in <CONDA_ENV_PREFIX>/lib/python3.11/site-packages/rdkit/../../../libboost_python311.so.1.86.0
10# 0x00007FC9A93BA449 in <CONDA_ENV_PREFIX>/lib/python3.11/site-packages/rdkit/../../../libboost_python311.so.1.86.0
11# boost::python::detail::exception_handler::operator()(boost::function_n<void> const&) const in <CONDA_ENV_PREFIX>/lib/python3.11/site-packages/rdkit/../../../libboost_python311.so.1.86.0
12# 0x00007FC9A711AC04 in <CONDA_ENV_PREFIX>/lib/python3.11/site-packages/rdkit/Chem/rdSLNParse.so
13# 0x00007FC9A7508354 in <CONDA_ENV_PREFIX>/lib/python3.11/site-packages/rdkit/Chem/rdDepictor.so
14# 0x00007FC9A77A6DD4 in <CONDA_ENV_PREFIX>/lib/python3.11/site-packages/rdkit/Chem/rdChemReactions.so
15# 0x00007FC9A77A6E24 in <CONDA_ENV_PREFIX>/lib/python3.11/site-packages/rdkit/Chem/rdChemReactions.so
16# 0x00007FC9A791FB94 in <CONDA_ENV_PREFIX>/lib/python3.11/site-packages/rdkit/Chem/rdMolChemicalFeatures.so
17# 0x00007FC9A83979B4 in <CONDA_ENV_PREFIX>/lib/python3.11/site-packages/rdkit/Chem/rdmolfiles.so
18# 0x00007FC9A8397A04 in <CONDA_ENV_PREFIX>/lib/python3.11/site-packages/rdkit/Chem/rdmolfiles.so
19# 0x00007FC9A85B1B04 in <CONDA_ENV_PREFIX>/lib/python3.11/site-packages/rdkit/Chem/rdCIPLabeler.so
20# 0x00007FC9A8E86174 in <CONDA_ENV_PREFIX>/lib/python3.11/site-packages/rdkit/Chem/rdchem.so
21# 0x00007FC9A8E1AAAD in <CONDA_ENV_PREFIX>/lib/python3.11/site-packages/rdkit/Chem/rdchem.so
22# 0x00007FC9A8E1A6AD in <CONDA_ENV_PREFIX>/lib/python3.11/site-packages/rdkit/Chem/rdchem.so
23# 0x00007FC9A8E1A2AD in <CONDA_ENV_PREFIX>/lib/python3.11/site-packages/rdkit/Chem/rdchem.so
24# 0x00007FC9A8E19EAD in <CONDA_ENV_PREFIX>/lib/python3.11/site-packages/rdkit/Chem/rdchem.so
25# 0x00007FC9A8E19AAD in <CONDA_ENV_PREFIX>/lib/python3.11/site-packages/rdkit/Chem/rdchem.so
26# 0x00007FC9A948EE54 in <CONDA_ENV_PREFIX>/lib/python3.11/site-packages/rdkit/rdBase.so
27# 0x00007FC9A948EEA4 in <CONDA_ENV_PREFIX>/lib/python3.11/site-packages/rdkit/rdBase.so
28# 0x00007FC9A948EEF4 in <CONDA_ENV_PREFIX>/lib/python3.11/site-packages/rdkit/rdBase.so
29# 0x00007FC9A948EF44 in <CONDA_ENV_PREFIX>/lib/python3.11/site-packages/rdkit/rdBase.so
30# boost::python::handle_exception_impl(boost::function_n<void>) in <CONDA_ENV_PREFIX>/lib/python3.11/site-packages/rdkit/../../../libboost_python311.so.1.86.0
31# 0x00007FC9A93B79B3 in <CONDA_ENV_PREFIX>/lib/python3.11/site-packages/rdkit/../../../libboost_python311.so.1.86.0
32# _PyObject_MakeTpCall in <CONDA_ENV_PREFIX>/bin/python
33# _PyEval_EvalFrameDefault in <CONDA_ENV_PREFIX>/bin/python
34# _PyFunction_Vectorcall in <CONDA_ENV_PREFIX>/bin/python
35# 0x0000555AD5345C50 in <CONDA_ENV_PREFIX>/bin/python
36# 0x0000555AD525B745 in <CONDA_ENV_PREFIX>/bin/python
37# 0x0000555AD528C1AA in <CONDA_ENV_PREFIX>/bin/python
38# PyObject_Vectorcall in <CONDA_ENV_PREFIX>/bin/python
39# _PyEval_EvalFrameDefault in <CONDA_ENV_PREFIX>/bin/python
40# _PyFunction_Vectorcall in <CONDA_ENV_PREFIX>/bin/python
41# _PyEval_EvalFrameDefault in <CONDA_ENV_PREFIX>/bin/python
42# _PyFunction_Vectorcall in <CONDA_ENV_PREFIX>/bin/python
43# _PyEval_EvalFrameDefault in <CONDA_ENV_PREFIX>/bin/python
44# _PyFunction_Vectorcall in <CONDA_ENV_PREFIX>/bin/python
45# 0x0000555AD5247979 in <CONDA_ENV_PREFIX>/bin/python
46# _PyObject_MakeTpCall in <CONDA_ENV_PREFIX>/bin/python
47# _PyEval_EvalFrameDefault in <CONDA_ENV_PREFIX>/bin/python
48# _PyFunction_Vectorcall in <CONDA_ENV_PREFIX>/bin/python
49# 0x0000555AD5247A1D in <CONDA_ENV_PREFIX>/bin/python
50# _PyObject_MakeTpCall in <CONDA_ENV_PREFIX>/bin/python
51# _PyEval_EvalFrameDefault in <CONDA_ENV_PREFIX>/bin/python
52# 0x0000555AD52D2B0D in <CONDA_ENV_PREFIX>/bin/python
53# PyEval_EvalCode in <CONDA_ENV_PREFIX>/bin/python
54# 0x0000555AD52F01AA in <CONDA_ENV_PREFIX>/bin/python
55# 0x0000555AD52EBE33 in <CONDA_ENV_PREFIX>/bin/python
56# 0x0000555AD53013D0 in <CONDA_ENV_PREFIX>/bin/python
57# _PyRun_SimpleFileObject in <CONDA_ENV_PREFIX>/bin/python
58# _PyRun_AnyFileObject in <CONDA_ENV_PREFIX>/bin/python
59# Py_RunMain in <CONDA_ENV_PREFIX>/bin/python
60# Py_BytesMain in <CONDA_ENV_PREFIX>/bin/python
61# 0x00007FC9B803CD90 in /lib/x86_64-linux-gnu/libc.so.6
62# __libc_start_main in /lib/x86_64-linux-gnu/libc.so.6
63# 0x0000555AD52C237A in <CONDA_ENV_PREFIX>/bin/python
----------
****

[20:26:29] UFFTYPER: Unrecognized atom type: S_5+6 (11)
[20:26:29] UFFTYPER: Unrecognized atom type: S_5+6 (11)
[20:26:29] 

****
Pre-condition Violation
bad params pointer
Violation occurred on line 79 in file /home/conda/feedstock_root/build_artifacts/rdkit-meta_1745736747213/work/Code/ForceField/UFF/AngleBend.cpp
Failed Expression: at2Params
----------
Stacktrace:
 0# Invar::Invariant::toString[abi:cxx11]() const in <CONDA_ENV_PREFIX>/lib/python3.11/site-packages/rdkit/../../../libRDKitRDGeneral.so.1
 1# Invar::operator<<(std::ostream&, Invar::Invariant const&) in <CONDA_ENV_PREFIX>/lib/python3.11/site-packages/rdkit/../../../libRDKitRDGeneral.so.1
 2# ForceFields::UFF::AngleBendContrib::AngleBendContrib(ForceFields::ForceField*, unsigned int, unsigned int, unsigned int, double, double, ForceFields::UFF::AtomicParams const*, ForceFields::UFF::AtomicParams const*, ForceFields::UFF::AtomicParams const*, unsigned int) in <CONDA_ENV_PREFIX>/lib/python3.11/site-packages/rdkit/ForceField/../../../../libRDKitForceField.so.1
 3# RDKit::UFF::Tools::addTrigonalBipyramidAngles(RDKit::Atom const*, RDKit::ROMol const&, int, std::vector<ForceFields::UFF::AtomicParams const*, std::allocator<ForceFields::UFF::AtomicParams const*> > const&, ForceFields::ForceField*) in <CONDA_ENV_PREFIX>/lib/python3.11/site-packages/rdkit/ForceField/../../../../libRDKitForceFieldHelpers.so.1
 4# RDKit::UFF::Tools::addAngleSpecialCases(RDKit::ROMol const&, int, std::vector<ForceFields::UFF::AtomicParams const*, std::allocator<ForceFields::UFF::AtomicParams const*> > const&, ForceFields::ForceField*) in <CONDA_ENV_PREFIX>/lib/python3.11/site-packages/rdkit/ForceField/../../../../libRDKitForceFieldHelpers.so.1
 5# RDKit::UFF::constructForceField(RDKit::ROMol&, std::vector<ForceFields::UFF::AtomicParams const*, std::allocator<ForceFields::UFF::AtomicParams const*> > const&, double, int, bool) in <CONDA_ENV_PREFIX>/lib/python3.11/site-packages/rdkit/ForceField/../../../../libRDKitForceFieldHelpers.so.1
 6# RDKit::UFF::constructForceField(RDKit::ROMol&, double, int, bool) in <CONDA_ENV_PREFIX>/lib/python3.11/site-packages/rdkit/ForceField/../../../../libRDKitForceFieldHelpers.so.1
 7# RDKit::UFFHelper(RDKit::ROMol&, int, double, int, bool) in <CONDA_ENV_PREFIX>/lib/python3.11/site-packages/rdkit/Chem/rdForceFieldHelpers.so
 8# 0x00007FC9A746103D in <CONDA_ENV_PREFIX>/lib/python3.11/site-packages/rdkit/Chem/rdForceFieldHelpers.so
 9# boost::python::objects::function::call(_object*, _object*) const in <CONDA_ENV_PREFIX>/lib/python3.11/site-packages/rdkit/../../../libboost_python311.so.1.86.0
10# 0x00007FC9A93BA449 in <CONDA_ENV_PREFIX>/lib/python3.11/site-packages/rdkit/../../../libboost_python311.so.1.86.0
11# boost::python::detail::exception_handler::operator()(boost::function_n<void> const&) const in <CONDA_ENV_PREFIX>/lib/python3.11/site-packages/rdkit/../../../libboost_python311.so.1.86.0
12# 0x00007FC9A711AC04 in <CONDA_ENV_PREFIX>/lib/python3.11/site-packages/rdkit/Chem/rdSLNParse.so
13# 0x00007FC9A7508354 in <CONDA_ENV_PREFIX>/lib/python3.11/site-packages/rdkit/Chem/rdDepictor.so
14# 0x00007FC9A77A6DD4 in <CONDA_ENV_PREFIX>/lib/python3.11/site-packages/rdkit/Chem/rdChemReactions.so
15# 0x00007FC9A77A6E24 in <CONDA_ENV_PREFIX>/lib/python3.11/site-packages/rdkit/Chem/rdChemReactions.so
16# 0x00007FC9A791FB94 in <CONDA_ENV_PREFIX>/lib/python3.11/site-packages/rdkit/Chem/rdMolChemicalFeatures.so
17# 0x00007FC9A83979B4 in <CONDA_ENV_PREFIX>/lib/python3.11/site-packages/rdkit/Chem/rdmolfiles.so
18# 0x00007FC9A8397A04 in <CONDA_ENV_PREFIX>/lib/python3.11/site-packages/rdkit/Chem/rdmolfiles.so
19# 0x00007FC9A85B1B04 in <CONDA_ENV_PREFIX>/lib/python3.11/site-packages/rdkit/Chem/rdCIPLabeler.so
20# 0x00007FC9A8E86174 in <CONDA_ENV_PREFIX>/lib/python3.11/site-packages/rdkit/Chem/rdchem.so
21# 0x00007FC9A8E1AAAD in <CONDA_ENV_PREFIX>/lib/python3.11/site-packages/rdkit/Chem/rdchem.so
22# 0x00007FC9A8E1A6AD in <CONDA_ENV_PREFIX>/lib/python3.11/site-packages/rdkit/Chem/rdchem.so
23# 0x00007FC9A8E1A2AD in <CONDA_ENV_PREFIX>/lib/python3.11/site-packages/rdkit/Chem/rdchem.so
24# 0x00007FC9A8E19EAD in <CONDA_ENV_PREFIX>/lib/python3.11/site-packages/rdkit/Chem/rdchem.so
25# 0x00007FC9A8E19AAD in <CONDA_ENV_PREFIX>/lib/python3.11/site-packages/rdkit/Chem/rdchem.so
26# 0x00007FC9A948EE54 in <CONDA_ENV_PREFIX>/lib/python3.11/site-packages/rdkit/rdBase.so
27# 0x00007FC9A948EEA4 in <CONDA_ENV_PREFIX>/lib/python3.11/site-packages/rdkit/rdBase.so
28# 0x00007FC9A948EEF4 in <CONDA_ENV_PREFIX>/lib/python3.11/site-packages/rdkit/rdBase.so
29# 0x00007FC9A948EF44 in <CONDA_ENV_PREFIX>/lib/python3.11/site-packages/rdkit/rdBase.so
30# boost::python::handle_exception_impl(boost::function_n<void>) in <CONDA_ENV_PREFIX>/lib/python3.11/site-packages/rdkit/../../../libboost_python311.so.1.86.0
31# 0x00007FC9A93B79B3 in <CONDA_ENV_PREFIX>/lib/python3.11/site-packages/rdkit/../../../libboost_python311.so.1.86.0
32# _PyObject_MakeTpCall in <CONDA_ENV_PREFIX>/bin/python
33# _PyEval_EvalFrameDefault in <CONDA_ENV_PREFIX>/bin/python
34# _PyFunction_Vectorcall in <CONDA_ENV_PREFIX>/bin/python
35# 0x0000555AD5345C50 in <CONDA_ENV_PREFIX>/bin/python
36# 0x0000555AD525B745 in <CONDA_ENV_PREFIX>/bin/python
37# 0x0000555AD528C1AA in <CONDA_ENV_PREFIX>/bin/python
38# PyObject_Vectorcall in <CONDA_ENV_PREFIX>/bin/python
39# _PyEval_EvalFrameDefault in <CONDA_ENV_PREFIX>/bin/python
40# _PyFunction_Vectorcall in <CONDA_ENV_PREFIX>/bin/python
41# _PyEval_EvalFrameDefault in <CONDA_ENV_PREFIX>/bin/python
42# _PyFunction_Vectorcall in <CONDA_ENV_PREFIX>/bin/python
43# _PyEval_EvalFrameDefault in <CONDA_ENV_PREFIX>/bin/python
44# _PyFunction_Vectorcall in <CONDA_ENV_PREFIX>/bin/python
45# 0x0000555AD5247979 in <CONDA_ENV_PREFIX>/bin/python
46# _PyObject_MakeTpCall in <CONDA_ENV_PREFIX>/bin/python
47# _PyEval_EvalFrameDefault in <CONDA_ENV_PREFIX>/bin/python
48# _PyFunction_Vectorcall in <CONDA_ENV_PREFIX>/bin/python
49# 0x0000555AD5247A1D in <CONDA_ENV_PREFIX>/bin/python
50# _PyObject_MakeTpCall in <CONDA_ENV_PREFIX>/bin/python
51# _PyEval_EvalFrameDefault in <CONDA_ENV_PREFIX>/bin/python
52# 0x0000555AD52D2B0D in <CONDA_ENV_PREFIX>/bin/python
53# PyEval_EvalCode in <CONDA_ENV_PREFIX>/bin/python
54# 0x0000555AD52F01AA in <CONDA_ENV_PREFIX>/bin/python
55# 0x0000555AD52EBE33 in <CONDA_ENV_PREFIX>/bin/python
56# 0x0000555AD53013D0 in <CONDA_ENV_PREFIX>/bin/python
57# _PyRun_SimpleFileObject in <CONDA_ENV_PREFIX>/bin/python
58# _PyRun_AnyFileObject in <CONDA_ENV_PREFIX>/bin/python
59# Py_RunMain in <CONDA_ENV_PREFIX>/bin/python
60# Py_BytesMain in <CONDA_ENV_PREFIX>/bin/python
61# 0x00007FC9B803CD90 in /lib/x86_64-linux-gnu/libc.so.6
62# __libc_start_main in /lib/x86_64-linux-gnu/libc.so.6
63# 0x0000555AD52C237A in <CONDA_ENV_PREFIX>/bin/python
----------
****

[20:26:31] UFFTYPER: Unrecognized atom type: S_5+6 (2)
[20:26:31] UFFTYPER: Unrecognized atom type: S_5+6 (2)
[20:26:31] 

****
Pre-condition Violation
bad params pointer
Violation occurred on line 79 in file /home/conda/feedstock_root/build_artifacts/rdkit-meta_1745736747213/work/Code/ForceField/UFF/AngleBend.cpp
Failed Expression: at2Params
----------
Stacktrace:
 0# Invar::Invariant::toString[abi:cxx11]() const in <CONDA_ENV_PREFIX>/lib/python3.11/site-packages/rdkit/../../../libRDKitRDGeneral.so.1
 1# Invar::operator<<(std::ostream&, Invar::Invariant const&) in <CONDA_ENV_PREFIX>/lib/python3.11/site-packages/rdkit/../../../libRDKitRDGeneral.so.1
 2# ForceFields::UFF::AngleBendContrib::AngleBendContrib(ForceFields::ForceField*, unsigned int, unsigned int, unsigned int, double, double, ForceFields::UFF::AtomicParams const*, ForceFields::UFF::AtomicParams const*, ForceFields::UFF::AtomicParams const*, unsigned int) in <CONDA_ENV_PREFIX>/lib/python3.11/site-packages/rdkit/ForceField/../../../../libRDKitForceField.so.1
 3# RDKit::UFF::Tools::addTrigonalBipyramidAngles(RDKit::Atom const*, RDKit::ROMol const&, int, std::vector<ForceFields::UFF::AtomicParams const*, std::allocator<ForceFields::UFF::AtomicParams const*> > const&, ForceFields::ForceField*) in <CONDA_ENV_PREFIX>/lib/python3.11/site-packages/rdkit/ForceField/../../../../libRDKitForceFieldHelpers.so.1
 4# RDKit::UFF::Tools::addAngleSpecialCases(RDKit::ROMol const&, int, std::vector<ForceFields::UFF::AtomicParams const*, std::allocator<ForceFields::UFF::AtomicParams const*> > const&, ForceFields::ForceField*) in <CONDA_ENV_PREFIX>/lib/python3.11/site-packages/rdkit/ForceField/../../../../libRDKitForceFieldHelpers.so.1
 5# RDKit::UFF::constructForceField(RDKit::ROMol&, std::vector<ForceFields::UFF::AtomicParams const*, std::allocator<ForceFields::UFF::AtomicParams const*> > const&, double, int, bool) in <CONDA_ENV_PREFIX>/lib/python3.11/site-packages/rdkit/ForceField/../../../../libRDKitForceFieldHelpers.so.1
 6# RDKit::UFF::constructForceField(RDKit::ROMol&, double, int, bool) in <CONDA_ENV_PREFIX>/lib/python3.11/site-packages/rdkit/ForceField/../../../../libRDKitForceFieldHelpers.so.1
 7# RDKit::UFFHelper(RDKit::ROMol&, int, double, int, bool) in <CONDA_ENV_PREFIX>/lib/python3.11/site-packages/rdkit/Chem/rdForceFieldHelpers.so
 8# 0x00007FC9A746103D in <CONDA_ENV_PREFIX>/lib/python3.11/site-packages/rdkit/Chem/rdForceFieldHelpers.so
 9# boost::python::objects::function::call(_object*, _object*) const in <CONDA_ENV_PREFIX>/lib/python3.11/site-packages/rdkit/../../../libboost_python311.so.1.86.0
10# 0x00007FC9A93BA449 in <CONDA_ENV_PREFIX>/lib/python3.11/site-packages/rdkit/../../../libboost_python311.so.1.86.0
11# boost::python::detail::exception_handler::operator()(boost::function_n<void> const&) const in <CONDA_ENV_PREFIX>/lib/python3.11/site-packages/rdkit/../../../libboost_python311.so.1.86.0
12# 0x00007FC9A711AC04 in <CONDA_ENV_PREFIX>/lib/python3.11/site-packages/rdkit/Chem/rdSLNParse.so
13# 0x00007FC9A7508354 in <CONDA_ENV_PREFIX>/lib/python3.11/site-packages/rdkit/Chem/rdDepictor.so
14# 0x00007FC9A77A6DD4 in <CONDA_ENV_PREFIX>/lib/python3.11/site-packages/rdkit/Chem/rdChemReactions.so
15# 0x00007FC9A77A6E24 in <CONDA_ENV_PREFIX>/lib/python3.11/site-packages/rdkit/Chem/rdChemReactions.so
16# 0x00007FC9A791FB94 in <CONDA_ENV_PREFIX>/lib/python3.11/site-packages/rdkit/Chem/rdMolChemicalFeatures.so
17# 0x00007FC9A83979B4 in <CONDA_ENV_PREFIX>/lib/python3.11/site-packages/rdkit/Chem/rdmolfiles.so
18# 0x00007FC9A8397A04 in <CONDA_ENV_PREFIX>/lib/python3.11/site-packages/rdkit/Chem/rdmolfiles.so
19# 0x00007FC9A85B1B04 in <CONDA_ENV_PREFIX>/lib/python3.11/site-packages/rdkit/Chem/rdCIPLabeler.so
20# 0x00007FC9A8E86174 in <CONDA_ENV_PREFIX>/lib/python3.11/site-packages/rdkit/Chem/rdchem.so
21# 0x00007FC9A8E1AAAD in <CONDA_ENV_PREFIX>/lib/python3.11/site-packages/rdkit/Chem/rdchem.so
22# 0x00007FC9A8E1A6AD in <CONDA_ENV_PREFIX>/lib/python3.11/site-packages/rdkit/Chem/rdchem.so
23# 0x00007FC9A8E1A2AD in <CONDA_ENV_PREFIX>/lib/python3.11/site-packages/rdkit/Chem/rdchem.so
24# 0x00007FC9A8E19EAD in <CONDA_ENV_PREFIX>/lib/python3.11/site-packages/rdkit/Chem/rdchem.so
25# 0x00007FC9A8E19AAD in <CONDA_ENV_PREFIX>/lib/python3.11/site-packages/rdkit/Chem/rdchem.so
26# 0x00007FC9A948EE54 in <CONDA_ENV_PREFIX>/lib/python3.11/site-packages/rdkit/rdBase.so
27# 0x00007FC9A948EEA4 in <CONDA_ENV_PREFIX>/lib/python3.11/site-packages/rdkit/rdBase.so
28# 0x00007FC9A948EEF4 in <CONDA_ENV_PREFIX>/lib/python3.11/site-packages/rdkit/rdBase.so
29# 0x00007FC9A948EF44 in <CONDA_ENV_PREFIX>/lib/python3.11/site-packages/rdkit/rdBase.so
30# boost::python::handle_exception_impl(boost::function_n<void>) in <CONDA_ENV_PREFIX>/lib/python3.11/site-packages/rdkit/../../../libboost_python311.so.1.86.0
31# 0x00007FC9A93B79B3 in <CONDA_ENV_PREFIX>/lib/python3.11/site-packages/rdkit/../../../libboost_python311.so.1.86.0
32# _PyObject_MakeTpCall in <CONDA_ENV_PREFIX>/bin/python
33# _PyEval_EvalFrameDefault in <CONDA_ENV_PREFIX>/bin/python
34# _PyFunction_Vectorcall in <CONDA_ENV_PREFIX>/bin/python
35# 0x0000555AD5345C50 in <CONDA_ENV_PREFIX>/bin/python
36# 0x0000555AD525B745 in <CONDA_ENV_PREFIX>/bin/python
37# 0x0000555AD528C1AA in <CONDA_ENV_PREFIX>/bin/python
38# PyObject_Vectorcall in <CONDA_ENV_PREFIX>/bin/python
39# _PyEval_EvalFrameDefault in <CONDA_ENV_PREFIX>/bin/python
40# _PyFunction_Vectorcall in <CONDA_ENV_PREFIX>/bin/python
41# _PyEval_EvalFrameDefault in <CONDA_ENV_PREFIX>/bin/python
42# _PyFunction_Vectorcall in <CONDA_ENV_PREFIX>/bin/python
43# _PyEval_EvalFrameDefault in <CONDA_ENV_PREFIX>/bin/python
44# _PyFunction_Vectorcall in <CONDA_ENV_PREFIX>/bin/python
45# 0x0000555AD5247979 in <CONDA_ENV_PREFIX>/bin/python
46# _PyObject_MakeTpCall in <CONDA_ENV_PREFIX>/bin/python
47# _PyEval_EvalFrameDefault in <CONDA_ENV_PREFIX>/bin/python
48# _PyFunction_Vectorcall in <CONDA_ENV_PREFIX>/bin/python
49# 0x0000555AD5247A1D in <CONDA_ENV_PREFIX>/bin/python
50# _PyObject_MakeTpCall in <CONDA_ENV_PREFIX>/bin/python
51# _PyEval_EvalFrameDefault in <CONDA_ENV_PREFIX>/bin/python
52# 0x0000555AD52D2B0D in <CONDA_ENV_PREFIX>/bin/python
53# PyEval_EvalCode in <CONDA_ENV_PREFIX>/bin/python
54# 0x0000555AD52F01AA in <CONDA_ENV_PREFIX>/bin/python
55# 0x0000555AD52EBE33 in <CONDA_ENV_PREFIX>/bin/python
56# 0x0000555AD53013D0 in <CONDA_ENV_PREFIX>/bin/python
57# _PyRun_SimpleFileObject in <CONDA_ENV_PREFIX>/bin/python
58# _PyRun_AnyFileObject in <CONDA_ENV_PREFIX>/bin/python
59# Py_RunMain in <CONDA_ENV_PREFIX>/bin/python
60# Py_BytesMain in <CONDA_ENV_PREFIX>/bin/python
61# 0x00007FC9B803CD90 in /lib/x86_64-linux-gnu/libc.so.6
62# __libc_start_main in /lib/x86_64-linux-gnu/libc.so.6
63# 0x0000555AD52C237A in <CONDA_ENV_PREFIX>/bin/python
----------
****

[20:26:31] UFFTYPER: Unrecognized atom type: S_5+6 (2)
[20:26:31] UFFTYPER: Unrecognized atom type: S_5+6 (2)
[20:26:31] 

****
Pre-condition Violation
bad params pointer
Violation occurred on line 79 in file /home/conda/feedstock_root/build_artifacts/rdkit-meta_1745736747213/work/Code/ForceField/UFF/AngleBend.cpp
Failed Expression: at2Params
----------
Stacktrace:
 0# Invar::Invariant::toString[abi:cxx11]() const in <CONDA_ENV_PREFIX>/lib/python3.11/site-packages/rdkit/../../../libRDKitRDGeneral.so.1
 1# Invar::operator<<(std::ostream&, Invar::Invariant const&) in <CONDA_ENV_PREFIX>/lib/python3.11/site-packages/rdkit/../../../libRDKitRDGeneral.so.1
 2# ForceFields::UFF::AngleBendContrib::AngleBendContrib(ForceFields::ForceField*, unsigned int, unsigned int, unsigned int, double, double, ForceFields::UFF::AtomicParams const*, ForceFields::UFF::AtomicParams const*, ForceFields::UFF::AtomicParams const*, unsigned int) in <CONDA_ENV_PREFIX>/lib/python3.11/site-packages/rdkit/ForceField/../../../../libRDKitForceField.so.1
 3# RDKit::UFF::Tools::addTrigonalBipyramidAngles(RDKit::Atom const*, RDKit::ROMol const&, int, std::vector<ForceFields::UFF::AtomicParams const*, std::allocator<ForceFields::UFF::AtomicParams const*> > const&, ForceFields::ForceField*) in <CONDA_ENV_PREFIX>/lib/python3.11/site-packages/rdkit/ForceField/../../../../libRDKitForceFieldHelpers.so.1
 4# RDKit::UFF::Tools::addAngleSpecialCases(RDKit::ROMol const&, int, std::vector<ForceFields::UFF::AtomicParams const*, std::allocator<ForceFields::UFF::AtomicParams const*> > const&, ForceFields::ForceField*) in <CONDA_ENV_PREFIX>/lib/python3.11/site-packages/rdkit/ForceField/../../../../libRDKitForceFieldHelpers.so.1
 5# RDKit::UFF::constructForceField(RDKit::ROMol&, std::vector<ForceFields::UFF::AtomicParams const*, std::allocator<ForceFields::UFF::AtomicParams const*> > const&, double, int, bool) in <CONDA_ENV_PREFIX>/lib/python3.11/site-packages/rdkit/ForceField/../../../../libRDKitForceFieldHelpers.so.1
 6# RDKit::UFF::constructForceField(RDKit::ROMol&, double, int, bool) in <CONDA_ENV_PREFIX>/lib/python3.11/site-packages/rdkit/ForceField/../../../../libRDKitForceFieldHelpers.so.1
 7# RDKit::UFFHelper(RDKit::ROMol&, int, double, int, bool) in <CONDA_ENV_PREFIX>/lib/python3.11/site-packages/rdkit/Chem/rdForceFieldHelpers.so
 8# 0x00007FC9A746103D in <CONDA_ENV_PREFIX>/lib/python3.11/site-packages/rdkit/Chem/rdForceFieldHelpers.so
 9# boost::python::objects::function::call(_object*, _object*) const in <CONDA_ENV_PREFIX>/lib/python3.11/site-packages/rdkit/../../../libboost_python311.so.1.86.0
10# 0x00007FC9A93BA449 in <CONDA_ENV_PREFIX>/lib/python3.11/site-packages/rdkit/../../../libboost_python311.so.1.86.0
11# boost::python::detail::exception_handler::operator()(boost::function_n<void> const&) const in <CONDA_ENV_PREFIX>/lib/python3.11/site-packages/rdkit/../../../libboost_python311.so.1.86.0
12# 0x00007FC9A711AC04 in <CONDA_ENV_PREFIX>/lib/python3.11/site-packages/rdkit/Chem/rdSLNParse.so
13# 0x00007FC9A7508354 in <CONDA_ENV_PREFIX>/lib/python3.11/site-packages/rdkit/Chem/rdDepictor.so
14# 0x00007FC9A77A6DD4 in <CONDA_ENV_PREFIX>/lib/python3.11/site-packages/rdkit/Chem/rdChemReactions.so
15# 0x00007FC9A77A6E24 in <CONDA_ENV_PREFIX>/lib/python3.11/site-packages/rdkit/Chem/rdChemReactions.so
16# 0x00007FC9A791FB94 in <CONDA_ENV_PREFIX>/lib/python3.11/site-packages/rdkit/Chem/rdMolChemicalFeatures.so
17# 0x00007FC9A83979B4 in <CONDA_ENV_PREFIX>/lib/python3.11/site-packages/rdkit/Chem/rdmolfiles.so
18# 0x00007FC9A8397A04 in <CONDA_ENV_PREFIX>/lib/python3.11/site-packages/rdkit/Chem/rdmolfiles.so
19# 0x00007FC9A85B1B04 in <CONDA_ENV_PREFIX>/lib/python3.11/site-packages/rdkit/Chem/rdCIPLabeler.so
20# 0x00007FC9A8E86174 in <CONDA_ENV_PREFIX>/lib/python3.11/site-packages/rdkit/Chem/rdchem.so
21# 0x00007FC9A8E1AAAD in <CONDA_ENV_PREFIX>/lib/python3.11/site-packages/rdkit/Chem/rdchem.so
22# 0x00007FC9A8E1A6AD in <CONDA_ENV_PREFIX>/lib/python3.11/site-packages/rdkit/Chem/rdchem.so
23# 0x00007FC9A8E1A2AD in <CONDA_ENV_PREFIX>/lib/python3.11/site-packages/rdkit/Chem/rdchem.so
24# 0x00007FC9A8E19EAD in <CONDA_ENV_PREFIX>/lib/python3.11/site-packages/rdkit/Chem/rdchem.so
25# 0x00007FC9A8E19AAD in <CONDA_ENV_PREFIX>/lib/python3.11/site-packages/rdkit/Chem/rdchem.so
26# 0x00007FC9A948EE54 in <CONDA_ENV_PREFIX>/lib/python3.11/site-packages/rdkit/rdBase.so
27# 0x00007FC9A948EEA4 in <CONDA_ENV_PREFIX>/lib/python3.11/site-packages/rdkit/rdBase.so
28# 0x00007FC9A948EEF4 in <CONDA_ENV_PREFIX>/lib/python3.11/site-packages/rdkit/rdBase.so
29# 0x00007FC9A948EF44 in <CONDA_ENV_PREFIX>/lib/python3.11/site-packages/rdkit/rdBase.so
30# boost::python::handle_exception_impl(boost::function_n<void>) in <CONDA_ENV_PREFIX>/lib/python3.11/site-packages/rdkit/../../../libboost_python311.so.1.86.0
31# 0x00007FC9A93B79B3 in <CONDA_ENV_PREFIX>/lib/python3.11/site-packages/rdkit/../../../libboost_python311.so.1.86.0
32# _PyObject_MakeTpCall in <CONDA_ENV_PREFIX>/bin/python
33# _PyEval_EvalFrameDefault in <CONDA_ENV_PREFIX>/bin/python
34# _PyFunction_Vectorcall in <CONDA_ENV_PREFIX>/bin/python
35# 0x0000555AD5345C50 in <CONDA_ENV_PREFIX>/bin/python
36# 0x0000555AD525B745 in <CONDA_ENV_PREFIX>/bin/python
37# 0x0000555AD528C1AA in <CONDA_ENV_PREFIX>/bin/python
38# PyObject_Vectorcall in <CONDA_ENV_PREFIX>/bin/python
39# _PyEval_EvalFrameDefault in <CONDA_ENV_PREFIX>/bin/python
40# _PyFunction_Vectorcall in <CONDA_ENV_PREFIX>/bin/python
41# _PyEval_EvalFrameDefault in <CONDA_ENV_PREFIX>/bin/python
42# _PyFunction_Vectorcall in <CONDA_ENV_PREFIX>/bin/python
43# _PyEval_EvalFrameDefault in <CONDA_ENV_PREFIX>/bin/python
44# _PyFunction_Vectorcall in <CONDA_ENV_PREFIX>/bin/python
45# 0x0000555AD5247979 in <CONDA_ENV_PREFIX>/bin/python
46# _PyObject_MakeTpCall in <CONDA_ENV_PREFIX>/bin/python
47# _PyEval_EvalFrameDefault in <CONDA_ENV_PREFIX>/bin/python
48# _PyFunction_Vectorcall in <CONDA_ENV_PREFIX>/bin/python
49# 0x0000555AD5247A1D in <CONDA_ENV_PREFIX>/bin/python
50# _PyObject_MakeTpCall in <CONDA_ENV_PREFIX>/bin/python
51# _PyEval_EvalFrameDefault in <CONDA_ENV_PREFIX>/bin/python
52# 0x0000555AD52D2B0D in <CONDA_ENV_PREFIX>/bin/python
53# PyEval_EvalCode in <CONDA_ENV_PREFIX>/bin/python
54# 0x0000555AD52F01AA in <CONDA_ENV_PREFIX>/bin/python
55# 0x0000555AD52EBE33 in <CONDA_ENV_PREFIX>/bin/python
56# 0x0000555AD53013D0 in <CONDA_ENV_PREFIX>/bin/python
57# _PyRun_SimpleFileObject in <CONDA_ENV_PREFIX>/bin/python
58# _PyRun_AnyFileObject in <CONDA_ENV_PREFIX>/bin/python
59# Py_RunMain in <CONDA_ENV_PREFIX>/bin/python
60# Py_BytesMain in <CONDA_ENV_PREFIX>/bin/python
61# 0x00007FC9B803CD90 in /lib/x86_64-linux-gnu/libc.so.6
62# __libc_start_main in /lib/x86_64-linux-gnu/libc.so.6
63# 0x0000555AD52C237A in <CONDA_ENV_PREFIX>/bin/python
----------
****

[20:26:31] UFFTYPER: Unrecognized atom type: S_5+6 (12)
[20:26:31] UFFTYPER: Unrecognized atom type: S_5+6 (12)
[20:26:31] 

****
Pre-condition Violation
bad params pointer
Violation occurred on line 79 in file /home/conda/feedstock_root/build_artifacts/rdkit-meta_1745736747213/work/Code/ForceField/UFF/AngleBend.cpp
Failed Expression: at2Params
----------
Stacktrace:
 0# Invar::Invariant::toString[abi:cxx11]() const in <CONDA_ENV_PREFIX>/lib/python3.11/site-packages/rdkit/../../../libRDKitRDGeneral.so.1
 1# Invar::operator<<(std::ostream&, Invar::Invariant const&) in <CONDA_ENV_PREFIX>/lib/python3.11/site-packages/rdkit/../../../libRDKitRDGeneral.so.1
 2# ForceFields::UFF::AngleBendContrib::AngleBendContrib(ForceFields::ForceField*, unsigned int, unsigned int, unsigned int, double, double, ForceFields::UFF::AtomicParams const*, ForceFields::UFF::AtomicParams const*, ForceFields::UFF::AtomicParams const*, unsigned int) in <CONDA_ENV_PREFIX>/lib/python3.11/site-packages/rdkit/ForceField/../../../../libRDKitForceField.so.1
 3# RDKit::UFF::Tools::addTrigonalBipyramidAngles(RDKit::Atom const*, RDKit::ROMol const&, int, std::vector<ForceFields::UFF::AtomicParams const*, std::allocator<ForceFields::UFF::AtomicParams const*> > const&, ForceFields::ForceField*) in <CONDA_ENV_PREFIX>/lib/python3.11/site-packages/rdkit/ForceField/../../../../libRDKitForceFieldHelpers.so.1
 4# RDKit::UFF::Tools::addAngleSpecialCases(RDKit::ROMol const&, int, std::vector<ForceFields::UFF::AtomicParams const*, std::allocator<ForceFields::UFF::AtomicParams const*> > const&, ForceFields::ForceField*) in <CONDA_ENV_PREFIX>/lib/python3.11/site-packages/rdkit/ForceField/../../../../libRDKitForceFieldHelpers.so.1
 5# RDKit::UFF::constructForceField(RDKit::ROMol&, std::vector<ForceFields::UFF::AtomicParams const*, std::allocator<ForceFields::UFF::AtomicParams const*> > const&, double, int, bool) in <CONDA_ENV_PREFIX>/lib/python3.11/site-packages/rdkit/ForceField/../../../../libRDKitForceFieldHelpers.so.1
 6# RDKit::UFF::constructForceField(RDKit::ROMol&, double, int, bool) in <CONDA_ENV_PREFIX>/lib/python3.11/site-packages/rdkit/ForceField/../../../../libRDKitForceFieldHelpers.so.1
 7# RDKit::UFFHelper(RDKit::ROMol&, int, double, int, bool) in <CONDA_ENV_PREFIX>/lib/python3.11/site-packages/rdkit/Chem/rdForceFieldHelpers.so
 8# 0x00007FC9A746103D in <CONDA_ENV_PREFIX>/lib/python3.11/site-packages/rdkit/Chem/rdForceFieldHelpers.so
 9# boost::python::objects::function::call(_object*, _object*) const in <CONDA_ENV_PREFIX>/lib/python3.11/site-packages/rdkit/../../../libboost_python311.so.1.86.0
10# 0x00007FC9A93BA449 in <CONDA_ENV_PREFIX>/lib/python3.11/site-packages/rdkit/../../../libboost_python311.so.1.86.0
11# boost::python::detail::exception_handler::operator()(boost::function_n<void> const&) const in <CONDA_ENV_PREFIX>/lib/python3.11/site-packages/rdkit/../../../libboost_python311.so.1.86.0
12# 0x00007FC9A711AC04 in <CONDA_ENV_PREFIX>/lib/python3.11/site-packages/rdkit/Chem/rdSLNParse.so
13# 0x00007FC9A7508354 in <CONDA_ENV_PREFIX>/lib/python3.11/site-packages/rdkit/Chem/rdDepictor.so
14# 0x00007FC9A77A6DD4 in <CONDA_ENV_PREFIX>/lib/python3.11/site-packages/rdkit/Chem/rdChemReactions.so
15# 0x00007FC9A77A6E24 in <CONDA_ENV_PREFIX>/lib/python3.11/site-packages/rdkit/Chem/rdChemReactions.so
16# 0x00007FC9A791FB94 in <CONDA_ENV_PREFIX>/lib/python3.11/site-packages/rdkit/Chem/rdMolChemicalFeatures.so
17# 0x00007FC9A83979B4 in <CONDA_ENV_PREFIX>/lib/python3.11/site-packages/rdkit/Chem/rdmolfiles.so
18# 0x00007FC9A8397A04 in <CONDA_ENV_PREFIX>/lib/python3.11/site-packages/rdkit/Chem/rdmolfiles.so
19# 0x00007FC9A85B1B04 in <CONDA_ENV_PREFIX>/lib/python3.11/site-packages/rdkit/Chem/rdCIPLabeler.so
20# 0x00007FC9A8E86174 in <CONDA_ENV_PREFIX>/lib/python3.11/site-packages/rdkit/Chem/rdchem.so
21# 0x00007FC9A8E1AAAD in <CONDA_ENV_PREFIX>/lib/python3.11/site-packages/rdkit/Chem/rdchem.so
22# 0x00007FC9A8E1A6AD in <CONDA_ENV_PREFIX>/lib/python3.11/site-packages/rdkit/Chem/rdchem.so
23# 0x00007FC9A8E1A2AD in <CONDA_ENV_PREFIX>/lib/python3.11/site-packages/rdkit/Chem/rdchem.so
24# 0x00007FC9A8E19EAD in <CONDA_ENV_PREFIX>/lib/python3.11/site-packages/rdkit/Chem/rdchem.so
25# 0x00007FC9A8E19AAD in <CONDA_ENV_PREFIX>/lib/python3.11/site-packages/rdkit/Chem/rdchem.so
26# 0x00007FC9A948EE54 in <CONDA_ENV_PREFIX>/lib/python3.11/site-packages/rdkit/rdBase.so
27# 0x00007FC9A948EEA4 in <CONDA_ENV_PREFIX>/lib/python3.11/site-packages/rdkit/rdBase.so
28# 0x00007FC9A948EEF4 in <CONDA_ENV_PREFIX>/lib/python3.11/site-packages/rdkit/rdBase.so
29# 0x00007FC9A948EF44 in <CONDA_ENV_PREFIX>/lib/python3.11/site-packages/rdkit/rdBase.so
30# boost::python::handle_exception_impl(boost::function_n<void>) in <CONDA_ENV_PREFIX>/lib/python3.11/site-packages/rdkit/../../../libboost_python311.so.1.86.0
31# 0x00007FC9A93B79B3 in <CONDA_ENV_PREFIX>/lib/python3.11/site-packages/rdkit/../../../libboost_python311.so.1.86.0
32# _PyObject_MakeTpCall in <CONDA_ENV_PREFIX>/bin/python
33# _PyEval_EvalFrameDefault in <CONDA_ENV_PREFIX>/bin/python
34# _PyFunction_Vectorcall in <CONDA_ENV_PREFIX>/bin/python
35# 0x0000555AD5345C50 in <CONDA_ENV_PREFIX>/bin/python
36# 0x0000555AD525B745 in <CONDA_ENV_PREFIX>/bin/python
37# 0x0000555AD528C1AA in <CONDA_ENV_PREFIX>/bin/python
38# PyObject_Vectorcall in <CONDA_ENV_PREFIX>/bin/python
39# _PyEval_EvalFrameDefault in <CONDA_ENV_PREFIX>/bin/python
40# _PyFunction_Vectorcall in <CONDA_ENV_PREFIX>/bin/python
41# _PyEval_EvalFrameDefault in <CONDA_ENV_PREFIX>/bin/python
42# _PyFunction_Vectorcall in <CONDA_ENV_PREFIX>/bin/python
43# _PyEval_EvalFrameDefault in <CONDA_ENV_PREFIX>/bin/python
44# _PyFunction_Vectorcall in <CONDA_ENV_PREFIX>/bin/python
45# 0x0000555AD5247979 in <CONDA_ENV_PREFIX>/bin/python
46# _PyObject_MakeTpCall in <CONDA_ENV_PREFIX>/bin/python
47# _PyEval_EvalFrameDefault in <CONDA_ENV_PREFIX>/bin/python
48# _PyFunction_Vectorcall in <CONDA_ENV_PREFIX>/bin/python
49# 0x0000555AD5247A1D in <CONDA_ENV_PREFIX>/bin/python
50# _PyObject_MakeTpCall in <CONDA_ENV_PREFIX>/bin/python
51# _PyEval_EvalFrameDefault in <CONDA_ENV_PREFIX>/bin/python
52# 0x0000555AD52D2B0D in <CONDA_ENV_PREFIX>/bin/python
53# PyEval_EvalCode in <CONDA_ENV_PREFIX>/bin/python
54# 0x0000555AD52F01AA in <CONDA_ENV_PREFIX>/bin/python
55# 0x0000555AD52EBE33 in <CONDA_ENV_PREFIX>/bin/python
56# 0x0000555AD53013D0 in <CONDA_ENV_PREFIX>/bin/python
57# _PyRun_SimpleFileObject in <CONDA_ENV_PREFIX>/bin/python
58# _PyRun_AnyFileObject in <CONDA_ENV_PREFIX>/bin/python
59# Py_RunMain in <CONDA_ENV_PREFIX>/bin/python
60# Py_BytesMain in <CONDA_ENV_PREFIX>/bin/python
61# 0x00007FC9B803CD90 in /lib/x86_64-linux-gnu/libc.so.6
62# __libc_start_main in /lib/x86_64-linux-gnu/libc.so.6
63# 0x0000555AD52C237A in <CONDA_ENV_PREFIX>/bin/python
----------
****

[20:26:32] UFFTYPER: Unrecognized atom type: S_5+6 (2)
[20:26:32] UFFTYPER: Unrecognized atom type: S_5+6 (2)
[20:26:32] 

****
[20:26:32] UFFTYPER: Unrecognized atom type: S_5+6 (2)
Pre-condition Violation
bad params pointer
Violation occurred on line 79 in file /home/conda/feedstock_root/build_artifacts/rdkit-meta_1745736747213/work/Code/ForceField/UFF/AngleBend.cpp
Failed Expression: at2Params
----------
Stacktrace:
 0# Invar::Invariant::toString[abi:cxx11]() const in <CONDA_ENV_PREFIX>/lib/python3.11/site-packages/rdkit/../../../libRDKitRDGeneral.so.1
 1# Invar::operator<<(std::ostream&, Invar::Invariant const&) in <CONDA_ENV_PREFIX>/lib/python3.11/site-packages/rdkit/../../../libRDKitRDGeneral.so.1
 2# ForceFields::UFF::AngleBendContrib::AngleBendContrib(ForceFields::ForceField*, unsigned int, unsigned int, unsigned int, double, double, ForceFields::UFF::AtomicParams const*, ForceFields::UFF::AtomicParams const*, ForceFields::UFF::AtomicParams const*, unsigned int) in <CONDA_ENV_PREFIX>/lib/python3.11/site-packages/rdkit/ForceField/../../../../libRDKitForceField.so.1
 3# RDKit::UFF::Tools::addTrigonalBipyramidAngles(RDKit::Atom const*, RDKit::ROMol const&, int, std::vector<ForceFields::UFF::AtomicParams const*, std::allocator<ForceFields::UFF::AtomicParams const*> > const&, ForceFields::ForceField*) in <CONDA_ENV_PREFIX>/lib/python3.11/site-packages/rdkit/ForceField/../../../../libRDKitForceFieldHelpers.so.1
 4# RDKit::UFF::Tools::addAngleSpecialCases(RDKit::ROMol const&, int, std::vector<ForceFields::UFF::AtomicParams const*, std::allocator<ForceFields::UFF::AtomicParams const*> > const&, ForceFields::ForceField*) in <CONDA_ENV_PREFIX>/lib/python3.11/site-packages/rdkit/ForceField/../../../../libRDKitForceFieldHelpers.so.1
 5# RDKit::UFF::constructForceField(RDKit::ROMol&, std::vector<ForceFields::UFF::AtomicParams const*, std::allocator<ForceFields::UFF::AtomicParams const*> > const&, double, int, bool) in <CONDA_ENV_PREFIX>/lib/python3.11/site-packages/rdkit/ForceField/../../../../libRDKitForceFieldHelpers.so.1
 6# RDKit::UFF::constructForceField(RDKit::ROMol&, double, int, bool) in <CONDA_ENV_PREFIX>/lib/python3.11/site-packages/rdkit/ForceField/../../../../libRDKitForceFieldHelpers.so.1
 7# RDKit::UFFHelper(RDKit::ROMol&, int, double, int, bool) in <CONDA_ENV_PREFIX>/lib/python3.11/site-packages/rdkit/Chem/rdForceFieldHelpers.so
 8# 0x00007FC9A746103D in <CONDA_ENV_PREFIX>/lib/python3.11/site-packages/rdkit/Chem/rdForceFieldHelpers.so
 9# boost::python::objects::function::call(_object*, _object*) const in <CONDA_ENV_PREFIX>/lib/python3.11/site-packages/rdkit/../../../libboost_python311.so.1.86.0
10# 0x00007FC9A93BA449 in <CONDA_ENV_PREFIX>/lib/python3.11/site-packages/rdkit/../../../libboost_python311.so.1.86.0
11# boost::python::detail::exception_handler::operator()(boost::function_n<void> const&) const in <CONDA_ENV_PREFIX>/lib/python3.11/site-packages/rdkit/../../../libboost_python311.so.1.86.0
12# 0x00007FC9A711AC04 in <CONDA_ENV_PREFIX>/lib/python3.11/site-packages/rdkit/Chem/rdSLNParse.so
13# 0x00007FC9A7508354 in <CONDA_ENV_PREFIX>/lib/python3.11/site-packages/rdkit/Chem/rdDepictor.so
14# 0x00007FC9A77A6DD4 in <CONDA_ENV_PREFIX>/lib/python3.11/site-packages/rdkit/Chem/rdChemReactions.so
15# 0x00007FC9A77A6E24 in <CONDA_ENV_PREFIX>/lib/python3.11/site-packages/rdkit/Chem/rdChemReactions.so
16# 0x00007FC9A791FB94 in <CONDA_ENV_PREFIX>/lib/python3.11/site-packages/rdkit/Chem/rdMolChemicalFeatures.so
17# 0x00007FC9A83979B4 in <CONDA_ENV_PREFIX>/lib/python3.11/site-packages/rdkit/Chem/rdmolfiles.so
18# 0x00007FC9A8397A04 in <CONDA_ENV_PREFIX>/lib/python3.11/site-packages/rdkit/Chem/rdmolfiles.so
19# 0x00007FC9A85B1B04 in <CONDA_ENV_PREFIX>/lib/python3.11/site-packages/rdkit/Chem/rdCIPLabeler.so
20# 0x00007FC9A8E86174 in <CONDA_ENV_PREFIX>/lib/python3.11/site-packages/rdkit/Chem/rdchem.so
21# 0x00007FC9A8E1AAAD in <CONDA_ENV_PREFIX>/lib/python3.11/site-packages/rdkit/Chem/rdchem.so
22# 0x00007FC9A8E1A6AD in <CONDA_ENV_PREFIX>/lib/python3.11/site-packages/rdkit/Chem/rdchem.so
23# 0x00007FC9A8E1A2AD in <CONDA_ENV_PREFIX>/lib/python3.11/site-packages/rdkit/Chem/rdchem.so
24# 0x00007FC9A8E19EAD in <CONDA_ENV_PREFIX>/lib/python3.11/site-packages/rdkit/Chem/rdchem.so
25# 0x00007FC9A8E19AAD in <CONDA_ENV_PREFIX>/lib/python3.11/site-packages/rdkit/Chem/rdchem.so
26# 0x00007FC9A948EE54 in <CONDA_ENV_PREFIX>/lib/python3.11/site-packages/rdkit/rdBase.so
27# 0x00007FC9A948EEA4 in <CONDA_ENV_PREFIX>/lib/python3.11/site-packages/rdkit/rdBase.so
28# 0x00007FC9A948EEF4 in <CONDA_ENV_PREFIX>/lib/python3.11/site-packages/rdkit/rdBase.so
29# 0x00007FC9A948EF44 in <CONDA_ENV_PREFIX>/lib/python3.11/site-packages/rdkit/rdBase.so
30# boost::python::handle_exception_impl(boost::function_n<void>) in <CONDA_ENV_PREFIX>/lib/python3.11/site-packages/rdkit/../../../libboost_python311.so.1.86.0
31# 0x00007FC9A93B79B3 in <CONDA_ENV_PREFIX>/lib/python3.11/site-packages/rdkit/../../../libboost_python311.so.1.86.0
32# _PyObject_MakeTpCall in <CONDA_ENV_PREFIX>/bin/python
33# _PyEval_EvalFrameDefault in <CONDA_ENV_PREFIX>/bin/python
34# _PyFunction_Vectorcall in <CONDA_ENV_PREFIX>/bin/python
35# 0x0000555AD5345C50 in <CONDA_ENV_PREFIX>/bin/python
36# 0x0000555AD525B745 in <CONDA_ENV_PREFIX>/bin/python
37# 0x0000555AD528C1AA in <CONDA_ENV_PREFIX>/bin/python
38# PyObject_Vectorcall in <CONDA_ENV_PREFIX>/bin/python
39# _PyEval_EvalFrameDefault in <CONDA_ENV_PREFIX>/bin/python
40# _PyFunction_Vectorcall in <CONDA_ENV_PREFIX>/bin/python
41# _PyEval_EvalFrameDefault in <CONDA_ENV_PREFIX>/bin/python
42# _PyFunction_Vectorcall in <CONDA_ENV_PREFIX>/bin/python
43# _PyEval_EvalFrameDefault in <CONDA_ENV_PREFIX>/bin/python
44# _PyFunction_Vectorcall in <CONDA_ENV_PREFIX>/bin/python
45# 0x0000555AD5247979 in <CONDA_ENV_PREFIX>/bin/python
46# _PyObject_MakeTpCall in <CONDA_ENV_PREFIX>/bin/python
47# _PyEval_EvalFrameDefault in <CONDA_ENV_PREFIX>/bin/python
48# _PyFunction_Vectorcall in <CONDA_ENV_PREFIX>/bin/python
49# 0x0000555AD5247A1D in <CONDA_ENV_PREFIX>/bin/python
50# _PyObject_MakeTpCall in <CONDA_ENV_PREFIX>/bin/python
51# _PyEval_EvalFrameDefault in <CONDA_ENV_PREFIX>/bin/python
52# 0x0000555AD52D2B0D in <CONDA_ENV_PREFIX>/bin/python
53# PyEval_EvalCode in <CONDA_ENV_PREFIX>/bin/python
54# 0x0000555AD52F01AA in <CONDA_ENV_PREFIX>/bin/python
55# 0x0000555AD52EBE33 in <CONDA_ENV_PREFIX>/bin/python
56# 0x0000555AD53013D0 in <CONDA_ENV_PREFIX>/bin/python
57# _PyRun_SimpleFileObject in <CONDA_ENV_PREFIX>/bin/python
58# _PyRun_AnyFileObject in <CONDA_ENV_PREFIX>/bin/python
59# Py_RunMain in <CONDA_ENV_PREFIX>/bin/python
60# Py_BytesMain in <CONDA_ENV_PREFIX>/bin/python
61# 0x00007FC9B803CD90 in /lib/x86_64-linux-gnu/libc.so.6
62# __libc_start_main in /lib/x86_64-linux-gnu/libc.so.6
63# 0x0000555AD52C237A in <CONDA_ENV_PREFIX>/bin/python
----------
****

[20:26:32] UFFTYPER: Unrecognized atom type: S_5+6 (2)
[20:26:32] 

****
Pre-condition Violation
bad params pointer
Violation occurred on line 79 in file /home/conda/feedstock_root/build_artifacts/rdkit-meta_1745736747213/work/Code/ForceField/UFF/AngleBend.cpp
Failed Expression: at2Params
----------
Stacktrace:
 0# Invar::Invariant::toString[abi:cxx11]() const in <CONDA_ENV_PREFIX>/lib/python3.11/site-packages/rdkit/../../../libRDKitRDGeneral.so.1
 1# Invar::operator<<(std::ostream&, Invar::Invariant const&) in <CONDA_ENV_PREFIX>/lib/python3.11/site-packages/rdkit/../../../libRDKitRDGeneral.so.1
 2# ForceFields::UFF::AngleBendContrib::AngleBendContrib(ForceFields::ForceField*, unsigned int, unsigned int, unsigned int, double, double, ForceFields::UFF::AtomicParams const*, ForceFields::UFF::AtomicParams const*, ForceFields::UFF::AtomicParams const*, unsigned int) in <CONDA_ENV_PREFIX>/lib/python3.11/site-packages/rdkit/ForceField/../../../../libRDKitForceField.so.1
 3# RDKit::UFF::Tools::addTrigonalBipyramidAngles(RDKit::Atom const*, RDKit::ROMol const&, int, std::vector<ForceFields::UFF::AtomicParams const*, std::allocator<ForceFields::UFF::AtomicParams const*> > const&, ForceFields::ForceField*) in <CONDA_ENV_PREFIX>/lib/python3.11/site-packages/rdkit/ForceField/../../../../libRDKitForceFieldHelpers.so.1
 4# RDKit::UFF::Tools::addAngleSpecialCases(RDKit::ROMol const&, int, std::vector<ForceFields::UFF::AtomicParams const*, std::allocator<ForceFields::UFF::AtomicParams const*> > const&, ForceFields::ForceField*) in <CONDA_ENV_PREFIX>/lib/python3.11/site-packages/rdkit/ForceField/../../../../libRDKitForceFieldHelpers.so.1
 5# RDKit::UFF::constructForceField(RDKit::ROMol&, std::vector<ForceFields::UFF::AtomicParams const*, std::allocator<ForceFields::UFF::AtomicParams const*> > const&, double, int, bool) in <CONDA_ENV_PREFIX>/lib/python3.11/site-packages/rdkit/ForceField/../../../../libRDKitForceFieldHelpers.so.1
 6# RDKit::UFF::constructForceField(RDKit::ROMol&, double, int, bool) in <CONDA_ENV_PREFIX>/lib/python3.11/site-packages/rdkit/ForceField/../../../../libRDKitForceFieldHelpers.so.1
 7# RDKit::UFFHelper(RDKit::ROMol&, int, double, int, bool) in <CONDA_ENV_PREFIX>/lib/python3.11/site-packages/rdkit/Chem/rdForceFieldHelpers.so
 8# 0x00007FC9A746103D in <CONDA_ENV_PREFIX>/lib/python3.11/site-packages/rdkit/Chem/rdForceFieldHelpers.so
 9# boost::python::objects::function::call(_object*, _object*) const in <CONDA_ENV_PREFIX>/lib/python3.11/site-packages/rdkit/../../../libboost_python311.so.1.86.0
10# 0x00007FC9A93BA449 in <CONDA_ENV_PREFIX>/lib/python3.11/site-packages/rdkit/../../../libboost_python311.so.1.86.0
11# boost::python::detail::exception_handler::operator()(boost::function_n<void> const&) const in <CONDA_ENV_PREFIX>/lib/python3.11/site-packages/rdkit/../../../libboost_python311.so.1.86.0
12# 0x00007FC9A711AC04 in <CONDA_ENV_PREFIX>/lib/python3.11/site-packages/rdkit/Chem/rdSLNParse.so
13# 0x00007FC9A7508354 in <CONDA_ENV_PREFIX>/lib/python3.11/site-packages/rdkit/Chem/rdDepictor.so
14# 0x00007FC9A77A6DD4 in <CONDA_ENV_PREFIX>/lib/python3.11/site-packages/rdkit/Chem/rdChemReactions.so
15# 0x00007FC9A77A6E24 in <CONDA_ENV_PREFIX>/lib/python3.11/site-packages/rdkit/Chem/rdChemReactions.so
16# 0x00007FC9A791FB94 in <CONDA_ENV_PREFIX>/lib/python3.11/site-packages/rdkit/Chem/rdMolChemicalFeatures.so
17# 0x00007FC9A83979B4 in <CONDA_ENV_PREFIX>/lib/python3.11/site-packages/rdkit/Chem/rdmolfiles.so
18# 0x00007FC9A8397A04 in <CONDA_ENV_PREFIX>/lib/python3.11/site-packages/rdkit/Chem/rdmolfiles.so
19# 0x00007FC9A85B1B04 in <CONDA_ENV_PREFIX>/lib/python3.11/site-packages/rdkit/Chem/rdCIPLabeler.so
20# 0x00007FC9A8E86174 in <CONDA_ENV_PREFIX>/lib/python3.11/site-packages/rdkit/Chem/rdchem.so
21# 0x00007FC9A8E1AAAD in <CONDA_ENV_PREFIX>/lib/python3.11/site-packages/rdkit/Chem/rdchem.so
22# 0x00007FC9A8E1A6AD in <CONDA_ENV_PREFIX>/lib/python3.11/site-packages/rdkit/Chem/rdchem.so
23# 0x00007FC9A8E1A2AD in <CONDA_ENV_PREFIX>/lib/python3.11/site-packages/rdkit/Chem/rdchem.so
24# 0x00007FC9A8E19EAD in <CONDA_ENV_PREFIX>/lib/python3.11/site-packages/rdkit/Chem/rdchem.so
25# 0x00007FC9A8E19AAD in <CONDA_ENV_PREFIX>/lib/python3.11/site-packages/rdkit/Chem/rdchem.so
26# 0x00007FC9A948EE54 in <CONDA_ENV_PREFIX>/lib/python3.11/site-packages/rdkit/rdBase.so
27# 0x00007FC9A948EEA4 in <CONDA_ENV_PREFIX>/lib/python3.11/site-packages/rdkit/rdBase.so
28# 0x00007FC9A948EEF4 in <CONDA_ENV_PREFIX>/lib/python3.11/site-packages/rdkit/rdBase.so
29# 0x00007FC9A948EF44 in <CONDA_ENV_PREFIX>/lib/python3.11/site-packages/rdkit/rdBase.so
30# boost::python::handle_exception_impl(boost::function_n<void>) in <CONDA_ENV_PREFIX>/lib/python3.11/site-packages/rdkit/../../../libboost_python311.so.1.86.0
31# 0x00007FC9A93B79B3 in <CONDA_ENV_PREFIX>/lib/python3.11/site-packages/rdkit/../../../libboost_python311.so.1.86.0
32# _PyObject_MakeTpCall in <CONDA_ENV_PREFIX>/bin/python
33# _PyEval_EvalFrameDefault in <CONDA_ENV_PREFIX>/bin/python
34# _PyFunction_Vectorcall in <CONDA_ENV_PREFIX>/bin/python
35# 0x0000555AD5345C50 in <CONDA_ENV_PREFIX>/bin/python
36# 0x0000555AD525B745 in <CONDA_ENV_PREFIX>/bin/python
37# 0x0000555AD528C1AA in <CONDA_ENV_PREFIX>/bin/python
38# PyObject_Vectorcall in <CONDA_ENV_PREFIX>/bin/python
39# _PyEval_EvalFrameDefault in <CONDA_ENV_PREFIX>/bin/python
40# _PyFunction_Vectorcall in <CONDA_ENV_PREFIX>/bin/python
41# _PyEval_EvalFrameDefault in <CONDA_ENV_PREFIX>/bin/python
42# _PyFunction_Vectorcall in <CONDA_ENV_PREFIX>/bin/python
43# _PyEval_EvalFrameDefault in <CONDA_ENV_PREFIX>/bin/python
44# _PyFunction_Vectorcall in <CONDA_ENV_PREFIX>/bin/python
45# 0x0000555AD5247979 in <CONDA_ENV_PREFIX>/bin/python
46# _PyObject_MakeTpCall in <CONDA_ENV_PREFIX>/bin/python
47# _PyEval_EvalFrameDefault in <CONDA_ENV_PREFIX>/bin/python
48# _PyFunction_Vectorcall in <CONDA_ENV_PREFIX>/bin/python
49# 0x0000555AD5247A1D in <CONDA_ENV_PREFIX>/bin/python
50# _PyObject_MakeTpCall in <CONDA_ENV_PREFIX>/bin/python
51# _PyEval_EvalFrameDefault in <CONDA_ENV_PREFIX>/bin/python
52# 0x0000555AD52D2B0D in <CONDA_ENV_PREFIX>/bin/python
53# PyEval_EvalCode in <CONDA_ENV_PREFIX>/bin/python
54# 0x0000555AD52F01AA in <CONDA_ENV_PREFIX>/bin/python
55# 0x0000555AD52EBE33 in <CONDA_ENV_PREFIX>/bin/python
56# 0x0000555AD53013D0 in <CONDA_ENV_PREFIX>/bin/python
57# _PyRun_SimpleFileObject in <CONDA_ENV_PREFIX>/bin/python
58# _PyRun_AnyFileObject in <CONDA_ENV_PREFIX>/bin/python
59# Py_RunMain in <CONDA_ENV_PREFIX>/bin/python
60# Py_BytesMain in <CONDA_ENV_PREFIX>/bin/python
61# 0x00007FC9B803CD90 in /lib/x86_64-linux-gnu/libc.so.6
62# __libc_start_main in /lib/x86_64-linux-gnu/libc.so.6
63# 0x0000555AD52C237A in <CONDA_ENV_PREFIX>/bin/python
----------
****

[20:26:32] UFFTYPER: Unrecognized atom type: S_5+6 (2)
[20:26:32] UFFTYPER: Unrecognized atom type: S_5+6 (2)
[20:26:32] 

****
Pre-condition Violation
bad params pointer
Violation occurred on line 79 in file /home/conda/feedstock_root/build_artifacts/rdkit-meta_1745736747213/work/Code/ForceField/UFF/AngleBend.cpp
Failed Expression: at2Params
----------
Stacktrace:
 0# Invar::Invariant::toString[abi:cxx11]() const in <CONDA_ENV_PREFIX>/lib/python3.11/site-packages/rdkit/../../../libRDKitRDGeneral.so.1
 1# Invar::operator<<(std::ostream&, Invar::Invariant const&) in <CONDA_ENV_PREFIX>/lib/python3.11/site-packages/rdkit/../../../libRDKitRDGeneral.so.1
 2# ForceFields::UFF::AngleBendContrib::AngleBendContrib(ForceFields::ForceField*, unsigned int, unsigned int, unsigned int, double, double, ForceFields::UFF::AtomicParams const*, ForceFields::UFF::AtomicParams const*, ForceFields::UFF::AtomicParams const*, unsigned int) in <CONDA_ENV_PREFIX>/lib/python3.11/site-packages/rdkit/ForceField/../../../../libRDKitForceField.so.1
 3# RDKit::UFF::Tools::addTrigonalBipyramidAngles(RDKit::Atom const*, RDKit::ROMol const&, int, std::vector<ForceFields::UFF::AtomicParams const*, std::allocator<ForceFields::UFF::AtomicParams const*> > const&, ForceFields::ForceField*) in <CONDA_ENV_PREFIX>/lib/python3.11/site-packages/rdkit/ForceField/../../../../libRDKitForceFieldHelpers.so.1
 4# RDKit::UFF::Tools::addAngleSpecialCases(RDKit::ROMol const&, int, std::vector<ForceFields::UFF::AtomicParams const*, std::allocator<ForceFields::UFF::AtomicParams const*> > const&, ForceFields::ForceField*) in <CONDA_ENV_PREFIX>/lib/python3.11/site-packages/rdkit/ForceField/../../../../libRDKitForceFieldHelpers.so.1
 5# RDKit::UFF::constructForceField(RDKit::ROMol&, std::vector<ForceFields::UFF::AtomicParams const*, std::allocator<ForceFields::UFF::AtomicParams const*> > const&, double, int, bool) in <CONDA_ENV_PREFIX>/lib/python3.11/site-packages/rdkit/ForceField/../../../../libRDKitForceFieldHelpers.so.1
 6# RDKit::UFF::constructForceField(RDKit::ROMol&, double, int, bool) in <CONDA_ENV_PREFIX>/lib/python3.11/site-packages/rdkit/ForceField/../../../../libRDKitForceFieldHelpers.so.1
 7# RDKit::UFFHelper(RDKit::ROMol&, int, double, int, bool) in <CONDA_ENV_PREFIX>/lib/python3.11/site-packages/rdkit/Chem/rdForceFieldHelpers.so
 8# 0x00007FC9A746103D in <CONDA_ENV_PREFIX>/lib/python3.11/site-packages/rdkit/Chem/rdForceFieldHelpers.so
 9# boost::python::objects::function::call(_object*, _object*) const in <CONDA_ENV_PREFIX>/lib/python3.11/site-packages/rdkit/../../../libboost_python311.so.1.86.0
10# 0x00007FC9A93BA449 in <CONDA_ENV_PREFIX>/lib/python3.11/site-packages/rdkit/../../../libboost_python311.so.1.86.0
11# boost::python::detail::exception_handler::operator()(boost::function_n<void> const&) const in <CONDA_ENV_PREFIX>/lib/python3.11/site-packages/rdkit/../../../libboost_python311.so.1.86.0
12# 0x00007FC9A711AC04 in <CONDA_ENV_PREFIX>/lib/python3.11/site-packages/rdkit/Chem/rdSLNParse.so
13# 0x00007FC9A7508354 in <CONDA_ENV_PREFIX>/lib/python3.11/site-packages/rdkit/Chem/rdDepictor.so
14# 0x00007FC9A77A6DD4 in <CONDA_ENV_PREFIX>/lib/python3.11/site-packages/rdkit/Chem/rdChemReactions.so
15# 0x00007FC9A77A6E24 in <CONDA_ENV_PREFIX>/lib/python3.11/site-packages/rdkit/Chem/rdChemReactions.so
16# 0x00007FC9A791FB94 in <CONDA_ENV_PREFIX>/lib/python3.11/site-packages/rdkit/Chem/rdMolChemicalFeatures.so
17# 0x00007FC9A83979B4 in <CONDA_ENV_PREFIX>/lib/python3.11/site-packages/rdkit/Chem/rdmolfiles.so
18# 0x00007FC9A8397A04 in <CONDA_ENV_PREFIX>/lib/python3.11/site-packages/rdkit/Chem/rdmolfiles.so
19# 0x00007FC9A85B1B04 in <CONDA_ENV_PREFIX>/lib/python3.11/site-packages/rdkit/Chem/rdCIPLabeler.so
20# 0x00007FC9A8E86174 in <CONDA_ENV_PREFIX>/lib/python3.11/site-packages/rdkit/Chem/rdchem.so
21# 0x00007FC9A8E1AAAD in <CONDA_ENV_PREFIX>/lib/python3.11/site-packages/rdkit/Chem/rdchem.so
22# 0x00007FC9A8E1A6AD in <CONDA_ENV_PREFIX>/lib/python3.11/site-packages/rdkit/Chem/rdchem.so
23# 0x00007FC9A8E1A2AD in <CONDA_ENV_PREFIX>/lib/python3.11/site-packages/rdkit/Chem/rdchem.so
24# 0x00007FC9A8E19EAD in <CONDA_ENV_PREFIX>/lib/python3.11/site-packages/rdkit/Chem/rdchem.so
25# 0x00007FC9A8E19AAD in <CONDA_ENV_PREFIX>/lib/python3.11/site-packages/rdkit/Chem/rdchem.so
26# 0x00007FC9A948EE54 in <CONDA_ENV_PREFIX>/lib/python3.11/site-packages/rdkit/rdBase.so
27# 0x00007FC9A948EEA4 in <CONDA_ENV_PREFIX>/lib/python3.11/site-packages/rdkit/rdBase.so
28# 0x00007FC9A948EEF4 in <CONDA_ENV_PREFIX>/lib/python3.11/site-packages/rdkit/rdBase.so
29# 0x00007FC9A948EF44 in <CONDA_ENV_PREFIX>/lib/python3.11/site-packages/rdkit/rdBase.so
30# boost::python::handle_exception_impl(boost::function_n<void>) in <CONDA_ENV_PREFIX>/lib/python3.11/site-packages/rdkit/../../../libboost_python311.so.1.86.0
31# 0x00007FC9A93B79B3 in <CONDA_ENV_PREFIX>/lib/python3.11/site-packages/rdkit/../../../libboost_python311.so.1.86.0
32# _PyObject_MakeTpCall in <CONDA_ENV_PREFIX>/bin/python
33# _PyEval_EvalFrameDefault in <CONDA_ENV_PREFIX>/bin/python
34# _PyFunction_Vectorcall in <CONDA_ENV_PREFIX>/bin/python
35# 0x0000555AD5345C50 in <CONDA_ENV_PREFIX>/bin/python
36# 0x0000555AD525B745 in <CONDA_ENV_PREFIX>/bin/python
37# 0x0000555AD528C1AA in <CONDA_ENV_PREFIX>/bin/python
38# PyObject_Vectorcall in <CONDA_ENV_PREFIX>/bin/python
39# _PyEval_EvalFrameDefault in <CONDA_ENV_PREFIX>/bin/python
40# _PyFunction_Vectorcall in <CONDA_ENV_PREFIX>/bin/python
41# _PyEval_EvalFrameDefault in <CONDA_ENV_PREFIX>/bin/python
42# _PyFunction_Vectorcall in <CONDA_ENV_PREFIX>/bin/python
43# _PyEval_EvalFrameDefault in <CONDA_ENV_PREFIX>/bin/python
44# _PyFunction_Vectorcall in <CONDA_ENV_PREFIX>/bin/python
45# 0x0000555AD5247979 in <CONDA_ENV_PREFIX>/bin/python
46# _PyObject_MakeTpCall in <CONDA_ENV_PREFIX>/bin/python
47# _PyEval_EvalFrameDefault in <CONDA_ENV_PREFIX>/bin/python
48# _PyFunction_Vectorcall in <CONDA_ENV_PREFIX>/bin/python
49# 0x0000555AD5247A1D in <CONDA_ENV_PREFIX>/bin/python
50# _PyObject_MakeTpCall in <CONDA_ENV_PREFIX>/bin/python
51# _PyEval_EvalFrameDefault in <CONDA_ENV_PREFIX>/bin/python
52# 0x0000555AD52D2B0D in <CONDA_ENV_PREFIX>/bin/python
53# PyEval_EvalCode in <CONDA_ENV_PREFIX>/bin/python
54# 0x0000555AD52F01AA in <CONDA_ENV_PREFIX>/bin/python
55# 0x0000555AD52EBE33 in <CONDA_ENV_PREFIX>/bin/python
56# 0x0000555AD53013D0 in <CONDA_ENV_PREFIX>/bin/python
57# _PyRun_SimpleFileObject in <CONDA_ENV_PREFIX>/bin/python
58# _PyRun_AnyFileObject in <CONDA_ENV_PREFIX>/bin/python
59# Py_RunMain in <CONDA_ENV_PREFIX>/bin/python
60# Py_BytesMain in <CONDA_ENV_PREFIX>/bin/python
61# 0x00007FC9B803CD90 in /lib/x86_64-linux-gnu/libc.so.6
62# __libc_start_main in /lib/x86_64-linux-gnu/libc.so.6
63# 0x0000555AD52C237A in <CONDA_ENV_PREFIX>/bin/python
----------
****

[20:26:32] UFFTYPER: Unrecognized atom type: S_5+6 (13)
[20:26:32] UFFTYPER: Unrecognized atom type: S_5+6 (13)
[20:26:32] 

****
Pre-condition Violation
bad params pointer
Violation occurred on line 79 in file /home/conda/feedstock_root/build_artifacts/rdkit-meta_1745736747213/work/Code/ForceField/UFF/AngleBend.cpp
Failed Expression: at2Params
----------
Stacktrace:
 0# Invar::Invariant::toString[abi:cxx11]() const in <CONDA_ENV_PREFIX>/lib/python3.11/site-packages/rdkit/../../../libRDKitRDGeneral.so.1
 1# Invar::operator<<(std::ostream&, Invar::Invariant const&) in <CONDA_ENV_PREFIX>/lib/python3.11/site-packages/rdkit/../../../libRDKitRDGeneral.so.1
 2# ForceFields::UFF::AngleBendContrib::AngleBendContrib(ForceFields::ForceField*, unsigned int, unsigned int, unsigned int, double, double, ForceFields::UFF::AtomicParams const*, ForceFields::UFF::AtomicParams const*, ForceFields::UFF::AtomicParams const*, unsigned int) in <CONDA_ENV_PREFIX>/lib/python3.11/site-packages/rdkit/ForceField/../../../../libRDKitForceField.so.1
 3# RDKit::UFF::Tools::addTrigonalBipyramidAngles(RDKit::Atom const*, RDKit::ROMol const&, int, std::vector<ForceFields::UFF::AtomicParams const*, std::allocator<ForceFields::UFF::AtomicParams const*> > const&, ForceFields::ForceField*) in <CONDA_ENV_PREFIX>/lib/python3.11/site-packages/rdkit/ForceField/../../../../libRDKitForceFieldHelpers.so.1
 4# RDKit::UFF::Tools::addAngleSpecialCases(RDKit::ROMol const&, int, std::vector<ForceFields::UFF::AtomicParams const*, std::allocator<ForceFields::UFF::AtomicParams const*> > const&, ForceFields::ForceField*) in <CONDA_ENV_PREFIX>/lib/python3.11/site-packages/rdkit/ForceField/../../../../libRDKitForceFieldHelpers.so.1
 5# RDKit::UFF::constructForceField(RDKit::ROMol&, std::vector<ForceFields::UFF::AtomicParams const*, std::allocator<ForceFields::UFF::AtomicParams const*> > const&, double, int, bool) in <CONDA_ENV_PREFIX>/lib/python3.11/site-packages/rdkit/ForceField/../../../../libRDKitForceFieldHelpers.so.1
 6# RDKit::UFF::constructForceField(RDKit::ROMol&, double, int, bool) in <CONDA_ENV_PREFIX>/lib/python3.11/site-packages/rdkit/ForceField/../../../../libRDKitForceFieldHelpers.so.1
 7# RDKit::UFFHelper(RDKit::ROMol&, int, double, int, bool) in <CONDA_ENV_PREFIX>/lib/python3.11/site-packages/rdkit/Chem/rdForceFieldHelpers.so
 8# 0x00007FC9A746103D in <CONDA_ENV_PREFIX>/lib/python3.11/site-packages/rdkit/Chem/rdForceFieldHelpers.so
 9# boost::python::objects::function::call(_object*, _object*) const in <CONDA_ENV_PREFIX>/lib/python3.11/site-packages/rdkit/../../../libboost_python311.so.1.86.0
10# 0x00007FC9A93BA449 in <CONDA_ENV_PREFIX>/lib/python3.11/site-packages/rdkit/../../../libboost_python311.so.1.86.0
11# boost::python::detail::exception_handler::operator()(boost::function_n<void> const&) const in <CONDA_ENV_PREFIX>/lib/python3.11/site-packages/rdkit/../../../libboost_python311.so.1.86.0
12# 0x00007FC9A711AC04 in <CONDA_ENV_PREFIX>/lib/python3.11/site-packages/rdkit/Chem/rdSLNParse.so
13# 0x00007FC9A7508354 in <CONDA_ENV_PREFIX>/lib/python3.11/site-packages/rdkit/Chem/rdDepictor.so
14# 0x00007FC9A77A6DD4 in <CONDA_ENV_PREFIX>/lib/python3.11/site-packages/rdkit/Chem/rdChemReactions.so
15# 0x00007FC9A77A6E24 in <CONDA_ENV_PREFIX>/lib/python3.11/site-packages/rdkit/Chem/rdChemReactions.so
16# 0x00007FC9A791FB94 in <CONDA_ENV_PREFIX>/lib/python3.11/site-packages/rdkit/Chem/rdMolChemicalFeatures.so
17# 0x00007FC9A83979B4 in <CONDA_ENV_PREFIX>/lib/python3.11/site-packages/rdkit/Chem/rdmolfiles.so
18# 0x00007FC9A8397A04 in <CONDA_ENV_PREFIX>/lib/python3.11/site-packages/rdkit/Chem/rdmolfiles.so
19# 0x00007FC9A85B1B04 in <CONDA_ENV_PREFIX>/lib/python3.11/site-packages/rdkit/Chem/rdCIPLabeler.so
20# 0x00007FC9A8E86174 in <CONDA_ENV_PREFIX>/lib/python3.11/site-packages/rdkit/Chem/rdchem.so
21# 0x00007FC9A8E1AAAD in <CONDA_ENV_PREFIX>/lib/python3.11/site-packages/rdkit/Chem/rdchem.so
22# 0x00007FC9A8E1A6AD in <CONDA_ENV_PREFIX>/lib/python3.11/site-packages/rdkit/Chem/rdchem.so
23# 0x00007FC9A8E1A2AD in <CONDA_ENV_PREFIX>/lib/python3.11/site-packages/rdkit/Chem/rdchem.so
24# 0x00007FC9A8E19EAD in <CONDA_ENV_PREFIX>/lib/python3.11/site-packages/rdkit/Chem/rdchem.so
25# 0x00007FC9A8E19AAD in <CONDA_ENV_PREFIX>/lib/python3.11/site-packages/rdkit/Chem/rdchem.so
26# 0x00007FC9A948EE54 in <CONDA_ENV_PREFIX>/lib/python3.11/site-packages/rdkit/rdBase.so
27# 0x00007FC9A948EEA4 in <CONDA_ENV_PREFIX>/lib/python3.11/site-packages/rdkit/rdBase.so
28# 0x00007FC9A948EEF4 in <CONDA_ENV_PREFIX>/lib/python3.11/site-packages/rdkit/rdBase.so
29# 0x00007FC9A948EF44 in <CONDA_ENV_PREFIX>/lib/python3.11/site-packages/rdkit/rdBase.so
30# boost::python::handle_exception_impl(boost::function_n<void>) in <CONDA_ENV_PREFIX>/lib/python3.11/site-packages/rdkit/../../../libboost_python311.so.1.86.0
31# 0x00007FC9A93B79B3 in <CONDA_ENV_PREFIX>/lib/python3.11/site-packages/rdkit/../../../libboost_python311.so.1.86.0
32# _PyObject_MakeTpCall in <CONDA_ENV_PREFIX>/bin/python
33# _PyEval_EvalFrameDefault in <CONDA_ENV_PREFIX>/bin/python
34# _PyFunction_Vectorcall in <CONDA_ENV_PREFIX>/bin/python
35# 0x0000555AD5345C50 in <CONDA_ENV_PREFIX>/bin/python
36# 0x0000555AD525B745 in <CONDA_ENV_PREFIX>/bin/python
37# 0x0000555AD528C1AA in <CONDA_ENV_PREFIX>/bin/python
38# PyObject_Vectorcall in <CONDA_ENV_PREFIX>/bin/python
39# _PyEval_EvalFrameDefault in <CONDA_ENV_PREFIX>/bin/python
40# _PyFunction_Vectorcall in <CONDA_ENV_PREFIX>/bin/python
41# _PyEval_EvalFrameDefault in <CONDA_ENV_PREFIX>/bin/python
42# _PyFunction_Vectorcall in <CONDA_ENV_PREFIX>/bin/python
43# _PyEval_EvalFrameDefault in <CONDA_ENV_PREFIX>/bin/python
44# _PyFunction_Vectorcall in <CONDA_ENV_PREFIX>/bin/python
45# 0x0000555AD5247979 in <CONDA_ENV_PREFIX>/bin/python
46# _PyObject_MakeTpCall in <CONDA_ENV_PREFIX>/bin/python
47# _PyEval_EvalFrameDefault in <CONDA_ENV_PREFIX>/bin/python
48# _PyFunction_Vectorcall in <CONDA_ENV_PREFIX>/bin/python
49# 0x0000555AD5247A1D in <CONDA_ENV_PREFIX>/bin/python
50# _PyObject_MakeTpCall in <CONDA_ENV_PREFIX>/bin/python
51# _PyEval_EvalFrameDefault in <CONDA_ENV_PREFIX>/bin/python
52# 0x0000555AD52D2B0D in <CONDA_ENV_PREFIX>/bin/python
53# PyEval_EvalCode in <CONDA_ENV_PREFIX>/bin/python
54# 0x0000555AD52F01AA in <CONDA_ENV_PREFIX>/bin/python
55# 0x0000555AD52EBE33 in <CONDA_ENV_PREFIX>/bin/python
56# 0x0000555AD53013D0 in <CONDA_ENV_PREFIX>/bin/python
57# _PyRun_SimpleFileObject in <CONDA_ENV_PREFIX>/bin/python
58# _PyRun_AnyFileObject in <CONDA_ENV_PREFIX>/bin/python
59# Py_RunMain in <CONDA_ENV_PREFIX>/bin/python
60# Py_BytesMain in <CONDA_ENV_PREFIX>/bin/python
61# 0x00007FC9B803CD90 in /lib/x86_64-linux-gnu/libc.so.6
62# __libc_start_main in /lib/x86_64-linux-gnu/libc.so.6
63# 0x0000555AD52C237A in <CONDA_ENV_PREFIX>/bin/python
----------
****

[20:26:33] UFFTYPER: Unrecognized atom type: S_5+6 (2)
[20:26:33] UFFTYPER: Unrecognized atom type: S_5+6 (2)
[20:26:33] 

****
Pre-condition Violation
bad params pointer
Violation occurred on line 79 in file /home/conda/feedstock_root/build_artifacts/rdkit-meta_1745736747213/work/Code/ForceField/UFF/AngleBend.cpp
Failed Expression: at2Params
----------
Stacktrace:
 0# Invar::Invariant::toString[abi:cxx11]() const in <CONDA_ENV_PREFIX>/lib/python3.11/site-packages/rdkit/../../../libRDKitRDGeneral.so.1
 1# Invar::operator<<(std::ostream&, Invar::Invariant const&) in <CONDA_ENV_PREFIX>/lib/python3.11/site-packages/rdkit/../../../libRDKitRDGeneral.so.1
 2# ForceFields::UFF::AngleBendContrib::AngleBendContrib(ForceFields::ForceField*, unsigned int, unsigned int, unsigned int, double, double, ForceFields::UFF::AtomicParams const*, ForceFields::UFF::AtomicParams const*, ForceFields::UFF::AtomicParams const*, unsigned int) in <CONDA_ENV_PREFIX>/lib/python3.11/site-packages/rdkit/ForceField/../../../../libRDKitForceField.so.1
 3# RDKit::UFF::Tools::addTrigonalBipyramidAngles(RDKit::Atom const*, RDKit::ROMol const&, int, std::vector<ForceFields::UFF::AtomicParams const*, std::allocator<ForceFields::UFF::AtomicParams const*> > const&, ForceFields::ForceField*) in <CONDA_ENV_PREFIX>/lib/python3.11/site-packages/rdkit/ForceField/../../../../libRDKitForceFieldHelpers.so.1
 4# RDKit::UFF::Tools::addAngleSpecialCases(RDKit::ROMol const&, int, std::vector<ForceFields::UFF::AtomicParams const*, std::allocator<ForceFields::UFF::AtomicParams const*> > const&, ForceFields::ForceField*) in <CONDA_ENV_PREFIX>/lib/python3.11/site-packages/rdkit/ForceField/../../../../libRDKitForceFieldHelpers.so.1
 5# RDKit::UFF::constructForceField(RDKit::ROMol&, std::vector<ForceFields::UFF::AtomicParams const*, std::allocator<ForceFields::UFF::AtomicParams const*> > const&, double, int, bool) in <CONDA_ENV_PREFIX>/lib/python3.11/site-packages/rdkit/ForceField/../../../../libRDKitForceFieldHelpers.so.1
 6# RDKit::UFF::constructForceField(RDKit::ROMol&, double, int, bool) in <CONDA_ENV_PREFIX>/lib/python3.11/site-packages/rdkit/ForceField/../../../../libRDKitForceFieldHelpers.so.1
 7# RDKit::UFFHelper(RDKit::ROMol&, int, double, int, bool) in <CONDA_ENV_PREFIX>/lib/python3.11/site-packages/rdkit/Chem/rdForceFieldHelpers.so
 8# 0x00007FC9A746103D in <CONDA_ENV_PREFIX>/lib/python3.11/site-packages/rdkit/Chem/rdForceFieldHelpers.so
 9# boost::python::objects::function::call(_object*, _object*) const in <CONDA_ENV_PREFIX>/lib/python3.11/site-packages/rdkit/../../../libboost_python311.so.1.86.0
10# 0x00007FC9A93BA449 in <CONDA_ENV_PREFIX>/lib/python3.11/site-packages/rdkit/../../../libboost_python311.so.1.86.0
11# boost::python::detail::exception_handler::operator()(boost::function_n<void> const&) const in <CONDA_ENV_PREFIX>/lib/python3.11/site-packages/rdkit/../../../libboost_python311.so.1.86.0
12# 0x00007FC9A711AC04 in <CONDA_ENV_PREFIX>/lib/python3.11/site-packages/rdkit/Chem/rdSLNParse.so
13# 0x00007FC9A7508354 in <CONDA_ENV_PREFIX>/lib/python3.11/site-packages/rdkit/Chem/rdDepictor.so
14# 0x00007FC9A77A6DD4 in <CONDA_ENV_PREFIX>/lib/python3.11/site-packages/rdkit/Chem/rdChemReactions.so
15# 0x00007FC9A77A6E24 in <CONDA_ENV_PREFIX>/lib/python3.11/site-packages/rdkit/Chem/rdChemReactions.so
16# 0x00007FC9A791FB94 in <CONDA_ENV_PREFIX>/lib/python3.11/site-packages/rdkit/Chem/rdMolChemicalFeatures.so
17# 0x00007FC9A83979B4 in <CONDA_ENV_PREFIX>/lib/python3.11/site-packages/rdkit/Chem/rdmolfiles.so
18# 0x00007FC9A8397A04 in <CONDA_ENV_PREFIX>/lib/python3.11/site-packages/rdkit/Chem/rdmolfiles.so
19# 0x00007FC9A85B1B04 in <CONDA_ENV_PREFIX>/lib/python3.11/site-packages/rdkit/Chem/rdCIPLabeler.so
20# 0x00007FC9A8E86174 in <CONDA_ENV_PREFIX>/lib/python3.11/site-packages/rdkit/Chem/rdchem.so
21# 0x00007FC9A8E1AAAD in <CONDA_ENV_PREFIX>/lib/python3.11/site-packages/rdkit/Chem/rdchem.so
22# 0x00007FC9A8E1A6AD in <CONDA_ENV_PREFIX>/lib/python3.11/site-packages/rdkit/Chem/rdchem.so
23# 0x00007FC9A8E1A2AD in <CONDA_ENV_PREFIX>/lib/python3.11/site-packages/rdkit/Chem/rdchem.so
24# 0x00007FC9A8E19EAD in <CONDA_ENV_PREFIX>/lib/python3.11/site-packages/rdkit/Chem/rdchem.so
25# 0x00007FC9A8E19AAD in <CONDA_ENV_PREFIX>/lib/python3.11/site-packages/rdkit/Chem/rdchem.so
26# 0x00007FC9A948EE54 in <CONDA_ENV_PREFIX>/lib/python3.11/site-packages/rdkit/rdBase.so
27# 0x00007FC9A948EEA4 in <CONDA_ENV_PREFIX>/lib/python3.11/site-packages/rdkit/rdBase.so
28# 0x00007FC9A948EEF4 in <CONDA_ENV_PREFIX>/lib/python3.11/site-packages/rdkit/rdBase.so
29# 0x00007FC9A948EF44 in <CONDA_ENV_PREFIX>/lib/python3.11/site-packages/rdkit/rdBase.so
30# boost::python::handle_exception_impl(boost::function_n<void>) in <CONDA_ENV_PREFIX>/lib/python3.11/site-packages/rdkit/../../../libboost_python311.so.1.86.0
31# 0x00007FC9A93B79B3 in <CONDA_ENV_PREFIX>/lib/python3.11/site-packages/rdkit/../../../libboost_python311.so.1.86.0
32# _PyObject_MakeTpCall in <CONDA_ENV_PREFIX>/bin/python
33# _PyEval_EvalFrameDefault in <CONDA_ENV_PREFIX>/bin/python
34# _PyFunction_Vectorcall in <CONDA_ENV_PREFIX>/bin/python
35# 0x0000555AD5345C50 in <CONDA_ENV_PREFIX>/bin/python
36# 0x0000555AD525B745 in <CONDA_ENV_PREFIX>/bin/python
37# 0x0000555AD528C1AA in <CONDA_ENV_PREFIX>/bin/python
38# PyObject_Vectorcall in <CONDA_ENV_PREFIX>/bin/python
39# _PyEval_EvalFrameDefault in <CONDA_ENV_PREFIX>/bin/python
40# _PyFunction_Vectorcall in <CONDA_ENV_PREFIX>/bin/python
41# _PyEval_EvalFrameDefault in <CONDA_ENV_PREFIX>/bin/python
42# _PyFunction_Vectorcall in <CONDA_ENV_PREFIX>/bin/python
43# _PyEval_EvalFrameDefault in <CONDA_ENV_PREFIX>/bin/python
44# _PyFunction_Vectorcall in <CONDA_ENV_PREFIX>/bin/python
45# 0x0000555AD5247979 in <CONDA_ENV_PREFIX>/bin/python
46# _PyObject_MakeTpCall in <CONDA_ENV_PREFIX>/bin/python
47# _PyEval_EvalFrameDefault in <CONDA_ENV_PREFIX>/bin/python
48# _PyFunction_Vectorcall in <CONDA_ENV_PREFIX>/bin/python
49# 0x0000555AD5247A1D in <CONDA_ENV_PREFIX>/bin/python
50# _PyObject_MakeTpCall in <CONDA_ENV_PREFIX>/bin/python
51# _PyEval_EvalFrameDefault in <CONDA_ENV_PREFIX>/bin/python
52# 0x0000555AD52D2B0D in <CONDA_ENV_PREFIX>/bin/python
53# PyEval_EvalCode in <CONDA_ENV_PREFIX>/bin/python
54# 0x0000555AD52F01AA in <CONDA_ENV_PREFIX>/bin/python
55# 0x0000555AD52EBE33 in <CONDA_ENV_PREFIX>/bin/python
56# 0x0000555AD53013D0 in <CONDA_ENV_PREFIX>/bin/python
57# _PyRun_SimpleFileObject in <CONDA_ENV_PREFIX>/bin/python
58# _PyRun_AnyFileObject in <CONDA_ENV_PREFIX>/bin/python
59# Py_RunMain in <CONDA_ENV_PREFIX>/bin/python
60# Py_BytesMain in <CONDA_ENV_PREFIX>/bin/python
61# 0x00007FC9B803CD90 in /lib/x86_64-linux-gnu/libc.so.6
62# __libc_start_main in /lib/x86_64-linux-gnu/libc.so.6
63# 0x0000555AD52C237A in <CONDA_ENV_PREFIX>/bin/python
----------
****

[20:26:33] UFFTYPER: Unrecognized atom type: S_5+6 (2)
[20:26:33] UFFTYPER: Unrecognized atom type: S_5+6 (2)
[20:26:33] 

****
Pre-condition Violation
bad params pointer
Violation occurred on line 79 in file /home/conda/feedstock_root/build_artifacts/rdkit-meta_1745736747213/work/Code/ForceField/UFF/AngleBend.cpp
Failed Expression: at2Params
----------
Stacktrace:
 0# Invar::Invariant::toString[abi:cxx11]() const in <CONDA_ENV_PREFIX>/lib/python3.11/site-packages/rdkit/../../../libRDKitRDGeneral.so.1
 1# Invar::operator<<(std::ostream&, Invar::Invariant const&) in <CONDA_ENV_PREFIX>/lib/python3.11/site-packages/rdkit/../../../libRDKitRDGeneral.so.1
 2# ForceFields::UFF::AngleBendContrib::AngleBendContrib(ForceFields::ForceField*, unsigned int, unsigned int, unsigned int, double, double, ForceFields::UFF::AtomicParams const*, ForceFields::UFF::AtomicParams const*, ForceFields::UFF::AtomicParams const*, unsigned int) in <CONDA_ENV_PREFIX>/lib/python3.11/site-packages/rdkit/ForceField/../../../../libRDKitForceField.so.1
 3# RDKit::UFF::Tools::addTrigonalBipyramidAngles(RDKit::Atom const*, RDKit::ROMol const&, int, std::vector<ForceFields::UFF::AtomicParams const*, std::allocator<ForceFields::UFF::AtomicParams const*> > const&, ForceFields::ForceField*) in <CONDA_ENV_PREFIX>/lib/python3.11/site-packages/rdkit/ForceField/../../../../libRDKitForceFieldHelpers.so.1
 4# RDKit::UFF::Tools::addAngleSpecialCases(RDKit::ROMol const&, int, std::vector<ForceFields::UFF::AtomicParams const*, std::allocator<ForceFields::UFF::AtomicParams const*> > const&, ForceFields::ForceField*) in <CONDA_ENV_PREFIX>/lib/python3.11/site-packages/rdkit/ForceField/../../../../libRDKitForceFieldHelpers.so.1
 5# RDKit::UFF::constructForceField(RDKit::ROMol&, std::vector<ForceFields::UFF::AtomicParams const*, std::allocator<ForceFields::UFF::AtomicParams const*> > const&, double, int, bool) in <CONDA_ENV_PREFIX>/lib/python3.11/site-packages/rdkit/ForceField/../../../../libRDKitForceFieldHelpers.so.1
 6# RDKit::UFF::constructForceField(RDKit::ROMol&, double, int, bool) in <CONDA_ENV_PREFIX>/lib/python3.11/site-packages/rdkit/ForceField/../../../../libRDKitForceFieldHelpers.so.1
 7# RDKit::UFFHelper(RDKit::ROMol&, int, double, int, bool) in <CONDA_ENV_PREFIX>/lib/python3.11/site-packages/rdkit/Chem/rdForceFieldHelpers.so
 8# 0x00007FC9A746103D in <CONDA_ENV_PREFIX>/lib/python3.11/site-packages/rdkit/Chem/rdForceFieldHelpers.so
 9# boost::python::objects::function::call(_object*, _object*) const in <CONDA_ENV_PREFIX>/lib/python3.11/site-packages/rdkit/../../../libboost_python311.so.1.86.0
10# 0x00007FC9A93BA449 in <CONDA_ENV_PREFIX>/lib/python3.11/site-packages/rdkit/../../../libboost_python311.so.1.86.0
11# boost::python::detail::exception_handler::operator()(boost::function_n<void> const&) const in <CONDA_ENV_PREFIX>/lib/python3.11/site-packages/rdkit/../../../libboost_python311.so.1.86.0
12# 0x00007FC9A711AC04 in <CONDA_ENV_PREFIX>/lib/python3.11/site-packages/rdkit/Chem/rdSLNParse.so
13# 0x00007FC9A7508354 in <CONDA_ENV_PREFIX>/lib/python3.11/site-packages/rdkit/Chem/rdDepictor.so
14# 0x00007FC9A77A6DD4 in <CONDA_ENV_PREFIX>/lib/python3.11/site-packages/rdkit/Chem/rdChemReactions.so
15# 0x00007FC9A77A6E24 in <CONDA_ENV_PREFIX>/lib/python3.11/site-packages/rdkit/Chem/rdChemReactions.so
16# 0x00007FC9A791FB94 in <CONDA_ENV_PREFIX>/lib/python3.11/site-packages/rdkit/Chem/rdMolChemicalFeatures.so
17# 0x00007FC9A83979B4 in <CONDA_ENV_PREFIX>/lib/python3.11/site-packages/rdkit/Chem/rdmolfiles.so
18# 0x00007FC9A8397A04 in <CONDA_ENV_PREFIX>/lib/python3.11/site-packages/rdkit/Chem/rdmolfiles.so
19# 0x00007FC9A85B1B04 in <CONDA_ENV_PREFIX>/lib/python3.11/site-packages/rdkit/Chem/rdCIPLabeler.so
20# 0x00007FC9A8E86174 in <CONDA_ENV_PREFIX>/lib/python3.11/site-packages/rdkit/Chem/rdchem.so
21# 0x00007FC9A8E1AAAD in <CONDA_ENV_PREFIX>/lib/python3.11/site-packages/rdkit/Chem/rdchem.so
22# 0x00007FC9A8E1A6AD in <CONDA_ENV_PREFIX>/lib/python3.11/site-packages/rdkit/Chem/rdchem.so
23# 0x00007FC9A8E1A2AD in <CONDA_ENV_PREFIX>/lib/python3.11/site-packages/rdkit/Chem/rdchem.so
24# 0x00007FC9A8E19EAD in <CONDA_ENV_PREFIX>/lib/python3.11/site-packages/rdkit/Chem/rdchem.so
25# 0x00007FC9A8E19AAD in <CONDA_ENV_PREFIX>/lib/python3.11/site-packages/rdkit/Chem/rdchem.so
26# 0x00007FC9A948EE54 in <CONDA_ENV_PREFIX>/lib/python3.11/site-packages/rdkit/rdBase.so
27# 0x00007FC9A948EEA4 in <CONDA_ENV_PREFIX>/lib/python3.11/site-packages/rdkit/rdBase.so
28# 0x00007FC9A948EEF4 in <CONDA_ENV_PREFIX>/lib/python3.11/site-packages/rdkit/rdBase.so
29# 0x00007FC9A948EF44 in <CONDA_ENV_PREFIX>/lib/python3.11/site-packages/rdkit/rdBase.so
30# boost::python::handle_exception_impl(boost::function_n<void>) in <CONDA_ENV_PREFIX>/lib/python3.11/site-packages/rdkit/../../../libboost_python311.so.1.86.0
31# 0x00007FC9A93B79B3 in <CONDA_ENV_PREFIX>/lib/python3.11/site-packages/rdkit/../../../libboost_python311.so.1.86.0
32# _PyObject_MakeTpCall in <CONDA_ENV_PREFIX>/bin/python
33# _PyEval_EvalFrameDefault in <CONDA_ENV_PREFIX>/bin/python
34# _PyFunction_Vectorcall in <CONDA_ENV_PREFIX>/bin/python
35# 0x0000555AD5345C50 in <CONDA_ENV_PREFIX>/bin/python
36# 0x0000555AD525B745 in <CONDA_ENV_PREFIX>/bin/python
37# 0x0000555AD528C1AA in <CONDA_ENV_PREFIX>/bin/python
38# PyObject_Vectorcall in <CONDA_ENV_PREFIX>/bin/python
39# _PyEval_EvalFrameDefault in <CONDA_ENV_PREFIX>/bin/python
40# _PyFunction_Vectorcall in <CONDA_ENV_PREFIX>/bin/python
41# _PyEval_EvalFrameDefault in <CONDA_ENV_PREFIX>/bin/python
42# _PyFunction_Vectorcall in <CONDA_ENV_PREFIX>/bin/python
43# _PyEval_EvalFrameDefault in <CONDA_ENV_PREFIX>/bin/python
44# _PyFunction_Vectorcall in <CONDA_ENV_PREFIX>/bin/python
45# 0x0000555AD5247979 in <CONDA_ENV_PREFIX>/bin/python
46# _PyObject_MakeTpCall in <CONDA_ENV_PREFIX>/bin/python
47# _PyEval_EvalFrameDefault in <CONDA_ENV_PREFIX>/bin/python
48# _PyFunction_Vectorcall in <CONDA_ENV_PREFIX>/bin/python
49# 0x0000555AD5247A1D in <CONDA_ENV_PREFIX>/bin/python
50# _PyObject_MakeTpCall in <CONDA_ENV_PREFIX>/bin/python
51# _PyEval_EvalFrameDefault in <CONDA_ENV_PREFIX>/bin/python
52# 0x0000555AD52D2B0D in <CONDA_ENV_PREFIX>/bin/python
53# PyEval_EvalCode in <CONDA_ENV_PREFIX>/bin/python
54# 0x0000555AD52F01AA in <CONDA_ENV_PREFIX>/bin/python
55# 0x0000555AD52EBE33 in <CONDA_ENV_PREFIX>/bin/python
56# 0x0000555AD53013D0 in <CONDA_ENV_PREFIX>/bin/python
57# _PyRun_SimpleFileObject in <CONDA_ENV_PREFIX>/bin/python
58# _PyRun_AnyFileObject in <CONDA_ENV_PREFIX>/bin/python
59# Py_RunMain in <CONDA_ENV_PREFIX>/bin/python
60# Py_BytesMain in <CONDA_ENV_PREFIX>/bin/python
61# 0x00007FC9B803CD90 in /lib/x86_64-linux-gnu/libc.so.6
62# __libc_start_main in /lib/x86_64-linux-gnu/libc.so.6
63# 0x0000555AD52C237A in <CONDA_ENV_PREFIX>/bin/python
----------
****

[20:26:33] UFFTYPER: Unrecognized atom type: S_5+6 (2)
[20:26:33] UFFTYPER: Unrecognized atom type: S_5+6 (2)
[20:26:33] 

****
Pre-condition Violation
bad params pointer
Violation occurred on line 79 in file /home/conda/feedstock_root/build_artifacts/rdkit-meta_1745736747213/work/Code/ForceField/UFF/AngleBend.cpp
Failed Expression: at2Params
----------
Stacktrace:
 0# Invar::Invariant::toString[abi:cxx11]() const in <CONDA_ENV_PREFIX>/lib/python3.11/site-packages/rdkit/../../../libRDKitRDGeneral.so.1
 1# Invar::operator<<(std::ostream&, Invar::Invariant const&) in <CONDA_ENV_PREFIX>/lib/python3.11/site-packages/rdkit/../../../libRDKitRDGeneral.so.1
 2# ForceFields::UFF::AngleBendContrib::AngleBendContrib(ForceFields::ForceField*, unsigned int, unsigned int, unsigned int, double, double, ForceFields::UFF::AtomicParams const*, ForceFields::UFF::AtomicParams const*, ForceFields::UFF::AtomicParams const*, unsigned int) in <CONDA_ENV_PREFIX>/lib/python3.11/site-packages/rdkit/ForceField/../../../../libRDKitForceField.so.1
 3# RDKit::UFF::Tools::addTrigonalBipyramidAngles(RDKit::Atom const*, RDKit::ROMol const&, int, std::vector<ForceFields::UFF::AtomicParams const*, std::allocator<ForceFields::UFF::AtomicParams const*> > const&, ForceFields::ForceField*) in <CONDA_ENV_PREFIX>/lib/python3.11/site-packages/rdkit/ForceField/../../../../libRDKitForceFieldHelpers.so.1
 4# RDKit::UFF::Tools::addAngleSpecialCases(RDKit::ROMol const&, int, std::vector<ForceFields::UFF::AtomicParams const*, std::allocator<ForceFields::UFF::AtomicParams const*> > const&, ForceFields::ForceField*) in <CONDA_ENV_PREFIX>/lib/python3.11/site-packages/rdkit/ForceField/../../../../libRDKitForceFieldHelpers.so.1
 5# RDKit::UFF::constructForceField(RDKit::ROMol&, std::vector<ForceFields::UFF::AtomicParams const*, std::allocator<ForceFields::UFF::AtomicParams const*> > const&, double, int, bool) in <CONDA_ENV_PREFIX>/lib/python3.11/site-packages/rdkit/ForceField/../../../../libRDKitForceFieldHelpers.so.1
 6# RDKit::UFF::constructForceField(RDKit::ROMol&, double, int, bool) in <CONDA_ENV_PREFIX>/lib/python3.11/site-packages/rdkit/ForceField/../../../../libRDKitForceFieldHelpers.so.1
 7# RDKit::UFFHelper(RDKit::ROMol&, int, double, int, bool) in <CONDA_ENV_PREFIX>/lib/python3.11/site-packages/rdkit/Chem/rdForceFieldHelpers.so
 8# 0x00007FC9A746103D in <CONDA_ENV_PREFIX>/lib/python3.11/site-packages/rdkit/Chem/rdForceFieldHelpers.so
 9# boost::python::objects::function::call(_object*, _object*) const in <CONDA_ENV_PREFIX>/lib/python3.11/site-packages/rdkit/../../../libboost_python311.so.1.86.0
10# 0x00007FC9A93BA449 in <CONDA_ENV_PREFIX>/lib/python3.11/site-packages/rdkit/../../../libboost_python311.so.1.86.0
11# boost::python::detail::exception_handler::operator()(boost::function_n<void> const&) const in <CONDA_ENV_PREFIX>/lib/python3.11/site-packages/rdkit/../../../libboost_python311.so.1.86.0
12# 0x00007FC9A711AC04 in <CONDA_ENV_PREFIX>/lib/python3.11/site-packages/rdkit/Chem/rdSLNParse.so
13# 0x00007FC9A7508354 in <CONDA_ENV_PREFIX>/lib/python3.11/site-packages/rdkit/Chem/rdDepictor.so
14# 0x00007FC9A77A6DD4 in <CONDA_ENV_PREFIX>/lib/python3.11/site-packages/rdkit/Chem/rdChemReactions.so
15# 0x00007FC9A77A6E24 in <CONDA_ENV_PREFIX>/lib/python3.11/site-packages/rdkit/Chem/rdChemReactions.so
16# 0x00007FC9A791FB94 in <CONDA_ENV_PREFIX>/lib/python3.11/site-packages/rdkit/Chem/rdMolChemicalFeatures.so
17# 0x00007FC9A83979B4 in <CONDA_ENV_PREFIX>/lib/python3.11/site-packages/rdkit/Chem/rdmolfiles.so
18# 0x00007FC9A8397A04 in <CONDA_ENV_PREFIX>/lib/python3.11/site-packages/rdkit/Chem/rdmolfiles.so
19# 0x00007FC9A85B1B04 in <CONDA_ENV_PREFIX>/lib/python3.11/site-packages/rdkit/Chem/rdCIPLabeler.so
20# 0x00007FC9A8E86174 in <CONDA_ENV_PREFIX>/lib/python3.11/site-packages/rdkit/Chem/rdchem.so
21# 0x00007FC9A8E1AAAD in <CONDA_ENV_PREFIX>/lib/python3.11/site-packages/rdkit/Chem/rdchem.so
22# 0x00007FC9A8E1A6AD in <CONDA_ENV_PREFIX>/lib/python3.11/site-packages/rdkit/Chem/rdchem.so
23# 0x00007FC9A8E1A2AD in <CONDA_ENV_PREFIX>/lib/python3.11/site-packages/rdkit/Chem/rdchem.so
24# 0x00007FC9A8E19EAD in <CONDA_ENV_PREFIX>/lib/python3.11/site-packages/rdkit/Chem/rdchem.so
25# 0x00007FC9A8E19AAD in <CONDA_ENV_PREFIX>/lib/python3.11/site-packages/rdkit/Chem/rdchem.so
26# 0x00007FC9A948EE54 in <CONDA_ENV_PREFIX>/lib/python3.11/site-packages/rdkit/rdBase.so
27# 0x00007FC9A948EEA4 in <CONDA_ENV_PREFIX>/lib/python3.11/site-packages/rdkit/rdBase.so
28# 0x00007FC9A948EEF4 in <CONDA_ENV_PREFIX>/lib/python3.11/site-packages/rdkit/rdBase.so
29# 0x00007FC9A948EF44 in <CONDA_ENV_PREFIX>/lib/python3.11/site-packages/rdkit/rdBase.so
30# boost::python::handle_exception_impl(boost::function_n<void>) in <CONDA_ENV_PREFIX>/lib/python3.11/site-packages/rdkit/../../../libboost_python311.so.1.86.0
31# 0x00007FC9A93B79B3 in <CONDA_ENV_PREFIX>/lib/python3.11/site-packages/rdkit/../../../libboost_python311.so.1.86.0
32# _PyObject_MakeTpCall in <CONDA_ENV_PREFIX>/bin/python
33# _PyEval_EvalFrameDefault in <CONDA_ENV_PREFIX>/bin/python
34# _PyFunction_Vectorcall in <CONDA_ENV_PREFIX>/bin/python
35# 0x0000555AD5345C50 in <CONDA_ENV_PREFIX>/bin/python
36# 0x0000555AD525B745 in <CONDA_ENV_PREFIX>/bin/python
37# 0x0000555AD528C1AA in <CONDA_ENV_PREFIX>/bin/python
38# PyObject_Vectorcall in <CONDA_ENV_PREFIX>/bin/python
39# _PyEval_EvalFrameDefault in <CONDA_ENV_PREFIX>/bin/python
40# _PyFunction_Vectorcall in <CONDA_ENV_PREFIX>/bin/python
41# _PyEval_EvalFrameDefault in <CONDA_ENV_PREFIX>/bin/python
42# _PyFunction_Vectorcall in <CONDA_ENV_PREFIX>/bin/python
43# _PyEval_EvalFrameDefault in <CONDA_ENV_PREFIX>/bin/python
44# _PyFunction_Vectorcall in <CONDA_ENV_PREFIX>/bin/python
45# 0x0000555AD5247979 in <CONDA_ENV_PREFIX>/bin/python
46# _PyObject_MakeTpCall in <CONDA_ENV_PREFIX>/bin/python
47# _PyEval_EvalFrameDefault in <CONDA_ENV_PREFIX>/bin/python
48# _PyFunction_Vectorcall in <CONDA_ENV_PREFIX>/bin/python
49# 0x0000555AD5247A1D in <CONDA_ENV_PREFIX>/bin/python
50# _PyObject_MakeTpCall in <CONDA_ENV_PREFIX>/bin/python
51# _PyEval_EvalFrameDefault in <CONDA_ENV_PREFIX>/bin/python
52# 0x0000555AD52D2B0D in <CONDA_ENV_PREFIX>/bin/python
53# PyEval_EvalCode in <CONDA_ENV_PREFIX>/bin/python
54# 0x0000555AD52F01AA in <CONDA_ENV_PREFIX>/bin/python
55# 0x0000555AD52EBE33 in <CONDA_ENV_PREFIX>/bin/python
56# 0x0000555AD53013D0 in <CONDA_ENV_PREFIX>/bin/python
57# _PyRun_SimpleFileObject in <CONDA_ENV_PREFIX>/bin/python
58# _PyRun_AnyFileObject in <CONDA_ENV_PREFIX>/bin/python
59# Py_RunMain in <CONDA_ENV_PREFIX>/bin/python
60# Py_BytesMain in <CONDA_ENV_PREFIX>/bin/python
61# 0x00007FC9B803CD90 in /lib/x86_64-linux-gnu/libc.so.6
62# __libc_start_main in /lib/x86_64-linux-gnu/libc.so.6
63# 0x0000555AD52C237A in <CONDA_ENV_PREFIX>/bin/python
----------
****

[20:26:34] UFFTYPER: Unrecognized atom type: S_5+6 (14)
[20:26:34] UFFTYPER: Unrecognized atom type: S_5+6 (14)
[20:26:34] 

****
Pre-condition Violation
bad params pointer
Violation occurred on line 79 in file /home/conda/feedstock_root/build_artifacts/rdkit-meta_1745736747213/work/Code/ForceField/UFF/AngleBend.cpp
Failed Expression: at2Params
----------
Stacktrace:
 0# Invar::Invariant::toString[abi:cxx11]() const in <CONDA_ENV_PREFIX>/lib/python3.11/site-packages/rdkit/../../../libRDKitRDGeneral.so.1
 1# Invar::operator<<(std::ostream&, Invar::Invariant const&) in <CONDA_ENV_PREFIX>/lib/python3.11/site-packages/rdkit/../../../libRDKitRDGeneral.so.1
 2# ForceFields::UFF::AngleBendContrib::AngleBendContrib(ForceFields::ForceField*, unsigned int, unsigned int, unsigned int, double, double, ForceFields::UFF::AtomicParams const*, ForceFields::UFF::AtomicParams const*, ForceFields::UFF::AtomicParams const*, unsigned int) in <CONDA_ENV_PREFIX>/lib/python3.11/site-packages/rdkit/ForceField/../../../../libRDKitForceField.so.1
 3# RDKit::UFF::Tools::addTrigonalBipyramidAngles(RDKit::Atom const*, RDKit::ROMol const&, int, std::vector<ForceFields::UFF::AtomicParams const*, std::allocator<ForceFields::UFF::AtomicParams const*> > const&, ForceFields::ForceField*) in <CONDA_ENV_PREFIX>/lib/python3.11/site-packages/rdkit/ForceField/../../../../libRDKitForceFieldHelpers.so.1
 4# RDKit::UFF::Tools::addAngleSpecialCases(RDKit::ROMol const&, int, std::vector<ForceFields::UFF::AtomicParams const*, std::allocator<ForceFields::UFF::AtomicParams const*> > const&, ForceFields::ForceField*) in <CONDA_ENV_PREFIX>/lib/python3.11/site-packages/rdkit/ForceField/../../../../libRDKitForceFieldHelpers.so.1
 5# RDKit::UFF::constructForceField(RDKit::ROMol&, std::vector<ForceFields::UFF::AtomicParams const*, std::allocator<ForceFields::UFF::AtomicParams const*> > const&, double, int, bool) in <CONDA_ENV_PREFIX>/lib/python3.11/site-packages/rdkit/ForceField/../../../../libRDKitForceFieldHelpers.so.1
 6# RDKit::UFF::constructForceField(RDKit::ROMol&, double, int, bool) in <CONDA_ENV_PREFIX>/lib/python3.11/site-packages/rdkit/ForceField/../../../../libRDKitForceFieldHelpers.so.1
 7# RDKit::UFFHelper(RDKit::ROMol&, int, double, int, bool) in <CONDA_ENV_PREFIX>/lib/python3.11/site-packages/rdkit/Chem/rdForceFieldHelpers.so
 8# 0x00007FC9A746103D in <CONDA_ENV_PREFIX>/lib/python3.11/site-packages/rdkit/Chem/rdForceFieldHelpers.so
 9# boost::python::objects::function::call(_object*, _object*) const in <CONDA_ENV_PREFIX>/lib/python3.11/site-packages/rdkit/../../../libboost_python311.so.1.86.0
10# 0x00007FC9A93BA449 in <CONDA_ENV_PREFIX>/lib/python3.11/site-packages/rdkit/../../../libboost_python311.so.1.86.0
11# boost::python::detail::exception_handler::operator()(boost::function_n<void> const&) const in <CONDA_ENV_PREFIX>/lib/python3.11/site-packages/rdkit/../../../libboost_python311.so.1.86.0
12# 0x00007FC9A711AC04 in <CONDA_ENV_PREFIX>/lib/python3.11/site-packages/rdkit/Chem/rdSLNParse.so
13# 0x00007FC9A7508354 in <CONDA_ENV_PREFIX>/lib/python3.11/site-packages/rdkit/Chem/rdDepictor.so
14# 0x00007FC9A77A6DD4 in <CONDA_ENV_PREFIX>/lib/python3.11/site-packages/rdkit/Chem/rdChemReactions.so
15# 0x00007FC9A77A6E24 in <CONDA_ENV_PREFIX>/lib/python3.11/site-packages/rdkit/Chem/rdChemReactions.so
16# 0x00007FC9A791FB94 in <CONDA_ENV_PREFIX>/lib/python3.11/site-packages/rdkit/Chem/rdMolChemicalFeatures.so
17# 0x00007FC9A83979B4 in <CONDA_ENV_PREFIX>/lib/python3.11/site-packages/rdkit/Chem/rdmolfiles.so
18# 0x00007FC9A8397A04 in <CONDA_ENV_PREFIX>/lib/python3.11/site-packages/rdkit/Chem/rdmolfiles.so
19# 0x00007FC9A85B1B04 in <CONDA_ENV_PREFIX>/lib/python3.11/site-packages/rdkit/Chem/rdCIPLabeler.so
20# 0x00007FC9A8E86174 in <CONDA_ENV_PREFIX>/lib/python3.11/site-packages/rdkit/Chem/rdchem.so
21# 0x00007FC9A8E1AAAD in <CONDA_ENV_PREFIX>/lib/python3.11/site-packages/rdkit/Chem/rdchem.so
22# 0x00007FC9A8E1A6AD in <CONDA_ENV_PREFIX>/lib/python3.11/site-packages/rdkit/Chem/rdchem.so
23# 0x00007FC9A8E1A2AD in <CONDA_ENV_PREFIX>/lib/python3.11/site-packages/rdkit/Chem/rdchem.so
24# 0x00007FC9A8E19EAD in <CONDA_ENV_PREFIX>/lib/python3.11/site-packages/rdkit/Chem/rdchem.so
25# 0x00007FC9A8E19AAD in <CONDA_ENV_PREFIX>/lib/python3.11/site-packages/rdkit/Chem/rdchem.so
26# 0x00007FC9A948EE54 in <CONDA_ENV_PREFIX>/lib/python3.11/site-packages/rdkit/rdBase.so
27# 0x00007FC9A948EEA4 in <CONDA_ENV_PREFIX>/lib/python3.11/site-packages/rdkit/rdBase.so
28# 0x00007FC9A948EEF4 in <CONDA_ENV_PREFIX>/lib/python3.11/site-packages/rdkit/rdBase.so
29# 0x00007FC9A948EF44 in <CONDA_ENV_PREFIX>/lib/python3.11/site-packages/rdkit/rdBase.so
30# boost::python::handle_exception_impl(boost::function_n<void>) in <CONDA_ENV_PREFIX>/lib/python3.11/site-packages/rdkit/../../../libboost_python311.so.1.86.0
31# 0x00007FC9A93B79B3 in <CONDA_ENV_PREFIX>/lib/python3.11/site-packages/rdkit/../../../libboost_python311.so.1.86.0
32# _PyObject_MakeTpCall in <CONDA_ENV_PREFIX>/bin/python
33# _PyEval_EvalFrameDefault in <CONDA_ENV_PREFIX>/bin/python
34# _PyFunction_Vectorcall in <CONDA_ENV_PREFIX>/bin/python
35# 0x0000555AD5345C50 in <CONDA_ENV_PREFIX>/bin/python
36# 0x0000555AD525B745 in <CONDA_ENV_PREFIX>/bin/python
37# 0x0000555AD528C1AA in <CONDA_ENV_PREFIX>/bin/python
38# PyObject_Vectorcall in <CONDA_ENV_PREFIX>/bin/python
39# _PyEval_EvalFrameDefault in <CONDA_ENV_PREFIX>/bin/python
40# _PyFunction_Vectorcall in <CONDA_ENV_PREFIX>/bin/python
41# _PyEval_EvalFrameDefault in <CONDA_ENV_PREFIX>/bin/python
42# _PyFunction_Vectorcall in <CONDA_ENV_PREFIX>/bin/python
43# _PyEval_EvalFrameDefault in <CONDA_ENV_PREFIX>/bin/python
44# _PyFunction_Vectorcall in <CONDA_ENV_PREFIX>/bin/python
45# 0x0000555AD5247979 in <CONDA_ENV_PREFIX>/bin/python
46# _PyObject_MakeTpCall in <CONDA_ENV_PREFIX>/bin/python
47# _PyEval_EvalFrameDefault in <CONDA_ENV_PREFIX>/bin/python
48# _PyFunction_Vectorcall in <CONDA_ENV_PREFIX>/bin/python
49# 0x0000555AD5247A1D in <CONDA_ENV_PREFIX>/bin/python
50# _PyObject_MakeTpCall in <CONDA_ENV_PREFIX>/bin/python
51# _PyEval_EvalFrameDefault in <CONDA_ENV_PREFIX>/bin/python
52# 0x0000555AD52D2B0D in <CONDA_ENV_PREFIX>/bin/python
53# PyEval_EvalCode in <CONDA_ENV_PREFIX>/bin/python
54# 0x0000555AD52F01AA in <CONDA_ENV_PREFIX>/bin/python
55# 0x0000555AD52EBE33 in <CONDA_ENV_PREFIX>/bin/python
56# 0x0000555AD53013D0 in <CONDA_ENV_PREFIX>/bin/python
57# _PyRun_SimpleFileObject in <CONDA_ENV_PREFIX>/bin/python
58# _PyRun_AnyFileObject in <CONDA_ENV_PREFIX>/bin/python
59# Py_RunMain in <CONDA_ENV_PREFIX>/bin/python
60# Py_BytesMain in <CONDA_ENV_PREFIX>/bin/python
61# 0x00007FC9B803CD90 in /lib/x86_64-linux-gnu/libc.so.6
62# __libc_start_main in /lib/x86_64-linux-gnu/libc.so.6
63# 0x0000555AD52C237A in <CONDA_ENV_PREFIX>/bin/python
----------
****

[20:26:34] UFFTYPER: Unrecognized atom type: S_5+6 (2)
[20:26:34] UFFTYPER: Unrecognized atom type: S_5+6 (2)
[20:26:34] UFFTYPER: Unrecognized atom type: S_5+6 (2)
[20:26:34] 

****
Pre-condition Violation
bad params pointer
Violation occurred on line 79 in file /home/conda/feedstock_root/build_artifacts/rdkit-meta_1745736747213/work/Code/ForceField/UFF/AngleBend.cpp
Failed Expression: at2Params
----------
Stacktrace:
 0# Invar::Invariant::toString[abi:cxx11]() const in <CONDA_ENV_PREFIX>/lib/python3.11/site-packages/rdkit/../../../libRDKitRDGeneral.so.1
 1# Invar::operator<<(std::ostream&, Invar::Invariant const&) in <CONDA_ENV_PREFIX>/lib/python3.11/site-packages/rdkit/../../../libRDKitRDGeneral.so.1
 2# ForceFields::UFF::AngleBendContrib::AngleBendContrib(ForceFields::ForceField*, unsigned int, unsigned int, unsigned int, double, double, ForceFields::UFF::AtomicParams const*, ForceFields::UFF::AtomicParams const*, ForceFields::UFF::AtomicParams const*, unsigned int) in <CONDA_ENV_PREFIX>/lib/python3.11/site-packages/rdkit/ForceField/../../../../libRDKitForceField.so.1
 3# RDKit::UFF::Tools::addTrigonalBipyramidAngles(RDKit::Atom const*, RDKit::ROMol const&, int, std::vector<ForceFields::UFF::AtomicParams const*, std::allocator<ForceFields::UFF::AtomicParams const*> > const&, ForceFields::ForceField*) in <CONDA_ENV_PREFIX>/lib/python3.11/site-packages/rdkit/ForceField/../../../../libRDKitForceFieldHelpers.so.1
 4# RDKit::UFF::Tools::addAngleSpecialCases(RDKit::ROMol const&, int, std::vector<ForceFields::UFF::AtomicParams const*, std::allocator<ForceFields::UFF::AtomicParams const*> > const&, ForceFields::ForceField*) in <CONDA_ENV_PREFIX>/lib/python3.11/site-packages/rdkit/ForceField/../../../../libRDKitForceFieldHelpers.so.1
 5# RDKit::UFF::constructForceField(RDKit::ROMol&, std::vector<ForceFields::UFF::AtomicParams const*, std::allocator<ForceFields::UFF::AtomicParams const*> > const&, double, int, bool) in <CONDA_ENV_PREFIX>/lib/python3.11/site-packages/rdkit/ForceField/../../../../libRDKitForceFieldHelpers.so.1
 6# RDKit::UFF::constructForceField(RDKit::ROMol&, double, int, bool) in <CONDA_ENV_PREFIX>/lib/python3.11/site-packages/rdkit/ForceField/../../../../libRDKitForceFieldHelpers.so.1
 7# RDKit::UFFHelper(RDKit::ROMol&, int, double, int, bool) in <CONDA_ENV_PREFIX>/lib/python3.11/site-packages/rdkit/Chem/rdForceFieldHelpers.so
 8# 0x00007FC9A746103D in <CONDA_ENV_PREFIX>/lib/python3.11/site-packages/rdkit/Chem/rdForceFieldHelpers.so
 9# boost::python::objects::function::call(_object*, _object*) const in <CONDA_ENV_PREFIX>/lib/python3.11/site-packages/rdkit/../../../libboost_python311.so.1.86.0
10# 0x00007FC9A93BA449 in <CONDA_ENV_PREFIX>/lib/python3.11/site-packages/rdkit/../../../libboost_python311.so.1.86.0
11# boost::python::detail::exception_handler::operator()(boost::function_n<void> const&) const in <CONDA_ENV_PREFIX>/lib/python3.11/site-packages/rdkit/../../../libboost_python311.so.1.86.0
12# 0x00007FC9A711AC04 in <CONDA_ENV_PREFIX>/lib/python3.11/site-packages/rdkit/Chem/rdSLNParse.so
13# 0x00007FC9A7508354 in <CONDA_ENV_PREFIX>/lib/python3.11/site-packages/rdkit/Chem/rdDepictor.so
14# 0x00007FC9A77A6DD4 in <CONDA_ENV_PREFIX>/lib/python3.11/site-packages/rdkit/Chem/rdChemReactions.so
15# 0x00007FC9A77A6E24 in <CONDA_ENV_PREFIX>/lib/python3.11/site-packages/rdkit/Chem/rdChemReactions.so
16# 0x00007FC9A791FB94 in <CONDA_ENV_PREFIX>/lib/python3.11/site-packages/rdkit/Chem/rdMolChemicalFeatures.so
17# 0x00007FC9A83979B4 in <CONDA_ENV_PREFIX>/lib/python3.11/site-packages/rdkit/Chem/rdmolfiles.so
18# 0x00007FC9A8397A04 in <CONDA_ENV_PREFIX>/lib/python3.11/site-packages/rdkit/Chem/rdmolfiles.so
19# 0x00007FC9A85B1B04 in <CONDA_ENV_PREFIX>/lib/python3.11/site-packages/rdkit/Chem/rdCIPLabeler.so
20# 0x00007FC9A8E86174 in <CONDA_ENV_PREFIX>/lib/python3.11/site-packages/rdkit/Chem/rdchem.so
21# 0x00007FC9A8E1AAAD in <CONDA_ENV_PREFIX>/lib/python3.11/site-packages/rdkit/Chem/rdchem.so
22# 0x00007FC9A8E1A6AD in <CONDA_ENV_PREFIX>/lib/python3.11/site-packages/rdkit/Chem/rdchem.so
23# 0x00007FC9A8E1A2AD in <CONDA_ENV_PREFIX>/lib/python3.11/site-packages/rdkit/Chem/rdchem.so
24# 0x00007FC9A8E19EAD in <CONDA_ENV_PREFIX>/lib/python3.11/site-packages/rdkit/Chem/rdchem.so
25# 0x00007FC9A8E19AAD in <CONDA_ENV_PREFIX>/lib/python3.11/site-packages/rdkit/Chem/rdchem.so
26# 0x00007FC9A948EE54 in <CONDA_ENV_PREFIX>/lib/python3.11/site-packages/rdkit/rdBase.so
27# 0x00007FC9A948EEA4 in <CONDA_ENV_PREFIX>/lib/python3.11/site-packages/rdkit/rdBase.so
28# 0x00007FC9A948EEF4 in <CONDA_ENV_PREFIX>/lib/python3.11/site-packages/rdkit/rdBase.so
29# 0x00007FC9A948EF44 in <CONDA_ENV_PREFIX>/lib/python3.11/site-packages/rdkit/rdBase.so
30# boost::python::handle_exception_impl(boost::function_n<void>) in <CONDA_ENV_PREFIX>/lib/python3.11/site-packages/rdkit/../../../libboost_python311.so.1.86.0
31# 0x00007FC9A93B79B3 in <CONDA_ENV_PREFIX>/lib/python3.11/site-packages/rdkit/../../../libboost_python311.so.1.86.0
32# _PyObject_MakeTpCall in <CONDA_ENV_PREFIX>/bin/python
33# _PyEval_EvalFrameDefault in <CONDA_ENV_PREFIX>/bin/python
34# _PyFunction_Vectorcall in <CONDA_ENV_PREFIX>/bin/python
35# 0x0000555AD5345C50 in <CONDA_ENV_PREFIX>/bin/python
36# 0x0000555AD525B745 in <CONDA_ENV_PREFIX>/bin/python
37# 0x0000555AD528C1AA in <CONDA_ENV_PREFIX>/bin/python
38# PyObject_Vectorcall in <CONDA_ENV_PREFIX>/bin/python
39# _PyEval_EvalFrameDefault in <CONDA_ENV_PREFIX>/bin/python
40# _PyFunction_Vectorcall in <CONDA_ENV_PREFIX>/bin/python
41# _PyEval_EvalFrameDefault in <CONDA_ENV_PREFIX>/bin/python
42# _PyFunction_Vectorcall in <CONDA_ENV_PREFIX>/bin/python
43# _PyEval_EvalFrameDefault in <CONDA_ENV_PREFIX>/bin/python
44# _PyFunction_Vectorcall in <CONDA_ENV_PREFIX>/bin/python
45# 0x0000555AD5247979 in <CONDA_ENV_PREFIX>/bin/python
46# _PyObject_MakeTpCall in <CONDA_ENV_PREFIX>/bin/python
47# _PyEval_EvalFrameDefault in <CONDA_ENV_PREFIX>/bin/python
48# _PyFunction_Vectorcall in <CONDA_ENV_PREFIX>/bin/python
49# 0x0000555AD5247A1D in <CONDA_ENV_PREFIX>/bin/python
50# _PyObject_MakeTpCall in <CONDA_ENV_PREFIX>/bin/python
51# _PyEval_EvalFrameDefault in <CONDA_ENV_PREFIX>/bin/python
52# 0x0000555AD52D2B0D in <CONDA_ENV_PREFIX>/bin/python
53# PyEval_EvalCode in <CONDA_ENV_PREFIX>/bin/python
54# 0x0000555AD52F01AA in <CONDA_ENV_PREFIX>/bin/python
55# 0x0000555AD52EBE33 in <CONDA_ENV_PREFIX>/bin/python
56# 0x0000555AD53013D0 in <CONDA_ENV_PREFIX>/bin/python
57# _PyRun_SimpleFileObject in <CONDA_ENV_PREFIX>/bin/python
58# _PyRun_AnyFileObject in <CONDA_ENV_PREFIX>/bin/python
59# Py_RunMain in <CONDA_ENV_PREFIX>/bin/python
60# Py_BytesMain in <CONDA_ENV_PREFIX>/bin/python
61# 0x00007FC9B803CD90 in /lib/x86_64-linux-gnu/libc.so.6
62# __libc_start_main in /lib/x86_64-linux-gnu/libc.so.6
63# 0x0000555AD52C237A in <CONDA_ENV_PREFIX>/bin/python
----------
****

[20:26:34] UFFTYPER: Unrecognized atom type: S_5+6 (2)
[20:26:34] 

****
Pre-condition Violation
bad params pointer
Violation occurred on line 79 in file /home/conda/feedstock_root/build_artifacts/rdkit-meta_1745736747213/work/Code/ForceField/UFF/AngleBend.cpp
Failed Expression: at2Params
----------
Stacktrace:
 0# Invar::Invariant::toString[abi:cxx11]() const in <CONDA_ENV_PREFIX>/lib/python3.11/site-packages/rdkit/../../../libRDKitRDGeneral.so.1
 1# Invar::operator<<(std::ostream&, Invar::Invariant const&) in <CONDA_ENV_PREFIX>/lib/python3.11/site-packages/rdkit/../../../libRDKitRDGeneral.so.1
 2# ForceFields::UFF::AngleBendContrib::AngleBendContrib(ForceFields::ForceField*, unsigned int, unsigned int, unsigned int, double, double, ForceFields::UFF::AtomicParams const*, ForceFields::UFF::AtomicParams const*, ForceFields::UFF::AtomicParams const*, unsigned int) in <CONDA_ENV_PREFIX>/lib/python3.11/site-packages/rdkit/ForceField/../../../../libRDKitForceField.so.1
 3# RDKit::UFF::Tools::addTrigonalBipyramidAngles(RDKit::Atom const*, RDKit::ROMol const&, int, std::vector<ForceFields::UFF::AtomicParams const*, std::allocator<ForceFields::UFF::AtomicParams const*> > const&, ForceFields::ForceField*) in <CONDA_ENV_PREFIX>/lib/python3.11/site-packages/rdkit/ForceField/../../../../libRDKitForceFieldHelpers.so.1
 4# RDKit::UFF::Tools::addAngleSpecialCases(RDKit::ROMol const&, int, std::vector<ForceFields::UFF::AtomicParams const*, std::allocator<ForceFields::UFF::AtomicParams const*> > const&, ForceFields::ForceField*) in <CONDA_ENV_PREFIX>/lib/python3.11/site-packages/rdkit/ForceField/../../../../libRDKitForceFieldHelpers.so.1
 5# RDKit::UFF::constructForceField(RDKit::ROMol&, std::vector<ForceFields::UFF::AtomicParams const*, std::allocator<ForceFields::UFF::AtomicParams const*> > const&, double, int, bool) in <CONDA_ENV_PREFIX>/lib/python3.11/site-packages/rdkit/ForceField/../../../../libRDKitForceFieldHelpers.so.1
 6# RDKit::UFF::constructForceField(RDKit::ROMol&, double, int, bool) in <CONDA_ENV_PREFIX>/lib/python3.11/site-packages/rdkit/ForceField/../../../../libRDKitForceFieldHelpers.so.1
 7# RDKit::UFFHelper(RDKit::ROMol&, int, double, int, bool) in <CONDA_ENV_PREFIX>/lib/python3.11/site-packages/rdkit/Chem/rdForceFieldHelpers.so
 8# 0x00007FC9A746103D in <CONDA_ENV_PREFIX>/lib/python3.11/site-packages/rdkit/Chem/rdForceFieldHelpers.so
 9# boost::python::objects::function::call(_object*, _object*) const in <CONDA_ENV_PREFIX>/lib/python3.11/site-packages/rdkit/../../../libboost_python311.so.1.86.0
10# 0x00007FC9A93BA449 in <CONDA_ENV_PREFIX>/lib/python3.11/site-packages/rdkit/../../../libboost_python311.so.1.86.0
11# boost::python::detail::exception_handler::operator()(boost::function_n<void> const&) const in <CONDA_ENV_PREFIX>/lib/python3.11/site-packages/rdkit/../../../libboost_python311.so.1.86.0
12# 0x00007FC9A711AC04 in <CONDA_ENV_PREFIX>/lib/python3.11/site-packages/rdkit/Chem/rdSLNParse.so
13# 0x00007FC9A7508354 in <CONDA_ENV_PREFIX>/lib/python3.11/site-packages/rdkit/Chem/rdDepictor.so
14# 0x00007FC9A77A6DD4 in <CONDA_ENV_PREFIX>/lib/python3.11/site-packages/rdkit/Chem/rdChemReactions.so
15# 0x00007FC9A77A6E24 in <CONDA_ENV_PREFIX>/lib/python3.11/site-packages/rdkit/Chem/rdChemReactions.so
16# 0x00007FC9A791FB94 in <CONDA_ENV_PREFIX>/lib/python3.11/site-packages/rdkit/Chem/rdMolChemicalFeatures.so
17# 0x00007FC9A83979B4 in <CONDA_ENV_PREFIX>/lib/python3.11/site-packages/rdkit/Chem/rdmolfiles.so
18# 0x00007FC9A8397A04 in <CONDA_ENV_PREFIX>/lib/python3.11/site-packages/rdkit/Chem/rdmolfiles.so
19# 0x00007FC9A85B1B04 in <CONDA_ENV_PREFIX>/lib/python3.11/site-packages/rdkit/Chem/rdCIPLabeler.so
20# 0x00007FC9A8E86174 in <CONDA_ENV_PREFIX>/lib/python3.11/site-packages/rdkit/Chem/rdchem.so
21# 0x00007FC9A8E1AAAD in <CONDA_ENV_PREFIX>/lib/python3.11/site-packages/rdkit/Chem/rdchem.so
22# 0x00007FC9A8E1A6AD in <CONDA_ENV_PREFIX>/lib/python3.11/site-packages/rdkit/Chem/rdchem.so
23# 0x00007FC9A8E1A2AD in <CONDA_ENV_PREFIX>/lib/python3.11/site-packages/rdkit/Chem/rdchem.so
24# 0x00007FC9A8E19EAD in <CONDA_ENV_PREFIX>/lib/python3.11/site-packages/rdkit/Chem/rdchem.so
25# 0x00007FC9A8E19AAD in <CONDA_ENV_PREFIX>/lib/python3.11/site-packages/rdkit/Chem/rdchem.so
26# 0x00007FC9A948EE54 in <CONDA_ENV_PREFIX>/lib/python3.11/site-packages/rdkit/rdBase.so
27# 0x00007FC9A948EEA4 in <CONDA_ENV_PREFIX>/lib/python3.11/site-packages/rdkit/rdBase.so
28# 0x00007FC9A948EEF4 in <CONDA_ENV_PREFIX>/lib/python3.11/site-packages/rdkit/rdBase.so
29# 0x00007FC9A948EF44 in <CONDA_ENV_PREFIX>/lib/python3.11/site-packages/rdkit/rdBase.so
30# boost::python::handle_exception_impl(boost::function_n<void>) in <CONDA_ENV_PREFIX>/lib/python3.11/site-packages/rdkit/../../../libboost_python311.so.1.86.0
31# 0x00007FC9A93B79B3 in <CONDA_ENV_PREFIX>/lib/python3.11/site-packages/rdkit/../../../libboost_python311.so.1.86.0
32# _PyObject_MakeTpCall in <CONDA_ENV_PREFIX>/bin/python
33# _PyEval_EvalFrameDefault in <CONDA_ENV_PREFIX>/bin/python
34# _PyFunction_Vectorcall in <CONDA_ENV_PREFIX>/bin/python
35# 0x0000555AD5345C50 in <CONDA_ENV_PREFIX>/bin/python
36# 0x0000555AD525B745 in <CONDA_ENV_PREFIX>/bin/python
37# 0x0000555AD528C1AA in <CONDA_ENV_PREFIX>/bin/python
38# PyObject_Vectorcall in <CONDA_ENV_PREFIX>/bin/python
39# _PyEval_EvalFrameDefault in <CONDA_ENV_PREFIX>/bin/python
40# _PyFunction_Vectorcall in <CONDA_ENV_PREFIX>/bin/python
41# _PyEval_EvalFrameDefault in <CONDA_ENV_PREFIX>/bin/python
42# _PyFunction_Vectorcall in <CONDA_ENV_PREFIX>/bin/python
43# _PyEval_EvalFrameDefault in <CONDA_ENV_PREFIX>/bin/python
44# _PyFunction_Vectorcall in <CONDA_ENV_PREFIX>/bin/python
45# 0x0000555AD5247979 in <CONDA_ENV_PREFIX>/bin/python
46# _PyObject_MakeTpCall in <CONDA_ENV_PREFIX>/bin/python
47# _PyEval_EvalFrameDefault in <CONDA_ENV_PREFIX>/bin/python
48# _PyFunction_Vectorcall in <CONDA_ENV_PREFIX>/bin/python
49# 0x0000555AD5247A1D in <CONDA_ENV_PREFIX>/bin/python
50# _PyObject_MakeTpCall in <CONDA_ENV_PREFIX>/bin/python
51# _PyEval_EvalFrameDefault in <CONDA_ENV_PREFIX>/bin/python
52# 0x0000555AD52D2B0D in <CONDA_ENV_PREFIX>/bin/python
53# PyEval_EvalCode in <CONDA_ENV_PREFIX>/bin/python
54# 0x0000555AD52F01AA in <CONDA_ENV_PREFIX>/bin/python
55# 0x0000555AD52EBE33 in <CONDA_ENV_PREFIX>/bin/python
56# 0x0000555AD53013D0 in <CONDA_ENV_PREFIX>/bin/python
57# _PyRun_SimpleFileObject in <CONDA_ENV_PREFIX>/bin/python
58# _PyRun_AnyFileObject in <CONDA_ENV_PREFIX>/bin/python
59# Py_RunMain in <CONDA_ENV_PREFIX>/bin/python
60# Py_BytesMain in <CONDA_ENV_PREFIX>/bin/python
61# 0x00007FC9B803CD90 in /lib/x86_64-linux-gnu/libc.so.6
62# __libc_start_main in /lib/x86_64-linux-gnu/libc.so.6
63# 0x0000555AD52C237A in <CONDA_ENV_PREFIX>/bin/python
----------
****

[20:26:35] UFFTYPER: Unrecognized atom type: S_5+6 (2)
[20:26:35] UFFTYPER: Unrecognized atom type: S_5+6 (2)
[20:26:35] 

****
Pre-condition Violation
bad params pointer
Violation occurred on line 79 in file /home/conda/feedstock_root/build_artifacts/rdkit-meta_1745736747213/work/Code/ForceField/UFF/AngleBend.cpp
Failed Expression: at2Params
----------
Stacktrace:
 0# Invar::Invariant::toString[abi:cxx11]() const in <CONDA_ENV_PREFIX>/lib/python3.11/site-packages/rdkit/../../../libRDKitRDGeneral.so.1
 1# Invar::operator<<(std::ostream&, Invar::Invariant const&) in <CONDA_ENV_PREFIX>/lib/python3.11/site-packages/rdkit/../../../libRDKitRDGeneral.so.1
 2# ForceFields::UFF::AngleBendContrib::AngleBendContrib(ForceFields::ForceField*, unsigned int, unsigned int, unsigned int, double, double, ForceFields::UFF::AtomicParams const*, ForceFields::UFF::AtomicParams const*, ForceFields::UFF::AtomicParams const*, unsigned int) in <CONDA_ENV_PREFIX>/lib/python3.11/site-packages/rdkit/ForceField/../../../../libRDKitForceField.so.1
 3# RDKit::UFF::Tools::addTrigonalBipyramidAngles(RDKit::Atom const*, RDKit::ROMol const&, int, std::vector<ForceFields::UFF::AtomicParams const*, std::allocator<ForceFields::UFF::AtomicParams const*> > const&, ForceFields::ForceField*) in <CONDA_ENV_PREFIX>/lib/python3.11/site-packages/rdkit/ForceField/../../../../libRDKitForceFieldHelpers.so.1
 4# RDKit::UFF::Tools::addAngleSpecialCases(RDKit::ROMol const&, int, std::vector<ForceFields::UFF::AtomicParams const*, std::allocator<ForceFields::UFF::AtomicParams const*> > const&, ForceFields::ForceField*) in <CONDA_ENV_PREFIX>/lib/python3.11/site-packages/rdkit/ForceField/../../../../libRDKitForceFieldHelpers.so.1
 5# RDKit::UFF::constructForceField(RDKit::ROMol&, std::vector<ForceFields::UFF::AtomicParams const*, std::allocator<ForceFields::UFF::AtomicParams const*> > const&, double, int, bool) in <CONDA_ENV_PREFIX>/lib/python3.11/site-packages/rdkit/ForceField/../../../../libRDKitForceFieldHelpers.so.1
 6# RDKit::UFF::constructForceField(RDKit::ROMol&, double, int, bool) in <CONDA_ENV_PREFIX>/lib/python3.11/site-packages/rdkit/ForceField/../../../../libRDKitForceFieldHelpers.so.1
 7# RDKit::UFFHelper(RDKit::ROMol&, int, double, int, bool) in <CONDA_ENV_PREFIX>/lib/python3.11/site-packages/rdkit/Chem/rdForceFieldHelpers.so
 8# 0x00007FC9A746103D in <CONDA_ENV_PREFIX>/lib/python3.11/site-packages/rdkit/Chem/rdForceFieldHelpers.so
 9# boost::python::objects::function::call(_object*, _object*) const in <CONDA_ENV_PREFIX>/lib/python3.11/site-packages/rdkit/../../../libboost_python311.so.1.86.0
10# 0x00007FC9A93BA449 in <CONDA_ENV_PREFIX>/lib/python3.11/site-packages/rdkit/../../../libboost_python311.so.1.86.0
11# boost::python::detail::exception_handler::operator()(boost::function_n<void> const&) const in <CONDA_ENV_PREFIX>/lib/python3.11/site-packages/rdkit/../../../libboost_python311.so.1.86.0
12# 0x00007FC9A711AC04 in <CONDA_ENV_PREFIX>/lib/python3.11/site-packages/rdkit/Chem/rdSLNParse.so
13# 0x00007FC9A7508354 in <CONDA_ENV_PREFIX>/lib/python3.11/site-packages/rdkit/Chem/rdDepictor.so
14# 0x00007FC9A77A6DD4 in <CONDA_ENV_PREFIX>/lib/python3.11/site-packages/rdkit/Chem/rdChemReactions.so
15# 0x00007FC9A77A6E24 in <CONDA_ENV_PREFIX>/lib/python3.11/site-packages/rdkit/Chem/rdChemReactions.so
16# 0x00007FC9A791FB94 in <CONDA_ENV_PREFIX>/lib/python3.11/site-packages/rdkit/Chem/rdMolChemicalFeatures.so
17# 0x00007FC9A83979B4 in <CONDA_ENV_PREFIX>/lib/python3.11/site-packages/rdkit/Chem/rdmolfiles.so
18# 0x00007FC9A8397A04 in <CONDA_ENV_PREFIX>/lib/python3.11/site-packages/rdkit/Chem/rdmolfiles.so
19# 0x00007FC9A85B1B04 in <CONDA_ENV_PREFIX>/lib/python3.11/site-packages/rdkit/Chem/rdCIPLabeler.so
20# 0x00007FC9A8E86174 in <CONDA_ENV_PREFIX>/lib/python3.11/site-packages/rdkit/Chem/rdchem.so
21# 0x00007FC9A8E1AAAD in <CONDA_ENV_PREFIX>/lib/python3.11/site-packages/rdkit/Chem/rdchem.so
22# 0x00007FC9A8E1A6AD in <CONDA_ENV_PREFIX>/lib/python3.11/site-packages/rdkit/Chem/rdchem.so
23# 0x00007FC9A8E1A2AD in <CONDA_ENV_PREFIX>/lib/python3.11/site-packages/rdkit/Chem/rdchem.so
24# 0x00007FC9A8E19EAD in <CONDA_ENV_PREFIX>/lib/python3.11/site-packages/rdkit/Chem/rdchem.so
25# 0x00007FC9A8E19AAD in <CONDA_ENV_PREFIX>/lib/python3.11/site-packages/rdkit/Chem/rdchem.so
26# 0x00007FC9A948EE54 in <CONDA_ENV_PREFIX>/lib/python3.11/site-packages/rdkit/rdBase.so
27# 0x00007FC9A948EEA4 in <CONDA_ENV_PREFIX>/lib/python3.11/site-packages/rdkit/rdBase.so
28# 0x00007FC9A948EEF4 in <CONDA_ENV_PREFIX>/lib/python3.11/site-packages/rdkit/rdBase.so
29# 0x00007FC9A948EF44 in <CONDA_ENV_PREFIX>/lib/python3.11/site-packages/rdkit/rdBase.so
30# boost::python::handle_exception_impl(boost::function_n<void>) in <CONDA_ENV_PREFIX>/lib/python3.11/site-packages/rdkit/../../../libboost_python311.so.1.86.0
31# 0x00007FC9A93B79B3 in <CONDA_ENV_PREFIX>/lib/python3.11/site-packages/rdkit/../../../libboost_python311.so.1.86.0
32# _PyObject_MakeTpCall in <CONDA_ENV_PREFIX>/bin/python
33# _PyEval_EvalFrameDefault in <CONDA_ENV_PREFIX>/bin/python
34# _PyFunction_Vectorcall in <CONDA_ENV_PREFIX>/bin/python
35# 0x0000555AD5345C50 in <CONDA_ENV_PREFIX>/bin/python
36# 0x0000555AD525B745 in <CONDA_ENV_PREFIX>/bin/python
37# 0x0000555AD528C1AA in <CONDA_ENV_PREFIX>/bin/python
38# PyObject_Vectorcall in <CONDA_ENV_PREFIX>/bin/python
39# _PyEval_EvalFrameDefault in <CONDA_ENV_PREFIX>/bin/python
40# _PyFunction_Vectorcall in <CONDA_ENV_PREFIX>/bin/python
41# _PyEval_EvalFrameDefault in <CONDA_ENV_PREFIX>/bin/python
42# _PyFunction_Vectorcall in <CONDA_ENV_PREFIX>/bin/python
43# _PyEval_EvalFrameDefault in <CONDA_ENV_PREFIX>/bin/python
44# _PyFunction_Vectorcall in <CONDA_ENV_PREFIX>/bin/python
45# 0x0000555AD5247979 in <CONDA_ENV_PREFIX>/bin/python
46# _PyObject_MakeTpCall in <CONDA_ENV_PREFIX>/bin/python
47# _PyEval_EvalFrameDefault in <CONDA_ENV_PREFIX>/bin/python
48# _PyFunction_Vectorcall in <CONDA_ENV_PREFIX>/bin/python
49# 0x0000555AD5247A1D in <CONDA_ENV_PREFIX>/bin/python
50# _PyObject_MakeTpCall in <CONDA_ENV_PREFIX>/bin/python
51# _PyEval_EvalFrameDefault in <CONDA_ENV_PREFIX>/bin/python
52# 0x0000555AD52D2B0D in <CONDA_ENV_PREFIX>/bin/python
53# PyEval_EvalCode in <CONDA_ENV_PREFIX>/bin/python
54# 0x0000555AD52F01AA in <CONDA_ENV_PREFIX>/bin/python
55# 0x0000555AD52EBE33 in <CONDA_ENV_PREFIX>/bin/python
56# 0x0000555AD53013D0 in <CONDA_ENV_PREFIX>/bin/python
57# _PyRun_SimpleFileObject in <CONDA_ENV_PREFIX>/bin/python
58# _PyRun_AnyFileObject in <CONDA_ENV_PREFIX>/bin/python
59# Py_RunMain in <CONDA_ENV_PREFIX>/bin/python
60# Py_BytesMain in <CONDA_ENV_PREFIX>/bin/python
61# 0x00007FC9B803CD90 in /lib/x86_64-linux-gnu/libc.so.6
62# __libc_start_main in /lib/x86_64-linux-gnu/libc.so.6
63# 0x0000555AD52C237A in <CONDA_ENV_PREFIX>/bin/python
----------
****

[20:26:35] UFFTYPER: Unrecognized atom type: S_5+6 (2)
[20:26:35] UFFTYPER: Unrecognized atom type: S_5+6 (2)
[20:26:35] UFFTYPER: Unrecognized atom type: S_5+6 (2)
[20:26:35] 

****
[20:26:35] UFFTYPER: Unrecognized atom type: S_5+6 (2)
[20:26:35] 

****
Pre-condition Violation
bad params pointer
Violation occurred on line 79 in file /home/conda/feedstock_root/build_artifacts/rdkit-meta_1745736747213/work/Code/ForceField/UFF/AngleBend.cpp
Failed Expression: at2Params
----------
Stacktrace:
 0# Invar::Invariant::toString[abi:cxx11]() const in <CONDA_ENV_PREFIX>/lib/python3.11/site-packages/rdkit/../../../libRDKitRDGeneral.so.1
 1# Invar::operator<<(std::ostream&, Invar::Invariant const&) in <CONDA_ENV_PREFIX>/lib/python3.11/site-packages/rdkit/../../../libRDKitRDGeneral.so.1
 2# ForceFields::UFF::AngleBendContrib::AngleBendContrib(ForceFields::ForceField*, unsigned int, unsigned int, unsigned int, double, double, ForceFields::UFF::AtomicParams const*, ForceFields::UFF::AtomicParams const*, ForceFields::UFF::AtomicParams const*, unsigned int) in <CONDA_ENV_PREFIX>/lib/python3.11/site-packages/rdkit/ForceField/../../../../libRDKitForceField.so.1
 3# RDKit::UFF::Tools::addTrigonalBipyramidAngles(RDKit::Atom const*, RDKit::ROMol const&, int, std::vector<ForceFields::UFF::AtomicParams const*, std::allocator<ForceFields::UFF::AtomicParams const*> > const&, ForceFields::ForceField*) in <CONDA_ENV_PREFIX>/lib/python3.11/site-packages/rdkit/ForceField/../../../../libRDKitForceFieldHelpers.so.1
 4# RDKit::UFF::Tools::addAngleSpecialCases(RDKit::ROMol const&, int, std::vector<ForceFields::UFF::AtomicParams const*, std::allocator<ForceFields::UFF::AtomicParams const*> > const&, ForceFields::ForceField*) in <CONDA_ENV_PREFIX>/lib/python3.11/site-packages/rdkit/ForceField/../../../../libRDKitForceFieldHelpers.so.1
 5# RDKit::UFF::constructForceField(RDKit::ROMol&, std::vector<ForceFields::UFF::AtomicParams const*, std::allocator<ForceFields::UFF::AtomicParams const*> > const&, double, int, bool) in <CONDA_ENV_PREFIX>/lib/python3.11/site-packages/rdkit/ForceField/../../../../libRDKitForceFieldHelpers.so.1
 6# RDKit::UFF::constructForceField(RDKit::ROMol&, double, int, bool) in <CONDA_ENV_PREFIX>/lib/python3.11/site-packages/rdkit/ForceField/../../../../libRDKitForceFieldHelpers.so.1
 7# RDKit::UFFHelper(RDKit::ROMol&, int, double, int, bool) in <CONDA_ENV_PREFIX>/lib/python3.11/site-packages/rdkit/Chem/rdForceFieldHelpers.so
 8# 0x00007FC9A746103D in <CONDA_ENV_PREFIX>/lib/python3.11/site-packages/rdkit/Chem/rdForceFieldHelpers.so
 9# boost::python::objects::function::call(_object*, _object*) const in <CONDA_ENV_PREFIX>/lib/python3.11/site-packages/rdkit/../../../libboost_python311.so.1.86.0
10# 0x00007FC9A93BA449 in <CONDA_ENV_PREFIX>/lib/python3.11/site-packages/rdkit/../../../libboost_python311.so.1.86.0
11# boost::python::detail::exception_handler::operator()(boost::function_n<void> const&) const in <CONDA_ENV_PREFIX>/lib/python3.11/site-packages/rdkit/../../../libboost_python311.so.1.86.0
12# 0x00007FC9A711AC04 in <CONDA_ENV_PREFIX>/lib/python3.11/site-packages/rdkit/Chem/rdSLNParse.so
13# 0x00007FC9A7508354 in <CONDA_ENV_PREFIX>/lib/python3.11/site-packages/rdkit/Chem/rdDepictor.so
14# 0x00007FC9A77A6DD4 in <CONDA_ENV_PREFIX>/lib/python3.11/site-packages/rdkit/Chem/rdChemReactions.so
15# 0x00007FC9A77A6E24 in <CONDA_ENV_PREFIX>/lib/python3.11/site-packages/rdkit/Chem/rdChemReactions.so
16# 0x00007FC9A791FB94 in <CONDA_ENV_PREFIX>/lib/python3.11/site-packages/rdkit/Chem/rdMolChemicalFeatures.so
17# 0x00007FC9A83979B4 in <CONDA_ENV_PREFIX>/lib/python3.11/site-packages/rdkit/Chem/rdmolfiles.so
18# 0x00007FC9A8397A04 in <CONDA_ENV_PREFIX>/lib/python3.11/site-packages/rdkit/Chem/rdmolfiles.so
19# 0x00007FC9A85B1B04 in <CONDA_ENV_PREFIX>/lib/python3.11/site-packages/rdkit/Chem/rdCIPLabeler.so
20# 0x00007FC9A8E86174 in <CONDA_ENV_PREFIX>/lib/python3.11/site-packages/rdkit/Chem/rdchem.so
21# 0x00007FC9A8E1AAAD in <CONDA_ENV_PREFIX>/lib/python3.11/site-packages/rdkit/Chem/rdchem.so
22# 0x00007FC9A8E1A6AD in <CONDA_ENV_PREFIX>/lib/python3.11/site-packages/rdkit/Chem/rdchem.so
23# 0x00007FC9A8E1A2AD in <CONDA_ENV_PREFIX>/lib/python3.11/site-packages/rdkit/Chem/rdchem.so
24# 0x00007FC9A8E19EAD in <CONDA_ENV_PREFIX>/lib/python3.11/site-packages/rdkit/Chem/rdchem.so
25# 0x00007FC9A8E19AAD in <CONDA_ENV_PREFIX>/lib/python3.11/site-packages/rdkit/Chem/rdchem.so
26# 0x00007FC9A948EE54 in <CONDA_ENV_PREFIX>/lib/python3.11/site-packages/rdkit/rdBase.so
27# 0x00007FC9A948EEA4 in <CONDA_ENV_PREFIX>/lib/python3.11/site-packages/rdkit/rdBase.so
28# 0x00007FC9A948EEF4 in <CONDA_ENV_PREFIX>/lib/python3.11/site-packages/rdkit/rdBase.so
29# 0x00007FC9A948EF44 in <CONDA_ENV_PREFIX>/lib/python3.11/site-packages/rdkit/rdBase.so
30# boost::python::handle_exception_impl(boost::function_n<void>) in <CONDA_ENV_PREFIX>/lib/python3.11/site-packages/rdkit/../../../libboost_python311.so.1.86.0
31# 0x00007FC9A93B79B3 in <CONDA_ENV_PREFIX>/lib/python3.11/site-packages/rdkit/../../../libboost_python311.so.1.86.0
32# _PyObject_MakeTpCall in <CONDA_ENV_PREFIX>/bin/python
33# _PyEval_EvalFrameDefault in <CONDA_ENV_PREFIX>/bin/python
34# _PyFunction_Vectorcall in <CONDA_ENV_PREFIX>/bin/python
35# 0x0000555AD5345C50 in <CONDA_ENV_PREFIX>/bin/python
36# 0x0000555AD525B745 in <CONDA_ENV_PREFIX>/bin/python
37# 0x0000555AD528C1AA in <CONDA_ENV_PREFIX>/bin/python
38# PyObject_Vectorcall in <CONDA_ENV_PREFIX>/bin/python
39# _PyEval_EvalFrameDefault in <CONDA_ENV_PREFIX>/bin/python
40# _PyFunction_Vectorcall in <CONDA_ENV_PREFIX>/bin/python
41# _PyEval_EvalFrameDefault in <CONDA_ENV_PREFIX>/bin/python
42# _PyFunction_Vectorcall in <CONDA_ENV_PREFIX>/bin/python
43# _PyEval_EvalFrameDefault in <CONDA_ENV_PREFIX>/bin/python
44# _PyFunction_Vectorcall in <CONDA_ENV_PREFIX>/bin/python
45# 0x0000555AD5247979 in <CONDA_ENV_PREFIX>/bin/python
46# _PyObject_MakeTpCall in <CONDA_ENV_PREFIX>/bin/python
47# _PyEval_EvalFrameDefault in <CONDA_ENV_PREFIX>/bin/python
48# _PyFunction_Vectorcall in <CONDA_ENV_PREFIX>/bin/python
49# 0x0000555AD5247A1D in <CONDA_ENV_PREFIX>/bin/python
50# _PyObject_MakeTpCall in <CONDA_ENV_PREFIX>/bin/python
51# _PyEval_EvalFrameDefault in <CONDA_ENV_PREFIX>/bin/python
52# 0x0000555AD52D2B0D in <CONDA_ENV_PREFIX>/bin/python
53# PyEval_EvalCode in <CONDA_ENV_PREFIX>/bin/python
54# 0x0000555AD52F01AA in <CONDA_ENV_PREFIX>/bin/python
55# 0x0000555AD52EBE33 in <CONDA_ENV_PREFIX>/bin/python
56# 0x0000555AD53013D0 in <CONDA_ENV_PREFIX>/bin/python
57# _PyRun_SimpleFileObject in <CONDA_ENV_PREFIX>/bin/python
58# _PyRun_AnyFileObject in <CONDA_ENV_PREFIX>/bin/python
59# Py_RunMain in <CONDA_ENV_PREFIX>/bin/python
60# Py_BytesMain in <CONDA_ENV_PREFIX>/bin/python
61# 0x00007FC9B803CD90 in /lib/x86_64-linux-gnu/libc.so.6
62# __libc_start_main in /lib/x86_64-linux-gnu/libc.so.6
63# 0x0000555AD52C237A in <CONDA_ENV_PREFIX>/bin/python
----------
****

Pre-condition Violation
bad params pointer
Violation occurred on line 79 in file /home/conda/feedstock_root/build_artifacts/rdkit-meta_1745736747213/work/Code/ForceField/UFF/AngleBend.cpp
Failed Expression: at2Params
----------
Stacktrace:
 0# Invar::Invariant::toString[abi:cxx11]() const in <CONDA_ENV_PREFIX>/lib/python3.11/site-packages/rdkit/../../../libRDKitRDGeneral.so.1
 1# Invar::operator<<(std::ostream&, Invar::Invariant const&) in <CONDA_ENV_PREFIX>/lib/python3.11/site-packages/rdkit/../../../libRDKitRDGeneral.so.1
 2# ForceFields::UFF::AngleBendContrib::AngleBendContrib(ForceFields::ForceField*, unsigned int, unsigned int, unsigned int, double, double, ForceFields::UFF::AtomicParams const*, ForceFields::UFF::AtomicParams const*, ForceFields::UFF::AtomicParams const*, unsigned int) in <CONDA_ENV_PREFIX>/lib/python3.11/site-packages/rdkit/ForceField/../../../../libRDKitForceField.so.1
 3# RDKit::UFF::Tools::addTrigonalBipyramidAngles(RDKit::Atom const*, RDKit::ROMol const&, int, std::vector<ForceFields::UFF::AtomicParams const*, std::allocator<ForceFields::UFF::AtomicParams const*> > const&, ForceFields::ForceField*) in <CONDA_ENV_PREFIX>/lib/python3.11/site-packages/rdkit/ForceField/../../../../libRDKitForceFieldHelpers.so.1
 4# RDKit::UFF::Tools::addAngleSpecialCases(RDKit::ROMol const&, int, std::vector<ForceFields::UFF::AtomicParams const*, std::allocator<ForceFields::UFF::AtomicParams const*> > const&, ForceFields::ForceField*) in <CONDA_ENV_PREFIX>/lib/python3.11/site-packages/rdkit/ForceField/../../../../libRDKitForceFieldHelpers.so.1
 5# RDKit::UFF::constructForceField(RDKit::ROMol&, std::vector<ForceFields::UFF::AtomicParams const*, std::allocator<ForceFields::UFF::AtomicParams const*> > const&, double, int, bool) in <CONDA_ENV_PREFIX>/lib/python3.11/site-packages/rdkit/ForceField/../../../../libRDKitForceFieldHelpers.so.1
 6# RDKit::UFF::constructForceField(RDKit::ROMol&, double, int, bool) in <CONDA_ENV_PREFIX>/lib/python3.11/site-packages/rdkit/ForceField/../../../../libRDKitForceFieldHelpers.so.1
 7# RDKit::UFFHelper(RDKit::ROMol&, int, double, int, bool) in <CONDA_ENV_PREFIX>/lib/python3.11/site-packages/rdkit/Chem/rdForceFieldHelpers.so
 8# 0x00007FC9A746103D in <CONDA_ENV_PREFIX>/lib/python3.11/site-packages/rdkit/Chem/rdForceFieldHelpers.so
 9# boost::python::objects::function::call(_object*, _object*) const in <CONDA_ENV_PREFIX>/lib/python3.11/site-packages/rdkit/../../../libboost_python311.so.1.86.0
10# 0x00007FC9A93BA449 in <CONDA_ENV_PREFIX>/lib/python3.11/site-packages/rdkit/../../../libboost_python311.so.1.86.0
11# boost::python::detail::exception_handler::operator()(boost::function_n<void> const&) const in <CONDA_ENV_PREFIX>/lib/python3.11/site-packages/rdkit/../../../libboost_python311.so.1.86.0
12# 0x00007FC9A711AC04 in <CONDA_ENV_PREFIX>/lib/python3.11/site-packages/rdkit/Chem/rdSLNParse.so
13# 0x00007FC9A7508354 in <CONDA_ENV_PREFIX>/lib/python3.11/site-packages/rdkit/Chem/rdDepictor.so
14# 0x00007FC9A77A6DD4 in <CONDA_ENV_PREFIX>/lib/python3.11/site-packages/rdkit/Chem/rdChemReactions.so
15# 0x00007FC9A77A6E24 in <CONDA_ENV_PREFIX>/lib/python3.11/site-packages/rdkit/Chem/rdChemReactions.so
16# 0x00007FC9A791FB94 in <CONDA_ENV_PREFIX>/lib/python3.11/site-packages/rdkit/Chem/rdMolChemicalFeatures.so
17# 0x00007FC9A83979B4 in <CONDA_ENV_PREFIX>/lib/python3.11/site-packages/rdkit/Chem/rdmolfiles.so
18# 0x00007FC9A8397A04 in <CONDA_ENV_PREFIX>/lib/python3.11/site-packages/rdkit/Chem/rdmolfiles.so
19# 0x00007FC9A85B1B04 in <CONDA_ENV_PREFIX>/lib/python3.11/site-packages/rdkit/Chem/rdCIPLabeler.so
20# 0x00007FC9A8E86174 in <CONDA_ENV_PREFIX>/lib/python3.11/site-packages/rdkit/Chem/rdchem.so
21# 0x00007FC9A8E1AAAD in <CONDA_ENV_PREFIX>/lib/python3.11/site-packages/rdkit/Chem/rdchem.so
22# 0x00007FC9A8E1A6AD in <CONDA_ENV_PREFIX>/lib/python3.11/site-packages/rdkit/Chem/rdchem.so
23# 0x00007FC9A8E1A2AD in <CONDA_ENV_PREFIX>/lib/python3.11/site-packages/rdkit/Chem/rdchem.so
24# 0x00007FC9A8E19EAD in <CONDA_ENV_PREFIX>/lib/python3.11/site-packages/rdkit/Chem/rdchem.so
25# 0x00007FC9A8E19AAD in <CONDA_ENV_PREFIX>/lib/python3.11/site-packages/rdkit/Chem/rdchem.so
26# 0x00007FC9A948EE54 in <CONDA_ENV_PREFIX>/lib/python3.11/site-packages/rdkit/rdBase.so
27# 0x00007FC9A948EEA4 in <CONDA_ENV_PREFIX>/lib/python3.11/site-packages/rdkit/rdBase.so
28# 0x00007FC9A948EEF4 in <CONDA_ENV_PREFIX>/lib/python3.11/site-packages/rdkit/rdBase.so
29# 0x00007FC9A948EF44 in <CONDA_ENV_PREFIX>/lib/python3.11/site-packages/rdkit/rdBase.so
30# boost::python::handle_exception_impl(boost::function_n<void>) in <CONDA_ENV_PREFIX>/lib/python3.11/site-packages/rdkit/../../../libboost_python311.so.1.86.0
31# 0x00007FC9A93B79B3 in <CONDA_ENV_PREFIX>/lib/python3.11/site-packages/rdkit/../../../libboost_python311.so.1.86.0
32# _PyObject_MakeTpCall in <CONDA_ENV_PREFIX>/bin/python
33# _PyEval_EvalFrameDefault in <CONDA_ENV_PREFIX>/bin/python
34# _PyFunction_Vectorcall in <CONDA_ENV_PREFIX>/bin/python
35# 0x0000555AD5345C50 in <CONDA_ENV_PREFIX>/bin/python
36# 0x0000555AD525B745 in <CONDA_ENV_PREFIX>/bin/python
37# 0x0000555AD528C1AA in <CONDA_ENV_PREFIX>/bin/python
38# PyObject_Vectorcall in <CONDA_ENV_PREFIX>/bin/python
39# _PyEval_EvalFrameDefault in <CONDA_ENV_PREFIX>/bin/python
40# _PyFunction_Vectorcall in <CONDA_ENV_PREFIX>/bin/python
41# _PyEval_EvalFrameDefault in <CONDA_ENV_PREFIX>/bin/python
42# _PyFunction_Vectorcall in <CONDA_ENV_PREFIX>/bin/python
43# _PyEval_EvalFrameDefault in <CONDA_ENV_PREFIX>/bin/python
44# _PyFunction_Vectorcall in <CONDA_ENV_PREFIX>/bin/python
45# 0x0000555AD5247979 in <CONDA_ENV_PREFIX>/bin/python
46# _PyObject_MakeTpCall in <CONDA_ENV_PREFIX>/bin/python
47# _PyEval_EvalFrameDefault in <CONDA_ENV_PREFIX>/bin/python
48# _PyFunction_Vectorcall in <CONDA_ENV_PREFIX>/bin/python
49# 0x0000555AD5247A1D in <CONDA_ENV_PREFIX>/bin/python
50# _PyObject_MakeTpCall in <CONDA_ENV_PREFIX>/bin/python
51# _PyEval_EvalFrameDefault in <CONDA_ENV_PREFIX>/bin/python
52# 0x0000555AD52D2B0D in <CONDA_ENV_PREFIX>/bin/python
53# PyEval_EvalCode in <CONDA_ENV_PREFIX>/bin/python
54# 0x0000555AD52F01AA in <CONDA_ENV_PREFIX>/bin/python
55# 0x0000555AD52EBE33 in <CONDA_ENV_PREFIX>/bin/python
56# 0x0000555AD53013D0 in <CONDA_ENV_PREFIX>/bin/python
57# _PyRun_SimpleFileObject in <CONDA_ENV_PREFIX>/bin/python
58# _PyRun_AnyFileObject in <CONDA_ENV_PREFIX>/bin/python
59# Py_RunMain in <CONDA_ENV_PREFIX>/bin/python
60# Py_BytesMain in <CONDA_ENV_PREFIX>/bin/python
61# 0x00007FC9B803CD90 in /lib/x86_64-linux-gnu/libc.so.6
62# __libc_start_main in /lib/x86_64-linux-gnu/libc.so.6
63# 0x0000555AD52C237A in <CONDA_ENV_PREFIX>/bin/python
----------
****

[20:26:36] UFFTYPER: Unrecognized atom type: S_5+6 (2)
[20:26:36] UFFTYPER: Unrecognized atom type: S_5+6 (2)
[20:26:36] 

****
Pre-condition Violation
bad params pointer
Violation occurred on line 79 in file /home/conda/feedstock_root/build_artifacts/rdkit-meta_1745736747213/work/Code/ForceField/UFF/AngleBend.cpp
Failed Expression: at2Params
----------
Stacktrace:
 0# Invar::Invariant::toString[abi:cxx11]() const in <CONDA_ENV_PREFIX>/lib/python3.11/site-packages/rdkit/../../../libRDKitRDGeneral.so.1
 1# Invar::operator<<(std::ostream&, Invar::Invariant const&) in <CONDA_ENV_PREFIX>/lib/python3.11/site-packages/rdkit/../../../libRDKitRDGeneral.so.1
 2# ForceFields::UFF::AngleBendContrib::AngleBendContrib(ForceFields::ForceField*, unsigned int, unsigned int, unsigned int, double, double, ForceFields::UFF::AtomicParams const*, ForceFields::UFF::AtomicParams const*, ForceFields::UFF::AtomicParams const*, unsigned int) in <CONDA_ENV_PREFIX>/lib/python3.11/site-packages/rdkit/ForceField/../../../../libRDKitForceField.so.1
 3# RDKit::UFF::Tools::addTrigonalBipyramidAngles(RDKit::Atom const*, RDKit::ROMol const&, int, std::vector<ForceFields::UFF::AtomicParams const*, std::allocator<ForceFields::UFF::AtomicParams const*> > const&, ForceFields::ForceField*) in <CONDA_ENV_PREFIX>/lib/python3.11/site-packages/rdkit/ForceField/../../../../libRDKitForceFieldHelpers.so.1
 4# RDKit::UFF::Tools::addAngleSpecialCases(RDKit::ROMol const&, int, std::vector<ForceFields::UFF::AtomicParams const*, std::allocator<ForceFields::UFF::AtomicParams const*> > const&, ForceFields::ForceField*) in <CONDA_ENV_PREFIX>/lib/python3.11/site-packages/rdkit/ForceField/../../../../libRDKitForceFieldHelpers.so.1
 5# RDKit::UFF::constructForceField(RDKit::ROMol&, std::vector<ForceFields::UFF::AtomicParams const*, std::allocator<ForceFields::UFF::AtomicParams const*> > const&, double, int, bool) in <CONDA_ENV_PREFIX>/lib/python3.11/site-packages/rdkit/ForceField/../../../../libRDKitForceFieldHelpers.so.1
 6# RDKit::UFF::constructForceField(RDKit::ROMol&, double, int, bool) in <CONDA_ENV_PREFIX>/lib/python3.11/site-packages/rdkit/ForceField/../../../../libRDKitForceFieldHelpers.so.1
 7# RDKit::UFFHelper(RDKit::ROMol&, int, double, int, bool) in <CONDA_ENV_PREFIX>/lib/python3.11/site-packages/rdkit/Chem/rdForceFieldHelpers.so
 8# 0x00007FC9A746103D in <CONDA_ENV_PREFIX>/lib/python3.11/site-packages/rdkit/Chem/rdForceFieldHelpers.so
 9# boost::python::objects::function::call(_object*, _object*) const in <CONDA_ENV_PREFIX>/lib/python3.11/site-packages/rdkit/../../../libboost_python311.so.1.86.0
10# 0x00007FC9A93BA449 in <CONDA_ENV_PREFIX>/lib/python3.11/site-packages/rdkit/../../../libboost_python311.so.1.86.0
11# boost::python::detail::exception_handler::operator()(boost::function_n<void> const&) const in <CONDA_ENV_PREFIX>/lib/python3.11/site-packages/rdkit/../../../libboost_python311.so.1.86.0
12# 0x00007FC9A711AC04 in <CONDA_ENV_PREFIX>/lib/python3.11/site-packages/rdkit/Chem/rdSLNParse.so
13# 0x00007FC9A7508354 in <CONDA_ENV_PREFIX>/lib/python3.11/site-packages/rdkit/Chem/rdDepictor.so
14# 0x00007FC9A77A6DD4 in <CONDA_ENV_PREFIX>/lib/python3.11/site-packages/rdkit/Chem/rdChemReactions.so
15# 0x00007FC9A77A6E24 in <CONDA_ENV_PREFIX>/lib/python3.11/site-packages/rdkit/Chem/rdChemReactions.so
16# 0x00007FC9A791FB94 in <CONDA_ENV_PREFIX>/lib/python3.11/site-packages/rdkit/Chem/rdMolChemicalFeatures.so
17# 0x00007FC9A83979B4 in <CONDA_ENV_PREFIX>/lib/python3.11/site-packages/rdkit/Chem/rdmolfiles.so
18# 0x00007FC9A8397A04 in <CONDA_ENV_PREFIX>/lib/python3.11/site-packages/rdkit/Chem/rdmolfiles.so
19# 0x00007FC9A85B1B04 in <CONDA_ENV_PREFIX>/lib/python3.11/site-packages/rdkit/Chem/rdCIPLabeler.so
20# 0x00007FC9A8E86174 in <CONDA_ENV_PREFIX>/lib/python3.11/site-packages/rdkit/Chem/rdchem.so
21# 0x00007FC9A8E1AAAD in <CONDA_ENV_PREFIX>/lib/python3.11/site-packages/rdkit/Chem/rdchem.so
22# 0x00007FC9A8E1A6AD in <CONDA_ENV_PREFIX>/lib/python3.11/site-packages/rdkit/Chem/rdchem.so
23# 0x00007FC9A8E1A2AD in <CONDA_ENV_PREFIX>/lib/python3.11/site-packages/rdkit/Chem/rdchem.so
24# 0x00007FC9A8E19EAD in <CONDA_ENV_PREFIX>/lib/python3.11/site-packages/rdkit/Chem/rdchem.so
25# 0x00007FC9A8E19AAD in <CONDA_ENV_PREFIX>/lib/python3.11/site-packages/rdkit/Chem/rdchem.so
26# 0x00007FC9A948EE54 in <CONDA_ENV_PREFIX>/lib/python3.11/site-packages/rdkit/rdBase.so
27# 0x00007FC9A948EEA4 in <CONDA_ENV_PREFIX>/lib/python3.11/site-packages/rdkit/rdBase.so
28# 0x00007FC9A948EEF4 in <CONDA_ENV_PREFIX>/lib/python3.11/site-packages/rdkit/rdBase.so
29# 0x00007FC9A948EF44 in <CONDA_ENV_PREFIX>/lib/python3.11/site-packages/rdkit/rdBase.so
30# boost::python::handle_exception_impl(boost::function_n<void>) in <CONDA_ENV_PREFIX>/lib/python3.11/site-packages/rdkit/../../../libboost_python311.so.1.86.0
31# 0x00007FC9A93B79B3 in <CONDA_ENV_PREFIX>/lib/python3.11/site-packages/rdkit/../../../libboost_python311.so.1.86.0
32# _PyObject_MakeTpCall in <CONDA_ENV_PREFIX>/bin/python
33# _PyEval_EvalFrameDefault in <CONDA_ENV_PREFIX>/bin/python
34# _PyFunction_Vectorcall in <CONDA_ENV_PREFIX>/bin/python
35# 0x0000555AD5345C50 in <CONDA_ENV_PREFIX>/bin/python
36# 0x0000555AD525B745 in <CONDA_ENV_PREFIX>/bin/python
37# 0x0000555AD528C1AA in <CONDA_ENV_PREFIX>/bin/python
38# PyObject_Vectorcall in <CONDA_ENV_PREFIX>/bin/python
39# _PyEval_EvalFrameDefault in <CONDA_ENV_PREFIX>/bin/python
40# _PyFunction_Vectorcall in <CONDA_ENV_PREFIX>/bin/python
41# _PyEval_EvalFrameDefault in <CONDA_ENV_PREFIX>/bin/python
42# _PyFunction_Vectorcall in <CONDA_ENV_PREFIX>/bin/python
43# _PyEval_EvalFrameDefault in <CONDA_ENV_PREFIX>/bin/python
44# _PyFunction_Vectorcall in <CONDA_ENV_PREFIX>/bin/python
45# 0x0000555AD5247979 in <CONDA_ENV_PREFIX>/bin/python
46# _PyObject_MakeTpCall in <CONDA_ENV_PREFIX>/bin/python
47# _PyEval_EvalFrameDefault in <CONDA_ENV_PREFIX>/bin/python
48# _PyFunction_Vectorcall in <CONDA_ENV_PREFIX>/bin/python
49# 0x0000555AD5247A1D in <CONDA_ENV_PREFIX>/bin/python
50# _PyObject_MakeTpCall in <CONDA_ENV_PREFIX>/bin/python
51# _PyEval_EvalFrameDefault in <CONDA_ENV_PREFIX>/bin/python
52# 0x0000555AD52D2B0D in <CONDA_ENV_PREFIX>/bin/python
53# PyEval_EvalCode in <CONDA_ENV_PREFIX>/bin/python
54# 0x0000555AD52F01AA in <CONDA_ENV_PREFIX>/bin/python
55# 0x0000555AD52EBE33 in <CONDA_ENV_PREFIX>/bin/python
56# 0x0000555AD53013D0 in <CONDA_ENV_PREFIX>/bin/python
57# _PyRun_SimpleFileObject in <CONDA_ENV_PREFIX>/bin/python
58# _PyRun_AnyFileObject in <CONDA_ENV_PREFIX>/bin/python
59# Py_RunMain in <CONDA_ENV_PREFIX>/bin/python
60# Py_BytesMain in <CONDA_ENV_PREFIX>/bin/python
61# 0x00007FC9B803CD90 in /lib/x86_64-linux-gnu/libc.so.6
62# __libc_start_main in /lib/x86_64-linux-gnu/libc.so.6
63# 0x0000555AD52C237A in <CONDA_ENV_PREFIX>/bin/python
----------
****

[20:26:36] UFFTYPER: Unrecognized atom type: S_5+6 (2)
[20:26:36] UFFTYPER: Unrecognized atom type: S_5+6 (2)
[20:26:36] 

****
Pre-condition Violation
bad params pointer
Violation occurred on line 79 in file /home/conda/feedstock_root/build_artifacts/rdkit-meta_1745736747213/work/Code/ForceField/UFF/AngleBend.cpp
Failed Expression: at2Params
----------
Stacktrace:
 0# Invar::Invariant::toString[abi:cxx11]() const in <CONDA_ENV_PREFIX>/lib/python3.11/site-packages/rdkit/../../../libRDKitRDGeneral.so.1
 1# Invar::operator<<(std::ostream&, Invar::Invariant const&) in <CONDA_ENV_PREFIX>/lib/python3.11/site-packages/rdkit/../../../libRDKitRDGeneral.so.1
 2# ForceFields::UFF::AngleBendContrib::AngleBendContrib(ForceFields::ForceField*, unsigned int, unsigned int, unsigned int, double, double, ForceFields::UFF::AtomicParams const*, ForceFields::UFF::AtomicParams const*, ForceFields::UFF::AtomicParams const*, unsigned int) in <CONDA_ENV_PREFIX>/lib/python3.11/site-packages/rdkit/ForceField/../../../../libRDKitForceField.so.1
 3# RDKit::UFF::Tools::addTrigonalBipyramidAngles(RDKit::Atom const*, RDKit::ROMol const&, int, std::vector<ForceFields::UFF::AtomicParams const*, std::allocator<ForceFields::UFF::AtomicParams const*> > const&, ForceFields::ForceField*) in <CONDA_ENV_PREFIX>/lib/python3.11/site-packages/rdkit/ForceField/../../../../libRDKitForceFieldHelpers.so.1
 4# RDKit::UFF::Tools::addAngleSpecialCases(RDKit::ROMol const&, int, std::vector<ForceFields::UFF::AtomicParams const*, std::allocator<ForceFields::UFF::AtomicParams const*> > const&, ForceFields::ForceField*) in <CONDA_ENV_PREFIX>/lib/python3.11/site-packages/rdkit/ForceField/../../../../libRDKitForceFieldHelpers.so.1
 5# RDKit::UFF::constructForceField(RDKit::ROMol&, std::vector<ForceFields::UFF::AtomicParams const*, std::allocator<ForceFields::UFF::AtomicParams const*> > const&, double, int, bool) in <CONDA_ENV_PREFIX>/lib/python3.11/site-packages/rdkit/ForceField/../../../../libRDKitForceFieldHelpers.so.1
 6# RDKit::UFF::constructForceField(RDKit::ROMol&, double, int, bool) in <CONDA_ENV_PREFIX>/lib/python3.11/site-packages/rdkit/ForceField/../../../../libRDKitForceFieldHelpers.so.1
 7# RDKit::UFFHelper(RDKit::ROMol&, int, double, int, bool) in <CONDA_ENV_PREFIX>/lib/python3.11/site-packages/rdkit/Chem/rdForceFieldHelpers.so
 8# 0x00007FC9A746103D in <CONDA_ENV_PREFIX>/lib/python3.11/site-packages/rdkit/Chem/rdForceFieldHelpers.so
 9# boost::python::objects::function::call(_object*, _object*) const in <CONDA_ENV_PREFIX>/lib/python3.11/site-packages/rdkit/../../../libboost_python311.so.1.86.0
10# 0x00007FC9A93BA449 in <CONDA_ENV_PREFIX>/lib/python3.11/site-packages/rdkit/../../../libboost_python311.so.1.86.0
11# boost::python::detail::exception_handler::operator()(boost::function_n<void> const&) const in <CONDA_ENV_PREFIX>/lib/python3.11/site-packages/rdkit/../../../libboost_python311.so.1.86.0
12# 0x00007FC9A711AC04 in <CONDA_ENV_PREFIX>/lib/python3.11/site-packages/rdkit/Chem/rdSLNParse.so
13# 0x00007FC9A7508354 in <CONDA_ENV_PREFIX>/lib/python3.11/site-packages/rdkit/Chem/rdDepictor.so
14# 0x00007FC9A77A6DD4 in <CONDA_ENV_PREFIX>/lib/python3.11/site-packages/rdkit/Chem/rdChemReactions.so
15# 0x00007FC9A77A6E24 in <CONDA_ENV_PREFIX>/lib/python3.11/site-packages/rdkit/Chem/rdChemReactions.so
16# 0x00007FC9A791FB94 in <CONDA_ENV_PREFIX>/lib/python3.11/site-packages/rdkit/Chem/rdMolChemicalFeatures.so
17# 0x00007FC9A83979B4 in <CONDA_ENV_PREFIX>/lib/python3.11/site-packages/rdkit/Chem/rdmolfiles.so
18# 0x00007FC9A8397A04 in <CONDA_ENV_PREFIX>/lib/python3.11/site-packages/rdkit/Chem/rdmolfiles.so
19# 0x00007FC9A85B1B04 in <CONDA_ENV_PREFIX>/lib/python3.11/site-packages/rdkit/Chem/rdCIPLabeler.so
20# 0x00007FC9A8E86174 in <CONDA_ENV_PREFIX>/lib/python3.11/site-packages/rdkit/Chem/rdchem.so
21# 0x00007FC9A8E1AAAD in <CONDA_ENV_PREFIX>/lib/python3.11/site-packages/rdkit/Chem/rdchem.so
22# 0x00007FC9A8E1A6AD in <CONDA_ENV_PREFIX>/lib/python3.11/site-packages/rdkit/Chem/rdchem.so
23# 0x00007FC9A8E1A2AD in <CONDA_ENV_PREFIX>/lib/python3.11/site-packages/rdkit/Chem/rdchem.so
24# 0x00007FC9A8E19EAD in <CONDA_ENV_PREFIX>/lib/python3.11/site-packages/rdkit/Chem/rdchem.so
25# 0x00007FC9A8E19AAD in <CONDA_ENV_PREFIX>/lib/python3.11/site-packages/rdkit/Chem/rdchem.so
26# 0x00007FC9A948EE54 in <CONDA_ENV_PREFIX>/lib/python3.11/site-packages/rdkit/rdBase.so
27# 0x00007FC9A948EEA4 in <CONDA_ENV_PREFIX>/lib/python3.11/site-packages/rdkit/rdBase.so
28# 0x00007FC9A948EEF4 in <CONDA_ENV_PREFIX>/lib/python3.11/site-packages/rdkit/rdBase.so
29# 0x00007FC9A948EF44 in <CONDA_ENV_PREFIX>/lib/python3.11/site-packages/rdkit/rdBase.so
30# boost::python::handle_exception_impl(boost::function_n<void>) in <CONDA_ENV_PREFIX>/lib/python3.11/site-packages/rdkit/../../../libboost_python311.so.1.86.0
31# 0x00007FC9A93B79B3 in <CONDA_ENV_PREFIX>/lib/python3.11/site-packages/rdkit/../../../libboost_python311.so.1.86.0
32# _PyObject_MakeTpCall in <CONDA_ENV_PREFIX>/bin/python
33# _PyEval_EvalFrameDefault in <CONDA_ENV_PREFIX>/bin/python
34# _PyFunction_Vectorcall in <CONDA_ENV_PREFIX>/bin/python
35# 0x0000555AD5345C50 in <CONDA_ENV_PREFIX>/bin/python
36# 0x0000555AD525B745 in <CONDA_ENV_PREFIX>/bin/python
37# 0x0000555AD528C1AA in <CONDA_ENV_PREFIX>/bin/python
38# PyObject_Vectorcall in <CONDA_ENV_PREFIX>/bin/python
39# _PyEval_EvalFrameDefault in <CONDA_ENV_PREFIX>/bin/python
40# _PyFunction_Vectorcall in <CONDA_ENV_PREFIX>/bin/python
41# _PyEval_EvalFrameDefault in <CONDA_ENV_PREFIX>/bin/python
42# _PyFunction_Vectorcall in <CONDA_ENV_PREFIX>/bin/python
43# _PyEval_EvalFrameDefault in <CONDA_ENV_PREFIX>/bin/python
44# _PyFunction_Vectorcall in <CONDA_ENV_PREFIX>/bin/python
45# 0x0000555AD5247979 in <CONDA_ENV_PREFIX>/bin/python
46# _PyObject_MakeTpCall in <CONDA_ENV_PREFIX>/bin/python
47# _PyEval_EvalFrameDefault in <CONDA_ENV_PREFIX>/bin/python
48# _PyFunction_Vectorcall in <CONDA_ENV_PREFIX>/bin/python
49# 0x0000555AD5247A1D in <CONDA_ENV_PREFIX>/bin/python
50# _PyObject_MakeTpCall in <CONDA_ENV_PREFIX>/bin/python
51# _PyEval_EvalFrameDefault in <CONDA_ENV_PREFIX>/bin/python
52# 0x0000555AD52D2B0D in <CONDA_ENV_PREFIX>/bin/python
53# PyEval_EvalCode in <CONDA_ENV_PREFIX>/bin/python
54# 0x0000555AD52F01AA in <CONDA_ENV_PREFIX>/bin/python
55# 0x0000555AD52EBE33 in <CONDA_ENV_PREFIX>/bin/python
56# 0x0000555AD53013D0 in <CONDA_ENV_PREFIX>/bin/python
57# _PyRun_SimpleFileObject in <CONDA_ENV_PREFIX>/bin/python
58# _PyRun_AnyFileObject in <CONDA_ENV_PREFIX>/bin/python
59# Py_RunMain in <CONDA_ENV_PREFIX>/bin/python
60# Py_BytesMain in <CONDA_ENV_PREFIX>/bin/python
61# 0x00007FC9B803CD90 in /lib/x86_64-linux-gnu/libc.so.6
62# __libc_start_main in /lib/x86_64-linux-gnu/libc.so.6
63# 0x0000555AD52C237A in <CONDA_ENV_PREFIX>/bin/python
----------
****

[20:26:36] UFFTYPER: Unrecognized atom type: S_5+6 (2)
[20:26:36] UFFTYPER: Unrecognized atom type: S_5+6 (2)
[20:26:36] 

****
Pre-condition Violation
bad params pointer
Violation occurred on line 79 in file /home/conda/feedstock_root/build_artifacts/rdkit-meta_1745736747213/work/Code/ForceField/UFF/AngleBend.cpp
Failed Expression: at2Params
----------
Stacktrace:
 0# Invar::Invariant::toString[abi:cxx11]() const in <CONDA_ENV_PREFIX>/lib/python3.11/site-packages/rdkit/../../../libRDKitRDGeneral.so.1
 1# Invar::operator<<(std::ostream&, Invar::Invariant const&) in <CONDA_ENV_PREFIX>/lib/python3.11/site-packages/rdkit/../../../libRDKitRDGeneral.so.1
 2# ForceFields::UFF::AngleBendContrib::AngleBendContrib(ForceFields::ForceField*, unsigned int, unsigned int, unsigned int, double, double, ForceFields::UFF::AtomicParams const*, ForceFields::UFF::AtomicParams const*, ForceFields::UFF::AtomicParams const*, unsigned int) in <CONDA_ENV_PREFIX>/lib/python3.11/site-packages/rdkit/ForceField/../../../../libRDKitForceField.so.1
 3# RDKit::UFF::Tools::addTrigonalBipyramidAngles(RDKit::Atom const*, RDKit::ROMol const&, int, std::vector<ForceFields::UFF::AtomicParams const*, std::allocator<ForceFields::UFF::AtomicParams const*> > const&, ForceFields::ForceField*) in <CONDA_ENV_PREFIX>/lib/python3.11/site-packages/rdkit/ForceField/../../../../libRDKitForceFieldHelpers.so.1
 4# RDKit::UFF::Tools::addAngleSpecialCases(RDKit::ROMol const&, int, std::vector<ForceFields::UFF::AtomicParams const*, std::allocator<ForceFields::UFF::AtomicParams const*> > const&, ForceFields::ForceField*) in <CONDA_ENV_PREFIX>/lib/python3.11/site-packages/rdkit/ForceField/../../../../libRDKitForceFieldHelpers.so.1
 5# RDKit::UFF::constructForceField(RDKit::ROMol&, std::vector<ForceFields::UFF::AtomicParams const*, std::allocator<ForceFields::UFF::AtomicParams const*> > const&, double, int, bool) in <CONDA_ENV_PREFIX>/lib/python3.11/site-packages/rdkit/ForceField/../../../../libRDKitForceFieldHelpers.so.1
 6# RDKit::UFF::constructForceField(RDKit::ROMol&, double, int, bool) in <CONDA_ENV_PREFIX>/lib/python3.11/site-packages/rdkit/ForceField/../../../../libRDKitForceFieldHelpers.so.1
 7# RDKit::UFFHelper(RDKit::ROMol&, int, double, int, bool) in <CONDA_ENV_PREFIX>/lib/python3.11/site-packages/rdkit/Chem/rdForceFieldHelpers.so
 8# 0x00007FC9A746103D in <CONDA_ENV_PREFIX>/lib/python3.11/site-packages/rdkit/Chem/rdForceFieldHelpers.so
 9# boost::python::objects::function::call(_object*, _object*) const in <CONDA_ENV_PREFIX>/lib/python3.11/site-packages/rdkit/../../../libboost_python311.so.1.86.0
10# 0x00007FC9A93BA449 in <CONDA_ENV_PREFIX>/lib/python3.11/site-packages/rdkit/../../../libboost_python311.so.1.86.0
11# boost::python::detail::exception_handler::operator()(boost::function_n<void> const&) const in <CONDA_ENV_PREFIX>/lib/python3.11/site-packages/rdkit/../../../libboost_python311.so.1.86.0
12# 0x00007FC9A711AC04 in <CONDA_ENV_PREFIX>/lib/python3.11/site-packages/rdkit/Chem/rdSLNParse.so
13# 0x00007FC9A7508354 in <CONDA_ENV_PREFIX>/lib/python3.11/site-packages/rdkit/Chem/rdDepictor.so
14# 0x00007FC9A77A6DD4 in <CONDA_ENV_PREFIX>/lib/python3.11/site-packages/rdkit/Chem/rdChemReactions.so
15# 0x00007FC9A77A6E24 in <CONDA_ENV_PREFIX>/lib/python3.11/site-packages/rdkit/Chem/rdChemReactions.so
16# 0x00007FC9A791FB94 in <CONDA_ENV_PREFIX>/lib/python3.11/site-packages/rdkit/Chem/rdMolChemicalFeatures.so
17# 0x00007FC9A83979B4 in <CONDA_ENV_PREFIX>/lib/python3.11/site-packages/rdkit/Chem/rdmolfiles.so
18# 0x00007FC9A8397A04 in <CONDA_ENV_PREFIX>/lib/python3.11/site-packages/rdkit/Chem/rdmolfiles.so
19# 0x00007FC9A85B1B04 in <CONDA_ENV_PREFIX>/lib/python3.11/site-packages/rdkit/Chem/rdCIPLabeler.so
20# 0x00007FC9A8E86174 in <CONDA_ENV_PREFIX>/lib/python3.11/site-packages/rdkit/Chem/rdchem.so
21# 0x00007FC9A8E1AAAD in <CONDA_ENV_PREFIX>/lib/python3.11/site-packages/rdkit/Chem/rdchem.so
22# 0x00007FC9A8E1A6AD in <CONDA_ENV_PREFIX>/lib/python3.11/site-packages/rdkit/Chem/rdchem.so
23# 0x00007FC9A8E1A2AD in <CONDA_ENV_PREFIX>/lib/python3.11/site-packages/rdkit/Chem/rdchem.so
24# 0x00007FC9A8E19EAD in <CONDA_ENV_PREFIX>/lib/python3.11/site-packages/rdkit/Chem/rdchem.so
25# 0x00007FC9A8E19AAD in <CONDA_ENV_PREFIX>/lib/python3.11/site-packages/rdkit/Chem/rdchem.so
26# 0x00007FC9A948EE54 in <CONDA_ENV_PREFIX>/lib/python3.11/site-packages/rdkit/rdBase.so
27# 0x00007FC9A948EEA4 in <CONDA_ENV_PREFIX>/lib/python3.11/site-packages/rdkit/rdBase.so
28# 0x00007FC9A948EEF4 in <CONDA_ENV_PREFIX>/lib/python3.11/site-packages/rdkit/rdBase.so
29# 0x00007FC9A948EF44 in <CONDA_ENV_PREFIX>/lib/python3.11/site-packages/rdkit/rdBase.so
30# boost::python::handle_exception_impl(boost::function_n<void>) in <CONDA_ENV_PREFIX>/lib/python3.11/site-packages/rdkit/../../../libboost_python311.so.1.86.0
31# 0x00007FC9A93B79B3 in <CONDA_ENV_PREFIX>/lib/python3.11/site-packages/rdkit/../../../libboost_python311.so.1.86.0
32# _PyObject_MakeTpCall in <CONDA_ENV_PREFIX>/bin/python
33# _PyEval_EvalFrameDefault in <CONDA_ENV_PREFIX>/bin/python
34# _PyFunction_Vectorcall in <CONDA_ENV_PREFIX>/bin/python
35# 0x0000555AD5345C50 in <CONDA_ENV_PREFIX>/bin/python
36# 0x0000555AD525B745 in <CONDA_ENV_PREFIX>/bin/python
37# 0x0000555AD528C1AA in <CONDA_ENV_PREFIX>/bin/python
38# PyObject_Vectorcall in <CONDA_ENV_PREFIX>/bin/python
39# _PyEval_EvalFrameDefault in <CONDA_ENV_PREFIX>/bin/python
40# _PyFunction_Vectorcall in <CONDA_ENV_PREFIX>/bin/python
41# _PyEval_EvalFrameDefault in <CONDA_ENV_PREFIX>/bin/python
42# _PyFunction_Vectorcall in <CONDA_ENV_PREFIX>/bin/python
43# _PyEval_EvalFrameDefault in <CONDA_ENV_PREFIX>/bin/python
44# _PyFunction_Vectorcall in <CONDA_ENV_PREFIX>/bin/python
45# 0x0000555AD5247979 in <CONDA_ENV_PREFIX>/bin/python
46# _PyObject_MakeTpCall in <CONDA_ENV_PREFIX>/bin/python
47# _PyEval_EvalFrameDefault in <CONDA_ENV_PREFIX>/bin/python
48# _PyFunction_Vectorcall in <CONDA_ENV_PREFIX>/bin/python
49# 0x0000555AD5247A1D in <CONDA_ENV_PREFIX>/bin/python
50# _PyObject_MakeTpCall in <CONDA_ENV_PREFIX>/bin/python
51# _PyEval_EvalFrameDefault in <CONDA_ENV_PREFIX>/bin/python
52# 0x0000555AD52D2B0D in <CONDA_ENV_PREFIX>/bin/python
53# PyEval_EvalCode in <CONDA_ENV_PREFIX>/bin/python
54# 0x0000555AD52F01AA in <CONDA_ENV_PREFIX>/bin/python
55# 0x0000555AD52EBE33 in <CONDA_ENV_PREFIX>/bin/python
56# 0x0000555AD53013D0 in <CONDA_ENV_PREFIX>/bin/python
57# _PyRun_SimpleFileObject in <CONDA_ENV_PREFIX>/bin/python
58# _PyRun_AnyFileObject in <CONDA_ENV_PREFIX>/bin/python
59# Py_RunMain in <CONDA_ENV_PREFIX>/bin/python
60# Py_BytesMain in <CONDA_ENV_PREFIX>/bin/python
61# 0x00007FC9B803CD90 in /lib/x86_64-linux-gnu/libc.so.6
62# __libc_start_main in /lib/x86_64-linux-gnu/libc.so.6
63# 0x0000555AD52C237A in <CONDA_ENV_PREFIX>/bin/python
----------
****

[20:26:37] UFFTYPER: Unrecognized atom type: S_5+6 (2)
[20:26:37] UFFTYPER: Unrecognized atom type: S_5+6 (2)
[20:26:37] 

****
Pre-condition Violation
bad params pointer
Violation occurred on line 79 in file /home/conda/feedstock_root/build_artifacts/rdkit-meta_1745736747213/work/Code/ForceField/UFF/AngleBend.cpp
Failed Expression: at2Params
----------
Stacktrace:
 0# Invar::Invariant::toString[abi:cxx11]() const in <CONDA_ENV_PREFIX>/lib/python3.11/site-packages/rdkit/../../../libRDKitRDGeneral.so.1
 1# Invar::operator<<(std::ostream&, Invar::Invariant const&) in <CONDA_ENV_PREFIX>/lib/python3.11/site-packages/rdkit/../../../libRDKitRDGeneral.so.1
 2# ForceFields::UFF::AngleBendContrib::AngleBendContrib(ForceFields::ForceField*, unsigned int, unsigned int, unsigned int, double, double, ForceFields::UFF::AtomicParams const*, ForceFields::UFF::AtomicParams const*, ForceFields::UFF::AtomicParams const*, unsigned int) in <CONDA_ENV_PREFIX>/lib/python3.11/site-packages/rdkit/ForceField/../../../../libRDKitForceField.so.1
 3# RDKit::UFF::Tools::addTrigonalBipyramidAngles(RDKit::Atom const*, RDKit::ROMol const&, int, std::vector<ForceFields::UFF::AtomicParams const*, std::allocator<ForceFields::UFF::AtomicParams const*> > const&, ForceFields::ForceField*) in <CONDA_ENV_PREFIX>/lib/python3.11/site-packages/rdkit/ForceField/../../../../libRDKitForceFieldHelpers.so.1
 4# RDKit::UFF::Tools::addAngleSpecialCases(RDKit::ROMol const&, int, std::vector<ForceFields::UFF::AtomicParams const*, std::allocator<ForceFields::UFF::AtomicParams const*> > const&, ForceFields::ForceField*) in <CONDA_ENV_PREFIX>/lib/python3.11/site-packages/rdkit/ForceField/../../../../libRDKitForceFieldHelpers.so.1
 5# RDKit::UFF::constructForceField(RDKit::ROMol&, std::vector<ForceFields::UFF::AtomicParams const*, std::allocator<ForceFields::UFF::AtomicParams const*> > const&, double, int, bool) in <CONDA_ENV_PREFIX>/lib/python3.11/site-packages/rdkit/ForceField/../../../../libRDKitForceFieldHelpers.so.1
 6# RDKit::UFF::constructForceField(RDKit::ROMol&, double, int, bool) in <CONDA_ENV_PREFIX>/lib/python3.11/site-packages/rdkit/ForceField/../../../../libRDKitForceFieldHelpers.so.1
 7# RDKit::UFFHelper(RDKit::ROMol&, int, double, int, bool) in <CONDA_ENV_PREFIX>/lib/python3.11/site-packages/rdkit/Chem/rdForceFieldHelpers.so
 8# 0x00007FC9A746103D in <CONDA_ENV_PREFIX>/lib/python3.11/site-packages/rdkit/Chem/rdForceFieldHelpers.so
 9# boost::python::objects::function::call(_object*, _object*) const in <CONDA_ENV_PREFIX>/lib/python3.11/site-packages/rdkit/../../../libboost_python311.so.1.86.0
10# 0x00007FC9A93BA449 in <CONDA_ENV_PREFIX>/lib/python3.11/site-packages/rdkit/../../../libboost_python311.so.1.86.0
11# boost::python::detail::exception_handler::operator()(boost::function_n<void> const&) const in <CONDA_ENV_PREFIX>/lib/python3.11/site-packages/rdkit/../../../libboost_python311.so.1.86.0
12# 0x00007FC9A711AC04 in <CONDA_ENV_PREFIX>/lib/python3.11/site-packages/rdkit/Chem/rdSLNParse.so
13# 0x00007FC9A7508354 in <CONDA_ENV_PREFIX>/lib/python3.11/site-packages/rdkit/Chem/rdDepictor.so
14# 0x00007FC9A77A6DD4 in <CONDA_ENV_PREFIX>/lib/python3.11/site-packages/rdkit/Chem/rdChemReactions.so
15# 0x00007FC9A77A6E24 in <CONDA_ENV_PREFIX>/lib/python3.11/site-packages/rdkit/Chem/rdChemReactions.so
16# 0x00007FC9A791FB94 in <CONDA_ENV_PREFIX>/lib/python3.11/site-packages/rdkit/Chem/rdMolChemicalFeatures.so
17# 0x00007FC9A83979B4 in <CONDA_ENV_PREFIX>/lib/python3.11/site-packages/rdkit/Chem/rdmolfiles.so
18# 0x00007FC9A8397A04 in <CONDA_ENV_PREFIX>/lib/python3.11/site-packages/rdkit/Chem/rdmolfiles.so
19# 0x00007FC9A85B1B04 in <CONDA_ENV_PREFIX>/lib/python3.11/site-packages/rdkit/Chem/rdCIPLabeler.so
20# 0x00007FC9A8E86174 in <CONDA_ENV_PREFIX>/lib/python3.11/site-packages/rdkit/Chem/rdchem.so
21# 0x00007FC9A8E1AAAD in <CONDA_ENV_PREFIX>/lib/python3.11/site-packages/rdkit/Chem/rdchem.so
22# 0x00007FC9A8E1A6AD in <CONDA_ENV_PREFIX>/lib/python3.11/site-packages/rdkit/Chem/rdchem.so
23# 0x00007FC9A8E1A2AD in <CONDA_ENV_PREFIX>/lib/python3.11/site-packages/rdkit/Chem/rdchem.so
24# 0x00007FC9A8E19EAD in <CONDA_ENV_PREFIX>/lib/python3.11/site-packages/rdkit/Chem/rdchem.so
25# 0x00007FC9A8E19AAD in <CONDA_ENV_PREFIX>/lib/python3.11/site-packages/rdkit/Chem/rdchem.so
26# 0x00007FC9A948EE54 in <CONDA_ENV_PREFIX>/lib/python3.11/site-packages/rdkit/rdBase.so
27# 0x00007FC9A948EEA4 in <CONDA_ENV_PREFIX>/lib/python3.11/site-packages/rdkit/rdBase.so
28# 0x00007FC9A948EEF4 in <CONDA_ENV_PREFIX>/lib/python3.11/site-packages/rdkit/rdBase.so
29# 0x00007FC9A948EF44 in <CONDA_ENV_PREFIX>/lib/python3.11/site-packages/rdkit/rdBase.so
30# boost::python::handle_exception_impl(boost::function_n<void>) in <CONDA_ENV_PREFIX>/lib/python3.11/site-packages/rdkit/../../../libboost_python311.so.1.86.0
31# 0x00007FC9A93B79B3 in <CONDA_ENV_PREFIX>/lib/python3.11/site-packages/rdkit/../../../libboost_python311.so.1.86.0
32# _PyObject_MakeTpCall in <CONDA_ENV_PREFIX>/bin/python
33# _PyEval_EvalFrameDefault in <CONDA_ENV_PREFIX>/bin/python
34# _PyFunction_Vectorcall in <CONDA_ENV_PREFIX>/bin/python
35# 0x0000555AD5345C50 in <CONDA_ENV_PREFIX>/bin/python
36# 0x0000555AD525B745 in <CONDA_ENV_PREFIX>/bin/python
37# 0x0000555AD528C1AA in <CONDA_ENV_PREFIX>/bin/python
38# PyObject_Vectorcall in <CONDA_ENV_PREFIX>/bin/python
39# _PyEval_EvalFrameDefault in <CONDA_ENV_PREFIX>/bin/python
40# _PyFunction_Vectorcall in <CONDA_ENV_PREFIX>/bin/python
41# _PyEval_EvalFrameDefault in <CONDA_ENV_PREFIX>/bin/python
42# _PyFunction_Vectorcall in <CONDA_ENV_PREFIX>/bin/python
43# _PyEval_EvalFrameDefault in <CONDA_ENV_PREFIX>/bin/python
44# _PyFunction_Vectorcall in <CONDA_ENV_PREFIX>/bin/python
45# 0x0000555AD5247979 in <CONDA_ENV_PREFIX>/bin/python
46# _PyObject_MakeTpCall in <CONDA_ENV_PREFIX>/bin/python
47# _PyEval_EvalFrameDefault in <CONDA_ENV_PREFIX>/bin/python
48# _PyFunction_Vectorcall in <CONDA_ENV_PREFIX>/bin/python
49# 0x0000555AD5247A1D in <CONDA_ENV_PREFIX>/bin/python
50# _PyObject_MakeTpCall in <CONDA_ENV_PREFIX>/bin/python
51# _PyEval_EvalFrameDefault in <CONDA_ENV_PREFIX>/bin/python
52# 0x0000555AD52D2B0D in <CONDA_ENV_PREFIX>/bin/python
53# PyEval_EvalCode in <CONDA_ENV_PREFIX>/bin/python
54# 0x0000555AD52F01AA in <CONDA_ENV_PREFIX>/bin/python
55# 0x0000555AD52EBE33 in <CONDA_ENV_PREFIX>/bin/python
56# 0x0000555AD53013D0 in <CONDA_ENV_PREFIX>/bin/python
57# _PyRun_SimpleFileObject in <CONDA_ENV_PREFIX>/bin/python
58# _PyRun_AnyFileObject in <CONDA_ENV_PREFIX>/bin/python
59# Py_RunMain in <CONDA_ENV_PREFIX>/bin/python
60# Py_BytesMain in <CONDA_ENV_PREFIX>/bin/python
61# 0x00007FC9B803CD90 in /lib/x86_64-linux-gnu/libc.so.6
62# __libc_start_main in /lib/x86_64-linux-gnu/libc.so.6
63# 0x0000555AD52C237A in <CONDA_ENV_PREFIX>/bin/python
----------
****

[20:26:37] UFFTYPER: Unrecognized atom type: S_5+6 (2)
[20:26:38] UFFTYPER: Unrecognized atom type: S_5+6 (2)
[20:26:38] 

****
Pre-condition Violation
bad params pointer
Violation occurred on line 79 in file /home/conda/feedstock_root/build_artifacts/rdkit-meta_1745736747213/work/Code/ForceField/UFF/AngleBend.cpp
Failed Expression: at2Params
----------
Stacktrace:
 0# Invar::Invariant::toString[abi:cxx11]() const in <CONDA_ENV_PREFIX>/lib/python3.11/site-packages/rdkit/../../../libRDKitRDGeneral.so.1
 1# Invar::operator<<(std::ostream&, Invar::Invariant const&) in <CONDA_ENV_PREFIX>/lib/python3.11/site-packages/rdkit/../../../libRDKitRDGeneral.so.1
 2# ForceFields::UFF::AngleBendContrib::AngleBendContrib(ForceFields::ForceField*, unsigned int, unsigned int, unsigned int, double, double, ForceFields::UFF::AtomicParams const*, ForceFields::UFF::AtomicParams const*, ForceFields::UFF::AtomicParams const*, unsigned int) in <CONDA_ENV_PREFIX>/lib/python3.11/site-packages/rdkit/ForceField/../../../../libRDKitForceField.so.1
 3# RDKit::UFF::Tools::addTrigonalBipyramidAngles(RDKit::Atom const*, RDKit::ROMol const&, int, std::vector<ForceFields::UFF::AtomicParams const*, std::allocator<ForceFields::UFF::AtomicParams const*> > const&, ForceFields::ForceField*) in <CONDA_ENV_PREFIX>/lib/python3.11/site-packages/rdkit/ForceField/../../../../libRDKitForceFieldHelpers.so.1
 4# RDKit::UFF::Tools::addAngleSpecialCases(RDKit::ROMol const&, int, std::vector<ForceFields::UFF::AtomicParams const*, std::allocator<ForceFields::UFF::AtomicParams const*> > const&, ForceFields::ForceField*) in <CONDA_ENV_PREFIX>/lib/python3.11/site-packages/rdkit/ForceField/../../../../libRDKitForceFieldHelpers.so.1
 5# RDKit::UFF::constructForceField(RDKit::ROMol&, std::vector<ForceFields::UFF::AtomicParams const*, std::allocator<ForceFields::UFF::AtomicParams const*> > const&, double, int, bool) in <CONDA_ENV_PREFIX>/lib/python3.11/site-packages/rdkit/ForceField/../../../../libRDKitForceFieldHelpers.so.1
 6# RDKit::UFF::constructForceField(RDKit::ROMol&, double, int, bool) in <CONDA_ENV_PREFIX>/lib/python3.11/site-packages/rdkit/ForceField/../../../../libRDKitForceFieldHelpers.so.1
 7# RDKit::UFFHelper(RDKit::ROMol&, int, double, int, bool) in <CONDA_ENV_PREFIX>/lib/python3.11/site-packages/rdkit/Chem/rdForceFieldHelpers.so
 8# 0x00007FC9A746103D in <CONDA_ENV_PREFIX>/lib/python3.11/site-packages/rdkit/Chem/rdForceFieldHelpers.so
 9# boost::python::objects::function::call(_object*, _object*) const in <CONDA_ENV_PREFIX>/lib/python3.11/site-packages/rdkit/../../../libboost_python311.so.1.86.0
10# 0x00007FC9A93BA449 in <CONDA_ENV_PREFIX>/lib/python3.11/site-packages/rdkit/../../../libboost_python311.so.1.86.0
11# boost::python::detail::exception_handler::operator()(boost::function_n<void> const&) const in <CONDA_ENV_PREFIX>/lib/python3.11/site-packages/rdkit/../../../libboost_python311.so.1.86.0
12# 0x00007FC9A711AC04 in <CONDA_ENV_PREFIX>/lib/python3.11/site-packages/rdkit/Chem/rdSLNParse.so
13# 0x00007FC9A7508354 in <CONDA_ENV_PREFIX>/lib/python3.11/site-packages/rdkit/Chem/rdDepictor.so
14# 0x00007FC9A77A6DD4 in <CONDA_ENV_PREFIX>/lib/python3.11/site-packages/rdkit/Chem/rdChemReactions.so
15# 0x00007FC9A77A6E24 in <CONDA_ENV_PREFIX>/lib/python3.11/site-packages/rdkit/Chem/rdChemReactions.so
16# 0x00007FC9A791FB94 in <CONDA_ENV_PREFIX>/lib/python3.11/site-packages/rdkit/Chem/rdMolChemicalFeatures.so
17# 0x00007FC9A83979B4 in <CONDA_ENV_PREFIX>/lib/python3.11/site-packages/rdkit/Chem/rdmolfiles.so
18# 0x00007FC9A8397A04 in <CONDA_ENV_PREFIX>/lib/python3.11/site-packages/rdkit/Chem/rdmolfiles.so
19# 0x00007FC9A85B1B04 in <CONDA_ENV_PREFIX>/lib/python3.11/site-packages/rdkit/Chem/rdCIPLabeler.so
20# 0x00007FC9A8E86174 in <CONDA_ENV_PREFIX>/lib/python3.11/site-packages/rdkit/Chem/rdchem.so
21# 0x00007FC9A8E1AAAD in <CONDA_ENV_PREFIX>/lib/python3.11/site-packages/rdkit/Chem/rdchem.so
22# 0x00007FC9A8E1A6AD in <CONDA_ENV_PREFIX>/lib/python3.11/site-packages/rdkit/Chem/rdchem.so
23# 0x00007FC9A8E1A2AD in <CONDA_ENV_PREFIX>/lib/python3.11/site-packages/rdkit/Chem/rdchem.so
24# 0x00007FC9A8E19EAD in <CONDA_ENV_PREFIX>/lib/python3.11/site-packages/rdkit/Chem/rdchem.so
25# 0x00007FC9A8E19AAD in <CONDA_ENV_PREFIX>/lib/python3.11/site-packages/rdkit/Chem/rdchem.so
26# 0x00007FC9A948EE54 in <CONDA_ENV_PREFIX>/lib/python3.11/site-packages/rdkit/rdBase.so
27# 0x00007FC9A948EEA4 in <CONDA_ENV_PREFIX>/lib/python3.11/site-packages/rdkit/rdBase.so
28# 0x00007FC9A948EEF4 in <CONDA_ENV_PREFIX>/lib/python3.11/site-packages/rdkit/rdBase.so
29# 0x00007FC9A948EF44 in <CONDA_ENV_PREFIX>/lib/python3.11/site-packages/rdkit/rdBase.so
30# boost::python::handle_exception_impl(boost::function_n<void>) in <CONDA_ENV_PREFIX>/lib/python3.11/site-packages/rdkit/../../../libboost_python311.so.1.86.0
31# 0x00007FC9A93B79B3 in <CONDA_ENV_PREFIX>/lib/python3.11/site-packages/rdkit/../../../libboost_python311.so.1.86.0
32# _PyObject_MakeTpCall in <CONDA_ENV_PREFIX>/bin/python
33# _PyEval_EvalFrameDefault in <CONDA_ENV_PREFIX>/bin/python
34# _PyFunction_Vectorcall in <CONDA_ENV_PREFIX>/bin/python
35# 0x0000555AD5345C50 in <CONDA_ENV_PREFIX>/bin/python
36# 0x0000555AD525B745 in <CONDA_ENV_PREFIX>/bin/python
37# 0x0000555AD528C1AA in <CONDA_ENV_PREFIX>/bin/python
38# PyObject_Vectorcall in <CONDA_ENV_PREFIX>/bin/python
39# _PyEval_EvalFrameDefault in <CONDA_ENV_PREFIX>/bin/python
40# _PyFunction_Vectorcall in <CONDA_ENV_PREFIX>/bin/python
41# _PyEval_EvalFrameDefault in <CONDA_ENV_PREFIX>/bin/python
42# _PyFunction_Vectorcall in <CONDA_ENV_PREFIX>/bin/python
43# _PyEval_EvalFrameDefault in <CONDA_ENV_PREFIX>/bin/python
44# _PyFunction_Vectorcall in <CONDA_ENV_PREFIX>/bin/python
45# 0x0000555AD5247979 in <CONDA_ENV_PREFIX>/bin/python
46# _PyObject_MakeTpCall in <CONDA_ENV_PREFIX>/bin/python
47# _PyEval_EvalFrameDefault in <CONDA_ENV_PREFIX>/bin/python
48# _PyFunction_Vectorcall in <CONDA_ENV_PREFIX>/bin/python
49# 0x0000555AD5247A1D in <CONDA_ENV_PREFIX>/bin/python
50# _PyObject_MakeTpCall in <CONDA_ENV_PREFIX>/bin/python
51# _PyEval_EvalFrameDefault in <CONDA_ENV_PREFIX>/bin/python
52# 0x0000555AD52D2B0D in <CONDA_ENV_PREFIX>/bin/python
53# PyEval_EvalCode in <CONDA_ENV_PREFIX>/bin/python
54# 0x0000555AD52F01AA in <CONDA_ENV_PREFIX>/bin/python
55# 0x0000555AD52EBE33 in <CONDA_ENV_PREFIX>/bin/python
56# 0x0000555AD53013D0 in <CONDA_ENV_PREFIX>/bin/python
57# _PyRun_SimpleFileObject in <CONDA_ENV_PREFIX>/bin/python
58# _PyRun_AnyFileObject in <CONDA_ENV_PREFIX>/bin/python
59# Py_RunMain in <CONDA_ENV_PREFIX>/bin/python
60# Py_BytesMain in <CONDA_ENV_PREFIX>/bin/python
61# 0x00007FC9B803CD90 in /lib/x86_64-linux-gnu/libc.so.6
62# __libc_start_main in /lib/x86_64-linux-gnu/libc.so.6
63# 0x0000555AD52C237A in <CONDA_ENV_PREFIX>/bin/python
----------
****

[20:26:38] UFFTYPER: Unrecognized atom type: S_5+6 (14)
[20:26:38] UFFTYPER: Unrecognized atom type: S_5+6 (14)
[20:26:38] 

****
Pre-condition Violation
bad params pointer
Violation occurred on line 79 in file /home/conda/feedstock_root/build_artifacts/rdkit-meta_1745736747213/work/Code/ForceField/UFF/AngleBend.cpp
Failed Expression: at2Params
----------
Stacktrace:
 0# Invar::Invariant::toString[abi:cxx11]() const in <CONDA_ENV_PREFIX>/lib/python3.11/site-packages/rdkit/../../../libRDKitRDGeneral.so.1
 1# Invar::operator<<(std::ostream&, Invar::Invariant const&) in <CONDA_ENV_PREFIX>/lib/python3.11/site-packages/rdkit/../../../libRDKitRDGeneral.so.1
 2# ForceFields::UFF::AngleBendContrib::AngleBendContrib(ForceFields::ForceField*, unsigned int, unsigned int, unsigned int, double, double, ForceFields::UFF::AtomicParams const*, ForceFields::UFF::AtomicParams const*, ForceFields::UFF::AtomicParams const*, unsigned int) in <CONDA_ENV_PREFIX>/lib/python3.11/site-packages/rdkit/ForceField/../../../../libRDKitForceField.so.1
 3# RDKit::UFF::Tools::addTrigonalBipyramidAngles(RDKit::Atom const*, RDKit::ROMol const&, int, std::vector<ForceFields::UFF::AtomicParams const*, std::allocator<ForceFields::UFF::AtomicParams const*> > const&, ForceFields::ForceField*) in <CONDA_ENV_PREFIX>/lib/python3.11/site-packages/rdkit/ForceField/../../../../libRDKitForceFieldHelpers.so.1
 4# RDKit::UFF::Tools::addAngleSpecialCases(RDKit::ROMol const&, int, std::vector<ForceFields::UFF::AtomicParams const*, std::allocator<ForceFields::UFF::AtomicParams const*> > const&, ForceFields::ForceField*) in <CONDA_ENV_PREFIX>/lib/python3.11/site-packages/rdkit/ForceField/../../../../libRDKitForceFieldHelpers.so.1
 5# RDKit::UFF::constructForceField(RDKit::ROMol&, std::vector<ForceFields::UFF::AtomicParams const*, std::allocator<ForceFields::UFF::AtomicParams const*> > const&, double, int, bool) in <CONDA_ENV_PREFIX>/lib/python3.11/site-packages/rdkit/ForceField/../../../../libRDKitForceFieldHelpers.so.1
 6# RDKit::UFF::constructForceField(RDKit::ROMol&, double, int, bool) in <CONDA_ENV_PREFIX>/lib/python3.11/site-packages/rdkit/ForceField/../../../../libRDKitForceFieldHelpers.so.1
 7# RDKit::UFFHelper(RDKit::ROMol&, int, double, int, bool) in <CONDA_ENV_PREFIX>/lib/python3.11/site-packages/rdkit/Chem/rdForceFieldHelpers.so
 8# 0x00007FC9A746103D in <CONDA_ENV_PREFIX>/lib/python3.11/site-packages/rdkit/Chem/rdForceFieldHelpers.so
 9# boost::python::objects::function::call(_object*, _object*) const in <CONDA_ENV_PREFIX>/lib/python3.11/site-packages/rdkit/../../../libboost_python311.so.1.86.0
10# 0x00007FC9A93BA449 in <CONDA_ENV_PREFIX>/lib/python3.11/site-packages/rdkit/../../../libboost_python311.so.1.86.0
11# boost::python::detail::exception_handler::operator()(boost::function_n<void> const&) const in <CONDA_ENV_PREFIX>/lib/python3.11/site-packages/rdkit/../../../libboost_python311.so.1.86.0
12# 0x00007FC9A711AC04 in <CONDA_ENV_PREFIX>/lib/python3.11/site-packages/rdkit/Chem/rdSLNParse.so
13# 0x00007FC9A7508354 in <CONDA_ENV_PREFIX>/lib/python3.11/site-packages/rdkit/Chem/rdDepictor.so
14# 0x00007FC9A77A6DD4 in <CONDA_ENV_PREFIX>/lib/python3.11/site-packages/rdkit/Chem/rdChemReactions.so
15# 0x00007FC9A77A6E24 in <CONDA_ENV_PREFIX>/lib/python3.11/site-packages/rdkit/Chem/rdChemReactions.so
16# 0x00007FC9A791FB94 in <CONDA_ENV_PREFIX>/lib/python3.11/site-packages/rdkit/Chem/rdMolChemicalFeatures.so
17# 0x00007FC9A83979B4 in <CONDA_ENV_PREFIX>/lib/python3.11/site-packages/rdkit/Chem/rdmolfiles.so
18# 0x00007FC9A8397A04 in <CONDA_ENV_PREFIX>/lib/python3.11/site-packages/rdkit/Chem/rdmolfiles.so
19# 0x00007FC9A85B1B04 in <CONDA_ENV_PREFIX>/lib/python3.11/site-packages/rdkit/Chem/rdCIPLabeler.so
20# 0x00007FC9A8E86174 in <CONDA_ENV_PREFIX>/lib/python3.11/site-packages/rdkit/Chem/rdchem.so
21# 0x00007FC9A8E1AAAD in <CONDA_ENV_PREFIX>/lib/python3.11/site-packages/rdkit/Chem/rdchem.so
22# 0x00007FC9A8E1A6AD in <CONDA_ENV_PREFIX>/lib/python3.11/site-packages/rdkit/Chem/rdchem.so
23# 0x00007FC9A8E1A2AD in <CONDA_ENV_PREFIX>/lib/python3.11/site-packages/rdkit/Chem/rdchem.so
24# 0x00007FC9A8E19EAD in <CONDA_ENV_PREFIX>/lib/python3.11/site-packages/rdkit/Chem/rdchem.so
25# 0x00007FC9A8E19AAD in <CONDA_ENV_PREFIX>/lib/python3.11/site-packages/rdkit/Chem/rdchem.so
26# 0x00007FC9A948EE54 in <CONDA_ENV_PREFIX>/lib/python3.11/site-packages/rdkit/rdBase.so
27# 0x00007FC9A948EEA4 in <CONDA_ENV_PREFIX>/lib/python3.11/site-packages/rdkit/rdBase.so
28# 0x00007FC9A948EEF4 in <CONDA_ENV_PREFIX>/lib/python3.11/site-packages/rdkit/rdBase.so
29# 0x00007FC9A948EF44 in <CONDA_ENV_PREFIX>/lib/python3.11/site-packages/rdkit/rdBase.so
30# boost::python::handle_exception_impl(boost::function_n<void>) in <CONDA_ENV_PREFIX>/lib/python3.11/site-packages/rdkit/../../../libboost_python311.so.1.86.0
31# 0x00007FC9A93B79B3 in <CONDA_ENV_PREFIX>/lib/python3.11/site-packages/rdkit/../../../libboost_python311.so.1.86.0
32# _PyObject_MakeTpCall in <CONDA_ENV_PREFIX>/bin/python
33# _PyEval_EvalFrameDefault in <CONDA_ENV_PREFIX>/bin/python
34# _PyFunction_Vectorcall in <CONDA_ENV_PREFIX>/bin/python
35# 0x0000555AD5345C50 in <CONDA_ENV_PREFIX>/bin/python
36# 0x0000555AD525B745 in <CONDA_ENV_PREFIX>/bin/python
37# 0x0000555AD528C1AA in <CONDA_ENV_PREFIX>/bin/python
38# PyObject_Vectorcall in <CONDA_ENV_PREFIX>/bin/python
39# _PyEval_EvalFrameDefault in <CONDA_ENV_PREFIX>/bin/python
40# _PyFunction_Vectorcall in <CONDA_ENV_PREFIX>/bin/python
41# _PyEval_EvalFrameDefault in <CONDA_ENV_PREFIX>/bin/python
42# _PyFunction_Vectorcall in <CONDA_ENV_PREFIX>/bin/python
43# _PyEval_EvalFrameDefault in <CONDA_ENV_PREFIX>/bin/python
44# _PyFunction_Vectorcall in <CONDA_ENV_PREFIX>/bin/python
45# 0x0000555AD5247979 in <CONDA_ENV_PREFIX>/bin/python
46# _PyObject_MakeTpCall in <CONDA_ENV_PREFIX>/bin/python
47# _PyEval_EvalFrameDefault in <CONDA_ENV_PREFIX>/bin/python
48# _PyFunction_Vectorcall in <CONDA_ENV_PREFIX>/bin/python
49# 0x0000555AD5247A1D in <CONDA_ENV_PREFIX>/bin/python
50# _PyObject_MakeTpCall in <CONDA_ENV_PREFIX>/bin/python
51# _PyEval_EvalFrameDefault in <CONDA_ENV_PREFIX>/bin/python
52# 0x0000555AD52D2B0D in <CONDA_ENV_PREFIX>/bin/python
53# PyEval_EvalCode in <CONDA_ENV_PREFIX>/bin/python
54# 0x0000555AD52F01AA in <CONDA_ENV_PREFIX>/bin/python
55# 0x0000555AD52EBE33 in <CONDA_ENV_PREFIX>/bin/python
56# 0x0000555AD53013D0 in <CONDA_ENV_PREFIX>/bin/python
57# _PyRun_SimpleFileObject in <CONDA_ENV_PREFIX>/bin/python
58# _PyRun_AnyFileObject in <CONDA_ENV_PREFIX>/bin/python
59# Py_RunMain in <CONDA_ENV_PREFIX>/bin/python
60# Py_BytesMain in <CONDA_ENV_PREFIX>/bin/python
61# 0x00007FC9B803CD90 in /lib/x86_64-linux-gnu/libc.so.6
62# __libc_start_main in /lib/x86_64-linux-gnu/libc.so.6
63# 0x0000555AD52C237A in <CONDA_ENV_PREFIX>/bin/python
----------
****

[20:26:39] UFFTYPER: Unrecognized atom type: S_5+6 (2)
[20:26:39] UFFTYPER: Unrecognized atom type: S_5+6 (2)
[20:26:39] UFFTYPER: Unrecognized atom type: S_5+6 (2)
[20:26:39] 

****
[20:26:39] UFFTYPER: Unrecognized atom type: S_5+6 (2)
[20:26:39] 

****
Pre-condition Violation
bad params pointer
Violation occurred on line 79 in file /home/conda/feedstock_root/build_artifacts/rdkit-meta_1745736747213/work/Code/ForceField/UFF/AngleBend.cpp
Failed Expression: at2Params
----------
Stacktrace:
 0# Invar::Invariant::toString[abi:cxx11]() const in <CONDA_ENV_PREFIX>/lib/python3.11/site-packages/rdkit/../../../libRDKitRDGeneral.so.1
 1# Invar::operator<<(std::ostream&, Invar::Invariant const&) in <CONDA_ENV_PREFIX>/lib/python3.11/site-packages/rdkit/../../../libRDKitRDGeneral.so.1
 2# ForceFields::UFF::AngleBendContrib::AngleBendContrib(ForceFields::ForceField*, unsigned int, unsigned int, unsigned int, double, double, ForceFields::UFF::AtomicParams const*, ForceFields::UFF::AtomicParams const*, ForceFields::UFF::AtomicParams const*, unsigned int) in <CONDA_ENV_PREFIX>/lib/python3.11/site-packages/rdkit/ForceField/../../../../libRDKitForceField.so.1
 3# RDKit::UFF::Tools::addTrigonalBipyramidAngles(RDKit::Atom const*, RDKit::ROMol const&, int, std::vector<ForceFields::UFF::AtomicParams const*, std::allocator<ForceFields::UFF::AtomicParams const*> > const&, ForceFields::ForceField*) in <CONDA_ENV_PREFIX>/lib/python3.11/site-packages/rdkit/ForceField/../../../../libRDKitForceFieldHelpers.so.1
 4# RDKit::UFF::Tools::addAngleSpecialCases(RDKit::ROMol const&, int, std::vector<ForceFields::UFF::AtomicParams const*, std::allocator<ForceFields::UFF::AtomicParams const*> > const&, ForceFields::ForceField*) in <CONDA_ENV_PREFIX>/lib/python3.11/site-packages/rdkit/ForceField/../../../../libRDKitForceFieldHelpers.so.1
 5# RDKit::UFF::constructForceField(RDKit::ROMol&, std::vector<ForceFields::UFF::AtomicParams const*, std::allocator<ForceFields::UFF::AtomicParams const*> > const&, double, int, bool) in <CONDA_ENV_PREFIX>/lib/python3.11/site-packages/rdkit/ForceField/../../../../libRDKitForceFieldHelpers.so.1
 6# RDKit::UFF::constructForceField(RDKit::ROMol&, double, int, bool) in <CONDA_ENV_PREFIX>/lib/python3.11/site-packages/rdkit/ForceField/../../../../libRDKitForceFieldHelpers.so.1
 7# RDKit::UFFHelper(RDKit::ROMol&, int, double, int, bool) in <CONDA_ENV_PREFIX>/lib/python3.11/site-packages/rdkit/Chem/rdForceFieldHelpers.so
 8# 0x00007FC9A746103D in <CONDA_ENV_PREFIX>/lib/python3.11/site-packages/rdkit/Chem/rdForceFieldHelpers.so
 9# boost::python::objects::function::call(_object*, _object*) const in <CONDA_ENV_PREFIX>/lib/python3.11/site-packages/rdkit/../../../libboost_python311.so.1.86.0
10# 0x00007FC9A93BA449 in <CONDA_ENV_PREFIX>/lib/python3.11/site-packages/rdkit/../../../libboost_python311.so.1.86.0
11# boost::python::detail::exception_handler::operator()(boost::function_n<void> const&) const in <CONDA_ENV_PREFIX>/lib/python3.11/site-packages/rdkit/../../../libboost_python311.so.1.86.0
12# 0x00007FC9A711AC04 in <CONDA_ENV_PREFIX>/lib/python3.11/site-packages/rdkit/Chem/rdSLNParse.so
13# 0x00007FC9A7508354 in <CONDA_ENV_PREFIX>/lib/python3.11/site-packages/rdkit/Chem/rdDepictor.so
14# 0x00007FC9A77A6DD4 in <CONDA_ENV_PREFIX>/lib/python3.11/site-packages/rdkit/Chem/rdChemReactions.so
15# 0x00007FC9A77A6E24 in <CONDA_ENV_PREFIX>/lib/python3.11/site-packages/rdkit/Chem/rdChemReactions.so
16# 0x00007FC9A791FB94 in <CONDA_ENV_PREFIX>/lib/python3.11/site-packages/rdkit/Chem/rdMolChemicalFeatures.so
17# 0x00007FC9A83979B4 in <CONDA_ENV_PREFIX>/lib/python3.11/site-packages/rdkit/Chem/rdmolfiles.so
18# 0x00007FC9A8397A04 in <CONDA_ENV_PREFIX>/lib/python3.11/site-packages/rdkit/Chem/rdmolfiles.so
19# 0x00007FC9A85B1B04 in <CONDA_ENV_PREFIX>/lib/python3.11/site-packages/rdkit/Chem/rdCIPLabeler.so
20# 0x00007FC9A8E86174 in <CONDA_ENV_PREFIX>/lib/python3.11/site-packages/rdkit/Chem/rdchem.so
21# 0x00007FC9A8E1AAAD in <CONDA_ENV_PREFIX>/lib/python3.11/site-packages/rdkit/Chem/rdchem.so
22# 0x00007FC9A8E1A6AD in <CONDA_ENV_PREFIX>/lib/python3.11/site-packages/rdkit/Chem/rdchem.so
23# 0x00007FC9A8E1A2AD in <CONDA_ENV_PREFIX>/lib/python3.11/site-packages/rdkit/Chem/rdchem.so
24# 0x00007FC9A8E19EAD in <CONDA_ENV_PREFIX>/lib/python3.11/site-packages/rdkit/Chem/rdchem.so
25# 0x00007FC9A8E19AAD in <CONDA_ENV_PREFIX>/lib/python3.11/site-packages/rdkit/Chem/rdchem.so
26# 0x00007FC9A948EE54 in <CONDA_ENV_PREFIX>/lib/python3.11/site-packages/rdkit/rdBase.so
27# 0x00007FC9A948EEA4 in <CONDA_ENV_PREFIX>/lib/python3.11/site-packages/rdkit/rdBase.so
28# 0x00007FC9A948EEF4 in <CONDA_ENV_PREFIX>/lib/python3.11/site-packages/rdkit/rdBase.so
29# 0x00007FC9A948EF44 in <CONDA_ENV_PREFIX>/lib/python3.11/site-packages/rdkit/rdBase.so
30# boost::python::handle_exception_impl(boost::function_n<void>) in <CONDA_ENV_PREFIX>/lib/python3.11/site-packages/rdkit/../../../libboost_python311.so.1.86.0
31# 0x00007FC9A93B79B3 in <CONDA_ENV_PREFIX>/lib/python3.11/site-packages/rdkit/../../../libboost_python311.so.1.86.0
32# _PyObject_MakeTpCall in <CONDA_ENV_PREFIX>/bin/python
33# _PyEval_EvalFrameDefault in <CONDA_ENV_PREFIX>/bin/python
34# _PyFunction_Vectorcall in <CONDA_ENV_PREFIX>/bin/python
35# 0x0000555AD5345C50 in <CONDA_ENV_PREFIX>/bin/python
36# 0x0000555AD525B745 in <CONDA_ENV_PREFIX>/bin/python
37# 0x0000555AD528C1AA in <CONDA_ENV_PREFIX>/bin/python
38# PyObject_Vectorcall in <CONDA_ENV_PREFIX>/bin/python
39# _PyEval_EvalFrameDefault in <CONDA_ENV_PREFIX>/bin/python
40# _PyFunction_Vectorcall in <CONDA_ENV_PREFIX>/bin/python
41# _PyEval_EvalFrameDefault in <CONDA_ENV_PREFIX>/bin/python
42# _PyFunction_Vectorcall in <CONDA_ENV_PREFIX>/bin/python
43# _PyEval_EvalFrameDefault in <CONDA_ENV_PREFIX>/bin/python
44# _PyFunction_Vectorcall in <CONDA_ENV_PREFIX>/bin/python
45# 0x0000555AD5247979 in <CONDA_ENV_PREFIX>/bin/python
46# _PyObject_MakeTpCall in <CONDA_ENV_PREFIX>/bin/python
47# _PyEval_EvalFrameDefault in <CONDA_ENV_PREFIX>/bin/python
48# _PyFunction_Vectorcall in <CONDA_ENV_PREFIX>/bin/python
49# 0x0000555AD5247A1D in <CONDA_ENV_PREFIX>/bin/python
50# _PyObject_MakeTpCall in <CONDA_ENV_PREFIX>/bin/python
51# _PyEval_EvalFrameDefault in <CONDA_ENV_PREFIX>/bin/python
52# 0x0000555AD52D2B0D in <CONDA_ENV_PREFIX>/bin/python
53# PyEval_EvalCode in <CONDA_ENV_PREFIX>/bin/python
54# 0x0000555AD52F01AA in <CONDA_ENV_PREFIX>/bin/python
55# 0x0000555AD52EBE33 in <CONDA_ENV_PREFIX>/bin/python
56# 0x0000555AD53013D0 in <CONDA_ENV_PREFIX>/bin/python
57# _PyRun_SimpleFileObject in <CONDA_ENV_PREFIX>/bin/python
58# _PyRun_AnyFileObject in <CONDA_ENV_PREFIX>/bin/python
59# Py_RunMain in <CONDA_ENV_PREFIX>/bin/python
60# Py_BytesMain in <CONDA_ENV_PREFIX>/bin/python
61# 0x00007FC9B803CD90 in /lib/x86_64-linux-gnu/libc.so.6
62# __libc_start_main in /lib/x86_64-linux-gnu/libc.so.6
63# 0x0000555AD52C237A in <CONDA_ENV_PREFIX>/bin/python
----------
****

Pre-condition Violation
bad params pointer
Violation occurred on line 79 in file /home/conda/feedstock_root/build_artifacts/rdkit-meta_1745736747213/work/Code/ForceField/UFF/AngleBend.cpp
Failed Expression: at2Params
----------
Stacktrace:
 0# Invar::Invariant::toString[abi:cxx11]() const in <CONDA_ENV_PREFIX>/lib/python3.11/site-packages/rdkit/../../../libRDKitRDGeneral.so.1
 1# Invar::operator<<(std::ostream&, Invar::Invariant const&) in <CONDA_ENV_PREFIX>/lib/python3.11/site-packages/rdkit/../../../libRDKitRDGeneral.so.1
 2# ForceFields::UFF::AngleBendContrib::AngleBendContrib(ForceFields::ForceField*, unsigned int, unsigned int, unsigned int, double, double, ForceFields::UFF::AtomicParams const*, ForceFields::UFF::AtomicParams const*, ForceFields::UFF::AtomicParams const*, unsigned int) in <CONDA_ENV_PREFIX>/lib/python3.11/site-packages/rdkit/ForceField/../../../../libRDKitForceField.so.1
 3# RDKit::UFF::Tools::addTrigonalBipyramidAngles(RDKit::Atom const*, RDKit::ROMol const&, int, std::vector<ForceFields::UFF::AtomicParams const*, std::allocator<ForceFields::UFF::AtomicParams const*> > const&, ForceFields::ForceField*) in <CONDA_ENV_PREFIX>/lib/python3.11/site-packages/rdkit/ForceField/../../../../libRDKitForceFieldHelpers.so.1
 4# RDKit::UFF::Tools::addAngleSpecialCases(RDKit::ROMol const&, int, std::vector<ForceFields::UFF::AtomicParams const*, std::allocator<ForceFields::UFF::AtomicParams const*> > const&, ForceFields::ForceField*) in <CONDA_ENV_PREFIX>/lib/python3.11/site-packages/rdkit/ForceField/../../../../libRDKitForceFieldHelpers.so.1
 5# RDKit::UFF::constructForceField(RDKit::ROMol&, std::vector<ForceFields::UFF::AtomicParams const*, std::allocator<ForceFields::UFF::AtomicParams const*> > const&, double, int, bool) in <CONDA_ENV_PREFIX>/lib/python3.11/site-packages/rdkit/ForceField/../../../../libRDKitForceFieldHelpers.so.1
 6# RDKit::UFF::constructForceField(RDKit::ROMol&, double, int, bool) in <CONDA_ENV_PREFIX>/lib/python3.11/site-packages/rdkit/ForceField/../../../../libRDKitForceFieldHelpers.so.1
 7# RDKit::UFFHelper(RDKit::ROMol&, int, double, int, bool) in <CONDA_ENV_PREFIX>/lib/python3.11/site-packages/rdkit/Chem/rdForceFieldHelpers.so
 8# 0x00007FC9A746103D in <CONDA_ENV_PREFIX>/lib/python3.11/site-packages/rdkit/Chem/rdForceFieldHelpers.so
 9# boost::python::objects::function::call(_object*, _object*) const in <CONDA_ENV_PREFIX>/lib/python3.11/site-packages/rdkit/../../../libboost_python311.so.1.86.0
10# 0x00007FC9A93BA449 in <CONDA_ENV_PREFIX>/lib/python3.11/site-packages/rdkit/../../../libboost_python311.so.1.86.0
11# boost::python::detail::exception_handler::operator()(boost::function_n<void> const&) const in <CONDA_ENV_PREFIX>/lib/python3.11/site-packages/rdkit/../../../libboost_python311.so.1.86.0
12# 0x00007FC9A711AC04 in <CONDA_ENV_PREFIX>/lib/python3.11/site-packages/rdkit/Chem/rdSLNParse.so
13# 0x00007FC9A7508354 in <CONDA_ENV_PREFIX>/lib/python3.11/site-packages/rdkit/Chem/rdDepictor.so
14# 0x00007FC9A77A6DD4 in <CONDA_ENV_PREFIX>/lib/python3.11/site-packages/rdkit/Chem/rdChemReactions.so
15# 0x00007FC9A77A6E24 in <CONDA_ENV_PREFIX>/lib/python3.11/site-packages/rdkit/Chem/rdChemReactions.so
16# 0x00007FC9A791FB94 in <CONDA_ENV_PREFIX>/lib/python3.11/site-packages/rdkit/Chem/rdMolChemicalFeatures.so
17# 0x00007FC9A83979B4 in <CONDA_ENV_PREFIX>/lib/python3.11/site-packages/rdkit/Chem/rdmolfiles.so
18# 0x00007FC9A8397A04 in <CONDA_ENV_PREFIX>/lib/python3.11/site-packages/rdkit/Chem/rdmolfiles.so
19# 0x00007FC9A85B1B04 in <CONDA_ENV_PREFIX>/lib/python3.11/site-packages/rdkit/Chem/rdCIPLabeler.so
20# 0x00007FC9A8E86174 in <CONDA_ENV_PREFIX>/lib/python3.11/site-packages/rdkit/Chem/rdchem.so
21# 0x00007FC9A8E1AAAD in <CONDA_ENV_PREFIX>/lib/python3.11/site-packages/rdkit/Chem/rdchem.so
22# 0x00007FC9A8E1A6AD in <CONDA_ENV_PREFIX>/lib/python3.11/site-packages/rdkit/Chem/rdchem.so
23# 0x00007FC9A8E1A2AD in <CONDA_ENV_PREFIX>/lib/python3.11/site-packages/rdkit/Chem/rdchem.so
24# 0x00007FC9A8E19EAD in <CONDA_ENV_PREFIX>/lib/python3.11/site-packages/rdkit/Chem/rdchem.so
25# 0x00007FC9A8E19AAD in <CONDA_ENV_PREFIX>/lib/python3.11/site-packages/rdkit/Chem/rdchem.so
26# 0x00007FC9A948EE54 in <CONDA_ENV_PREFIX>/lib/python3.11/site-packages/rdkit/rdBase.so
27# 0x00007FC9A948EEA4 in <CONDA_ENV_PREFIX>/lib/python3.11/site-packages/rdkit/rdBase.so
28# 0x00007FC9A948EEF4 in <CONDA_ENV_PREFIX>/lib/python3.11/site-packages/rdkit/rdBase.so
29# 0x00007FC9A948EF44 in <CONDA_ENV_PREFIX>/lib/python3.11/site-packages/rdkit/rdBase.so
30# boost::python::handle_exception_impl(boost::function_n<void>) in <CONDA_ENV_PREFIX>/lib/python3.11/site-packages/rdkit/../../../libboost_python311.so.1.86.0
31# 0x00007FC9A93B79B3 in <CONDA_ENV_PREFIX>/lib/python3.11/site-packages/rdkit/../../../libboost_python311.so.1.86.0
32# _PyObject_MakeTpCall in <CONDA_ENV_PREFIX>/bin/python
33# _PyEval_EvalFrameDefault in <CONDA_ENV_PREFIX>/bin/python
34# _PyFunction_Vectorcall in <CONDA_ENV_PREFIX>/bin/python
35# 0x0000555AD5345C50 in <CONDA_ENV_PREFIX>/bin/python
36# 0x0000555AD525B745 in <CONDA_ENV_PREFIX>/bin/python
37# 0x0000555AD528C1AA in <CONDA_ENV_PREFIX>/bin/python
38# PyObject_Vectorcall in <CONDA_ENV_PREFIX>/bin/python
39# _PyEval_EvalFrameDefault in <CONDA_ENV_PREFIX>/bin/python
40# _PyFunction_Vectorcall in <CONDA_ENV_PREFIX>/bin/python
41# _PyEval_EvalFrameDefault in <CONDA_ENV_PREFIX>/bin/python
42# _PyFunction_Vectorcall in <CONDA_ENV_PREFIX>/bin/python
43# _PyEval_EvalFrameDefault in <CONDA_ENV_PREFIX>/bin/python
44# _PyFunction_Vectorcall in <CONDA_ENV_PREFIX>/bin/python
45# 0x0000555AD5247979 in <CONDA_ENV_PREFIX>/bin/python
46# _PyObject_MakeTpCall in <CONDA_ENV_PREFIX>/bin/python
47# _PyEval_EvalFrameDefault in <CONDA_ENV_PREFIX>/bin/python
48# _PyFunction_Vectorcall in <CONDA_ENV_PREFIX>/bin/python
49# 0x0000555AD5247A1D in <CONDA_ENV_PREFIX>/bin/python
50# _PyObject_MakeTpCall in <CONDA_ENV_PREFIX>/bin/python
51# _PyEval_EvalFrameDefault in <CONDA_ENV_PREFIX>/bin/python
52# 0x0000555AD52D2B0D in <CONDA_ENV_PREFIX>/bin/python
53# PyEval_EvalCode in <CONDA_ENV_PREFIX>/bin/python
54# 0x0000555AD52F01AA in <CONDA_ENV_PREFIX>/bin/python
55# 0x0000555AD52EBE33 in <CONDA_ENV_PREFIX>/bin/python
56# 0x0000555AD53013D0 in <CONDA_ENV_PREFIX>/bin/python
57# _PyRun_SimpleFileObject in <CONDA_ENV_PREFIX>/bin/python
58# _PyRun_AnyFileObject in <CONDA_ENV_PREFIX>/bin/python
59# Py_RunMain in <CONDA_ENV_PREFIX>/bin/python
60# Py_BytesMain in <CONDA_ENV_PREFIX>/bin/python
61# 0x00007FC9B803CD90 in /lib/x86_64-linux-gnu/libc.so.6
62# __libc_start_main in /lib/x86_64-linux-gnu/libc.so.6
63# 0x0000555AD52C237A in <CONDA_ENV_PREFIX>/bin/python
----------
****

[20:26:39] UFFTYPER: Unrecognized atom type: S_5+6 (2)
[20:26:39] UFFTYPER: Unrecognized atom type: S_5+6 (2)
[20:26:39] 

****
Pre-condition Violation
bad params pointer
Violation occurred on line 79 in file /home/conda/feedstock_root/build_artifacts/rdkit-meta_1745736747213/work/Code/ForceField/UFF/AngleBend.cpp
Failed Expression: at2Params
----------
Stacktrace:
 0# Invar::Invariant::toString[abi:cxx11]() const in <CONDA_ENV_PREFIX>/lib/python3.11/site-packages/rdkit/../../../libRDKitRDGeneral.so.1
 1# Invar::operator<<(std::ostream&, Invar::Invariant const&) in <CONDA_ENV_PREFIX>/lib/python3.11/site-packages/rdkit/../../../libRDKitRDGeneral.so.1
 2# ForceFields::UFF::AngleBendContrib::AngleBendContrib(ForceFields::ForceField*, unsigned int, unsigned int, unsigned int, double, double, ForceFields::UFF::AtomicParams const*, ForceFields::UFF::AtomicParams const*, ForceFields::UFF::AtomicParams const*, unsigned int) in <CONDA_ENV_PREFIX>/lib/python3.11/site-packages/rdkit/ForceField/../../../../libRDKitForceField.so.1
 3# RDKit::UFF::Tools::addTrigonalBipyramidAngles(RDKit::Atom const*, RDKit::ROMol const&, int, std::vector<ForceFields::UFF::AtomicParams const*, std::allocator<ForceFields::UFF::AtomicParams const*> > const&, ForceFields::ForceField*) in <CONDA_ENV_PREFIX>/lib/python3.11/site-packages/rdkit/ForceField/../../../../libRDKitForceFieldHelpers.so.1
 4# RDKit::UFF::Tools::addAngleSpecialCases(RDKit::ROMol const&, int, std::vector<ForceFields::UFF::AtomicParams const*, std::allocator<ForceFields::UFF::AtomicParams const*> > const&, ForceFields::ForceField*) in <CONDA_ENV_PREFIX>/lib/python3.11/site-packages/rdkit/ForceField/../../../../libRDKitForceFieldHelpers.so.1
 5# RDKit::UFF::constructForceField(RDKit::ROMol&, std::vector<ForceFields::UFF::AtomicParams const*, std::allocator<ForceFields::UFF::AtomicParams const*> > const&, double, int, bool) in <CONDA_ENV_PREFIX>/lib/python3.11/site-packages/rdkit/ForceField/../../../../libRDKitForceFieldHelpers.so.1
 6# RDKit::UFF::constructForceField(RDKit::ROMol&, double, int, bool) in <CONDA_ENV_PREFIX>/lib/python3.11/site-packages/rdkit/ForceField/../../../../libRDKitForceFieldHelpers.so.1
 7# RDKit::UFFHelper(RDKit::ROMol&, int, double, int, bool) in <CONDA_ENV_PREFIX>/lib/python3.11/site-packages/rdkit/Chem/rdForceFieldHelpers.so
 8# 0x00007FC9A746103D in <CONDA_ENV_PREFIX>/lib/python3.11/site-packages/rdkit/Chem/rdForceFieldHelpers.so
 9# boost::python::objects::function::call(_object*, _object*) const in <CONDA_ENV_PREFIX>/lib/python3.11/site-packages/rdkit/../../../libboost_python311.so.1.86.0
10# 0x00007FC9A93BA449 in <CONDA_ENV_PREFIX>/lib/python3.11/site-packages/rdkit/../../../libboost_python311.so.1.86.0
11# boost::python::detail::exception_handler::operator()(boost::function_n<void> const&) const in <CONDA_ENV_PREFIX>/lib/python3.11/site-packages/rdkit/../../../libboost_python311.so.1.86.0
12# 0x00007FC9A711AC04 in <CONDA_ENV_PREFIX>/lib/python3.11/site-packages/rdkit/Chem/rdSLNParse.so
13# 0x00007FC9A7508354 in <CONDA_ENV_PREFIX>/lib/python3.11/site-packages/rdkit/Chem/rdDepictor.so
14# 0x00007FC9A77A6DD4 in <CONDA_ENV_PREFIX>/lib/python3.11/site-packages/rdkit/Chem/rdChemReactions.so
15# 0x00007FC9A77A6E24 in <CONDA_ENV_PREFIX>/lib/python3.11/site-packages/rdkit/Chem/rdChemReactions.so
16# 0x00007FC9A791FB94 in <CONDA_ENV_PREFIX>/lib/python3.11/site-packages/rdkit/Chem/rdMolChemicalFeatures.so
17# 0x00007FC9A83979B4 in <CONDA_ENV_PREFIX>/lib/python3.11/site-packages/rdkit/Chem/rdmolfiles.so
18# 0x00007FC9A8397A04 in <CONDA_ENV_PREFIX>/lib/python3.11/site-packages/rdkit/Chem/rdmolfiles.so
19# 0x00007FC9A85B1B04 in <CONDA_ENV_PREFIX>/lib/python3.11/site-packages/rdkit/Chem/rdCIPLabeler.so
20# 0x00007FC9A8E86174 in <CONDA_ENV_PREFIX>/lib/python3.11/site-packages/rdkit/Chem/rdchem.so
21# 0x00007FC9A8E1AAAD in <CONDA_ENV_PREFIX>/lib/python3.11/site-packages/rdkit/Chem/rdchem.so
22# 0x00007FC9A8E1A6AD in <CONDA_ENV_PREFIX>/lib/python3.11/site-packages/rdkit/Chem/rdchem.so
23# 0x00007FC9A8E1A2AD in <CONDA_ENV_PREFIX>/lib/python3.11/site-packages/rdkit/Chem/rdchem.so
24# 0x00007FC9A8E19EAD in <CONDA_ENV_PREFIX>/lib/python3.11/site-packages/rdkit/Chem/rdchem.so
25# 0x00007FC9A8E19AAD in <CONDA_ENV_PREFIX>/lib/python3.11/site-packages/rdkit/Chem/rdchem.so
26# 0x00007FC9A948EE54 in <CONDA_ENV_PREFIX>/lib/python3.11/site-packages/rdkit/rdBase.so
27# 0x00007FC9A948EEA4 in <CONDA_ENV_PREFIX>/lib/python3.11/site-packages/rdkit/rdBase.so
28# 0x00007FC9A948EEF4 in <CONDA_ENV_PREFIX>/lib/python3.11/site-packages/rdkit/rdBase.so
29# 0x00007FC9A948EF44 in <CONDA_ENV_PREFIX>/lib/python3.11/site-packages/rdkit/rdBase.so
30# boost::python::handle_exception_impl(boost::function_n<void>) in <CONDA_ENV_PREFIX>/lib/python3.11/site-packages/rdkit/../../../libboost_python311.so.1.86.0
31# 0x00007FC9A93B79B3 in <CONDA_ENV_PREFIX>/lib/python3.11/site-packages/rdkit/../../../libboost_python311.so.1.86.0
32# _PyObject_MakeTpCall in <CONDA_ENV_PREFIX>/bin/python
33# _PyEval_EvalFrameDefault in <CONDA_ENV_PREFIX>/bin/python
34# _PyFunction_Vectorcall in <CONDA_ENV_PREFIX>/bin/python
35# 0x0000555AD5345C50 in <CONDA_ENV_PREFIX>/bin/python
36# 0x0000555AD525B745 in <CONDA_ENV_PREFIX>/bin/python
37# 0x0000555AD528C1AA in <CONDA_ENV_PREFIX>/bin/python
38# PyObject_Vectorcall in <CONDA_ENV_PREFIX>/bin/python
39# _PyEval_EvalFrameDefault in <CONDA_ENV_PREFIX>/bin/python
40# _PyFunction_Vectorcall in <CONDA_ENV_PREFIX>/bin/python
41# _PyEval_EvalFrameDefault in <CONDA_ENV_PREFIX>/bin/python
42# _PyFunction_Vectorcall in <CONDA_ENV_PREFIX>/bin/python
43# _PyEval_EvalFrameDefault in <CONDA_ENV_PREFIX>/bin/python
44# _PyFunction_Vectorcall in <CONDA_ENV_PREFIX>/bin/python
45# 0x0000555AD5247979 in <CONDA_ENV_PREFIX>/bin/python
46# _PyObject_MakeTpCall in <CONDA_ENV_PREFIX>/bin/python
47# _PyEval_EvalFrameDefault in <CONDA_ENV_PREFIX>/bin/python
48# _PyFunction_Vectorcall in <CONDA_ENV_PREFIX>/bin/python
49# 0x0000555AD5247A1D in <CONDA_ENV_PREFIX>/bin/python
50# _PyObject_MakeTpCall in <CONDA_ENV_PREFIX>/bin/python
51# _PyEval_EvalFrameDefault in <CONDA_ENV_PREFIX>/bin/python
52# 0x0000555AD52D2B0D in <CONDA_ENV_PREFIX>/bin/python
53# PyEval_EvalCode in <CONDA_ENV_PREFIX>/bin/python
54# 0x0000555AD52F01AA in <CONDA_ENV_PREFIX>/bin/python
55# 0x0000555AD52EBE33 in <CONDA_ENV_PREFIX>/bin/python
56# 0x0000555AD53013D0 in <CONDA_ENV_PREFIX>/bin/python
57# _PyRun_SimpleFileObject in <CONDA_ENV_PREFIX>/bin/python
58# _PyRun_AnyFileObject in <CONDA_ENV_PREFIX>/bin/python
59# Py_RunMain in <CONDA_ENV_PREFIX>/bin/python
60# Py_BytesMain in <CONDA_ENV_PREFIX>/bin/python
61# 0x00007FC9B803CD90 in /lib/x86_64-linux-gnu/libc.so.6
62# __libc_start_main in /lib/x86_64-linux-gnu/libc.so.6
63# 0x0000555AD52C237A in <CONDA_ENV_PREFIX>/bin/python
----------
****

[20:26:40] UFFTYPER: Unrecognized atom type: S_5+6 (2)
[20:26:40] UFFTYPER: Unrecognized atom type: S_5+6 (2)
[20:26:40] UFFTYPER: Unrecognized atom type: S_5+6 (2)
[20:26:40] 

****
Pre-condition Violation
bad params pointer
Violation occurred on line 79 in file /home/conda/feedstock_root/build_artifacts/rdkit-meta_1745736747213/work/Code/ForceField/UFF/AngleBend.cpp
Failed Expression: at2Params
----------
Stacktrace:
 0# Invar::Invariant::toString[abi:cxx11]() const in <CONDA_ENV_PREFIX>/lib/python3.11/site-packages/rdkit/../../../libRDKitRDGeneral.so.1
 1# Invar::operator<<(std::ostream&, Invar::Invariant const&) in <CONDA_ENV_PREFIX>/lib/python3.11/site-packages/rdkit/../../../libRDKitRDGeneral.so.1
 2# ForceFields::UFF::AngleBendContrib::AngleBendContrib(ForceFields::ForceField*, unsigned int, unsigned int, unsigned int, double, double, ForceFields::UFF::AtomicParams const*, ForceFields::UFF::AtomicParams const*, ForceFields::UFF::AtomicParams const*, unsigned int) in <CONDA_ENV_PREFIX>/lib/python3.11/site-packages/rdkit/ForceField/../../../../libRDKitForceField.so.1
 3# RDKit::UFF::Tools::addTrigonalBipyramidAngles(RDKit::Atom const*, RDKit::ROMol const&, int, std::vector<ForceFields::UFF::AtomicParams const*, std::allocator<ForceFields::UFF::AtomicParams const*> > const&, ForceFields::ForceField*) in <CONDA_ENV_PREFIX>/lib/python3.11/site-packages/rdkit/ForceField/../../../../libRDKitForceFieldHelpers.so.1
 4# RDKit::UFF::Tools::addAngleSpecialCases(RDKit::ROMol const&, int, std::vector<ForceFields::UFF::AtomicParams const*, std::allocator<ForceFields::UFF::AtomicParams const*> > const&, ForceFields::ForceField*) in <CONDA_ENV_PREFIX>/lib/python3.11/site-packages/rdkit/ForceField/../../../../libRDKitForceFieldHelpers.so.1
 5# RDKit::UFF::constructForceField(RDKit::ROMol&, std::vector<ForceFields::UFF::AtomicParams const*, std::allocator<ForceFields::UFF::AtomicParams const*> > const&, double, int, bool) in <CONDA_ENV_PREFIX>/lib/python3.11/site-packages/rdkit/ForceField/../../../../libRDKitForceFieldHelpers.so.1
 6# RDKit::UFF::constructForceField(RDKit::ROMol&, double, int, bool) in <CONDA_ENV_PREFIX>/lib/python3.11/site-packages/rdkit/ForceField/../../../../libRDKitForceFieldHelpers.so.1
 7# RDKit::UFFHelper(RDKit::ROMol&, int, double, int, bool) in <CONDA_ENV_PREFIX>/lib/python3.11/site-packages/rdkit/Chem/rdForceFieldHelpers.so
 8# 0x00007FC9A746103D in <CONDA_ENV_PREFIX>/lib/python3.11/site-packages/rdkit/Chem/rdForceFieldHelpers.so
 9# boost::python::objects::function::call(_object*, _object*) const in <CONDA_ENV_PREFIX>/lib/python3.11/site-packages/rdkit/../../../libboost_python311.so.1.86.0
10# 0x00007FC9A93BA449 in <CONDA_ENV_PREFIX>/lib/python3.11/site-packages/rdkit/../../../libboost_python311.so.1.86.0
11# boost::python::detail::exception_handler::operator()(boost::function_n<void> const&) const in <CONDA_ENV_PREFIX>/lib/python3.11/site-packages/rdkit/../../../libboost_python311.so.1.86.0
12# 0x00007FC9A711AC04 in <CONDA_ENV_PREFIX>/lib/python3.11/site-packages/rdkit/Chem/rdSLNParse.so
13# 0x00007FC9A7508354 in <CONDA_ENV_PREFIX>/lib/python3.11/site-packages/rdkit/Chem/rdDepictor.so
14# 0x00007FC9A77A6DD4 in <CONDA_ENV_PREFIX>/lib/python3.11/site-packages/rdkit/Chem/rdChemReactions.so
15# 0x00007FC9A77A6E24 in <CONDA_ENV_PREFIX>/lib/python3.11/site-packages/rdkit/Chem/rdChemReactions.so
16# 0x00007FC9A791FB94 in <CONDA_ENV_PREFIX>/lib/python3.11/site-packages/rdkit/Chem/rdMolChemicalFeatures.so
17# 0x00007FC9A83979B4 in <CONDA_ENV_PREFIX>/lib/python3.11/site-packages/rdkit/Chem/rdmolfiles.so
18# 0x00007FC9A8397A04 in <CONDA_ENV_PREFIX>/lib/python3.11/site-packages/rdkit/Chem/rdmolfiles.so
19# 0x00007FC9A85B1B04 in <CONDA_ENV_PREFIX>/lib/python3.11/site-packages/rdkit/Chem/rdCIPLabeler.so
20# 0x00007FC9A8E86174 in <CONDA_ENV_PREFIX>/lib/python3.11/site-packages/rdkit/Chem/rdchem.so
21# 0x00007FC9A8E1AAAD in <CONDA_ENV_PREFIX>/lib/python3.11/site-packages/rdkit/Chem/rdchem.so
22# 0x00007FC9A8E1A6AD in <CONDA_ENV_PREFIX>/lib/python3.11/site-packages/rdkit/Chem/rdchem.so
23# 0x00007FC9A8E1A2AD in <CONDA_ENV_PREFIX>/lib/python3.11/site-packages/rdkit/Chem/rdchem.so
24# 0x00007FC9A8E19EAD in <CONDA_ENV_PREFIX>/lib/python3.11/site-packages/rdkit/Chem/rdchem.so
25# 0x00007FC9A8E19AAD in <CONDA_ENV_PREFIX>/lib/python3.11/site-packages/rdkit/Chem/rdchem.so
26# 0x00007FC9A948EE54 in <CONDA_ENV_PREFIX>/lib/python3.11/site-packages/rdkit/rdBase.so
27# 0x00007FC9A948EEA4 in <CONDA_ENV_PREFIX>/lib/python3.11/site-packages/rdkit/rdBase.so
28# 0x00007FC9A948EEF4 in <CONDA_ENV_PREFIX>/lib/python3.11/site-packages/rdkit/rdBase.so
29# 0x00007FC9A948EF44 in <CONDA_ENV_PREFIX>/lib/python3.11/site-packages/rdkit/rdBase.so
30# boost::python::handle_exception_impl(boost::function_n<void>) in <CONDA_ENV_PREFIX>/lib/python3.11/site-packages/rdkit/../../../libboost_python311.so.1.86.0
31# 0x00007FC9A93B79B3 in <CONDA_ENV_PREFIX>/lib/python3.11/site-packages/rdkit/../../../libboost_python311.so.1.86.0
32# _PyObject_MakeTpCall in <CONDA_ENV_PREFIX>/bin/python
33# _PyEval_EvalFrameDefault in <CONDA_ENV_PREFIX>/bin/python
34# _PyFunction_Vectorcall in <CONDA_ENV_PREFIX>/bin/python
35# 0x0000555AD5345C50 in <CONDA_ENV_PREFIX>/bin/python
36# 0x0000555AD525B745 in <CONDA_ENV_PREFIX>/bin/python
37# 0x0000555AD528C1AA in <CONDA_ENV_PREFIX>/bin/python
38# PyObject_Vectorcall in <CONDA_ENV_PREFIX>/bin/python
39# _PyEval_EvalFrameDefault in <CONDA_ENV_PREFIX>/bin/python
40# _PyFunction_Vectorcall in <CONDA_ENV_PREFIX>/bin/python
41# _PyEval_EvalFrameDefault in <CONDA_ENV_PREFIX>/bin/python
42# _PyFunction_Vectorcall in <CONDA_ENV_PREFIX>/bin/python
43# _PyEval_EvalFrameDefault in <CONDA_ENV_PREFIX>/bin/python
44# _PyFunction_Vectorcall in <CONDA_ENV_PREFIX>/bin/python
45# 0x0000555AD5247979 in <CONDA_ENV_PREFIX>/bin/python
46# _PyObject_MakeTpCall in <CONDA_ENV_PREFIX>/bin/python
47# _PyEval_EvalFrameDefault in <CONDA_ENV_PREFIX>/bin/python
48# _PyFunction_Vectorcall in <CONDA_ENV_PREFIX>/bin/python
49# 0x0000555AD5247A1D in <CONDA_ENV_PREFIX>/bin/python
50# _PyObject_MakeTpCall in <CONDA_ENV_PREFIX>/bin/python
51# _PyEval_EvalFrameDefault in <CONDA_ENV_PREFIX>/bin/python
52# 0x0000555AD52D2B0D in <CONDA_ENV_PREFIX>/bin/python
53# PyEval_EvalCode in <CONDA_ENV_PREFIX>/bin/python
54# 0x0000555AD52F01AA in <CONDA_ENV_PREFIX>/bin/python
55# 0x0000555AD52EBE33 in <CONDA_ENV_PREFIX>/bin/python
56# 0x0000555AD53013D0 in <CONDA_ENV_PREFIX>/bin/python
57# _PyRun_SimpleFileObject in <CONDA_ENV_PREFIX>/bin/python
58# _PyRun_AnyFileObject in <CONDA_ENV_PREFIX>/bin/python
59# Py_RunMain in <CONDA_ENV_PREFIX>/bin/python
60# Py_BytesMain in <CONDA_ENV_PREFIX>/bin/python
61# 0x00007FC9B803CD90 in /lib/x86_64-linux-gnu/libc.so.6
62# __libc_start_main in /lib/x86_64-linux-gnu/libc.so.6
63# 0x0000555AD52C237A in <CONDA_ENV_PREFIX>/bin/python
----------
****

[20:26:40] UFFTYPER: Unrecognized atom type: S_5+6 (2)
[20:26:40] 

****
Pre-condition Violation
bad params pointer
Violation occurred on line 79 in file /home/conda/feedstock_root/build_artifacts/rdkit-meta_1745736747213/work/Code/ForceField/UFF/AngleBend.cpp
Failed Expression: at2Params
----------
Stacktrace:
 0# Invar::Invariant::toString[abi:cxx11]() const in <CONDA_ENV_PREFIX>/lib/python3.11/site-packages/rdkit/../../../libRDKitRDGeneral.so.1
 1# Invar::operator<<(std::ostream&, Invar::Invariant const&) in <CONDA_ENV_PREFIX>/lib/python3.11/site-packages/rdkit/../../../libRDKitRDGeneral.so.1
 2# ForceFields::UFF::AngleBendContrib::AngleBendContrib(ForceFields::ForceField*, unsigned int, unsigned int, unsigned int, double, double, ForceFields::UFF::AtomicParams const*, ForceFields::UFF::AtomicParams const*, ForceFields::UFF::AtomicParams const*, unsigned int) in <CONDA_ENV_PREFIX>/lib/python3.11/site-packages/rdkit/ForceField/../../../../libRDKitForceField.so.1
 3# RDKit::UFF::Tools::addTrigonalBipyramidAngles(RDKit::Atom const*, RDKit::ROMol const&, int, std::vector<ForceFields::UFF::AtomicParams const*, std::allocator<ForceFields::UFF::AtomicParams const*> > const&, ForceFields::ForceField*) in <CONDA_ENV_PREFIX>/lib/python3.11/site-packages/rdkit/ForceField/../../../../libRDKitForceFieldHelpers.so.1
 4# RDKit::UFF::Tools::addAngleSpecialCases(RDKit::ROMol const&, int, std::vector<ForceFields::UFF::AtomicParams const*, std::allocator<ForceFields::UFF::AtomicParams const*> > const&, ForceFields::ForceField*) in <CONDA_ENV_PREFIX>/lib/python3.11/site-packages/rdkit/ForceField/../../../../libRDKitForceFieldHelpers.so.1
 5# RDKit::UFF::constructForceField(RDKit::ROMol&, std::vector<ForceFields::UFF::AtomicParams const*, std::allocator<ForceFields::UFF::AtomicParams const*> > const&, double, int, bool) in <CONDA_ENV_PREFIX>/lib/python3.11/site-packages/rdkit/ForceField/../../../../libRDKitForceFieldHelpers.so.1
 6# RDKit::UFF::constructForceField(RDKit::ROMol&, double, int, bool) in <CONDA_ENV_PREFIX>/lib/python3.11/site-packages/rdkit/ForceField/../../../../libRDKitForceFieldHelpers.so.1
 7# RDKit::UFFHelper(RDKit::ROMol&, int, double, int, bool) in <CONDA_ENV_PREFIX>/lib/python3.11/site-packages/rdkit/Chem/rdForceFieldHelpers.so
 8# 0x00007FC9A746103D in <CONDA_ENV_PREFIX>/lib/python3.11/site-packages/rdkit/Chem/rdForceFieldHelpers.so
 9# boost::python::objects::function::call(_object*, _object*) const in <CONDA_ENV_PREFIX>/lib/python3.11/site-packages/rdkit/../../../libboost_python311.so.1.86.0
10# 0x00007FC9A93BA449 in <CONDA_ENV_PREFIX>/lib/python3.11/site-packages/rdkit/../../../libboost_python311.so.1.86.0
11# boost::python::detail::exception_handler::operator()(boost::function_n<void> const&) const in <CONDA_ENV_PREFIX>/lib/python3.11/site-packages/rdkit/../../../libboost_python311.so.1.86.0
12# 0x00007FC9A711AC04 in <CONDA_ENV_PREFIX>/lib/python3.11/site-packages/rdkit/Chem/rdSLNParse.so
13# 0x00007FC9A7508354 in <CONDA_ENV_PREFIX>/lib/python3.11/site-packages/rdkit/Chem/rdDepictor.so
14# 0x00007FC9A77A6DD4 in <CONDA_ENV_PREFIX>/lib/python3.11/site-packages/rdkit/Chem/rdChemReactions.so
15# 0x00007FC9A77A6E24 in <CONDA_ENV_PREFIX>/lib/python3.11/site-packages/rdkit/Chem/rdChemReactions.so
16# 0x00007FC9A791FB94 in <CONDA_ENV_PREFIX>/lib/python3.11/site-packages/rdkit/Chem/rdMolChemicalFeatures.so
17# 0x00007FC9A83979B4 in <CONDA_ENV_PREFIX>/lib/python3.11/site-packages/rdkit/Chem/rdmolfiles.so
18# 0x00007FC9A8397A04 in <CONDA_ENV_PREFIX>/lib/python3.11/site-packages/rdkit/Chem/rdmolfiles.so
19# 0x00007FC9A85B1B04 in <CONDA_ENV_PREFIX>/lib/python3.11/site-packages/rdkit/Chem/rdCIPLabeler.so
20# 0x00007FC9A8E86174 in <CONDA_ENV_PREFIX>/lib/python3.11/site-packages/rdkit/Chem/rdchem.so
21# 0x00007FC9A8E1AAAD in <CONDA_ENV_PREFIX>/lib/python3.11/site-packages/rdkit/Chem/rdchem.so
22# 0x00007FC9A8E1A6AD in <CONDA_ENV_PREFIX>/lib/python3.11/site-packages/rdkit/Chem/rdchem.so
23# 0x00007FC9A8E1A2AD in <CONDA_ENV_PREFIX>/lib/python3.11/site-packages/rdkit/Chem/rdchem.so
24# 0x00007FC9A8E19EAD in <CONDA_ENV_PREFIX>/lib/python3.11/site-packages/rdkit/Chem/rdchem.so
25# 0x00007FC9A8E19AAD in <CONDA_ENV_PREFIX>/lib/python3.11/site-packages/rdkit/Chem/rdchem.so
26# 0x00007FC9A948EE54 in <CONDA_ENV_PREFIX>/lib/python3.11/site-packages/rdkit/rdBase.so
27# 0x00007FC9A948EEA4 in <CONDA_ENV_PREFIX>/lib/python3.11/site-packages/rdkit/rdBase.so
28# 0x00007FC9A948EEF4 in <CONDA_ENV_PREFIX>/lib/python3.11/site-packages/rdkit/rdBase.so
29# 0x00007FC9A948EF44 in <CONDA_ENV_PREFIX>/lib/python3.11/site-packages/rdkit/rdBase.so
30# boost::python::handle_exception_impl(boost::function_n<void>) in <CONDA_ENV_PREFIX>/lib/python3.11/site-packages/rdkit/../../../libboost_python311.so.1.86.0
31# 0x00007FC9A93B79B3 in <CONDA_ENV_PREFIX>/lib/python3.11/site-packages/rdkit/../../../libboost_python311.so.1.86.0
32# _PyObject_MakeTpCall in <CONDA_ENV_PREFIX>/bin/python
33# _PyEval_EvalFrameDefault in <CONDA_ENV_PREFIX>/bin/python
34# _PyFunction_Vectorcall in <CONDA_ENV_PREFIX>/bin/python
35# 0x0000555AD5345C50 in <CONDA_ENV_PREFIX>/bin/python
36# 0x0000555AD525B745 in <CONDA_ENV_PREFIX>/bin/python
37# 0x0000555AD528C1AA in <CONDA_ENV_PREFIX>/bin/python
38# PyObject_Vectorcall in <CONDA_ENV_PREFIX>/bin/python
39# _PyEval_EvalFrameDefault in <CONDA_ENV_PREFIX>/bin/python
40# _PyFunction_Vectorcall in <CONDA_ENV_PREFIX>/bin/python
41# _PyEval_EvalFrameDefault in <CONDA_ENV_PREFIX>/bin/python
42# _PyFunction_Vectorcall in <CONDA_ENV_PREFIX>/bin/python
43# _PyEval_EvalFrameDefault in <CONDA_ENV_PREFIX>/bin/python
44# _PyFunction_Vectorcall in <CONDA_ENV_PREFIX>/bin/python
45# 0x0000555AD5247979 in <CONDA_ENV_PREFIX>/bin/python
46# _PyObject_MakeTpCall in <CONDA_ENV_PREFIX>/bin/python
47# _PyEval_EvalFrameDefault in <CONDA_ENV_PREFIX>/bin/python
48# _PyFunction_Vectorcall in <CONDA_ENV_PREFIX>/bin/python
49# 0x0000555AD5247A1D in <CONDA_ENV_PREFIX>/bin/python
50# _PyObject_MakeTpCall in <CONDA_ENV_PREFIX>/bin/python
51# _PyEval_EvalFrameDefault in <CONDA_ENV_PREFIX>/bin/python
52# 0x0000555AD52D2B0D in <CONDA_ENV_PREFIX>/bin/python
53# PyEval_EvalCode in <CONDA_ENV_PREFIX>/bin/python
54# 0x0000555AD52F01AA in <CONDA_ENV_PREFIX>/bin/python
55# 0x0000555AD52EBE33 in <CONDA_ENV_PREFIX>/bin/python
56# 0x0000555AD53013D0 in <CONDA_ENV_PREFIX>/bin/python
57# _PyRun_SimpleFileObject in <CONDA_ENV_PREFIX>/bin/python
58# _PyRun_AnyFileObject in <CONDA_ENV_PREFIX>/bin/python
59# Py_RunMain in <CONDA_ENV_PREFIX>/bin/python
60# Py_BytesMain in <CONDA_ENV_PREFIX>/bin/python
61# 0x00007FC9B803CD90 in /lib/x86_64-linux-gnu/libc.so.6
62# __libc_start_main in /lib/x86_64-linux-gnu/libc.so.6
63# 0x0000555AD52C237A in <CONDA_ENV_PREFIX>/bin/python
----------
****

[20:26:40] UFFTYPER: Unrecognized atom type: S_5+6 (2)
[20:26:40] UFFTYPER: Unrecognized atom type: S_5+6 (2)
[20:26:40] 

****
Pre-condition Violation
bad params pointer
Violation occurred on line 79 in file /home/conda/feedstock_root/build_artifacts/rdkit-meta_1745736747213/work/Code/ForceField/UFF/AngleBend.cpp
Failed Expression: at2Params
----------
Stacktrace:
 0# Invar::Invariant::toString[abi:cxx11]() const in <CONDA_ENV_PREFIX>/lib/python3.11/site-packages/rdkit/../../../libRDKitRDGeneral.so.1
 1# Invar::operator<<(std::ostream&, Invar::Invariant const&) in <CONDA_ENV_PREFIX>/lib/python3.11/site-packages/rdkit/../../../libRDKitRDGeneral.so.1
 2# ForceFields::UFF::AngleBendContrib::AngleBendContrib(ForceFields::ForceField*, unsigned int, unsigned int, unsigned int, double, double, ForceFields::UFF::AtomicParams const*, ForceFields::UFF::AtomicParams const*, ForceFields::UFF::AtomicParams const*, unsigned int) in <CONDA_ENV_PREFIX>/lib/python3.11/site-packages/rdkit/ForceField/../../../../libRDKitForceField.so.1
 3# RDKit::UFF::Tools::addTrigonalBipyramidAngles(RDKit::Atom const*, RDKit::ROMol const&, int, std::vector<ForceFields::UFF::AtomicParams const*, std::allocator<ForceFields::UFF::AtomicParams const*> > const&, ForceFields::ForceField*) in <CONDA_ENV_PREFIX>/lib/python3.11/site-packages/rdkit/ForceField/../../../../libRDKitForceFieldHelpers.so.1
 4# RDKit::UFF::Tools::addAngleSpecialCases(RDKit::ROMol const&, int, std::vector<ForceFields::UFF::AtomicParams const*, std::allocator<ForceFields::UFF::AtomicParams const*> > const&, ForceFields::ForceField*) in <CONDA_ENV_PREFIX>/lib/python3.11/site-packages/rdkit/ForceField/../../../../libRDKitForceFieldHelpers.so.1
 5# RDKit::UFF::constructForceField(RDKit::ROMol&, std::vector<ForceFields::UFF::AtomicParams const*, std::allocator<ForceFields::UFF::AtomicParams const*> > const&, double, int, bool) in <CONDA_ENV_PREFIX>/lib/python3.11/site-packages/rdkit/ForceField/../../../../libRDKitForceFieldHelpers.so.1
 6# RDKit::UFF::constructForceField(RDKit::ROMol&, double, int, bool) in <CONDA_ENV_PREFIX>/lib/python3.11/site-packages/rdkit/ForceField/../../../../libRDKitForceFieldHelpers.so.1
 7# RDKit::UFFHelper(RDKit::ROMol&, int, double, int, bool) in <CONDA_ENV_PREFIX>/lib/python3.11/site-packages/rdkit/Chem/rdForceFieldHelpers.so
 8# 0x00007FC9A746103D in <CONDA_ENV_PREFIX>/lib/python3.11/site-packages/rdkit/Chem/rdForceFieldHelpers.so
 9# boost::python::objects::function::call(_object*, _object*) const in <CONDA_ENV_PREFIX>/lib/python3.11/site-packages/rdkit/../../../libboost_python311.so.1.86.0
10# 0x00007FC9A93BA449 in <CONDA_ENV_PREFIX>/lib/python3.11/site-packages/rdkit/../../../libboost_python311.so.1.86.0
11# boost::python::detail::exception_handler::operator()(boost::function_n<void> const&) const in <CONDA_ENV_PREFIX>/lib/python3.11/site-packages/rdkit/../../../libboost_python311.so.1.86.0
12# 0x00007FC9A711AC04 in <CONDA_ENV_PREFIX>/lib/python3.11/site-packages/rdkit/Chem/rdSLNParse.so
13# 0x00007FC9A7508354 in <CONDA_ENV_PREFIX>/lib/python3.11/site-packages/rdkit/Chem/rdDepictor.so
14# 0x00007FC9A77A6DD4 in <CONDA_ENV_PREFIX>/lib/python3.11/site-packages/rdkit/Chem/rdChemReactions.so
15# 0x00007FC9A77A6E24 in <CONDA_ENV_PREFIX>/lib/python3.11/site-packages/rdkit/Chem/rdChemReactions.so
16# 0x00007FC9A791FB94 in <CONDA_ENV_PREFIX>/lib/python3.11/site-packages/rdkit/Chem/rdMolChemicalFeatures.so
17# 0x00007FC9A83979B4 in <CONDA_ENV_PREFIX>/lib/python3.11/site-packages/rdkit/Chem/rdmolfiles.so
18# 0x00007FC9A8397A04 in <CONDA_ENV_PREFIX>/lib/python3.11/site-packages/rdkit/Chem/rdmolfiles.so
19# 0x00007FC9A85B1B04 in <CONDA_ENV_PREFIX>/lib/python3.11/site-packages/rdkit/Chem/rdCIPLabeler.so
20# 0x00007FC9A8E86174 in <CONDA_ENV_PREFIX>/lib/python3.11/site-packages/rdkit/Chem/rdchem.so
21# 0x00007FC9A8E1AAAD in <CONDA_ENV_PREFIX>/lib/python3.11/site-packages/rdkit/Chem/rdchem.so
22# 0x00007FC9A8E1A6AD in <CONDA_ENV_PREFIX>/lib/python3.11/site-packages/rdkit/Chem/rdchem.so
23# 0x00007FC9A8E1A2AD in <CONDA_ENV_PREFIX>/lib/python3.11/site-packages/rdkit/Chem/rdchem.so
24# 0x00007FC9A8E19EAD in <CONDA_ENV_PREFIX>/lib/python3.11/site-packages/rdkit/Chem/rdchem.so
25# 0x00007FC9A8E19AAD in <CONDA_ENV_PREFIX>/lib/python3.11/site-packages/rdkit/Chem/rdchem.so
26# 0x00007FC9A948EE54 in <CONDA_ENV_PREFIX>/lib/python3.11/site-packages/rdkit/rdBase.so
27# 0x00007FC9A948EEA4 in <CONDA_ENV_PREFIX>/lib/python3.11/site-packages/rdkit/rdBase.so
28# 0x00007FC9A948EEF4 in <CONDA_ENV_PREFIX>/lib/python3.11/site-packages/rdkit/rdBase.so
29# 0x00007FC9A948EF44 in <CONDA_ENV_PREFIX>/lib/python3.11/site-packages/rdkit/rdBase.so
30# boost::python::handle_exception_impl(boost::function_n<void>) in <CONDA_ENV_PREFIX>/lib/python3.11/site-packages/rdkit/../../../libboost_python311.so.1.86.0
31# 0x00007FC9A93B79B3 in <CONDA_ENV_PREFIX>/lib/python3.11/site-packages/rdkit/../../../libboost_python311.so.1.86.0
32# _PyObject_MakeTpCall in <CONDA_ENV_PREFIX>/bin/python
33# _PyEval_EvalFrameDefault in <CONDA_ENV_PREFIX>/bin/python
34# _PyFunction_Vectorcall in <CONDA_ENV_PREFIX>/bin/python
35# 0x0000555AD5345C50 in <CONDA_ENV_PREFIX>/bin/python
36# 0x0000555AD525B745 in <CONDA_ENV_PREFIX>/bin/python
37# 0x0000555AD528C1AA in <CONDA_ENV_PREFIX>/bin/python
38# PyObject_Vectorcall in <CONDA_ENV_PREFIX>/bin/python
39# _PyEval_EvalFrameDefault in <CONDA_ENV_PREFIX>/bin/python
40# _PyFunction_Vectorcall in <CONDA_ENV_PREFIX>/bin/python
41# _PyEval_EvalFrameDefault in <CONDA_ENV_PREFIX>/bin/python
42# _PyFunction_Vectorcall in <CONDA_ENV_PREFIX>/bin/python
43# _PyEval_EvalFrameDefault in <CONDA_ENV_PREFIX>/bin/python
44# _PyFunction_Vectorcall in <CONDA_ENV_PREFIX>/bin/python
45# 0x0000555AD5247979 in <CONDA_ENV_PREFIX>/bin/python
46# _PyObject_MakeTpCall in <CONDA_ENV_PREFIX>/bin/python
47# _PyEval_EvalFrameDefault in <CONDA_ENV_PREFIX>/bin/python
48# _PyFunction_Vectorcall in <CONDA_ENV_PREFIX>/bin/python
49# 0x0000555AD5247A1D in <CONDA_ENV_PREFIX>/bin/python
50# _PyObject_MakeTpCall in <CONDA_ENV_PREFIX>/bin/python
51# _PyEval_EvalFrameDefault in <CONDA_ENV_PREFIX>/bin/python
52# 0x0000555AD52D2B0D in <CONDA_ENV_PREFIX>/bin/python
53# PyEval_EvalCode in <CONDA_ENV_PREFIX>/bin/python
54# 0x0000555AD52F01AA in <CONDA_ENV_PREFIX>/bin/python
55# 0x0000555AD52EBE33 in <CONDA_ENV_PREFIX>/bin/python
56# 0x0000555AD53013D0 in <CONDA_ENV_PREFIX>/bin/python
57# _PyRun_SimpleFileObject in <CONDA_ENV_PREFIX>/bin/python
58# _PyRun_AnyFileObject in <CONDA_ENV_PREFIX>/bin/python
59# Py_RunMain in <CONDA_ENV_PREFIX>/bin/python
60# Py_BytesMain in <CONDA_ENV_PREFIX>/bin/python
61# 0x00007FC9B803CD90 in /lib/x86_64-linux-gnu/libc.so.6
62# __libc_start_main in /lib/x86_64-linux-gnu/libc.so.6
63# 0x0000555AD52C237A in <CONDA_ENV_PREFIX>/bin/python
----------
****

[20:54:03] UFFTYPER: Unrecognized atom type: Se2+2 (16)
[20:54:03] UFFTYPER: Unrecognized atom type: Se2+2 (16)
[21:15:50] UFFTYPER: Unrecognized charge state for atom: 16
[21:15:50] UFFTYPER: Unrecognized charge state for atom: 16
[21:15:51] UFFTYPER: Unrecognized charge state for atom: 16
[21:15:51] UFFTYPER: Unrecognized charge state for atom: 16
[21:15:52] UFFTYPER: Unrecognized charge state for atom: 14
[21:15:52] UFFTYPER: Unrecognized charge state for atom: 14
[21:15:54] UFFTYPER: Unrecognized charge state for atom: 17
[21:15:54] UFFTYPER: Unrecognized charge state for atom: 17
[21:15:55] UFFTYPER: Unrecognized charge state for atom: 20
[21:15:55] UFFTYPER: Unrecognized charge state for atom: 20
[21:15:56] UFFTYPER: Unrecognized charge state for atom: 19
[21:15:56] UFFTYPER: Unrecognized charge state for atom: 19
[21:15:57] UFFTYPER: Unrecognized charge state for atom: 19
[21:15:57] UFFTYPER: Unrecognized charge state for atom: 19
[21:15:58] UFFTYPER: Unrecognized charge state for atom: 19
[21:15:58] UFFTYPER: Unrecognized charge state for atom: 19
[21:15:59] UFFTYPER: Unrecognized charge state for atom: 18
[21:15:59] UFFTYPER: Unrecognized charge state for atom: 18
[21:16:00] UFFTYPER: Unrecognized charge state for atom: 20
[21:16:00] UFFTYPER: Unrecognized charge state for atom: 20
[21:16:01] UFFTYPER: Unrecognized charge state for atom: 19
[21:16:01] UFFTYPER: Unrecognized charge state for atom: 19
[21:27:31] UFFTYPER: Unrecognized charge state for atom: 18
[21:27:31] UFFTYPER: Unrecognized charge state for atom: 18
[21:27:32] UFFTYPER: Unrecognized charge state for atom: 17
[21:27:32] UFFTYPER: Unrecognized charge state for atom: 17
[21:32:20] Explicit valence for atom # 14 P, 7, is greater than permitted
[21:32:20] Explicit valence for atom # 2 P, 7, is greater than permitted
[21:32:20] Explicit valence for atom # 10 P, 7, is greater than permitted
[21:32:20] Explicit valence for atom # 11 P, 7, is greater than permitted
[21:32:20] Explicit valence for atom # 2 P, 7, is greater than permitted
[21:32:20] Explicit valence for atom # 2 P, 7, is greater than permitted
[21:32:20] Explicit valence for atom # 2 P, 7, is greater than permitted
[21:32:20] Explicit valence for atom # 2 P, 7, is greater than permitted
[21:32:20] Explicit valence for atom # 2 P, 7, is greater than permitted
[21:32:20] Explicit valence for atom # 2 P, 7, is greater than permitted
[21:32:20] Explicit valence for atom # 2 P, 7, is greater than permitted
[21:32:20] Explicit valence for atom # 2 P, 7, is greater than permitted
[21:32:20] Explicit valence for atom # 2 P, 7, is greater than permitted
[21:32:20] Explicit valence for atom # 2 P, 7, is greater than permitted
[21:32:20] [21:32:20] Explicit valence for atom # 2 P, 7, is greater than permittedExplicit valence for atom # 12 P, 7, is greater than permitted

[21:32:20] Explicit valence for atom # 2 P, 7, is greater than permitted
[21:32:20] Explicit valence for atom # 15 P, 7, is greater than permitted
[21:32:20] Explicit valence for atom # 2 P, 7, is greater than permitted
[21:32:20] Explicit valence for atom # 2 P, 7, is greater than permitted
[21:32:20] Explicit valence for atom # 2 P, 7, is greater than permitted
[21:32:20] Explicit valence for atom # 2 P, 7, is greater than permitted
[21:32:20] Explicit valence for atom # 2 P, 7, is greater than permitted
[21:32:20] Explicit valence for atom # 2 P, 7, is greater than permitted
[21:32:20] Explicit valence for atom # 2 P, 7, is greater than permitted
[21:32:20] Explicit valence for atom # 2 P, 7, is greater than permitted
[21:32:20] Explicit valence for atom # 2 P, 7, is greater than permitted
[21:32:20] Explicit valence for atom # 11 P, 7, is greater than permitted
[21:32:20] Explicit valence for atom # 2 P, 7, is greater than permitted
[21:32:20] Explicit valence for atom # 16 P, 7, is greater than permitted
[21:32:20] Explicit valence for atom # 2 P, 7, is greater than permitted
[21:32:20] Explicit valence for atom # 2 P, 7, is greater than permitted
[21:32:20] [21:32:20] Explicit valence for atom # 2 P, 7, is greater than permittedExplicit valence for atom # 2 P, 7, is greater than permitted

[21:32:20] Explicit valence for atom # 2 P, 7, is greater than permitted
[21:32:20] Explicit valence for atom # 2 P, 7, is greater than permitted
[21:32:20] Explicit valence for atom # 2 P, 7, is greater than permitted
[21:32:20] Explicit valence for atom # 2 P, 7, is greater than permitted
[21:32:20] Explicit valence for atom # 13 P, 7, is greater than permitted
[21:32:20] Explicit valence for atom # 2 P, 7, is greater than permitted
[21:32:20] Explicit valence for atom # 2 P, 7, is greater than permitted
[21:32:20] Explicit valence for atom # 2 P, 7, is greater than permitted
[21:32:20] Explicit valence for atom # 14 P, 7, is greater than permitted
[21:32:20] Explicit valence for atom # 2 P, 7, is greater than permitted
[21:32:20] Explicit valence for atom # 2 P, 7, is greater than permitted
[21:32:20] Explicit valence for atom # 2 P, 7, is greater than permitted
[21:32:20] Explicit valence for atom # 2 P, 7, is greater than permitted
[21:32:20] Explicit valence for atom # 2 P, 7, is greater than permitted
[21:32:20] Explicit valence for atom # 2 P, 7, is greater than permitted
[21:32:20] Explicit valence for atom # 2 P, 7, is greater than permitted[21:32:20] 
Explicit valence for atom # 2 P, 7, is greater than permitted
[21:32:20] Explicit valence for atom # 2 P, 7, is greater than permitted
[21:32:20] Explicit valence for atom # 2 P, 7, is greater than permitted
[21:32:20] Explicit valence for atom # 2 P, 7, is greater than permitted
[21:32:20] Explicit valence for atom # 2 P, 7, is greater than permitted
[21:32:20] Explicit valence for atom # 11 P, 7, is greater than permitted
[21:32:20] Explicit valence for atom # 2 P, 7, is greater than permitted[21:32:20] 
Explicit valence for atom # 2 P, 7, is greater than permitted
[21:32:20] Explicit valence for atom # 2 P, 7, is greater than permitted
[21:32:20] Explicit valence for atom # 13 P, 7, is greater than permitted
[21:32:20] Explicit valence for atom # 2 P, 7, is greater than permitted
[21:32:20] Explicit valence for atom # 12 P, 7, is greater than permitted
[21:32:20] Explicit valence for atom # 2 P, 7, is greater than permitted
[21:32:20] Explicit valence for atom # 2 P, 7, is greater than permitted
[21:32:20] Explicit valence for atom # 2 P, 7, is greater than permitted
[21:32:20] [21:32:20] Explicit valence for atom # 2 P, 7, is greater than permittedExplicit valence for atom # 2 P, 7, is greater than permitted

[21:32:20] Explicit valence for atom # 14 P, 7, is greater than permitted
[21:32:20] Explicit valence for atom # 2 P, 7, is greater than permitted
[21:32:20] Explicit valence for atom # 12 P, 7, is greater than permitted
[21:32:20] Explicit valence for atom # 2 P, 7, is greater than permitted
[21:32:20] Explicit valence for atom # 11 P, 7, is greater than permitted
[21:32:20] Explicit valence for atom # 2 P, 7, is greater than permitted
[21:32:20] Explicit valence for atom # 2 P, 7, is greater than permitted
[21:32:20] Explicit valence for atom # 15 P, 7, is greater than permitted
[21:32:20] Explicit valence for atom # 15 P, 7, is greater than permitted
[21:32:20] [21:32:20] Explicit valence for atom # 2 P, 7, is greater than permittedExplicit valence for atom # 2 P, 7, is greater than permitted

[21:32:20] Explicit valence for atom # 2 P, 7, is greater than permitted
[21:32:20] Explicit valence for atom # 9 P, 7, is greater than permitted
[21:32:20] Explicit valence for atom # 2 P, 7, is greater than permitted
[21:32:20] Explicit valence for atom # 2 P, 7, is greater than permitted
[21:32:20] Explicit valence for atom # 14 P, 7, is greater than permitted
[21:32:20] Explicit valence for atom # 2 P, 7, is greater than permitted
[21:32:20] Explicit valence for atom # 2 P, 7, is greater than permitted
[21:32:20] Explicit valence for atom # 2 P, 7, is greater than permitted
[21:32:20] Explicit valence for atom # 2 P, 7, is greater than permitted
[21:32:20] Explicit valence for atom # 2 P, 7, is greater than permitted
[21:32:20] Explicit valence for atom # 2 P, 7, is greater than permitted
[21:32:20] Explicit valence for atom # 2 P, 7, is greater than permitted
[21:32:20] Explicit valence for atom # 2 P, 7, is greater than permitted
[21:32:20] Explicit valence for atom # 2 P, 7, is greater than permitted
[21:32:20] Explicit valence for atom # 15 P, 7, is greater than permitted
[21:32:20] Explicit valence for atom # 2 P, 7, is greater than permitted[21:32:20] 
Explicit valence for atom # 2 P, 7, is greater than permitted
[21:32:20] Explicit valence for atom # 2 P, 7, is greater than permitted
[21:32:20] Explicit valence for atom # 10 P, 7, is greater than permitted
[21:32:20] Explicit valence for atom # 14 P, 7, is greater than permitted
