[20:03:26] UFFTYPER: Warning: hybridization set to SP3 for atom 14
[20:03:26] UFFTYPER: Warning: hybridization set to SP3 for atom 14
[20:03:27] Explicit valence for atom # 5 P, 7, is greater than permitted
[20:03:29] Explicit valence for atom # 5 P, 7, is greater than permitted
[20:03:33] Explicit valence for atom # 13 P, 7, is greater than permitted
[20:03:34] Explicit valence for atom # 14 P, 7, is greater than permitted
[20:03:36] UFFTYPER: Unrecognized atom type: S_5+6 (1)
[20:03:36] UFFTYPER: Unrecognized atom type: S_5+6 (1)
[20:03:36] 

****
Pre-condition Violation
bad params pointer
Violation occurred on line 79 in file /home/conda/feedstock_root/build_artifacts/rdkit-meta_1745736747213/work/Code/ForceField/UFF/AngleBend.cpp
Failed Expression: at2Params
----------
Stacktrace:
 0# Invar::Invariant::toString[abi:cxx11]() const in <CONDA_ENV_PREFIX>/lib/python3.11/site-packages/rdkit/../../../libRDKitRDGeneral.so.1
 1# Invar::operator<<(std::ostream&, Invar::Invariant const&) in <CONDA_ENV_PREFIX>/lib/python3.11/site-packages/rdkit/../../../libRDKitRDGeneral.so.1
 2# ForceFields::UFF::AngleBendContrib::AngleBendContrib(ForceFields::ForceField*, unsigned int, unsigned int, unsigned int, double, double, ForceFields::UFF::AtomicParams const*, ForceFields::UFF::AtomicParams const*, ForceFields::UFF::AtomicParams const*, unsigned int) in <CONDA_ENV_PREFIX>/lib/python3.11/site-packages/rdkit/ForceField/../../../../libRDKitForceField.so.1
 3# RDKit::UFF::Tools::addTrigonalBipyramidAngles(RDKit::Atom const*, RDKit::ROMol const&, int, std::vector<ForceFields::UFF::AtomicParams const*, std::allocator<ForceFields::UFF::AtomicParams const*> > const&, ForceFields::ForceField*) in <CONDA_ENV_PREFIX>/lib/python3.11/site-packages/rdkit/ForceField/../../../../libRDKitForceFieldHelpers.so.1
 4# RDKit::UFF::Tools::addAngleSpecialCases(RDKit::ROMol const&, int, std::vector<ForceFields::UFF::AtomicParams const*, std::allocator<ForceFields::UFF::AtomicParams const*> > const&, ForceFields::ForceField*) in <CONDA_ENV_PREFIX>/lib/python3.11/site-packages/rdkit/ForceField/../../../../libRDKitForceFieldHelpers.so.1
 5# RDKit::UFF::constructForceField(RDKit::ROMol&, std::vector<ForceFields::UFF::AtomicParams const*, std::allocator<ForceFields::UFF::AtomicParams const*> > const&, double, int, bool) in <CONDA_ENV_PREFIX>/lib/python3.11/site-packages/rdkit/ForceField/../../../../libRDKitForceFieldHelpers.so.1
 6# RDKit::UFF::constructForceField(RDKit::ROMol&, double, int, bool) in <CONDA_ENV_PREFIX>/lib/python3.11/site-packages/rdkit/ForceField/../../../../libRDKitForceFieldHelpers.so.1
 7# RDKit::UFFHelper(RDKit::ROMol&, int, double, int, bool) in <CONDA_ENV_PREFIX>/lib/python3.11/site-packages/rdkit/Chem/rdForceFieldHelpers.so
 8# 0x00007FCD637B403D in <CONDA_ENV_PREFIX>/lib/python3.11/site-packages/rdkit/Chem/rdForceFieldHelpers.so
 9# boost::python::objects::function::call(_object*, _object*) const in <CONDA_ENV_PREFIX>/lib/python3.11/site-packages/rdkit/../../../libboost_python311.so.1.86.0
10# 0x00007FCD6570D449 in <CONDA_ENV_PREFIX>/lib/python3.11/site-packages/rdkit/../../../libboost_python311.so.1.86.0
11# boost::python::detail::exception_handler::operator()(boost::function_n<void> const&) const in <CONDA_ENV_PREFIX>/lib/python3.11/site-packages/rdkit/../../../libboost_python311.so.1.86.0
12# 0x00007FCD6346DC04 in <CONDA_ENV_PREFIX>/lib/python3.11/site-packages/rdkit/Chem/rdSLNParse.so
13# 0x00007FCD6385B354 in <CONDA_ENV_PREFIX>/lib/python3.11/site-packages/rdkit/Chem/rdDepictor.so
14# 0x00007FCD63AF9DD4 in <CONDA_ENV_PREFIX>/lib/python3.11/site-packages/rdkit/Chem/rdChemReactions.so
15# 0x00007FCD63AF9E24 in <CONDA_ENV_PREFIX>/lib/python3.11/site-packages/rdkit/Chem/rdChemReactions.so
16# 0x00007FCD63C72B94 in <CONDA_ENV_PREFIX>/lib/python3.11/site-packages/rdkit/Chem/rdMolChemicalFeatures.so
17# 0x00007FCD646EA9B4 in <CONDA_ENV_PREFIX>/lib/python3.11/site-packages/rdkit/Chem/rdmolfiles.so
18# 0x00007FCD646EAA04 in <CONDA_ENV_PREFIX>/lib/python3.11/site-packages/rdkit/Chem/rdmolfiles.so
19# 0x00007FCD64804B04 in <CONDA_ENV_PREFIX>/lib/python3.11/site-packages/rdkit/Chem/rdCIPLabeler.so
20# 0x00007FCD651D9174 in <CONDA_ENV_PREFIX>/lib/python3.11/site-packages/rdkit/Chem/rdchem.so
21# 0x00007FCD6516DAAD in <CONDA_ENV_PREFIX>/lib/python3.11/site-packages/rdkit/Chem/rdchem.so
22# 0x00007FCD6516D6AD in <CONDA_ENV_PREFIX>/lib/python3.11/site-packages/rdkit/Chem/rdchem.so
23# 0x00007FCD6516D2AD in <CONDA_ENV_PREFIX>/lib/python3.11/site-packages/rdkit/Chem/rdchem.so
24# 0x00007FCD6516CEAD in <CONDA_ENV_PREFIX>/lib/python3.11/site-packages/rdkit/Chem/rdchem.so
25# 0x00007FCD6516CAAD in <CONDA_ENV_PREFIX>/lib/python3.11/site-packages/rdkit/Chem/rdchem.so
26# 0x00007FCD657E1E54 in <CONDA_ENV_PREFIX>/lib/python3.11/site-packages/rdkit/rdBase.so
27# 0x00007FCD657E1EA4 in <CONDA_ENV_PREFIX>/lib/python3.11/site-packages/rdkit/rdBase.so
28# 0x00007FCD657E1EF4 in <CONDA_ENV_PREFIX>/lib/python3.11/site-packages/rdkit/rdBase.so
29# 0x00007FCD657E1F44 in <CONDA_ENV_PREFIX>/lib/python3.11/site-packages/rdkit/rdBase.so
30# boost::python::handle_exception_impl(boost::function_n<void>) in <CONDA_ENV_PREFIX>/lib/python3.11/site-packages/rdkit/../../../libboost_python311.so.1.86.0
31# 0x00007FCD6570A9B3 in <CONDA_ENV_PREFIX>/lib/python3.11/site-packages/rdkit/../../../libboost_python311.so.1.86.0
32# _PyObject_MakeTpCall in <CONDA_ENV_PREFIX>/bin/python
33# _PyEval_EvalFrameDefault in <CONDA_ENV_PREFIX>/bin/python
34# _PyFunction_Vectorcall in <CONDA_ENV_PREFIX>/bin/python
35# 0x000055C22A85CC50 in <CONDA_ENV_PREFIX>/bin/python
36# 0x000055C22A772745 in <CONDA_ENV_PREFIX>/bin/python
37# 0x000055C22A7A31AA in <CONDA_ENV_PREFIX>/bin/python
38# PyObject_Vectorcall in <CONDA_ENV_PREFIX>/bin/python
39# _PyEval_EvalFrameDefault in <CONDA_ENV_PREFIX>/bin/python
40# _PyFunction_Vectorcall in <CONDA_ENV_PREFIX>/bin/python
41# _PyEval_EvalFrameDefault in <CONDA_ENV_PREFIX>/bin/python
42# _PyFunction_Vectorcall in <CONDA_ENV_PREFIX>/bin/python
43# _PyEval_EvalFrameDefault in <CONDA_ENV_PREFIX>/bin/python
44# _PyFunction_Vectorcall in <CONDA_ENV_PREFIX>/bin/python
45# 0x000055C22A75E979 in <CONDA_ENV_PREFIX>/bin/python
46# _PyObject_MakeTpCall in <CONDA_ENV_PREFIX>/bin/python
47# _PyEval_EvalFrameDefault in <CONDA_ENV_PREFIX>/bin/python
48# _PyFunction_Vectorcall in <CONDA_ENV_PREFIX>/bin/python
49# 0x000055C22A75EA1D in <CONDA_ENV_PREFIX>/bin/python
50# _PyObject_MakeTpCall in <CONDA_ENV_PREFIX>/bin/python
51# _PyEval_EvalFrameDefault in <CONDA_ENV_PREFIX>/bin/python
52# 0x000055C22A7E9B0D in <CONDA_ENV_PREFIX>/bin/python
53# PyEval_EvalCode in <CONDA_ENV_PREFIX>/bin/python
54# 0x000055C22A8071AA in <CONDA_ENV_PREFIX>/bin/python
55# 0x000055C22A802E33 in <CONDA_ENV_PREFIX>/bin/python
56# 0x000055C22A8183D0 in <CONDA_ENV_PREFIX>/bin/python
57# _PyRun_SimpleFileObject in <CONDA_ENV_PREFIX>/bin/python
58# _PyRun_AnyFileObject in <CONDA_ENV_PREFIX>/bin/python
59# Py_RunMain in <CONDA_ENV_PREFIX>/bin/python
60# Py_BytesMain in <CONDA_ENV_PREFIX>/bin/python
61# 0x00007FCD74392D90 in /lib/x86_64-linux-gnu/libc.so.6
62# __libc_start_main in /lib/x86_64-linux-gnu/libc.so.6
63# 0x000055C22A7D937A in <CONDA_ENV_PREFIX>/bin/python
----------
****

[20:03:43] UFFTYPER: Unrecognized atom type: S_5+6 (9)
[20:03:43] UFFTYPER: Unrecognized atom type: S_5+6 (9)
[20:03:43] 

****
Pre-condition Violation
bad params pointer
Violation occurred on line 79 in file /home/conda/feedstock_root/build_artifacts/rdkit-meta_1745736747213/work/Code/ForceField/UFF/AngleBend.cpp
Failed Expression: at2Params
----------
Stacktrace:
 0# Invar::Invariant::toString[abi:cxx11]() const in <CONDA_ENV_PREFIX>/lib/python3.11/site-packages/rdkit/../../../libRDKitRDGeneral.so.1
 1# Invar::operator<<(std::ostream&, Invar::Invariant const&) in <CONDA_ENV_PREFIX>/lib/python3.11/site-packages/rdkit/../../../libRDKitRDGeneral.so.1
 2# ForceFields::UFF::AngleBendContrib::AngleBendContrib(ForceFields::ForceField*, unsigned int, unsigned int, unsigned int, double, double, ForceFields::UFF::AtomicParams const*, ForceFields::UFF::AtomicParams const*, ForceFields::UFF::AtomicParams const*, unsigned int) in <CONDA_ENV_PREFIX>/lib/python3.11/site-packages/rdkit/ForceField/../../../../libRDKitForceField.so.1
 3# RDKit::UFF::Tools::addTrigonalBipyramidAngles(RDKit::Atom const*, RDKit::ROMol const&, int, std::vector<ForceFields::UFF::AtomicParams const*, std::allocator<ForceFields::UFF::AtomicParams const*> > const&, ForceFields::ForceField*) in <CONDA_ENV_PREFIX>/lib/python3.11/site-packages/rdkit/ForceField/../../../../libRDKitForceFieldHelpers.so.1
 4# RDKit::UFF::Tools::addAngleSpecialCases(RDKit::ROMol const&, int, std::vector<ForceFields::UFF::AtomicParams const*, std::allocator<ForceFields::UFF::AtomicParams const*> > const&, ForceFields::ForceField*) in <CONDA_ENV_PREFIX>/lib/python3.11/site-packages/rdkit/ForceField/../../../../libRDKitForceFieldHelpers.so.1
 5# RDKit::UFF::constructForceField(RDKit::ROMol&, std::vector<ForceFields::UFF::AtomicParams const*, std::allocator<ForceFields::UFF::AtomicParams const*> > const&, double, int, bool) in <CONDA_ENV_PREFIX>/lib/python3.11/site-packages/rdkit/ForceField/../../../../libRDKitForceFieldHelpers.so.1
 6# RDKit::UFF::constructForceField(RDKit::ROMol&, double, int, bool) in <CONDA_ENV_PREFIX>/lib/python3.11/site-packages/rdkit/ForceField/../../../../libRDKitForceFieldHelpers.so.1
 7# RDKit::UFFHelper(RDKit::ROMol&, int, double, int, bool) in <CONDA_ENV_PREFIX>/lib/python3.11/site-packages/rdkit/Chem/rdForceFieldHelpers.so
 8# 0x00007FCD637B403D in <CONDA_ENV_PREFIX>/lib/python3.11/site-packages/rdkit/Chem/rdForceFieldHelpers.so
 9# boost::python::objects::function::call(_object*, _object*) const in <CONDA_ENV_PREFIX>/lib/python3.11/site-packages/rdkit/../../../libboost_python311.so.1.86.0
10# 0x00007FCD6570D449 in <CONDA_ENV_PREFIX>/lib/python3.11/site-packages/rdkit/../../../libboost_python311.so.1.86.0
11# boost::python::detail::exception_handler::operator()(boost::function_n<void> const&) const in <CONDA_ENV_PREFIX>/lib/python3.11/site-packages/rdkit/../../../libboost_python311.so.1.86.0
12# 0x00007FCD6346DC04 in <CONDA_ENV_PREFIX>/lib/python3.11/site-packages/rdkit/Chem/rdSLNParse.so
13# 0x00007FCD6385B354 in <CONDA_ENV_PREFIX>/lib/python3.11/site-packages/rdkit/Chem/rdDepictor.so
14# 0x00007FCD63AF9DD4 in <CONDA_ENV_PREFIX>/lib/python3.11/site-packages/rdkit/Chem/rdChemReactions.so
15# 0x00007FCD63AF9E24 in <CONDA_ENV_PREFIX>/lib/python3.11/site-packages/rdkit/Chem/rdChemReactions.so
16# 0x00007FCD63C72B94 in <CONDA_ENV_PREFIX>/lib/python3.11/site-packages/rdkit/Chem/rdMolChemicalFeatures.so
17# 0x00007FCD646EA9B4 in <CONDA_ENV_PREFIX>/lib/python3.11/site-packages/rdkit/Chem/rdmolfiles.so
18# 0x00007FCD646EAA04 in <CONDA_ENV_PREFIX>/lib/python3.11/site-packages/rdkit/Chem/rdmolfiles.so
19# 0x00007FCD64804B04 in <CONDA_ENV_PREFIX>/lib/python3.11/site-packages/rdkit/Chem/rdCIPLabeler.so
20# 0x00007FCD651D9174 in <CONDA_ENV_PREFIX>/lib/python3.11/site-packages/rdkit/Chem/rdchem.so
21# 0x00007FCD6516DAAD in <CONDA_ENV_PREFIX>/lib/python3.11/site-packages/rdkit/Chem/rdchem.so
22# 0x00007FCD6516D6AD in <CONDA_ENV_PREFIX>/lib/python3.11/site-packages/rdkit/Chem/rdchem.so
23# 0x00007FCD6516D2AD in <CONDA_ENV_PREFIX>/lib/python3.11/site-packages/rdkit/Chem/rdchem.so
24# 0x00007FCD6516CEAD in <CONDA_ENV_PREFIX>/lib/python3.11/site-packages/rdkit/Chem/rdchem.so
25# 0x00007FCD6516CAAD in <CONDA_ENV_PREFIX>/lib/python3.11/site-packages/rdkit/Chem/rdchem.so
26# 0x00007FCD657E1E54 in <CONDA_ENV_PREFIX>/lib/python3.11/site-packages/rdkit/rdBase.so
27# 0x00007FCD657E1EA4 in <CONDA_ENV_PREFIX>/lib/python3.11/site-packages/rdkit/rdBase.so
28# 0x00007FCD657E1EF4 in <CONDA_ENV_PREFIX>/lib/python3.11/site-packages/rdkit/rdBase.so
29# 0x00007FCD657E1F44 in <CONDA_ENV_PREFIX>/lib/python3.11/site-packages/rdkit/rdBase.so
30# boost::python::handle_exception_impl(boost::function_n<void>) in <CONDA_ENV_PREFIX>/lib/python3.11/site-packages/rdkit/../../../libboost_python311.so.1.86.0
31# 0x00007FCD6570A9B3 in <CONDA_ENV_PREFIX>/lib/python3.11/site-packages/rdkit/../../../libboost_python311.so.1.86.0
32# _PyObject_MakeTpCall in <CONDA_ENV_PREFIX>/bin/python
33# _PyEval_EvalFrameDefault in <CONDA_ENV_PREFIX>/bin/python
34# _PyFunction_Vectorcall in <CONDA_ENV_PREFIX>/bin/python
35# 0x000055C22A85CC50 in <CONDA_ENV_PREFIX>/bin/python
36# 0x000055C22A772745 in <CONDA_ENV_PREFIX>/bin/python
37# 0x000055C22A7A31AA in <CONDA_ENV_PREFIX>/bin/python
38# PyObject_Vectorcall in <CONDA_ENV_PREFIX>/bin/python
39# _PyEval_EvalFrameDefault in <CONDA_ENV_PREFIX>/bin/python
40# _PyFunction_Vectorcall in <CONDA_ENV_PREFIX>/bin/python
41# _PyEval_EvalFrameDefault in <CONDA_ENV_PREFIX>/bin/python
42# _PyFunction_Vectorcall in <CONDA_ENV_PREFIX>/bin/python
43# _PyEval_EvalFrameDefault in <CONDA_ENV_PREFIX>/bin/python
44# _PyFunction_Vectorcall in <CONDA_ENV_PREFIX>/bin/python
45# 0x000055C22A75E979 in <CONDA_ENV_PREFIX>/bin/python
46# _PyObject_MakeTpCall in <CONDA_ENV_PREFIX>/bin/python
47# _PyEval_EvalFrameDefault in <CONDA_ENV_PREFIX>/bin/python
48# _PyFunction_Vectorcall in <CONDA_ENV_PREFIX>/bin/python
49# 0x000055C22A75EA1D in <CONDA_ENV_PREFIX>/bin/python
50# _PyObject_MakeTpCall in <CONDA_ENV_PREFIX>/bin/python
51# _PyEval_EvalFrameDefault in <CONDA_ENV_PREFIX>/bin/python
52# 0x000055C22A7E9B0D in <CONDA_ENV_PREFIX>/bin/python
53# PyEval_EvalCode in <CONDA_ENV_PREFIX>/bin/python
54# 0x000055C22A8071AA in <CONDA_ENV_PREFIX>/bin/python
55# 0x000055C22A802E33 in <CONDA_ENV_PREFIX>/bin/python
56# 0x000055C22A8183D0 in <CONDA_ENV_PREFIX>/bin/python
57# _PyRun_SimpleFileObject in <CONDA_ENV_PREFIX>/bin/python
58# _PyRun_AnyFileObject in <CONDA_ENV_PREFIX>/bin/python
59# Py_RunMain in <CONDA_ENV_PREFIX>/bin/python
60# Py_BytesMain in <CONDA_ENV_PREFIX>/bin/python
61# 0x00007FCD74392D90 in /lib/x86_64-linux-gnu/libc.so.6
62# __libc_start_main in /lib/x86_64-linux-gnu/libc.so.6
63# 0x000055C22A7D937A in <CONDA_ENV_PREFIX>/bin/python
----------
****

[20:03:49] Explicit valence for atom # 10 P, 7, is greater than permitted
[20:03:50] Explicit valence for atom # 13 P, 7, is greater than permitted
[20:03:50] Explicit valence for atom # 12 P, 7, is greater than permitted
[20:25:33] Explicit valence for atom # 12 P, 7, is greater than permitted
[20:25:33] Explicit valence for atom # 12 P, 7, is greater than permitted
[20:25:33] Explicit valence for atom # 13 P, 7, is greater than permitted
[20:25:33] Explicit valence for atom # 14 P, 7, is greater than permitted
[20:25:33] Explicit valence for atom # 12 P, 7, is greater than permitted
[20:25:33] Explicit valence for atom # 13 P, 7, is greater than permitted
[20:25:33] Explicit valence for atom # 14 P, 7, is greater than permitted
[20:25:33] Explicit valence for atom # 13 P, 7, is greater than permitted
[20:25:36] Explicit valence for atom # 12 P, 7, is greater than permitted
[20:25:36] Explicit valence for atom # 13 P, 7, is greater than permitted
[20:25:36] Explicit valence for atom # 12 P, 7, is greater than permitted
[20:25:36] Explicit valence for atom # 11 P, 7, is greater than permitted
[20:25:36] Explicit valence for atom # 13 P, 7, is greater than permitted
[20:26:48] Explicit valence for atom # 13 P, 7, is greater than permitted
[20:32:05] Explicit valence for atom # 7 P, 7, is greater than permitted
[20:32:05] Explicit valence for atom # 7 P, 7, is greater than permitted
[20:32:05] Explicit valence for atom # 7 P, 7, is greater than permitted
[20:32:05] Explicit valence for atom # 11 P, 7, is greater than permitted
[20:32:05] Explicit valence for atom # 7 P, 7, is greater than permitted
[20:32:05] Explicit valence for atom # 7 P, 7, is greater than permitted
[20:32:05] Explicit valence for atom # 9 P, 7, is greater than permitted
[20:32:05] Explicit valence for atom # 7 P, 7, is greater than permitted
[20:32:05] Explicit valence for atom # 8 P, 7, is greater than permitted
[20:32:05] Explicit valence for atom # 10 P, 7, is greater than permitted
[20:32:05] Explicit valence for atom # 10 P, 7, is greater than permitted
[20:32:05] Explicit valence for atom # 7 P, 7, is greater than permitted
[20:32:05] Explicit valence for atom # 10 P, 7, is greater than permitted
[20:32:05] Explicit valence for atom # 11 P, 7, is greater than permitted
[20:32:05] Explicit valence for atom # 10 P, 7, is greater than permitted
[20:32:05] Explicit valence for atom # 10 P, 7, is greater than permitted
[20:32:05] Explicit valence for atom # 7 P, 7, is greater than permitted
[20:32:05] Explicit valence for atom # 7 P, 7, is greater than permitted
[20:32:05] Explicit valence for atom # 12 P, 7, is greater than permitted
[20:32:05] Explicit valence for atom # 13 P, 7, is greater than permitted
[20:32:05] Explicit valence for atom # 11 P, 7, is greater than permitted
[20:32:05] Explicit valence for atom # 12 P, 7, is greater than permitted
[20:32:05] Explicit valence for atom # 12 P, 7, is greater than permitted
[20:32:05] Explicit valence for atom # 7 P, 7, is greater than permitted
[20:32:05] Explicit valence for atom # 9 P, 7, is greater than permitted
[20:32:05] Explicit valence for atom # 5 P, 7, is greater than permitted
[20:32:05] Explicit valence for atom # 5 P, 7, is greater than permitted
[20:32:05] Explicit valence for atom # 13 P, 7, is greater than permitted
[20:32:05] Explicit valence for atom # 13 P, 7, is greater than permitted
[20:32:05] Explicit valence for atom # 5 P, 7, is greater than permitted
[20:32:05] Explicit valence for atom # 13 P, 7, is greater than permitted
[20:32:05] Explicit valence for atom # 5 P, 7, is greater than permitted
[20:32:05] Explicit valence for atom # 13 P, 7, is greater than permitted
[20:32:05] Explicit valence for atom # 5 P, 7, is greater than permitted
[20:32:05] Explicit valence for atom # 5 P, 7, is greater than permitted
[20:32:05] Explicit valence for atom # 13 P, 7, is greater than permitted
[20:32:05] Explicit valence for atom # 5 P, 7, is greater than permitted
[20:32:05] Explicit valence for atom # 5 P, 7, is greater than permitted
[20:32:05] Explicit valence for atom # 13 P, 7, is greater than permitted
[20:32:05] Explicit valence for atom # 5 P, 7, is greater than permitted
[20:32:05] Explicit valence for atom # 5 P, 7, is greater than permitted
[20:32:05] Explicit valence for atom # 12 P, 7, is greater than permitted
[20:32:05] Explicit valence for atom # 5 P, 7, is greater than permitted
[20:32:05] Explicit valence for atom # 5 P, 7, is greater than permitted
[20:32:05] Explicit valence for atom # 13 P, 7, is greater than permitted
[20:32:05] Explicit valence for atom # 5 P, 7, is greater than permitted
[20:32:05] Explicit valence for atom # 5 P, 7, is greater than permitted
[20:32:05] Explicit valence for atom # 11 P, 7, is greater than permitted
[20:33:25] Explicit valence for atom # 7 P, 7, is greater than permitted
[20:33:25] Explicit valence for atom # 7 P, 7, is greater than permitted
[20:33:25] Explicit valence for atom # 7 P, 7, is greater than permitted
[20:33:25] Explicit valence for atom # 7 P, 7, is greater than permitted
[20:33:25] Explicit valence for atom # 11 P, 7, is greater than permitted
[20:33:25] Explicit valence for atom # 11 P, 7, is greater than permitted
[20:33:25] Explicit valence for atom # 7 P, 7, is greater than permitted
[20:33:25] Explicit valence for atom # 10 P, 7, is greater than permitted
[20:33:25] Explicit valence for atom # 7 P, 7, is greater than permitted
[20:33:25] Explicit valence for atom # 7 P, 7, is greater than permitted
[20:33:25] Explicit valence for atom # 7 P, 7, is greater than permitted
[20:33:25] Explicit valence for atom # 7 P, 7, is greater than permitted
[20:33:25] Explicit valence for atom # 7 P, 7, is greater than permitted
[20:33:25] Explicit valence for atom # 7 P, 7, is greater than permitted
[20:33:25] Explicit valence for atom # 11 P, 7, is greater than permitted
[20:33:25] Explicit valence for atom # 7 P, 7, is greater than permitted
[20:33:25] Explicit valence for atom # 7 P, 7, is greater than permitted
[20:33:25] Explicit valence for atom # 11 P, 7, is greater than permitted
[20:33:25] Explicit valence for atom # 7 P, 7, is greater than permitted
[20:33:25] Explicit valence for atom # 7 P, 7, is greater than permitted
[20:33:25] Explicit valence for atom # 11 P, 7, is greater than permitted
[20:33:25] Explicit valence for atom # 11 P, 7, is greater than permitted
[20:33:25] Explicit valence for atom # 7 P, 7, is greater than permitted
[20:33:25] Explicit valence for atom # 12 P, 7, is greater than permitted
[20:33:25] Explicit valence for atom # 7 P, 7, is greater than permitted
[20:33:25] Explicit valence for atom # 5 P, 7, is greater than permitted
[20:33:25] Explicit valence for atom # 5 P, 7, is greater than permitted
[20:33:25] Explicit valence for atom # 5 P, 7, is greater than permitted
[20:33:32] Explicit valence for atom # 7 P, 7, is greater than permitted
[20:33:32] Explicit valence for atom # 7 P, 7, is greater than permitted
[20:40:26] UFFTYPER: Warning: hybridization set to SP3 for atom 14
[20:40:26] UFFTYPER: Warning: hybridization set to SP3 for atom 14
[20:40:26] UFFTYPER: Warning: hybridization set to SP3 for atom 12
[20:40:26] UFFTYPER: Warning: hybridization set to SP3 for atom 12
[20:40:27] UFFTYPER: Warning: hybridization set to SP3 for atom 13
[20:40:27] UFFTYPER: Warning: hybridization set to SP3 for atom 13
[20:40:27] UFFTYPER: Warning: hybridization set to SP3 for atom 15
[20:40:27] UFFTYPER: Warning: hybridization set to SP3 for atom 15
[20:40:28] UFFTYPER: Warning: hybridization set to SP3 for atom 11
[20:40:28] UFFTYPER: Warning: hybridization set to SP3 for atom 11
[20:40:28] UFFTYPER: Warning: hybridization set to SP3 for atom 14
[20:40:28] UFFTYPER: Warning: hybridization set to SP3 for atom 14
[20:40:28] UFFTYPER: Warning: hybridization set to SP3 for atom 12
[20:40:28] UFFTYPER: Warning: hybridization set to SP3 for atom 12
[20:40:29] UFFTYPER: Warning: hybridization set to SP3 for atom 13
[20:40:29] UFFTYPER: Warning: hybridization set to SP3 for atom 13
[20:40:29] UFFTYPER: Warning: hybridization set to SP3 for atom 12
[20:40:29] UFFTYPER: Warning: hybridization set to SP3 for atom 12
[20:40:29] UFFTYPER: Warning: hybridization set to SP3 for atom 11
[20:40:30] UFFTYPER: Warning: hybridization set to SP3 for atom 11
[20:40:30] UFFTYPER: Warning: hybridization set to SP3 for atom 12
[20:40:30] UFFTYPER: Warning: hybridization set to SP3 for atom 12
[20:40:30] UFFTYPER: Warning: hybridization set to SP3 for atom 13
[20:40:30] UFFTYPER: Warning: hybridization set to SP3 for atom 13
[20:40:31] UFFTYPER: Warning: hybridization set to SP3 for atom 12
[20:40:31] UFFTYPER: Warning: hybridization set to SP3 for atom 12
[20:40:31] UFFTYPER: Warning: hybridization set to SP3 for atom 13
[20:40:31] UFFTYPER: Warning: hybridization set to SP3 for atom 13
[20:40:32] UFFTYPER: Warning: hybridization set to SP3 for atom 12
[20:40:32] UFFTYPER: Warning: hybridization set to SP3 for atom 12
[20:40:32] UFFTYPER: Warning: hybridization set to SP3 for atom 15
[20:40:32] UFFTYPER: Warning: hybridization set to SP3 for atom 15
[20:40:32] UFFTYPER: Warning: hybridization set to SP3 for atom 13
[20:40:32] UFFTYPER: Warning: hybridization set to SP3 for atom 13
[20:40:33] UFFTYPER: Warning: hybridization set to SP3 for atom 11
[20:40:33] UFFTYPER: Warning: hybridization set to SP3 for atom 11
[20:40:33] UFFTYPER: Warning: hybridization set to SP3 for atom 13
[20:40:33] UFFTYPER: Warning: hybridization set to SP3 for atom 13
[20:40:33] UFFTYPER: Warning: hybridization set to SP3 for atom 15
[20:40:33] UFFTYPER: Warning: hybridization set to SP3 for atom 15
[20:40:34] UFFTYPER: Warning: hybridization set to SP3 for atom 14
[20:40:34] UFFTYPER: Warning: hybridization set to SP3 for atom 14
[20:40:34] UFFTYPER: Warning: hybridization set to SP3 for atom 14
[20:40:34] UFFTYPER: Warning: hybridization set to SP3 for atom 14
[20:40:34] UFFTYPER: Warning: hybridization set to SP3 for atom 15
[20:40:34] UFFTYPER: Warning: hybridization set to SP3 for atom 15
[20:40:35] UFFTYPER: Warning: hybridization set to SP3 for atom 13
[20:40:35] UFFTYPER: Warning: hybridization set to SP3 for atom 13
[20:40:35] UFFTYPER: Warning: hybridization set to SP3 for atom 5
[20:40:35] UFFTYPER: Warning: hybridization set to SP3 for atom 5
[20:40:36] UFFTYPER: Warning: hybridization set to SP3 for atom 15
[20:40:36] UFFTYPER: Warning: hybridization set to SP3 for atom 15
[20:40:36] UFFTYPER: Warning: hybridization set to SP3 for atom 12
[20:40:36] UFFTYPER: Warning: hybridization set to SP3 for atom 12
[20:40:36] UFFTYPER: Warning: hybridization set to SP3 for atom 5
[20:40:36] UFFTYPER: Warning: hybridization set to SP3 for atom 5
[20:40:37] UFFTYPER: Warning: hybridization set to SP3 for atom 14
[20:40:37] UFFTYPER: Warning: hybridization set to SP3 for atom 14
[20:40:37] UFFTYPER: Warning: hybridization set to SP3 for atom 14
[20:40:37] UFFTYPER: Warning: hybridization set to SP3 for atom 14
[20:40:37] UFFTYPER: Warning: hybridization set to SP3 for atom 14
[20:40:37] UFFTYPER: Warning: hybridization set to SP3 for atom 14
[20:40:38] UFFTYPER: Warning: hybridization set to SP3 for atom 13
[20:40:38] UFFTYPER: Warning: hybridization set to SP3 for atom 13
[20:40:38] UFFTYPER: Warning: hybridization set to SP3 for atom 14
[20:40:38] UFFTYPER: Warning: hybridization set to SP3 for atom 14
[20:40:38] UFFTYPER: Warning: hybridization set to SP3 for atom 13
[20:40:38] UFFTYPER: Warning: hybridization set to SP3 for atom 13
[20:40:39] UFFTYPER: Warning: hybridization set to SP3 for atom 13
[20:40:39] UFFTYPER: Warning: hybridization set to SP3 for atom 13
[20:40:39] UFFTYPER: Warning: hybridization set to SP3 for atom 13
[20:40:39] UFFTYPER: Warning: hybridization set to SP3 for atom 13
[20:40:40] UFFTYPER: Warning: hybridization set to SP3 for atom 13
[20:40:40] UFFTYPER: Warning: hybridization set to SP3 for atom 13
[20:40:40] UFFTYPER: Warning: hybridization set to SP3 for atom 14
[20:40:40] UFFTYPER: Warning: hybridization set to SP3 for atom 14
[20:40:40] UFFTYPER: Warning: hybridization set to SP3 for atom 14
[20:40:40] UFFTYPER: Warning: hybridization set to SP3 for atom 14
[20:40:41] UFFTYPER: Warning: hybridization set to SP3 for atom 14
[20:40:41] UFFTYPER: Warning: hybridization set to SP3 for atom 14
[20:40:41] UFFTYPER: Warning: hybridization set to SP3 for atom 14
[20:40:41] UFFTYPER: Warning: hybridization set to SP3 for atom 14
[20:40:41] UFFTYPER: Warning: hybridization set to SP3 for atom 14
[20:40:41] UFFTYPER: Warning: hybridization set to SP3 for atom 14
[20:40:42] UFFTYPER: Warning: hybridization set to SP3 for atom 13
[20:40:42] UFFTYPER: Warning: hybridization set to SP3 for atom 13
[20:40:42] UFFTYPER: Warning: hybridization set to SP3 for atom 5
[20:40:42] UFFTYPER: Warning: hybridization set to SP3 for atom 5
[20:40:42] UFFTYPER: Warning: hybridization set to SP3 for atom 14
[20:40:42] UFFTYPER: Warning: hybridization set to SP3 for atom 14
[20:40:43] UFFTYPER: Warning: hybridization set to SP3 for atom 13
[20:40:43] UFFTYPER: Warning: hybridization set to SP3 for atom 13
[20:41:13] [20:41:13] UFFTYPER: Warning: hybridization set to SP3 for atom UFFTYPER: Warning: hybridization set to SP3 for atom 1314

[20:41:13] UFFTYPER: Warning: hybridization set to SP3 for atom 13
[20:41:13] UFFTYPER: Warning: hybridization set to SP3 for atom 14
[20:41:14] UFFTYPER: Warning: hybridization set to SP3 for atom 10
[20:41:14] UFFTYPER: Warning: hybridization set to SP3 for atom 10
[20:41:14] UFFTYPER: Warning: hybridization set to SP3 for atom 13
[20:41:14] UFFTYPER: Warning: hybridization set to SP3 for atom 13
[20:41:15] UFFTYPER: Warning: hybridization set to SP3 for atom 9
[20:41:15] UFFTYPER: Warning: hybridization set to SP3 for atom 9
[20:41:15] UFFTYPER: Warning: hybridization set to SP3 for atom 13
[20:41:15] UFFTYPER: Warning: hybridization set to SP3 for atom 13
[20:41:16] UFFTYPER: Warning: hybridization set to SP3 for atom 12
[20:41:16] UFFTYPER: Warning: hybridization set to SP3 for atom 12
[20:41:16] UFFTYPER: Warning: hybridization set to SP3 for atom 11
[20:41:16] UFFTYPER: Warning: hybridization set to SP3 for atom 11
[20:41:17] UFFTYPER: Warning: hybridization set to SP3 for atom 10
[20:41:17] UFFTYPER: Warning: hybridization set to SP3 for atom 10
[20:41:17] UFFTYPER: Warning: hybridization set to SP3 for atom 12
[20:41:17] UFFTYPER: Warning: hybridization set to SP3 for atom 12
[20:41:18] UFFTYPER: Warning: hybridization set to SP3 for atom 13
[20:41:18] UFFTYPER: Warning: hybridization set to SP3 for atom 13
[20:41:18] UFFTYPER: Warning: hybridization set to SP3 for atom 14
[20:41:18] UFFTYPER: Warning: hybridization set to SP3 for atom 14
[20:41:18] UFFTYPER: Warning: hybridization set to SP3 for atom 13
[20:41:18] UFFTYPER: Warning: hybridization set to SP3 for atom 13
[20:41:19] UFFTYPER: Warning: hybridization set to SP3 for atom 13
[20:41:19] UFFTYPER: Warning: hybridization set to SP3 for atom 13
[20:41:19] UFFTYPER: Warning: hybridization set to SP3 for atom 13
[20:41:19] UFFTYPER: Warning: hybridization set to SP3 for atom 13
[20:41:20] UFFTYPER: Warning: hybridization set to SP3 for atom 12
[20:41:20] UFFTYPER: Warning: hybridization set to SP3 for atom 12
[20:41:20] UFFTYPER: Warning: hybridization set to SP3 for atom 12
[20:41:20] UFFTYPER: Warning: hybridization set to SP3 for atom 12
[20:41:20] UFFTYPER: Warning: hybridization set to SP3 for atom 14
[20:41:20] UFFTYPER: Warning: hybridization set to SP3 for atom 14
[20:41:21] UFFTYPER: Warning: hybridization set to SP3 for atom 14
[20:41:21] UFFTYPER: Warning: hybridization set to SP3 for atom 14
[20:41:21] UFFTYPER: Warning: hybridization set to SP3 for atom 14
[20:41:21] UFFTYPER: Warning: hybridization set to SP3 for atom 14
[20:41:22] UFFTYPER: Warning: hybridization set to SP3 for atom 15
[20:41:22] UFFTYPER: Warning: hybridization set to SP3 for atom 15
[20:41:22] UFFTYPER: Warning: hybridization set to SP3 for atom 13
[20:41:22] UFFTYPER: Warning: hybridization set to SP3 for atom 13
[20:41:22] UFFTYPER: Warning: hybridization set to SP3 for atom 14
[20:41:22] UFFTYPER: Warning: hybridization set to SP3 for atom 14
[20:41:23] UFFTYPER: Warning: hybridization set to SP3 for atom 13
[20:41:23] UFFTYPER: Warning: hybridization set to SP3 for atom 13
[20:41:23] UFFTYPER: Warning: hybridization set to SP3 for atom 12
[20:41:23] UFFTYPER: Warning: hybridization set to SP3 for atom 12
[20:41:23] UFFTYPER: Warning: hybridization set to SP3 for atom 13
[20:41:23] UFFTYPER: Warning: hybridization set to SP3 for atom 13
[20:41:24] UFFTYPER: Warning: hybridization set to SP3 for atom 15
[20:41:24] UFFTYPER: Warning: hybridization set to SP3 for atom 15
[20:41:24] UFFTYPER: Warning: hybridization set to SP3 for atom 14
[20:41:24] UFFTYPER: Warning: hybridization set to SP3 for atom 14
[20:41:25] UFFTYPER: Warning: hybridization set to SP3 for atom 14
[20:41:25] UFFTYPER: Warning: hybridization set to SP3 for atom 14
[20:41:25] UFFTYPER: Warning: hybridization set to SP3 for atom 14
[20:41:25] UFFTYPER: Warning: hybridization set to SP3 for atom 14
[20:41:25] UFFTYPER: Warning: hybridization set to SP3 for atom 14
[20:41:25] UFFTYPER: Warning: hybridization set to SP3 for atom 14
[20:41:26] UFFTYPER: Warning: hybridization set to SP3 for atom 15
[20:41:26] UFFTYPER: Warning: hybridization set to SP3 for atom 15
[20:41:26] UFFTYPER: Warning: hybridization set to SP3 for atom 13
[20:41:26] UFFTYPER: Warning: hybridization set to SP3 for atom 13
[20:41:26] UFFTYPER: Warning: hybridization set to SP3 for atom 13
[20:41:26] UFFTYPER: Warning: hybridization set to SP3 for atom 13
[20:41:27] UFFTYPER: Warning: hybridization set to SP3 for atom 14
[20:41:27] UFFTYPER: Warning: hybridization set to SP3 for atom 14
[20:41:27] UFFTYPER: Warning: hybridization set to SP3 for atom 14
[20:41:27] UFFTYPER: Warning: hybridization set to SP3 for atom 14
[20:41:27] UFFTYPER: Warning: hybridization set to SP3 for atom 14
[20:41:27] UFFTYPER: Warning: hybridization set to SP3 for atom 14
[20:41:28] UFFTYPER: Warning: hybridization set to SP3 for atom 14
[20:41:28] UFFTYPER: Warning: hybridization set to SP3 for atom 14
[20:41:28] UFFTYPER: Warning: hybridization set to SP3 for atom 14
[20:41:28] UFFTYPER: Warning: hybridization set to SP3 for atom 14
[20:41:29] UFFTYPER: Warning: hybridization set to SP3 for atom 14
[20:41:29] UFFTYPER: Warning: hybridization set to SP3 for atom 14
[20:41:30] UFFTYPER: Warning: hybridization set to SP3 for atom 15
[20:41:30] UFFTYPER: Warning: hybridization set to SP3 for atom 15
[21:01:38] Explicit valence for atom # 13 P, 7, is greater than permitted
[21:01:38] Explicit valence for atom # 13 P, 7, is greater than permitted
[21:01:38] Explicit valence for atom # 9 P, 7, is greater than permitted
[21:01:38] Explicit valence for atom # 7 P, 7, is greater than permitted
[21:01:38] Explicit valence for atom # 8 P, 7, is greater than permitted
[21:01:38] Explicit valence for atom # 7 P, 7, is greater than permitted
[21:01:38] Explicit valence for atom # 7 P, 7, is greater than permitted
[21:01:38] Explicit valence for atom # 7 P, 7, is greater than permitted
[21:01:38] Explicit valence for atom # 7 P, 7, is greater than permitted
[21:01:38] Explicit valence for atom # 11 P, 7, is greater than permitted
[21:01:38] Explicit valence for atom # 11 P, 7, is greater than permitted
[21:01:38] Explicit valence for atom # 10 P, 7, is greater than permitted
[21:01:38] Explicit valence for atom # 7 P, 7, is greater than permitted
[21:01:38] Explicit valence for atom # 7 P, 7, is greater than permitted
[21:01:38] Explicit valence for atom # 10 P, 7, is greater than permitted
[21:01:38] Explicit valence for atom # 7 P, 7, is greater than permitted
[21:01:38] Explicit valence for atom # 10 P, 7, is greater than permitted
[21:01:38] Explicit valence for atom # 10 P, 7, is greater than permitted
[21:01:38] Explicit valence for atom # 8 P, 7, is greater than permitted
[21:01:38] Explicit valence for atom # 7 P, 7, is greater than permitted
[21:01:38] Explicit valence for atom # 9 P, 7, is greater than permitted
[21:01:38] Explicit valence for atom # 10 P, 7, is greater than permitted
[21:01:38] Explicit valence for atom # 11 P, 7, is greater than permitted
[21:01:38] Explicit valence for atom # 12 P, 7, is greater than permitted
[21:01:38] Explicit valence for atom # 10 P, 7, is greater than permitted
[21:01:38] Explicit valence for atom # 11 P, 7, is greater than permitted
[21:01:38] Explicit valence for atom # 7 P, 7, is greater than permitted
[21:01:38] Explicit valence for atom # 7 P, 7, is greater than permitted
[21:01:38] Explicit valence for atom # 9 P, 7, is greater than permitted
[21:01:38] Explicit valence for atom # 11 P, 7, is greater than permitted
[21:01:46] Explicit valence for atom # 13 P, 7, is greater than permitted
[21:14:46] UFFTYPER: Unrecognized atom type: S_5+6 (1)
[21:14:46] UFFTYPER: Unrecognized atom type: S_5+6 (1)
[21:14:46] 

****
Pre-condition Violation
bad params pointer
Violation occurred on line 79 in file /home/conda/feedstock_root/build_artifacts/rdkit-meta_1745736747213/work/Code/ForceField/UFF/AngleBend.cpp
Failed Expression: at2Params
----------
Stacktrace:
 0# Invar::Invariant::toString[abi:cxx11]() const in <CONDA_ENV_PREFIX>/lib/python3.11/site-packages/rdkit/../../../libRDKitRDGeneral.so.1
 1# Invar::operator<<(std::ostream&, Invar::Invariant const&) in <CONDA_ENV_PREFIX>/lib/python3.11/site-packages/rdkit/../../../libRDKitRDGeneral.so.1
 2# ForceFields::UFF::AngleBendContrib::AngleBendContrib(ForceFields::ForceField*, unsigned int, unsigned int, unsigned int, double, double, ForceFields::UFF::AtomicParams const*, ForceFields::UFF::AtomicParams const*, ForceFields::UFF::AtomicParams const*, unsigned int) in <CONDA_ENV_PREFIX>/lib/python3.11/site-packages/rdkit/ForceField/../../../../libRDKitForceField.so.1
 3# RDKit::UFF::Tools::addTrigonalBipyramidAngles(RDKit::Atom const*, RDKit::ROMol const&, int, std::vector<ForceFields::UFF::AtomicParams const*, std::allocator<ForceFields::UFF::AtomicParams const*> > const&, ForceFields::ForceField*) in <CONDA_ENV_PREFIX>/lib/python3.11/site-packages/rdkit/ForceField/../../../../libRDKitForceFieldHelpers.so.1
 4# RDKit::UFF::Tools::addAngleSpecialCases(RDKit::ROMol const&, int, std::vector<ForceFields::UFF::AtomicParams const*, std::allocator<ForceFields::UFF::AtomicParams const*> > const&, ForceFields::ForceField*) in <CONDA_ENV_PREFIX>/lib/python3.11/site-packages/rdkit/ForceField/../../../../libRDKitForceFieldHelpers.so.1
 5# RDKit::UFF::constructForceField(RDKit::ROMol&, std::vector<ForceFields::UFF::AtomicParams const*, std::allocator<ForceFields::UFF::AtomicParams const*> > const&, double, int, bool) in <CONDA_ENV_PREFIX>/lib/python3.11/site-packages/rdkit/ForceField/../../../../libRDKitForceFieldHelpers.so.1
 6# RDKit::UFF::constructForceField(RDKit::ROMol&, double, int, bool) in <CONDA_ENV_PREFIX>/lib/python3.11/site-packages/rdkit/ForceField/../../../../libRDKitForceFieldHelpers.so.1
 7# RDKit::UFFHelper(RDKit::ROMol&, int, double, int, bool) in <CONDA_ENV_PREFIX>/lib/python3.11/site-packages/rdkit/Chem/rdForceFieldHelpers.so
 8# 0x00007FCD637B403D in <CONDA_ENV_PREFIX>/lib/python3.11/site-packages/rdkit/Chem/rdForceFieldHelpers.so
 9# boost::python::objects::function::call(_object*, _object*) const in <CONDA_ENV_PREFIX>/lib/python3.11/site-packages/rdkit/../../../libboost_python311.so.1.86.0
10# 0x00007FCD6570D449 in <CONDA_ENV_PREFIX>/lib/python3.11/site-packages/rdkit/../../../libboost_python311.so.1.86.0
11# boost::python::detail::exception_handler::operator()(boost::function_n<void> const&) const in <CONDA_ENV_PREFIX>/lib/python3.11/site-packages/rdkit/../../../libboost_python311.so.1.86.0
12# 0x00007FCD6346DC04 in <CONDA_ENV_PREFIX>/lib/python3.11/site-packages/rdkit/Chem/rdSLNParse.so
13# 0x00007FCD6385B354 in <CONDA_ENV_PREFIX>/lib/python3.11/site-packages/rdkit/Chem/rdDepictor.so
14# 0x00007FCD63AF9DD4 in <CONDA_ENV_PREFIX>/lib/python3.11/site-packages/rdkit/Chem/rdChemReactions.so
15# 0x00007FCD63AF9E24 in <CONDA_ENV_PREFIX>/lib/python3.11/site-packages/rdkit/Chem/rdChemReactions.so
16# 0x00007FCD63C72B94 in <CONDA_ENV_PREFIX>/lib/python3.11/site-packages/rdkit/Chem/rdMolChemicalFeatures.so
17# 0x00007FCD646EA9B4 in <CONDA_ENV_PREFIX>/lib/python3.11/site-packages/rdkit/Chem/rdmolfiles.so
18# 0x00007FCD646EAA04 in <CONDA_ENV_PREFIX>/lib/python3.11/site-packages/rdkit/Chem/rdmolfiles.so
19# 0x00007FCD64804B04 in <CONDA_ENV_PREFIX>/lib/python3.11/site-packages/rdkit/Chem/rdCIPLabeler.so
20# 0x00007FCD651D9174 in <CONDA_ENV_PREFIX>/lib/python3.11/site-packages/rdkit/Chem/rdchem.so
21# 0x00007FCD6516DAAD in <CONDA_ENV_PREFIX>/lib/python3.11/site-packages/rdkit/Chem/rdchem.so
22# 0x00007FCD6516D6AD in <CONDA_ENV_PREFIX>/lib/python3.11/site-packages/rdkit/Chem/rdchem.so
23# 0x00007FCD6516D2AD in <CONDA_ENV_PREFIX>/lib/python3.11/site-packages/rdkit/Chem/rdchem.so
24# 0x00007FCD6516CEAD in <CONDA_ENV_PREFIX>/lib/python3.11/site-packages/rdkit/Chem/rdchem.so
25# 0x00007FCD6516CAAD in <CONDA_ENV_PREFIX>/lib/python3.11/site-packages/rdkit/Chem/rdchem.so
26# 0x00007FCD657E1E54 in <CONDA_ENV_PREFIX>/lib/python3.11/site-packages/rdkit/rdBase.so
27# 0x00007FCD657E1EA4 in <CONDA_ENV_PREFIX>/lib/python3.11/site-packages/rdkit/rdBase.so
28# 0x00007FCD657E1EF4 in <CONDA_ENV_PREFIX>/lib/python3.11/site-packages/rdkit/rdBase.so
29# 0x00007FCD657E1F44 in <CONDA_ENV_PREFIX>/lib/python3.11/site-packages/rdkit/rdBase.so
30# boost::python::handle_exception_impl(boost::function_n<void>) in <CONDA_ENV_PREFIX>/lib/python3.11/site-packages/rdkit/../../../libboost_python311.so.1.86.0
31# 0x00007FCD6570A9B3 in <CONDA_ENV_PREFIX>/lib/python3.11/site-packages/rdkit/../../../libboost_python311.so.1.86.0
32# _PyObject_MakeTpCall in <CONDA_ENV_PREFIX>/bin/python
33# _PyEval_EvalFrameDefault in <CONDA_ENV_PREFIX>/bin/python
34# _PyFunction_Vectorcall in <CONDA_ENV_PREFIX>/bin/python
35# 0x000055C22A85CC50 in <CONDA_ENV_PREFIX>/bin/python
36# 0x000055C22A772745 in <CONDA_ENV_PREFIX>/bin/python
37# 0x000055C22A7A31AA in <CONDA_ENV_PREFIX>/bin/python
38# PyObject_Vectorcall in <CONDA_ENV_PREFIX>/bin/python
39# _PyEval_EvalFrameDefault in <CONDA_ENV_PREFIX>/bin/python
40# _PyFunction_Vectorcall in <CONDA_ENV_PREFIX>/bin/python
41# _PyEval_EvalFrameDefault in <CONDA_ENV_PREFIX>/bin/python
42# _PyFunction_Vectorcall in <CONDA_ENV_PREFIX>/bin/python
43# _PyEval_EvalFrameDefault in <CONDA_ENV_PREFIX>/bin/python
44# _PyFunction_Vectorcall in <CONDA_ENV_PREFIX>/bin/python
45# 0x000055C22A75E979 in <CONDA_ENV_PREFIX>/bin/python
46# _PyObject_MakeTpCall in <CONDA_ENV_PREFIX>/bin/python
47# _PyEval_EvalFrameDefault in <CONDA_ENV_PREFIX>/bin/python
48# _PyFunction_Vectorcall in <CONDA_ENV_PREFIX>/bin/python
49# 0x000055C22A75EA1D in <CONDA_ENV_PREFIX>/bin/python
50# _PyObject_MakeTpCall in <CONDA_ENV_PREFIX>/bin/python
51# _PyEval_EvalFrameDefault in <CONDA_ENV_PREFIX>/bin/python
52# 0x000055C22A7E9B0D in <CONDA_ENV_PREFIX>/bin/python
53# PyEval_EvalCode in <CONDA_ENV_PREFIX>/bin/python
54# 0x000055C22A8071AA in <CONDA_ENV_PREFIX>/bin/python
55# 0x000055C22A802E33 in <CONDA_ENV_PREFIX>/bin/python
56# 0x000055C22A8183D0 in <CONDA_ENV_PREFIX>/bin/python
57# _PyRun_SimpleFileObject in <CONDA_ENV_PREFIX>/bin/python
58# _PyRun_AnyFileObject in <CONDA_ENV_PREFIX>/bin/python
59# Py_RunMain in <CONDA_ENV_PREFIX>/bin/python
60# Py_BytesMain in <CONDA_ENV_PREFIX>/bin/python
61# 0x00007FCD74392D90 in /lib/x86_64-linux-gnu/libc.so.6
62# __libc_start_main in /lib/x86_64-linux-gnu/libc.so.6
63# 0x000055C22A7D937A in <CONDA_ENV_PREFIX>/bin/python
----------
****

[21:14:47] UFFTYPER: Unrecognized atom type: S_5+6 (13)
[21:14:47] UFFTYPER: Unrecognized atom type: S_5+6 (13)
[21:14:47] 

****
Pre-condition Violation
bad params pointer
Violation occurred on line 79 in file /home/conda/feedstock_root/build_artifacts/rdkit-meta_1745736747213/work/Code/ForceField/UFF/AngleBend.cpp
Failed Expression: at2Params
----------
Stacktrace:
 0# Invar::Invariant::toString[abi:cxx11]() const in <CONDA_ENV_PREFIX>/lib/python3.11/site-packages/rdkit/../../../libRDKitRDGeneral.so.1
 1# Invar::operator<<(std::ostream&, Invar::Invariant const&) in <CONDA_ENV_PREFIX>/lib/python3.11/site-packages/rdkit/../../../libRDKitRDGeneral.so.1
 2# ForceFields::UFF::AngleBendContrib::AngleBendContrib(ForceFields::ForceField*, unsigned int, unsigned int, unsigned int, double, double, ForceFields::UFF::AtomicParams const*, ForceFields::UFF::AtomicParams const*, ForceFields::UFF::AtomicParams const*, unsigned int) in <CONDA_ENV_PREFIX>/lib/python3.11/site-packages/rdkit/ForceField/../../../../libRDKitForceField.so.1
 3# RDKit::UFF::Tools::addTrigonalBipyramidAngles(RDKit::Atom const*, RDKit::ROMol const&, int, std::vector<ForceFields::UFF::AtomicParams const*, std::allocator<ForceFields::UFF::AtomicParams const*> > const&, ForceFields::ForceField*) in <CONDA_ENV_PREFIX>/lib/python3.11/site-packages/rdkit/ForceField/../../../../libRDKitForceFieldHelpers.so.1
 4# RDKit::UFF::Tools::addAngleSpecialCases(RDKit::ROMol const&, int, std::vector<ForceFields::UFF::AtomicParams const*, std::allocator<ForceFields::UFF::AtomicParams const*> > const&, ForceFields::ForceField*) in <CONDA_ENV_PREFIX>/lib/python3.11/site-packages/rdkit/ForceField/../../../../libRDKitForceFieldHelpers.so.1
 5# RDKit::UFF::constructForceField(RDKit::ROMol&, std::vector<ForceFields::UFF::AtomicParams const*, std::allocator<ForceFields::UFF::AtomicParams const*> > const&, double, int, bool) in <CONDA_ENV_PREFIX>/lib/python3.11/site-packages/rdkit/ForceField/../../../../libRDKitForceFieldHelpers.so.1
 6# RDKit::UFF::constructForceField(RDKit::ROMol&, double, int, bool) in <CONDA_ENV_PREFIX>/lib/python3.11/site-packages/rdkit/ForceField/../../../../libRDKitForceFieldHelpers.so.1
 7# RDKit::UFFHelper(RDKit::ROMol&, int, double, int, bool) in <CONDA_ENV_PREFIX>/lib/python3.11/site-packages/rdkit/Chem/rdForceFieldHelpers.so
 8# 0x00007FCD637B403D in <CONDA_ENV_PREFIX>/lib/python3.11/site-packages/rdkit/Chem/rdForceFieldHelpers.so
 9# boost::python::objects::function::call(_object*, _object*) const in <CONDA_ENV_PREFIX>/lib/python3.11/site-packages/rdkit/../../../libboost_python311.so.1.86.0
10# 0x00007FCD6570D449 in <CONDA_ENV_PREFIX>/lib/python3.11/site-packages/rdkit/../../../libboost_python311.so.1.86.0
11# boost::python::detail::exception_handler::operator()(boost::function_n<void> const&) const in <CONDA_ENV_PREFIX>/lib/python3.11/site-packages/rdkit/../../../libboost_python311.so.1.86.0
12# 0x00007FCD6346DC04 in <CONDA_ENV_PREFIX>/lib/python3.11/site-packages/rdkit/Chem/rdSLNParse.so
13# 0x00007FCD6385B354 in <CONDA_ENV_PREFIX>/lib/python3.11/site-packages/rdkit/Chem/rdDepictor.so
14# 0x00007FCD63AF9DD4 in <CONDA_ENV_PREFIX>/lib/python3.11/site-packages/rdkit/Chem/rdChemReactions.so
15# 0x00007FCD63AF9E24 in <CONDA_ENV_PREFIX>/lib/python3.11/site-packages/rdkit/Chem/rdChemReactions.so
16# 0x00007FCD63C72B94 in <CONDA_ENV_PREFIX>/lib/python3.11/site-packages/rdkit/Chem/rdMolChemicalFeatures.so
17# 0x00007FCD646EA9B4 in <CONDA_ENV_PREFIX>/lib/python3.11/site-packages/rdkit/Chem/rdmolfiles.so
18# 0x00007FCD646EAA04 in <CONDA_ENV_PREFIX>/lib/python3.11/site-packages/rdkit/Chem/rdmolfiles.so
19# 0x00007FCD64804B04 in <CONDA_ENV_PREFIX>/lib/python3.11/site-packages/rdkit/Chem/rdCIPLabeler.so
20# 0x00007FCD651D9174 in <CONDA_ENV_PREFIX>/lib/python3.11/site-packages/rdkit/Chem/rdchem.so
21# 0x00007FCD6516DAAD in <CONDA_ENV_PREFIX>/lib/python3.11/site-packages/rdkit/Chem/rdchem.so
22# 0x00007FCD6516D6AD in <CONDA_ENV_PREFIX>/lib/python3.11/site-packages/rdkit/Chem/rdchem.so
23# 0x00007FCD6516D2AD in <CONDA_ENV_PREFIX>/lib/python3.11/site-packages/rdkit/Chem/rdchem.so
24# 0x00007FCD6516CEAD in <CONDA_ENV_PREFIX>/lib/python3.11/site-packages/rdkit/Chem/rdchem.so
25# 0x00007FCD6516CAAD in <CONDA_ENV_PREFIX>/lib/python3.11/site-packages/rdkit/Chem/rdchem.so
26# 0x00007FCD657E1E54 in <CONDA_ENV_PREFIX>/lib/python3.11/site-packages/rdkit/rdBase.so
27# 0x00007FCD657E1EA4 in <CONDA_ENV_PREFIX>/lib/python3.11/site-packages/rdkit/rdBase.so
28# 0x00007FCD657E1EF4 in <CONDA_ENV_PREFIX>/lib/python3.11/site-packages/rdkit/rdBase.so
29# 0x00007FCD657E1F44 in <CONDA_ENV_PREFIX>/lib/python3.11/site-packages/rdkit/rdBase.so
30# boost::python::handle_exception_impl(boost::function_n<void>) in <CONDA_ENV_PREFIX>/lib/python3.11/site-packages/rdkit/../../../libboost_python311.so.1.86.0
31# 0x00007FCD6570A9B3 in <CONDA_ENV_PREFIX>/lib/python3.11/site-packages/rdkit/../../../libboost_python311.so.1.86.0
32# _PyObject_MakeTpCall in <CONDA_ENV_PREFIX>/bin/python
33# _PyEval_EvalFrameDefault in <CONDA_ENV_PREFIX>/bin/python
34# _PyFunction_Vectorcall in <CONDA_ENV_PREFIX>/bin/python
35# 0x000055C22A85CC50 in <CONDA_ENV_PREFIX>/bin/python
36# 0x000055C22A772745 in <CONDA_ENV_PREFIX>/bin/python
37# 0x000055C22A7A31AA in <CONDA_ENV_PREFIX>/bin/python
38# PyObject_Vectorcall in <CONDA_ENV_PREFIX>/bin/python
39# _PyEval_EvalFrameDefault in <CONDA_ENV_PREFIX>/bin/python
40# _PyFunction_Vectorcall in <CONDA_ENV_PREFIX>/bin/python
41# _PyEval_EvalFrameDefault in <CONDA_ENV_PREFIX>/bin/python
42# _PyFunction_Vectorcall in <CONDA_ENV_PREFIX>/bin/python
43# _PyEval_EvalFrameDefault in <CONDA_ENV_PREFIX>/bin/python
44# _PyFunction_Vectorcall in <CONDA_ENV_PREFIX>/bin/python
45# 0x000055C22A75E979 in <CONDA_ENV_PREFIX>/bin/python
46# _PyObject_MakeTpCall in <CONDA_ENV_PREFIX>/bin/python
47# _PyEval_EvalFrameDefault in <CONDA_ENV_PREFIX>/bin/python
48# _PyFunction_Vectorcall in <CONDA_ENV_PREFIX>/bin/python
49# 0x000055C22A75EA1D in <CONDA_ENV_PREFIX>/bin/python
50# _PyObject_MakeTpCall in <CONDA_ENV_PREFIX>/bin/python
51# _PyEval_EvalFrameDefault in <CONDA_ENV_PREFIX>/bin/python
52# 0x000055C22A7E9B0D in <CONDA_ENV_PREFIX>/bin/python
53# PyEval_EvalCode in <CONDA_ENV_PREFIX>/bin/python
54# 0x000055C22A8071AA in <CONDA_ENV_PREFIX>/bin/python
55# 0x000055C22A802E33 in <CONDA_ENV_PREFIX>/bin/python
56# 0x000055C22A8183D0 in <CONDA_ENV_PREFIX>/bin/python
57# _PyRun_SimpleFileObject in <CONDA_ENV_PREFIX>/bin/python
58# _PyRun_AnyFileObject in <CONDA_ENV_PREFIX>/bin/python
59# Py_RunMain in <CONDA_ENV_PREFIX>/bin/python
60# Py_BytesMain in <CONDA_ENV_PREFIX>/bin/python
61# 0x00007FCD74392D90 in /lib/x86_64-linux-gnu/libc.so.6
62# __libc_start_main in /lib/x86_64-linux-gnu/libc.so.6
63# 0x000055C22A7D937A in <CONDA_ENV_PREFIX>/bin/python
----------
****

[21:14:48] UFFTYPER: Unrecognized atom type: S_5+6 (13)
[21:14:48] UFFTYPER: Unrecognized atom type: S_5+6 (13)
[21:14:48] 

****
Pre-condition Violation
bad params pointer
Violation occurred on line 79 in file /home/conda/feedstock_root/build_artifacts/rdkit-meta_1745736747213/work/Code/ForceField/UFF/AngleBend.cpp
Failed Expression: at2Params
----------
Stacktrace:
 0# Invar::Invariant::toString[abi:cxx11]() const in <CONDA_ENV_PREFIX>/lib/python3.11/site-packages/rdkit/../../../libRDKitRDGeneral.so.1
 1# Invar::operator<<(std::ostream&, Invar::Invariant const&) in <CONDA_ENV_PREFIX>/lib/python3.11/site-packages/rdkit/../../../libRDKitRDGeneral.so.1
 2# ForceFields::UFF::AngleBendContrib::AngleBendContrib(ForceFields::ForceField*, unsigned int, unsigned int, unsigned int, double, double, ForceFields::UFF::AtomicParams const*, ForceFields::UFF::AtomicParams const*, ForceFields::UFF::AtomicParams const*, unsigned int) in <CONDA_ENV_PREFIX>/lib/python3.11/site-packages/rdkit/ForceField/../../../../libRDKitForceField.so.1
 3# RDKit::UFF::Tools::addTrigonalBipyramidAngles(RDKit::Atom const*, RDKit::ROMol const&, int, std::vector<ForceFields::UFF::AtomicParams const*, std::allocator<ForceFields::UFF::AtomicParams const*> > const&, ForceFields::ForceField*) in <CONDA_ENV_PREFIX>/lib/python3.11/site-packages/rdkit/ForceField/../../../../libRDKitForceFieldHelpers.so.1
 4# RDKit::UFF::Tools::addAngleSpecialCases(RDKit::ROMol const&, int, std::vector<ForceFields::UFF::AtomicParams const*, std::allocator<ForceFields::UFF::AtomicParams const*> > const&, ForceFields::ForceField*) in <CONDA_ENV_PREFIX>/lib/python3.11/site-packages/rdkit/ForceField/../../../../libRDKitForceFieldHelpers.so.1
 5# RDKit::UFF::constructForceField(RDKit::ROMol&, std::vector<ForceFields::UFF::AtomicParams const*, std::allocator<ForceFields::UFF::AtomicParams const*> > const&, double, int, bool) in <CONDA_ENV_PREFIX>/lib/python3.11/site-packages/rdkit/ForceField/../../../../libRDKitForceFieldHelpers.so.1
 6# RDKit::UFF::constructForceField(RDKit::ROMol&, double, int, bool) in <CONDA_ENV_PREFIX>/lib/python3.11/site-packages/rdkit/ForceField/../../../../libRDKitForceFieldHelpers.so.1
 7# RDKit::UFFHelper(RDKit::ROMol&, int, double, int, bool) in <CONDA_ENV_PREFIX>/lib/python3.11/site-packages/rdkit/Chem/rdForceFieldHelpers.so
 8# 0x00007FCD637B403D in <CONDA_ENV_PREFIX>/lib/python3.11/site-packages/rdkit/Chem/rdForceFieldHelpers.so
 9# boost::python::objects::function::call(_object*, _object*) const in <CONDA_ENV_PREFIX>/lib/python3.11/site-packages/rdkit/../../../libboost_python311.so.1.86.0
10# 0x00007FCD6570D449 in <CONDA_ENV_PREFIX>/lib/python3.11/site-packages/rdkit/../../../libboost_python311.so.1.86.0
11# boost::python::detail::exception_handler::operator()(boost::function_n<void> const&) const in <CONDA_ENV_PREFIX>/lib/python3.11/site-packages/rdkit/../../../libboost_python311.so.1.86.0
12# 0x00007FCD6346DC04 in <CONDA_ENV_PREFIX>/lib/python3.11/site-packages/rdkit/Chem/rdSLNParse.so
13# 0x00007FCD6385B354 in <CONDA_ENV_PREFIX>/lib/python3.11/site-packages/rdkit/Chem/rdDepictor.so
14# 0x00007FCD63AF9DD4 in <CONDA_ENV_PREFIX>/lib/python3.11/site-packages/rdkit/Chem/rdChemReactions.so
15# 0x00007FCD63AF9E24 in <CONDA_ENV_PREFIX>/lib/python3.11/site-packages/rdkit/Chem/rdChemReactions.so
16# 0x00007FCD63C72B94 in <CONDA_ENV_PREFIX>/lib/python3.11/site-packages/rdkit/Chem/rdMolChemicalFeatures.so
17# 0x00007FCD646EA9B4 in <CONDA_ENV_PREFIX>/lib/python3.11/site-packages/rdkit/Chem/rdmolfiles.so
18# 0x00007FCD646EAA04 in <CONDA_ENV_PREFIX>/lib/python3.11/site-packages/rdkit/Chem/rdmolfiles.so
19# 0x00007FCD64804B04 in <CONDA_ENV_PREFIX>/lib/python3.11/site-packages/rdkit/Chem/rdCIPLabeler.so
20# 0x00007FCD651D9174 in <CONDA_ENV_PREFIX>/lib/python3.11/site-packages/rdkit/Chem/rdchem.so
21# 0x00007FCD6516DAAD in <CONDA_ENV_PREFIX>/lib/python3.11/site-packages/rdkit/Chem/rdchem.so
22# 0x00007FCD6516D6AD in <CONDA_ENV_PREFIX>/lib/python3.11/site-packages/rdkit/Chem/rdchem.so
23# 0x00007FCD6516D2AD in <CONDA_ENV_PREFIX>/lib/python3.11/site-packages/rdkit/Chem/rdchem.so
24# 0x00007FCD6516CEAD in <CONDA_ENV_PREFIX>/lib/python3.11/site-packages/rdkit/Chem/rdchem.so
25# 0x00007FCD6516CAAD in <CONDA_ENV_PREFIX>/lib/python3.11/site-packages/rdkit/Chem/rdchem.so
26# 0x00007FCD657E1E54 in <CONDA_ENV_PREFIX>/lib/python3.11/site-packages/rdkit/rdBase.so
27# 0x00007FCD657E1EA4 in <CONDA_ENV_PREFIX>/lib/python3.11/site-packages/rdkit/rdBase.so
28# 0x00007FCD657E1EF4 in <CONDA_ENV_PREFIX>/lib/python3.11/site-packages/rdkit/rdBase.so
29# 0x00007FCD657E1F44 in <CONDA_ENV_PREFIX>/lib/python3.11/site-packages/rdkit/rdBase.so
30# boost::python::handle_exception_impl(boost::function_n<void>) in <CONDA_ENV_PREFIX>/lib/python3.11/site-packages/rdkit/../../../libboost_python311.so.1.86.0
31# 0x00007FCD6570A9B3 in <CONDA_ENV_PREFIX>/lib/python3.11/site-packages/rdkit/../../../libboost_python311.so.1.86.0
32# _PyObject_MakeTpCall in <CONDA_ENV_PREFIX>/bin/python
33# _PyEval_EvalFrameDefault in <CONDA_ENV_PREFIX>/bin/python
34# _PyFunction_Vectorcall in <CONDA_ENV_PREFIX>/bin/python
35# 0x000055C22A85CC50 in <CONDA_ENV_PREFIX>/bin/python
36# 0x000055C22A772745 in <CONDA_ENV_PREFIX>/bin/python
37# 0x000055C22A7A31AA in <CONDA_ENV_PREFIX>/bin/python
38# PyObject_Vectorcall in <CONDA_ENV_PREFIX>/bin/python
39# _PyEval_EvalFrameDefault in <CONDA_ENV_PREFIX>/bin/python
40# _PyFunction_Vectorcall in <CONDA_ENV_PREFIX>/bin/python
41# _PyEval_EvalFrameDefault in <CONDA_ENV_PREFIX>/bin/python
42# _PyFunction_Vectorcall in <CONDA_ENV_PREFIX>/bin/python
43# _PyEval_EvalFrameDefault in <CONDA_ENV_PREFIX>/bin/python
44# _PyFunction_Vectorcall in <CONDA_ENV_PREFIX>/bin/python
45# 0x000055C22A75E979 in <CONDA_ENV_PREFIX>/bin/python
46# _PyObject_MakeTpCall in <CONDA_ENV_PREFIX>/bin/python
47# _PyEval_EvalFrameDefault in <CONDA_ENV_PREFIX>/bin/python
48# _PyFunction_Vectorcall in <CONDA_ENV_PREFIX>/bin/python
49# 0x000055C22A75EA1D in <CONDA_ENV_PREFIX>/bin/python
50# _PyObject_MakeTpCall in <CONDA_ENV_PREFIX>/bin/python
51# _PyEval_EvalFrameDefault in <CONDA_ENV_PREFIX>/bin/python
52# 0x000055C22A7E9B0D in <CONDA_ENV_PREFIX>/bin/python
53# PyEval_EvalCode in <CONDA_ENV_PREFIX>/bin/python
54# 0x000055C22A8071AA in <CONDA_ENV_PREFIX>/bin/python
55# 0x000055C22A802E33 in <CONDA_ENV_PREFIX>/bin/python
56# 0x000055C22A8183D0 in <CONDA_ENV_PREFIX>/bin/python
57# _PyRun_SimpleFileObject in <CONDA_ENV_PREFIX>/bin/python
58# _PyRun_AnyFileObject in <CONDA_ENV_PREFIX>/bin/python
59# Py_RunMain in <CONDA_ENV_PREFIX>/bin/python
60# Py_BytesMain in <CONDA_ENV_PREFIX>/bin/python
61# 0x00007FCD74392D90 in /lib/x86_64-linux-gnu/libc.so.6
62# __libc_start_main in /lib/x86_64-linux-gnu/libc.so.6
63# 0x000055C22A7D937A in <CONDA_ENV_PREFIX>/bin/python
----------
****

[21:14:53] UFFTYPER: Unrecognized atom type: S_5+6 (1)
[21:14:53] UFFTYPER: Unrecognized atom type: S_5+6 (1)
[21:14:53] 

****
Pre-condition Violation
bad params pointer
Violation occurred on line 79 in file /home/conda/feedstock_root/build_artifacts/rdkit-meta_1745736747213/work/Code/ForceField/UFF/AngleBend.cpp
Failed Expression: at2Params
----------
Stacktrace:
 0# Invar::Invariant::toString[abi:cxx11]() const in <CONDA_ENV_PREFIX>/lib/python3.11/site-packages/rdkit/../../../libRDKitRDGeneral.so.1
 1# Invar::operator<<(std::ostream&, Invar::Invariant const&) in <CONDA_ENV_PREFIX>/lib/python3.11/site-packages/rdkit/../../../libRDKitRDGeneral.so.1
 2# ForceFields::UFF::AngleBendContrib::AngleBendContrib(ForceFields::ForceField*, unsigned int, unsigned int, unsigned int, double, double, ForceFields::UFF::AtomicParams const*, ForceFields::UFF::AtomicParams const*, ForceFields::UFF::AtomicParams const*, unsigned int) in <CONDA_ENV_PREFIX>/lib/python3.11/site-packages/rdkit/ForceField/../../../../libRDKitForceField.so.1
 3# RDKit::UFF::Tools::addTrigonalBipyramidAngles(RDKit::Atom const*, RDKit::ROMol const&, int, std::vector<ForceFields::UFF::AtomicParams const*, std::allocator<ForceFields::UFF::AtomicParams const*> > const&, ForceFields::ForceField*) in <CONDA_ENV_PREFIX>/lib/python3.11/site-packages/rdkit/ForceField/../../../../libRDKitForceFieldHelpers.so.1
 4# RDKit::UFF::Tools::addAngleSpecialCases(RDKit::ROMol const&, int, std::vector<ForceFields::UFF::AtomicParams const*, std::allocator<ForceFields::UFF::AtomicParams const*> > const&, ForceFields::ForceField*) in <CONDA_ENV_PREFIX>/lib/python3.11/site-packages/rdkit/ForceField/../../../../libRDKitForceFieldHelpers.so.1
 5# RDKit::UFF::constructForceField(RDKit::ROMol&, std::vector<ForceFields::UFF::AtomicParams const*, std::allocator<ForceFields::UFF::AtomicParams const*> > const&, double, int, bool) in <CONDA_ENV_PREFIX>/lib/python3.11/site-packages/rdkit/ForceField/../../../../libRDKitForceFieldHelpers.so.1
 6# RDKit::UFF::constructForceField(RDKit::ROMol&, double, int, bool) in <CONDA_ENV_PREFIX>/lib/python3.11/site-packages/rdkit/ForceField/../../../../libRDKitForceFieldHelpers.so.1
 7# RDKit::UFFHelper(RDKit::ROMol&, int, double, int, bool) in <CONDA_ENV_PREFIX>/lib/python3.11/site-packages/rdkit/Chem/rdForceFieldHelpers.so
 8# 0x00007FCD637B403D in <CONDA_ENV_PREFIX>/lib/python3.11/site-packages/rdkit/Chem/rdForceFieldHelpers.so
 9# boost::python::objects::function::call(_object*, _object*) const in <CONDA_ENV_PREFIX>/lib/python3.11/site-packages/rdkit/../../../libboost_python311.so.1.86.0
10# 0x00007FCD6570D449 in <CONDA_ENV_PREFIX>/lib/python3.11/site-packages/rdkit/../../../libboost_python311.so.1.86.0
11# boost::python::detail::exception_handler::operator()(boost::function_n<void> const&) const in <CONDA_ENV_PREFIX>/lib/python3.11/site-packages/rdkit/../../../libboost_python311.so.1.86.0
12# 0x00007FCD6346DC04 in <CONDA_ENV_PREFIX>/lib/python3.11/site-packages/rdkit/Chem/rdSLNParse.so
13# 0x00007FCD6385B354 in <CONDA_ENV_PREFIX>/lib/python3.11/site-packages/rdkit/Chem/rdDepictor.so
14# 0x00007FCD63AF9DD4 in <CONDA_ENV_PREFIX>/lib/python3.11/site-packages/rdkit/Chem/rdChemReactions.so
15# 0x00007FCD63AF9E24 in <CONDA_ENV_PREFIX>/lib/python3.11/site-packages/rdkit/Chem/rdChemReactions.so
16# 0x00007FCD63C72B94 in <CONDA_ENV_PREFIX>/lib/python3.11/site-packages/rdkit/Chem/rdMolChemicalFeatures.so
17# 0x00007FCD646EA9B4 in <CONDA_ENV_PREFIX>/lib/python3.11/site-packages/rdkit/Chem/rdmolfiles.so
18# 0x00007FCD646EAA04 in <CONDA_ENV_PREFIX>/lib/python3.11/site-packages/rdkit/Chem/rdmolfiles.so
19# 0x00007FCD64804B04 in <CONDA_ENV_PREFIX>/lib/python3.11/site-packages/rdkit/Chem/rdCIPLabeler.so
20# 0x00007FCD651D9174 in <CONDA_ENV_PREFIX>/lib/python3.11/site-packages/rdkit/Chem/rdchem.so
21# 0x00007FCD6516DAAD in <CONDA_ENV_PREFIX>/lib/python3.11/site-packages/rdkit/Chem/rdchem.so
22# 0x00007FCD6516D6AD in <CONDA_ENV_PREFIX>/lib/python3.11/site-packages/rdkit/Chem/rdchem.so
23# 0x00007FCD6516D2AD in <CONDA_ENV_PREFIX>/lib/python3.11/site-packages/rdkit/Chem/rdchem.so
24# 0x00007FCD6516CEAD in <CONDA_ENV_PREFIX>/lib/python3.11/site-packages/rdkit/Chem/rdchem.so
25# 0x00007FCD6516CAAD in <CONDA_ENV_PREFIX>/lib/python3.11/site-packages/rdkit/Chem/rdchem.so
26# 0x00007FCD657E1E54 in <CONDA_ENV_PREFIX>/lib/python3.11/site-packages/rdkit/rdBase.so
27# 0x00007FCD657E1EA4 in <CONDA_ENV_PREFIX>/lib/python3.11/site-packages/rdkit/rdBase.so
28# 0x00007FCD657E1EF4 in <CONDA_ENV_PREFIX>/lib/python3.11/site-packages/rdkit/rdBase.so
29# 0x00007FCD657E1F44 in <CONDA_ENV_PREFIX>/lib/python3.11/site-packages/rdkit/rdBase.so
30# boost::python::handle_exception_impl(boost::function_n<void>) in <CONDA_ENV_PREFIX>/lib/python3.11/site-packages/rdkit/../../../libboost_python311.so.1.86.0
31# 0x00007FCD6570A9B3 in <CONDA_ENV_PREFIX>/lib/python3.11/site-packages/rdkit/../../../libboost_python311.so.1.86.0
32# _PyObject_MakeTpCall in <CONDA_ENV_PREFIX>/bin/python
33# _PyEval_EvalFrameDefault in <CONDA_ENV_PREFIX>/bin/python
34# _PyFunction_Vectorcall in <CONDA_ENV_PREFIX>/bin/python
35# 0x000055C22A85CC50 in <CONDA_ENV_PREFIX>/bin/python
36# 0x000055C22A772745 in <CONDA_ENV_PREFIX>/bin/python
37# 0x000055C22A7A31AA in <CONDA_ENV_PREFIX>/bin/python
38# PyObject_Vectorcall in <CONDA_ENV_PREFIX>/bin/python
39# _PyEval_EvalFrameDefault in <CONDA_ENV_PREFIX>/bin/python
40# _PyFunction_Vectorcall in <CONDA_ENV_PREFIX>/bin/python
41# _PyEval_EvalFrameDefault in <CONDA_ENV_PREFIX>/bin/python
42# _PyFunction_Vectorcall in <CONDA_ENV_PREFIX>/bin/python
43# _PyEval_EvalFrameDefault in <CONDA_ENV_PREFIX>/bin/python
44# _PyFunction_Vectorcall in <CONDA_ENV_PREFIX>/bin/python
45# 0x000055C22A75E979 in <CONDA_ENV_PREFIX>/bin/python
46# _PyObject_MakeTpCall in <CONDA_ENV_PREFIX>/bin/python
47# _PyEval_EvalFrameDefault in <CONDA_ENV_PREFIX>/bin/python
48# _PyFunction_Vectorcall in <CONDA_ENV_PREFIX>/bin/python
49# 0x000055C22A75EA1D in <CONDA_ENV_PREFIX>/bin/python
50# _PyObject_MakeTpCall in <CONDA_ENV_PREFIX>/bin/python
51# _PyEval_EvalFrameDefault in <CONDA_ENV_PREFIX>/bin/python
52# 0x000055C22A7E9B0D in <CONDA_ENV_PREFIX>/bin/python
53# PyEval_EvalCode in <CONDA_ENV_PREFIX>/bin/python
54# 0x000055C22A8071AA in <CONDA_ENV_PREFIX>/bin/python
55# 0x000055C22A802E33 in <CONDA_ENV_PREFIX>/bin/python
56# 0x000055C22A8183D0 in <CONDA_ENV_PREFIX>/bin/python
57# _PyRun_SimpleFileObject in <CONDA_ENV_PREFIX>/bin/python
58# _PyRun_AnyFileObject in <CONDA_ENV_PREFIX>/bin/python
59# Py_RunMain in <CONDA_ENV_PREFIX>/bin/python
60# Py_BytesMain in <CONDA_ENV_PREFIX>/bin/python
61# 0x00007FCD74392D90 in /lib/x86_64-linux-gnu/libc.so.6
62# __libc_start_main in /lib/x86_64-linux-gnu/libc.so.6
63# 0x000055C22A7D937A in <CONDA_ENV_PREFIX>/bin/python
----------
****

[21:14:54] UFFTYPER: Unrecognized atom type: S_5+6 (12)
[21:14:54] UFFTYPER: Unrecognized atom type: S_5+6 (12)
[21:14:54] 

****
Pre-condition Violation
bad params pointer
Violation occurred on line 79 in file /home/conda/feedstock_root/build_artifacts/rdkit-meta_1745736747213/work/Code/ForceField/UFF/AngleBend.cpp
Failed Expression: at2Params
----------
Stacktrace:
 0# Invar::Invariant::toString[abi:cxx11]() const in <CONDA_ENV_PREFIX>/lib/python3.11/site-packages/rdkit/../../../libRDKitRDGeneral.so.1
 1# Invar::operator<<(std::ostream&, Invar::Invariant const&) in <CONDA_ENV_PREFIX>/lib/python3.11/site-packages/rdkit/../../../libRDKitRDGeneral.so.1
 2# ForceFields::UFF::AngleBendContrib::AngleBendContrib(ForceFields::ForceField*, unsigned int, unsigned int, unsigned int, double, double, ForceFields::UFF::AtomicParams const*, ForceFields::UFF::AtomicParams const*, ForceFields::UFF::AtomicParams const*, unsigned int) in <CONDA_ENV_PREFIX>/lib/python3.11/site-packages/rdkit/ForceField/../../../../libRDKitForceField.so.1
 3# RDKit::UFF::Tools::addTrigonalBipyramidAngles(RDKit::Atom const*, RDKit::ROMol const&, int, std::vector<ForceFields::UFF::AtomicParams const*, std::allocator<ForceFields::UFF::AtomicParams const*> > const&, ForceFields::ForceField*) in <CONDA_ENV_PREFIX>/lib/python3.11/site-packages/rdkit/ForceField/../../../../libRDKitForceFieldHelpers.so.1
 4# RDKit::UFF::Tools::addAngleSpecialCases(RDKit::ROMol const&, int, std::vector<ForceFields::UFF::AtomicParams const*, std::allocator<ForceFields::UFF::AtomicParams const*> > const&, ForceFields::ForceField*) in <CONDA_ENV_PREFIX>/lib/python3.11/site-packages/rdkit/ForceField/../../../../libRDKitForceFieldHelpers.so.1
 5# RDKit::UFF::constructForceField(RDKit::ROMol&, std::vector<ForceFields::UFF::AtomicParams const*, std::allocator<ForceFields::UFF::AtomicParams const*> > const&, double, int, bool) in <CONDA_ENV_PREFIX>/lib/python3.11/site-packages/rdkit/ForceField/../../../../libRDKitForceFieldHelpers.so.1
 6# RDKit::UFF::constructForceField(RDKit::ROMol&, double, int, bool) in <CONDA_ENV_PREFIX>/lib/python3.11/site-packages/rdkit/ForceField/../../../../libRDKitForceFieldHelpers.so.1
 7# RDKit::UFFHelper(RDKit::ROMol&, int, double, int, bool) in <CONDA_ENV_PREFIX>/lib/python3.11/site-packages/rdkit/Chem/rdForceFieldHelpers.so
 8# 0x00007FCD637B403D in <CONDA_ENV_PREFIX>/lib/python3.11/site-packages/rdkit/Chem/rdForceFieldHelpers.so
 9# boost::python::objects::function::call(_object*, _object*) const in <CONDA_ENV_PREFIX>/lib/python3.11/site-packages/rdkit/../../../libboost_python311.so.1.86.0
10# 0x00007FCD6570D449 in <CONDA_ENV_PREFIX>/lib/python3.11/site-packages/rdkit/../../../libboost_python311.so.1.86.0
11# boost::python::detail::exception_handler::operator()(boost::function_n<void> const&) const in <CONDA_ENV_PREFIX>/lib/python3.11/site-packages/rdkit/../../../libboost_python311.so.1.86.0
12# 0x00007FCD6346DC04 in <CONDA_ENV_PREFIX>/lib/python3.11/site-packages/rdkit/Chem/rdSLNParse.so
13# 0x00007FCD6385B354 in <CONDA_ENV_PREFIX>/lib/python3.11/site-packages/rdkit/Chem/rdDepictor.so
14# 0x00007FCD63AF9DD4 in <CONDA_ENV_PREFIX>/lib/python3.11/site-packages/rdkit/Chem/rdChemReactions.so
15# 0x00007FCD63AF9E24 in <CONDA_ENV_PREFIX>/lib/python3.11/site-packages/rdkit/Chem/rdChemReactions.so
16# 0x00007FCD63C72B94 in <CONDA_ENV_PREFIX>/lib/python3.11/site-packages/rdkit/Chem/rdMolChemicalFeatures.so
17# 0x00007FCD646EA9B4 in <CONDA_ENV_PREFIX>/lib/python3.11/site-packages/rdkit/Chem/rdmolfiles.so
18# 0x00007FCD646EAA04 in <CONDA_ENV_PREFIX>/lib/python3.11/site-packages/rdkit/Chem/rdmolfiles.so
19# 0x00007FCD64804B04 in <CONDA_ENV_PREFIX>/lib/python3.11/site-packages/rdkit/Chem/rdCIPLabeler.so
20# 0x00007FCD651D9174 in <CONDA_ENV_PREFIX>/lib/python3.11/site-packages/rdkit/Chem/rdchem.so
21# 0x00007FCD6516DAAD in <CONDA_ENV_PREFIX>/lib/python3.11/site-packages/rdkit/Chem/rdchem.so
22# 0x00007FCD6516D6AD in <CONDA_ENV_PREFIX>/lib/python3.11/site-packages/rdkit/Chem/rdchem.so
23# 0x00007FCD6516D2AD in <CONDA_ENV_PREFIX>/lib/python3.11/site-packages/rdkit/Chem/rdchem.so
24# 0x00007FCD6516CEAD in <CONDA_ENV_PREFIX>/lib/python3.11/site-packages/rdkit/Chem/rdchem.so
25# 0x00007FCD6516CAAD in <CONDA_ENV_PREFIX>/lib/python3.11/site-packages/rdkit/Chem/rdchem.so
26# 0x00007FCD657E1E54 in <CONDA_ENV_PREFIX>/lib/python3.11/site-packages/rdkit/rdBase.so
27# 0x00007FCD657E1EA4 in <CONDA_ENV_PREFIX>/lib/python3.11/site-packages/rdkit/rdBase.so
28# 0x00007FCD657E1EF4 in <CONDA_ENV_PREFIX>/lib/python3.11/site-packages/rdkit/rdBase.so
29# 0x00007FCD657E1F44 in <CONDA_ENV_PREFIX>/lib/python3.11/site-packages/rdkit/rdBase.so
30# boost::python::handle_exception_impl(boost::function_n<void>) in <CONDA_ENV_PREFIX>/lib/python3.11/site-packages/rdkit/../../../libboost_python311.so.1.86.0
31# 0x00007FCD6570A9B3 in <CONDA_ENV_PREFIX>/lib/python3.11/site-packages/rdkit/../../../libboost_python311.so.1.86.0
32# _PyObject_MakeTpCall in <CONDA_ENV_PREFIX>/bin/python
33# _PyEval_EvalFrameDefault in <CONDA_ENV_PREFIX>/bin/python
34# _PyFunction_Vectorcall in <CONDA_ENV_PREFIX>/bin/python
35# 0x000055C22A85CC50 in <CONDA_ENV_PREFIX>/bin/python
36# 0x000055C22A772745 in <CONDA_ENV_PREFIX>/bin/python
37# 0x000055C22A7A31AA in <CONDA_ENV_PREFIX>/bin/python
38# PyObject_Vectorcall in <CONDA_ENV_PREFIX>/bin/python
39# _PyEval_EvalFrameDefault in <CONDA_ENV_PREFIX>/bin/python
40# _PyFunction_Vectorcall in <CONDA_ENV_PREFIX>/bin/python
41# _PyEval_EvalFrameDefault in <CONDA_ENV_PREFIX>/bin/python
42# _PyFunction_Vectorcall in <CONDA_ENV_PREFIX>/bin/python
43# _PyEval_EvalFrameDefault in <CONDA_ENV_PREFIX>/bin/python
44# _PyFunction_Vectorcall in <CONDA_ENV_PREFIX>/bin/python
45# 0x000055C22A75E979 in <CONDA_ENV_PREFIX>/bin/python
46# _PyObject_MakeTpCall in <CONDA_ENV_PREFIX>/bin/python
47# _PyEval_EvalFrameDefault in <CONDA_ENV_PREFIX>/bin/python
48# _PyFunction_Vectorcall in <CONDA_ENV_PREFIX>/bin/python
49# 0x000055C22A75EA1D in <CONDA_ENV_PREFIX>/bin/python
50# _PyObject_MakeTpCall in <CONDA_ENV_PREFIX>/bin/python
51# _PyEval_EvalFrameDefault in <CONDA_ENV_PREFIX>/bin/python
52# 0x000055C22A7E9B0D in <CONDA_ENV_PREFIX>/bin/python
53# PyEval_EvalCode in <CONDA_ENV_PREFIX>/bin/python
54# 0x000055C22A8071AA in <CONDA_ENV_PREFIX>/bin/python
55# 0x000055C22A802E33 in <CONDA_ENV_PREFIX>/bin/python
56# 0x000055C22A8183D0 in <CONDA_ENV_PREFIX>/bin/python
57# _PyRun_SimpleFileObject in <CONDA_ENV_PREFIX>/bin/python
58# _PyRun_AnyFileObject in <CONDA_ENV_PREFIX>/bin/python
59# Py_RunMain in <CONDA_ENV_PREFIX>/bin/python
60# Py_BytesMain in <CONDA_ENV_PREFIX>/bin/python
61# 0x00007FCD74392D90 in /lib/x86_64-linux-gnu/libc.so.6
62# __libc_start_main in /lib/x86_64-linux-gnu/libc.so.6
63# 0x000055C22A7D937A in <CONDA_ENV_PREFIX>/bin/python
----------
****

[21:16:18] UFFTYPER: Unrecognized atom type: S_5+6 (13)
[21:16:18] UFFTYPER: Unrecognized atom type: S_5+6 (13)
[21:16:18] 

****
Pre-condition Violation
bad params pointer
Violation occurred on line 79 in file /home/conda/feedstock_root/build_artifacts/rdkit-meta_1745736747213/work/Code/ForceField/UFF/AngleBend.cpp
Failed Expression: at2Params
----------
Stacktrace:
 0# Invar::Invariant::toString[abi:cxx11]() const in <CONDA_ENV_PREFIX>/lib/python3.11/site-packages/rdkit/../../../libRDKitRDGeneral.so.1
 1# Invar::operator<<(std::ostream&, Invar::Invariant const&) in <CONDA_ENV_PREFIX>/lib/python3.11/site-packages/rdkit/../../../libRDKitRDGeneral.so.1
 2# ForceFields::UFF::AngleBendContrib::AngleBendContrib(ForceFields::ForceField*, unsigned int, unsigned int, unsigned int, double, double, ForceFields::UFF::AtomicParams const*, ForceFields::UFF::AtomicParams const*, ForceFields::UFF::AtomicParams const*, unsigned int) in <CONDA_ENV_PREFIX>/lib/python3.11/site-packages/rdkit/ForceField/../../../../libRDKitForceField.so.1
 3# RDKit::UFF::Tools::addTrigonalBipyramidAngles(RDKit::Atom const*, RDKit::ROMol const&, int, std::vector<ForceFields::UFF::AtomicParams const*, std::allocator<ForceFields::UFF::AtomicParams const*> > const&, ForceFields::ForceField*) in <CONDA_ENV_PREFIX>/lib/python3.11/site-packages/rdkit/ForceField/../../../../libRDKitForceFieldHelpers.so.1
 4# RDKit::UFF::Tools::addAngleSpecialCases(RDKit::ROMol const&, int, std::vector<ForceFields::UFF::AtomicParams const*, std::allocator<ForceFields::UFF::AtomicParams const*> > const&, ForceFields::ForceField*) in <CONDA_ENV_PREFIX>/lib/python3.11/site-packages/rdkit/ForceField/../../../../libRDKitForceFieldHelpers.so.1
 5# RDKit::UFF::constructForceField(RDKit::ROMol&, std::vector<ForceFields::UFF::AtomicParams const*, std::allocator<ForceFields::UFF::AtomicParams const*> > const&, double, int, bool) in <CONDA_ENV_PREFIX>/lib/python3.11/site-packages/rdkit/ForceField/../../../../libRDKitForceFieldHelpers.so.1
 6# RDKit::UFF::constructForceField(RDKit::ROMol&, double, int, bool) in <CONDA_ENV_PREFIX>/lib/python3.11/site-packages/rdkit/ForceField/../../../../libRDKitForceFieldHelpers.so.1
 7# RDKit::UFFHelper(RDKit::ROMol&, int, double, int, bool) in <CONDA_ENV_PREFIX>/lib/python3.11/site-packages/rdkit/Chem/rdForceFieldHelpers.so
 8# 0x00007FCD637B403D in <CONDA_ENV_PREFIX>/lib/python3.11/site-packages/rdkit/Chem/rdForceFieldHelpers.so
 9# boost::python::objects::function::call(_object*, _object*) const in <CONDA_ENV_PREFIX>/lib/python3.11/site-packages/rdkit/../../../libboost_python311.so.1.86.0
10# 0x00007FCD6570D449 in <CONDA_ENV_PREFIX>/lib/python3.11/site-packages/rdkit/../../../libboost_python311.so.1.86.0
11# boost::python::detail::exception_handler::operator()(boost::function_n<void> const&) const in <CONDA_ENV_PREFIX>/lib/python3.11/site-packages/rdkit/../../../libboost_python311.so.1.86.0
12# 0x00007FCD6346DC04 in <CONDA_ENV_PREFIX>/lib/python3.11/site-packages/rdkit/Chem/rdSLNParse.so
13# 0x00007FCD6385B354 in <CONDA_ENV_PREFIX>/lib/python3.11/site-packages/rdkit/Chem/rdDepictor.so
14# 0x00007FCD63AF9DD4 in <CONDA_ENV_PREFIX>/lib/python3.11/site-packages/rdkit/Chem/rdChemReactions.so
15# 0x00007FCD63AF9E24 in <CONDA_ENV_PREFIX>/lib/python3.11/site-packages/rdkit/Chem/rdChemReactions.so
16# 0x00007FCD63C72B94 in <CONDA_ENV_PREFIX>/lib/python3.11/site-packages/rdkit/Chem/rdMolChemicalFeatures.so
17# 0x00007FCD646EA9B4 in <CONDA_ENV_PREFIX>/lib/python3.11/site-packages/rdkit/Chem/rdmolfiles.so
18# 0x00007FCD646EAA04 in <CONDA_ENV_PREFIX>/lib/python3.11/site-packages/rdkit/Chem/rdmolfiles.so
19# 0x00007FCD64804B04 in <CONDA_ENV_PREFIX>/lib/python3.11/site-packages/rdkit/Chem/rdCIPLabeler.so
20# 0x00007FCD651D9174 in <CONDA_ENV_PREFIX>/lib/python3.11/site-packages/rdkit/Chem/rdchem.so
21# 0x00007FCD6516DAAD in <CONDA_ENV_PREFIX>/lib/python3.11/site-packages/rdkit/Chem/rdchem.so
22# 0x00007FCD6516D6AD in <CONDA_ENV_PREFIX>/lib/python3.11/site-packages/rdkit/Chem/rdchem.so
23# 0x00007FCD6516D2AD in <CONDA_ENV_PREFIX>/lib/python3.11/site-packages/rdkit/Chem/rdchem.so
24# 0x00007FCD6516CEAD in <CONDA_ENV_PREFIX>/lib/python3.11/site-packages/rdkit/Chem/rdchem.so
25# 0x00007FCD6516CAAD in <CONDA_ENV_PREFIX>/lib/python3.11/site-packages/rdkit/Chem/rdchem.so
26# 0x00007FCD657E1E54 in <CONDA_ENV_PREFIX>/lib/python3.11/site-packages/rdkit/rdBase.so
27# 0x00007FCD657E1EA4 in <CONDA_ENV_PREFIX>/lib/python3.11/site-packages/rdkit/rdBase.so
28# 0x00007FCD657E1EF4 in <CONDA_ENV_PREFIX>/lib/python3.11/site-packages/rdkit/rdBase.so
29# 0x00007FCD657E1F44 in <CONDA_ENV_PREFIX>/lib/python3.11/site-packages/rdkit/rdBase.so
30# boost::python::handle_exception_impl(boost::function_n<void>) in <CONDA_ENV_PREFIX>/lib/python3.11/site-packages/rdkit/../../../libboost_python311.so.1.86.0
31# 0x00007FCD6570A9B3 in <CONDA_ENV_PREFIX>/lib/python3.11/site-packages/rdkit/../../../libboost_python311.so.1.86.0
32# _PyObject_MakeTpCall in <CONDA_ENV_PREFIX>/bin/python
33# _PyEval_EvalFrameDefault in <CONDA_ENV_PREFIX>/bin/python
34# _PyFunction_Vectorcall in <CONDA_ENV_PREFIX>/bin/python
35# 0x000055C22A85CC50 in <CONDA_ENV_PREFIX>/bin/python
36# 0x000055C22A772745 in <CONDA_ENV_PREFIX>/bin/python
37# 0x000055C22A7A31AA in <CONDA_ENV_PREFIX>/bin/python
38# PyObject_Vectorcall in <CONDA_ENV_PREFIX>/bin/python
39# _PyEval_EvalFrameDefault in <CONDA_ENV_PREFIX>/bin/python
40# _PyFunction_Vectorcall in <CONDA_ENV_PREFIX>/bin/python
41# _PyEval_EvalFrameDefault in <CONDA_ENV_PREFIX>/bin/python
42# _PyFunction_Vectorcall in <CONDA_ENV_PREFIX>/bin/python
43# _PyEval_EvalFrameDefault in <CONDA_ENV_PREFIX>/bin/python
44# _PyFunction_Vectorcall in <CONDA_ENV_PREFIX>/bin/python
45# 0x000055C22A75E979 in <CONDA_ENV_PREFIX>/bin/python
46# _PyObject_MakeTpCall in <CONDA_ENV_PREFIX>/bin/python
47# _PyEval_EvalFrameDefault in <CONDA_ENV_PREFIX>/bin/python
48# _PyFunction_Vectorcall in <CONDA_ENV_PREFIX>/bin/python
49# 0x000055C22A75EA1D in <CONDA_ENV_PREFIX>/bin/python
50# _PyObject_MakeTpCall in <CONDA_ENV_PREFIX>/bin/python
51# _PyEval_EvalFrameDefault in <CONDA_ENV_PREFIX>/bin/python
52# 0x000055C22A7E9B0D in <CONDA_ENV_PREFIX>/bin/python
53# PyEval_EvalCode in <CONDA_ENV_PREFIX>/bin/python
54# 0x000055C22A8071AA in <CONDA_ENV_PREFIX>/bin/python
55# 0x000055C22A802E33 in <CONDA_ENV_PREFIX>/bin/python
56# 0x000055C22A8183D0 in <CONDA_ENV_PREFIX>/bin/python
57# _PyRun_SimpleFileObject in <CONDA_ENV_PREFIX>/bin/python
58# _PyRun_AnyFileObject in <CONDA_ENV_PREFIX>/bin/python
59# Py_RunMain in <CONDA_ENV_PREFIX>/bin/python
60# Py_BytesMain in <CONDA_ENV_PREFIX>/bin/python
61# 0x00007FCD74392D90 in /lib/x86_64-linux-gnu/libc.so.6
62# __libc_start_main in /lib/x86_64-linux-gnu/libc.so.6
63# 0x000055C22A7D937A in <CONDA_ENV_PREFIX>/bin/python
----------
****

[21:16:19] UFFTYPER: Unrecognized atom type: S_5+6 (1)
[21:16:19] UFFTYPER: Unrecognized atom type: S_5+6 (1)
[21:16:19] 

****
Pre-condition Violation
bad params pointer
Violation occurred on line 79 in file /home/conda/feedstock_root/build_artifacts/rdkit-meta_1745736747213/work/Code/ForceField/UFF/AngleBend.cpp
Failed Expression: at2Params
----------
Stacktrace:
 0# Invar::Invariant::toString[abi:cxx11]() const in <CONDA_ENV_PREFIX>/lib/python3.11/site-packages/rdkit/../../../libRDKitRDGeneral.so.1
 1# Invar::operator<<(std::ostream&, Invar::Invariant const&) in <CONDA_ENV_PREFIX>/lib/python3.11/site-packages/rdkit/../../../libRDKitRDGeneral.so.1
 2# ForceFields::UFF::AngleBendContrib::AngleBendContrib(ForceFields::ForceField*, unsigned int, unsigned int, unsigned int, double, double, ForceFields::UFF::AtomicParams const*, ForceFields::UFF::AtomicParams const*, ForceFields::UFF::AtomicParams const*, unsigned int) in <CONDA_ENV_PREFIX>/lib/python3.11/site-packages/rdkit/ForceField/../../../../libRDKitForceField.so.1
 3# RDKit::UFF::Tools::addTrigonalBipyramidAngles(RDKit::Atom const*, RDKit::ROMol const&, int, std::vector<ForceFields::UFF::AtomicParams const*, std::allocator<ForceFields::UFF::AtomicParams const*> > const&, ForceFields::ForceField*) in <CONDA_ENV_PREFIX>/lib/python3.11/site-packages/rdkit/ForceField/../../../../libRDKitForceFieldHelpers.so.1
 4# RDKit::UFF::Tools::addAngleSpecialCases(RDKit::ROMol const&, int, std::vector<ForceFields::UFF::AtomicParams const*, std::allocator<ForceFields::UFF::AtomicParams const*> > const&, ForceFields::ForceField*) in <CONDA_ENV_PREFIX>/lib/python3.11/site-packages/rdkit/ForceField/../../../../libRDKitForceFieldHelpers.so.1
 5# RDKit::UFF::constructForceField(RDKit::ROMol&, std::vector<ForceFields::UFF::AtomicParams const*, std::allocator<ForceFields::UFF::AtomicParams const*> > const&, double, int, bool) in <CONDA_ENV_PREFIX>/lib/python3.11/site-packages/rdkit/ForceField/../../../../libRDKitForceFieldHelpers.so.1
 6# RDKit::UFF::constructForceField(RDKit::ROMol&, double, int, bool) in <CONDA_ENV_PREFIX>/lib/python3.11/site-packages/rdkit/ForceField/../../../../libRDKitForceFieldHelpers.so.1
 7# RDKit::UFFHelper(RDKit::ROMol&, int, double, int, bool) in <CONDA_ENV_PREFIX>/lib/python3.11/site-packages/rdkit/Chem/rdForceFieldHelpers.so
 8# 0x00007FCD637B403D in <CONDA_ENV_PREFIX>/lib/python3.11/site-packages/rdkit/Chem/rdForceFieldHelpers.so
 9# boost::python::objects::function::call(_object*, _object*) const in <CONDA_ENV_PREFIX>/lib/python3.11/site-packages/rdkit/../../../libboost_python311.so.1.86.0
10# 0x00007FCD6570D449 in <CONDA_ENV_PREFIX>/lib/python3.11/site-packages/rdkit/../../../libboost_python311.so.1.86.0
11# boost::python::detail::exception_handler::operator()(boost::function_n<void> const&) const in <CONDA_ENV_PREFIX>/lib/python3.11/site-packages/rdkit/../../../libboost_python311.so.1.86.0
12# 0x00007FCD6346DC04 in <CONDA_ENV_PREFIX>/lib/python3.11/site-packages/rdkit/Chem/rdSLNParse.so
13# 0x00007FCD6385B354 in <CONDA_ENV_PREFIX>/lib/python3.11/site-packages/rdkit/Chem/rdDepictor.so
14# 0x00007FCD63AF9DD4 in <CONDA_ENV_PREFIX>/lib/python3.11/site-packages/rdkit/Chem/rdChemReactions.so
15# 0x00007FCD63AF9E24 in <CONDA_ENV_PREFIX>/lib/python3.11/site-packages/rdkit/Chem/rdChemReactions.so
16# 0x00007FCD63C72B94 in <CONDA_ENV_PREFIX>/lib/python3.11/site-packages/rdkit/Chem/rdMolChemicalFeatures.so
17# 0x00007FCD646EA9B4 in <CONDA_ENV_PREFIX>/lib/python3.11/site-packages/rdkit/Chem/rdmolfiles.so
18# 0x00007FCD646EAA04 in <CONDA_ENV_PREFIX>/lib/python3.11/site-packages/rdkit/Chem/rdmolfiles.so
19# 0x00007FCD64804B04 in <CONDA_ENV_PREFIX>/lib/python3.11/site-packages/rdkit/Chem/rdCIPLabeler.so
20# 0x00007FCD651D9174 in <CONDA_ENV_PREFIX>/lib/python3.11/site-packages/rdkit/Chem/rdchem.so
21# 0x00007FCD6516DAAD in <CONDA_ENV_PREFIX>/lib/python3.11/site-packages/rdkit/Chem/rdchem.so
22# 0x00007FCD6516D6AD in <CONDA_ENV_PREFIX>/lib/python3.11/site-packages/rdkit/Chem/rdchem.so
23# 0x00007FCD6516D2AD in <CONDA_ENV_PREFIX>/lib/python3.11/site-packages/rdkit/Chem/rdchem.so
24# 0x00007FCD6516CEAD in <CONDA_ENV_PREFIX>/lib/python3.11/site-packages/rdkit/Chem/rdchem.so
25# 0x00007FCD6516CAAD in <CONDA_ENV_PREFIX>/lib/python3.11/site-packages/rdkit/Chem/rdchem.so
26# 0x00007FCD657E1E54 in <CONDA_ENV_PREFIX>/lib/python3.11/site-packages/rdkit/rdBase.so
27# 0x00007FCD657E1EA4 in <CONDA_ENV_PREFIX>/lib/python3.11/site-packages/rdkit/rdBase.so
28# 0x00007FCD657E1EF4 in <CONDA_ENV_PREFIX>/lib/python3.11/site-packages/rdkit/rdBase.so
29# 0x00007FCD657E1F44 in <CONDA_ENV_PREFIX>/lib/python3.11/site-packages/rdkit/rdBase.so
30# boost::python::handle_exception_impl(boost::function_n<void>) in <CONDA_ENV_PREFIX>/lib/python3.11/site-packages/rdkit/../../../libboost_python311.so.1.86.0
31# 0x00007FCD6570A9B3 in <CONDA_ENV_PREFIX>/lib/python3.11/site-packages/rdkit/../../../libboost_python311.so.1.86.0
32# _PyObject_MakeTpCall in <CONDA_ENV_PREFIX>/bin/python
33# _PyEval_EvalFrameDefault in <CONDA_ENV_PREFIX>/bin/python
34# _PyFunction_Vectorcall in <CONDA_ENV_PREFIX>/bin/python
35# 0x000055C22A85CC50 in <CONDA_ENV_PREFIX>/bin/python
36# 0x000055C22A772745 in <CONDA_ENV_PREFIX>/bin/python
37# 0x000055C22A7A31AA in <CONDA_ENV_PREFIX>/bin/python
38# PyObject_Vectorcall in <CONDA_ENV_PREFIX>/bin/python
39# _PyEval_EvalFrameDefault in <CONDA_ENV_PREFIX>/bin/python
40# _PyFunction_Vectorcall in <CONDA_ENV_PREFIX>/bin/python
41# _PyEval_EvalFrameDefault in <CONDA_ENV_PREFIX>/bin/python
42# _PyFunction_Vectorcall in <CONDA_ENV_PREFIX>/bin/python
43# _PyEval_EvalFrameDefault in <CONDA_ENV_PREFIX>/bin/python
44# _PyFunction_Vectorcall in <CONDA_ENV_PREFIX>/bin/python
45# 0x000055C22A75E979 in <CONDA_ENV_PREFIX>/bin/python
46# _PyObject_MakeTpCall in <CONDA_ENV_PREFIX>/bin/python
47# _PyEval_EvalFrameDefault in <CONDA_ENV_PREFIX>/bin/python
48# _PyFunction_Vectorcall in <CONDA_ENV_PREFIX>/bin/python
49# 0x000055C22A75EA1D in <CONDA_ENV_PREFIX>/bin/python
50# _PyObject_MakeTpCall in <CONDA_ENV_PREFIX>/bin/python
51# _PyEval_EvalFrameDefault in <CONDA_ENV_PREFIX>/bin/python
52# 0x000055C22A7E9B0D in <CONDA_ENV_PREFIX>/bin/python
53# PyEval_EvalCode in <CONDA_ENV_PREFIX>/bin/python
54# 0x000055C22A8071AA in <CONDA_ENV_PREFIX>/bin/python
55# 0x000055C22A802E33 in <CONDA_ENV_PREFIX>/bin/python
56# 0x000055C22A8183D0 in <CONDA_ENV_PREFIX>/bin/python
57# _PyRun_SimpleFileObject in <CONDA_ENV_PREFIX>/bin/python
58# _PyRun_AnyFileObject in <CONDA_ENV_PREFIX>/bin/python
59# Py_RunMain in <CONDA_ENV_PREFIX>/bin/python
60# Py_BytesMain in <CONDA_ENV_PREFIX>/bin/python
61# 0x00007FCD74392D90 in /lib/x86_64-linux-gnu/libc.so.6
62# __libc_start_main in /lib/x86_64-linux-gnu/libc.so.6
63# 0x000055C22A7D937A in <CONDA_ENV_PREFIX>/bin/python
----------
****

[21:16:25] UFFTYPER: Unrecognized atom type: S_5+6 (1)
[21:16:25] UFFTYPER: Unrecognized atom type: S_5+6 (1)
[21:16:25] 

****
Pre-condition Violation
bad params pointer
Violation occurred on line 79 in file /home/conda/feedstock_root/build_artifacts/rdkit-meta_1745736747213/work/Code/ForceField/UFF/AngleBend.cpp
Failed Expression: at2Params
----------
Stacktrace:
 0# Invar::Invariant::toString[abi:cxx11]() const in <CONDA_ENV_PREFIX>/lib/python3.11/site-packages/rdkit/../../../libRDKitRDGeneral.so.1
 1# Invar::operator<<(std::ostream&, Invar::Invariant const&) in <CONDA_ENV_PREFIX>/lib/python3.11/site-packages/rdkit/../../../libRDKitRDGeneral.so.1
 2# ForceFields::UFF::AngleBendContrib::AngleBendContrib(ForceFields::ForceField*, unsigned int, unsigned int, unsigned int, double, double, ForceFields::UFF::AtomicParams const*, ForceFields::UFF::AtomicParams const*, ForceFields::UFF::AtomicParams const*, unsigned int) in <CONDA_ENV_PREFIX>/lib/python3.11/site-packages/rdkit/ForceField/../../../../libRDKitForceField.so.1
 3# RDKit::UFF::Tools::addTrigonalBipyramidAngles(RDKit::Atom const*, RDKit::ROMol const&, int, std::vector<ForceFields::UFF::AtomicParams const*, std::allocator<ForceFields::UFF::AtomicParams const*> > const&, ForceFields::ForceField*) in <CONDA_ENV_PREFIX>/lib/python3.11/site-packages/rdkit/ForceField/../../../../libRDKitForceFieldHelpers.so.1
 4# RDKit::UFF::Tools::addAngleSpecialCases(RDKit::ROMol const&, int, std::vector<ForceFields::UFF::AtomicParams const*, std::allocator<ForceFields::UFF::AtomicParams const*> > const&, ForceFields::ForceField*) in <CONDA_ENV_PREFIX>/lib/python3.11/site-packages/rdkit/ForceField/../../../../libRDKitForceFieldHelpers.so.1
 5# RDKit::UFF::constructForceField(RDKit::ROMol&, std::vector<ForceFields::UFF::AtomicParams const*, std::allocator<ForceFields::UFF::AtomicParams const*> > const&, double, int, bool) in <CONDA_ENV_PREFIX>/lib/python3.11/site-packages/rdkit/ForceField/../../../../libRDKitForceFieldHelpers.so.1
 6# RDKit::UFF::constructForceField(RDKit::ROMol&, double, int, bool) in <CONDA_ENV_PREFIX>/lib/python3.11/site-packages/rdkit/ForceField/../../../../libRDKitForceFieldHelpers.so.1
 7# RDKit::UFFHelper(RDKit::ROMol&, int, double, int, bool) in <CONDA_ENV_PREFIX>/lib/python3.11/site-packages/rdkit/Chem/rdForceFieldHelpers.so
 8# 0x00007FCD637B403D in <CONDA_ENV_PREFIX>/lib/python3.11/site-packages/rdkit/Chem/rdForceFieldHelpers.so
 9# boost::python::objects::function::call(_object*, _object*) const in <CONDA_ENV_PREFIX>/lib/python3.11/site-packages/rdkit/../../../libboost_python311.so.1.86.0
10# 0x00007FCD6570D449 in <CONDA_ENV_PREFIX>/lib/python3.11/site-packages/rdkit/../../../libboost_python311.so.1.86.0
11# boost::python::detail::exception_handler::operator()(boost::function_n<void> const&) const in <CONDA_ENV_PREFIX>/lib/python3.11/site-packages/rdkit/../../../libboost_python311.so.1.86.0
12# 0x00007FCD6346DC04 in <CONDA_ENV_PREFIX>/lib/python3.11/site-packages/rdkit/Chem/rdSLNParse.so
13# 0x00007FCD6385B354 in <CONDA_ENV_PREFIX>/lib/python3.11/site-packages/rdkit/Chem/rdDepictor.so
14# 0x00007FCD63AF9DD4 in <CONDA_ENV_PREFIX>/lib/python3.11/site-packages/rdkit/Chem/rdChemReactions.so
15# 0x00007FCD63AF9E24 in <CONDA_ENV_PREFIX>/lib/python3.11/site-packages/rdkit/Chem/rdChemReactions.so
16# 0x00007FCD63C72B94 in <CONDA_ENV_PREFIX>/lib/python3.11/site-packages/rdkit/Chem/rdMolChemicalFeatures.so
17# 0x00007FCD646EA9B4 in <CONDA_ENV_PREFIX>/lib/python3.11/site-packages/rdkit/Chem/rdmolfiles.so
18# 0x00007FCD646EAA04 in <CONDA_ENV_PREFIX>/lib/python3.11/site-packages/rdkit/Chem/rdmolfiles.so
19# 0x00007FCD64804B04 in <CONDA_ENV_PREFIX>/lib/python3.11/site-packages/rdkit/Chem/rdCIPLabeler.so
20# 0x00007FCD651D9174 in <CONDA_ENV_PREFIX>/lib/python3.11/site-packages/rdkit/Chem/rdchem.so
21# 0x00007FCD6516DAAD in <CONDA_ENV_PREFIX>/lib/python3.11/site-packages/rdkit/Chem/rdchem.so
22# 0x00007FCD6516D6AD in <CONDA_ENV_PREFIX>/lib/python3.11/site-packages/rdkit/Chem/rdchem.so
23# 0x00007FCD6516D2AD in <CONDA_ENV_PREFIX>/lib/python3.11/site-packages/rdkit/Chem/rdchem.so
24# 0x00007FCD6516CEAD in <CONDA_ENV_PREFIX>/lib/python3.11/site-packages/rdkit/Chem/rdchem.so
25# 0x00007FCD6516CAAD in <CONDA_ENV_PREFIX>/lib/python3.11/site-packages/rdkit/Chem/rdchem.so
26# 0x00007FCD657E1E54 in <CONDA_ENV_PREFIX>/lib/python3.11/site-packages/rdkit/rdBase.so
27# 0x00007FCD657E1EA4 in <CONDA_ENV_PREFIX>/lib/python3.11/site-packages/rdkit/rdBase.so
28# 0x00007FCD657E1EF4 in <CONDA_ENV_PREFIX>/lib/python3.11/site-packages/rdkit/rdBase.so
29# 0x00007FCD657E1F44 in <CONDA_ENV_PREFIX>/lib/python3.11/site-packages/rdkit/rdBase.so
30# boost::python::handle_exception_impl(boost::function_n<void>) in <CONDA_ENV_PREFIX>/lib/python3.11/site-packages/rdkit/../../../libboost_python311.so.1.86.0
31# 0x00007FCD6570A9B3 in <CONDA_ENV_PREFIX>/lib/python3.11/site-packages/rdkit/../../../libboost_python311.so.1.86.0
32# _PyObject_MakeTpCall in <CONDA_ENV_PREFIX>/bin/python
33# _PyEval_EvalFrameDefault in <CONDA_ENV_PREFIX>/bin/python
34# _PyFunction_Vectorcall in <CONDA_ENV_PREFIX>/bin/python
35# 0x000055C22A85CC50 in <CONDA_ENV_PREFIX>/bin/python
36# 0x000055C22A772745 in <CONDA_ENV_PREFIX>/bin/python
37# 0x000055C22A7A31AA in <CONDA_ENV_PREFIX>/bin/python
38# PyObject_Vectorcall in <CONDA_ENV_PREFIX>/bin/python
39# _PyEval_EvalFrameDefault in <CONDA_ENV_PREFIX>/bin/python
40# _PyFunction_Vectorcall in <CONDA_ENV_PREFIX>/bin/python
41# _PyEval_EvalFrameDefault in <CONDA_ENV_PREFIX>/bin/python
42# _PyFunction_Vectorcall in <CONDA_ENV_PREFIX>/bin/python
43# _PyEval_EvalFrameDefault in <CONDA_ENV_PREFIX>/bin/python
44# _PyFunction_Vectorcall in <CONDA_ENV_PREFIX>/bin/python
45# 0x000055C22A75E979 in <CONDA_ENV_PREFIX>/bin/python
46# _PyObject_MakeTpCall in <CONDA_ENV_PREFIX>/bin/python
47# _PyEval_EvalFrameDefault in <CONDA_ENV_PREFIX>/bin/python
48# _PyFunction_Vectorcall in <CONDA_ENV_PREFIX>/bin/python
49# 0x000055C22A75EA1D in <CONDA_ENV_PREFIX>/bin/python
50# _PyObject_MakeTpCall in <CONDA_ENV_PREFIX>/bin/python
51# _PyEval_EvalFrameDefault in <CONDA_ENV_PREFIX>/bin/python
52# 0x000055C22A7E9B0D in <CONDA_ENV_PREFIX>/bin/python
53# PyEval_EvalCode in <CONDA_ENV_PREFIX>/bin/python
54# 0x000055C22A8071AA in <CONDA_ENV_PREFIX>/bin/python
55# 0x000055C22A802E33 in <CONDA_ENV_PREFIX>/bin/python
56# 0x000055C22A8183D0 in <CONDA_ENV_PREFIX>/bin/python
57# _PyRun_SimpleFileObject in <CONDA_ENV_PREFIX>/bin/python
58# _PyRun_AnyFileObject in <CONDA_ENV_PREFIX>/bin/python
59# Py_RunMain in <CONDA_ENV_PREFIX>/bin/python
60# Py_BytesMain in <CONDA_ENV_PREFIX>/bin/python
61# 0x00007FCD74392D90 in /lib/x86_64-linux-gnu/libc.so.6
62# __libc_start_main in /lib/x86_64-linux-gnu/libc.so.6
63# 0x000055C22A7D937A in <CONDA_ENV_PREFIX>/bin/python
----------
****

[21:16:26] UFFTYPER: Unrecognized atom type: S_5+6 (13)
[21:16:26] UFFTYPER: Unrecognized atom type: S_5+6 (13)
[21:16:26] 

****
Pre-condition Violation
bad params pointer
Violation occurred on line 79 in file /home/conda/feedstock_root/build_artifacts/rdkit-meta_1745736747213/work/Code/ForceField/UFF/AngleBend.cpp
Failed Expression: at2Params
----------
Stacktrace:
 0# Invar::Invariant::toString[abi:cxx11]() const in <CONDA_ENV_PREFIX>/lib/python3.11/site-packages/rdkit/../../../libRDKitRDGeneral.so.1
 1# Invar::operator<<(std::ostream&, Invar::Invariant const&) in <CONDA_ENV_PREFIX>/lib/python3.11/site-packages/rdkit/../../../libRDKitRDGeneral.so.1
 2# ForceFields::UFF::AngleBendContrib::AngleBendContrib(ForceFields::ForceField*, unsigned int, unsigned int, unsigned int, double, double, ForceFields::UFF::AtomicParams const*, ForceFields::UFF::AtomicParams const*, ForceFields::UFF::AtomicParams const*, unsigned int) in <CONDA_ENV_PREFIX>/lib/python3.11/site-packages/rdkit/ForceField/../../../../libRDKitForceField.so.1
 3# RDKit::UFF::Tools::addTrigonalBipyramidAngles(RDKit::Atom const*, RDKit::ROMol const&, int, std::vector<ForceFields::UFF::AtomicParams const*, std::allocator<ForceFields::UFF::AtomicParams const*> > const&, ForceFields::ForceField*) in <CONDA_ENV_PREFIX>/lib/python3.11/site-packages/rdkit/ForceField/../../../../libRDKitForceFieldHelpers.so.1
 4# RDKit::UFF::Tools::addAngleSpecialCases(RDKit::ROMol const&, int, std::vector<ForceFields::UFF::AtomicParams const*, std::allocator<ForceFields::UFF::AtomicParams const*> > const&, ForceFields::ForceField*) in <CONDA_ENV_PREFIX>/lib/python3.11/site-packages/rdkit/ForceField/../../../../libRDKitForceFieldHelpers.so.1
 5# RDKit::UFF::constructForceField(RDKit::ROMol&, std::vector<ForceFields::UFF::AtomicParams const*, std::allocator<ForceFields::UFF::AtomicParams const*> > const&, double, int, bool) in <CONDA_ENV_PREFIX>/lib/python3.11/site-packages/rdkit/ForceField/../../../../libRDKitForceFieldHelpers.so.1
 6# RDKit::UFF::constructForceField(RDKit::ROMol&, double, int, bool) in <CONDA_ENV_PREFIX>/lib/python3.11/site-packages/rdkit/ForceField/../../../../libRDKitForceFieldHelpers.so.1
 7# RDKit::UFFHelper(RDKit::ROMol&, int, double, int, bool) in <CONDA_ENV_PREFIX>/lib/python3.11/site-packages/rdkit/Chem/rdForceFieldHelpers.so
 8# 0x00007FCD637B403D in <CONDA_ENV_PREFIX>/lib/python3.11/site-packages/rdkit/Chem/rdForceFieldHelpers.so
 9# boost::python::objects::function::call(_object*, _object*) const in <CONDA_ENV_PREFIX>/lib/python3.11/site-packages/rdkit/../../../libboost_python311.so.1.86.0
10# 0x00007FCD6570D449 in <CONDA_ENV_PREFIX>/lib/python3.11/site-packages/rdkit/../../../libboost_python311.so.1.86.0
11# boost::python::detail::exception_handler::operator()(boost::function_n<void> const&) const in <CONDA_ENV_PREFIX>/lib/python3.11/site-packages/rdkit/../../../libboost_python311.so.1.86.0
12# 0x00007FCD6346DC04 in <CONDA_ENV_PREFIX>/lib/python3.11/site-packages/rdkit/Chem/rdSLNParse.so
13# 0x00007FCD6385B354 in <CONDA_ENV_PREFIX>/lib/python3.11/site-packages/rdkit/Chem/rdDepictor.so
14# 0x00007FCD63AF9DD4 in <CONDA_ENV_PREFIX>/lib/python3.11/site-packages/rdkit/Chem/rdChemReactions.so
15# 0x00007FCD63AF9E24 in <CONDA_ENV_PREFIX>/lib/python3.11/site-packages/rdkit/Chem/rdChemReactions.so
16# 0x00007FCD63C72B94 in <CONDA_ENV_PREFIX>/lib/python3.11/site-packages/rdkit/Chem/rdMolChemicalFeatures.so
17# 0x00007FCD646EA9B4 in <CONDA_ENV_PREFIX>/lib/python3.11/site-packages/rdkit/Chem/rdmolfiles.so
18# 0x00007FCD646EAA04 in <CONDA_ENV_PREFIX>/lib/python3.11/site-packages/rdkit/Chem/rdmolfiles.so
19# 0x00007FCD64804B04 in <CONDA_ENV_PREFIX>/lib/python3.11/site-packages/rdkit/Chem/rdCIPLabeler.so
20# 0x00007FCD651D9174 in <CONDA_ENV_PREFIX>/lib/python3.11/site-packages/rdkit/Chem/rdchem.so
21# 0x00007FCD6516DAAD in <CONDA_ENV_PREFIX>/lib/python3.11/site-packages/rdkit/Chem/rdchem.so
22# 0x00007FCD6516D6AD in <CONDA_ENV_PREFIX>/lib/python3.11/site-packages/rdkit/Chem/rdchem.so
23# 0x00007FCD6516D2AD in <CONDA_ENV_PREFIX>/lib/python3.11/site-packages/rdkit/Chem/rdchem.so
24# 0x00007FCD6516CEAD in <CONDA_ENV_PREFIX>/lib/python3.11/site-packages/rdkit/Chem/rdchem.so
25# 0x00007FCD6516CAAD in <CONDA_ENV_PREFIX>/lib/python3.11/site-packages/rdkit/Chem/rdchem.so
26# 0x00007FCD657E1E54 in <CONDA_ENV_PREFIX>/lib/python3.11/site-packages/rdkit/rdBase.so
27# 0x00007FCD657E1EA4 in <CONDA_ENV_PREFIX>/lib/python3.11/site-packages/rdkit/rdBase.so
28# 0x00007FCD657E1EF4 in <CONDA_ENV_PREFIX>/lib/python3.11/site-packages/rdkit/rdBase.so
29# 0x00007FCD657E1F44 in <CONDA_ENV_PREFIX>/lib/python3.11/site-packages/rdkit/rdBase.so
30# boost::python::handle_exception_impl(boost::function_n<void>) in <CONDA_ENV_PREFIX>/lib/python3.11/site-packages/rdkit/../../../libboost_python311.so.1.86.0
31# 0x00007FCD6570A9B3 in <CONDA_ENV_PREFIX>/lib/python3.11/site-packages/rdkit/../../../libboost_python311.so.1.86.0
32# _PyObject_MakeTpCall in <CONDA_ENV_PREFIX>/bin/python
33# _PyEval_EvalFrameDefault in <CONDA_ENV_PREFIX>/bin/python
34# _PyFunction_Vectorcall in <CONDA_ENV_PREFIX>/bin/python
35# 0x000055C22A85CC50 in <CONDA_ENV_PREFIX>/bin/python
36# 0x000055C22A772745 in <CONDA_ENV_PREFIX>/bin/python
37# 0x000055C22A7A31AA in <CONDA_ENV_PREFIX>/bin/python
38# PyObject_Vectorcall in <CONDA_ENV_PREFIX>/bin/python
39# _PyEval_EvalFrameDefault in <CONDA_ENV_PREFIX>/bin/python
40# _PyFunction_Vectorcall in <CONDA_ENV_PREFIX>/bin/python
41# _PyEval_EvalFrameDefault in <CONDA_ENV_PREFIX>/bin/python
42# _PyFunction_Vectorcall in <CONDA_ENV_PREFIX>/bin/python
43# _PyEval_EvalFrameDefault in <CONDA_ENV_PREFIX>/bin/python
44# _PyFunction_Vectorcall in <CONDA_ENV_PREFIX>/bin/python
45# 0x000055C22A75E979 in <CONDA_ENV_PREFIX>/bin/python
46# _PyObject_MakeTpCall in <CONDA_ENV_PREFIX>/bin/python
47# _PyEval_EvalFrameDefault in <CONDA_ENV_PREFIX>/bin/python
48# _PyFunction_Vectorcall in <CONDA_ENV_PREFIX>/bin/python
49# 0x000055C22A75EA1D in <CONDA_ENV_PREFIX>/bin/python
50# _PyObject_MakeTpCall in <CONDA_ENV_PREFIX>/bin/python
51# _PyEval_EvalFrameDefault in <CONDA_ENV_PREFIX>/bin/python
52# 0x000055C22A7E9B0D in <CONDA_ENV_PREFIX>/bin/python
53# PyEval_EvalCode in <CONDA_ENV_PREFIX>/bin/python
54# 0x000055C22A8071AA in <CONDA_ENV_PREFIX>/bin/python
55# 0x000055C22A802E33 in <CONDA_ENV_PREFIX>/bin/python
56# 0x000055C22A8183D0 in <CONDA_ENV_PREFIX>/bin/python
57# _PyRun_SimpleFileObject in <CONDA_ENV_PREFIX>/bin/python
58# _PyRun_AnyFileObject in <CONDA_ENV_PREFIX>/bin/python
59# Py_RunMain in <CONDA_ENV_PREFIX>/bin/python
60# Py_BytesMain in <CONDA_ENV_PREFIX>/bin/python
61# 0x00007FCD74392D90 in /lib/x86_64-linux-gnu/libc.so.6
62# __libc_start_main in /lib/x86_64-linux-gnu/libc.so.6
63# 0x000055C22A7D937A in <CONDA_ENV_PREFIX>/bin/python
----------
****

[21:44:12] UFFTYPER: Unrecognized atom type: S_5+6 (10)
[21:44:12] UFFTYPER: Unrecognized atom type: S_5+6 (10)
[21:44:12] 

****
Pre-condition Violation
bad params pointer
Violation occurred on line 79 in file /home/conda/feedstock_root/build_artifacts/rdkit-meta_1745736747213/work/Code/ForceField/UFF/AngleBend.cpp
Failed Expression: at2Params
----------
Stacktrace:
 0# Invar::Invariant::toString[abi:cxx11]() const in <CONDA_ENV_PREFIX>/lib/python3.11/site-packages/rdkit/../../../libRDKitRDGeneral.so.1
 1# Invar::operator<<(std::ostream&, Invar::Invariant const&) in <CONDA_ENV_PREFIX>/lib/python3.11/site-packages/rdkit/../../../libRDKitRDGeneral.so.1
 2# ForceFields::UFF::AngleBendContrib::AngleBendContrib(ForceFields::ForceField*, unsigned int, unsigned int, unsigned int, double, double, ForceFields::UFF::AtomicParams const*, ForceFields::UFF::AtomicParams const*, ForceFields::UFF::AtomicParams const*, unsigned int) in <CONDA_ENV_PREFIX>/lib/python3.11/site-packages/rdkit/ForceField/../../../../libRDKitForceField.so.1
 3# RDKit::UFF::Tools::addTrigonalBipyramidAngles(RDKit::Atom const*, RDKit::ROMol const&, int, std::vector<ForceFields::UFF::AtomicParams const*, std::allocator<ForceFields::UFF::AtomicParams const*> > const&, ForceFields::ForceField*) in <CONDA_ENV_PREFIX>/lib/python3.11/site-packages/rdkit/ForceField/../../../../libRDKitForceFieldHelpers.so.1
 4# RDKit::UFF::Tools::addAngleSpecialCases(RDKit::ROMol const&, int, std::vector<ForceFields::UFF::AtomicParams const*, std::allocator<ForceFields::UFF::AtomicParams const*> > const&, ForceFields::ForceField*) in <CONDA_ENV_PREFIX>/lib/python3.11/site-packages/rdkit/ForceField/../../../../libRDKitForceFieldHelpers.so.1
 5# RDKit::UFF::constructForceField(RDKit::ROMol&, std::vector<ForceFields::UFF::AtomicParams const*, std::allocator<ForceFields::UFF::AtomicParams const*> > const&, double, int, bool) in <CONDA_ENV_PREFIX>/lib/python3.11/site-packages/rdkit/ForceField/../../../../libRDKitForceFieldHelpers.so.1
 6# RDKit::UFF::constructForceField(RDKit::ROMol&, double, int, bool) in <CONDA_ENV_PREFIX>/lib/python3.11/site-packages/rdkit/ForceField/../../../../libRDKitForceFieldHelpers.so.1
 7# RDKit::UFFHelper(RDKit::ROMol&, int, double, int, bool) in <CONDA_ENV_PREFIX>/lib/python3.11/site-packages/rdkit/Chem/rdForceFieldHelpers.so
 8# 0x00007FCD637B403D in <CONDA_ENV_PREFIX>/lib/python3.11/site-packages/rdkit/Chem/rdForceFieldHelpers.so
 9# boost::python::objects::function::call(_object*, _object*) const in <CONDA_ENV_PREFIX>/lib/python3.11/site-packages/rdkit/../../../libboost_python311.so.1.86.0
10# 0x00007FCD6570D449 in <CONDA_ENV_PREFIX>/lib/python3.11/site-packages/rdkit/../../../libboost_python311.so.1.86.0
11# boost::python::detail::exception_handler::operator()(boost::function_n<void> const&) const in <CONDA_ENV_PREFIX>/lib/python3.11/site-packages/rdkit/../../../libboost_python311.so.1.86.0
12# 0x00007FCD6346DC04 in <CONDA_ENV_PREFIX>/lib/python3.11/site-packages/rdkit/Chem/rdSLNParse.so
13# 0x00007FCD6385B354 in <CONDA_ENV_PREFIX>/lib/python3.11/site-packages/rdkit/Chem/rdDepictor.so
14# 0x00007FCD63AF9DD4 in <CONDA_ENV_PREFIX>/lib/python3.11/site-packages/rdkit/Chem/rdChemReactions.so
15# 0x00007FCD63AF9E24 in <CONDA_ENV_PREFIX>/lib/python3.11/site-packages/rdkit/Chem/rdChemReactions.so
16# 0x00007FCD63C72B94 in <CONDA_ENV_PREFIX>/lib/python3.11/site-packages/rdkit/Chem/rdMolChemicalFeatures.so
17# 0x00007FCD646EA9B4 in <CONDA_ENV_PREFIX>/lib/python3.11/site-packages/rdkit/Chem/rdmolfiles.so
18# 0x00007FCD646EAA04 in <CONDA_ENV_PREFIX>/lib/python3.11/site-packages/rdkit/Chem/rdmolfiles.so
19# 0x00007FCD64804B04 in <CONDA_ENV_PREFIX>/lib/python3.11/site-packages/rdkit/Chem/rdCIPLabeler.so
20# 0x00007FCD651D9174 in <CONDA_ENV_PREFIX>/lib/python3.11/site-packages/rdkit/Chem/rdchem.so
21# 0x00007FCD6516DAAD in <CONDA_ENV_PREFIX>/lib/python3.11/site-packages/rdkit/Chem/rdchem.so
22# 0x00007FCD6516D6AD in <CONDA_ENV_PREFIX>/lib/python3.11/site-packages/rdkit/Chem/rdchem.so
23# 0x00007FCD6516D2AD in <CONDA_ENV_PREFIX>/lib/python3.11/site-packages/rdkit/Chem/rdchem.so
24# 0x00007FCD6516CEAD in <CONDA_ENV_PREFIX>/lib/python3.11/site-packages/rdkit/Chem/rdchem.so
25# 0x00007FCD6516CAAD in <CONDA_ENV_PREFIX>/lib/python3.11/site-packages/rdkit/Chem/rdchem.so
26# 0x00007FCD657E1E54 in <CONDA_ENV_PREFIX>/lib/python3.11/site-packages/rdkit/rdBase.so
27# 0x00007FCD657E1EA4 in <CONDA_ENV_PREFIX>/lib/python3.11/site-packages/rdkit/rdBase.so
28# 0x00007FCD657E1EF4 in <CONDA_ENV_PREFIX>/lib/python3.11/site-packages/rdkit/rdBase.so
29# 0x00007FCD657E1F44 in <CONDA_ENV_PREFIX>/lib/python3.11/site-packages/rdkit/rdBase.so
30# boost::python::handle_exception_impl(boost::function_n<void>) in <CONDA_ENV_PREFIX>/lib/python3.11/site-packages/rdkit/../../../libboost_python311.so.1.86.0
31# 0x00007FCD6570A9B3 in <CONDA_ENV_PREFIX>/lib/python3.11/site-packages/rdkit/../../../libboost_python311.so.1.86.0
32# _PyObject_MakeTpCall in <CONDA_ENV_PREFIX>/bin/python
33# _PyEval_EvalFrameDefault in <CONDA_ENV_PREFIX>/bin/python
34# _PyFunction_Vectorcall in <CONDA_ENV_PREFIX>/bin/python
35# 0x000055C22A85CC50 in <CONDA_ENV_PREFIX>/bin/python
36# 0x000055C22A772745 in <CONDA_ENV_PREFIX>/bin/python
37# 0x000055C22A7A31AA in <CONDA_ENV_PREFIX>/bin/python
38# PyObject_Vectorcall in <CONDA_ENV_PREFIX>/bin/python
39# _PyEval_EvalFrameDefault in <CONDA_ENV_PREFIX>/bin/python
40# _PyFunction_Vectorcall in <CONDA_ENV_PREFIX>/bin/python
41# _PyEval_EvalFrameDefault in <CONDA_ENV_PREFIX>/bin/python
42# _PyFunction_Vectorcall in <CONDA_ENV_PREFIX>/bin/python
43# _PyEval_EvalFrameDefault in <CONDA_ENV_PREFIX>/bin/python
44# _PyFunction_Vectorcall in <CONDA_ENV_PREFIX>/bin/python
45# 0x000055C22A75E979 in <CONDA_ENV_PREFIX>/bin/python
46# _PyObject_MakeTpCall in <CONDA_ENV_PREFIX>/bin/python
47# _PyEval_EvalFrameDefault in <CONDA_ENV_PREFIX>/bin/python
48# _PyFunction_Vectorcall in <CONDA_ENV_PREFIX>/bin/python
49# 0x000055C22A75EA1D in <CONDA_ENV_PREFIX>/bin/python
50# _PyObject_MakeTpCall in <CONDA_ENV_PREFIX>/bin/python
51# _PyEval_EvalFrameDefault in <CONDA_ENV_PREFIX>/bin/python
52# 0x000055C22A7E9B0D in <CONDA_ENV_PREFIX>/bin/python
53# PyEval_EvalCode in <CONDA_ENV_PREFIX>/bin/python
54# 0x000055C22A8071AA in <CONDA_ENV_PREFIX>/bin/python
55# 0x000055C22A802E33 in <CONDA_ENV_PREFIX>/bin/python
56# 0x000055C22A8183D0 in <CONDA_ENV_PREFIX>/bin/python
57# _PyRun_SimpleFileObject in <CONDA_ENV_PREFIX>/bin/python
58# _PyRun_AnyFileObject in <CONDA_ENV_PREFIX>/bin/python
59# Py_RunMain in <CONDA_ENV_PREFIX>/bin/python
60# Py_BytesMain in <CONDA_ENV_PREFIX>/bin/python
61# 0x00007FCD74392D90 in /lib/x86_64-linux-gnu/libc.so.6
62# __libc_start_main in /lib/x86_64-linux-gnu/libc.so.6
63# 0x000055C22A7D937A in <CONDA_ENV_PREFIX>/bin/python
----------
****

[21:44:12] UFFTYPER: Unrecognized atom type: S_5+6 (11)
[21:44:12] UFFTYPER: Unrecognized atom type: S_5+6 (11)
[21:44:12] 

****
Pre-condition Violation
bad params pointer
Violation occurred on line 79 in file /home/conda/feedstock_root/build_artifacts/rdkit-meta_1745736747213/work/Code/ForceField/UFF/AngleBend.cpp
Failed Expression: at2Params
----------
Stacktrace:
 0# Invar::Invariant::toString[abi:cxx11]() const in <CONDA_ENV_PREFIX>/lib/python3.11/site-packages/rdkit/../../../libRDKitRDGeneral.so.1
 1# Invar::operator<<(std::ostream&, Invar::Invariant const&) in <CONDA_ENV_PREFIX>/lib/python3.11/site-packages/rdkit/../../../libRDKitRDGeneral.so.1
 2# ForceFields::UFF::AngleBendContrib::AngleBendContrib(ForceFields::ForceField*, unsigned int, unsigned int, unsigned int, double, double, ForceFields::UFF::AtomicParams const*, ForceFields::UFF::AtomicParams const*, ForceFields::UFF::AtomicParams const*, unsigned int) in <CONDA_ENV_PREFIX>/lib/python3.11/site-packages/rdkit/ForceField/../../../../libRDKitForceField.so.1
 3# RDKit::UFF::Tools::addTrigonalBipyramidAngles(RDKit::Atom const*, RDKit::ROMol const&, int, std::vector<ForceFields::UFF::AtomicParams const*, std::allocator<ForceFields::UFF::AtomicParams const*> > const&, ForceFields::ForceField*) in <CONDA_ENV_PREFIX>/lib/python3.11/site-packages/rdkit/ForceField/../../../../libRDKitForceFieldHelpers.so.1
 4# RDKit::UFF::Tools::addAngleSpecialCases(RDKit::ROMol const&, int, std::vector<ForceFields::UFF::AtomicParams const*, std::allocator<ForceFields::UFF::AtomicParams const*> > const&, ForceFields::ForceField*) in <CONDA_ENV_PREFIX>/lib/python3.11/site-packages/rdkit/ForceField/../../../../libRDKitForceFieldHelpers.so.1
 5# RDKit::UFF::constructForceField(RDKit::ROMol&, std::vector<ForceFields::UFF::AtomicParams const*, std::allocator<ForceFields::UFF::AtomicParams const*> > const&, double, int, bool) in <CONDA_ENV_PREFIX>/lib/python3.11/site-packages/rdkit/ForceField/../../../../libRDKitForceFieldHelpers.so.1
 6# RDKit::UFF::constructForceField(RDKit::ROMol&, double, int, bool) in <CONDA_ENV_PREFIX>/lib/python3.11/site-packages/rdkit/ForceField/../../../../libRDKitForceFieldHelpers.so.1
 7# RDKit::UFFHelper(RDKit::ROMol&, int, double, int, bool) in <CONDA_ENV_PREFIX>/lib/python3.11/site-packages/rdkit/Chem/rdForceFieldHelpers.so
 8# 0x00007FCD637B403D in <CONDA_ENV_PREFIX>/lib/python3.11/site-packages/rdkit/Chem/rdForceFieldHelpers.so
 9# boost::python::objects::function::call(_object*, _object*) const in <CONDA_ENV_PREFIX>/lib/python3.11/site-packages/rdkit/../../../libboost_python311.so.1.86.0
10# 0x00007FCD6570D449 in <CONDA_ENV_PREFIX>/lib/python3.11/site-packages/rdkit/../../../libboost_python311.so.1.86.0
11# boost::python::detail::exception_handler::operator()(boost::function_n<void> const&) const in <CONDA_ENV_PREFIX>/lib/python3.11/site-packages/rdkit/../../../libboost_python311.so.1.86.0
12# 0x00007FCD6346DC04 in <CONDA_ENV_PREFIX>/lib/python3.11/site-packages/rdkit/Chem/rdSLNParse.so
13# 0x00007FCD6385B354 in <CONDA_ENV_PREFIX>/lib/python3.11/site-packages/rdkit/Chem/rdDepictor.so
14# 0x00007FCD63AF9DD4 in <CONDA_ENV_PREFIX>/lib/python3.11/site-packages/rdkit/Chem/rdChemReactions.so
15# 0x00007FCD63AF9E24 in <CONDA_ENV_PREFIX>/lib/python3.11/site-packages/rdkit/Chem/rdChemReactions.so
16# 0x00007FCD63C72B94 in <CONDA_ENV_PREFIX>/lib/python3.11/site-packages/rdkit/Chem/rdMolChemicalFeatures.so
17# 0x00007FCD646EA9B4 in <CONDA_ENV_PREFIX>/lib/python3.11/site-packages/rdkit/Chem/rdmolfiles.so
18# 0x00007FCD646EAA04 in <CONDA_ENV_PREFIX>/lib/python3.11/site-packages/rdkit/Chem/rdmolfiles.so
19# 0x00007FCD64804B04 in <CONDA_ENV_PREFIX>/lib/python3.11/site-packages/rdkit/Chem/rdCIPLabeler.so
20# 0x00007FCD651D9174 in <CONDA_ENV_PREFIX>/lib/python3.11/site-packages/rdkit/Chem/rdchem.so
21# 0x00007FCD6516DAAD in <CONDA_ENV_PREFIX>/lib/python3.11/site-packages/rdkit/Chem/rdchem.so
22# 0x00007FCD6516D6AD in <CONDA_ENV_PREFIX>/lib/python3.11/site-packages/rdkit/Chem/rdchem.so
23# 0x00007FCD6516D2AD in <CONDA_ENV_PREFIX>/lib/python3.11/site-packages/rdkit/Chem/rdchem.so
24# 0x00007FCD6516CEAD in <CONDA_ENV_PREFIX>/lib/python3.11/site-packages/rdkit/Chem/rdchem.so
25# 0x00007FCD6516CAAD in <CONDA_ENV_PREFIX>/lib/python3.11/site-packages/rdkit/Chem/rdchem.so
26# 0x00007FCD657E1E54 in <CONDA_ENV_PREFIX>/lib/python3.11/site-packages/rdkit/rdBase.so
27# 0x00007FCD657E1EA4 in <CONDA_ENV_PREFIX>/lib/python3.11/site-packages/rdkit/rdBase.so
28# 0x00007FCD657E1EF4 in <CONDA_ENV_PREFIX>/lib/python3.11/site-packages/rdkit/rdBase.so
29# 0x00007FCD657E1F44 in <CONDA_ENV_PREFIX>/lib/python3.11/site-packages/rdkit/rdBase.so
30# boost::python::handle_exception_impl(boost::function_n<void>) in <CONDA_ENV_PREFIX>/lib/python3.11/site-packages/rdkit/../../../libboost_python311.so.1.86.0
31# 0x00007FCD6570A9B3 in <CONDA_ENV_PREFIX>/lib/python3.11/site-packages/rdkit/../../../libboost_python311.so.1.86.0
32# _PyObject_MakeTpCall in <CONDA_ENV_PREFIX>/bin/python
33# _PyEval_EvalFrameDefault in <CONDA_ENV_PREFIX>/bin/python
34# _PyFunction_Vectorcall in <CONDA_ENV_PREFIX>/bin/python
35# 0x000055C22A85CC50 in <CONDA_ENV_PREFIX>/bin/python
36# 0x000055C22A772745 in <CONDA_ENV_PREFIX>/bin/python
37# 0x000055C22A7A31AA in <CONDA_ENV_PREFIX>/bin/python
38# PyObject_Vectorcall in <CONDA_ENV_PREFIX>/bin/python
39# _PyEval_EvalFrameDefault in <CONDA_ENV_PREFIX>/bin/python
40# _PyFunction_Vectorcall in <CONDA_ENV_PREFIX>/bin/python
41# _PyEval_EvalFrameDefault in <CONDA_ENV_PREFIX>/bin/python
42# _PyFunction_Vectorcall in <CONDA_ENV_PREFIX>/bin/python
43# _PyEval_EvalFrameDefault in <CONDA_ENV_PREFIX>/bin/python
44# _PyFunction_Vectorcall in <CONDA_ENV_PREFIX>/bin/python
45# 0x000055C22A75E979 in <CONDA_ENV_PREFIX>/bin/python
46# _PyObject_MakeTpCall in <CONDA_ENV_PREFIX>/bin/python
47# _PyEval_EvalFrameDefault in <CONDA_ENV_PREFIX>/bin/python
48# _PyFunction_Vectorcall in <CONDA_ENV_PREFIX>/bin/python
49# 0x000055C22A75EA1D in <CONDA_ENV_PREFIX>/bin/python
50# _PyObject_MakeTpCall in <CONDA_ENV_PREFIX>/bin/python
51# _PyEval_EvalFrameDefault in <CONDA_ENV_PREFIX>/bin/python
52# 0x000055C22A7E9B0D in <CONDA_ENV_PREFIX>/bin/python
53# PyEval_EvalCode in <CONDA_ENV_PREFIX>/bin/python
54# 0x000055C22A8071AA in <CONDA_ENV_PREFIX>/bin/python
55# 0x000055C22A802E33 in <CONDA_ENV_PREFIX>/bin/python
56# 0x000055C22A8183D0 in <CONDA_ENV_PREFIX>/bin/python
57# _PyRun_SimpleFileObject in <CONDA_ENV_PREFIX>/bin/python
58# _PyRun_AnyFileObject in <CONDA_ENV_PREFIX>/bin/python
59# Py_RunMain in <CONDA_ENV_PREFIX>/bin/python
60# Py_BytesMain in <CONDA_ENV_PREFIX>/bin/python
61# 0x00007FCD74392D90 in /lib/x86_64-linux-gnu/libc.so.6
62# __libc_start_main in /lib/x86_64-linux-gnu/libc.so.6
63# 0x000055C22A7D937A in <CONDA_ENV_PREFIX>/bin/python
----------
****

[21:44:13] UFFTYPER: Unrecognized atom type: S_5+6 (9)
[21:44:13] UFFTYPER: Unrecognized atom type: S_5+6 (9)
[21:44:13] 

****
[21:44:13] UFFTYPER: Unrecognized atom type: S_5+6 (12)
Pre-condition Violation
bad params pointer
Violation occurred on line 79 in file /home/conda/feedstock_root/build_artifacts/rdkit-meta_1745736747213/work/Code/ForceField/UFF/AngleBend.cpp
Failed Expression: at2Params
----------
Stacktrace:
 0# Invar::Invariant::toString[abi:cxx11]() const in <CONDA_ENV_PREFIX>/lib/python3.11/site-packages/rdkit/../../../libRDKitRDGeneral.so.1
 1# Invar::operator<<(std::ostream&, Invar::Invariant const&) in <CONDA_ENV_PREFIX>/lib/python3.11/site-packages/rdkit/../../../libRDKitRDGeneral.so.1
 2# ForceFields::UFF::AngleBendContrib::AngleBendContrib(ForceFields::ForceField*, unsigned int, unsigned int, unsigned int, double, double, ForceFields::UFF::AtomicParams const*, ForceFields::UFF::AtomicParams const*, ForceFields::UFF::AtomicParams const*, unsigned int) in <CONDA_ENV_PREFIX>/lib/python3.11/site-packages/rdkit/ForceField/../../../../libRDKitForceField.so.1
 3# RDKit::UFF::Tools::addTrigonalBipyramidAngles(RDKit::Atom const*, RDKit::ROMol const&, int, std::vector<ForceFields::UFF::AtomicParams const*, std::allocator<ForceFields::UFF::AtomicParams const*> > const&, ForceFields::ForceField*) in <CONDA_ENV_PREFIX>/lib/python3.11/site-packages/rdkit/ForceField/../../../../libRDKitForceFieldHelpers.so.1
 4# RDKit::UFF::Tools::addAngleSpecialCases(RDKit::ROMol const&, int, std::vector<ForceFields::UFF::AtomicParams const*, std::allocator<ForceFields::UFF::AtomicParams const*> > const&, ForceFields::ForceField*) in <CONDA_ENV_PREFIX>/lib/python3.11/site-packages/rdkit/ForceField/../../../../libRDKitForceFieldHelpers.so.1
 5# RDKit::UFF::constructForceField(RDKit::ROMol&, std::vector<ForceFields::UFF::AtomicParams const*, std::allocator<ForceFields::UFF::AtomicParams const*> > const&, double, int, bool) in <CONDA_ENV_PREFIX>/lib/python3.11/site-packages/rdkit/ForceField/../../../../libRDKitForceFieldHelpers.so.1
 6# RDKit::UFF::constructForceField(RDKit::ROMol&, double, int, bool) in <CONDA_ENV_PREFIX>/lib/python3.11/site-packages/rdkit/ForceField/../../../../libRDKitForceFieldHelpers.so.1
 7# RDKit::UFFHelper(RDKit::ROMol&, int, double, int, bool) in <CONDA_ENV_PREFIX>/lib/python3.11/site-packages/rdkit/Chem/rdForceFieldHelpers.so
 8# 0x00007FCD637B403D in <CONDA_ENV_PREFIX>/lib/python3.11/site-packages/rdkit/Chem/rdForceFieldHelpers.so
 9# boost::python::objects::function::call(_object*, _object*) const in <CONDA_ENV_PREFIX>/lib/python3.11/site-packages/rdkit/../../../libboost_python311.so.1.86.0
10# 0x00007FCD6570D449 in <CONDA_ENV_PREFIX>/lib/python3.11/site-packages/rdkit/../../../libboost_python311.so.1.86.0
11# boost::python::detail::exception_handler::operator()(boost::function_n<void> const&) const in <CONDA_ENV_PREFIX>/lib/python3.11/site-packages/rdkit/../../../libboost_python311.so.1.86.0
12# 0x00007FCD6346DC04 in <CONDA_ENV_PREFIX>/lib/python3.11/site-packages/rdkit/Chem/rdSLNParse.so
13# 0x00007FCD6385B354 in <CONDA_ENV_PREFIX>/lib/python3.11/site-packages/rdkit/Chem/rdDepictor.so
14# 0x00007FCD63AF9DD4 in <CONDA_ENV_PREFIX>/lib/python3.11/site-packages/rdkit/Chem/rdChemReactions.so
15# 0x00007FCD63AF9E24 in <CONDA_ENV_PREFIX>/lib/python3.11/site-packages/rdkit/Chem/rdChemReactions.so
16# 0x00007FCD63C72B94 in <CONDA_ENV_PREFIX>/lib/python3.11/site-packages/rdkit/Chem/rdMolChemicalFeatures.so
17# 0x00007FCD646EA9B4 in <CONDA_ENV_PREFIX>/lib/python3.11/site-packages/rdkit/Chem/rdmolfiles.so
18# 0x00007FCD646EAA04 in <CONDA_ENV_PREFIX>/lib/python3.11/site-packages/rdkit/Chem/rdmolfiles.so
19# 0x00007FCD64804B04 in <CONDA_ENV_PREFIX>/lib/python3.11/site-packages/rdkit/Chem/rdCIPLabeler.so
20# 0x00007FCD651D9174 in <CONDA_ENV_PREFIX>/lib/python3.11/site-packages/rdkit/Chem/rdchem.so
21# 0x00007FCD6516DAAD in <CONDA_ENV_PREFIX>/lib/python3.11/site-packages/rdkit/Chem/rdchem.so
22# 0x00007FCD6516D6AD in <CONDA_ENV_PREFIX>/lib/python3.11/site-packages/rdkit/Chem/rdchem.so
23# 0x00007FCD6516D2AD in <CONDA_ENV_PREFIX>/lib/python3.11/site-packages/rdkit/Chem/rdchem.so
24# 0x00007FCD6516CEAD in <CONDA_ENV_PREFIX>/lib/python3.11/site-packages/rdkit/Chem/rdchem.so
25# 0x00007FCD6516CAAD in <CONDA_ENV_PREFIX>/lib/python3.11/site-packages/rdkit/Chem/rdchem.so
26# 0x00007FCD657E1E54 in <CONDA_ENV_PREFIX>/lib/python3.11/site-packages/rdkit/rdBase.so
27# 0x00007FCD657E1EA4 in <CONDA_ENV_PREFIX>/lib/python3.11/site-packages/rdkit/rdBase.so
28# 0x00007FCD657E1EF4 in <CONDA_ENV_PREFIX>/lib/python3.11/site-packages/rdkit/rdBase.so
29# 0x00007FCD657E1F44 in <CONDA_ENV_PREFIX>/lib/python3.11/site-packages/rdkit/rdBase.so
30# boost::python::handle_exception_impl(boost::function_n<void>) in <CONDA_ENV_PREFIX>/lib/python3.11/site-packages/rdkit/../../../libboost_python311.so.1.86.0
31# 0x00007FCD6570A9B3 in <CONDA_ENV_PREFIX>/lib/python3.11/site-packages/rdkit/../../../libboost_python311.so.1.86.0
32# _PyObject_MakeTpCall in <CONDA_ENV_PREFIX>/bin/python
33# _PyEval_EvalFrameDefault in <CONDA_ENV_PREFIX>/bin/python
34# _PyFunction_Vectorcall in <CONDA_ENV_PREFIX>/bin/python
35# 0x000055C22A85CC50 in <CONDA_ENV_PREFIX>/bin/python
36# 0x000055C22A772745 in <CONDA_ENV_PREFIX>/bin/python
37# 0x000055C22A7A31AA in <CONDA_ENV_PREFIX>/bin/python
38# PyObject_Vectorcall in <CONDA_ENV_PREFIX>/bin/python
39# _PyEval_EvalFrameDefault in <CONDA_ENV_PREFIX>/bin/python
40# _PyFunction_Vectorcall in <CONDA_ENV_PREFIX>/bin/python
41# _PyEval_EvalFrameDefault in <CONDA_ENV_PREFIX>/bin/python
42# _PyFunction_Vectorcall in <CONDA_ENV_PREFIX>/bin/python
43# _PyEval_EvalFrameDefault in <CONDA_ENV_PREFIX>/bin/python
44# _PyFunction_Vectorcall in <CONDA_ENV_PREFIX>/bin/python
45# 0x000055C22A75E979 in <CONDA_ENV_PREFIX>/bin/python
46# _PyObject_MakeTpCall in <CONDA_ENV_PREFIX>/bin/python
47# _PyEval_EvalFrameDefault in <CONDA_ENV_PREFIX>/bin/python
48# _PyFunction_Vectorcall in <CONDA_ENV_PREFIX>/bin/python
49# 0x000055C22A75EA1D in <CONDA_ENV_PREFIX>/bin/python
50# _PyObject_MakeTpCall in <CONDA_ENV_PREFIX>/bin/python
51# _PyEval_EvalFrameDefault in <CONDA_ENV_PREFIX>/bin/python
52# 0x000055C22A7E9B0D in <CONDA_ENV_PREFIX>/bin/python
53# PyEval_EvalCode in <CONDA_ENV_PREFIX>/bin/python
54# 0x000055C22A8071AA in <CONDA_ENV_PREFIX>/bin/python
55# 0x000055C22A802E33 in <CONDA_ENV_PREFIX>/bin/python
56# 0x000055C22A8183D0 in <CONDA_ENV_PREFIX>/bin/python
57# _PyRun_SimpleFileObject in <CONDA_ENV_PREFIX>/bin/python
58# _PyRun_AnyFileObject in <CONDA_ENV_PREFIX>/bin/python
59# Py_RunMain in <CONDA_ENV_PREFIX>/bin/python
60# Py_BytesMain in <CONDA_ENV_PREFIX>/bin/python
61# 0x00007FCD74392D90 in /lib/x86_64-linux-gnu/libc.so.6
62# __libc_start_main in /lib/x86_64-linux-gnu/libc.so.6
63# 0x000055C22A7D937A in <CONDA_ENV_PREFIX>/bin/python
----------
****

[21:44:13] UFFTYPER: Unrecognized atom type: S_5+6 (12)
[21:44:13] 

****
Pre-condition Violation
bad params pointer
Violation occurred on line 79 in file /home/conda/feedstock_root/build_artifacts/rdkit-meta_1745736747213/work/Code/ForceField/UFF/AngleBend.cpp
Failed Expression: at2Params
----------
Stacktrace:
 0# Invar::Invariant::toString[abi:cxx11]() const in <CONDA_ENV_PREFIX>/lib/python3.11/site-packages/rdkit/../../../libRDKitRDGeneral.so.1
 1# Invar::operator<<(std::ostream&, Invar::Invariant const&) in <CONDA_ENV_PREFIX>/lib/python3.11/site-packages/rdkit/../../../libRDKitRDGeneral.so.1
 2# ForceFields::UFF::AngleBendContrib::AngleBendContrib(ForceFields::ForceField*, unsigned int, unsigned int, unsigned int, double, double, ForceFields::UFF::AtomicParams const*, ForceFields::UFF::AtomicParams const*, ForceFields::UFF::AtomicParams const*, unsigned int) in <CONDA_ENV_PREFIX>/lib/python3.11/site-packages/rdkit/ForceField/../../../../libRDKitForceField.so.1
 3# RDKit::UFF::Tools::addTrigonalBipyramidAngles(RDKit::Atom const*, RDKit::ROMol const&, int, std::vector<ForceFields::UFF::AtomicParams const*, std::allocator<ForceFields::UFF::AtomicParams const*> > const&, ForceFields::ForceField*) in <CONDA_ENV_PREFIX>/lib/python3.11/site-packages/rdkit/ForceField/../../../../libRDKitForceFieldHelpers.so.1
 4# RDKit::UFF::Tools::addAngleSpecialCases(RDKit::ROMol const&, int, std::vector<ForceFields::UFF::AtomicParams const*, std::allocator<ForceFields::UFF::AtomicParams const*> > const&, ForceFields::ForceField*) in <CONDA_ENV_PREFIX>/lib/python3.11/site-packages/rdkit/ForceField/../../../../libRDKitForceFieldHelpers.so.1
 5# RDKit::UFF::constructForceField(RDKit::ROMol&, std::vector<ForceFields::UFF::AtomicParams const*, std::allocator<ForceFields::UFF::AtomicParams const*> > const&, double, int, bool) in <CONDA_ENV_PREFIX>/lib/python3.11/site-packages/rdkit/ForceField/../../../../libRDKitForceFieldHelpers.so.1
 6# RDKit::UFF::constructForceField(RDKit::ROMol&, double, int, bool) in <CONDA_ENV_PREFIX>/lib/python3.11/site-packages/rdkit/ForceField/../../../../libRDKitForceFieldHelpers.so.1
 7# RDKit::UFFHelper(RDKit::ROMol&, int, double, int, bool) in <CONDA_ENV_PREFIX>/lib/python3.11/site-packages/rdkit/Chem/rdForceFieldHelpers.so
 8# 0x00007FCD637B403D in <CONDA_ENV_PREFIX>/lib/python3.11/site-packages/rdkit/Chem/rdForceFieldHelpers.so
 9# boost::python::objects::function::call(_object*, _object*) const in <CONDA_ENV_PREFIX>/lib/python3.11/site-packages/rdkit/../../../libboost_python311.so.1.86.0
10# 0x00007FCD6570D449 in <CONDA_ENV_PREFIX>/lib/python3.11/site-packages/rdkit/../../../libboost_python311.so.1.86.0
11# boost::python::detail::exception_handler::operator()(boost::function_n<void> const&) const in <CONDA_ENV_PREFIX>/lib/python3.11/site-packages/rdkit/../../../libboost_python311.so.1.86.0
12# 0x00007FCD6346DC04 in <CONDA_ENV_PREFIX>/lib/python3.11/site-packages/rdkit/Chem/rdSLNParse.so
13# 0x00007FCD6385B354 in <CONDA_ENV_PREFIX>/lib/python3.11/site-packages/rdkit/Chem/rdDepictor.so
14# 0x00007FCD63AF9DD4 in <CONDA_ENV_PREFIX>/lib/python3.11/site-packages/rdkit/Chem/rdChemReactions.so
15# 0x00007FCD63AF9E24 in <CONDA_ENV_PREFIX>/lib/python3.11/site-packages/rdkit/Chem/rdChemReactions.so
16# 0x00007FCD63C72B94 in <CONDA_ENV_PREFIX>/lib/python3.11/site-packages/rdkit/Chem/rdMolChemicalFeatures.so
17# 0x00007FCD646EA9B4 in <CONDA_ENV_PREFIX>/lib/python3.11/site-packages/rdkit/Chem/rdmolfiles.so
18# 0x00007FCD646EAA04 in <CONDA_ENV_PREFIX>/lib/python3.11/site-packages/rdkit/Chem/rdmolfiles.so
19# 0x00007FCD64804B04 in <CONDA_ENV_PREFIX>/lib/python3.11/site-packages/rdkit/Chem/rdCIPLabeler.so
20# 0x00007FCD651D9174 in <CONDA_ENV_PREFIX>/lib/python3.11/site-packages/rdkit/Chem/rdchem.so
21# 0x00007FCD6516DAAD in <CONDA_ENV_PREFIX>/lib/python3.11/site-packages/rdkit/Chem/rdchem.so
22# 0x00007FCD6516D6AD in <CONDA_ENV_PREFIX>/lib/python3.11/site-packages/rdkit/Chem/rdchem.so
23# 0x00007FCD6516D2AD in <CONDA_ENV_PREFIX>/lib/python3.11/site-packages/rdkit/Chem/rdchem.so
24# 0x00007FCD6516CEAD in <CONDA_ENV_PREFIX>/lib/python3.11/site-packages/rdkit/Chem/rdchem.so
25# 0x00007FCD6516CAAD in <CONDA_ENV_PREFIX>/lib/python3.11/site-packages/rdkit/Chem/rdchem.so
26# 0x00007FCD657E1E54 in <CONDA_ENV_PREFIX>/lib/python3.11/site-packages/rdkit/rdBase.so
27# 0x00007FCD657E1EA4 in <CONDA_ENV_PREFIX>/lib/python3.11/site-packages/rdkit/rdBase.so
28# 0x00007FCD657E1EF4 in <CONDA_ENV_PREFIX>/lib/python3.11/site-packages/rdkit/rdBase.so
29# 0x00007FCD657E1F44 in <CONDA_ENV_PREFIX>/lib/python3.11/site-packages/rdkit/rdBase.so
30# boost::python::handle_exception_impl(boost::function_n<void>) in <CONDA_ENV_PREFIX>/lib/python3.11/site-packages/rdkit/../../../libboost_python311.so.1.86.0
31# 0x00007FCD6570A9B3 in <CONDA_ENV_PREFIX>/lib/python3.11/site-packages/rdkit/../../../libboost_python311.so.1.86.0
32# _PyObject_MakeTpCall in <CONDA_ENV_PREFIX>/bin/python
33# _PyEval_EvalFrameDefault in <CONDA_ENV_PREFIX>/bin/python
34# _PyFunction_Vectorcall in <CONDA_ENV_PREFIX>/bin/python
35# 0x000055C22A85CC50 in <CONDA_ENV_PREFIX>/bin/python
36# 0x000055C22A772745 in <CONDA_ENV_PREFIX>/bin/python
37# 0x000055C22A7A31AA in <CONDA_ENV_PREFIX>/bin/python
38# PyObject_Vectorcall in <CONDA_ENV_PREFIX>/bin/python
39# _PyEval_EvalFrameDefault in <CONDA_ENV_PREFIX>/bin/python
40# _PyFunction_Vectorcall in <CONDA_ENV_PREFIX>/bin/python
41# _PyEval_EvalFrameDefault in <CONDA_ENV_PREFIX>/bin/python
42# _PyFunction_Vectorcall in <CONDA_ENV_PREFIX>/bin/python
43# _PyEval_EvalFrameDefault in <CONDA_ENV_PREFIX>/bin/python
44# _PyFunction_Vectorcall in <CONDA_ENV_PREFIX>/bin/python
45# 0x000055C22A75E979 in <CONDA_ENV_PREFIX>/bin/python
46# _PyObject_MakeTpCall in <CONDA_ENV_PREFIX>/bin/python
47# _PyEval_EvalFrameDefault in <CONDA_ENV_PREFIX>/bin/python
48# _PyFunction_Vectorcall in <CONDA_ENV_PREFIX>/bin/python
49# 0x000055C22A75EA1D in <CONDA_ENV_PREFIX>/bin/python
50# _PyObject_MakeTpCall in <CONDA_ENV_PREFIX>/bin/python
51# _PyEval_EvalFrameDefault in <CONDA_ENV_PREFIX>/bin/python
52# 0x000055C22A7E9B0D in <CONDA_ENV_PREFIX>/bin/python
53# PyEval_EvalCode in <CONDA_ENV_PREFIX>/bin/python
54# 0x000055C22A8071AA in <CONDA_ENV_PREFIX>/bin/python
55# 0x000055C22A802E33 in <CONDA_ENV_PREFIX>/bin/python
56# 0x000055C22A8183D0 in <CONDA_ENV_PREFIX>/bin/python
57# _PyRun_SimpleFileObject in <CONDA_ENV_PREFIX>/bin/python
58# _PyRun_AnyFileObject in <CONDA_ENV_PREFIX>/bin/python
59# Py_RunMain in <CONDA_ENV_PREFIX>/bin/python
60# Py_BytesMain in <CONDA_ENV_PREFIX>/bin/python
61# 0x00007FCD74392D90 in /lib/x86_64-linux-gnu/libc.so.6
62# __libc_start_main in /lib/x86_64-linux-gnu/libc.so.6
63# 0x000055C22A7D937A in <CONDA_ENV_PREFIX>/bin/python
----------
****

[21:44:14] UFFTYPER: Unrecognized atom type: S_5+6 (9)
[21:44:14] UFFTYPER: Unrecognized atom type: S_5+6 (9)
[21:44:14] 

****
Pre-condition Violation
bad params pointer
Violation occurred on line 79 in file /home/conda/feedstock_root/build_artifacts/rdkit-meta_1745736747213/work/Code/ForceField/UFF/AngleBend.cpp
Failed Expression: at2Params
----------
Stacktrace:
 0# Invar::Invariant::toString[abi:cxx11]() const in <CONDA_ENV_PREFIX>/lib/python3.11/site-packages/rdkit/../../../libRDKitRDGeneral.so.1
 1# Invar::operator<<(std::ostream&, Invar::Invariant const&) in <CONDA_ENV_PREFIX>/lib/python3.11/site-packages/rdkit/../../../libRDKitRDGeneral.so.1
 2# ForceFields::UFF::AngleBendContrib::AngleBendContrib(ForceFields::ForceField*, unsigned int, unsigned int, unsigned int, double, double, ForceFields::UFF::AtomicParams const*, ForceFields::UFF::AtomicParams const*, ForceFields::UFF::AtomicParams const*, unsigned int) in <CONDA_ENV_PREFIX>/lib/python3.11/site-packages/rdkit/ForceField/../../../../libRDKitForceField.so.1
 3# RDKit::UFF::Tools::addTrigonalBipyramidAngles(RDKit::Atom const*, RDKit::ROMol const&, int, std::vector<ForceFields::UFF::AtomicParams const*, std::allocator<ForceFields::UFF::AtomicParams const*> > const&, ForceFields::ForceField*) in <CONDA_ENV_PREFIX>/lib/python3.11/site-packages/rdkit/ForceField/../../../../libRDKitForceFieldHelpers.so.1
 4# RDKit::UFF::Tools::addAngleSpecialCases(RDKit::ROMol const&, int, std::vector<ForceFields::UFF::AtomicParams const*, std::allocator<ForceFields::UFF::AtomicParams const*> > const&, ForceFields::ForceField*) in <CONDA_ENV_PREFIX>/lib/python3.11/site-packages/rdkit/ForceField/../../../../libRDKitForceFieldHelpers.so.1
 5# RDKit::UFF::constructForceField(RDKit::ROMol&, std::vector<ForceFields::UFF::AtomicParams const*, std::allocator<ForceFields::UFF::AtomicParams const*> > const&, double, int, bool) in <CONDA_ENV_PREFIX>/lib/python3.11/site-packages/rdkit/ForceField/../../../../libRDKitForceFieldHelpers.so.1
 6# RDKit::UFF::constructForceField(RDKit::ROMol&, double, int, bool) in <CONDA_ENV_PREFIX>/lib/python3.11/site-packages/rdkit/ForceField/../../../../libRDKitForceFieldHelpers.so.1
 7# RDKit::UFFHelper(RDKit::ROMol&, int, double, int, bool) in <CONDA_ENV_PREFIX>/lib/python3.11/site-packages/rdkit/Chem/rdForceFieldHelpers.so
 8# 0x00007FCD637B403D in <CONDA_ENV_PREFIX>/lib/python3.11/site-packages/rdkit/Chem/rdForceFieldHelpers.so
 9# boost::python::objects::function::call(_object*, _object*) const in <CONDA_ENV_PREFIX>/lib/python3.11/site-packages/rdkit/../../../libboost_python311.so.1.86.0
10# 0x00007FCD6570D449 in <CONDA_ENV_PREFIX>/lib/python3.11/site-packages/rdkit/../../../libboost_python311.so.1.86.0
11# boost::python::detail::exception_handler::operator()(boost::function_n<void> const&) const in <CONDA_ENV_PREFIX>/lib/python3.11/site-packages/rdkit/../../../libboost_python311.so.1.86.0
12# 0x00007FCD6346DC04 in <CONDA_ENV_PREFIX>/lib/python3.11/site-packages/rdkit/Chem/rdSLNParse.so
13# 0x00007FCD6385B354 in <CONDA_ENV_PREFIX>/lib/python3.11/site-packages/rdkit/Chem/rdDepictor.so
14# 0x00007FCD63AF9DD4 in <CONDA_ENV_PREFIX>/lib/python3.11/site-packages/rdkit/Chem/rdChemReactions.so
15# 0x00007FCD63AF9E24 in <CONDA_ENV_PREFIX>/lib/python3.11/site-packages/rdkit/Chem/rdChemReactions.so
16# 0x00007FCD63C72B94 in <CONDA_ENV_PREFIX>/lib/python3.11/site-packages/rdkit/Chem/rdMolChemicalFeatures.so
17# 0x00007FCD646EA9B4 in <CONDA_ENV_PREFIX>/lib/python3.11/site-packages/rdkit/Chem/rdmolfiles.so
18# 0x00007FCD646EAA04 in <CONDA_ENV_PREFIX>/lib/python3.11/site-packages/rdkit/Chem/rdmolfiles.so
19# 0x00007FCD64804B04 in <CONDA_ENV_PREFIX>/lib/python3.11/site-packages/rdkit/Chem/rdCIPLabeler.so
20# 0x00007FCD651D9174 in <CONDA_ENV_PREFIX>/lib/python3.11/site-packages/rdkit/Chem/rdchem.so
21# 0x00007FCD6516DAAD in <CONDA_ENV_PREFIX>/lib/python3.11/site-packages/rdkit/Chem/rdchem.so
22# 0x00007FCD6516D6AD in <CONDA_ENV_PREFIX>/lib/python3.11/site-packages/rdkit/Chem/rdchem.so
23# 0x00007FCD6516D2AD in <CONDA_ENV_PREFIX>/lib/python3.11/site-packages/rdkit/Chem/rdchem.so
24# 0x00007FCD6516CEAD in <CONDA_ENV_PREFIX>/lib/python3.11/site-packages/rdkit/Chem/rdchem.so
25# 0x00007FCD6516CAAD in <CONDA_ENV_PREFIX>/lib/python3.11/site-packages/rdkit/Chem/rdchem.so
26# 0x00007FCD657E1E54 in <CONDA_ENV_PREFIX>/lib/python3.11/site-packages/rdkit/rdBase.so
27# 0x00007FCD657E1EA4 in <CONDA_ENV_PREFIX>/lib/python3.11/site-packages/rdkit/rdBase.so
28# 0x00007FCD657E1EF4 in <CONDA_ENV_PREFIX>/lib/python3.11/site-packages/rdkit/rdBase.so
29# 0x00007FCD657E1F44 in <CONDA_ENV_PREFIX>/lib/python3.11/site-packages/rdkit/rdBase.so
30# boost::python::handle_exception_impl(boost::function_n<void>) in <CONDA_ENV_PREFIX>/lib/python3.11/site-packages/rdkit/../../../libboost_python311.so.1.86.0
31# 0x00007FCD6570A9B3 in <CONDA_ENV_PREFIX>/lib/python3.11/site-packages/rdkit/../../../libboost_python311.so.1.86.0
32# _PyObject_MakeTpCall in <CONDA_ENV_PREFIX>/bin/python
33# _PyEval_EvalFrameDefault in <CONDA_ENV_PREFIX>/bin/python
34# _PyFunction_Vectorcall in <CONDA_ENV_PREFIX>/bin/python
35# 0x000055C22A85CC50 in <CONDA_ENV_PREFIX>/bin/python
36# 0x000055C22A772745 in <CONDA_ENV_PREFIX>/bin/python
37# 0x000055C22A7A31AA in <CONDA_ENV_PREFIX>/bin/python
38# PyObject_Vectorcall in <CONDA_ENV_PREFIX>/bin/python
39# _PyEval_EvalFrameDefault in <CONDA_ENV_PREFIX>/bin/python
40# _PyFunction_Vectorcall in <CONDA_ENV_PREFIX>/bin/python
41# _PyEval_EvalFrameDefault in <CONDA_ENV_PREFIX>/bin/python
42# _PyFunction_Vectorcall in <CONDA_ENV_PREFIX>/bin/python
43# _PyEval_EvalFrameDefault in <CONDA_ENV_PREFIX>/bin/python
44# _PyFunction_Vectorcall in <CONDA_ENV_PREFIX>/bin/python
45# 0x000055C22A75E979 in <CONDA_ENV_PREFIX>/bin/python
46# _PyObject_MakeTpCall in <CONDA_ENV_PREFIX>/bin/python
47# _PyEval_EvalFrameDefault in <CONDA_ENV_PREFIX>/bin/python
48# _PyFunction_Vectorcall in <CONDA_ENV_PREFIX>/bin/python
49# 0x000055C22A75EA1D in <CONDA_ENV_PREFIX>/bin/python
50# _PyObject_MakeTpCall in <CONDA_ENV_PREFIX>/bin/python
51# _PyEval_EvalFrameDefault in <CONDA_ENV_PREFIX>/bin/python
52# 0x000055C22A7E9B0D in <CONDA_ENV_PREFIX>/bin/python
53# PyEval_EvalCode in <CONDA_ENV_PREFIX>/bin/python
54# 0x000055C22A8071AA in <CONDA_ENV_PREFIX>/bin/python
55# 0x000055C22A802E33 in <CONDA_ENV_PREFIX>/bin/python
56# 0x000055C22A8183D0 in <CONDA_ENV_PREFIX>/bin/python
57# _PyRun_SimpleFileObject in <CONDA_ENV_PREFIX>/bin/python
58# _PyRun_AnyFileObject in <CONDA_ENV_PREFIX>/bin/python
59# Py_RunMain in <CONDA_ENV_PREFIX>/bin/python
60# Py_BytesMain in <CONDA_ENV_PREFIX>/bin/python
61# 0x00007FCD74392D90 in /lib/x86_64-linux-gnu/libc.so.6
62# __libc_start_main in /lib/x86_64-linux-gnu/libc.so.6
63# 0x000055C22A7D937A in <CONDA_ENV_PREFIX>/bin/python
----------
****

[21:44:14] UFFTYPER: Unrecognized atom type: S_5+6 (12)
[21:44:14] UFFTYPER: Unrecognized atom type: S_5+6 (12)
[21:44:14] 

****
Pre-condition Violation
bad params pointer
Violation occurred on line 79 in file /home/conda/feedstock_root/build_artifacts/rdkit-meta_1745736747213/work/Code/ForceField/UFF/AngleBend.cpp
Failed Expression: at2Params
----------
Stacktrace:
 0# Invar::Invariant::toString[abi:cxx11]() const in <CONDA_ENV_PREFIX>/lib/python3.11/site-packages/rdkit/../../../libRDKitRDGeneral.so.1
 1# Invar::operator<<(std::ostream&, Invar::Invariant const&) in <CONDA_ENV_PREFIX>/lib/python3.11/site-packages/rdkit/../../../libRDKitRDGeneral.so.1
 2# ForceFields::UFF::AngleBendContrib::AngleBendContrib(ForceFields::ForceField*, unsigned int, unsigned int, unsigned int, double, double, ForceFields::UFF::AtomicParams const*, ForceFields::UFF::AtomicParams const*, ForceFields::UFF::AtomicParams const*, unsigned int) in <CONDA_ENV_PREFIX>/lib/python3.11/site-packages/rdkit/ForceField/../../../../libRDKitForceField.so.1
 3# RDKit::UFF::Tools::addTrigonalBipyramidAngles(RDKit::Atom const*, RDKit::ROMol const&, int, std::vector<ForceFields::UFF::AtomicParams const*, std::allocator<ForceFields::UFF::AtomicParams const*> > const&, ForceFields::ForceField*) in <CONDA_ENV_PREFIX>/lib/python3.11/site-packages/rdkit/ForceField/../../../../libRDKitForceFieldHelpers.so.1
 4# RDKit::UFF::Tools::addAngleSpecialCases(RDKit::ROMol const&, int, std::vector<ForceFields::UFF::AtomicParams const*, std::allocator<ForceFields::UFF::AtomicParams const*> > const&, ForceFields::ForceField*) in <CONDA_ENV_PREFIX>/lib/python3.11/site-packages/rdkit/ForceField/../../../../libRDKitForceFieldHelpers.so.1
 5# RDKit::UFF::constructForceField(RDKit::ROMol&, std::vector<ForceFields::UFF::AtomicParams const*, std::allocator<ForceFields::UFF::AtomicParams const*> > const&, double, int, bool) in <CONDA_ENV_PREFIX>/lib/python3.11/site-packages/rdkit/ForceField/../../../../libRDKitForceFieldHelpers.so.1
 6# RDKit::UFF::constructForceField(RDKit::ROMol&, double, int, bool) in <CONDA_ENV_PREFIX>/lib/python3.11/site-packages/rdkit/ForceField/../../../../libRDKitForceFieldHelpers.so.1
 7# RDKit::UFFHelper(RDKit::ROMol&, int, double, int, bool) in <CONDA_ENV_PREFIX>/lib/python3.11/site-packages/rdkit/Chem/rdForceFieldHelpers.so
 8# 0x00007FCD637B403D in <CONDA_ENV_PREFIX>/lib/python3.11/site-packages/rdkit/Chem/rdForceFieldHelpers.so
 9# boost::python::objects::function::call(_object*, _object*) const in <CONDA_ENV_PREFIX>/lib/python3.11/site-packages/rdkit/../../../libboost_python311.so.1.86.0
10# 0x00007FCD6570D449 in <CONDA_ENV_PREFIX>/lib/python3.11/site-packages/rdkit/../../../libboost_python311.so.1.86.0
11# boost::python::detail::exception_handler::operator()(boost::function_n<void> const&) const in <CONDA_ENV_PREFIX>/lib/python3.11/site-packages/rdkit/../../../libboost_python311.so.1.86.0
12# 0x00007FCD6346DC04 in <CONDA_ENV_PREFIX>/lib/python3.11/site-packages/rdkit/Chem/rdSLNParse.so
13# 0x00007FCD6385B354 in <CONDA_ENV_PREFIX>/lib/python3.11/site-packages/rdkit/Chem/rdDepictor.so
14# 0x00007FCD63AF9DD4 in <CONDA_ENV_PREFIX>/lib/python3.11/site-packages/rdkit/Chem/rdChemReactions.so
15# 0x00007FCD63AF9E24 in <CONDA_ENV_PREFIX>/lib/python3.11/site-packages/rdkit/Chem/rdChemReactions.so
16# 0x00007FCD63C72B94 in <CONDA_ENV_PREFIX>/lib/python3.11/site-packages/rdkit/Chem/rdMolChemicalFeatures.so
17# 0x00007FCD646EA9B4 in <CONDA_ENV_PREFIX>/lib/python3.11/site-packages/rdkit/Chem/rdmolfiles.so
18# 0x00007FCD646EAA04 in <CONDA_ENV_PREFIX>/lib/python3.11/site-packages/rdkit/Chem/rdmolfiles.so
19# 0x00007FCD64804B04 in <CONDA_ENV_PREFIX>/lib/python3.11/site-packages/rdkit/Chem/rdCIPLabeler.so
20# 0x00007FCD651D9174 in <CONDA_ENV_PREFIX>/lib/python3.11/site-packages/rdkit/Chem/rdchem.so
21# 0x00007FCD6516DAAD in <CONDA_ENV_PREFIX>/lib/python3.11/site-packages/rdkit/Chem/rdchem.so
22# 0x00007FCD6516D6AD in <CONDA_ENV_PREFIX>/lib/python3.11/site-packages/rdkit/Chem/rdchem.so
23# 0x00007FCD6516D2AD in <CONDA_ENV_PREFIX>/lib/python3.11/site-packages/rdkit/Chem/rdchem.so
24# 0x00007FCD6516CEAD in <CONDA_ENV_PREFIX>/lib/python3.11/site-packages/rdkit/Chem/rdchem.so
25# 0x00007FCD6516CAAD in <CONDA_ENV_PREFIX>/lib/python3.11/site-packages/rdkit/Chem/rdchem.so
26# 0x00007FCD657E1E54 in <CONDA_ENV_PREFIX>/lib/python3.11/site-packages/rdkit/rdBase.so
27# 0x00007FCD657E1EA4 in <CONDA_ENV_PREFIX>/lib/python3.11/site-packages/rdkit/rdBase.so
28# 0x00007FCD657E1EF4 in <CONDA_ENV_PREFIX>/lib/python3.11/site-packages/rdkit/rdBase.so
29# 0x00007FCD657E1F44 in <CONDA_ENV_PREFIX>/lib/python3.11/site-packages/rdkit/rdBase.so
30# boost::python::handle_exception_impl(boost::function_n<void>) in <CONDA_ENV_PREFIX>/lib/python3.11/site-packages/rdkit/../../../libboost_python311.so.1.86.0
31# 0x00007FCD6570A9B3 in <CONDA_ENV_PREFIX>/lib/python3.11/site-packages/rdkit/../../../libboost_python311.so.1.86.0
32# _PyObject_MakeTpCall in <CONDA_ENV_PREFIX>/bin/python
33# _PyEval_EvalFrameDefault in <CONDA_ENV_PREFIX>/bin/python
34# _PyFunction_Vectorcall in <CONDA_ENV_PREFIX>/bin/python
35# 0x000055C22A85CC50 in <CONDA_ENV_PREFIX>/bin/python
36# 0x000055C22A772745 in <CONDA_ENV_PREFIX>/bin/python
37# 0x000055C22A7A31AA in <CONDA_ENV_PREFIX>/bin/python
38# PyObject_Vectorcall in <CONDA_ENV_PREFIX>/bin/python
39# _PyEval_EvalFrameDefault in <CONDA_ENV_PREFIX>/bin/python
40# _PyFunction_Vectorcall in <CONDA_ENV_PREFIX>/bin/python
41# _PyEval_EvalFrameDefault in <CONDA_ENV_PREFIX>/bin/python
42# _PyFunction_Vectorcall in <CONDA_ENV_PREFIX>/bin/python
43# _PyEval_EvalFrameDefault in <CONDA_ENV_PREFIX>/bin/python
44# _PyFunction_Vectorcall in <CONDA_ENV_PREFIX>/bin/python
45# 0x000055C22A75E979 in <CONDA_ENV_PREFIX>/bin/python
46# _PyObject_MakeTpCall in <CONDA_ENV_PREFIX>/bin/python
47# _PyEval_EvalFrameDefault in <CONDA_ENV_PREFIX>/bin/python
48# _PyFunction_Vectorcall in <CONDA_ENV_PREFIX>/bin/python
49# 0x000055C22A75EA1D in <CONDA_ENV_PREFIX>/bin/python
50# _PyObject_MakeTpCall in <CONDA_ENV_PREFIX>/bin/python
51# _PyEval_EvalFrameDefault in <CONDA_ENV_PREFIX>/bin/python
52# 0x000055C22A7E9B0D in <CONDA_ENV_PREFIX>/bin/python
53# PyEval_EvalCode in <CONDA_ENV_PREFIX>/bin/python
54# 0x000055C22A8071AA in <CONDA_ENV_PREFIX>/bin/python
55# 0x000055C22A802E33 in <CONDA_ENV_PREFIX>/bin/python
56# 0x000055C22A8183D0 in <CONDA_ENV_PREFIX>/bin/python
57# _PyRun_SimpleFileObject in <CONDA_ENV_PREFIX>/bin/python
58# _PyRun_AnyFileObject in <CONDA_ENV_PREFIX>/bin/python
59# Py_RunMain in <CONDA_ENV_PREFIX>/bin/python
60# Py_BytesMain in <CONDA_ENV_PREFIX>/bin/python
61# 0x00007FCD74392D90 in /lib/x86_64-linux-gnu/libc.so.6
62# __libc_start_main in /lib/x86_64-linux-gnu/libc.so.6
63# 0x000055C22A7D937A in <CONDA_ENV_PREFIX>/bin/python
----------
****

[21:44:15] UFFTYPER: Unrecognized atom type: S_5+6 (1)
[21:44:15] UFFTYPER: Unrecognized atom type: S_5+6 (1)
[21:44:15] 

****
Pre-condition Violation
bad params pointer
Violation occurred on line 79 in file /home/conda/feedstock_root/build_artifacts/rdkit-meta_1745736747213/work/Code/ForceField/UFF/AngleBend.cpp
Failed Expression: at2Params
----------
Stacktrace:
 0# Invar::Invariant::toString[abi:cxx11]() const in <CONDA_ENV_PREFIX>/lib/python3.11/site-packages/rdkit/../../../libRDKitRDGeneral.so.1
 1# Invar::operator<<(std::ostream&, Invar::Invariant const&) in <CONDA_ENV_PREFIX>/lib/python3.11/site-packages/rdkit/../../../libRDKitRDGeneral.so.1
 2# ForceFields::UFF::AngleBendContrib::AngleBendContrib(ForceFields::ForceField*, unsigned int, unsigned int, unsigned int, double, double, ForceFields::UFF::AtomicParams const*, ForceFields::UFF::AtomicParams const*, ForceFields::UFF::AtomicParams const*, unsigned int) in <CONDA_ENV_PREFIX>/lib/python3.11/site-packages/rdkit/ForceField/../../../../libRDKitForceField.so.1
 3# RDKit::UFF::Tools::addTrigonalBipyramidAngles(RDKit::Atom const*, RDKit::ROMol const&, int, std::vector<ForceFields::UFF::AtomicParams const*, std::allocator<ForceFields::UFF::AtomicParams const*> > const&, ForceFields::ForceField*) in <CONDA_ENV_PREFIX>/lib/python3.11/site-packages/rdkit/ForceField/../../../../libRDKitForceFieldHelpers.so.1
 4# RDKit::UFF::Tools::addAngleSpecialCases(RDKit::ROMol const&, int, std::vector<ForceFields::UFF::AtomicParams const*, std::allocator<ForceFields::UFF::AtomicParams const*> > const&, ForceFields::ForceField*) in <CONDA_ENV_PREFIX>/lib/python3.11/site-packages/rdkit/ForceField/../../../../libRDKitForceFieldHelpers.so.1
 5# RDKit::UFF::constructForceField(RDKit::ROMol&, std::vector<ForceFields::UFF::AtomicParams const*, std::allocator<ForceFields::UFF::AtomicParams const*> > const&, double, int, bool) in <CONDA_ENV_PREFIX>/lib/python3.11/site-packages/rdkit/ForceField/../../../../libRDKitForceFieldHelpers.so.1
 6# RDKit::UFF::constructForceField(RDKit::ROMol&, double, int, bool) in <CONDA_ENV_PREFIX>/lib/python3.11/site-packages/rdkit/ForceField/../../../../libRDKitForceFieldHelpers.so.1
 7# RDKit::UFFHelper(RDKit::ROMol&, int, double, int, bool) in <CONDA_ENV_PREFIX>/lib/python3.11/site-packages/rdkit/Chem/rdForceFieldHelpers.so
 8# 0x00007FCD637B403D in <CONDA_ENV_PREFIX>/lib/python3.11/site-packages/rdkit/Chem/rdForceFieldHelpers.so
 9# boost::python::objects::function::call(_object*, _object*) const in <CONDA_ENV_PREFIX>/lib/python3.11/site-packages/rdkit/../../../libboost_python311.so.1.86.0
10# 0x00007FCD6570D449 in <CONDA_ENV_PREFIX>/lib/python3.11/site-packages/rdkit/../../../libboost_python311.so.1.86.0
11# boost::python::detail::exception_handler::operator()(boost::function_n<void> const&) const in <CONDA_ENV_PREFIX>/lib/python3.11/site-packages/rdkit/../../../libboost_python311.so.1.86.0
12# 0x00007FCD6346DC04 in <CONDA_ENV_PREFIX>/lib/python3.11/site-packages/rdkit/Chem/rdSLNParse.so
13# 0x00007FCD6385B354 in <CONDA_ENV_PREFIX>/lib/python3.11/site-packages/rdkit/Chem/rdDepictor.so
14# 0x00007FCD63AF9DD4 in <CONDA_ENV_PREFIX>/lib/python3.11/site-packages/rdkit/Chem/rdChemReactions.so
15# 0x00007FCD63AF9E24 in <CONDA_ENV_PREFIX>/lib/python3.11/site-packages/rdkit/Chem/rdChemReactions.so
16# 0x00007FCD63C72B94 in <CONDA_ENV_PREFIX>/lib/python3.11/site-packages/rdkit/Chem/rdMolChemicalFeatures.so
17# 0x00007FCD646EA9B4 in <CONDA_ENV_PREFIX>/lib/python3.11/site-packages/rdkit/Chem/rdmolfiles.so
18# 0x00007FCD646EAA04 in <CONDA_ENV_PREFIX>/lib/python3.11/site-packages/rdkit/Chem/rdmolfiles.so
19# 0x00007FCD64804B04 in <CONDA_ENV_PREFIX>/lib/python3.11/site-packages/rdkit/Chem/rdCIPLabeler.so
20# 0x00007FCD651D9174 in <CONDA_ENV_PREFIX>/lib/python3.11/site-packages/rdkit/Chem/rdchem.so
21# 0x00007FCD6516DAAD in <CONDA_ENV_PREFIX>/lib/python3.11/site-packages/rdkit/Chem/rdchem.so
22# 0x00007FCD6516D6AD in <CONDA_ENV_PREFIX>/lib/python3.11/site-packages/rdkit/Chem/rdchem.so
23# 0x00007FCD6516D2AD in <CONDA_ENV_PREFIX>/lib/python3.11/site-packages/rdkit/Chem/rdchem.so
24# 0x00007FCD6516CEAD in <CONDA_ENV_PREFIX>/lib/python3.11/site-packages/rdkit/Chem/rdchem.so
25# 0x00007FCD6516CAAD in <CONDA_ENV_PREFIX>/lib/python3.11/site-packages/rdkit/Chem/rdchem.so
26# 0x00007FCD657E1E54 in <CONDA_ENV_PREFIX>/lib/python3.11/site-packages/rdkit/rdBase.so
27# 0x00007FCD657E1EA4 in <CONDA_ENV_PREFIX>/lib/python3.11/site-packages/rdkit/rdBase.so
28# 0x00007FCD657E1EF4 in <CONDA_ENV_PREFIX>/lib/python3.11/site-packages/rdkit/rdBase.so
29# 0x00007FCD657E1F44 in <CONDA_ENV_PREFIX>/lib/python3.11/site-packages/rdkit/rdBase.so
30# boost::python::handle_exception_impl(boost::function_n<void>) in <CONDA_ENV_PREFIX>/lib/python3.11/site-packages/rdkit/../../../libboost_python311.so.1.86.0
31# 0x00007FCD6570A9B3 in <CONDA_ENV_PREFIX>/lib/python3.11/site-packages/rdkit/../../../libboost_python311.so.1.86.0
32# _PyObject_MakeTpCall in <CONDA_ENV_PREFIX>/bin/python
33# _PyEval_EvalFrameDefault in <CONDA_ENV_PREFIX>/bin/python
34# _PyFunction_Vectorcall in <CONDA_ENV_PREFIX>/bin/python
35# 0x000055C22A85CC50 in <CONDA_ENV_PREFIX>/bin/python
36# 0x000055C22A772745 in <CONDA_ENV_PREFIX>/bin/python
37# 0x000055C22A7A31AA in <CONDA_ENV_PREFIX>/bin/python
38# PyObject_Vectorcall in <CONDA_ENV_PREFIX>/bin/python
39# _PyEval_EvalFrameDefault in <CONDA_ENV_PREFIX>/bin/python
40# _PyFunction_Vectorcall in <CONDA_ENV_PREFIX>/bin/python
41# _PyEval_EvalFrameDefault in <CONDA_ENV_PREFIX>/bin/python
42# _PyFunction_Vectorcall in <CONDA_ENV_PREFIX>/bin/python
43# _PyEval_EvalFrameDefault in <CONDA_ENV_PREFIX>/bin/python
44# _PyFunction_Vectorcall in <CONDA_ENV_PREFIX>/bin/python
45# 0x000055C22A75E979 in <CONDA_ENV_PREFIX>/bin/python
46# _PyObject_MakeTpCall in <CONDA_ENV_PREFIX>/bin/python
47# _PyEval_EvalFrameDefault in <CONDA_ENV_PREFIX>/bin/python
48# _PyFunction_Vectorcall in <CONDA_ENV_PREFIX>/bin/python
49# 0x000055C22A75EA1D in <CONDA_ENV_PREFIX>/bin/python
50# _PyObject_MakeTpCall in <CONDA_ENV_PREFIX>/bin/python
51# _PyEval_EvalFrameDefault in <CONDA_ENV_PREFIX>/bin/python
52# 0x000055C22A7E9B0D in <CONDA_ENV_PREFIX>/bin/python
53# PyEval_EvalCode in <CONDA_ENV_PREFIX>/bin/python
54# 0x000055C22A8071AA in <CONDA_ENV_PREFIX>/bin/python
55# 0x000055C22A802E33 in <CONDA_ENV_PREFIX>/bin/python
56# 0x000055C22A8183D0 in <CONDA_ENV_PREFIX>/bin/python
57# _PyRun_SimpleFileObject in <CONDA_ENV_PREFIX>/bin/python
58# _PyRun_AnyFileObject in <CONDA_ENV_PREFIX>/bin/python
59# Py_RunMain in <CONDA_ENV_PREFIX>/bin/python
60# Py_BytesMain in <CONDA_ENV_PREFIX>/bin/python
61# 0x00007FCD74392D90 in /lib/x86_64-linux-gnu/libc.so.6
62# __libc_start_main in /lib/x86_64-linux-gnu/libc.so.6
63# 0x000055C22A7D937A in <CONDA_ENV_PREFIX>/bin/python
----------
****

[21:44:15] UFFTYPER: Unrecognized atom type: S_5+6 (12)
[21:44:15] UFFTYPER: Unrecognized atom type: S_5+6 (9)
[21:44:15] UFFTYPER: Unrecognized atom type: S_5+6 (12)
[21:44:15] 

****
Pre-condition Violation
bad params pointer
Violation occurred on line 79 in file /home/conda/feedstock_root/build_artifacts/rdkit-meta_1745736747213/work/Code/ForceField/UFF/AngleBend.cpp
Failed Expression: at2Params
----------
Stacktrace:
 0# Invar::Invariant::toString[abi:cxx11]() const in <CONDA_ENV_PREFIX>/lib/python3.11/site-packages/rdkit/../../../libRDKitRDGeneral.so.1
 1# Invar::operator<<(std::ostream&, Invar::Invariant const&) in <CONDA_ENV_PREFIX>/lib/python3.11/site-packages/rdkit/../../../libRDKitRDGeneral.so.1
 2# ForceFields::UFF::AngleBendContrib::AngleBendContrib(ForceFields::ForceField*, unsigned int, unsigned int, unsigned int, double, double, ForceFields::UFF::AtomicParams const*, ForceFields::UFF::AtomicParams const*, ForceFields::UFF::AtomicParams const*, unsigned int) in <CONDA_ENV_PREFIX>/lib/python3.11/site-packages/rdkit/ForceField/../../../../libRDKitForceField.so.1
 3# RDKit::UFF::Tools::addTrigonalBipyramidAngles(RDKit::Atom const*, RDKit::ROMol const&, int, std::vector<ForceFields::UFF::AtomicParams const*, std::allocator<ForceFields::UFF::AtomicParams const*> > const&, ForceFields::ForceField*) in <CONDA_ENV_PREFIX>/lib/python3.11/site-packages/rdkit/ForceField/../../../../libRDKitForceFieldHelpers.so.1
 4# RDKit::UFF::Tools::addAngleSpecialCases(RDKit::ROMol const&, int, std::vector<ForceFields::UFF::AtomicParams const*, std::allocator<ForceFields::UFF::AtomicParams const*> > const&, ForceFields::ForceField*) in <CONDA_ENV_PREFIX>/lib/python3.11/site-packages/rdkit/ForceField/../../../../libRDKitForceFieldHelpers.so.1
 5# RDKit::UFF::constructForceField(RDKit::ROMol&, std::vector<ForceFields::UFF::AtomicParams const*, std::allocator<ForceFields::UFF::AtomicParams const*> > const&, double, int, bool) in <CONDA_ENV_PREFIX>/lib/python3.11/site-packages/rdkit/ForceField/../../../../libRDKitForceFieldHelpers.so.1
 6# RDKit::UFF::constructForceField(RDKit::ROMol&, double, int, bool) in <CONDA_ENV_PREFIX>/lib/python3.11/site-packages/rdkit/ForceField/../../../../libRDKitForceFieldHelpers.so.1
 7# RDKit::UFFHelper(RDKit::ROMol&, int, double, int, bool) in <CONDA_ENV_PREFIX>/lib/python3.11/site-packages/rdkit/Chem/rdForceFieldHelpers.so
 8# 0x00007FCD637B403D in <CONDA_ENV_PREFIX>/lib/python3.11/site-packages/rdkit/Chem/rdForceFieldHelpers.so
 9# boost::python::objects::function::call(_object*, _object*) const in <CONDA_ENV_PREFIX>/lib/python3.11/site-packages/rdkit/../../../libboost_python311.so.1.86.0
10# 0x00007FCD6570D449 in <CONDA_ENV_PREFIX>/lib/python3.11/site-packages/rdkit/../../../libboost_python311.so.1.86.0
11# boost::python::detail::exception_handler::operator()(boost::function_n<void> const&) const in <CONDA_ENV_PREFIX>/lib/python3.11/site-packages/rdkit/../../../libboost_python311.so.1.86.0
12# 0x00007FCD6346DC04 in <CONDA_ENV_PREFIX>/lib/python3.11/site-packages/rdkit/Chem/rdSLNParse.so
13# 0x00007FCD6385B354 in <CONDA_ENV_PREFIX>/lib/python3.11/site-packages/rdkit/Chem/rdDepictor.so
14# 0x00007FCD63AF9DD4 in <CONDA_ENV_PREFIX>/lib/python3.11/site-packages/rdkit/Chem/rdChemReactions.so
15# 0x00007FCD63AF9E24 in <CONDA_ENV_PREFIX>/lib/python3.11/site-packages/rdkit/Chem/rdChemReactions.so
16# 0x00007FCD63C72B94 in <CONDA_ENV_PREFIX>/lib/python3.11/site-packages/rdkit/Chem/rdMolChemicalFeatures.so
17# 0x00007FCD646EA9B4 in <CONDA_ENV_PREFIX>/lib/python3.11/site-packages/rdkit/Chem/rdmolfiles.so
18# 0x00007FCD646EAA04 in <CONDA_ENV_PREFIX>/lib/python3.11/site-packages/rdkit/Chem/rdmolfiles.so
19# 0x00007FCD64804B04 in <CONDA_ENV_PREFIX>/lib/python3.11/site-packages/rdkit/Chem/rdCIPLabeler.so
20# 0x00007FCD651D9174 in <CONDA_ENV_PREFIX>/lib/python3.11/site-packages/rdkit/Chem/rdchem.so
21# 0x00007FCD6516DAAD in <CONDA_ENV_PREFIX>/lib/python3.11/site-packages/rdkit/Chem/rdchem.so
22# 0x00007FCD6516D6AD in <CONDA_ENV_PREFIX>/lib/python3.11/site-packages/rdkit/Chem/rdchem.so
23# 0x00007FCD6516D2AD in <CONDA_ENV_PREFIX>/lib/python3.11/site-packages/rdkit/Chem/rdchem.so
24# 0x00007FCD6516CEAD in <CONDA_ENV_PREFIX>/lib/python3.11/site-packages/rdkit/Chem/rdchem.so
25# 0x00007FCD6516CAAD in <CONDA_ENV_PREFIX>/lib/python3.11/site-packages/rdkit/Chem/rdchem.so
26# 0x00007FCD657E1E54 in <CONDA_ENV_PREFIX>/lib/python3.11/site-packages/rdkit/rdBase.so
27# 0x00007FCD657E1EA4 in <CONDA_ENV_PREFIX>/lib/python3.11/site-packages/rdkit/rdBase.so
28# 0x00007FCD657E1EF4 in <CONDA_ENV_PREFIX>/lib/python3.11/site-packages/rdkit/rdBase.so
29# 0x00007FCD657E1F44 in <CONDA_ENV_PREFIX>/lib/python3.11/site-packages/rdkit/rdBase.so
30# boost::python::handle_exception_impl(boost::function_n<void>) in <CONDA_ENV_PREFIX>/lib/python3.11/site-packages/rdkit/../../../libboost_python311.so.1.86.0
31# 0x00007FCD6570A9B3 in <CONDA_ENV_PREFIX>/lib/python3.11/site-packages/rdkit/../../../libboost_python311.so.1.86.0
32# _PyObject_MakeTpCall in <CONDA_ENV_PREFIX>/bin/python
33# _PyEval_EvalFrameDefault in <CONDA_ENV_PREFIX>/bin/python
34# _PyFunction_Vectorcall in <CONDA_ENV_PREFIX>/bin/python
35# 0x000055C22A85CC50 in <CONDA_ENV_PREFIX>/bin/python
36# 0x000055C22A772745 in <CONDA_ENV_PREFIX>/bin/python
37# 0x000055C22A7A31AA in <CONDA_ENV_PREFIX>/bin/python
38# PyObject_Vectorcall in <CONDA_ENV_PREFIX>/bin/python
39# _PyEval_EvalFrameDefault in <CONDA_ENV_PREFIX>/bin/python
40# _PyFunction_Vectorcall in <CONDA_ENV_PREFIX>/bin/python
41# _PyEval_EvalFrameDefault in <CONDA_ENV_PREFIX>/bin/python
42# _PyFunction_Vectorcall in <CONDA_ENV_PREFIX>/bin/python
43# _PyEval_EvalFrameDefault in <CONDA_ENV_PREFIX>/bin/python
44# _PyFunction_Vectorcall in <CONDA_ENV_PREFIX>/bin/python
45# 0x000055C22A75E979 in <CONDA_ENV_PREFIX>/bin/python
46# _PyObject_MakeTpCall in <CONDA_ENV_PREFIX>/bin/python
47# _PyEval_EvalFrameDefault in <CONDA_ENV_PREFIX>/bin/python
48# _PyFunction_Vectorcall in <CONDA_ENV_PREFIX>/bin/python
49# 0x000055C22A75EA1D in <CONDA_ENV_PREFIX>/bin/python
50# _PyObject_MakeTpCall in <CONDA_ENV_PREFIX>/bin/python
51# _PyEval_EvalFrameDefault in <CONDA_ENV_PREFIX>/bin/python
52# 0x000055C22A7E9B0D in <CONDA_ENV_PREFIX>/bin/python
53# PyEval_EvalCode in <CONDA_ENV_PREFIX>/bin/python
54# 0x000055C22A8071AA in <CONDA_ENV_PREFIX>/bin/python
55# 0x000055C22A802E33 in <CONDA_ENV_PREFIX>/bin/python
56# 0x000055C22A8183D0 in <CONDA_ENV_PREFIX>/bin/python
57# _PyRun_SimpleFileObject in <CONDA_ENV_PREFIX>/bin/python
58# _PyRun_AnyFileObject in <CONDA_ENV_PREFIX>/bin/python
59# Py_RunMain in <CONDA_ENV_PREFIX>/bin/python
60# Py_BytesMain in <CONDA_ENV_PREFIX>/bin/python
61# 0x00007FCD74392D90 in /lib/x86_64-linux-gnu/libc.so.6
62# __libc_start_main in /lib/x86_64-linux-gnu/libc.so.6
63# 0x000055C22A7D937A in <CONDA_ENV_PREFIX>/bin/python
----------
****

[21:44:15] UFFTYPER: Unrecognized atom type: S_5+6 (9)
[21:44:15] 

****
Pre-condition Violation
bad params pointer
Violation occurred on line 79 in file /home/conda/feedstock_root/build_artifacts/rdkit-meta_1745736747213/work/Code/ForceField/UFF/AngleBend.cpp
Failed Expression: at2Params
----------
Stacktrace:
 0# Invar::Invariant::toString[abi:cxx11]() const in <CONDA_ENV_PREFIX>/lib/python3.11/site-packages/rdkit/../../../libRDKitRDGeneral.so.1
 1# Invar::operator<<(std::ostream&, Invar::Invariant const&) in <CONDA_ENV_PREFIX>/lib/python3.11/site-packages/rdkit/../../../libRDKitRDGeneral.so.1
 2# ForceFields::UFF::AngleBendContrib::AngleBendContrib(ForceFields::ForceField*, unsigned int, unsigned int, unsigned int, double, double, ForceFields::UFF::AtomicParams const*, ForceFields::UFF::AtomicParams const*, ForceFields::UFF::AtomicParams const*, unsigned int) in <CONDA_ENV_PREFIX>/lib/python3.11/site-packages/rdkit/ForceField/../../../../libRDKitForceField.so.1
 3# RDKit::UFF::Tools::addTrigonalBipyramidAngles(RDKit::Atom const*, RDKit::ROMol const&, int, std::vector<ForceFields::UFF::AtomicParams const*, std::allocator<ForceFields::UFF::AtomicParams const*> > const&, ForceFields::ForceField*) in <CONDA_ENV_PREFIX>/lib/python3.11/site-packages/rdkit/ForceField/../../../../libRDKitForceFieldHelpers.so.1
 4# RDKit::UFF::Tools::addAngleSpecialCases(RDKit::ROMol const&, int, std::vector<ForceFields::UFF::AtomicParams const*, std::allocator<ForceFields::UFF::AtomicParams const*> > const&, ForceFields::ForceField*) in <CONDA_ENV_PREFIX>/lib/python3.11/site-packages/rdkit/ForceField/../../../../libRDKitForceFieldHelpers.so.1
 5# RDKit::UFF::constructForceField(RDKit::ROMol&, std::vector<ForceFields::UFF::AtomicParams const*, std::allocator<ForceFields::UFF::AtomicParams const*> > const&, double, int, bool) in <CONDA_ENV_PREFIX>/lib/python3.11/site-packages/rdkit/ForceField/../../../../libRDKitForceFieldHelpers.so.1
 6# RDKit::UFF::constructForceField(RDKit::ROMol&, double, int, bool) in <CONDA_ENV_PREFIX>/lib/python3.11/site-packages/rdkit/ForceField/../../../../libRDKitForceFieldHelpers.so.1
 7# RDKit::UFFHelper(RDKit::ROMol&, int, double, int, bool) in <CONDA_ENV_PREFIX>/lib/python3.11/site-packages/rdkit/Chem/rdForceFieldHelpers.so
 8# 0x00007FCD637B403D in <CONDA_ENV_PREFIX>/lib/python3.11/site-packages/rdkit/Chem/rdForceFieldHelpers.so
 9# boost::python::objects::function::call(_object*, _object*) const in <CONDA_ENV_PREFIX>/lib/python3.11/site-packages/rdkit/../../../libboost_python311.so.1.86.0
10# 0x00007FCD6570D449 in <CONDA_ENV_PREFIX>/lib/python3.11/site-packages/rdkit/../../../libboost_python311.so.1.86.0
11# boost::python::detail::exception_handler::operator()(boost::function_n<void> const&) const in <CONDA_ENV_PREFIX>/lib/python3.11/site-packages/rdkit/../../../libboost_python311.so.1.86.0
12# 0x00007FCD6346DC04 in <CONDA_ENV_PREFIX>/lib/python3.11/site-packages/rdkit/Chem/rdSLNParse.so
13# 0x00007FCD6385B354 in <CONDA_ENV_PREFIX>/lib/python3.11/site-packages/rdkit/Chem/rdDepictor.so
14# 0x00007FCD63AF9DD4 in <CONDA_ENV_PREFIX>/lib/python3.11/site-packages/rdkit/Chem/rdChemReactions.so
15# 0x00007FCD63AF9E24 in <CONDA_ENV_PREFIX>/lib/python3.11/site-packages/rdkit/Chem/rdChemReactions.so
16# 0x00007FCD63C72B94 in <CONDA_ENV_PREFIX>/lib/python3.11/site-packages/rdkit/Chem/rdMolChemicalFeatures.so
17# 0x00007FCD646EA9B4 in <CONDA_ENV_PREFIX>/lib/python3.11/site-packages/rdkit/Chem/rdmolfiles.so
18# 0x00007FCD646EAA04 in <CONDA_ENV_PREFIX>/lib/python3.11/site-packages/rdkit/Chem/rdmolfiles.so
19# 0x00007FCD64804B04 in <CONDA_ENV_PREFIX>/lib/python3.11/site-packages/rdkit/Chem/rdCIPLabeler.so
20# 0x00007FCD651D9174 in <CONDA_ENV_PREFIX>/lib/python3.11/site-packages/rdkit/Chem/rdchem.so
21# 0x00007FCD6516DAAD in <CONDA_ENV_PREFIX>/lib/python3.11/site-packages/rdkit/Chem/rdchem.so
22# 0x00007FCD6516D6AD in <CONDA_ENV_PREFIX>/lib/python3.11/site-packages/rdkit/Chem/rdchem.so
23# 0x00007FCD6516D2AD in <CONDA_ENV_PREFIX>/lib/python3.11/site-packages/rdkit/Chem/rdchem.so
24# 0x00007FCD6516CEAD in <CONDA_ENV_PREFIX>/lib/python3.11/site-packages/rdkit/Chem/rdchem.so
25# 0x00007FCD6516CAAD in <CONDA_ENV_PREFIX>/lib/python3.11/site-packages/rdkit/Chem/rdchem.so
26# 0x00007FCD657E1E54 in <CONDA_ENV_PREFIX>/lib/python3.11/site-packages/rdkit/rdBase.so
27# 0x00007FCD657E1EA4 in <CONDA_ENV_PREFIX>/lib/python3.11/site-packages/rdkit/rdBase.so
28# 0x00007FCD657E1EF4 in <CONDA_ENV_PREFIX>/lib/python3.11/site-packages/rdkit/rdBase.so
29# 0x00007FCD657E1F44 in <CONDA_ENV_PREFIX>/lib/python3.11/site-packages/rdkit/rdBase.so
30# boost::python::handle_exception_impl(boost::function_n<void>) in <CONDA_ENV_PREFIX>/lib/python3.11/site-packages/rdkit/../../../libboost_python311.so.1.86.0
31# 0x00007FCD6570A9B3 in <CONDA_ENV_PREFIX>/lib/python3.11/site-packages/rdkit/../../../libboost_python311.so.1.86.0
32# _PyObject_MakeTpCall in <CONDA_ENV_PREFIX>/bin/python
33# _PyEval_EvalFrameDefault in <CONDA_ENV_PREFIX>/bin/python
34# _PyFunction_Vectorcall in <CONDA_ENV_PREFIX>/bin/python
35# 0x000055C22A85CC50 in <CONDA_ENV_PREFIX>/bin/python
36# 0x000055C22A772745 in <CONDA_ENV_PREFIX>/bin/python
37# 0x000055C22A7A31AA in <CONDA_ENV_PREFIX>/bin/python
38# PyObject_Vectorcall in <CONDA_ENV_PREFIX>/bin/python
39# _PyEval_EvalFrameDefault in <CONDA_ENV_PREFIX>/bin/python
40# _PyFunction_Vectorcall in <CONDA_ENV_PREFIX>/bin/python
41# _PyEval_EvalFrameDefault in <CONDA_ENV_PREFIX>/bin/python
42# _PyFunction_Vectorcall in <CONDA_ENV_PREFIX>/bin/python
43# _PyEval_EvalFrameDefault in <CONDA_ENV_PREFIX>/bin/python
44# _PyFunction_Vectorcall in <CONDA_ENV_PREFIX>/bin/python
45# 0x000055C22A75E979 in <CONDA_ENV_PREFIX>/bin/python
46# _PyObject_MakeTpCall in <CONDA_ENV_PREFIX>/bin/python
47# _PyEval_EvalFrameDefault in <CONDA_ENV_PREFIX>/bin/python
48# _PyFunction_Vectorcall in <CONDA_ENV_PREFIX>/bin/python
49# 0x000055C22A75EA1D in <CONDA_ENV_PREFIX>/bin/python
50# _PyObject_MakeTpCall in <CONDA_ENV_PREFIX>/bin/python
51# _PyEval_EvalFrameDefault in <CONDA_ENV_PREFIX>/bin/python
52# 0x000055C22A7E9B0D in <CONDA_ENV_PREFIX>/bin/python
53# PyEval_EvalCode in <CONDA_ENV_PREFIX>/bin/python
54# 0x000055C22A8071AA in <CONDA_ENV_PREFIX>/bin/python
55# 0x000055C22A802E33 in <CONDA_ENV_PREFIX>/bin/python
56# 0x000055C22A8183D0 in <CONDA_ENV_PREFIX>/bin/python
57# _PyRun_SimpleFileObject in <CONDA_ENV_PREFIX>/bin/python
58# _PyRun_AnyFileObject in <CONDA_ENV_PREFIX>/bin/python
59# Py_RunMain in <CONDA_ENV_PREFIX>/bin/python
60# Py_BytesMain in <CONDA_ENV_PREFIX>/bin/python
61# 0x00007FCD74392D90 in /lib/x86_64-linux-gnu/libc.so.6
62# __libc_start_main in /lib/x86_64-linux-gnu/libc.so.6
63# 0x000055C22A7D937A in <CONDA_ENV_PREFIX>/bin/python
----------
****

[21:44:16] UFFTYPER: Unrecognized atom type: S_5+6 (1)
[21:44:16] UFFTYPER: Unrecognized atom type: S_5+6 (1)
[21:44:16] 

****
Pre-condition Violation
bad params pointer
Violation occurred on line 79 in file /home/conda/feedstock_root/build_artifacts/rdkit-meta_1745736747213/work/Code/ForceField/UFF/AngleBend.cpp
Failed Expression: at2Params
----------
Stacktrace:
 0# Invar::Invariant::toString[abi:cxx11]() const in <CONDA_ENV_PREFIX>/lib/python3.11/site-packages/rdkit/../../../libRDKitRDGeneral.so.1
 1# Invar::operator<<(std::ostream&, Invar::Invariant const&) in <CONDA_ENV_PREFIX>/lib/python3.11/site-packages/rdkit/../../../libRDKitRDGeneral.so.1
 2# ForceFields::UFF::AngleBendContrib::AngleBendContrib(ForceFields::ForceField*, unsigned int, unsigned int, unsigned int, double, double, ForceFields::UFF::AtomicParams const*, ForceFields::UFF::AtomicParams const*, ForceFields::UFF::AtomicParams const*, unsigned int) in <CONDA_ENV_PREFIX>/lib/python3.11/site-packages/rdkit/ForceField/../../../../libRDKitForceField.so.1
 3# RDKit::UFF::Tools::addTrigonalBipyramidAngles(RDKit::Atom const*, RDKit::ROMol const&, int, std::vector<ForceFields::UFF::AtomicParams const*, std::allocator<ForceFields::UFF::AtomicParams const*> > const&, ForceFields::ForceField*) in <CONDA_ENV_PREFIX>/lib/python3.11/site-packages/rdkit/ForceField/../../../../libRDKitForceFieldHelpers.so.1
 4# RDKit::UFF::Tools::addAngleSpecialCases(RDKit::ROMol const&, int, std::vector<ForceFields::UFF::AtomicParams const*, std::allocator<ForceFields::UFF::AtomicParams const*> > const&, ForceFields::ForceField*) in <CONDA_ENV_PREFIX>/lib/python3.11/site-packages/rdkit/ForceField/../../../../libRDKitForceFieldHelpers.so.1
 5# RDKit::UFF::constructForceField(RDKit::ROMol&, std::vector<ForceFields::UFF::AtomicParams const*, std::allocator<ForceFields::UFF::AtomicParams const*> > const&, double, int, bool) in <CONDA_ENV_PREFIX>/lib/python3.11/site-packages/rdkit/ForceField/../../../../libRDKitForceFieldHelpers.so.1
 6# RDKit::UFF::constructForceField(RDKit::ROMol&, double, int, bool) in <CONDA_ENV_PREFIX>/lib/python3.11/site-packages/rdkit/ForceField/../../../../libRDKitForceFieldHelpers.so.1
 7# RDKit::UFFHelper(RDKit::ROMol&, int, double, int, bool) in <CONDA_ENV_PREFIX>/lib/python3.11/site-packages/rdkit/Chem/rdForceFieldHelpers.so
 8# 0x00007FCD637B403D in <CONDA_ENV_PREFIX>/lib/python3.11/site-packages/rdkit/Chem/rdForceFieldHelpers.so
 9# boost::python::objects::function::call(_object*, _object*) const in <CONDA_ENV_PREFIX>/lib/python3.11/site-packages/rdkit/../../../libboost_python311.so.1.86.0
10# 0x00007FCD6570D449 in <CONDA_ENV_PREFIX>/lib/python3.11/site-packages/rdkit/../../../libboost_python311.so.1.86.0
11# boost::python::detail::exception_handler::operator()(boost::function_n<void> const&) const in <CONDA_ENV_PREFIX>/lib/python3.11/site-packages/rdkit/../../../libboost_python311.so.1.86.0
12# 0x00007FCD6346DC04 in <CONDA_ENV_PREFIX>/lib/python3.11/site-packages/rdkit/Chem/rdSLNParse.so
13# 0x00007FCD6385B354 in <CONDA_ENV_PREFIX>/lib/python3.11/site-packages/rdkit/Chem/rdDepictor.so
14# 0x00007FCD63AF9DD4 in <CONDA_ENV_PREFIX>/lib/python3.11/site-packages/rdkit/Chem/rdChemReactions.so
15# 0x00007FCD63AF9E24 in <CONDA_ENV_PREFIX>/lib/python3.11/site-packages/rdkit/Chem/rdChemReactions.so
16# 0x00007FCD63C72B94 in <CONDA_ENV_PREFIX>/lib/python3.11/site-packages/rdkit/Chem/rdMolChemicalFeatures.so
17# 0x00007FCD646EA9B4 in <CONDA_ENV_PREFIX>/lib/python3.11/site-packages/rdkit/Chem/rdmolfiles.so
18# 0x00007FCD646EAA04 in <CONDA_ENV_PREFIX>/lib/python3.11/site-packages/rdkit/Chem/rdmolfiles.so
19# 0x00007FCD64804B04 in <CONDA_ENV_PREFIX>/lib/python3.11/site-packages/rdkit/Chem/rdCIPLabeler.so
20# 0x00007FCD651D9174 in <CONDA_ENV_PREFIX>/lib/python3.11/site-packages/rdkit/Chem/rdchem.so
21# 0x00007FCD6516DAAD in <CONDA_ENV_PREFIX>/lib/python3.11/site-packages/rdkit/Chem/rdchem.so
22# 0x00007FCD6516D6AD in <CONDA_ENV_PREFIX>/lib/python3.11/site-packages/rdkit/Chem/rdchem.so
23# 0x00007FCD6516D2AD in <CONDA_ENV_PREFIX>/lib/python3.11/site-packages/rdkit/Chem/rdchem.so
24# 0x00007FCD6516CEAD in <CONDA_ENV_PREFIX>/lib/python3.11/site-packages/rdkit/Chem/rdchem.so
25# 0x00007FCD6516CAAD in <CONDA_ENV_PREFIX>/lib/python3.11/site-packages/rdkit/Chem/rdchem.so
26# 0x00007FCD657E1E54 in <CONDA_ENV_PREFIX>/lib/python3.11/site-packages/rdkit/rdBase.so
27# 0x00007FCD657E1EA4 in <CONDA_ENV_PREFIX>/lib/python3.11/site-packages/rdkit/rdBase.so
28# 0x00007FCD657E1EF4 in <CONDA_ENV_PREFIX>/lib/python3.11/site-packages/rdkit/rdBase.so
29# 0x00007FCD657E1F44 in <CONDA_ENV_PREFIX>/lib/python3.11/site-packages/rdkit/rdBase.so
30# boost::python::handle_exception_impl(boost::function_n<void>) in <CONDA_ENV_PREFIX>/lib/python3.11/site-packages/rdkit/../../../libboost_python311.so.1.86.0
31# 0x00007FCD6570A9B3 in <CONDA_ENV_PREFIX>/lib/python3.11/site-packages/rdkit/../../../libboost_python311.so.1.86.0
32# _PyObject_MakeTpCall in <CONDA_ENV_PREFIX>/bin/python
33# _PyEval_EvalFrameDefault in <CONDA_ENV_PREFIX>/bin/python
34# _PyFunction_Vectorcall in <CONDA_ENV_PREFIX>/bin/python
35# 0x000055C22A85CC50 in <CONDA_ENV_PREFIX>/bin/python
36# 0x000055C22A772745 in <CONDA_ENV_PREFIX>/bin/python
37# 0x000055C22A7A31AA in <CONDA_ENV_PREFIX>/bin/python
38# PyObject_Vectorcall in <CONDA_ENV_PREFIX>/bin/python
39# _PyEval_EvalFrameDefault in <CONDA_ENV_PREFIX>/bin/python
40# _PyFunction_Vectorcall in <CONDA_ENV_PREFIX>/bin/python
41# _PyEval_EvalFrameDefault in <CONDA_ENV_PREFIX>/bin/python
42# _PyFunction_Vectorcall in <CONDA_ENV_PREFIX>/bin/python
43# _PyEval_EvalFrameDefault in <CONDA_ENV_PREFIX>/bin/python
44# _PyFunction_Vectorcall in <CONDA_ENV_PREFIX>/bin/python
45# 0x000055C22A75E979 in <CONDA_ENV_PREFIX>/bin/python
46# _PyObject_MakeTpCall in <CONDA_ENV_PREFIX>/bin/python
47# _PyEval_EvalFrameDefault in <CONDA_ENV_PREFIX>/bin/python
48# _PyFunction_Vectorcall in <CONDA_ENV_PREFIX>/bin/python
49# 0x000055C22A75EA1D in <CONDA_ENV_PREFIX>/bin/python
50# _PyObject_MakeTpCall in <CONDA_ENV_PREFIX>/bin/python
51# _PyEval_EvalFrameDefault in <CONDA_ENV_PREFIX>/bin/python
52# 0x000055C22A7E9B0D in <CONDA_ENV_PREFIX>/bin/python
53# PyEval_EvalCode in <CONDA_ENV_PREFIX>/bin/python
54# 0x000055C22A8071AA in <CONDA_ENV_PREFIX>/bin/python
55# 0x000055C22A802E33 in <CONDA_ENV_PREFIX>/bin/python
56# 0x000055C22A8183D0 in <CONDA_ENV_PREFIX>/bin/python
57# _PyRun_SimpleFileObject in <CONDA_ENV_PREFIX>/bin/python
58# _PyRun_AnyFileObject in <CONDA_ENV_PREFIX>/bin/python
59# Py_RunMain in <CONDA_ENV_PREFIX>/bin/python
60# Py_BytesMain in <CONDA_ENV_PREFIX>/bin/python
61# 0x00007FCD74392D90 in /lib/x86_64-linux-gnu/libc.so.6
62# __libc_start_main in /lib/x86_64-linux-gnu/libc.so.6
63# 0x000055C22A7D937A in <CONDA_ENV_PREFIX>/bin/python
----------
****

[21:44:16] UFFTYPER: Unrecognized atom type: S_5+6 (13)
[21:44:16] UFFTYPER: Unrecognized atom type: S_5+6 (13)
[21:44:16] 

****
Pre-condition Violation
bad params pointer
Violation occurred on line 79 in file /home/conda/feedstock_root/build_artifacts/rdkit-meta_1745736747213/work/Code/ForceField/UFF/AngleBend.cpp
Failed Expression: at2Params
----------
Stacktrace:
 0# Invar::Invariant::toString[abi:cxx11]() const in <CONDA_ENV_PREFIX>/lib/python3.11/site-packages/rdkit/../../../libRDKitRDGeneral.so.1
 1# Invar::operator<<(std::ostream&, Invar::Invariant const&) in <CONDA_ENV_PREFIX>/lib/python3.11/site-packages/rdkit/../../../libRDKitRDGeneral.so.1
 2# ForceFields::UFF::AngleBendContrib::AngleBendContrib(ForceFields::ForceField*, unsigned int, unsigned int, unsigned int, double, double, ForceFields::UFF::AtomicParams const*, ForceFields::UFF::AtomicParams const*, ForceFields::UFF::AtomicParams const*, unsigned int) in <CONDA_ENV_PREFIX>/lib/python3.11/site-packages/rdkit/ForceField/../../../../libRDKitForceField.so.1
 3# RDKit::UFF::Tools::addTrigonalBipyramidAngles(RDKit::Atom const*, RDKit::ROMol const&, int, std::vector<ForceFields::UFF::AtomicParams const*, std::allocator<ForceFields::UFF::AtomicParams const*> > const&, ForceFields::ForceField*) in <CONDA_ENV_PREFIX>/lib/python3.11/site-packages/rdkit/ForceField/../../../../libRDKitForceFieldHelpers.so.1
 4# RDKit::UFF::Tools::addAngleSpecialCases(RDKit::ROMol const&, int, std::vector<ForceFields::UFF::AtomicParams const*, std::allocator<ForceFields::UFF::AtomicParams const*> > const&, ForceFields::ForceField*) in <CONDA_ENV_PREFIX>/lib/python3.11/site-packages/rdkit/ForceField/../../../../libRDKitForceFieldHelpers.so.1
 5# RDKit::UFF::constructForceField(RDKit::ROMol&, std::vector<ForceFields::UFF::AtomicParams const*, std::allocator<ForceFields::UFF::AtomicParams const*> > const&, double, int, bool) in <CONDA_ENV_PREFIX>/lib/python3.11/site-packages/rdkit/ForceField/../../../../libRDKitForceFieldHelpers.so.1
 6# RDKit::UFF::constructForceField(RDKit::ROMol&, double, int, bool) in <CONDA_ENV_PREFIX>/lib/python3.11/site-packages/rdkit/ForceField/../../../../libRDKitForceFieldHelpers.so.1
 7# RDKit::UFFHelper(RDKit::ROMol&, int, double, int, bool) in <CONDA_ENV_PREFIX>/lib/python3.11/site-packages/rdkit/Chem/rdForceFieldHelpers.so
 8# 0x00007FCD637B403D in <CONDA_ENV_PREFIX>/lib/python3.11/site-packages/rdkit/Chem/rdForceFieldHelpers.so
 9# boost::python::objects::function::call(_object*, _object*) const in <CONDA_ENV_PREFIX>/lib/python3.11/site-packages/rdkit/../../../libboost_python311.so.1.86.0
10# 0x00007FCD6570D449 in <CONDA_ENV_PREFIX>/lib/python3.11/site-packages/rdkit/../../../libboost_python311.so.1.86.0
11# boost::python::detail::exception_handler::operator()(boost::function_n<void> const&) const in <CONDA_ENV_PREFIX>/lib/python3.11/site-packages/rdkit/../../../libboost_python311.so.1.86.0
12# 0x00007FCD6346DC04 in <CONDA_ENV_PREFIX>/lib/python3.11/site-packages/rdkit/Chem/rdSLNParse.so
13# 0x00007FCD6385B354 in <CONDA_ENV_PREFIX>/lib/python3.11/site-packages/rdkit/Chem/rdDepictor.so
14# 0x00007FCD63AF9DD4 in <CONDA_ENV_PREFIX>/lib/python3.11/site-packages/rdkit/Chem/rdChemReactions.so
15# 0x00007FCD63AF9E24 in <CONDA_ENV_PREFIX>/lib/python3.11/site-packages/rdkit/Chem/rdChemReactions.so
16# 0x00007FCD63C72B94 in <CONDA_ENV_PREFIX>/lib/python3.11/site-packages/rdkit/Chem/rdMolChemicalFeatures.so
17# 0x00007FCD646EA9B4 in <CONDA_ENV_PREFIX>/lib/python3.11/site-packages/rdkit/Chem/rdmolfiles.so
18# 0x00007FCD646EAA04 in <CONDA_ENV_PREFIX>/lib/python3.11/site-packages/rdkit/Chem/rdmolfiles.so
19# 0x00007FCD64804B04 in <CONDA_ENV_PREFIX>/lib/python3.11/site-packages/rdkit/Chem/rdCIPLabeler.so
20# 0x00007FCD651D9174 in <CONDA_ENV_PREFIX>/lib/python3.11/site-packages/rdkit/Chem/rdchem.so
21# 0x00007FCD6516DAAD in <CONDA_ENV_PREFIX>/lib/python3.11/site-packages/rdkit/Chem/rdchem.so
22# 0x00007FCD6516D6AD in <CONDA_ENV_PREFIX>/lib/python3.11/site-packages/rdkit/Chem/rdchem.so
23# 0x00007FCD6516D2AD in <CONDA_ENV_PREFIX>/lib/python3.11/site-packages/rdkit/Chem/rdchem.so
24# 0x00007FCD6516CEAD in <CONDA_ENV_PREFIX>/lib/python3.11/site-packages/rdkit/Chem/rdchem.so
25# 0x00007FCD6516CAAD in <CONDA_ENV_PREFIX>/lib/python3.11/site-packages/rdkit/Chem/rdchem.so
26# 0x00007FCD657E1E54 in <CONDA_ENV_PREFIX>/lib/python3.11/site-packages/rdkit/rdBase.so
27# 0x00007FCD657E1EA4 in <CONDA_ENV_PREFIX>/lib/python3.11/site-packages/rdkit/rdBase.so
28# 0x00007FCD657E1EF4 in <CONDA_ENV_PREFIX>/lib/python3.11/site-packages/rdkit/rdBase.so
29# 0x00007FCD657E1F44 in <CONDA_ENV_PREFIX>/lib/python3.11/site-packages/rdkit/rdBase.so
30# boost::python::handle_exception_impl(boost::function_n<void>) in <CONDA_ENV_PREFIX>/lib/python3.11/site-packages/rdkit/../../../libboost_python311.so.1.86.0
31# 0x00007FCD6570A9B3 in <CONDA_ENV_PREFIX>/lib/python3.11/site-packages/rdkit/../../../libboost_python311.so.1.86.0
32# _PyObject_MakeTpCall in <CONDA_ENV_PREFIX>/bin/python
33# _PyEval_EvalFrameDefault in <CONDA_ENV_PREFIX>/bin/python
34# _PyFunction_Vectorcall in <CONDA_ENV_PREFIX>/bin/python
35# 0x000055C22A85CC50 in <CONDA_ENV_PREFIX>/bin/python
36# 0x000055C22A772745 in <CONDA_ENV_PREFIX>/bin/python
37# 0x000055C22A7A31AA in <CONDA_ENV_PREFIX>/bin/python
38# PyObject_Vectorcall in <CONDA_ENV_PREFIX>/bin/python
39# _PyEval_EvalFrameDefault in <CONDA_ENV_PREFIX>/bin/python
40# _PyFunction_Vectorcall in <CONDA_ENV_PREFIX>/bin/python
41# _PyEval_EvalFrameDefault in <CONDA_ENV_PREFIX>/bin/python
42# _PyFunction_Vectorcall in <CONDA_ENV_PREFIX>/bin/python
43# _PyEval_EvalFrameDefault in <CONDA_ENV_PREFIX>/bin/python
44# _PyFunction_Vectorcall in <CONDA_ENV_PREFIX>/bin/python
45# 0x000055C22A75E979 in <CONDA_ENV_PREFIX>/bin/python
46# _PyObject_MakeTpCall in <CONDA_ENV_PREFIX>/bin/python
47# _PyEval_EvalFrameDefault in <CONDA_ENV_PREFIX>/bin/python
48# _PyFunction_Vectorcall in <CONDA_ENV_PREFIX>/bin/python
49# 0x000055C22A75EA1D in <CONDA_ENV_PREFIX>/bin/python
50# _PyObject_MakeTpCall in <CONDA_ENV_PREFIX>/bin/python
51# _PyEval_EvalFrameDefault in <CONDA_ENV_PREFIX>/bin/python
52# 0x000055C22A7E9B0D in <CONDA_ENV_PREFIX>/bin/python
53# PyEval_EvalCode in <CONDA_ENV_PREFIX>/bin/python
54# 0x000055C22A8071AA in <CONDA_ENV_PREFIX>/bin/python
55# 0x000055C22A802E33 in <CONDA_ENV_PREFIX>/bin/python
56# 0x000055C22A8183D0 in <CONDA_ENV_PREFIX>/bin/python
57# _PyRun_SimpleFileObject in <CONDA_ENV_PREFIX>/bin/python
58# _PyRun_AnyFileObject in <CONDA_ENV_PREFIX>/bin/python
59# Py_RunMain in <CONDA_ENV_PREFIX>/bin/python
60# Py_BytesMain in <CONDA_ENV_PREFIX>/bin/python
61# 0x00007FCD74392D90 in /lib/x86_64-linux-gnu/libc.so.6
62# __libc_start_main in /lib/x86_64-linux-gnu/libc.so.6
63# 0x000055C22A7D937A in <CONDA_ENV_PREFIX>/bin/python
----------
****

[21:44:17] UFFTYPER: Unrecognized atom type: S_5+6 (9)
[21:44:17] UFFTYPER: Unrecognized atom type: S_5+6 (9)
[21:44:17] 

****
Pre-condition Violation
bad params pointer
Violation occurred on line 79 in file /home/conda/feedstock_root/build_artifacts/rdkit-meta_1745736747213/work/Code/ForceField/UFF/AngleBend.cpp
Failed Expression: at2Params
----------
Stacktrace:
 0# Invar::Invariant::toString[abi:cxx11]() const in <CONDA_ENV_PREFIX>/lib/python3.11/site-packages/rdkit/../../../libRDKitRDGeneral.so.1
 1# Invar::operator<<(std::ostream&, Invar::Invariant const&) in <CONDA_ENV_PREFIX>/lib/python3.11/site-packages/rdkit/../../../libRDKitRDGeneral.so.1
 2# ForceFields::UFF::AngleBendContrib::AngleBendContrib(ForceFields::ForceField*, unsigned int, unsigned int, unsigned int, double, double, ForceFields::UFF::AtomicParams const*, ForceFields::UFF::AtomicParams const*, ForceFields::UFF::AtomicParams const*, unsigned int) in <CONDA_ENV_PREFIX>/lib/python3.11/site-packages/rdkit/ForceField/../../../../libRDKitForceField.so.1
 3# RDKit::UFF::Tools::addTrigonalBipyramidAngles(RDKit::Atom const*, RDKit::ROMol const&, int, std::vector<ForceFields::UFF::AtomicParams const*, std::allocator<ForceFields::UFF::AtomicParams const*> > const&, ForceFields::ForceField*) in <CONDA_ENV_PREFIX>/lib/python3.11/site-packages/rdkit/ForceField/../../../../libRDKitForceFieldHelpers.so.1
 4# RDKit::UFF::Tools::addAngleSpecialCases(RDKit::ROMol const&, int, std::vector<ForceFields::UFF::AtomicParams const*, std::allocator<ForceFields::UFF::AtomicParams const*> > const&, ForceFields::ForceField*) in <CONDA_ENV_PREFIX>/lib/python3.11/site-packages/rdkit/ForceField/../../../../libRDKitForceFieldHelpers.so.1
 5# RDKit::UFF::constructForceField(RDKit::ROMol&, std::vector<ForceFields::UFF::AtomicParams const*, std::allocator<ForceFields::UFF::AtomicParams const*> > const&, double, int, bool) in <CONDA_ENV_PREFIX>/lib/python3.11/site-packages/rdkit/ForceField/../../../../libRDKitForceFieldHelpers.so.1
 6# RDKit::UFF::constructForceField(RDKit::ROMol&, double, int, bool) in <CONDA_ENV_PREFIX>/lib/python3.11/site-packages/rdkit/ForceField/../../../../libRDKitForceFieldHelpers.so.1
 7# RDKit::UFFHelper(RDKit::ROMol&, int, double, int, bool) in <CONDA_ENV_PREFIX>/lib/python3.11/site-packages/rdkit/Chem/rdForceFieldHelpers.so
 8# 0x00007FCD637B403D in <CONDA_ENV_PREFIX>/lib/python3.11/site-packages/rdkit/Chem/rdForceFieldHelpers.so
 9# boost::python::objects::function::call(_object*, _object*) const in <CONDA_ENV_PREFIX>/lib/python3.11/site-packages/rdkit/../../../libboost_python311.so.1.86.0
10# 0x00007FCD6570D449 in <CONDA_ENV_PREFIX>/lib/python3.11/site-packages/rdkit/../../../libboost_python311.so.1.86.0
11# boost::python::detail::exception_handler::operator()(boost::function_n<void> const&) const in <CONDA_ENV_PREFIX>/lib/python3.11/site-packages/rdkit/../../../libboost_python311.so.1.86.0
12# 0x00007FCD6346DC04 in <CONDA_ENV_PREFIX>/lib/python3.11/site-packages/rdkit/Chem/rdSLNParse.so
13# 0x00007FCD6385B354 in <CONDA_ENV_PREFIX>/lib/python3.11/site-packages/rdkit/Chem/rdDepictor.so
14# 0x00007FCD63AF9DD4 in <CONDA_ENV_PREFIX>/lib/python3.11/site-packages/rdkit/Chem/rdChemReactions.so
15# 0x00007FCD63AF9E24 in <CONDA_ENV_PREFIX>/lib/python3.11/site-packages/rdkit/Chem/rdChemReactions.so
16# 0x00007FCD63C72B94 in <CONDA_ENV_PREFIX>/lib/python3.11/site-packages/rdkit/Chem/rdMolChemicalFeatures.so
17# 0x00007FCD646EA9B4 in <CONDA_ENV_PREFIX>/lib/python3.11/site-packages/rdkit/Chem/rdmolfiles.so
18# 0x00007FCD646EAA04 in <CONDA_ENV_PREFIX>/lib/python3.11/site-packages/rdkit/Chem/rdmolfiles.so
19# 0x00007FCD64804B04 in <CONDA_ENV_PREFIX>/lib/python3.11/site-packages/rdkit/Chem/rdCIPLabeler.so
20# 0x00007FCD651D9174 in <CONDA_ENV_PREFIX>/lib/python3.11/site-packages/rdkit/Chem/rdchem.so
21# 0x00007FCD6516DAAD in <CONDA_ENV_PREFIX>/lib/python3.11/site-packages/rdkit/Chem/rdchem.so
22# 0x00007FCD6516D6AD in <CONDA_ENV_PREFIX>/lib/python3.11/site-packages/rdkit/Chem/rdchem.so
23# 0x00007FCD6516D2AD in <CONDA_ENV_PREFIX>/lib/python3.11/site-packages/rdkit/Chem/rdchem.so
24# 0x00007FCD6516CEAD in <CONDA_ENV_PREFIX>/lib/python3.11/site-packages/rdkit/Chem/rdchem.so
25# 0x00007FCD6516CAAD in <CONDA_ENV_PREFIX>/lib/python3.11/site-packages/rdkit/Chem/rdchem.so
26# 0x00007FCD657E1E54 in <CONDA_ENV_PREFIX>/lib/python3.11/site-packages/rdkit/rdBase.so
27# 0x00007FCD657E1EA4 in <CONDA_ENV_PREFIX>/lib/python3.11/site-packages/rdkit/rdBase.so
28# 0x00007FCD657E1EF4 in <CONDA_ENV_PREFIX>/lib/python3.11/site-packages/rdkit/rdBase.so
29# 0x00007FCD657E1F44 in <CONDA_ENV_PREFIX>/lib/python3.11/site-packages/rdkit/rdBase.so
30# boost::python::handle_exception_impl(boost::function_n<void>) in <CONDA_ENV_PREFIX>/lib/python3.11/site-packages/rdkit/../../../libboost_python311.so.1.86.0
31# 0x00007FCD6570A9B3 in <CONDA_ENV_PREFIX>/lib/python3.11/site-packages/rdkit/../../../libboost_python311.so.1.86.0
32# _PyObject_MakeTpCall in <CONDA_ENV_PREFIX>/bin/python
33# _PyEval_EvalFrameDefault in <CONDA_ENV_PREFIX>/bin/python
34# _PyFunction_Vectorcall in <CONDA_ENV_PREFIX>/bin/python
35# 0x000055C22A85CC50 in <CONDA_ENV_PREFIX>/bin/python
36# 0x000055C22A772745 in <CONDA_ENV_PREFIX>/bin/python
37# 0x000055C22A7A31AA in <CONDA_ENV_PREFIX>/bin/python
38# PyObject_Vectorcall in <CONDA_ENV_PREFIX>/bin/python
39# _PyEval_EvalFrameDefault in <CONDA_ENV_PREFIX>/bin/python
40# _PyFunction_Vectorcall in <CONDA_ENV_PREFIX>/bin/python
41# _PyEval_EvalFrameDefault in <CONDA_ENV_PREFIX>/bin/python
42# _PyFunction_Vectorcall in <CONDA_ENV_PREFIX>/bin/python
43# _PyEval_EvalFrameDefault in <CONDA_ENV_PREFIX>/bin/python
44# _PyFunction_Vectorcall in <CONDA_ENV_PREFIX>/bin/python
45# 0x000055C22A75E979 in <CONDA_ENV_PREFIX>/bin/python
46# _PyObject_MakeTpCall in <CONDA_ENV_PREFIX>/bin/python
47# _PyEval_EvalFrameDefault in <CONDA_ENV_PREFIX>/bin/python
48# _PyFunction_Vectorcall in <CONDA_ENV_PREFIX>/bin/python
49# 0x000055C22A75EA1D in <CONDA_ENV_PREFIX>/bin/python
50# _PyObject_MakeTpCall in <CONDA_ENV_PREFIX>/bin/python
51# _PyEval_EvalFrameDefault in <CONDA_ENV_PREFIX>/bin/python
52# 0x000055C22A7E9B0D in <CONDA_ENV_PREFIX>/bin/python
53# PyEval_EvalCode in <CONDA_ENV_PREFIX>/bin/python
54# 0x000055C22A8071AA in <CONDA_ENV_PREFIX>/bin/python
55# 0x000055C22A802E33 in <CONDA_ENV_PREFIX>/bin/python
56# 0x000055C22A8183D0 in <CONDA_ENV_PREFIX>/bin/python
57# _PyRun_SimpleFileObject in <CONDA_ENV_PREFIX>/bin/python
58# _PyRun_AnyFileObject in <CONDA_ENV_PREFIX>/bin/python
59# Py_RunMain in <CONDA_ENV_PREFIX>/bin/python
60# Py_BytesMain in <CONDA_ENV_PREFIX>/bin/python
61# 0x00007FCD74392D90 in /lib/x86_64-linux-gnu/libc.so.6
62# __libc_start_main in /lib/x86_64-linux-gnu/libc.so.6
63# 0x000055C22A7D937A in <CONDA_ENV_PREFIX>/bin/python
----------
****

[21:44:17] UFFTYPER: Unrecognized atom type: S_5+6 (1)
[21:44:17] UFFTYPER: Unrecognized atom type: S_5+6 (1)
[21:44:17] 

****
Pre-condition Violation
bad params pointer
Violation occurred on line 79 in file /home/conda/feedstock_root/build_artifacts/rdkit-meta_1745736747213/work/Code/ForceField/UFF/AngleBend.cpp
Failed Expression: at2Params
----------
Stacktrace:
 0# Invar::Invariant::toString[abi:cxx11]() const in <CONDA_ENV_PREFIX>/lib/python3.11/site-packages/rdkit/../../../libRDKitRDGeneral.so.1
 1# Invar::operator<<(std::ostream&, Invar::Invariant const&) in <CONDA_ENV_PREFIX>/lib/python3.11/site-packages/rdkit/../../../libRDKitRDGeneral.so.1
 2# ForceFields::UFF::AngleBendContrib::AngleBendContrib(ForceFields::ForceField*, unsigned int, unsigned int, unsigned int, double, double, ForceFields::UFF::AtomicParams const*, ForceFields::UFF::AtomicParams const*, ForceFields::UFF::AtomicParams const*, unsigned int) in <CONDA_ENV_PREFIX>/lib/python3.11/site-packages/rdkit/ForceField/../../../../libRDKitForceField.so.1
 3# RDKit::UFF::Tools::addTrigonalBipyramidAngles(RDKit::Atom const*, RDKit::ROMol const&, int, std::vector<ForceFields::UFF::AtomicParams const*, std::allocator<ForceFields::UFF::AtomicParams const*> > const&, ForceFields::ForceField*) in <CONDA_ENV_PREFIX>/lib/python3.11/site-packages/rdkit/ForceField/../../../../libRDKitForceFieldHelpers.so.1
 4# RDKit::UFF::Tools::addAngleSpecialCases(RDKit::ROMol const&, int, std::vector<ForceFields::UFF::AtomicParams const*, std::allocator<ForceFields::UFF::AtomicParams const*> > const&, ForceFields::ForceField*) in <CONDA_ENV_PREFIX>/lib/python3.11/site-packages/rdkit/ForceField/../../../../libRDKitForceFieldHelpers.so.1
 5# RDKit::UFF::constructForceField(RDKit::ROMol&, std::vector<ForceFields::UFF::AtomicParams const*, std::allocator<ForceFields::UFF::AtomicParams const*> > const&, double, int, bool) in <CONDA_ENV_PREFIX>/lib/python3.11/site-packages/rdkit/ForceField/../../../../libRDKitForceFieldHelpers.so.1
 6# RDKit::UFF::constructForceField(RDKit::ROMol&, double, int, bool) in <CONDA_ENV_PREFIX>/lib/python3.11/site-packages/rdkit/ForceField/../../../../libRDKitForceFieldHelpers.so.1
 7# RDKit::UFFHelper(RDKit::ROMol&, int, double, int, bool) in <CONDA_ENV_PREFIX>/lib/python3.11/site-packages/rdkit/Chem/rdForceFieldHelpers.so
 8# 0x00007FCD637B403D in <CONDA_ENV_PREFIX>/lib/python3.11/site-packages/rdkit/Chem/rdForceFieldHelpers.so
 9# boost::python::objects::function::call(_object*, _object*) const in <CONDA_ENV_PREFIX>/lib/python3.11/site-packages/rdkit/../../../libboost_python311.so.1.86.0
10# 0x00007FCD6570D449 in <CONDA_ENV_PREFIX>/lib/python3.11/site-packages/rdkit/../../../libboost_python311.so.1.86.0
11# boost::python::detail::exception_handler::operator()(boost::function_n<void> const&) const in <CONDA_ENV_PREFIX>/lib/python3.11/site-packages/rdkit/../../../libboost_python311.so.1.86.0
12# 0x00007FCD6346DC04 in <CONDA_ENV_PREFIX>/lib/python3.11/site-packages/rdkit/Chem/rdSLNParse.so
13# 0x00007FCD6385B354 in <CONDA_ENV_PREFIX>/lib/python3.11/site-packages/rdkit/Chem/rdDepictor.so
14# 0x00007FCD63AF9DD4 in <CONDA_ENV_PREFIX>/lib/python3.11/site-packages/rdkit/Chem/rdChemReactions.so
15# 0x00007FCD63AF9E24 in <CONDA_ENV_PREFIX>/lib/python3.11/site-packages/rdkit/Chem/rdChemReactions.so
16# 0x00007FCD63C72B94 in <CONDA_ENV_PREFIX>/lib/python3.11/site-packages/rdkit/Chem/rdMolChemicalFeatures.so
17# 0x00007FCD646EA9B4 in <CONDA_ENV_PREFIX>/lib/python3.11/site-packages/rdkit/Chem/rdmolfiles.so
18# 0x00007FCD646EAA04 in <CONDA_ENV_PREFIX>/lib/python3.11/site-packages/rdkit/Chem/rdmolfiles.so
19# 0x00007FCD64804B04 in <CONDA_ENV_PREFIX>/lib/python3.11/site-packages/rdkit/Chem/rdCIPLabeler.so
20# 0x00007FCD651D9174 in <CONDA_ENV_PREFIX>/lib/python3.11/site-packages/rdkit/Chem/rdchem.so
21# 0x00007FCD6516DAAD in <CONDA_ENV_PREFIX>/lib/python3.11/site-packages/rdkit/Chem/rdchem.so
22# 0x00007FCD6516D6AD in <CONDA_ENV_PREFIX>/lib/python3.11/site-packages/rdkit/Chem/rdchem.so
23# 0x00007FCD6516D2AD in <CONDA_ENV_PREFIX>/lib/python3.11/site-packages/rdkit/Chem/rdchem.so
24# 0x00007FCD6516CEAD in <CONDA_ENV_PREFIX>/lib/python3.11/site-packages/rdkit/Chem/rdchem.so
25# 0x00007FCD6516CAAD in <CONDA_ENV_PREFIX>/lib/python3.11/site-packages/rdkit/Chem/rdchem.so
26# 0x00007FCD657E1E54 in <CONDA_ENV_PREFIX>/lib/python3.11/site-packages/rdkit/rdBase.so
27# 0x00007FCD657E1EA4 in <CONDA_ENV_PREFIX>/lib/python3.11/site-packages/rdkit/rdBase.so
28# 0x00007FCD657E1EF4 in <CONDA_ENV_PREFIX>/lib/python3.11/site-packages/rdkit/rdBase.so
29# 0x00007FCD657E1F44 in <CONDA_ENV_PREFIX>/lib/python3.11/site-packages/rdkit/rdBase.so
30# boost::python::handle_exception_impl(boost::function_n<void>) in <CONDA_ENV_PREFIX>/lib/python3.11/site-packages/rdkit/../../../libboost_python311.so.1.86.0
31# 0x00007FCD6570A9B3 in <CONDA_ENV_PREFIX>/lib/python3.11/site-packages/rdkit/../../../libboost_python311.so.1.86.0
32# _PyObject_MakeTpCall in <CONDA_ENV_PREFIX>/bin/python
33# _PyEval_EvalFrameDefault in <CONDA_ENV_PREFIX>/bin/python
34# _PyFunction_Vectorcall in <CONDA_ENV_PREFIX>/bin/python
35# 0x000055C22A85CC50 in <CONDA_ENV_PREFIX>/bin/python
36# 0x000055C22A772745 in <CONDA_ENV_PREFIX>/bin/python
37# 0x000055C22A7A31AA in <CONDA_ENV_PREFIX>/bin/python
38# PyObject_Vectorcall in <CONDA_ENV_PREFIX>/bin/python
39# _PyEval_EvalFrameDefault in <CONDA_ENV_PREFIX>/bin/python
40# _PyFunction_Vectorcall in <CONDA_ENV_PREFIX>/bin/python
41# _PyEval_EvalFrameDefault in <CONDA_ENV_PREFIX>/bin/python
42# _PyFunction_Vectorcall in <CONDA_ENV_PREFIX>/bin/python
43# _PyEval_EvalFrameDefault in <CONDA_ENV_PREFIX>/bin/python
44# _PyFunction_Vectorcall in <CONDA_ENV_PREFIX>/bin/python
45# 0x000055C22A75E979 in <CONDA_ENV_PREFIX>/bin/python
46# _PyObject_MakeTpCall in <CONDA_ENV_PREFIX>/bin/python
47# _PyEval_EvalFrameDefault in <CONDA_ENV_PREFIX>/bin/python
48# _PyFunction_Vectorcall in <CONDA_ENV_PREFIX>/bin/python
49# 0x000055C22A75EA1D in <CONDA_ENV_PREFIX>/bin/python
50# _PyObject_MakeTpCall in <CONDA_ENV_PREFIX>/bin/python
51# _PyEval_EvalFrameDefault in <CONDA_ENV_PREFIX>/bin/python
52# 0x000055C22A7E9B0D in <CONDA_ENV_PREFIX>/bin/python
53# PyEval_EvalCode in <CONDA_ENV_PREFIX>/bin/python
54# 0x000055C22A8071AA in <CONDA_ENV_PREFIX>/bin/python
55# 0x000055C22A802E33 in <CONDA_ENV_PREFIX>/bin/python
56# 0x000055C22A8183D0 in <CONDA_ENV_PREFIX>/bin/python
57# _PyRun_SimpleFileObject in <CONDA_ENV_PREFIX>/bin/python
58# _PyRun_AnyFileObject in <CONDA_ENV_PREFIX>/bin/python
59# Py_RunMain in <CONDA_ENV_PREFIX>/bin/python
60# Py_BytesMain in <CONDA_ENV_PREFIX>/bin/python
61# 0x00007FCD74392D90 in /lib/x86_64-linux-gnu/libc.so.6
62# __libc_start_main in /lib/x86_64-linux-gnu/libc.so.6
63# 0x000055C22A7D937A in <CONDA_ENV_PREFIX>/bin/python
----------
****

[21:44:18] UFFTYPER: Unrecognized atom type: S_5+6 (7)
[21:44:18] UFFTYPER: Unrecognized atom type: S_5+6 (7)
[21:44:18] 

****
Pre-condition Violation
bad params pointer
Violation occurred on line 79 in file /home/conda/feedstock_root/build_artifacts/rdkit-meta_1745736747213/work/Code/ForceField/UFF/AngleBend.cpp
Failed Expression: at2Params
----------
Stacktrace:
 0# Invar::Invariant::toString[abi:cxx11]() const in <CONDA_ENV_PREFIX>/lib/python3.11/site-packages/rdkit/../../../libRDKitRDGeneral.so.1
 1# Invar::operator<<(std::ostream&, Invar::Invariant const&) in <CONDA_ENV_PREFIX>/lib/python3.11/site-packages/rdkit/../../../libRDKitRDGeneral.so.1
 2# ForceFields::UFF::AngleBendContrib::AngleBendContrib(ForceFields::ForceField*, unsigned int, unsigned int, unsigned int, double, double, ForceFields::UFF::AtomicParams const*, ForceFields::UFF::AtomicParams const*, ForceFields::UFF::AtomicParams const*, unsigned int) in <CONDA_ENV_PREFIX>/lib/python3.11/site-packages/rdkit/ForceField/../../../../libRDKitForceField.so.1
 3# RDKit::UFF::Tools::addTrigonalBipyramidAngles(RDKit::Atom const*, RDKit::ROMol const&, int, std::vector<ForceFields::UFF::AtomicParams const*, std::allocator<ForceFields::UFF::AtomicParams const*> > const&, ForceFields::ForceField*) in <CONDA_ENV_PREFIX>/lib/python3.11/site-packages/rdkit/ForceField/../../../../libRDKitForceFieldHelpers.so.1
 4# RDKit::UFF::Tools::addAngleSpecialCases(RDKit::ROMol const&, int, std::vector<ForceFields::UFF::AtomicParams const*, std::allocator<ForceFields::UFF::AtomicParams const*> > const&, ForceFields::ForceField*) in <CONDA_ENV_PREFIX>/lib/python3.11/site-packages/rdkit/ForceField/../../../../libRDKitForceFieldHelpers.so.1
 5# RDKit::UFF::constructForceField(RDKit::ROMol&, std::vector<ForceFields::UFF::AtomicParams const*, std::allocator<ForceFields::UFF::AtomicParams const*> > const&, double, int, bool) in <CONDA_ENV_PREFIX>/lib/python3.11/site-packages/rdkit/ForceField/../../../../libRDKitForceFieldHelpers.so.1
 6# RDKit::UFF::constructForceField(RDKit::ROMol&, double, int, bool) in <CONDA_ENV_PREFIX>/lib/python3.11/site-packages/rdkit/ForceField/../../../../libRDKitForceFieldHelpers.so.1
 7# RDKit::UFFHelper(RDKit::ROMol&, int, double, int, bool) in <CONDA_ENV_PREFIX>/lib/python3.11/site-packages/rdkit/Chem/rdForceFieldHelpers.so
 8# 0x00007FCD637B403D in <CONDA_ENV_PREFIX>/lib/python3.11/site-packages/rdkit/Chem/rdForceFieldHelpers.so
 9# boost::python::objects::function::call(_object*, _object*) const in <CONDA_ENV_PREFIX>/lib/python3.11/site-packages/rdkit/../../../libboost_python311.so.1.86.0
10# 0x00007FCD6570D449 in <CONDA_ENV_PREFIX>/lib/python3.11/site-packages/rdkit/../../../libboost_python311.so.1.86.0
11# boost::python::detail::exception_handler::operator()(boost::function_n<void> const&) const in <CONDA_ENV_PREFIX>/lib/python3.11/site-packages/rdkit/../../../libboost_python311.so.1.86.0
12# 0x00007FCD6346DC04 in <CONDA_ENV_PREFIX>/lib/python3.11/site-packages/rdkit/Chem/rdSLNParse.so
13# 0x00007FCD6385B354 in <CONDA_ENV_PREFIX>/lib/python3.11/site-packages/rdkit/Chem/rdDepictor.so
14# 0x00007FCD63AF9DD4 in <CONDA_ENV_PREFIX>/lib/python3.11/site-packages/rdkit/Chem/rdChemReactions.so
15# 0x00007FCD63AF9E24 in <CONDA_ENV_PREFIX>/lib/python3.11/site-packages/rdkit/Chem/rdChemReactions.so
16# 0x00007FCD63C72B94 in <CONDA_ENV_PREFIX>/lib/python3.11/site-packages/rdkit/Chem/rdMolChemicalFeatures.so
17# 0x00007FCD646EA9B4 in <CONDA_ENV_PREFIX>/lib/python3.11/site-packages/rdkit/Chem/rdmolfiles.so
18# 0x00007FCD646EAA04 in <CONDA_ENV_PREFIX>/lib/python3.11/site-packages/rdkit/Chem/rdmolfiles.so
19# 0x00007FCD64804B04 in <CONDA_ENV_PREFIX>/lib/python3.11/site-packages/rdkit/Chem/rdCIPLabeler.so
20# 0x00007FCD651D9174 in <CONDA_ENV_PREFIX>/lib/python3.11/site-packages/rdkit/Chem/rdchem.so
21# 0x00007FCD6516DAAD in <CONDA_ENV_PREFIX>/lib/python3.11/site-packages/rdkit/Chem/rdchem.so
22# 0x00007FCD6516D6AD in <CONDA_ENV_PREFIX>/lib/python3.11/site-packages/rdkit/Chem/rdchem.so
23# 0x00007FCD6516D2AD in <CONDA_ENV_PREFIX>/lib/python3.11/site-packages/rdkit/Chem/rdchem.so
24# 0x00007FCD6516CEAD in <CONDA_ENV_PREFIX>/lib/python3.11/site-packages/rdkit/Chem/rdchem.so
25# 0x00007FCD6516CAAD in <CONDA_ENV_PREFIX>/lib/python3.11/site-packages/rdkit/Chem/rdchem.so
26# 0x00007FCD657E1E54 in <CONDA_ENV_PREFIX>/lib/python3.11/site-packages/rdkit/rdBase.so
27# 0x00007FCD657E1EA4 in <CONDA_ENV_PREFIX>/lib/python3.11/site-packages/rdkit/rdBase.so
28# 0x00007FCD657E1EF4 in <CONDA_ENV_PREFIX>/lib/python3.11/site-packages/rdkit/rdBase.so
29# 0x00007FCD657E1F44 in <CONDA_ENV_PREFIX>/lib/python3.11/site-packages/rdkit/rdBase.so
30# boost::python::handle_exception_impl(boost::function_n<void>) in <CONDA_ENV_PREFIX>/lib/python3.11/site-packages/rdkit/../../../libboost_python311.so.1.86.0
31# 0x00007FCD6570A9B3 in <CONDA_ENV_PREFIX>/lib/python3.11/site-packages/rdkit/../../../libboost_python311.so.1.86.0
32# _PyObject_MakeTpCall in <CONDA_ENV_PREFIX>/bin/python
33# _PyEval_EvalFrameDefault in <CONDA_ENV_PREFIX>/bin/python
34# _PyFunction_Vectorcall in <CONDA_ENV_PREFIX>/bin/python
35# 0x000055C22A85CC50 in <CONDA_ENV_PREFIX>/bin/python
36# 0x000055C22A772745 in <CONDA_ENV_PREFIX>/bin/python
37# 0x000055C22A7A31AA in <CONDA_ENV_PREFIX>/bin/python
38# PyObject_Vectorcall in <CONDA_ENV_PREFIX>/bin/python
39# _PyEval_EvalFrameDefault in <CONDA_ENV_PREFIX>/bin/python
40# _PyFunction_Vectorcall in <CONDA_ENV_PREFIX>/bin/python
41# _PyEval_EvalFrameDefault in <CONDA_ENV_PREFIX>/bin/python
42# _PyFunction_Vectorcall in <CONDA_ENV_PREFIX>/bin/python
43# _PyEval_EvalFrameDefault in <CONDA_ENV_PREFIX>/bin/python
44# _PyFunction_Vectorcall in <CONDA_ENV_PREFIX>/bin/python
45# 0x000055C22A75E979 in <CONDA_ENV_PREFIX>/bin/python
46# _PyObject_MakeTpCall in <CONDA_ENV_PREFIX>/bin/python
47# _PyEval_EvalFrameDefault in <CONDA_ENV_PREFIX>/bin/python
48# _PyFunction_Vectorcall in <CONDA_ENV_PREFIX>/bin/python
49# 0x000055C22A75EA1D in <CONDA_ENV_PREFIX>/bin/python
50# _PyObject_MakeTpCall in <CONDA_ENV_PREFIX>/bin/python
51# _PyEval_EvalFrameDefault in <CONDA_ENV_PREFIX>/bin/python
52# 0x000055C22A7E9B0D in <CONDA_ENV_PREFIX>/bin/python
53# PyEval_EvalCode in <CONDA_ENV_PREFIX>/bin/python
54# 0x000055C22A8071AA in <CONDA_ENV_PREFIX>/bin/python
55# 0x000055C22A802E33 in <CONDA_ENV_PREFIX>/bin/python
56# 0x000055C22A8183D0 in <CONDA_ENV_PREFIX>/bin/python
57# _PyRun_SimpleFileObject in <CONDA_ENV_PREFIX>/bin/python
58# _PyRun_AnyFileObject in <CONDA_ENV_PREFIX>/bin/python
59# Py_RunMain in <CONDA_ENV_PREFIX>/bin/python
60# Py_BytesMain in <CONDA_ENV_PREFIX>/bin/python
61# 0x00007FCD74392D90 in /lib/x86_64-linux-gnu/libc.so.6
62# __libc_start_main in /lib/x86_64-linux-gnu/libc.so.6
63# 0x000055C22A7D937A in <CONDA_ENV_PREFIX>/bin/python
----------
****

[21:44:18] UFFTYPER: Unrecognized atom type: S_5+6 (1)
[21:44:19] UFFTYPER: Unrecognized atom type: S_5+6 (1)
[21:44:19] 

****
Pre-condition Violation
bad params pointer
Violation occurred on line 79 in file /home/conda/feedstock_root/build_artifacts/rdkit-meta_1745736747213/work/Code/ForceField/UFF/AngleBend.cpp
Failed Expression: at2Params
----------
Stacktrace:
 0# Invar::Invariant::toString[abi:cxx11]() const in <CONDA_ENV_PREFIX>/lib/python3.11/site-packages/rdkit/../../../libRDKitRDGeneral.so.1
 1# Invar::operator<<(std::ostream&, Invar::Invariant const&) in <CONDA_ENV_PREFIX>/lib/python3.11/site-packages/rdkit/../../../libRDKitRDGeneral.so.1
 2# ForceFields::UFF::AngleBendContrib::AngleBendContrib(ForceFields::ForceField*, unsigned int, unsigned int, unsigned int, double, double, ForceFields::UFF::AtomicParams const*, ForceFields::UFF::AtomicParams const*, ForceFields::UFF::AtomicParams const*, unsigned int) in <CONDA_ENV_PREFIX>/lib/python3.11/site-packages/rdkit/ForceField/../../../../libRDKitForceField.so.1
 3# RDKit::UFF::Tools::addTrigonalBipyramidAngles(RDKit::Atom const*, RDKit::ROMol const&, int, std::vector<ForceFields::UFF::AtomicParams const*, std::allocator<ForceFields::UFF::AtomicParams const*> > const&, ForceFields::ForceField*) in <CONDA_ENV_PREFIX>/lib/python3.11/site-packages/rdkit/ForceField/../../../../libRDKitForceFieldHelpers.so.1
 4# RDKit::UFF::Tools::addAngleSpecialCases(RDKit::ROMol const&, int, std::vector<ForceFields::UFF::AtomicParams const*, std::allocator<ForceFields::UFF::AtomicParams const*> > const&, ForceFields::ForceField*) in <CONDA_ENV_PREFIX>/lib/python3.11/site-packages/rdkit/ForceField/../../../../libRDKitForceFieldHelpers.so.1
 5# RDKit::UFF::constructForceField(RDKit::ROMol&, std::vector<ForceFields::UFF::AtomicParams const*, std::allocator<ForceFields::UFF::AtomicParams const*> > const&, double, int, bool) in <CONDA_ENV_PREFIX>/lib/python3.11/site-packages/rdkit/ForceField/../../../../libRDKitForceFieldHelpers.so.1
 6# RDKit::UFF::constructForceField(RDKit::ROMol&, double, int, bool) in <CONDA_ENV_PREFIX>/lib/python3.11/site-packages/rdkit/ForceField/../../../../libRDKitForceFieldHelpers.so.1
 7# RDKit::UFFHelper(RDKit::ROMol&, int, double, int, bool) in <CONDA_ENV_PREFIX>/lib/python3.11/site-packages/rdkit/Chem/rdForceFieldHelpers.so
 8# 0x00007FCD637B403D in <CONDA_ENV_PREFIX>/lib/python3.11/site-packages/rdkit/Chem/rdForceFieldHelpers.so
 9# boost::python::objects::function::call(_object*, _object*) const in <CONDA_ENV_PREFIX>/lib/python3.11/site-packages/rdkit/../../../libboost_python311.so.1.86.0
10# 0x00007FCD6570D449 in <CONDA_ENV_PREFIX>/lib/python3.11/site-packages/rdkit/../../../libboost_python311.so.1.86.0
11# boost::python::detail::exception_handler::operator()(boost::function_n<void> const&) const in <CONDA_ENV_PREFIX>/lib/python3.11/site-packages/rdkit/../../../libboost_python311.so.1.86.0
12# 0x00007FCD6346DC04 in <CONDA_ENV_PREFIX>/lib/python3.11/site-packages/rdkit/Chem/rdSLNParse.so
13# 0x00007FCD6385B354 in <CONDA_ENV_PREFIX>/lib/python3.11/site-packages/rdkit/Chem/rdDepictor.so
14# 0x00007FCD63AF9DD4 in <CONDA_ENV_PREFIX>/lib/python3.11/site-packages/rdkit/Chem/rdChemReactions.so
15# 0x00007FCD63AF9E24 in <CONDA_ENV_PREFIX>/lib/python3.11/site-packages/rdkit/Chem/rdChemReactions.so
16# 0x00007FCD63C72B94 in <CONDA_ENV_PREFIX>/lib/python3.11/site-packages/rdkit/Chem/rdMolChemicalFeatures.so
17# 0x00007FCD646EA9B4 in <CONDA_ENV_PREFIX>/lib/python3.11/site-packages/rdkit/Chem/rdmolfiles.so
18# 0x00007FCD646EAA04 in <CONDA_ENV_PREFIX>/lib/python3.11/site-packages/rdkit/Chem/rdmolfiles.so
19# 0x00007FCD64804B04 in <CONDA_ENV_PREFIX>/lib/python3.11/site-packages/rdkit/Chem/rdCIPLabeler.so
20# 0x00007FCD651D9174 in <CONDA_ENV_PREFIX>/lib/python3.11/site-packages/rdkit/Chem/rdchem.so
21# 0x00007FCD6516DAAD in <CONDA_ENV_PREFIX>/lib/python3.11/site-packages/rdkit/Chem/rdchem.so
22# 0x00007FCD6516D6AD in <CONDA_ENV_PREFIX>/lib/python3.11/site-packages/rdkit/Chem/rdchem.so
23# 0x00007FCD6516D2AD in <CONDA_ENV_PREFIX>/lib/python3.11/site-packages/rdkit/Chem/rdchem.so
24# 0x00007FCD6516CEAD in <CONDA_ENV_PREFIX>/lib/python3.11/site-packages/rdkit/Chem/rdchem.so
25# 0x00007FCD6516CAAD in <CONDA_ENV_PREFIX>/lib/python3.11/site-packages/rdkit/Chem/rdchem.so
26# 0x00007FCD657E1E54 in <CONDA_ENV_PREFIX>/lib/python3.11/site-packages/rdkit/rdBase.so
27# 0x00007FCD657E1EA4 in <CONDA_ENV_PREFIX>/lib/python3.11/site-packages/rdkit/rdBase.so
28# 0x00007FCD657E1EF4 in <CONDA_ENV_PREFIX>/lib/python3.11/site-packages/rdkit/rdBase.so
29# 0x00007FCD657E1F44 in <CONDA_ENV_PREFIX>/lib/python3.11/site-packages/rdkit/rdBase.so
30# boost::python::handle_exception_impl(boost::function_n<void>) in <CONDA_ENV_PREFIX>/lib/python3.11/site-packages/rdkit/../../../libboost_python311.so.1.86.0
31# 0x00007FCD6570A9B3 in <CONDA_ENV_PREFIX>/lib/python3.11/site-packages/rdkit/../../../libboost_python311.so.1.86.0
32# _PyObject_MakeTpCall in <CONDA_ENV_PREFIX>/bin/python
33# _PyEval_EvalFrameDefault in <CONDA_ENV_PREFIX>/bin/python
34# _PyFunction_Vectorcall in <CONDA_ENV_PREFIX>/bin/python
35# 0x000055C22A85CC50 in <CONDA_ENV_PREFIX>/bin/python
36# 0x000055C22A772745 in <CONDA_ENV_PREFIX>/bin/python
37# 0x000055C22A7A31AA in <CONDA_ENV_PREFIX>/bin/python
38# PyObject_Vectorcall in <CONDA_ENV_PREFIX>/bin/python
39# _PyEval_EvalFrameDefault in <CONDA_ENV_PREFIX>/bin/python
40# _PyFunction_Vectorcall in <CONDA_ENV_PREFIX>/bin/python
41# _PyEval_EvalFrameDefault in <CONDA_ENV_PREFIX>/bin/python
42# _PyFunction_Vectorcall in <CONDA_ENV_PREFIX>/bin/python
43# _PyEval_EvalFrameDefault in <CONDA_ENV_PREFIX>/bin/python
44# _PyFunction_Vectorcall in <CONDA_ENV_PREFIX>/bin/python
45# 0x000055C22A75E979 in <CONDA_ENV_PREFIX>/bin/python
46# _PyObject_MakeTpCall in <CONDA_ENV_PREFIX>/bin/python
47# _PyEval_EvalFrameDefault in <CONDA_ENV_PREFIX>/bin/python
48# _PyFunction_Vectorcall in <CONDA_ENV_PREFIX>/bin/python
49# 0x000055C22A75EA1D in <CONDA_ENV_PREFIX>/bin/python
50# _PyObject_MakeTpCall in <CONDA_ENV_PREFIX>/bin/python
51# _PyEval_EvalFrameDefault in <CONDA_ENV_PREFIX>/bin/python
52# 0x000055C22A7E9B0D in <CONDA_ENV_PREFIX>/bin/python
53# PyEval_EvalCode in <CONDA_ENV_PREFIX>/bin/python
54# 0x000055C22A8071AA in <CONDA_ENV_PREFIX>/bin/python
55# 0x000055C22A802E33 in <CONDA_ENV_PREFIX>/bin/python
56# 0x000055C22A8183D0 in <CONDA_ENV_PREFIX>/bin/python
57# _PyRun_SimpleFileObject in <CONDA_ENV_PREFIX>/bin/python
58# _PyRun_AnyFileObject in <CONDA_ENV_PREFIX>/bin/python
59# Py_RunMain in <CONDA_ENV_PREFIX>/bin/python
60# Py_BytesMain in <CONDA_ENV_PREFIX>/bin/python
61# 0x00007FCD74392D90 in /lib/x86_64-linux-gnu/libc.so.6
62# __libc_start_main in /lib/x86_64-linux-gnu/libc.so.6
63# 0x000055C22A7D937A in <CONDA_ENV_PREFIX>/bin/python
----------
****

[21:44:19] UFFTYPER: Unrecognized atom type: S_5+6 (8)
[21:44:19] UFFTYPER: Unrecognized atom type: S_5+6 (8)
[21:44:19] 

****
Pre-condition Violation
bad params pointer
Violation occurred on line 79 in file /home/conda/feedstock_root/build_artifacts/rdkit-meta_1745736747213/work/Code/ForceField/UFF/AngleBend.cpp
Failed Expression: at2Params
----------
Stacktrace:
 0# Invar::Invariant::toString[abi:cxx11]() const in <CONDA_ENV_PREFIX>/lib/python3.11/site-packages/rdkit/../../../libRDKitRDGeneral.so.1
 1# Invar::operator<<(std::ostream&, Invar::Invariant const&) in <CONDA_ENV_PREFIX>/lib/python3.11/site-packages/rdkit/../../../libRDKitRDGeneral.so.1
 2# ForceFields::UFF::AngleBendContrib::AngleBendContrib(ForceFields::ForceField*, unsigned int, unsigned int, unsigned int, double, double, ForceFields::UFF::AtomicParams const*, ForceFields::UFF::AtomicParams const*, ForceFields::UFF::AtomicParams const*, unsigned int) in <CONDA_ENV_PREFIX>/lib/python3.11/site-packages/rdkit/ForceField/../../../../libRDKitForceField.so.1
 3# RDKit::UFF::Tools::addTrigonalBipyramidAngles(RDKit::Atom const*, RDKit::ROMol const&, int, std::vector<ForceFields::UFF::AtomicParams const*, std::allocator<ForceFields::UFF::AtomicParams const*> > const&, ForceFields::ForceField*) in <CONDA_ENV_PREFIX>/lib/python3.11/site-packages/rdkit/ForceField/../../../../libRDKitForceFieldHelpers.so.1
 4# RDKit::UFF::Tools::addAngleSpecialCases(RDKit::ROMol const&, int, std::vector<ForceFields::UFF::AtomicParams const*, std::allocator<ForceFields::UFF::AtomicParams const*> > const&, ForceFields::ForceField*) in <CONDA_ENV_PREFIX>/lib/python3.11/site-packages/rdkit/ForceField/../../../../libRDKitForceFieldHelpers.so.1
 5# RDKit::UFF::constructForceField(RDKit::ROMol&, std::vector<ForceFields::UFF::AtomicParams const*, std::allocator<ForceFields::UFF::AtomicParams const*> > const&, double, int, bool) in <CONDA_ENV_PREFIX>/lib/python3.11/site-packages/rdkit/ForceField/../../../../libRDKitForceFieldHelpers.so.1
 6# RDKit::UFF::constructForceField(RDKit::ROMol&, double, int, bool) in <CONDA_ENV_PREFIX>/lib/python3.11/site-packages/rdkit/ForceField/../../../../libRDKitForceFieldHelpers.so.1
 7# RDKit::UFFHelper(RDKit::ROMol&, int, double, int, bool) in <CONDA_ENV_PREFIX>/lib/python3.11/site-packages/rdkit/Chem/rdForceFieldHelpers.so
 8# 0x00007FCD637B403D in <CONDA_ENV_PREFIX>/lib/python3.11/site-packages/rdkit/Chem/rdForceFieldHelpers.so
 9# boost::python::objects::function::call(_object*, _object*) const in <CONDA_ENV_PREFIX>/lib/python3.11/site-packages/rdkit/../../../libboost_python311.so.1.86.0
10# 0x00007FCD6570D449 in <CONDA_ENV_PREFIX>/lib/python3.11/site-packages/rdkit/../../../libboost_python311.so.1.86.0
11# boost::python::detail::exception_handler::operator()(boost::function_n<void> const&) const in <CONDA_ENV_PREFIX>/lib/python3.11/site-packages/rdkit/../../../libboost_python311.so.1.86.0
12# 0x00007FCD6346DC04 in <CONDA_ENV_PREFIX>/lib/python3.11/site-packages/rdkit/Chem/rdSLNParse.so
13# 0x00007FCD6385B354 in <CONDA_ENV_PREFIX>/lib/python3.11/site-packages/rdkit/Chem/rdDepictor.so
14# 0x00007FCD63AF9DD4 in <CONDA_ENV_PREFIX>/lib/python3.11/site-packages/rdkit/Chem/rdChemReactions.so
15# 0x00007FCD63AF9E24 in <CONDA_ENV_PREFIX>/lib/python3.11/site-packages/rdkit/Chem/rdChemReactions.so
16# 0x00007FCD63C72B94 in <CONDA_ENV_PREFIX>/lib/python3.11/site-packages/rdkit/Chem/rdMolChemicalFeatures.so
17# 0x00007FCD646EA9B4 in <CONDA_ENV_PREFIX>/lib/python3.11/site-packages/rdkit/Chem/rdmolfiles.so
18# 0x00007FCD646EAA04 in <CONDA_ENV_PREFIX>/lib/python3.11/site-packages/rdkit/Chem/rdmolfiles.so
19# 0x00007FCD64804B04 in <CONDA_ENV_PREFIX>/lib/python3.11/site-packages/rdkit/Chem/rdCIPLabeler.so
20# 0x00007FCD651D9174 in <CONDA_ENV_PREFIX>/lib/python3.11/site-packages/rdkit/Chem/rdchem.so
21# 0x00007FCD6516DAAD in <CONDA_ENV_PREFIX>/lib/python3.11/site-packages/rdkit/Chem/rdchem.so
22# 0x00007FCD6516D6AD in <CONDA_ENV_PREFIX>/lib/python3.11/site-packages/rdkit/Chem/rdchem.so
23# 0x00007FCD6516D2AD in <CONDA_ENV_PREFIX>/lib/python3.11/site-packages/rdkit/Chem/rdchem.so
24# 0x00007FCD6516CEAD in <CONDA_ENV_PREFIX>/lib/python3.11/site-packages/rdkit/Chem/rdchem.so
25# 0x00007FCD6516CAAD in <CONDA_ENV_PREFIX>/lib/python3.11/site-packages/rdkit/Chem/rdchem.so
26# 0x00007FCD657E1E54 in <CONDA_ENV_PREFIX>/lib/python3.11/site-packages/rdkit/rdBase.so
27# 0x00007FCD657E1EA4 in <CONDA_ENV_PREFIX>/lib/python3.11/site-packages/rdkit/rdBase.so
28# 0x00007FCD657E1EF4 in <CONDA_ENV_PREFIX>/lib/python3.11/site-packages/rdkit/rdBase.so
29# 0x00007FCD657E1F44 in <CONDA_ENV_PREFIX>/lib/python3.11/site-packages/rdkit/rdBase.so
30# boost::python::handle_exception_impl(boost::function_n<void>) in <CONDA_ENV_PREFIX>/lib/python3.11/site-packages/rdkit/../../../libboost_python311.so.1.86.0
31# 0x00007FCD6570A9B3 in <CONDA_ENV_PREFIX>/lib/python3.11/site-packages/rdkit/../../../libboost_python311.so.1.86.0
32# _PyObject_MakeTpCall in <CONDA_ENV_PREFIX>/bin/python
33# _PyEval_EvalFrameDefault in <CONDA_ENV_PREFIX>/bin/python
34# _PyFunction_Vectorcall in <CONDA_ENV_PREFIX>/bin/python
35# 0x000055C22A85CC50 in <CONDA_ENV_PREFIX>/bin/python
36# 0x000055C22A772745 in <CONDA_ENV_PREFIX>/bin/python
37# 0x000055C22A7A31AA in <CONDA_ENV_PREFIX>/bin/python
38# PyObject_Vectorcall in <CONDA_ENV_PREFIX>/bin/python
39# _PyEval_EvalFrameDefault in <CONDA_ENV_PREFIX>/bin/python
40# _PyFunction_Vectorcall in <CONDA_ENV_PREFIX>/bin/python
41# _PyEval_EvalFrameDefault in <CONDA_ENV_PREFIX>/bin/python
42# _PyFunction_Vectorcall in <CONDA_ENV_PREFIX>/bin/python
43# _PyEval_EvalFrameDefault in <CONDA_ENV_PREFIX>/bin/python
44# _PyFunction_Vectorcall in <CONDA_ENV_PREFIX>/bin/python
45# 0x000055C22A75E979 in <CONDA_ENV_PREFIX>/bin/python
46# _PyObject_MakeTpCall in <CONDA_ENV_PREFIX>/bin/python
47# _PyEval_EvalFrameDefault in <CONDA_ENV_PREFIX>/bin/python
48# _PyFunction_Vectorcall in <CONDA_ENV_PREFIX>/bin/python
49# 0x000055C22A75EA1D in <CONDA_ENV_PREFIX>/bin/python
50# _PyObject_MakeTpCall in <CONDA_ENV_PREFIX>/bin/python
51# _PyEval_EvalFrameDefault in <CONDA_ENV_PREFIX>/bin/python
52# 0x000055C22A7E9B0D in <CONDA_ENV_PREFIX>/bin/python
53# PyEval_EvalCode in <CONDA_ENV_PREFIX>/bin/python
54# 0x000055C22A8071AA in <CONDA_ENV_PREFIX>/bin/python
55# 0x000055C22A802E33 in <CONDA_ENV_PREFIX>/bin/python
56# 0x000055C22A8183D0 in <CONDA_ENV_PREFIX>/bin/python
57# _PyRun_SimpleFileObject in <CONDA_ENV_PREFIX>/bin/python
58# _PyRun_AnyFileObject in <CONDA_ENV_PREFIX>/bin/python
59# Py_RunMain in <CONDA_ENV_PREFIX>/bin/python
60# Py_BytesMain in <CONDA_ENV_PREFIX>/bin/python
61# 0x00007FCD74392D90 in /lib/x86_64-linux-gnu/libc.so.6
62# __libc_start_main in /lib/x86_64-linux-gnu/libc.so.6
63# 0x000055C22A7D937A in <CONDA_ENV_PREFIX>/bin/python
----------
****

[21:44:20] UFFTYPER: Unrecognized atom type: S_5+6 (10)
[21:44:20] UFFTYPER: Unrecognized atom type: S_5+6 (10)
[21:44:20] 

****
Pre-condition Violation
bad params pointer
Violation occurred on line 79 in file /home/conda/feedstock_root/build_artifacts/rdkit-meta_1745736747213/work/Code/ForceField/UFF/AngleBend.cpp
Failed Expression: at2Params
----------
Stacktrace:
 0# Invar::Invariant::toString[abi:cxx11]() const in <CONDA_ENV_PREFIX>/lib/python3.11/site-packages/rdkit/../../../libRDKitRDGeneral.so.1
 1# Invar::operator<<(std::ostream&, Invar::Invariant const&) in <CONDA_ENV_PREFIX>/lib/python3.11/site-packages/rdkit/../../../libRDKitRDGeneral.so.1
 2# ForceFields::UFF::AngleBendContrib::AngleBendContrib(ForceFields::ForceField*, unsigned int, unsigned int, unsigned int, double, double, ForceFields::UFF::AtomicParams const*, ForceFields::UFF::AtomicParams const*, ForceFields::UFF::AtomicParams const*, unsigned int) in <CONDA_ENV_PREFIX>/lib/python3.11/site-packages/rdkit/ForceField/../../../../libRDKitForceField.so.1
 3# RDKit::UFF::Tools::addTrigonalBipyramidAngles(RDKit::Atom const*, RDKit::ROMol const&, int, std::vector<ForceFields::UFF::AtomicParams const*, std::allocator<ForceFields::UFF::AtomicParams const*> > const&, ForceFields::ForceField*) in <CONDA_ENV_PREFIX>/lib/python3.11/site-packages/rdkit/ForceField/../../../../libRDKitForceFieldHelpers.so.1
 4# RDKit::UFF::Tools::addAngleSpecialCases(RDKit::ROMol const&, int, std::vector<ForceFields::UFF::AtomicParams const*, std::allocator<ForceFields::UFF::AtomicParams const*> > const&, ForceFields::ForceField*) in <CONDA_ENV_PREFIX>/lib/python3.11/site-packages/rdkit/ForceField/../../../../libRDKitForceFieldHelpers.so.1
 5# RDKit::UFF::constructForceField(RDKit::ROMol&, std::vector<ForceFields::UFF::AtomicParams const*, std::allocator<ForceFields::UFF::AtomicParams const*> > const&, double, int, bool) in <CONDA_ENV_PREFIX>/lib/python3.11/site-packages/rdkit/ForceField/../../../../libRDKitForceFieldHelpers.so.1
 6# RDKit::UFF::constructForceField(RDKit::ROMol&, double, int, bool) in <CONDA_ENV_PREFIX>/lib/python3.11/site-packages/rdkit/ForceField/../../../../libRDKitForceFieldHelpers.so.1
 7# RDKit::UFFHelper(RDKit::ROMol&, int, double, int, bool) in <CONDA_ENV_PREFIX>/lib/python3.11/site-packages/rdkit/Chem/rdForceFieldHelpers.so
 8# 0x00007FCD637B403D in <CONDA_ENV_PREFIX>/lib/python3.11/site-packages/rdkit/Chem/rdForceFieldHelpers.so
 9# boost::python::objects::function::call(_object*, _object*) const in <CONDA_ENV_PREFIX>/lib/python3.11/site-packages/rdkit/../../../libboost_python311.so.1.86.0
10# 0x00007FCD6570D449 in <CONDA_ENV_PREFIX>/lib/python3.11/site-packages/rdkit/../../../libboost_python311.so.1.86.0
11# boost::python::detail::exception_handler::operator()(boost::function_n<void> const&) const in <CONDA_ENV_PREFIX>/lib/python3.11/site-packages/rdkit/../../../libboost_python311.so.1.86.0
12# 0x00007FCD6346DC04 in <CONDA_ENV_PREFIX>/lib/python3.11/site-packages/rdkit/Chem/rdSLNParse.so
13# 0x00007FCD6385B354 in <CONDA_ENV_PREFIX>/lib/python3.11/site-packages/rdkit/Chem/rdDepictor.so
14# 0x00007FCD63AF9DD4 in <CONDA_ENV_PREFIX>/lib/python3.11/site-packages/rdkit/Chem/rdChemReactions.so
15# 0x00007FCD63AF9E24 in <CONDA_ENV_PREFIX>/lib/python3.11/site-packages/rdkit/Chem/rdChemReactions.so
16# 0x00007FCD63C72B94 in <CONDA_ENV_PREFIX>/lib/python3.11/site-packages/rdkit/Chem/rdMolChemicalFeatures.so
17# 0x00007FCD646EA9B4 in <CONDA_ENV_PREFIX>/lib/python3.11/site-packages/rdkit/Chem/rdmolfiles.so
18# 0x00007FCD646EAA04 in <CONDA_ENV_PREFIX>/lib/python3.11/site-packages/rdkit/Chem/rdmolfiles.so
19# 0x00007FCD64804B04 in <CONDA_ENV_PREFIX>/lib/python3.11/site-packages/rdkit/Chem/rdCIPLabeler.so
20# 0x00007FCD651D9174 in <CONDA_ENV_PREFIX>/lib/python3.11/site-packages/rdkit/Chem/rdchem.so
21# 0x00007FCD6516DAAD in <CONDA_ENV_PREFIX>/lib/python3.11/site-packages/rdkit/Chem/rdchem.so
22# 0x00007FCD6516D6AD in <CONDA_ENV_PREFIX>/lib/python3.11/site-packages/rdkit/Chem/rdchem.so
23# 0x00007FCD6516D2AD in <CONDA_ENV_PREFIX>/lib/python3.11/site-packages/rdkit/Chem/rdchem.so
24# 0x00007FCD6516CEAD in <CONDA_ENV_PREFIX>/lib/python3.11/site-packages/rdkit/Chem/rdchem.so
25# 0x00007FCD6516CAAD in <CONDA_ENV_PREFIX>/lib/python3.11/site-packages/rdkit/Chem/rdchem.so
26# 0x00007FCD657E1E54 in <CONDA_ENV_PREFIX>/lib/python3.11/site-packages/rdkit/rdBase.so
27# 0x00007FCD657E1EA4 in <CONDA_ENV_PREFIX>/lib/python3.11/site-packages/rdkit/rdBase.so
28# 0x00007FCD657E1EF4 in <CONDA_ENV_PREFIX>/lib/python3.11/site-packages/rdkit/rdBase.so
29# 0x00007FCD657E1F44 in <CONDA_ENV_PREFIX>/lib/python3.11/site-packages/rdkit/rdBase.so
30# boost::python::handle_exception_impl(boost::function_n<void>) in <CONDA_ENV_PREFIX>/lib/python3.11/site-packages/rdkit/../../../libboost_python311.so.1.86.0
31# 0x00007FCD6570A9B3 in <CONDA_ENV_PREFIX>/lib/python3.11/site-packages/rdkit/../../../libboost_python311.so.1.86.0
32# _PyObject_MakeTpCall in <CONDA_ENV_PREFIX>/bin/python
33# _PyEval_EvalFrameDefault in <CONDA_ENV_PREFIX>/bin/python
34# _PyFunction_Vectorcall in <CONDA_ENV_PREFIX>/bin/python
35# 0x000055C22A85CC50 in <CONDA_ENV_PREFIX>/bin/python
36# 0x000055C22A772745 in <CONDA_ENV_PREFIX>/bin/python
37# 0x000055C22A7A31AA in <CONDA_ENV_PREFIX>/bin/python
38# PyObject_Vectorcall in <CONDA_ENV_PREFIX>/bin/python
39# _PyEval_EvalFrameDefault in <CONDA_ENV_PREFIX>/bin/python
40# _PyFunction_Vectorcall in <CONDA_ENV_PREFIX>/bin/python
41# _PyEval_EvalFrameDefault in <CONDA_ENV_PREFIX>/bin/python
42# _PyFunction_Vectorcall in <CONDA_ENV_PREFIX>/bin/python
43# _PyEval_EvalFrameDefault in <CONDA_ENV_PREFIX>/bin/python
44# _PyFunction_Vectorcall in <CONDA_ENV_PREFIX>/bin/python
45# 0x000055C22A75E979 in <CONDA_ENV_PREFIX>/bin/python
46# _PyObject_MakeTpCall in <CONDA_ENV_PREFIX>/bin/python
47# _PyEval_EvalFrameDefault in <CONDA_ENV_PREFIX>/bin/python
48# _PyFunction_Vectorcall in <CONDA_ENV_PREFIX>/bin/python
49# 0x000055C22A75EA1D in <CONDA_ENV_PREFIX>/bin/python
50# _PyObject_MakeTpCall in <CONDA_ENV_PREFIX>/bin/python
51# _PyEval_EvalFrameDefault in <CONDA_ENV_PREFIX>/bin/python
52# 0x000055C22A7E9B0D in <CONDA_ENV_PREFIX>/bin/python
53# PyEval_EvalCode in <CONDA_ENV_PREFIX>/bin/python
54# 0x000055C22A8071AA in <CONDA_ENV_PREFIX>/bin/python
55# 0x000055C22A802E33 in <CONDA_ENV_PREFIX>/bin/python
56# 0x000055C22A8183D0 in <CONDA_ENV_PREFIX>/bin/python
57# _PyRun_SimpleFileObject in <CONDA_ENV_PREFIX>/bin/python
58# _PyRun_AnyFileObject in <CONDA_ENV_PREFIX>/bin/python
59# Py_RunMain in <CONDA_ENV_PREFIX>/bin/python
60# Py_BytesMain in <CONDA_ENV_PREFIX>/bin/python
61# 0x00007FCD74392D90 in /lib/x86_64-linux-gnu/libc.so.6
62# __libc_start_main in /lib/x86_64-linux-gnu/libc.so.6
63# 0x000055C22A7D937A in <CONDA_ENV_PREFIX>/bin/python
----------
****

[21:51:58] Explicit valence for atom # 13 P, 7, is greater than permitted
[21:51:58] Explicit valence for atom # 13 P, 7, is greater than permitted
[21:51:58] Explicit valence for atom # 14 P, 7, is greater than permitted
[21:51:58] Explicit valence for atom # 11 P, 7, is greater than permitted
[21:52:01] Explicit valence for atom # 13 P, 7, is greater than permitted
[21:52:01] Explicit valence for atom # 12 P, 7, is greater than permitted
[21:52:01] Explicit valence for atom # 12 P, 7, is greater than permitted
[21:52:01] Explicit valence for atom # 13 P, 7, is greater than permitted
[21:52:01] Explicit valence for atom # 12 P, 7, is greater than permitted
[21:53:16] Explicit valence for atom # 11 P, 7, is greater than permitted
[21:53:16] Explicit valence for atom # 11 P, 7, is greater than permitted
[21:53:16] Explicit valence for atom # 11 P, 7, is greater than permitted
[21:53:16] Explicit valence for atom # 12 P, 7, is greater than permitted
[21:53:16] Explicit valence for atom # 8 P, 7, is greater than permitted
[21:53:16] Explicit valence for atom # 8 P, 7, is greater than permitted
[21:53:16] Explicit valence for atom # 8 P, 7, is greater than permitted
[21:53:16] Explicit valence for atom # 8 P, 7, is greater than permitted
[21:53:16] Explicit valence for atom # 12 P, 7, is greater than permitted
[21:53:16] Explicit valence for atom # 8 P, 7, is greater than permitted
[21:53:16] Explicit valence for atom # 12 P, 7, is greater than permitted
[21:53:16] Explicit valence for atom # 8 P, 7, is greater than permitted
[21:53:16] Explicit valence for atom # 10 P, 7, is greater than permitted
[21:53:16] Explicit valence for atom # 7 P, 7, is greater than permitted
[21:53:16] Explicit valence for atom # 7 P, 7, is greater than permitted
[21:53:16] Explicit valence for atom # 7 P, 7, is greater than permitted
[21:53:16] Explicit valence for atom # 7 P, 7, is greater than permitted
[21:53:16] Explicit valence for atom # 7 P, 7, is greater than permitted
[21:53:16] Explicit valence for atom # 11 P, 7, is greater than permitted
[21:53:16] Explicit valence for atom # 7 P, 7, is greater than permitted
[21:53:16] Explicit valence for atom # 7 P, 7, is greater than permitted
[21:53:16] Explicit valence for atom # 7 P, 7, is greater than permitted
[21:53:16] Explicit valence for atom # 12 P, 7, is greater than permitted
[21:53:16] Explicit valence for atom # 7 P, 7, is greater than permitted
[21:53:16] Explicit valence for atom # 11 P, 7, is greater than permitted
[21:53:24] Explicit valence for atom # 11 P, 7, is greater than permitted
[21:54:22] Explicit valence for atom # 11 P, 7, is greater than permitted
[21:54:22] Explicit valence for atom # 11 P, 7, is greater than permitted
[21:54:22] Explicit valence for atom # 12 P, 7, is greater than permitted
[21:54:22] Explicit valence for atom # 12 P, 7, is greater than permitted
[21:54:22] Explicit valence for atom # 11 P, 7, is greater than permitted
[21:54:22] Explicit valence for atom # 12 P, 7, is greater than permitted
[21:54:22] Explicit valence for atom # 12 P, 7, is greater than permitted[21:54:22] 
Explicit valence for atom # 12 P, 7, is greater than permitted
[21:54:22] Explicit valence for atom # 1 P, 7, is greater than permitted
[21:54:22] Explicit valence for atom # 12 P, 7, is greater than permitted
[21:54:22] Explicit valence for atom # 11 P, 7, is greater than permitted
[21:54:22] Explicit valence for atom # 11 P, 7, is greater than permitted
[21:54:22] Explicit valence for atom # 10 P, 7, is greater than permitted
[21:54:22] Explicit valence for atom # 11 P, 7, is greater than permitted
[21:54:22] Explicit valence for atom # 11 P, 7, is greater than permitted
[21:54:22] Explicit valence for atom # 11 P, 7, is greater than permitted
[21:54:22] Explicit valence for atom # 12 P, 7, is greater than permitted
[21:54:22] Explicit valence for atom # 12 P, 7, is greater than permitted
[21:54:22] Explicit valence for atom # 11 P, 7, is greater than permitted
[21:54:27] Explicit valence for atom # 11 P, 7, is greater than permitted
[21:54:27] Explicit valence for atom # 10 P, 7, is greater than permitted
[21:54:27] Explicit valence for atom # 11 P, 7, is greater than permitted
[22:08:18] Explicit valence for atom # 8 P, 7, is greater than permitted
[22:08:18] Explicit valence for atom # 8 P, 7, is greater than permitted
[22:08:18] Explicit valence for atom # 8 P, 7, is greater than permitted
[22:08:18] Explicit valence for atom # 8 P, 7, is greater than permitted
[22:08:18] Explicit valence for atom # 8 P, 7, is greater than permitted
[22:08:18] Explicit valence for atom # 8 P, 7, is greater than permitted
[22:08:18] Explicit valence for atom # 7 P, 7, is greater than permitted
[22:08:18] Explicit valence for atom # 7 P, 7, is greater than permitted
[22:08:18] Explicit valence for atom # 8 P, 7, is greater than permitted
[22:08:18] Explicit valence for atom # 8 P, 7, is greater than permitted
[22:08:18] Explicit valence for atom # 6 P, 7, is greater than permitted
[22:08:18] Explicit valence for atom # 8 P, 7, is greater than permitted
[22:08:18] Explicit valence for atom # 8 P, 7, is greater than permitted
[22:08:18] Explicit valence for atom # 9 P, 7, is greater than permitted
[22:08:18] Explicit valence for atom # 14 P, 7, is greater than permitted
[22:08:18] Explicit valence for atom # 14 P, 7, is greater than permitted
[22:08:18] Explicit valence for atom # 10 P, 7, is greater than permitted
[22:08:18] Explicit valence for atom # 8 P, 7, is greater than permitted
[22:08:18] Explicit valence for atom # 14 P, 7, is greater than permitted
[22:08:18] Explicit valence for atom # 14 P, 7, is greater than permitted
[22:08:18] Explicit valence for atom # 12 P, 7, is greater than permitted
[22:08:18] Explicit valence for atom # 15 P, 7, is greater than permitted
[22:08:18] Explicit valence for atom # 15 P, 7, is greater than permitted
[22:08:18] Explicit valence for atom # 11 P, 7, is greater than permitted
[22:08:18] Explicit valence for atom # 15 P, 7, is greater than permitted
[22:08:18] Explicit valence for atom # 14 P, 7, is greater than permitted
[22:08:18] Explicit valence for atom # 7 P, 7, is greater than permitted
[22:08:18] Explicit valence for atom # 14 P, 7, is greater than permitted
[22:08:18] Explicit valence for atom # 13 P, 7, is greater than permitted
[22:08:18] Explicit valence for atom # 14 P, 7, is greater than permitted
[22:08:18] Explicit valence for atom # 9 P, 7, is greater than permitted
[22:08:18] Explicit valence for atom # 10 P, 7, is greater than permitted
[22:09:09] Explicit valence for atom # 9 P, 7, is greater than permitted
