[20:03:25] UFFTYPER: Warning: hybridization set to SP3 for atom 14
[20:03:25] UFFTYPER: Warning: hybridization set to SP3 for atom 14
[20:03:26] Explicit valence for atom # 5 P, 7, is greater than permitted
[20:03:27] Explicit valence for atom # 5 P, 7, is greater than permitted
[20:03:31] Explicit valence for atom # 13 P, 7, is greater than permitted
[20:03:33] Explicit valence for atom # 14 P, 7, is greater than permitted
[20:03:35] UFFTYPER: Unrecognized atom type: S_5+6 (1)
[20:03:35] UFFTYPER: Unrecognized atom type: S_5+6 (1)
[20:03:35] 

****
Pre-condition Violation
bad params pointer
Violation occurred on line 79 in file /home/conda/feedstock_root/build_artifacts/rdkit-meta_1745736747213/work/Code/ForceField/UFF/AngleBend.cpp
Failed Expression: at2Params
----------
Stacktrace:
 0# Invar::Invariant::toString[abi:cxx11]() const in <CONDA_ENV_PREFIX>/lib/python3.11/site-packages/rdkit/../../../libRDKitRDGeneral.so.1
 1# Invar::operator<<(std::ostream&, Invar::Invariant const&) in <CONDA_ENV_PREFIX>/lib/python3.11/site-packages/rdkit/../../../libRDKitRDGeneral.so.1
 2# ForceFields::UFF::AngleBendContrib::AngleBendContrib(ForceFields::ForceField*, unsigned int, unsigned int, unsigned int, double, double, ForceFields::UFF::AtomicParams const*, ForceFields::UFF::AtomicParams const*, ForceFields::UFF::AtomicParams const*, unsigned int) in <CONDA_ENV_PREFIX>/lib/python3.11/site-packages/rdkit/ForceField/../../../../libRDKitForceField.so.1
 3# RDKit::UFF::Tools::addTrigonalBipyramidAngles(RDKit::Atom const*, RDKit::ROMol const&, int, std::vector<ForceFields::UFF::AtomicParams const*, std::allocator<ForceFields::UFF::AtomicParams const*> > const&, ForceFields::ForceField*) in <CONDA_ENV_PREFIX>/lib/python3.11/site-packages/rdkit/ForceField/../../../../libRDKitForceFieldHelpers.so.1
 4# RDKit::UFF::Tools::addAngleSpecialCases(RDKit::ROMol const&, int, std::vector<ForceFields::UFF::AtomicParams const*, std::allocator<ForceFields::UFF::AtomicParams const*> > const&, ForceFields::ForceField*) in <CONDA_ENV_PREFIX>/lib/python3.11/site-packages/rdkit/ForceField/../../../../libRDKitForceFieldHelpers.so.1
 5# RDKit::UFF::constructForceField(RDKit::ROMol&, std::vector<ForceFields::UFF::AtomicParams const*, std::allocator<ForceFields::UFF::AtomicParams const*> > const&, double, int, bool) in <CONDA_ENV_PREFIX>/lib/python3.11/site-packages/rdkit/ForceField/../../../../libRDKitForceFieldHelpers.so.1
 6# RDKit::UFF::constructForceField(RDKit::ROMol&, double, int, bool) in <CONDA_ENV_PREFIX>/lib/python3.11/site-packages/rdkit/ForceField/../../../../libRDKitForceFieldHelpers.so.1
 7# RDKit::UFFHelper(RDKit::ROMol&, int, double, int, bool) in <CONDA_ENV_PREFIX>/lib/python3.11/site-packages/rdkit/Chem/rdForceFieldHelpers.so
 8# 0x00007FAB6461403D in <CONDA_ENV_PREFIX>/lib/python3.11/site-packages/rdkit/Chem/rdForceFieldHelpers.so
 9# boost::python::objects::function::call(_object*, _object*) const in <CONDA_ENV_PREFIX>/lib/python3.11/site-packages/rdkit/../../../libboost_python311.so.1.86.0
10# 0x00007FAB6656D449 in <CONDA_ENV_PREFIX>/lib/python3.11/site-packages/rdkit/../../../libboost_python311.so.1.86.0
11# boost::python::detail::exception_handler::operator()(boost::function_n<void> const&) const in <CONDA_ENV_PREFIX>/lib/python3.11/site-packages/rdkit/../../../libboost_python311.so.1.86.0
12# 0x00007FAB642CDC04 in <CONDA_ENV_PREFIX>/lib/python3.11/site-packages/rdkit/Chem/rdSLNParse.so
13# 0x00007FAB646BB354 in <CONDA_ENV_PREFIX>/lib/python3.11/site-packages/rdkit/Chem/rdDepictor.so
14# 0x00007FAB64959DD4 in <CONDA_ENV_PREFIX>/lib/python3.11/site-packages/rdkit/Chem/rdChemReactions.so
15# 0x00007FAB64959E24 in <CONDA_ENV_PREFIX>/lib/python3.11/site-packages/rdkit/Chem/rdChemReactions.so
16# 0x00007FAB64AD2B94 in <CONDA_ENV_PREFIX>/lib/python3.11/site-packages/rdkit/Chem/rdMolChemicalFeatures.so
17# 0x00007FAB6554A9B4 in <CONDA_ENV_PREFIX>/lib/python3.11/site-packages/rdkit/Chem/rdmolfiles.so
18# 0x00007FAB6554AA04 in <CONDA_ENV_PREFIX>/lib/python3.11/site-packages/rdkit/Chem/rdmolfiles.so
19# 0x00007FAB65664B04 in <CONDA_ENV_PREFIX>/lib/python3.11/site-packages/rdkit/Chem/rdCIPLabeler.so
20# 0x00007FAB66039174 in <CONDA_ENV_PREFIX>/lib/python3.11/site-packages/rdkit/Chem/rdchem.so
21# 0x00007FAB65FCDAAD in <CONDA_ENV_PREFIX>/lib/python3.11/site-packages/rdkit/Chem/rdchem.so
22# 0x00007FAB65FCD6AD in <CONDA_ENV_PREFIX>/lib/python3.11/site-packages/rdkit/Chem/rdchem.so
23# 0x00007FAB65FCD2AD in <CONDA_ENV_PREFIX>/lib/python3.11/site-packages/rdkit/Chem/rdchem.so
24# 0x00007FAB65FCCEAD in <CONDA_ENV_PREFIX>/lib/python3.11/site-packages/rdkit/Chem/rdchem.so
25# 0x00007FAB65FCCAAD in <CONDA_ENV_PREFIX>/lib/python3.11/site-packages/rdkit/Chem/rdchem.so
26# 0x00007FAB66641E54 in <CONDA_ENV_PREFIX>/lib/python3.11/site-packages/rdkit/rdBase.so
27# 0x00007FAB66641EA4 in <CONDA_ENV_PREFIX>/lib/python3.11/site-packages/rdkit/rdBase.so
28# 0x00007FAB66641EF4 in <CONDA_ENV_PREFIX>/lib/python3.11/site-packages/rdkit/rdBase.so
29# 0x00007FAB66641F44 in <CONDA_ENV_PREFIX>/lib/python3.11/site-packages/rdkit/rdBase.so
30# boost::python::handle_exception_impl(boost::function_n<void>) in <CONDA_ENV_PREFIX>/lib/python3.11/site-packages/rdkit/../../../libboost_python311.so.1.86.0
31# 0x00007FAB6656A9B3 in <CONDA_ENV_PREFIX>/lib/python3.11/site-packages/rdkit/../../../libboost_python311.so.1.86.0
32# _PyObject_MakeTpCall in <CONDA_ENV_PREFIX>/bin/python
33# _PyEval_EvalFrameDefault in <CONDA_ENV_PREFIX>/bin/python
34# _PyFunction_Vectorcall in <CONDA_ENV_PREFIX>/bin/python
35# 0x0000562A975F3C50 in <CONDA_ENV_PREFIX>/bin/python
36# 0x0000562A97509745 in <CONDA_ENV_PREFIX>/bin/python
37# 0x0000562A9753A1AA in <CONDA_ENV_PREFIX>/bin/python
38# PyObject_Vectorcall in <CONDA_ENV_PREFIX>/bin/python
39# _PyEval_EvalFrameDefault in <CONDA_ENV_PREFIX>/bin/python
40# _PyFunction_Vectorcall in <CONDA_ENV_PREFIX>/bin/python
41# _PyEval_EvalFrameDefault in <CONDA_ENV_PREFIX>/bin/python
42# _PyFunction_Vectorcall in <CONDA_ENV_PREFIX>/bin/python
43# _PyEval_EvalFrameDefault in <CONDA_ENV_PREFIX>/bin/python
44# _PyFunction_Vectorcall in <CONDA_ENV_PREFIX>/bin/python
45# 0x0000562A974F5979 in <CONDA_ENV_PREFIX>/bin/python
46# _PyObject_MakeTpCall in <CONDA_ENV_PREFIX>/bin/python
47# _PyEval_EvalFrameDefault in <CONDA_ENV_PREFIX>/bin/python
48# _PyFunction_Vectorcall in <CONDA_ENV_PREFIX>/bin/python
49# 0x0000562A974F5A1D in <CONDA_ENV_PREFIX>/bin/python
50# _PyObject_MakeTpCall in <CONDA_ENV_PREFIX>/bin/python
51# _PyEval_EvalFrameDefault in <CONDA_ENV_PREFIX>/bin/python
52# 0x0000562A97580B0D in <CONDA_ENV_PREFIX>/bin/python
53# PyEval_EvalCode in <CONDA_ENV_PREFIX>/bin/python
54# 0x0000562A9759E1AA in <CONDA_ENV_PREFIX>/bin/python
55# 0x0000562A97599E33 in <CONDA_ENV_PREFIX>/bin/python
56# 0x0000562A975AF3D0 in <CONDA_ENV_PREFIX>/bin/python
57# _PyRun_SimpleFileObject in <CONDA_ENV_PREFIX>/bin/python
58# _PyRun_AnyFileObject in <CONDA_ENV_PREFIX>/bin/python
59# Py_RunMain in <CONDA_ENV_PREFIX>/bin/python
60# Py_BytesMain in <CONDA_ENV_PREFIX>/bin/python
61# 0x00007FAB751F1D90 in /lib/x86_64-linux-gnu/libc.so.6
62# __libc_start_main in /lib/x86_64-linux-gnu/libc.so.6
63# 0x0000562A9757037A in <CONDA_ENV_PREFIX>/bin/python
----------
****

[20:03:42] UFFTYPER: Unrecognized atom type: S_5+6 (9)
[20:03:42] UFFTYPER: Unrecognized atom type: S_5+6 (9)
[20:03:42] 

****
Pre-condition Violation
bad params pointer
Violation occurred on line 79 in file /home/conda/feedstock_root/build_artifacts/rdkit-meta_1745736747213/work/Code/ForceField/UFF/AngleBend.cpp
Failed Expression: at2Params
----------
Stacktrace:
 0# Invar::Invariant::toString[abi:cxx11]() const in <CONDA_ENV_PREFIX>/lib/python3.11/site-packages/rdkit/../../../libRDKitRDGeneral.so.1
 1# Invar::operator<<(std::ostream&, Invar::Invariant const&) in <CONDA_ENV_PREFIX>/lib/python3.11/site-packages/rdkit/../../../libRDKitRDGeneral.so.1
 2# ForceFields::UFF::AngleBendContrib::AngleBendContrib(ForceFields::ForceField*, unsigned int, unsigned int, unsigned int, double, double, ForceFields::UFF::AtomicParams const*, ForceFields::UFF::AtomicParams const*, ForceFields::UFF::AtomicParams const*, unsigned int) in <CONDA_ENV_PREFIX>/lib/python3.11/site-packages/rdkit/ForceField/../../../../libRDKitForceField.so.1
 3# RDKit::UFF::Tools::addTrigonalBipyramidAngles(RDKit::Atom const*, RDKit::ROMol const&, int, std::vector<ForceFields::UFF::AtomicParams const*, std::allocator<ForceFields::UFF::AtomicParams const*> > const&, ForceFields::ForceField*) in <CONDA_ENV_PREFIX>/lib/python3.11/site-packages/rdkit/ForceField/../../../../libRDKitForceFieldHelpers.so.1
 4# RDKit::UFF::Tools::addAngleSpecialCases(RDKit::ROMol const&, int, std::vector<ForceFields::UFF::AtomicParams const*, std::allocator<ForceFields::UFF::AtomicParams const*> > const&, ForceFields::ForceField*) in <CONDA_ENV_PREFIX>/lib/python3.11/site-packages/rdkit/ForceField/../../../../libRDKitForceFieldHelpers.so.1
 5# RDKit::UFF::constructForceField(RDKit::ROMol&, std::vector<ForceFields::UFF::AtomicParams const*, std::allocator<ForceFields::UFF::AtomicParams const*> > const&, double, int, bool) in <CONDA_ENV_PREFIX>/lib/python3.11/site-packages/rdkit/ForceField/../../../../libRDKitForceFieldHelpers.so.1
 6# RDKit::UFF::constructForceField(RDKit::ROMol&, double, int, bool) in <CONDA_ENV_PREFIX>/lib/python3.11/site-packages/rdkit/ForceField/../../../../libRDKitForceFieldHelpers.so.1
 7# RDKit::UFFHelper(RDKit::ROMol&, int, double, int, bool) in <CONDA_ENV_PREFIX>/lib/python3.11/site-packages/rdkit/Chem/rdForceFieldHelpers.so
 8# 0x00007FAB6461403D in <CONDA_ENV_PREFIX>/lib/python3.11/site-packages/rdkit/Chem/rdForceFieldHelpers.so
 9# boost::python::objects::function::call(_object*, _object*) const in <CONDA_ENV_PREFIX>/lib/python3.11/site-packages/rdkit/../../../libboost_python311.so.1.86.0
10# 0x00007FAB6656D449 in <CONDA_ENV_PREFIX>/lib/python3.11/site-packages/rdkit/../../../libboost_python311.so.1.86.0
11# boost::python::detail::exception_handler::operator()(boost::function_n<void> const&) const in <CONDA_ENV_PREFIX>/lib/python3.11/site-packages/rdkit/../../../libboost_python311.so.1.86.0
12# 0x00007FAB642CDC04 in <CONDA_ENV_PREFIX>/lib/python3.11/site-packages/rdkit/Chem/rdSLNParse.so
13# 0x00007FAB646BB354 in <CONDA_ENV_PREFIX>/lib/python3.11/site-packages/rdkit/Chem/rdDepictor.so
14# 0x00007FAB64959DD4 in <CONDA_ENV_PREFIX>/lib/python3.11/site-packages/rdkit/Chem/rdChemReactions.so
15# 0x00007FAB64959E24 in <CONDA_ENV_PREFIX>/lib/python3.11/site-packages/rdkit/Chem/rdChemReactions.so
16# 0x00007FAB64AD2B94 in <CONDA_ENV_PREFIX>/lib/python3.11/site-packages/rdkit/Chem/rdMolChemicalFeatures.so
17# 0x00007FAB6554A9B4 in <CONDA_ENV_PREFIX>/lib/python3.11/site-packages/rdkit/Chem/rdmolfiles.so
18# 0x00007FAB6554AA04 in <CONDA_ENV_PREFIX>/lib/python3.11/site-packages/rdkit/Chem/rdmolfiles.so
19# 0x00007FAB65664B04 in <CONDA_ENV_PREFIX>/lib/python3.11/site-packages/rdkit/Chem/rdCIPLabeler.so
20# 0x00007FAB66039174 in <CONDA_ENV_PREFIX>/lib/python3.11/site-packages/rdkit/Chem/rdchem.so
21# 0x00007FAB65FCDAAD in <CONDA_ENV_PREFIX>/lib/python3.11/site-packages/rdkit/Chem/rdchem.so
22# 0x00007FAB65FCD6AD in <CONDA_ENV_PREFIX>/lib/python3.11/site-packages/rdkit/Chem/rdchem.so
23# 0x00007FAB65FCD2AD in <CONDA_ENV_PREFIX>/lib/python3.11/site-packages/rdkit/Chem/rdchem.so
24# 0x00007FAB65FCCEAD in <CONDA_ENV_PREFIX>/lib/python3.11/site-packages/rdkit/Chem/rdchem.so
25# 0x00007FAB65FCCAAD in <CONDA_ENV_PREFIX>/lib/python3.11/site-packages/rdkit/Chem/rdchem.so
26# 0x00007FAB66641E54 in <CONDA_ENV_PREFIX>/lib/python3.11/site-packages/rdkit/rdBase.so
27# 0x00007FAB66641EA4 in <CONDA_ENV_PREFIX>/lib/python3.11/site-packages/rdkit/rdBase.so
28# 0x00007FAB66641EF4 in <CONDA_ENV_PREFIX>/lib/python3.11/site-packages/rdkit/rdBase.so
29# 0x00007FAB66641F44 in <CONDA_ENV_PREFIX>/lib/python3.11/site-packages/rdkit/rdBase.so
30# boost::python::handle_exception_impl(boost::function_n<void>) in <CONDA_ENV_PREFIX>/lib/python3.11/site-packages/rdkit/../../../libboost_python311.so.1.86.0
31# 0x00007FAB6656A9B3 in <CONDA_ENV_PREFIX>/lib/python3.11/site-packages/rdkit/../../../libboost_python311.so.1.86.0
32# _PyObject_MakeTpCall in <CONDA_ENV_PREFIX>/bin/python
33# _PyEval_EvalFrameDefault in <CONDA_ENV_PREFIX>/bin/python
34# _PyFunction_Vectorcall in <CONDA_ENV_PREFIX>/bin/python
35# 0x0000562A975F3C50 in <CONDA_ENV_PREFIX>/bin/python
36# 0x0000562A97509745 in <CONDA_ENV_PREFIX>/bin/python
37# 0x0000562A9753A1AA in <CONDA_ENV_PREFIX>/bin/python
38# PyObject_Vectorcall in <CONDA_ENV_PREFIX>/bin/python
39# _PyEval_EvalFrameDefault in <CONDA_ENV_PREFIX>/bin/python
40# _PyFunction_Vectorcall in <CONDA_ENV_PREFIX>/bin/python
41# _PyEval_EvalFrameDefault in <CONDA_ENV_PREFIX>/bin/python
42# _PyFunction_Vectorcall in <CONDA_ENV_PREFIX>/bin/python
43# _PyEval_EvalFrameDefault in <CONDA_ENV_PREFIX>/bin/python
44# _PyFunction_Vectorcall in <CONDA_ENV_PREFIX>/bin/python
45# 0x0000562A974F5979 in <CONDA_ENV_PREFIX>/bin/python
46# _PyObject_MakeTpCall in <CONDA_ENV_PREFIX>/bin/python
47# _PyEval_EvalFrameDefault in <CONDA_ENV_PREFIX>/bin/python
48# _PyFunction_Vectorcall in <CONDA_ENV_PREFIX>/bin/python
49# 0x0000562A974F5A1D in <CONDA_ENV_PREFIX>/bin/python
50# _PyObject_MakeTpCall in <CONDA_ENV_PREFIX>/bin/python
51# _PyEval_EvalFrameDefault in <CONDA_ENV_PREFIX>/bin/python
52# 0x0000562A97580B0D in <CONDA_ENV_PREFIX>/bin/python
53# PyEval_EvalCode in <CONDA_ENV_PREFIX>/bin/python
54# 0x0000562A9759E1AA in <CONDA_ENV_PREFIX>/bin/python
55# 0x0000562A97599E33 in <CONDA_ENV_PREFIX>/bin/python
56# 0x0000562A975AF3D0 in <CONDA_ENV_PREFIX>/bin/python
57# _PyRun_SimpleFileObject in <CONDA_ENV_PREFIX>/bin/python
58# _PyRun_AnyFileObject in <CONDA_ENV_PREFIX>/bin/python
59# Py_RunMain in <CONDA_ENV_PREFIX>/bin/python
60# Py_BytesMain in <CONDA_ENV_PREFIX>/bin/python
61# 0x00007FAB751F1D90 in /lib/x86_64-linux-gnu/libc.so.6
62# __libc_start_main in /lib/x86_64-linux-gnu/libc.so.6
63# 0x0000562A9757037A in <CONDA_ENV_PREFIX>/bin/python
----------
****

[20:03:48] Explicit valence for atom # 10 P, 7, is greater than permitted
[20:03:49] Explicit valence for atom # 13 P, 7, is greater than permitted
[20:03:49] Explicit valence for atom # 12 P, 7, is greater than permitted
[20:21:16] Explicit valence for atom # 11 P, 7, is greater than permitted
[20:21:27] Explicit valence for atom # 11 P, 7, is greater than permitted
[20:21:27] Explicit valence for atom # 12 P, 7, is greater than permitted
[20:21:27] Explicit valence for atom # 12 P, 7, is greater than permitted
[20:21:27] Explicit valence for atom # 11 P, 7, is greater than permitted
[20:21:27] Explicit valence for atom # 16 P, 7, is greater than permitted
[20:21:27] Explicit valence for atom # 12 P, 7, is greater than permitted
[20:21:27] Explicit valence for atom # 12 P, 7, is greater than permitted
[20:21:27] Explicit valence for atom # 13 P, 7, is greater than permitted
[20:21:28] Explicit valence for atom # 11 P, 7, is greater than permitted
[20:21:28] Explicit valence for atom # 12 P, 7, is greater than permitted
[20:21:28] Explicit valence for atom # 12 P, 7, is greater than permitted
[20:21:28] Explicit valence for atom # 12 P, 7, is greater than permitted
[20:21:28] Explicit valence for atom # 11 P, 7, is greater than permitted
[20:21:28] Explicit valence for atom # 12 P, 7, is greater than permitted
[20:21:28] Explicit valence for atom # 13 P, 7, is greater than permitted
[20:22:16] Explicit valence for atom # 12 P, 7, is greater than permitted
[20:22:16] Explicit valence for atom # 13 P, 7, is greater than permitted
[20:26:37] Explicit valence for atom # 7 P, 7, is greater than permitted
[20:26:37] Explicit valence for atom # 7 P, 7, is greater than permitted
[20:26:37] Explicit valence for atom # 7 P, 7, is greater than permitted
[20:26:37] Explicit valence for atom # 11 P, 7, is greater than permitted
[20:26:37] Explicit valence for atom # 7 P, 7, is greater than permitted
[20:26:37] Explicit valence for atom # 7 P, 7, is greater than permitted
[20:26:37] Explicit valence for atom # 11 P, 7, is greater than permitted
[20:26:37] Explicit valence for atom # 10 P, 7, is greater than permitted
[20:26:37] Explicit valence for atom # 7 P, 7, is greater than permitted
[20:26:37] Explicit valence for atom # 10 P, 7, is greater than permitted
[20:26:37] Explicit valence for atom # 8 P, 7, is greater than permitted
[20:26:37] Explicit valence for atom # 7 P, 7, is greater than permitted
[20:26:37] Explicit valence for atom # 11 P, 7, is greater than permitted
[20:26:37] Explicit valence for atom # 9 P, 7, is greater than permitted
[20:26:37] Explicit valence for atom # 10 P, 7, is greater than permitted
[20:26:37] Explicit valence for atom # 7 P, 7, is greater than permitted
[20:26:37] Explicit valence for atom # 11 P, 7, is greater than permitted
[20:26:37] Explicit valence for atom # 7 P, 7, is greater than permitted
[20:26:37] Explicit valence for atom # 7 P, 7, is greater than permitted
[20:26:37] Explicit valence for atom # 13 P, 7, is greater than permitted
[20:26:37] [20:26:37] Explicit valence for atom # 13 P, 7, is greater than permittedExplicit valence for atom # 13 P, 7, is greater than permitted

[20:26:37] Explicit valence for atom # 7 P, 7, is greater than permitted
[20:26:37] Explicit valence for atom # 7 P, 7, is greater than permitted
[20:26:37] Explicit valence for atom # 7 P, 7, is greater than permitted
[20:26:37] Explicit valence for atom # 7 P, 7, is greater than permitted
[20:26:37] Explicit valence for atom # 7 P, 7, is greater than permitted
[20:26:37] Explicit valence for atom # 13 P, 7, is greater than permitted
[20:26:37] Explicit valence for atom # 7 P, 7, is greater than permitted
[20:26:37] Explicit valence for atom # 7 P, 7, is greater than permitted
[20:26:37] Explicit valence for atom # 10 P, 7, is greater than permitted
[20:26:37] Explicit valence for atom # 7 P, 7, is greater than permitted
[20:26:37] Explicit valence for atom # 14 P, 7, is greater than permitted
[20:26:37] Explicit valence for atom # 11 P, 7, is greater than permitted
[20:26:37] Explicit valence for atom # 13 P, 7, is greater than permitted
[20:26:37] Explicit valence for atom # 7 P, 7, is greater than permitted
[20:26:37] Explicit valence for atom # 7 P, 7, is greater than permitted
[20:26:37] Explicit valence for atom # 7 P, 7, is greater than permitted
[20:26:37] Explicit valence for atom # 7 P, 7, is greater than permitted
[20:26:37] Explicit valence for atom # 7 P, 7, is greater than permitted
[20:26:37] Explicit valence for atom # 7 P, 7, is greater than permitted
[20:26:37] Explicit valence for atom # 8 P, 7, is greater than permitted
[20:26:37] Explicit valence for atom # 5 P, 7, is greater than permitted
[20:26:37] Explicit valence for atom # 11 P, 7, is greater than permitted
[20:26:37] Explicit valence for atom # 5 P, 7, is greater than permitted
[20:26:37] Explicit valence for atom # 12 P, 7, is greater than permitted
[20:26:37] Explicit valence for atom # 13 P, 7, is greater than permitted
[20:26:37] Explicit valence for atom # 7 P, 7, is greater than permitted
[20:26:37] Explicit valence for atom # 12 P, 7, is greater than permitted
[20:26:37] Explicit valence for atom # 11 P, 7, is greater than permitted
[20:26:37] Explicit valence for atom # 5 P, 7, is greater than permitted
[20:26:37] Explicit valence for atom # 13 P, 7, is greater than permitted
[20:26:37] Explicit valence for atom # 12 P, 7, is greater than permitted
[20:26:37] Explicit valence for atom # 5 P, 7, is greater than permitted
[20:26:37] Explicit valence for atom # 5 P, 7, is greater than permitted
[20:26:37] Explicit valence for atom # 5 P, 7, is greater than permitted
[20:26:37] Explicit valence for atom # 13 P, 7, is greater than permitted
[20:26:37] Explicit valence for atom # 5 P, 7, is greater than permitted
[20:27:34] Explicit valence for atom # 7 P, 7, is greater than permitted
[20:27:34] Explicit valence for atom # 7 P, 7, is greater than permitted
[20:27:34] Explicit valence for atom # 7 P, 7, is greater than permitted
[20:27:34] Explicit valence for atom # 10 P, 7, is greater than permitted
[20:27:34] Explicit valence for atom # 7 P, 7, is greater than permitted
[20:27:34] Explicit valence for atom # 7 P, 7, is greater than permitted
[20:27:34] Explicit valence for atom # 7 P, 7, is greater than permitted
[20:27:34] Explicit valence for atom # 7 P, 7, is greater than permitted
[20:27:34] Explicit valence for atom # 7 P, 7, is greater than permitted
[20:27:34] Explicit valence for atom # 7 P, 7, is greater than permitted
[20:27:34] Explicit valence for atom # 11 P, 7, is greater than permitted
[20:27:34] Explicit valence for atom # 11 P, 7, is greater than permitted
[20:27:34] Explicit valence for atom # 7 P, 7, is greater than permitted
[20:27:34] Explicit valence for atom # 7 P, 7, is greater than permitted
[20:27:34] Explicit valence for atom # 7 P, 7, is greater than permitted
[20:27:34] Explicit valence for atom # 7 P, 7, is greater than permitted
[20:27:34] Explicit valence for atom # 7 P, 7, is greater than permitted
[20:27:34] Explicit valence for atom # 11 P, 7, is greater than permitted
[20:27:34] Explicit valence for atom # 7 P, 7, is greater than permitted
[20:27:34] Explicit valence for atom # 7 P, 7, is greater than permitted
[20:27:34] Explicit valence for atom # 7 P, 7, is greater than permitted
[20:27:34] Explicit valence for atom # 13 P, 7, is greater than permitted
[20:27:34] Explicit valence for atom # 12 P, 7, is greater than permitted
[20:27:34] Explicit valence for atom # 7 P, 7, is greater than permitted
[20:27:34] Explicit valence for atom # 7 P, 7, is greater than permitted
[20:27:34] Explicit valence for atom # 12 P, 7, is greater than permitted
[20:27:34] Explicit valence for atom # 7 P, 7, is greater than permitted
[20:27:34] Explicit valence for atom # 7 P, 7, is greater than permitted
[20:27:34] Explicit valence for atom # 7 P, 7, is greater than permitted
[20:27:34] Explicit valence for atom # 7 P, 7, is greater than permitted
[20:27:34] Explicit valence for atom # 11 P, 7, is greater than permitted
[20:27:34] Explicit valence for atom # 11 P, 7, is greater than permitted
[20:27:34] Explicit valence for atom # 7 P, 7, is greater than permitted
[20:27:34] Explicit valence for atom # 12 P, 7, is greater than permitted
[20:27:34] Explicit valence for atom # 7 P, 7, is greater than permitted
[20:27:34] Explicit valence for atom # 7 P, 7, is greater than permitted
[20:27:34] Explicit valence for atom # 11 P, 7, is greater than permitted
[20:27:34] Explicit valence for atom # 7 P, 7, is greater than permitted
[20:27:34] Explicit valence for atom # 7 P, 7, is greater than permitted
[20:27:34] Explicit valence for atom # 10 P, 7, is greater than permitted
[20:27:34] Explicit valence for atom # 7 P, 7, is greater than permitted
[20:27:34] Explicit valence for atom # 11 P, 7, is greater than permitted
[20:27:34] Explicit valence for atom # 11 P, 7, is greater than permitted
[20:27:34] Explicit valence for atom # 14 P, 7, is greater than permitted
[20:27:34] Explicit valence for atom # 7 P, 7, is greater than permitted
[20:27:34] Explicit valence for atom # 11 P, 7, is greater than permitted
[20:27:34] Explicit valence for atom # 13 P, 7, is greater than permitted
[20:27:34] Explicit valence for atom # 12 P, 7, is greater than permitted
[20:27:34] Explicit valence for atom # 14 P, 7, is greater than permitted
[20:27:34] Explicit valence for atom # 7 P, 7, is greater than permitted
[20:27:34] Explicit valence for atom # 13 P, 7, is greater than permitted
[20:27:34] Explicit valence for atom # 5 P, 7, is greater than permitted
[20:27:34] Explicit valence for atom # 5 P, 7, is greater than permitted
[20:27:34] Explicit valence for atom # 5 P, 7, is greater than permitted
[20:27:34] Explicit valence for atom # 5 P, 7, is greater than permitted
[20:27:34] Explicit valence for atom # 5 P, 7, is greater than permitted
[20:27:41] Explicit valence for atom # 11 P, 7, is greater than permitted
[20:27:41] Explicit valence for atom # 10 P, 7, is greater than permitted
[20:32:44] UFFTYPER: Warning: hybridization set to SP3 for atom 13
[20:32:44] UFFTYPER: Warning: hybridization set to SP3 for atom 13
[20:32:45] UFFTYPER: Warning: hybridization set to SP3 for atom 14
[20:32:45] UFFTYPER: Warning: hybridization set to SP3 for atom 14
[20:32:45] UFFTYPER: Warning: hybridization set to SP3 for atom 13
[20:32:45] UFFTYPER: Warning: hybridization set to SP3 for atom 13
[20:32:46] UFFTYPER: Warning: hybridization set to SP3 for atom 12
[20:32:46] UFFTYPER: Warning: hybridization set to SP3 for atom 12
[20:32:46] UFFTYPER: Warning: hybridization set to SP3 for atom 16
[20:32:46] UFFTYPER: Warning: hybridization set to SP3 for atom 16
[20:32:47] UFFTYPER: Warning: hybridization set to SP3 for atom 12
[20:32:47] UFFTYPER: Warning: hybridization set to SP3 for atom 12
[20:32:47] UFFTYPER: Warning: hybridization set to SP3 for atom 13
[20:32:47] UFFTYPER: Warning: hybridization set to SP3 for atom 13
[20:32:47] UFFTYPER: Warning: hybridization set to SP3 for atom 11
[20:32:47] UFFTYPER: Warning: hybridization set to SP3 for atom 11
[20:32:48] UFFTYPER: Warning: hybridization set to SP3 for atom 13
[20:32:48] UFFTYPER: Warning: hybridization set to SP3 for atom 13
[20:32:48] UFFTYPER: Warning: hybridization set to SP3 for atom 14
[20:32:48] UFFTYPER: Warning: hybridization set to SP3 for atom 14
[20:32:48] UFFTYPER: Warning: hybridization set to SP3 for atom 13
[20:32:48] UFFTYPER: Warning: hybridization set to SP3 for atom 13
[20:32:49] UFFTYPER: Warning: hybridization set to SP3 for atom 13
[20:32:49] UFFTYPER: Warning: hybridization set to SP3 for atom 13
[20:32:49] UFFTYPER: Warning: hybridization set to SP3 for atom 13
[20:32:49] UFFTYPER: Warning: hybridization set to SP3 for atom 13
[20:32:49] UFFTYPER: Warning: hybridization set to SP3 for atom 12
[20:32:50] UFFTYPER: Warning: hybridization set to SP3 for atom 12
[20:32:50] UFFTYPER: Warning: hybridization set to SP3 for atom 13
[20:32:50] UFFTYPER: Warning: hybridization set to SP3 for atom 13
[20:32:50] UFFTYPER: Warning: hybridization set to SP3 for atom 13
[20:32:50] UFFTYPER: Warning: hybridization set to SP3 for atom 13
[20:32:51] UFFTYPER: Warning: hybridization set to SP3 for atom 10
[20:32:51] UFFTYPER: Warning: hybridization set to SP3 for atom 10
[20:32:51] UFFTYPER: Warning: hybridization set to SP3 for atom 14
[20:32:51] UFFTYPER: Warning: hybridization set to SP3 for atom 14
[20:32:51] UFFTYPER: Warning: hybridization set to SP3 for atom 14
[20:32:51] UFFTYPER: Warning: hybridization set to SP3 for atom 14
[20:32:52] UFFTYPER: Warning: hybridization set to SP3 for atom 12
[20:32:52] UFFTYPER: Warning: hybridization set to SP3 for atom 12
[20:32:52] UFFTYPER: Warning: hybridization set to SP3 for atom 15
[20:32:52] UFFTYPER: Warning: hybridization set to SP3 for atom 15
[20:32:52] UFFTYPER: Warning: hybridization set to SP3 for atom 5
[20:32:52] UFFTYPER: Warning: hybridization set to SP3 for atom 5
[20:32:53] UFFTYPER: Warning: hybridization set to SP3 for atom 14
[20:32:53] UFFTYPER: Warning: hybridization set to SP3 for atom 14
[20:32:53] UFFTYPER: Warning: hybridization set to SP3 for atom 14
[20:32:53] UFFTYPER: Warning: hybridization set to SP3 for atom 14
[20:32:53] UFFTYPER: Warning: hybridization set to SP3 for atom 14
[20:32:53] UFFTYPER: Warning: hybridization set to SP3 for atom 14
[20:32:54] UFFTYPER: Warning: hybridization set to SP3 for atom 12
[20:32:54] UFFTYPER: Warning: hybridization set to SP3 for atom 12
[20:32:54] UFFTYPER: Warning: hybridization set to SP3 for atom 14
[20:32:54] UFFTYPER: Warning: hybridization set to SP3 for atom 14
[20:32:54] UFFTYPER: Warning: hybridization set to SP3 for atom 14
[20:32:54] UFFTYPER: Warning: hybridization set to SP3 for atom 14
[20:32:55] UFFTYPER: Warning: hybridization set to SP3 for atom 5
[20:32:55] UFFTYPER: Warning: hybridization set to SP3 for atom 5
[20:32:55] UFFTYPER: Warning: hybridization set to SP3 for atom 14
[20:32:55] UFFTYPER: Warning: hybridization set to SP3 for atom 14
[20:32:55] UFFTYPER: Warning: hybridization set to SP3 for atom 11
[20:32:55] UFFTYPER: Warning: hybridization set to SP3 for atom 11
[20:32:56] UFFTYPER: Warning: hybridization set to SP3 for atom 11
[20:32:56] UFFTYPER: Warning: hybridization set to SP3 for atom 11
[20:32:56] UFFTYPER: Warning: hybridization set to SP3 for atom 12
[20:32:56] UFFTYPER: Warning: hybridization set to SP3 for atom 12
[20:32:57] UFFTYPER: Warning: hybridization set to SP3 for atom 5
[20:32:57] UFFTYPER: Warning: hybridization set to SP3 for atom 5
[20:32:57] UFFTYPER: Warning: hybridization set to SP3 for atom 12
[20:32:57] UFFTYPER: Warning: hybridization set to SP3 for atom 15
[20:32:57] UFFTYPER: Warning: hybridization set to SP3 for atom 12
[20:32:57] UFFTYPER: Warning: hybridization set to SP3 for atom 15
[20:32:58] UFFTYPER: Warning: hybridization set to SP3 for atom 5
[20:32:58] UFFTYPER: Warning: hybridization set to SP3 for atom 5
[20:32:59] UFFTYPER: Warning: hybridization set to SP3 for atom 12
[20:32:59] UFFTYPER: Warning: hybridization set to SP3 for atom 12
[20:32:59] UFFTYPER: Warning: hybridization set to SP3 for atom 11
[20:32:59] UFFTYPER: Warning: hybridization set to SP3 for atom 11
[20:32:59] UFFTYPER: Warning: hybridization set to SP3 for atom 14
[20:32:59] UFFTYPER: Warning: hybridization set to SP3 for atom 14
[20:33:00] UFFTYPER: Warning: hybridization set to SP3 for atom 13
[20:33:00] UFFTYPER: Warning: hybridization set to SP3 for atom 13
[20:33:00] UFFTYPER: Warning: hybridization set to SP3 for atom 11
[20:33:00] UFFTYPER: Warning: hybridization set to SP3 for atom 11
[20:33:00] UFFTYPER: Warning: hybridization set to SP3 for atom 13
[20:33:00] UFFTYPER: Warning: hybridization set to SP3 for atom 13
[20:33:01] UFFTYPER: Warning: hybridization set to SP3 for atom 13
[20:33:01] UFFTYPER: Warning: hybridization set to SP3 for atom 13
[20:33:01] UFFTYPER: Warning: hybridization set to SP3 for atom 14
[20:33:01] UFFTYPER: Warning: hybridization set to SP3 for atom 14
[20:33:19] UFFTYPER: Warning: hybridization set to SP3 for atom 5
[20:33:19] UFFTYPER: Warning: hybridization set to SP3 for atom 13
[20:33:19] UFFTYPER: Warning: hybridization set to SP3 for atom 5
[20:33:19] UFFTYPER: Warning: hybridization set to SP3 for atom 13
[20:33:20] UFFTYPER: Warning: hybridization set to SP3 for atom 13
[20:33:20] UFFTYPER: Warning: hybridization set to SP3 for atom 13
[20:33:20] UFFTYPER: Warning: hybridization set to SP3 for atom 15
[20:33:20] UFFTYPER: Warning: hybridization set to SP3 for atom 15
[20:33:21] UFFTYPER: Warning: hybridization set to SP3 for atom 12
[20:33:21] UFFTYPER: Warning: hybridization set to SP3 for atom 12
[20:33:22] UFFTYPER: Warning: hybridization set to SP3 for atom 16
[20:33:22] UFFTYPER: Warning: hybridization set to SP3 for atom 16
[20:33:23] UFFTYPER: Warning: hybridization set to SP3 for atom 5
[20:33:23] UFFTYPER: Warning: hybridization set to SP3 for atom 5
[20:33:23] UFFTYPER: Warning: hybridization set to SP3 for atom 5
[20:33:23] UFFTYPER: Warning: hybridization set to SP3 for atom 5
[20:33:24] UFFTYPER: Warning: hybridization set to SP3 for atom 5
[20:33:24] UFFTYPER: Warning: hybridization set to SP3 for atom 5
[20:33:24] UFFTYPER: Warning: hybridization set to SP3 for atom 14
[20:33:24] UFFTYPER: Warning: hybridization set to SP3 for atom 14
[20:33:25] UFFTYPER: Warning: hybridization set to SP3 for atom 5
[20:33:25] UFFTYPER: Warning: hybridization set to SP3 for atom 5
[20:33:25] UFFTYPER: Warning: hybridization set to SP3 for atom 12
[20:33:25] UFFTYPER: Warning: hybridization set to SP3 for atom 12
[20:33:26] UFFTYPER: Warning: hybridization set to SP3 for atom 15
[20:33:26] UFFTYPER: Warning: hybridization set to SP3 for atom 15
[20:33:26] UFFTYPER: Warning: hybridization set to SP3 for atom 5
[20:33:26] UFFTYPER: Warning: hybridization set to SP3 for atom 5
[20:33:26] UFFTYPER: Warning: hybridization set to SP3 for atom 5
[20:33:26] UFFTYPER: Warning: hybridization set to SP3 for atom 5
[20:33:27] UFFTYPER: Warning: hybridization set to SP3 for atom 12
[20:33:27] UFFTYPER: Warning: hybridization set to SP3 for atom 12
[20:33:27] UFFTYPER: Warning: hybridization set to SP3 for atom 5
[20:33:27] UFFTYPER: Warning: hybridization set to SP3 for atom 5
[20:33:27] UFFTYPER: Warning: hybridization set to SP3 for atom 13
[20:33:27] UFFTYPER: Warning: hybridization set to SP3 for atom 13
[20:33:28] UFFTYPER: Warning: hybridization set to SP3 for atom 5
[20:33:28] UFFTYPER: Warning: hybridization set to SP3 for atom 5
[20:33:28] UFFTYPER: Warning: hybridization set to SP3 for atom 5
[20:33:28] UFFTYPER: Warning: hybridization set to SP3 for atom 5
[20:33:28] UFFTYPER: Warning: hybridization set to SP3 for atom 14
[20:33:28] UFFTYPER: Warning: hybridization set to SP3 for atom 14
[20:33:29] UFFTYPER: Warning: hybridization set to SP3 for atom 12
[20:33:29] UFFTYPER: Warning: hybridization set to SP3 for atom 12
[20:33:30] UFFTYPER: Warning: hybridization set to SP3 for atom 16
[20:33:30] UFFTYPER: Warning: hybridization set to SP3 for atom 13
[20:33:30] UFFTYPER: Warning: hybridization set to SP3 for atom 16
[20:33:30] UFFTYPER: Warning: hybridization set to SP3 for atom 13
[20:33:31] UFFTYPER: Warning: hybridization set to SP3 for atom 15
[20:33:31] UFFTYPER: Warning: hybridization set to SP3 for atom 15
[20:33:31] UFFTYPER: Warning: hybridization set to SP3 for atom 5
[20:33:31] UFFTYPER: Warning: hybridization set to SP3 for atom 5
[20:33:31] UFFTYPER: Warning: hybridization set to SP3 for atom 13
[20:33:31] UFFTYPER: Warning: hybridization set to SP3 for atom 13
[20:33:32] UFFTYPER: Warning: hybridization set to SP3 for atom 17
[20:33:32] UFFTYPER: Warning: hybridization set to SP3 for atom 17
[20:33:32] UFFTYPER: Warning: hybridization set to SP3 for atom 14
[20:33:32] UFFTYPER: Warning: hybridization set to SP3 for atom 14
[20:33:32] UFFTYPER: Warning: hybridization set to SP3 for atom 5
[20:33:32] UFFTYPER: Warning: hybridization set to SP3 for atom 5
[20:33:33] UFFTYPER: Warning: hybridization set to SP3 for atom 5
[20:33:33] UFFTYPER: Warning: hybridization set to SP3 for atom 5
[20:33:33] UFFTYPER: Warning: hybridization set to SP3 for atom 18
[20:33:33] UFFTYPER: Warning: hybridization set to SP3 for atom 18
[20:33:33] UFFTYPER: Warning: hybridization set to SP3 for atom 14
[20:33:33] UFFTYPER: Warning: hybridization set to SP3 for atom 14
[20:33:34] UFFTYPER: Warning: hybridization set to SP3 for atom 13
[20:33:34] UFFTYPER: Warning: hybridization set to SP3 for atom 13
[20:33:34] UFFTYPER: Warning: hybridization set to SP3 for atom 17
[20:33:34] UFFTYPER: Warning: hybridization set to SP3 for atom 17
[20:33:34] UFFTYPER: Warning: hybridization set to SP3 for atom 13
[20:33:34] UFFTYPER: Warning: hybridization set to SP3 for atom 13
[20:33:35] UFFTYPER: Warning: hybridization set to SP3 for atom 13
[20:33:35] UFFTYPER: Warning: hybridization set to SP3 for atom 13
[20:33:35] UFFTYPER: Warning: hybridization set to SP3 for atom 14
[20:33:35] UFFTYPER: Warning: hybridization set to SP3 for atom 14
[20:33:36] UFFTYPER: Warning: hybridization set to SP3 for atom 5
[20:33:36] UFFTYPER: Warning: hybridization set to SP3 for atom 5
[20:33:36] UFFTYPER: Warning: hybridization set to SP3 for atom 12
[20:33:36] UFFTYPER: Warning: hybridization set to SP3 for atom 12
[20:49:55] Explicit valence for atom # 13 P, 7, is greater than permitted
[20:49:55] Explicit valence for atom # 13 P, 7, is greater than permitted
[20:49:55] Explicit valence for atom # 9 P, 7, is greater than permitted
[20:49:55] Explicit valence for atom # 7 P, 7, is greater than permitted
[20:49:55] Explicit valence for atom # 7 P, 7, is greater than permitted
[20:49:55] Explicit valence for atom # 7 P, 7, is greater than permitted
[20:49:55] Explicit valence for atom # 10 P, 7, is greater than permitted
[20:49:55] Explicit valence for atom # 10 P, 7, is greater than permitted
[20:49:55] Explicit valence for atom # 10 P, 7, is greater than permitted
[20:49:55] Explicit valence for atom # 7 P, 7, is greater than permitted
[20:49:55] Explicit valence for atom # 7 P, 7, is greater than permitted
[20:49:55] Explicit valence for atom # 8 P, 7, is greater than permitted
[20:49:55] Explicit valence for atom # 11 P, 7, is greater than permitted
[20:49:55] Explicit valence for atom # 12 P, 7, is greater than permitted
[20:49:55] Explicit valence for atom # 12 P, 7, is greater than permitted
[20:49:55] Explicit valence for atom # 7 P, 7, is greater than permitted
[20:49:55] Explicit valence for atom # 4 P, 7, is greater than permitted
[20:49:55] Explicit valence for atom # 7 P, 7, is greater than permitted
[20:49:55] Explicit valence for atom # 12 P, 7, is greater than permitted
[20:49:55] Explicit valence for atom # 7 P, 7, is greater than permitted
[20:49:55] Explicit valence for atom # 9 P, 7, is greater than permitted
[20:49:55] Explicit valence for atom # 12 P, 7, is greater than permitted
[20:49:55] Explicit valence for atom # 14 P, 7, is greater than permitted
[20:49:55] Explicit valence for atom # 13 P, 7, is greater than permitted
[20:49:55] Explicit valence for atom # 7 P, 7, is greater than permitted
[20:49:55] Explicit valence for atom # 11 P, 7, is greater than permitted
[20:49:55] Explicit valence for atom # 11 P, 7, is greater than permitted
[20:49:55] Explicit valence for atom # 12 P, 7, is greater than permitted
[20:49:55] Explicit valence for atom # 13 P, 7, is greater than permitted
[20:49:55] Explicit valence for atom # 7 P, 7, is greater than permitted
[20:49:55] Explicit valence for atom # 10 P, 7, is greater than permitted
[20:49:55] Explicit valence for atom # 10 P, 7, is greater than permitted
[20:49:55] Explicit valence for atom # 13 P, 7, is greater than permitted
[20:49:55] Explicit valence for atom # 14 P, 7, is greater than permitted
[20:49:55] Explicit valence for atom # 12 P, 7, is greater than permitted
[20:49:55] Explicit valence for atom # 11 P, 7, is greater than permitted
[20:49:55] Explicit valence for atom # 11 P, 7, is greater than permitted
[20:49:55] Explicit valence for atom # 15 P, 7, is greater than permitted
[20:49:55] Explicit valence for atom # 13 P, 7, is greater than permitted
[20:49:55] Explicit valence for atom # 12 P, 7, is greater than permitted
[20:49:55] Explicit valence for atom # 12 P, 7, is greater than permitted
[20:49:55] Explicit valence for atom # 11 P, 7, is greater than permitted
[20:49:55] Explicit valence for atom # 9 P, 7, is greater than permitted
[20:49:55] Explicit valence for atom # 7 P, 7, is greater than permitted
[20:49:55] Explicit valence for atom # 13 P, 7, is greater than permitted
[20:49:55] Explicit valence for atom # 7 P, 7, is greater than permitted
[20:49:55] Explicit valence for atom # 11 P, 7, is greater than permitted
[20:49:55] Explicit valence for atom # 14 P, 7, is greater than permitted
[20:49:55] Explicit valence for atom # 10 P, 7, is greater than permitted
[20:49:55] Explicit valence for atom # 7 P, 7, is greater than permitted
[20:49:55] Explicit valence for atom # 12 P, 7, is greater than permitted
[20:49:55] Explicit valence for atom # 13 P, 7, is greater than permitted
[20:49:55] Explicit valence for atom # 10 P, 7, is greater than permitted
[20:49:59] Explicit valence for atom # 1 P, 7, is greater than permitted
[20:49:59] Explicit valence for atom # 1 P, 7, is greater than permitted
[20:49:59] Explicit valence for atom # 13 P, 7, is greater than permitted
[20:49:59] Explicit valence for atom # 14 P, 7, is greater than permitted
[20:49:59] Explicit valence for atom # 14 P, 7, is greater than permitted
[21:01:26] UFFTYPER: Unrecognized atom type: S_5+6 (1)
[21:01:26] UFFTYPER: Unrecognized atom type: S_5+6 (12)
[21:01:26] UFFTYPER: Unrecognized atom type: S_5+6 (12)
[21:01:26] UFFTYPER: Unrecognized atom type: S_5+6 (12)
[21:01:26] 

****
[21:01:26] UFFTYPER: Unrecognized atom type: S_5+6 (1)
[21:01:26] 

****
Pre-condition Violation
bad params pointer
Violation occurred on line 79 in file /home/conda/feedstock_root/build_artifacts/rdkit-meta_1745736747213/work/Code/ForceField/UFF/AngleBend.cpp
Failed Expression: at2Params
----------
Stacktrace:
 0# Invar::Invariant::toString[abi:cxx11]() const in <CONDA_ENV_PREFIX>/lib/python3.11/site-packages/rdkit/../../../libRDKitRDGeneral.so.1
 1# Invar::operator<<(std::ostream&, Invar::Invariant const&) in <CONDA_ENV_PREFIX>/lib/python3.11/site-packages/rdkit/../../../libRDKitRDGeneral.so.1
 2# ForceFields::UFF::AngleBendContrib::AngleBendContrib(ForceFields::ForceField*, unsigned int, unsigned int, unsigned int, double, double, ForceFields::UFF::AtomicParams const*, ForceFields::UFF::AtomicParams const*, ForceFields::UFF::AtomicParams const*, unsigned int) in <CONDA_ENV_PREFIX>/lib/python3.11/site-packages/rdkit/ForceField/../../../../libRDKitForceField.so.1
 3# RDKit::UFF::Tools::addTrigonalBipyramidAngles(RDKit::Atom const*, RDKit::ROMol const&, int, std::vector<ForceFields::UFF::AtomicParams const*, std::allocator<ForceFields::UFF::AtomicParams const*> > const&, ForceFields::ForceField*) in <CONDA_ENV_PREFIX>/lib/python3.11/site-packages/rdkit/ForceField/../../../../libRDKitForceFieldHelpers.so.1
 4# RDKit::UFF::Tools::addAngleSpecialCases(RDKit::ROMol const&, int, std::vector<ForceFields::UFF::AtomicParams const*, std::allocator<ForceFields::UFF::AtomicParams const*> > const&, ForceFields::ForceField*) in <CONDA_ENV_PREFIX>/lib/python3.11/site-packages/rdkit/ForceField/../../../../libRDKitForceFieldHelpers.so.1
 5# RDKit::UFF::constructForceField(RDKit::ROMol&, std::vector<ForceFields::UFF::AtomicParams const*, std::allocator<ForceFields::UFF::AtomicParams const*> > const&, double, int, bool) in <CONDA_ENV_PREFIX>/lib/python3.11/site-packages/rdkit/ForceField/../../../../libRDKitForceFieldHelpers.so.1
 6# RDKit::UFF::constructForceField(RDKit::ROMol&, double, int, bool) in <CONDA_ENV_PREFIX>/lib/python3.11/site-packages/rdkit/ForceField/../../../../libRDKitForceFieldHelpers.so.1
 7# RDKit::UFFHelper(RDKit::ROMol&, int, double, int, bool) in <CONDA_ENV_PREFIX>/lib/python3.11/site-packages/rdkit/Chem/rdForceFieldHelpers.so
 8# 0x00007FAB6461403D in <CONDA_ENV_PREFIX>/lib/python3.11/site-packages/rdkit/Chem/rdForceFieldHelpers.so
 9# boost::python::objects::function::call(_object*, _object*) const in <CONDA_ENV_PREFIX>/lib/python3.11/site-packages/rdkit/../../../libboost_python311.so.1.86.0
10# 0x00007FAB6656D449 in <CONDA_ENV_PREFIX>/lib/python3.11/site-packages/rdkit/../../../libboost_python311.so.1.86.0
11# boost::python::detail::exception_handler::operator()(boost::function_n<void> const&) const in <CONDA_ENV_PREFIX>/lib/python3.11/site-packages/rdkit/../../../libboost_python311.so.1.86.0
12# 0x00007FAB642CDC04 in <CONDA_ENV_PREFIX>/lib/python3.11/site-packages/rdkit/Chem/rdSLNParse.so
13# 0x00007FAB646BB354 in <CONDA_ENV_PREFIX>/lib/python3.11/site-packages/rdkit/Chem/rdDepictor.so
14# 0x00007FAB64959DD4 in <CONDA_ENV_PREFIX>/lib/python3.11/site-packages/rdkit/Chem/rdChemReactions.so
15# 0x00007FAB64959E24 in <CONDA_ENV_PREFIX>/lib/python3.11/site-packages/rdkit/Chem/rdChemReactions.so
16# 0x00007FAB64AD2B94 in <CONDA_ENV_PREFIX>/lib/python3.11/site-packages/rdkit/Chem/rdMolChemicalFeatures.so
17# 0x00007FAB6554A9B4 in <CONDA_ENV_PREFIX>/lib/python3.11/site-packages/rdkit/Chem/rdmolfiles.so
18# 0x00007FAB6554AA04 in <CONDA_ENV_PREFIX>/lib/python3.11/site-packages/rdkit/Chem/rdmolfiles.so
19# 0x00007FAB65664B04 in <CONDA_ENV_PREFIX>/lib/python3.11/site-packages/rdkit/Chem/rdCIPLabeler.so
20# 0x00007FAB66039174 in <CONDA_ENV_PREFIX>/lib/python3.11/site-packages/rdkit/Chem/rdchem.so
21# 0x00007FAB65FCDAAD in <CONDA_ENV_PREFIX>/lib/python3.11/site-packages/rdkit/Chem/rdchem.so
22# 0x00007FAB65FCD6AD in <CONDA_ENV_PREFIX>/lib/python3.11/site-packages/rdkit/Chem/rdchem.so
23# 0x00007FAB65FCD2AD in <CONDA_ENV_PREFIX>/lib/python3.11/site-packages/rdkit/Chem/rdchem.so
24# 0x00007FAB65FCCEAD in <CONDA_ENV_PREFIX>/lib/python3.11/site-packages/rdkit/Chem/rdchem.so
25# 0x00007FAB65FCCAAD in <CONDA_ENV_PREFIX>/lib/python3.11/site-packages/rdkit/Chem/rdchem.so
26# 0x00007FAB66641E54 in <CONDA_ENV_PREFIX>/lib/python3.11/site-packages/rdkit/rdBase.so
27# 0x00007FAB66641EA4 in <CONDA_ENV_PREFIX>/lib/python3.11/site-packages/rdkit/rdBase.so
28# 0x00007FAB66641EF4 in <CONDA_ENV_PREFIX>/lib/python3.11/site-packages/rdkit/rdBase.so
29# 0x00007FAB66641F44 in <CONDA_ENV_PREFIX>/lib/python3.11/site-packages/rdkit/rdBase.so
30# boost::python::handle_exception_impl(boost::function_n<void>) in <CONDA_ENV_PREFIX>/lib/python3.11/site-packages/rdkit/../../../libboost_python311.so.1.86.0
31# 0x00007FAB6656A9B3 in <CONDA_ENV_PREFIX>/lib/python3.11/site-packages/rdkit/../../../libboost_python311.so.1.86.0
32# _PyObject_MakeTpCall in <CONDA_ENV_PREFIX>/bin/python
33# _PyEval_EvalFrameDefault in <CONDA_ENV_PREFIX>/bin/python
34# _PyFunction_Vectorcall in <CONDA_ENV_PREFIX>/bin/python
35# 0x0000562A975F3C50 in <CONDA_ENV_PREFIX>/bin/python
36# 0x0000562A97509745 in <CONDA_ENV_PREFIX>/bin/python
37# 0x0000562A9753A1AA in <CONDA_ENV_PREFIX>/bin/python
38# PyObject_Vectorcall in <CONDA_ENV_PREFIX>/bin/python
39# _PyEval_EvalFrameDefault in <CONDA_ENV_PREFIX>/bin/python
40# _PyFunction_Vectorcall in <CONDA_ENV_PREFIX>/bin/python
41# _PyEval_EvalFrameDefault in <CONDA_ENV_PREFIX>/bin/python
42# _PyFunction_Vectorcall in <CONDA_ENV_PREFIX>/bin/python
43# _PyEval_EvalFrameDefault in <CONDA_ENV_PREFIX>/bin/python
44# _PyFunction_Vectorcall in <CONDA_ENV_PREFIX>/bin/python
45# 0x0000562A974F5979 in <CONDA_ENV_PREFIX>/bin/python
46# _PyObject_MakeTpCall in <CONDA_ENV_PREFIX>/bin/python
47# _PyEval_EvalFrameDefault in <CONDA_ENV_PREFIX>/bin/python
48# _PyFunction_Vectorcall in <CONDA_ENV_PREFIX>/bin/python
49# 0x0000562A974F5A1D in <CONDA_ENV_PREFIX>/bin/python
50# _PyObject_MakeTpCall in <CONDA_ENV_PREFIX>/bin/python
51# _PyEval_EvalFrameDefault in <CONDA_ENV_PREFIX>/bin/python
52# 0x0000562A97580B0D in <CONDA_ENV_PREFIX>/bin/python
53# PyEval_EvalCode in <CONDA_ENV_PREFIX>/bin/python
54# 0x0000562A9759E1AA in <CONDA_ENV_PREFIX>/bin/python
55# 0x0000562A97599E33 in <CONDA_ENV_PREFIX>/bin/python
56# 0x0000562A975AF3D0 in <CONDA_ENV_PREFIX>/bin/python
57# _PyRun_SimpleFileObject in <CONDA_ENV_PREFIX>/bin/python
58# _PyRun_AnyFileObject in <CONDA_ENV_PREFIX>/bin/python
59# Py_RunMain in <CONDA_ENV_PREFIX>/bin/python
60# Py_BytesMain in <CONDA_ENV_PREFIX>/bin/python
61# 0x00007FAB751F1D90 in /lib/x86_64-linux-gnu/libc.so.6
62# __libc_start_main in /lib/x86_64-linux-gnu/libc.so.6
63# 0x0000562A9757037A in <CONDA_ENV_PREFIX>/bin/python
----------
****

[21:01:26] UFFTYPER: Unrecognized atom type: S_5+6 (12)
[21:01:26] 

****
Pre-condition Violation
bad params pointer
Violation occurred on line 79 in file /home/conda/feedstock_root/build_artifacts/rdkit-meta_1745736747213/work/Code/ForceField/UFF/AngleBend.cpp
Failed Expression: at2Params
----------
Stacktrace:
 0# Invar::Invariant::toString[abi:cxx11]() const in <CONDA_ENV_PREFIX>/lib/python3.11/site-packages/rdkit/../../../libRDKitRDGeneral.so.1
 1# Invar::operator<<(std::ostream&, Invar::Invariant const&) in <CONDA_ENV_PREFIX>/lib/python3.11/site-packages/rdkit/../../../libRDKitRDGeneral.so.1
 2# ForceFields::UFF::AngleBendContrib::AngleBendContrib(ForceFields::ForceField*, unsigned int, unsigned int, unsigned int, double, double, ForceFields::UFF::AtomicParams const*, ForceFields::UFF::AtomicParams const*, ForceFields::UFF::AtomicParams const*, unsigned int) in <CONDA_ENV_PREFIX>/lib/python3.11/site-packages/rdkit/ForceField/../../../../libRDKitForceField.so.1
 3# RDKit::UFF::Tools::addTrigonalBipyramidAngles(RDKit::Atom const*, RDKit::ROMol const&, int, std::vector<ForceFields::UFF::AtomicParams const*, std::allocator<ForceFields::UFF::AtomicParams const*> > const&, ForceFields::ForceField*) in <CONDA_ENV_PREFIX>/lib/python3.11/site-packages/rdkit/ForceField/../../../../libRDKitForceFieldHelpers.so.1
 4# RDKit::UFF::Tools::addAngleSpecialCases(RDKit::ROMol const&, int, std::vector<ForceFields::UFF::AtomicParams const*, std::allocator<ForceFields::UFF::AtomicParams const*> > const&, ForceFields::ForceField*) in <CONDA_ENV_PREFIX>/lib/python3.11/site-packages/rdkit/ForceField/../../../../libRDKitForceFieldHelpers.so.1
 5# RDKit::UFF::constructForceField(RDKit::ROMol&, std::vector<ForceFields::UFF::AtomicParams const*, std::allocator<ForceFields::UFF::AtomicParams const*> > const&, double, int, bool) in <CONDA_ENV_PREFIX>/lib/python3.11/site-packages/rdkit/ForceField/../../../../libRDKitForceFieldHelpers.so.1
 6# RDKit::UFF::constructForceField(RDKit::ROMol&, double, int, bool) in <CONDA_ENV_PREFIX>/lib/python3.11/site-packages/rdkit/ForceField/../../../../libRDKitForceFieldHelpers.so.1
 7# RDKit::UFFHelper(RDKit::ROMol&, int, double, int, bool) in <CONDA_ENV_PREFIX>/lib/python3.11/site-packages/rdkit/Chem/rdForceFieldHelpers.so
 8# 0x00007FAB6461403D in <CONDA_ENV_PREFIX>/lib/python3.11/site-packages/rdkit/Chem/rdForceFieldHelpers.so
 9# boost::python::objects::function::call(_object*, _object*) const in <CONDA_ENV_PREFIX>/lib/python3.11/site-packages/rdkit/../../../libboost_python311.so.1.86.0
10# 0x00007FAB6656D449 in <CONDA_ENV_PREFIX>/lib/python3.11/site-packages/rdkit/../../../libboost_python311.so.1.86.0
11# boost::python::detail::exception_handler::operator()(boost::function_n<void> const&) const in <CONDA_ENV_PREFIX>/lib/python3.11/site-packages/rdkit/../../../libboost_python311.so.1.86.0
12# 0x00007FAB642CDC04 in <CONDA_ENV_PREFIX>/lib/python3.11/site-packages/rdkit/Chem/rdSLNParse.so
13# 0x00007FAB646BB354 in <CONDA_ENV_PREFIX>/lib/python3.11/site-packages/rdkit/Chem/rdDepictor.so
14# 0x00007FAB64959DD4 in <CONDA_ENV_PREFIX>/lib/python3.11/site-packages/rdkit/Chem/rdChemReactions.so
15# 0x00007FAB64959E24 in <CONDA_ENV_PREFIX>/lib/python3.11/site-packages/rdkit/Chem/rdChemReactions.so
16# 0x00007FAB64AD2B94 in <CONDA_ENV_PREFIX>/lib/python3.11/site-packages/rdkit/Chem/rdMolChemicalFeatures.so
17# 0x00007FAB6554A9B4 in <CONDA_ENV_PREFIX>/lib/python3.11/site-packages/rdkit/Chem/rdmolfiles.so
18# 0x00007FAB6554AA04 in <CONDA_ENV_PREFIX>/lib/python3.11/site-packages/rdkit/Chem/rdmolfiles.so
19# 0x00007FAB65664B04 in <CONDA_ENV_PREFIX>/lib/python3.11/site-packages/rdkit/Chem/rdCIPLabeler.so
20# 0x00007FAB66039174 in <CONDA_ENV_PREFIX>/lib/python3.11/site-packages/rdkit/Chem/rdchem.so
21# 0x00007FAB65FCDAAD in <CONDA_ENV_PREFIX>/lib/python3.11/site-packages/rdkit/Chem/rdchem.so
22# 0x00007FAB65FCD6AD in <CONDA_ENV_PREFIX>/lib/python3.11/site-packages/rdkit/Chem/rdchem.so
23# 0x00007FAB65FCD2AD in <CONDA_ENV_PREFIX>/lib/python3.11/site-packages/rdkit/Chem/rdchem.so
24# 0x00007FAB65FCCEAD in <CONDA_ENV_PREFIX>/lib/python3.11/site-packages/rdkit/Chem/rdchem.so
25# 0x00007FAB65FCCAAD in <CONDA_ENV_PREFIX>/lib/python3.11/site-packages/rdkit/Chem/rdchem.so
26# 0x00007FAB66641E54 in <CONDA_ENV_PREFIX>/lib/python3.11/site-packages/rdkit/rdBase.so
27# 0x00007FAB66641EA4 in <CONDA_ENV_PREFIX>/lib/python3.11/site-packages/rdkit/rdBase.so
28# 0x00007FAB66641EF4 in <CONDA_ENV_PREFIX>/lib/python3.11/site-packages/rdkit/rdBase.so
29# 0x00007FAB66641F44 in <CONDA_ENV_PREFIX>/lib/python3.11/site-packages/rdkit/rdBase.so
30# boost::python::handle_exception_impl(boost::function_n<void>) in <CONDA_ENV_PREFIX>/lib/python3.11/site-packages/rdkit/../../../libboost_python311.so.1.86.0
31# 0x00007FAB6656A9B3 in <CONDA_ENV_PREFIX>/lib/python3.11/site-packages/rdkit/../../../libboost_python311.so.1.86.0
32# _PyObject_MakeTpCall in <CONDA_ENV_PREFIX>/bin/python
33# _PyEval_EvalFrameDefault in <CONDA_ENV_PREFIX>/bin/python
34# _PyFunction_Vectorcall in <CONDA_ENV_PREFIX>/bin/python
35# 0x0000562A975F3C50 in <CONDA_ENV_PREFIX>/bin/python
36# 0x0000562A97509745 in <CONDA_ENV_PREFIX>/bin/python
37# 0x0000562A9753A1AA in <CONDA_ENV_PREFIX>/bin/python
38# PyObject_Vectorcall in <CONDA_ENV_PREFIX>/bin/python
39# _PyEval_EvalFrameDefault in <CONDA_ENV_PREFIX>/bin/python
40# _PyFunction_Vectorcall in <CONDA_ENV_PREFIX>/bin/python
41# _PyEval_EvalFrameDefault in <CONDA_ENV_PREFIX>/bin/python
42# _PyFunction_Vectorcall in <CONDA_ENV_PREFIX>/bin/python
43# _PyEval_EvalFrameDefault in <CONDA_ENV_PREFIX>/bin/python
44# _PyFunction_Vectorcall in <CONDA_ENV_PREFIX>/bin/python
45# 0x0000562A974F5979 in <CONDA_ENV_PREFIX>/bin/python
46# _PyObject_MakeTpCall in <CONDA_ENV_PREFIX>/bin/python
47# _PyEval_EvalFrameDefault in <CONDA_ENV_PREFIX>/bin/python
48# _PyFunction_Vectorcall in <CONDA_ENV_PREFIX>/bin/python
49# 0x0000562A974F5A1D in <CONDA_ENV_PREFIX>/bin/python
50# _PyObject_MakeTpCall in <CONDA_ENV_PREFIX>/bin/python
51# _PyEval_EvalFrameDefault in <CONDA_ENV_PREFIX>/bin/python
52# 0x0000562A97580B0D in <CONDA_ENV_PREFIX>/bin/python
53# PyEval_EvalCode in <CONDA_ENV_PREFIX>/bin/python
54# 0x0000562A9759E1AA in <CONDA_ENV_PREFIX>/bin/python
55# 0x0000562A97599E33 in <CONDA_ENV_PREFIX>/bin/python
56# 0x0000562A975AF3D0 in <CONDA_ENV_PREFIX>/bin/python
57# _PyRun_SimpleFileObject in <CONDA_ENV_PREFIX>/bin/python
58# _PyRun_AnyFileObject in <CONDA_ENV_PREFIX>/bin/python
59# Py_RunMain in <CONDA_ENV_PREFIX>/bin/python
60# Py_BytesMain in <CONDA_ENV_PREFIX>/bin/python
61# 0x00007FAB751F1D90 in /lib/x86_64-linux-gnu/libc.so.6
62# __libc_start_main in /lib/x86_64-linux-gnu/libc.so.6
63# 0x0000562A9757037A in <CONDA_ENV_PREFIX>/bin/python
----------
****

Pre-condition Violation
bad params pointer
Violation occurred on line 79 in file /home/conda/feedstock_root/build_artifacts/rdkit-meta_1745736747213/work/Code/ForceField/UFF/AngleBend.cpp
Failed Expression: at2Params
----------
Stacktrace:
 0# Invar::Invariant::toString[abi:cxx11]() const in <CONDA_ENV_PREFIX>/lib/python3.11/site-packages/rdkit/../../../libRDKitRDGeneral.so.1
 1# Invar::operator<<(std::ostream&, Invar::Invariant const&) in <CONDA_ENV_PREFIX>/lib/python3.11/site-packages/rdkit/../../../libRDKitRDGeneral.so.1
 2# ForceFields::UFF::AngleBendContrib::AngleBendContrib(ForceFields::ForceField*, unsigned int, unsigned int, unsigned int, double, double, ForceFields::UFF::AtomicParams const*, ForceFields::UFF::AtomicParams const*, ForceFields::UFF::AtomicParams const*, unsigned int) in <CONDA_ENV_PREFIX>/lib/python3.11/site-packages/rdkit/ForceField/../../../../libRDKitForceField.so.1
 3# RDKit::UFF::Tools::addTrigonalBipyramidAngles(RDKit::Atom const*, RDKit::ROMol const&, int, std::vector<ForceFields::UFF::AtomicParams const*, std::allocator<ForceFields::UFF::AtomicParams const*> > const&, ForceFields::ForceField*) in <CONDA_ENV_PREFIX>/lib/python3.11/site-packages/rdkit/ForceField/../../../../libRDKitForceFieldHelpers.so.1
 4# RDKit::UFF::Tools::addAngleSpecialCases(RDKit::ROMol const&, int, std::vector<ForceFields::UFF::AtomicParams const*, std::allocator<ForceFields::UFF::AtomicParams const*> > const&, ForceFields::ForceField*) in <CONDA_ENV_PREFIX>/lib/python3.11/site-packages/rdkit/ForceField/../../../../libRDKitForceFieldHelpers.so.1
 5# RDKit::UFF::constructForceField(RDKit::ROMol&, std::vector<ForceFields::UFF::AtomicParams const*, std::allocator<ForceFields::UFF::AtomicParams const*> > const&, double, int, bool) in <CONDA_ENV_PREFIX>/lib/python3.11/site-packages/rdkit/ForceField/../../../../libRDKitForceFieldHelpers.so.1
 6# RDKit::UFF::constructForceField(RDKit::ROMol&, double, int, bool) in <CONDA_ENV_PREFIX>/lib/python3.11/site-packages/rdkit/ForceField/../../../../libRDKitForceFieldHelpers.so.1
 7# RDKit::UFFHelper(RDKit::ROMol&, int, double, int, bool) in <CONDA_ENV_PREFIX>/lib/python3.11/site-packages/rdkit/Chem/rdForceFieldHelpers.so
 8# 0x00007FAB6461403D in <CONDA_ENV_PREFIX>/lib/python3.11/site-packages/rdkit/Chem/rdForceFieldHelpers.so
 9# boost::python::objects::function::call(_object*, _object*) const in <CONDA_ENV_PREFIX>/lib/python3.11/site-packages/rdkit/../../../libboost_python311.so.1.86.0
10# 0x00007FAB6656D449 in <CONDA_ENV_PREFIX>/lib/python3.11/site-packages/rdkit/../../../libboost_python311.so.1.86.0
11# boost::python::detail::exception_handler::operator()(boost::function_n<void> const&) const in <CONDA_ENV_PREFIX>/lib/python3.11/site-packages/rdkit/../../../libboost_python311.so.1.86.0
12# 0x00007FAB642CDC04 in <CONDA_ENV_PREFIX>/lib/python3.11/site-packages/rdkit/Chem/rdSLNParse.so
13# 0x00007FAB646BB354 in <CONDA_ENV_PREFIX>/lib/python3.11/site-packages/rdkit/Chem/rdDepictor.so
14# 0x00007FAB64959DD4 in <CONDA_ENV_PREFIX>/lib/python3.11/site-packages/rdkit/Chem/rdChemReactions.so
15# 0x00007FAB64959E24 in <CONDA_ENV_PREFIX>/lib/python3.11/site-packages/rdkit/Chem/rdChemReactions.so
16# 0x00007FAB64AD2B94 in <CONDA_ENV_PREFIX>/lib/python3.11/site-packages/rdkit/Chem/rdMolChemicalFeatures.so
17# 0x00007FAB6554A9B4 in <CONDA_ENV_PREFIX>/lib/python3.11/site-packages/rdkit/Chem/rdmolfiles.so
18# 0x00007FAB6554AA04 in <CONDA_ENV_PREFIX>/lib/python3.11/site-packages/rdkit/Chem/rdmolfiles.so
19# 0x00007FAB65664B04 in <CONDA_ENV_PREFIX>/lib/python3.11/site-packages/rdkit/Chem/rdCIPLabeler.so
20# 0x00007FAB66039174 in <CONDA_ENV_PREFIX>/lib/python3.11/site-packages/rdkit/Chem/rdchem.so
21# 0x00007FAB65FCDAAD in <CONDA_ENV_PREFIX>/lib/python3.11/site-packages/rdkit/Chem/rdchem.so
22# 0x00007FAB65FCD6AD in <CONDA_ENV_PREFIX>/lib/python3.11/site-packages/rdkit/Chem/rdchem.so
23# 0x00007FAB65FCD2AD in <CONDA_ENV_PREFIX>/lib/python3.11/site-packages/rdkit/Chem/rdchem.so
24# 0x00007FAB65FCCEAD in <CONDA_ENV_PREFIX>/lib/python3.11/site-packages/rdkit/Chem/rdchem.so
25# 0x00007FAB65FCCAAD in <CONDA_ENV_PREFIX>/lib/python3.11/site-packages/rdkit/Chem/rdchem.so
26# 0x00007FAB66641E54 in <CONDA_ENV_PREFIX>/lib/python3.11/site-packages/rdkit/rdBase.so
27# 0x00007FAB66641EA4 in <CONDA_ENV_PREFIX>/lib/python3.11/site-packages/rdkit/rdBase.so
28# 0x00007FAB66641EF4 in <CONDA_ENV_PREFIX>/lib/python3.11/site-packages/rdkit/rdBase.so
29# 0x00007FAB66641F44 in <CONDA_ENV_PREFIX>/lib/python3.11/site-packages/rdkit/rdBase.so
30# boost::python::handle_exception_impl(boost::function_n<void>) in <CONDA_ENV_PREFIX>/lib/python3.11/site-packages/rdkit/../../../libboost_python311.so.1.86.0
31# 0x00007FAB6656A9B3 in <CONDA_ENV_PREFIX>/lib/python3.11/site-packages/rdkit/../../../libboost_python311.so.1.86.0
32# _PyObject_MakeTpCall in <CONDA_ENV_PREFIX>/bin/python
33# _PyEval_EvalFrameDefault in <CONDA_ENV_PREFIX>/bin/python
34# _PyFunction_Vectorcall in <CONDA_ENV_PREFIX>/bin/python
35# 0x0000562A975F3C50 in <CONDA_ENV_PREFIX>/bin/python
36# 0x0000562A97509745 in <CONDA_ENV_PREFIX>/bin/python
37# 0x0000562A9753A1AA in <CONDA_ENV_PREFIX>/bin/python
38# PyObject_Vectorcall in <CONDA_ENV_PREFIX>/bin/python
39# _PyEval_EvalFrameDefault in <CONDA_ENV_PREFIX>/bin/python
40# _PyFunction_Vectorcall in <CONDA_ENV_PREFIX>/bin/python
41# _PyEval_EvalFrameDefault in <CONDA_ENV_PREFIX>/bin/python
42# _PyFunction_Vectorcall in <CONDA_ENV_PREFIX>/bin/python
43# _PyEval_EvalFrameDefault in <CONDA_ENV_PREFIX>/bin/python
44# _PyFunction_Vectorcall in <CONDA_ENV_PREFIX>/bin/python
45# 0x0000562A974F5979 in <CONDA_ENV_PREFIX>/bin/python
46# _PyObject_MakeTpCall in <CONDA_ENV_PREFIX>/bin/python
47# _PyEval_EvalFrameDefault in <CONDA_ENV_PREFIX>/bin/python
48# _PyFunction_Vectorcall in <CONDA_ENV_PREFIX>/bin/python
49# 0x0000562A974F5A1D in <CONDA_ENV_PREFIX>/bin/python
50# _PyObject_MakeTpCall in <CONDA_ENV_PREFIX>/bin/python
51# _PyEval_EvalFrameDefault in <CONDA_ENV_PREFIX>/bin/python
52# 0x0000562A97580B0D in <CONDA_ENV_PREFIX>/bin/python
53# PyEval_EvalCode in <CONDA_ENV_PREFIX>/bin/python
54# 0x0000562A9759E1AA in <CONDA_ENV_PREFIX>/bin/python
55# 0x0000562A97599E33 in <CONDA_ENV_PREFIX>/bin/python
56# 0x0000562A975AF3D0 in <CONDA_ENV_PREFIX>/bin/python
57# _PyRun_SimpleFileObject in <CONDA_ENV_PREFIX>/bin/python
58# _PyRun_AnyFileObject in <CONDA_ENV_PREFIX>/bin/python
59# Py_RunMain in <CONDA_ENV_PREFIX>/bin/python
60# Py_BytesMain in <CONDA_ENV_PREFIX>/bin/python
61# 0x00007FAB751F1D90 in /lib/x86_64-linux-gnu/libc.so.6
62# __libc_start_main in /lib/x86_64-linux-gnu/libc.so.6
63# 0x0000562A9757037A in <CONDA_ENV_PREFIX>/bin/python
----------
****

[21:01:27] UFFTYPER: Unrecognized atom type: S_5+6 (11)
[21:01:27] UFFTYPER: Unrecognized atom type: S_5+6 (11)
[21:01:27] 

****
Pre-condition Violation
bad params pointer
Violation occurred on line 79 in file /home/conda/feedstock_root/build_artifacts/rdkit-meta_1745736747213/work/Code/ForceField/UFF/AngleBend.cpp
Failed Expression: at2Params
----------
Stacktrace:
 0# Invar::Invariant::toString[abi:cxx11]() const in <CONDA_ENV_PREFIX>/lib/python3.11/site-packages/rdkit/../../../libRDKitRDGeneral.so.1
 1# Invar::operator<<(std::ostream&, Invar::Invariant const&) in <CONDA_ENV_PREFIX>/lib/python3.11/site-packages/rdkit/../../../libRDKitRDGeneral.so.1
 2# ForceFields::UFF::AngleBendContrib::AngleBendContrib(ForceFields::ForceField*, unsigned int, unsigned int, unsigned int, double, double, ForceFields::UFF::AtomicParams const*, ForceFields::UFF::AtomicParams const*, ForceFields::UFF::AtomicParams const*, unsigned int) in <CONDA_ENV_PREFIX>/lib/python3.11/site-packages/rdkit/ForceField/../../../../libRDKitForceField.so.1
 3# RDKit::UFF::Tools::addTrigonalBipyramidAngles(RDKit::Atom const*, RDKit::ROMol const&, int, std::vector<ForceFields::UFF::AtomicParams const*, std::allocator<ForceFields::UFF::AtomicParams const*> > const&, ForceFields::ForceField*) in <CONDA_ENV_PREFIX>/lib/python3.11/site-packages/rdkit/ForceField/../../../../libRDKitForceFieldHelpers.so.1
 4# RDKit::UFF::Tools::addAngleSpecialCases(RDKit::ROMol const&, int, std::vector<ForceFields::UFF::AtomicParams const*, std::allocator<ForceFields::UFF::AtomicParams const*> > const&, ForceFields::ForceField*) in <CONDA_ENV_PREFIX>/lib/python3.11/site-packages/rdkit/ForceField/../../../../libRDKitForceFieldHelpers.so.1
 5# RDKit::UFF::constructForceField(RDKit::ROMol&, std::vector<ForceFields::UFF::AtomicParams const*, std::allocator<ForceFields::UFF::AtomicParams const*> > const&, double, int, bool) in <CONDA_ENV_PREFIX>/lib/python3.11/site-packages/rdkit/ForceField/../../../../libRDKitForceFieldHelpers.so.1
 6# RDKit::UFF::constructForceField(RDKit::ROMol&, double, int, bool) in <CONDA_ENV_PREFIX>/lib/python3.11/site-packages/rdkit/ForceField/../../../../libRDKitForceFieldHelpers.so.1
 7# RDKit::UFFHelper(RDKit::ROMol&, int, double, int, bool) in <CONDA_ENV_PREFIX>/lib/python3.11/site-packages/rdkit/Chem/rdForceFieldHelpers.so
 8# 0x00007FAB6461403D in <CONDA_ENV_PREFIX>/lib/python3.11/site-packages/rdkit/Chem/rdForceFieldHelpers.so
 9# boost::python::objects::function::call(_object*, _object*) const in <CONDA_ENV_PREFIX>/lib/python3.11/site-packages/rdkit/../../../libboost_python311.so.1.86.0
10# 0x00007FAB6656D449 in <CONDA_ENV_PREFIX>/lib/python3.11/site-packages/rdkit/../../../libboost_python311.so.1.86.0
11# boost::python::detail::exception_handler::operator()(boost::function_n<void> const&) const in <CONDA_ENV_PREFIX>/lib/python3.11/site-packages/rdkit/../../../libboost_python311.so.1.86.0
12# 0x00007FAB642CDC04 in <CONDA_ENV_PREFIX>/lib/python3.11/site-packages/rdkit/Chem/rdSLNParse.so
13# 0x00007FAB646BB354 in <CONDA_ENV_PREFIX>/lib/python3.11/site-packages/rdkit/Chem/rdDepictor.so
14# 0x00007FAB64959DD4 in <CONDA_ENV_PREFIX>/lib/python3.11/site-packages/rdkit/Chem/rdChemReactions.so
15# 0x00007FAB64959E24 in <CONDA_ENV_PREFIX>/lib/python3.11/site-packages/rdkit/Chem/rdChemReactions.so
16# 0x00007FAB64AD2B94 in <CONDA_ENV_PREFIX>/lib/python3.11/site-packages/rdkit/Chem/rdMolChemicalFeatures.so
17# 0x00007FAB6554A9B4 in <CONDA_ENV_PREFIX>/lib/python3.11/site-packages/rdkit/Chem/rdmolfiles.so
18# 0x00007FAB6554AA04 in <CONDA_ENV_PREFIX>/lib/python3.11/site-packages/rdkit/Chem/rdmolfiles.so
19# 0x00007FAB65664B04 in <CONDA_ENV_PREFIX>/lib/python3.11/site-packages/rdkit/Chem/rdCIPLabeler.so
20# 0x00007FAB66039174 in <CONDA_ENV_PREFIX>/lib/python3.11/site-packages/rdkit/Chem/rdchem.so
21# 0x00007FAB65FCDAAD in <CONDA_ENV_PREFIX>/lib/python3.11/site-packages/rdkit/Chem/rdchem.so
22# 0x00007FAB65FCD6AD in <CONDA_ENV_PREFIX>/lib/python3.11/site-packages/rdkit/Chem/rdchem.so
23# 0x00007FAB65FCD2AD in <CONDA_ENV_PREFIX>/lib/python3.11/site-packages/rdkit/Chem/rdchem.so
24# 0x00007FAB65FCCEAD in <CONDA_ENV_PREFIX>/lib/python3.11/site-packages/rdkit/Chem/rdchem.so
25# 0x00007FAB65FCCAAD in <CONDA_ENV_PREFIX>/lib/python3.11/site-packages/rdkit/Chem/rdchem.so
26# 0x00007FAB66641E54 in <CONDA_ENV_PREFIX>/lib/python3.11/site-packages/rdkit/rdBase.so
27# 0x00007FAB66641EA4 in <CONDA_ENV_PREFIX>/lib/python3.11/site-packages/rdkit/rdBase.so
28# 0x00007FAB66641EF4 in <CONDA_ENV_PREFIX>/lib/python3.11/site-packages/rdkit/rdBase.so
29# 0x00007FAB66641F44 in <CONDA_ENV_PREFIX>/lib/python3.11/site-packages/rdkit/rdBase.so
30# boost::python::handle_exception_impl(boost::function_n<void>) in <CONDA_ENV_PREFIX>/lib/python3.11/site-packages/rdkit/../../../libboost_python311.so.1.86.0
31# 0x00007FAB6656A9B3 in <CONDA_ENV_PREFIX>/lib/python3.11/site-packages/rdkit/../../../libboost_python311.so.1.86.0
32# _PyObject_MakeTpCall in <CONDA_ENV_PREFIX>/bin/python
33# _PyEval_EvalFrameDefault in <CONDA_ENV_PREFIX>/bin/python
34# _PyFunction_Vectorcall in <CONDA_ENV_PREFIX>/bin/python
35# 0x0000562A975F3C50 in <CONDA_ENV_PREFIX>/bin/python
36# 0x0000562A97509745 in <CONDA_ENV_PREFIX>/bin/python
37# 0x0000562A9753A1AA in <CONDA_ENV_PREFIX>/bin/python
38# PyObject_Vectorcall in <CONDA_ENV_PREFIX>/bin/python
39# _PyEval_EvalFrameDefault in <CONDA_ENV_PREFIX>/bin/python
40# _PyFunction_Vectorcall in <CONDA_ENV_PREFIX>/bin/python
41# _PyEval_EvalFrameDefault in <CONDA_ENV_PREFIX>/bin/python
42# _PyFunction_Vectorcall in <CONDA_ENV_PREFIX>/bin/python
43# _PyEval_EvalFrameDefault in <CONDA_ENV_PREFIX>/bin/python
44# _PyFunction_Vectorcall in <CONDA_ENV_PREFIX>/bin/python
45# 0x0000562A974F5979 in <CONDA_ENV_PREFIX>/bin/python
46# _PyObject_MakeTpCall in <CONDA_ENV_PREFIX>/bin/python
47# _PyEval_EvalFrameDefault in <CONDA_ENV_PREFIX>/bin/python
48# _PyFunction_Vectorcall in <CONDA_ENV_PREFIX>/bin/python
49# 0x0000562A974F5A1D in <CONDA_ENV_PREFIX>/bin/python
50# _PyObject_MakeTpCall in <CONDA_ENV_PREFIX>/bin/python
51# _PyEval_EvalFrameDefault in <CONDA_ENV_PREFIX>/bin/python
52# 0x0000562A97580B0D in <CONDA_ENV_PREFIX>/bin/python
53# PyEval_EvalCode in <CONDA_ENV_PREFIX>/bin/python
54# 0x0000562A9759E1AA in <CONDA_ENV_PREFIX>/bin/python
55# 0x0000562A97599E33 in <CONDA_ENV_PREFIX>/bin/python
56# 0x0000562A975AF3D0 in <CONDA_ENV_PREFIX>/bin/python
57# _PyRun_SimpleFileObject in <CONDA_ENV_PREFIX>/bin/python
58# _PyRun_AnyFileObject in <CONDA_ENV_PREFIX>/bin/python
59# Py_RunMain in <CONDA_ENV_PREFIX>/bin/python
60# Py_BytesMain in <CONDA_ENV_PREFIX>/bin/python
61# 0x00007FAB751F1D90 in /lib/x86_64-linux-gnu/libc.so.6
62# __libc_start_main in /lib/x86_64-linux-gnu/libc.so.6
63# 0x0000562A9757037A in <CONDA_ENV_PREFIX>/bin/python
----------
****

[21:01:27] UFFTYPER: Unrecognized atom type: S_5+6 (1)
[21:01:27] UFFTYPER: Unrecognized atom type: S_5+6 (1)
[21:01:27] 

****
Pre-condition Violation
bad params pointer
Violation occurred on line 79 in file /home/conda/feedstock_root/build_artifacts/rdkit-meta_1745736747213/work/Code/ForceField/UFF/AngleBend.cpp
Failed Expression: at2Params
----------
Stacktrace:
 0# Invar::Invariant::toString[abi:cxx11]() const in <CONDA_ENV_PREFIX>/lib/python3.11/site-packages/rdkit/../../../libRDKitRDGeneral.so.1
 1# Invar::operator<<(std::ostream&, Invar::Invariant const&) in <CONDA_ENV_PREFIX>/lib/python3.11/site-packages/rdkit/../../../libRDKitRDGeneral.so.1
 2# ForceFields::UFF::AngleBendContrib::AngleBendContrib(ForceFields::ForceField*, unsigned int, unsigned int, unsigned int, double, double, ForceFields::UFF::AtomicParams const*, ForceFields::UFF::AtomicParams const*, ForceFields::UFF::AtomicParams const*, unsigned int) in <CONDA_ENV_PREFIX>/lib/python3.11/site-packages/rdkit/ForceField/../../../../libRDKitForceField.so.1
 3# RDKit::UFF::Tools::addTrigonalBipyramidAngles(RDKit::Atom const*, RDKit::ROMol const&, int, std::vector<ForceFields::UFF::AtomicParams const*, std::allocator<ForceFields::UFF::AtomicParams const*> > const&, ForceFields::ForceField*) in <CONDA_ENV_PREFIX>/lib/python3.11/site-packages/rdkit/ForceField/../../../../libRDKitForceFieldHelpers.so.1
 4# RDKit::UFF::Tools::addAngleSpecialCases(RDKit::ROMol const&, int, std::vector<ForceFields::UFF::AtomicParams const*, std::allocator<ForceFields::UFF::AtomicParams const*> > const&, ForceFields::ForceField*) in <CONDA_ENV_PREFIX>/lib/python3.11/site-packages/rdkit/ForceField/../../../../libRDKitForceFieldHelpers.so.1
 5# RDKit::UFF::constructForceField(RDKit::ROMol&, std::vector<ForceFields::UFF::AtomicParams const*, std::allocator<ForceFields::UFF::AtomicParams const*> > const&, double, int, bool) in <CONDA_ENV_PREFIX>/lib/python3.11/site-packages/rdkit/ForceField/../../../../libRDKitForceFieldHelpers.so.1
 6# RDKit::UFF::constructForceField(RDKit::ROMol&, double, int, bool) in <CONDA_ENV_PREFIX>/lib/python3.11/site-packages/rdkit/ForceField/../../../../libRDKitForceFieldHelpers.so.1
 7# RDKit::UFFHelper(RDKit::ROMol&, int, double, int, bool) in <CONDA_ENV_PREFIX>/lib/python3.11/site-packages/rdkit/Chem/rdForceFieldHelpers.so
 8# 0x00007FAB6461403D in <CONDA_ENV_PREFIX>/lib/python3.11/site-packages/rdkit/Chem/rdForceFieldHelpers.so
 9# boost::python::objects::function::call(_object*, _object*) const in <CONDA_ENV_PREFIX>/lib/python3.11/site-packages/rdkit/../../../libboost_python311.so.1.86.0
10# 0x00007FAB6656D449 in <CONDA_ENV_PREFIX>/lib/python3.11/site-packages/rdkit/../../../libboost_python311.so.1.86.0
11# boost::python::detail::exception_handler::operator()(boost::function_n<void> const&) const in <CONDA_ENV_PREFIX>/lib/python3.11/site-packages/rdkit/../../../libboost_python311.so.1.86.0
12# 0x00007FAB642CDC04 in <CONDA_ENV_PREFIX>/lib/python3.11/site-packages/rdkit/Chem/rdSLNParse.so
13# 0x00007FAB646BB354 in <CONDA_ENV_PREFIX>/lib/python3.11/site-packages/rdkit/Chem/rdDepictor.so
14# 0x00007FAB64959DD4 in <CONDA_ENV_PREFIX>/lib/python3.11/site-packages/rdkit/Chem/rdChemReactions.so
15# 0x00007FAB64959E24 in <CONDA_ENV_PREFIX>/lib/python3.11/site-packages/rdkit/Chem/rdChemReactions.so
16# 0x00007FAB64AD2B94 in <CONDA_ENV_PREFIX>/lib/python3.11/site-packages/rdkit/Chem/rdMolChemicalFeatures.so
17# 0x00007FAB6554A9B4 in <CONDA_ENV_PREFIX>/lib/python3.11/site-packages/rdkit/Chem/rdmolfiles.so
18# 0x00007FAB6554AA04 in <CONDA_ENV_PREFIX>/lib/python3.11/site-packages/rdkit/Chem/rdmolfiles.so
19# 0x00007FAB65664B04 in <CONDA_ENV_PREFIX>/lib/python3.11/site-packages/rdkit/Chem/rdCIPLabeler.so
20# 0x00007FAB66039174 in <CONDA_ENV_PREFIX>/lib/python3.11/site-packages/rdkit/Chem/rdchem.so
21# 0x00007FAB65FCDAAD in <CONDA_ENV_PREFIX>/lib/python3.11/site-packages/rdkit/Chem/rdchem.so
22# 0x00007FAB65FCD6AD in <CONDA_ENV_PREFIX>/lib/python3.11/site-packages/rdkit/Chem/rdchem.so
23# 0x00007FAB65FCD2AD in <CONDA_ENV_PREFIX>/lib/python3.11/site-packages/rdkit/Chem/rdchem.so
24# 0x00007FAB65FCCEAD in <CONDA_ENV_PREFIX>/lib/python3.11/site-packages/rdkit/Chem/rdchem.so
25# 0x00007FAB65FCCAAD in <CONDA_ENV_PREFIX>/lib/python3.11/site-packages/rdkit/Chem/rdchem.so
26# 0x00007FAB66641E54 in <CONDA_ENV_PREFIX>/lib/python3.11/site-packages/rdkit/rdBase.so
27# 0x00007FAB66641EA4 in <CONDA_ENV_PREFIX>/lib/python3.11/site-packages/rdkit/rdBase.so
28# 0x00007FAB66641EF4 in <CONDA_ENV_PREFIX>/lib/python3.11/site-packages/rdkit/rdBase.so
29# 0x00007FAB66641F44 in <CONDA_ENV_PREFIX>/lib/python3.11/site-packages/rdkit/rdBase.so
30# boost::python::handle_exception_impl(boost::function_n<void>) in <CONDA_ENV_PREFIX>/lib/python3.11/site-packages/rdkit/../../../libboost_python311.so.1.86.0
31# 0x00007FAB6656A9B3 in <CONDA_ENV_PREFIX>/lib/python3.11/site-packages/rdkit/../../../libboost_python311.so.1.86.0
32# _PyObject_MakeTpCall in <CONDA_ENV_PREFIX>/bin/python
33# _PyEval_EvalFrameDefault in <CONDA_ENV_PREFIX>/bin/python
34# _PyFunction_Vectorcall in <CONDA_ENV_PREFIX>/bin/python
35# 0x0000562A975F3C50 in <CONDA_ENV_PREFIX>/bin/python
36# 0x0000562A97509745 in <CONDA_ENV_PREFIX>/bin/python
37# 0x0000562A9753A1AA in <CONDA_ENV_PREFIX>/bin/python
38# PyObject_Vectorcall in <CONDA_ENV_PREFIX>/bin/python
39# _PyEval_EvalFrameDefault in <CONDA_ENV_PREFIX>/bin/python
40# _PyFunction_Vectorcall in <CONDA_ENV_PREFIX>/bin/python
41# _PyEval_EvalFrameDefault in <CONDA_ENV_PREFIX>/bin/python
42# _PyFunction_Vectorcall in <CONDA_ENV_PREFIX>/bin/python
43# _PyEval_EvalFrameDefault in <CONDA_ENV_PREFIX>/bin/python
44# _PyFunction_Vectorcall in <CONDA_ENV_PREFIX>/bin/python
45# 0x0000562A974F5979 in <CONDA_ENV_PREFIX>/bin/python
46# _PyObject_MakeTpCall in <CONDA_ENV_PREFIX>/bin/python
47# _PyEval_EvalFrameDefault in <CONDA_ENV_PREFIX>/bin/python
48# _PyFunction_Vectorcall in <CONDA_ENV_PREFIX>/bin/python
49# 0x0000562A974F5A1D in <CONDA_ENV_PREFIX>/bin/python
50# _PyObject_MakeTpCall in <CONDA_ENV_PREFIX>/bin/python
51# _PyEval_EvalFrameDefault in <CONDA_ENV_PREFIX>/bin/python
52# 0x0000562A97580B0D in <CONDA_ENV_PREFIX>/bin/python
53# PyEval_EvalCode in <CONDA_ENV_PREFIX>/bin/python
54# 0x0000562A9759E1AA in <CONDA_ENV_PREFIX>/bin/python
55# 0x0000562A97599E33 in <CONDA_ENV_PREFIX>/bin/python
56# 0x0000562A975AF3D0 in <CONDA_ENV_PREFIX>/bin/python
57# _PyRun_SimpleFileObject in <CONDA_ENV_PREFIX>/bin/python
58# _PyRun_AnyFileObject in <CONDA_ENV_PREFIX>/bin/python
59# Py_RunMain in <CONDA_ENV_PREFIX>/bin/python
60# Py_BytesMain in <CONDA_ENV_PREFIX>/bin/python
61# 0x00007FAB751F1D90 in /lib/x86_64-linux-gnu/libc.so.6
62# __libc_start_main in /lib/x86_64-linux-gnu/libc.so.6
63# 0x0000562A9757037A in <CONDA_ENV_PREFIX>/bin/python
----------
****

[21:01:27] UFFTYPER: Unrecognized atom type: S_5+6 (12)
[21:01:27] UFFTYPER: Unrecognized atom type: S_5+6 (12)
[21:01:27] 

****
Pre-condition Violation
bad params pointer
Violation occurred on line 79 in file /home/conda/feedstock_root/build_artifacts/rdkit-meta_1745736747213/work/Code/ForceField/UFF/AngleBend.cpp
Failed Expression: at2Params
----------
Stacktrace:
 0# Invar::Invariant::toString[abi:cxx11]() const in <CONDA_ENV_PREFIX>/lib/python3.11/site-packages/rdkit/../../../libRDKitRDGeneral.so.1
 1# Invar::operator<<(std::ostream&, Invar::Invariant const&) in <CONDA_ENV_PREFIX>/lib/python3.11/site-packages/rdkit/../../../libRDKitRDGeneral.so.1
 2# ForceFields::UFF::AngleBendContrib::AngleBendContrib(ForceFields::ForceField*, unsigned int, unsigned int, unsigned int, double, double, ForceFields::UFF::AtomicParams const*, ForceFields::UFF::AtomicParams const*, ForceFields::UFF::AtomicParams const*, unsigned int) in <CONDA_ENV_PREFIX>/lib/python3.11/site-packages/rdkit/ForceField/../../../../libRDKitForceField.so.1
 3# RDKit::UFF::Tools::addTrigonalBipyramidAngles(RDKit::Atom const*, RDKit::ROMol const&, int, std::vector<ForceFields::UFF::AtomicParams const*, std::allocator<ForceFields::UFF::AtomicParams const*> > const&, ForceFields::ForceField*) in <CONDA_ENV_PREFIX>/lib/python3.11/site-packages/rdkit/ForceField/../../../../libRDKitForceFieldHelpers.so.1
 4# RDKit::UFF::Tools::addAngleSpecialCases(RDKit::ROMol const&, int, std::vector<ForceFields::UFF::AtomicParams const*, std::allocator<ForceFields::UFF::AtomicParams const*> > const&, ForceFields::ForceField*) in <CONDA_ENV_PREFIX>/lib/python3.11/site-packages/rdkit/ForceField/../../../../libRDKitForceFieldHelpers.so.1
 5# RDKit::UFF::constructForceField(RDKit::ROMol&, std::vector<ForceFields::UFF::AtomicParams const*, std::allocator<ForceFields::UFF::AtomicParams const*> > const&, double, int, bool) in <CONDA_ENV_PREFIX>/lib/python3.11/site-packages/rdkit/ForceField/../../../../libRDKitForceFieldHelpers.so.1
 6# RDKit::UFF::constructForceField(RDKit::ROMol&, double, int, bool) in <CONDA_ENV_PREFIX>/lib/python3.11/site-packages/rdkit/ForceField/../../../../libRDKitForceFieldHelpers.so.1
 7# RDKit::UFFHelper(RDKit::ROMol&, int, double, int, bool) in <CONDA_ENV_PREFIX>/lib/python3.11/site-packages/rdkit/Chem/rdForceFieldHelpers.so
 8# 0x00007FAB6461403D in <CONDA_ENV_PREFIX>/lib/python3.11/site-packages/rdkit/Chem/rdForceFieldHelpers.so
 9# boost::python::objects::function::call(_object*, _object*) const in <CONDA_ENV_PREFIX>/lib/python3.11/site-packages/rdkit/../../../libboost_python311.so.1.86.0
10# 0x00007FAB6656D449 in <CONDA_ENV_PREFIX>/lib/python3.11/site-packages/rdkit/../../../libboost_python311.so.1.86.0
11# boost::python::detail::exception_handler::operator()(boost::function_n<void> const&) const in <CONDA_ENV_PREFIX>/lib/python3.11/site-packages/rdkit/../../../libboost_python311.so.1.86.0
12# 0x00007FAB642CDC04 in <CONDA_ENV_PREFIX>/lib/python3.11/site-packages/rdkit/Chem/rdSLNParse.so
13# 0x00007FAB646BB354 in <CONDA_ENV_PREFIX>/lib/python3.11/site-packages/rdkit/Chem/rdDepictor.so
14# 0x00007FAB64959DD4 in <CONDA_ENV_PREFIX>/lib/python3.11/site-packages/rdkit/Chem/rdChemReactions.so
15# 0x00007FAB64959E24 in <CONDA_ENV_PREFIX>/lib/python3.11/site-packages/rdkit/Chem/rdChemReactions.so
16# 0x00007FAB64AD2B94 in <CONDA_ENV_PREFIX>/lib/python3.11/site-packages/rdkit/Chem/rdMolChemicalFeatures.so
17# 0x00007FAB6554A9B4 in <CONDA_ENV_PREFIX>/lib/python3.11/site-packages/rdkit/Chem/rdmolfiles.so
18# 0x00007FAB6554AA04 in <CONDA_ENV_PREFIX>/lib/python3.11/site-packages/rdkit/Chem/rdmolfiles.so
19# 0x00007FAB65664B04 in <CONDA_ENV_PREFIX>/lib/python3.11/site-packages/rdkit/Chem/rdCIPLabeler.so
20# 0x00007FAB66039174 in <CONDA_ENV_PREFIX>/lib/python3.11/site-packages/rdkit/Chem/rdchem.so
21# 0x00007FAB65FCDAAD in <CONDA_ENV_PREFIX>/lib/python3.11/site-packages/rdkit/Chem/rdchem.so
22# 0x00007FAB65FCD6AD in <CONDA_ENV_PREFIX>/lib/python3.11/site-packages/rdkit/Chem/rdchem.so
23# 0x00007FAB65FCD2AD in <CONDA_ENV_PREFIX>/lib/python3.11/site-packages/rdkit/Chem/rdchem.so
24# 0x00007FAB65FCCEAD in <CONDA_ENV_PREFIX>/lib/python3.11/site-packages/rdkit/Chem/rdchem.so
25# 0x00007FAB65FCCAAD in <CONDA_ENV_PREFIX>/lib/python3.11/site-packages/rdkit/Chem/rdchem.so
26# 0x00007FAB66641E54 in <CONDA_ENV_PREFIX>/lib/python3.11/site-packages/rdkit/rdBase.so
27# 0x00007FAB66641EA4 in <CONDA_ENV_PREFIX>/lib/python3.11/site-packages/rdkit/rdBase.so
28# 0x00007FAB66641EF4 in <CONDA_ENV_PREFIX>/lib/python3.11/site-packages/rdkit/rdBase.so
29# 0x00007FAB66641F44 in <CONDA_ENV_PREFIX>/lib/python3.11/site-packages/rdkit/rdBase.so
30# boost::python::handle_exception_impl(boost::function_n<void>) in <CONDA_ENV_PREFIX>/lib/python3.11/site-packages/rdkit/../../../libboost_python311.so.1.86.0
31# 0x00007FAB6656A9B3 in <CONDA_ENV_PREFIX>/lib/python3.11/site-packages/rdkit/../../../libboost_python311.so.1.86.0
32# _PyObject_MakeTpCall in <CONDA_ENV_PREFIX>/bin/python
33# _PyEval_EvalFrameDefault in <CONDA_ENV_PREFIX>/bin/python
34# _PyFunction_Vectorcall in <CONDA_ENV_PREFIX>/bin/python
35# 0x0000562A975F3C50 in <CONDA_ENV_PREFIX>/bin/python
36# 0x0000562A97509745 in <CONDA_ENV_PREFIX>/bin/python
37# 0x0000562A9753A1AA in <CONDA_ENV_PREFIX>/bin/python
38# PyObject_Vectorcall in <CONDA_ENV_PREFIX>/bin/python
39# _PyEval_EvalFrameDefault in <CONDA_ENV_PREFIX>/bin/python
40# _PyFunction_Vectorcall in <CONDA_ENV_PREFIX>/bin/python
41# _PyEval_EvalFrameDefault in <CONDA_ENV_PREFIX>/bin/python
42# _PyFunction_Vectorcall in <CONDA_ENV_PREFIX>/bin/python
43# _PyEval_EvalFrameDefault in <CONDA_ENV_PREFIX>/bin/python
44# _PyFunction_Vectorcall in <CONDA_ENV_PREFIX>/bin/python
45# 0x0000562A974F5979 in <CONDA_ENV_PREFIX>/bin/python
46# _PyObject_MakeTpCall in <CONDA_ENV_PREFIX>/bin/python
47# _PyEval_EvalFrameDefault in <CONDA_ENV_PREFIX>/bin/python
48# _PyFunction_Vectorcall in <CONDA_ENV_PREFIX>/bin/python
49# 0x0000562A974F5A1D in <CONDA_ENV_PREFIX>/bin/python
50# _PyObject_MakeTpCall in <CONDA_ENV_PREFIX>/bin/python
51# _PyEval_EvalFrameDefault in <CONDA_ENV_PREFIX>/bin/python
52# 0x0000562A97580B0D in <CONDA_ENV_PREFIX>/bin/python
53# PyEval_EvalCode in <CONDA_ENV_PREFIX>/bin/python
54# 0x0000562A9759E1AA in <CONDA_ENV_PREFIX>/bin/python
55# 0x0000562A97599E33 in <CONDA_ENV_PREFIX>/bin/python
56# 0x0000562A975AF3D0 in <CONDA_ENV_PREFIX>/bin/python
57# _PyRun_SimpleFileObject in <CONDA_ENV_PREFIX>/bin/python
58# _PyRun_AnyFileObject in <CONDA_ENV_PREFIX>/bin/python
59# Py_RunMain in <CONDA_ENV_PREFIX>/bin/python
60# Py_BytesMain in <CONDA_ENV_PREFIX>/bin/python
61# 0x00007FAB751F1D90 in /lib/x86_64-linux-gnu/libc.so.6
62# __libc_start_main in /lib/x86_64-linux-gnu/libc.so.6
63# 0x0000562A9757037A in <CONDA_ENV_PREFIX>/bin/python
----------
****

[21:01:28] UFFTYPER: Unrecognized atom type: S_5+6 (1)
[21:01:28] UFFTYPER: Unrecognized atom type: S_5+6 (1)
[21:01:28] 

****
Pre-condition Violation
bad params pointer
Violation occurred on line 79 in file /home/conda/feedstock_root/build_artifacts/rdkit-meta_1745736747213/work/Code/ForceField/UFF/AngleBend.cpp
Failed Expression: at2Params
----------
Stacktrace:
 0# Invar::Invariant::toString[abi:cxx11]() const in <CONDA_ENV_PREFIX>/lib/python3.11/site-packages/rdkit/../../../libRDKitRDGeneral.so.1
 1# Invar::operator<<(std::ostream&, Invar::Invariant const&) in <CONDA_ENV_PREFIX>/lib/python3.11/site-packages/rdkit/../../../libRDKitRDGeneral.so.1
 2# ForceFields::UFF::AngleBendContrib::AngleBendContrib(ForceFields::ForceField*, unsigned int, unsigned int, unsigned int, double, double, ForceFields::UFF::AtomicParams const*, ForceFields::UFF::AtomicParams const*, ForceFields::UFF::AtomicParams const*, unsigned int) in <CONDA_ENV_PREFIX>/lib/python3.11/site-packages/rdkit/ForceField/../../../../libRDKitForceField.so.1
 3# RDKit::UFF::Tools::addTrigonalBipyramidAngles(RDKit::Atom const*, RDKit::ROMol const&, int, std::vector<ForceFields::UFF::AtomicParams const*, std::allocator<ForceFields::UFF::AtomicParams const*> > const&, ForceFields::ForceField*) in <CONDA_ENV_PREFIX>/lib/python3.11/site-packages/rdkit/ForceField/../../../../libRDKitForceFieldHelpers.so.1
 4# RDKit::UFF::Tools::addAngleSpecialCases(RDKit::ROMol const&, int, std::vector<ForceFields::UFF::AtomicParams const*, std::allocator<ForceFields::UFF::AtomicParams const*> > const&, ForceFields::ForceField*) in <CONDA_ENV_PREFIX>/lib/python3.11/site-packages/rdkit/ForceField/../../../../libRDKitForceFieldHelpers.so.1
 5# RDKit::UFF::constructForceField(RDKit::ROMol&, std::vector<ForceFields::UFF::AtomicParams const*, std::allocator<ForceFields::UFF::AtomicParams const*> > const&, double, int, bool) in <CONDA_ENV_PREFIX>/lib/python3.11/site-packages/rdkit/ForceField/../../../../libRDKitForceFieldHelpers.so.1
 6# RDKit::UFF::constructForceField(RDKit::ROMol&, double, int, bool) in <CONDA_ENV_PREFIX>/lib/python3.11/site-packages/rdkit/ForceField/../../../../libRDKitForceFieldHelpers.so.1
 7# RDKit::UFFHelper(RDKit::ROMol&, int, double, int, bool) in <CONDA_ENV_PREFIX>/lib/python3.11/site-packages/rdkit/Chem/rdForceFieldHelpers.so
 8# 0x00007FAB6461403D in <CONDA_ENV_PREFIX>/lib/python3.11/site-packages/rdkit/Chem/rdForceFieldHelpers.so
 9# boost::python::objects::function::call(_object*, _object*) const in <CONDA_ENV_PREFIX>/lib/python3.11/site-packages/rdkit/../../../libboost_python311.so.1.86.0
10# 0x00007FAB6656D449 in <CONDA_ENV_PREFIX>/lib/python3.11/site-packages/rdkit/../../../libboost_python311.so.1.86.0
11# boost::python::detail::exception_handler::operator()(boost::function_n<void> const&) const in <CONDA_ENV_PREFIX>/lib/python3.11/site-packages/rdkit/../../../libboost_python311.so.1.86.0
12# 0x00007FAB642CDC04 in <CONDA_ENV_PREFIX>/lib/python3.11/site-packages/rdkit/Chem/rdSLNParse.so
13# 0x00007FAB646BB354 in <CONDA_ENV_PREFIX>/lib/python3.11/site-packages/rdkit/Chem/rdDepictor.so
14# 0x00007FAB64959DD4 in <CONDA_ENV_PREFIX>/lib/python3.11/site-packages/rdkit/Chem/rdChemReactions.so
15# 0x00007FAB64959E24 in <CONDA_ENV_PREFIX>/lib/python3.11/site-packages/rdkit/Chem/rdChemReactions.so
16# 0x00007FAB64AD2B94 in <CONDA_ENV_PREFIX>/lib/python3.11/site-packages/rdkit/Chem/rdMolChemicalFeatures.so
17# 0x00007FAB6554A9B4 in <CONDA_ENV_PREFIX>/lib/python3.11/site-packages/rdkit/Chem/rdmolfiles.so
18# 0x00007FAB6554AA04 in <CONDA_ENV_PREFIX>/lib/python3.11/site-packages/rdkit/Chem/rdmolfiles.so
19# 0x00007FAB65664B04 in <CONDA_ENV_PREFIX>/lib/python3.11/site-packages/rdkit/Chem/rdCIPLabeler.so
20# 0x00007FAB66039174 in <CONDA_ENV_PREFIX>/lib/python3.11/site-packages/rdkit/Chem/rdchem.so
21# 0x00007FAB65FCDAAD in <CONDA_ENV_PREFIX>/lib/python3.11/site-packages/rdkit/Chem/rdchem.so
22# 0x00007FAB65FCD6AD in <CONDA_ENV_PREFIX>/lib/python3.11/site-packages/rdkit/Chem/rdchem.so
23# 0x00007FAB65FCD2AD in <CONDA_ENV_PREFIX>/lib/python3.11/site-packages/rdkit/Chem/rdchem.so
24# 0x00007FAB65FCCEAD in <CONDA_ENV_PREFIX>/lib/python3.11/site-packages/rdkit/Chem/rdchem.so
25# 0x00007FAB65FCCAAD in <CONDA_ENV_PREFIX>/lib/python3.11/site-packages/rdkit/Chem/rdchem.so
26# 0x00007FAB66641E54 in <CONDA_ENV_PREFIX>/lib/python3.11/site-packages/rdkit/rdBase.so
27# 0x00007FAB66641EA4 in <CONDA_ENV_PREFIX>/lib/python3.11/site-packages/rdkit/rdBase.so
28# 0x00007FAB66641EF4 in <CONDA_ENV_PREFIX>/lib/python3.11/site-packages/rdkit/rdBase.so
29# 0x00007FAB66641F44 in <CONDA_ENV_PREFIX>/lib/python3.11/site-packages/rdkit/rdBase.so
30# boost::python::handle_exception_impl(boost::function_n<void>) in <CONDA_ENV_PREFIX>/lib/python3.11/site-packages/rdkit/../../../libboost_python311.so.1.86.0
31# 0x00007FAB6656A9B3 in <CONDA_ENV_PREFIX>/lib/python3.11/site-packages/rdkit/../../../libboost_python311.so.1.86.0
32# _PyObject_MakeTpCall in <CONDA_ENV_PREFIX>/bin/python
33# _PyEval_EvalFrameDefault in <CONDA_ENV_PREFIX>/bin/python
34# _PyFunction_Vectorcall in <CONDA_ENV_PREFIX>/bin/python
35# 0x0000562A975F3C50 in <CONDA_ENV_PREFIX>/bin/python
36# 0x0000562A97509745 in <CONDA_ENV_PREFIX>/bin/python
37# 0x0000562A9753A1AA in <CONDA_ENV_PREFIX>/bin/python
38# PyObject_Vectorcall in <CONDA_ENV_PREFIX>/bin/python
39# _PyEval_EvalFrameDefault in <CONDA_ENV_PREFIX>/bin/python
40# _PyFunction_Vectorcall in <CONDA_ENV_PREFIX>/bin/python
41# _PyEval_EvalFrameDefault in <CONDA_ENV_PREFIX>/bin/python
42# _PyFunction_Vectorcall in <CONDA_ENV_PREFIX>/bin/python
43# _PyEval_EvalFrameDefault in <CONDA_ENV_PREFIX>/bin/python
44# _PyFunction_Vectorcall in <CONDA_ENV_PREFIX>/bin/python
45# 0x0000562A974F5979 in <CONDA_ENV_PREFIX>/bin/python
46# _PyObject_MakeTpCall in <CONDA_ENV_PREFIX>/bin/python
47# _PyEval_EvalFrameDefault in <CONDA_ENV_PREFIX>/bin/python
48# _PyFunction_Vectorcall in <CONDA_ENV_PREFIX>/bin/python
49# 0x0000562A974F5A1D in <CONDA_ENV_PREFIX>/bin/python
50# _PyObject_MakeTpCall in <CONDA_ENV_PREFIX>/bin/python
51# _PyEval_EvalFrameDefault in <CONDA_ENV_PREFIX>/bin/python
52# 0x0000562A97580B0D in <CONDA_ENV_PREFIX>/bin/python
53# PyEval_EvalCode in <CONDA_ENV_PREFIX>/bin/python
54# 0x0000562A9759E1AA in <CONDA_ENV_PREFIX>/bin/python
55# 0x0000562A97599E33 in <CONDA_ENV_PREFIX>/bin/python
56# 0x0000562A975AF3D0 in <CONDA_ENV_PREFIX>/bin/python
57# _PyRun_SimpleFileObject in <CONDA_ENV_PREFIX>/bin/python
58# _PyRun_AnyFileObject in <CONDA_ENV_PREFIX>/bin/python
59# Py_RunMain in <CONDA_ENV_PREFIX>/bin/python
60# Py_BytesMain in <CONDA_ENV_PREFIX>/bin/python
61# 0x00007FAB751F1D90 in /lib/x86_64-linux-gnu/libc.so.6
62# __libc_start_main in /lib/x86_64-linux-gnu/libc.so.6
63# 0x0000562A9757037A in <CONDA_ENV_PREFIX>/bin/python
----------
****

[21:01:28] UFFTYPER: Unrecognized atom type: S_5+6 (1)
[21:01:28] UFFTYPER: Unrecognized atom type: S_5+6 (12)
[21:01:28] UFFTYPER: Unrecognized atom type: S_5+6 (1)
[21:01:28] 

****
Pre-condition Violation
bad params pointer
Violation occurred on line 79 in file /home/conda/feedstock_root/build_artifacts/rdkit-meta_1745736747213/work/Code/ForceField/UFF/AngleBend.cpp
Failed Expression: at2Params
----------
Stacktrace:
 0# Invar::Invariant::toString[abi:cxx11]() const in <CONDA_ENV_PREFIX>/lib/python3.11/site-packages/rdkit/../../../libRDKitRDGeneral.so.1
 1# Invar::operator<<(std::ostream&, Invar::Invariant const&) in <CONDA_ENV_PREFIX>/lib/python3.11/site-packages/rdkit/../../../libRDKitRDGeneral.so.1
 2# ForceFields::UFF::AngleBendContrib::AngleBendContrib(ForceFields::ForceField*, unsigned int, unsigned int, unsigned int, double, double, ForceFields::UFF::AtomicParams const*, ForceFields::UFF::AtomicParams const*, ForceFields::UFF::AtomicParams const*, unsigned int) in <CONDA_ENV_PREFIX>/lib/python3.11/site-packages/rdkit/ForceField/../../../../libRDKitForceField.so.1
 3# RDKit::UFF::Tools::addTrigonalBipyramidAngles(RDKit::Atom const*, RDKit::ROMol const&, int, std::vector<ForceFields::UFF::AtomicParams const*, std::allocator<ForceFields::UFF::AtomicParams const*> > const&, ForceFields::ForceField*) in <CONDA_ENV_PREFIX>/lib/python3.11/site-packages/rdkit/ForceField/../../../../libRDKitForceFieldHelpers.so.1
 4# RDKit::UFF::Tools::addAngleSpecialCases(RDKit::ROMol const&, int, std::vector<ForceFields::UFF::AtomicParams const*, std::allocator<ForceFields::UFF::AtomicParams const*> > const&, ForceFields::ForceField*) in <CONDA_ENV_PREFIX>/lib/python3.11/site-packages/rdkit/ForceField/../../../../libRDKitForceFieldHelpers.so.1
 5# RDKit::UFF::constructForceField(RDKit::ROMol&, std::vector<ForceFields::UFF::AtomicParams const*, std::allocator<ForceFields::UFF::AtomicParams const*> > const&, double, int, bool) in <CONDA_ENV_PREFIX>/lib/python3.11/site-packages/rdkit/ForceField/../../../../libRDKitForceFieldHelpers.so.1
 6# RDKit::UFF::constructForceField(RDKit::ROMol&, double, int, bool) in <CONDA_ENV_PREFIX>/lib/python3.11/site-packages/rdkit/ForceField/../../../../libRDKitForceFieldHelpers.so.1
 7# RDKit::UFFHelper(RDKit::ROMol&, int, double, int, bool) in <CONDA_ENV_PREFIX>/lib/python3.11/site-packages/rdkit/Chem/rdForceFieldHelpers.so
 8# 0x00007FAB6461403D in <CONDA_ENV_PREFIX>/lib/python3.11/site-packages/rdkit/Chem/rdForceFieldHelpers.so
 9# boost::python::objects::function::call(_object*, _object*) const in <CONDA_ENV_PREFIX>/lib/python3.11/site-packages/rdkit/../../../libboost_python311.so.1.86.0
10# 0x00007FAB6656D449 in <CONDA_ENV_PREFIX>/lib/python3.11/site-packages/rdkit/../../../libboost_python311.so.1.86.0
11# boost::python::detail::exception_handler::operator()(boost::function_n<void> const&) const in <CONDA_ENV_PREFIX>/lib/python3.11/site-packages/rdkit/../../../libboost_python311.so.1.86.0
12# 0x00007FAB642CDC04 in <CONDA_ENV_PREFIX>/lib/python3.11/site-packages/rdkit/Chem/rdSLNParse.so
13# 0x00007FAB646BB354 in <CONDA_ENV_PREFIX>/lib/python3.11/site-packages/rdkit/Chem/rdDepictor.so
14# 0x00007FAB64959DD4 in <CONDA_ENV_PREFIX>/lib/python3.11/site-packages/rdkit/Chem/rdChemReactions.so
15# 0x00007FAB64959E24 in <CONDA_ENV_PREFIX>/lib/python3.11/site-packages/rdkit/Chem/rdChemReactions.so
16# 0x00007FAB64AD2B94 in <CONDA_ENV_PREFIX>/lib/python3.11/site-packages/rdkit/Chem/rdMolChemicalFeatures.so
17# 0x00007FAB6554A9B4 in <CONDA_ENV_PREFIX>/lib/python3.11/site-packages/rdkit/Chem/rdmolfiles.so
18# 0x00007FAB6554AA04 in <CONDA_ENV_PREFIX>/lib/python3.11/site-packages/rdkit/Chem/rdmolfiles.so
19# 0x00007FAB65664B04 in <CONDA_ENV_PREFIX>/lib/python3.11/site-packages/rdkit/Chem/rdCIPLabeler.so
20# 0x00007FAB66039174 in <CONDA_ENV_PREFIX>/lib/python3.11/site-packages/rdkit/Chem/rdchem.so
21# 0x00007FAB65FCDAAD in <CONDA_ENV_PREFIX>/lib/python3.11/site-packages/rdkit/Chem/rdchem.so
22# 0x00007FAB65FCD6AD in <CONDA_ENV_PREFIX>/lib/python3.11/site-packages/rdkit/Chem/rdchem.so
23# 0x00007FAB65FCD2AD in <CONDA_ENV_PREFIX>/lib/python3.11/site-packages/rdkit/Chem/rdchem.so
24# 0x00007FAB65FCCEAD in <CONDA_ENV_PREFIX>/lib/python3.11/site-packages/rdkit/Chem/rdchem.so
25# 0x00007FAB65FCCAAD in <CONDA_ENV_PREFIX>/lib/python3.11/site-packages/rdkit/Chem/rdchem.so
26# 0x00007FAB66641E54 in <CONDA_ENV_PREFIX>/lib/python3.11/site-packages/rdkit/rdBase.so
27# 0x00007FAB66641EA4 in <CONDA_ENV_PREFIX>/lib/python3.11/site-packages/rdkit/rdBase.so
28# 0x00007FAB66641EF4 in <CONDA_ENV_PREFIX>/lib/python3.11/site-packages/rdkit/rdBase.so
29# 0x00007FAB66641F44 in <CONDA_ENV_PREFIX>/lib/python3.11/site-packages/rdkit/rdBase.so
30# boost::python::handle_exception_impl(boost::function_n<void>) in <CONDA_ENV_PREFIX>/lib/python3.11/site-packages/rdkit/../../../libboost_python311.so.1.86.0
31# 0x00007FAB6656A9B3 in <CONDA_ENV_PREFIX>/lib/python3.11/site-packages/rdkit/../../../libboost_python311.so.1.86.0
32# _PyObject_MakeTpCall in <CONDA_ENV_PREFIX>/bin/python
33# _PyEval_EvalFrameDefault in <CONDA_ENV_PREFIX>/bin/python
34# _PyFunction_Vectorcall in <CONDA_ENV_PREFIX>/bin/python
35# 0x0000562A975F3C50 in <CONDA_ENV_PREFIX>/bin/python
36# 0x0000562A97509745 in <CONDA_ENV_PREFIX>/bin/python
37# 0x0000562A9753A1AA in <CONDA_ENV_PREFIX>/bin/python
38# PyObject_Vectorcall in <CONDA_ENV_PREFIX>/bin/python
39# _PyEval_EvalFrameDefault in <CONDA_ENV_PREFIX>/bin/python
40# _PyFunction_Vectorcall in <CONDA_ENV_PREFIX>/bin/python
41# _PyEval_EvalFrameDefault in <CONDA_ENV_PREFIX>/bin/python
42# _PyFunction_Vectorcall in <CONDA_ENV_PREFIX>/bin/python
43# _PyEval_EvalFrameDefault in <CONDA_ENV_PREFIX>/bin/python
44# _PyFunction_Vectorcall in <CONDA_ENV_PREFIX>/bin/python
45# 0x0000562A974F5979 in <CONDA_ENV_PREFIX>/bin/python
46# _PyObject_MakeTpCall in <CONDA_ENV_PREFIX>/bin/python
47# _PyEval_EvalFrameDefault in <CONDA_ENV_PREFIX>/bin/python
48# _PyFunction_Vectorcall in <CONDA_ENV_PREFIX>/bin/python
49# 0x0000562A974F5A1D in <CONDA_ENV_PREFIX>/bin/python
50# _PyObject_MakeTpCall in <CONDA_ENV_PREFIX>/bin/python
51# _PyEval_EvalFrameDefault in <CONDA_ENV_PREFIX>/bin/python
52# 0x0000562A97580B0D in <CONDA_ENV_PREFIX>/bin/python
53# PyEval_EvalCode in <CONDA_ENV_PREFIX>/bin/python
54# 0x0000562A9759E1AA in <CONDA_ENV_PREFIX>/bin/python
55# 0x0000562A97599E33 in <CONDA_ENV_PREFIX>/bin/python
56# 0x0000562A975AF3D0 in <CONDA_ENV_PREFIX>/bin/python
57# _PyRun_SimpleFileObject in <CONDA_ENV_PREFIX>/bin/python
58# _PyRun_AnyFileObject in <CONDA_ENV_PREFIX>/bin/python
59# Py_RunMain in <CONDA_ENV_PREFIX>/bin/python
60# Py_BytesMain in <CONDA_ENV_PREFIX>/bin/python
61# 0x00007FAB751F1D90 in /lib/x86_64-linux-gnu/libc.so.6
62# __libc_start_main in /lib/x86_64-linux-gnu/libc.so.6
63# 0x0000562A9757037A in <CONDA_ENV_PREFIX>/bin/python
----------
****

[21:01:28] UFFTYPER: Unrecognized atom type: S_5+6 (12)
[21:01:28] 

****
Pre-condition Violation
bad params pointer
Violation occurred on line 79 in file /home/conda/feedstock_root/build_artifacts/rdkit-meta_1745736747213/work/Code/ForceField/UFF/AngleBend.cpp
Failed Expression: at2Params
----------
Stacktrace:
 0# Invar::Invariant::toString[abi:cxx11]() const in <CONDA_ENV_PREFIX>/lib/python3.11/site-packages/rdkit/../../../libRDKitRDGeneral.so.1
 1# Invar::operator<<(std::ostream&, Invar::Invariant const&) in <CONDA_ENV_PREFIX>/lib/python3.11/site-packages/rdkit/../../../libRDKitRDGeneral.so.1
 2# ForceFields::UFF::AngleBendContrib::AngleBendContrib(ForceFields::ForceField*, unsigned int, unsigned int, unsigned int, double, double, ForceFields::UFF::AtomicParams const*, ForceFields::UFF::AtomicParams const*, ForceFields::UFF::AtomicParams const*, unsigned int) in <CONDA_ENV_PREFIX>/lib/python3.11/site-packages/rdkit/ForceField/../../../../libRDKitForceField.so.1
 3# RDKit::UFF::Tools::addTrigonalBipyramidAngles(RDKit::Atom const*, RDKit::ROMol const&, int, std::vector<ForceFields::UFF::AtomicParams const*, std::allocator<ForceFields::UFF::AtomicParams const*> > const&, ForceFields::ForceField*) in <CONDA_ENV_PREFIX>/lib/python3.11/site-packages/rdkit/ForceField/../../../../libRDKitForceFieldHelpers.so.1
 4# RDKit::UFF::Tools::addAngleSpecialCases(RDKit::ROMol const&, int, std::vector<ForceFields::UFF::AtomicParams const*, std::allocator<ForceFields::UFF::AtomicParams const*> > const&, ForceFields::ForceField*) in <CONDA_ENV_PREFIX>/lib/python3.11/site-packages/rdkit/ForceField/../../../../libRDKitForceFieldHelpers.so.1
 5# RDKit::UFF::constructForceField(RDKit::ROMol&, std::vector<ForceFields::UFF::AtomicParams const*, std::allocator<ForceFields::UFF::AtomicParams const*> > const&, double, int, bool) in <CONDA_ENV_PREFIX>/lib/python3.11/site-packages/rdkit/ForceField/../../../../libRDKitForceFieldHelpers.so.1
 6# RDKit::UFF::constructForceField(RDKit::ROMol&, double, int, bool) in <CONDA_ENV_PREFIX>/lib/python3.11/site-packages/rdkit/ForceField/../../../../libRDKitForceFieldHelpers.so.1
 7# RDKit::UFFHelper(RDKit::ROMol&, int, double, int, bool) in <CONDA_ENV_PREFIX>/lib/python3.11/site-packages/rdkit/Chem/rdForceFieldHelpers.so
 8# 0x00007FAB6461403D in <CONDA_ENV_PREFIX>/lib/python3.11/site-packages/rdkit/Chem/rdForceFieldHelpers.so
 9# boost::python::objects::function::call(_object*, _object*) const in <CONDA_ENV_PREFIX>/lib/python3.11/site-packages/rdkit/../../../libboost_python311.so.1.86.0
10# 0x00007FAB6656D449 in <CONDA_ENV_PREFIX>/lib/python3.11/site-packages/rdkit/../../../libboost_python311.so.1.86.0
11# boost::python::detail::exception_handler::operator()(boost::function_n<void> const&) const in <CONDA_ENV_PREFIX>/lib/python3.11/site-packages/rdkit/../../../libboost_python311.so.1.86.0
12# 0x00007FAB642CDC04 in <CONDA_ENV_PREFIX>/lib/python3.11/site-packages/rdkit/Chem/rdSLNParse.so
13# 0x00007FAB646BB354 in <CONDA_ENV_PREFIX>/lib/python3.11/site-packages/rdkit/Chem/rdDepictor.so
14# 0x00007FAB64959DD4 in <CONDA_ENV_PREFIX>/lib/python3.11/site-packages/rdkit/Chem/rdChemReactions.so
15# 0x00007FAB64959E24 in <CONDA_ENV_PREFIX>/lib/python3.11/site-packages/rdkit/Chem/rdChemReactions.so
16# 0x00007FAB64AD2B94 in <CONDA_ENV_PREFIX>/lib/python3.11/site-packages/rdkit/Chem/rdMolChemicalFeatures.so
17# 0x00007FAB6554A9B4 in <CONDA_ENV_PREFIX>/lib/python3.11/site-packages/rdkit/Chem/rdmolfiles.so
18# 0x00007FAB6554AA04 in <CONDA_ENV_PREFIX>/lib/python3.11/site-packages/rdkit/Chem/rdmolfiles.so
19# 0x00007FAB65664B04 in <CONDA_ENV_PREFIX>/lib/python3.11/site-packages/rdkit/Chem/rdCIPLabeler.so
20# 0x00007FAB66039174 in <CONDA_ENV_PREFIX>/lib/python3.11/site-packages/rdkit/Chem/rdchem.so
21# 0x00007FAB65FCDAAD in <CONDA_ENV_PREFIX>/lib/python3.11/site-packages/rdkit/Chem/rdchem.so
22# 0x00007FAB65FCD6AD in <CONDA_ENV_PREFIX>/lib/python3.11/site-packages/rdkit/Chem/rdchem.so
23# 0x00007FAB65FCD2AD in <CONDA_ENV_PREFIX>/lib/python3.11/site-packages/rdkit/Chem/rdchem.so
24# 0x00007FAB65FCCEAD in <CONDA_ENV_PREFIX>/lib/python3.11/site-packages/rdkit/Chem/rdchem.so
25# 0x00007FAB65FCCAAD in <CONDA_ENV_PREFIX>/lib/python3.11/site-packages/rdkit/Chem/rdchem.so
26# 0x00007FAB66641E54 in <CONDA_ENV_PREFIX>/lib/python3.11/site-packages/rdkit/rdBase.so
27# 0x00007FAB66641EA4 in <CONDA_ENV_PREFIX>/lib/python3.11/site-packages/rdkit/rdBase.so
28# 0x00007FAB66641EF4 in <CONDA_ENV_PREFIX>/lib/python3.11/site-packages/rdkit/rdBase.so
29# 0x00007FAB66641F44 in <CONDA_ENV_PREFIX>/lib/python3.11/site-packages/rdkit/rdBase.so
30# boost::python::handle_exception_impl(boost::function_n<void>) in <CONDA_ENV_PREFIX>/lib/python3.11/site-packages/rdkit/../../../libboost_python311.so.1.86.0
31# 0x00007FAB6656A9B3 in <CONDA_ENV_PREFIX>/lib/python3.11/site-packages/rdkit/../../../libboost_python311.so.1.86.0
32# _PyObject_MakeTpCall in <CONDA_ENV_PREFIX>/bin/python
33# _PyEval_EvalFrameDefault in <CONDA_ENV_PREFIX>/bin/python
34# _PyFunction_Vectorcall in <CONDA_ENV_PREFIX>/bin/python
35# 0x0000562A975F3C50 in <CONDA_ENV_PREFIX>/bin/python
36# 0x0000562A97509745 in <CONDA_ENV_PREFIX>/bin/python
37# 0x0000562A9753A1AA in <CONDA_ENV_PREFIX>/bin/python
38# PyObject_Vectorcall in <CONDA_ENV_PREFIX>/bin/python
39# _PyEval_EvalFrameDefault in <CONDA_ENV_PREFIX>/bin/python
40# _PyFunction_Vectorcall in <CONDA_ENV_PREFIX>/bin/python
41# _PyEval_EvalFrameDefault in <CONDA_ENV_PREFIX>/bin/python
42# _PyFunction_Vectorcall in <CONDA_ENV_PREFIX>/bin/python
43# _PyEval_EvalFrameDefault in <CONDA_ENV_PREFIX>/bin/python
44# _PyFunction_Vectorcall in <CONDA_ENV_PREFIX>/bin/python
45# 0x0000562A974F5979 in <CONDA_ENV_PREFIX>/bin/python
46# _PyObject_MakeTpCall in <CONDA_ENV_PREFIX>/bin/python
47# _PyEval_EvalFrameDefault in <CONDA_ENV_PREFIX>/bin/python
48# _PyFunction_Vectorcall in <CONDA_ENV_PREFIX>/bin/python
49# 0x0000562A974F5A1D in <CONDA_ENV_PREFIX>/bin/python
50# _PyObject_MakeTpCall in <CONDA_ENV_PREFIX>/bin/python
51# _PyEval_EvalFrameDefault in <CONDA_ENV_PREFIX>/bin/python
52# 0x0000562A97580B0D in <CONDA_ENV_PREFIX>/bin/python
53# PyEval_EvalCode in <CONDA_ENV_PREFIX>/bin/python
54# 0x0000562A9759E1AA in <CONDA_ENV_PREFIX>/bin/python
55# 0x0000562A97599E33 in <CONDA_ENV_PREFIX>/bin/python
56# 0x0000562A975AF3D0 in <CONDA_ENV_PREFIX>/bin/python
57# _PyRun_SimpleFileObject in <CONDA_ENV_PREFIX>/bin/python
58# _PyRun_AnyFileObject in <CONDA_ENV_PREFIX>/bin/python
59# Py_RunMain in <CONDA_ENV_PREFIX>/bin/python
60# Py_BytesMain in <CONDA_ENV_PREFIX>/bin/python
61# 0x00007FAB751F1D90 in /lib/x86_64-linux-gnu/libc.so.6
62# __libc_start_main in /lib/x86_64-linux-gnu/libc.so.6
63# 0x0000562A9757037A in <CONDA_ENV_PREFIX>/bin/python
----------
****

[21:01:30] UFFTYPER: Unrecognized atom type: S_5+6 (13)
[21:01:30] UFFTYPER: Unrecognized atom type: S_5+6 (13)
[21:01:30] 

****
Pre-condition Violation
bad params pointer
Violation occurred on line 79 in file /home/conda/feedstock_root/build_artifacts/rdkit-meta_1745736747213/work/Code/ForceField/UFF/AngleBend.cpp
Failed Expression: at2Params
----------
Stacktrace:
 0# Invar::Invariant::toString[abi:cxx11]() const in <CONDA_ENV_PREFIX>/lib/python3.11/site-packages/rdkit/../../../libRDKitRDGeneral.so.1
 1# Invar::operator<<(std::ostream&, Invar::Invariant const&) in <CONDA_ENV_PREFIX>/lib/python3.11/site-packages/rdkit/../../../libRDKitRDGeneral.so.1
 2# ForceFields::UFF::AngleBendContrib::AngleBendContrib(ForceFields::ForceField*, unsigned int, unsigned int, unsigned int, double, double, ForceFields::UFF::AtomicParams const*, ForceFields::UFF::AtomicParams const*, ForceFields::UFF::AtomicParams const*, unsigned int) in <CONDA_ENV_PREFIX>/lib/python3.11/site-packages/rdkit/ForceField/../../../../libRDKitForceField.so.1
 3# RDKit::UFF::Tools::addTrigonalBipyramidAngles(RDKit::Atom const*, RDKit::ROMol const&, int, std::vector<ForceFields::UFF::AtomicParams const*, std::allocator<ForceFields::UFF::AtomicParams const*> > const&, ForceFields::ForceField*) in <CONDA_ENV_PREFIX>/lib/python3.11/site-packages/rdkit/ForceField/../../../../libRDKitForceFieldHelpers.so.1
 4# RDKit::UFF::Tools::addAngleSpecialCases(RDKit::ROMol const&, int, std::vector<ForceFields::UFF::AtomicParams const*, std::allocator<ForceFields::UFF::AtomicParams const*> > const&, ForceFields::ForceField*) in <CONDA_ENV_PREFIX>/lib/python3.11/site-packages/rdkit/ForceField/../../../../libRDKitForceFieldHelpers.so.1
 5# RDKit::UFF::constructForceField(RDKit::ROMol&, std::vector<ForceFields::UFF::AtomicParams const*, std::allocator<ForceFields::UFF::AtomicParams const*> > const&, double, int, bool) in <CONDA_ENV_PREFIX>/lib/python3.11/site-packages/rdkit/ForceField/../../../../libRDKitForceFieldHelpers.so.1
 6# RDKit::UFF::constructForceField(RDKit::ROMol&, double, int, bool) in <CONDA_ENV_PREFIX>/lib/python3.11/site-packages/rdkit/ForceField/../../../../libRDKitForceFieldHelpers.so.1
 7# RDKit::UFFHelper(RDKit::ROMol&, int, double, int, bool) in <CONDA_ENV_PREFIX>/lib/python3.11/site-packages/rdkit/Chem/rdForceFieldHelpers.so
 8# 0x00007FAB6461403D in <CONDA_ENV_PREFIX>/lib/python3.11/site-packages/rdkit/Chem/rdForceFieldHelpers.so
 9# boost::python::objects::function::call(_object*, _object*) const in <CONDA_ENV_PREFIX>/lib/python3.11/site-packages/rdkit/../../../libboost_python311.so.1.86.0
10# 0x00007FAB6656D449 in <CONDA_ENV_PREFIX>/lib/python3.11/site-packages/rdkit/../../../libboost_python311.so.1.86.0
11# boost::python::detail::exception_handler::operator()(boost::function_n<void> const&) const in <CONDA_ENV_PREFIX>/lib/python3.11/site-packages/rdkit/../../../libboost_python311.so.1.86.0
12# 0x00007FAB642CDC04 in <CONDA_ENV_PREFIX>/lib/python3.11/site-packages/rdkit/Chem/rdSLNParse.so
13# 0x00007FAB646BB354 in <CONDA_ENV_PREFIX>/lib/python3.11/site-packages/rdkit/Chem/rdDepictor.so
14# 0x00007FAB64959DD4 in <CONDA_ENV_PREFIX>/lib/python3.11/site-packages/rdkit/Chem/rdChemReactions.so
15# 0x00007FAB64959E24 in <CONDA_ENV_PREFIX>/lib/python3.11/site-packages/rdkit/Chem/rdChemReactions.so
16# 0x00007FAB64AD2B94 in <CONDA_ENV_PREFIX>/lib/python3.11/site-packages/rdkit/Chem/rdMolChemicalFeatures.so
17# 0x00007FAB6554A9B4 in <CONDA_ENV_PREFIX>/lib/python3.11/site-packages/rdkit/Chem/rdmolfiles.so
18# 0x00007FAB6554AA04 in <CONDA_ENV_PREFIX>/lib/python3.11/site-packages/rdkit/Chem/rdmolfiles.so
19# 0x00007FAB65664B04 in <CONDA_ENV_PREFIX>/lib/python3.11/site-packages/rdkit/Chem/rdCIPLabeler.so
20# 0x00007FAB66039174 in <CONDA_ENV_PREFIX>/lib/python3.11/site-packages/rdkit/Chem/rdchem.so
21# 0x00007FAB65FCDAAD in <CONDA_ENV_PREFIX>/lib/python3.11/site-packages/rdkit/Chem/rdchem.so
22# 0x00007FAB65FCD6AD in <CONDA_ENV_PREFIX>/lib/python3.11/site-packages/rdkit/Chem/rdchem.so
23# 0x00007FAB65FCD2AD in <CONDA_ENV_PREFIX>/lib/python3.11/site-packages/rdkit/Chem/rdchem.so
24# 0x00007FAB65FCCEAD in <CONDA_ENV_PREFIX>/lib/python3.11/site-packages/rdkit/Chem/rdchem.so
25# 0x00007FAB65FCCAAD in <CONDA_ENV_PREFIX>/lib/python3.11/site-packages/rdkit/Chem/rdchem.so
26# 0x00007FAB66641E54 in <CONDA_ENV_PREFIX>/lib/python3.11/site-packages/rdkit/rdBase.so
27# 0x00007FAB66641EA4 in <CONDA_ENV_PREFIX>/lib/python3.11/site-packages/rdkit/rdBase.so
28# 0x00007FAB66641EF4 in <CONDA_ENV_PREFIX>/lib/python3.11/site-packages/rdkit/rdBase.so
29# 0x00007FAB66641F44 in <CONDA_ENV_PREFIX>/lib/python3.11/site-packages/rdkit/rdBase.so
30# boost::python::handle_exception_impl(boost::function_n<void>) in <CONDA_ENV_PREFIX>/lib/python3.11/site-packages/rdkit/../../../libboost_python311.so.1.86.0
31# 0x00007FAB6656A9B3 in <CONDA_ENV_PREFIX>/lib/python3.11/site-packages/rdkit/../../../libboost_python311.so.1.86.0
32# _PyObject_MakeTpCall in <CONDA_ENV_PREFIX>/bin/python
33# _PyEval_EvalFrameDefault in <CONDA_ENV_PREFIX>/bin/python
34# _PyFunction_Vectorcall in <CONDA_ENV_PREFIX>/bin/python
35# 0x0000562A975F3C50 in <CONDA_ENV_PREFIX>/bin/python
36# 0x0000562A97509745 in <CONDA_ENV_PREFIX>/bin/python
37# 0x0000562A9753A1AA in <CONDA_ENV_PREFIX>/bin/python
38# PyObject_Vectorcall in <CONDA_ENV_PREFIX>/bin/python
39# _PyEval_EvalFrameDefault in <CONDA_ENV_PREFIX>/bin/python
40# _PyFunction_Vectorcall in <CONDA_ENV_PREFIX>/bin/python
41# _PyEval_EvalFrameDefault in <CONDA_ENV_PREFIX>/bin/python
42# _PyFunction_Vectorcall in <CONDA_ENV_PREFIX>/bin/python
43# _PyEval_EvalFrameDefault in <CONDA_ENV_PREFIX>/bin/python
44# _PyFunction_Vectorcall in <CONDA_ENV_PREFIX>/bin/python
45# 0x0000562A974F5979 in <CONDA_ENV_PREFIX>/bin/python
46# _PyObject_MakeTpCall in <CONDA_ENV_PREFIX>/bin/python
47# _PyEval_EvalFrameDefault in <CONDA_ENV_PREFIX>/bin/python
48# _PyFunction_Vectorcall in <CONDA_ENV_PREFIX>/bin/python
49# 0x0000562A974F5A1D in <CONDA_ENV_PREFIX>/bin/python
50# _PyObject_MakeTpCall in <CONDA_ENV_PREFIX>/bin/python
51# _PyEval_EvalFrameDefault in <CONDA_ENV_PREFIX>/bin/python
52# 0x0000562A97580B0D in <CONDA_ENV_PREFIX>/bin/python
53# PyEval_EvalCode in <CONDA_ENV_PREFIX>/bin/python
54# 0x0000562A9759E1AA in <CONDA_ENV_PREFIX>/bin/python
55# 0x0000562A97599E33 in <CONDA_ENV_PREFIX>/bin/python
56# 0x0000562A975AF3D0 in <CONDA_ENV_PREFIX>/bin/python
57# _PyRun_SimpleFileObject in <CONDA_ENV_PREFIX>/bin/python
58# _PyRun_AnyFileObject in <CONDA_ENV_PREFIX>/bin/python
59# Py_RunMain in <CONDA_ENV_PREFIX>/bin/python
60# Py_BytesMain in <CONDA_ENV_PREFIX>/bin/python
61# 0x00007FAB751F1D90 in /lib/x86_64-linux-gnu/libc.so.6
62# __libc_start_main in /lib/x86_64-linux-gnu/libc.so.6
63# 0x0000562A9757037A in <CONDA_ENV_PREFIX>/bin/python
----------
****

[21:01:30] UFFTYPER: Unrecognized atom type: S_5+6 (13)
[21:01:30] UFFTYPER: Unrecognized atom type: S_5+6 (13)
[21:01:30] 

****
Pre-condition Violation
bad params pointer
Violation occurred on line 79 in file /home/conda/feedstock_root/build_artifacts/rdkit-meta_1745736747213/work/Code/ForceField/UFF/AngleBend.cpp
Failed Expression: at2Params
----------
Stacktrace:
 0# Invar::Invariant::toString[abi:cxx11]() const in <CONDA_ENV_PREFIX>/lib/python3.11/site-packages/rdkit/../../../libRDKitRDGeneral.so.1
 1# Invar::operator<<(std::ostream&, Invar::Invariant const&) in <CONDA_ENV_PREFIX>/lib/python3.11/site-packages/rdkit/../../../libRDKitRDGeneral.so.1
 2# ForceFields::UFF::AngleBendContrib::AngleBendContrib(ForceFields::ForceField*, unsigned int, unsigned int, unsigned int, double, double, ForceFields::UFF::AtomicParams const*, ForceFields::UFF::AtomicParams const*, ForceFields::UFF::AtomicParams const*, unsigned int) in <CONDA_ENV_PREFIX>/lib/python3.11/site-packages/rdkit/ForceField/../../../../libRDKitForceField.so.1
 3# RDKit::UFF::Tools::addTrigonalBipyramidAngles(RDKit::Atom const*, RDKit::ROMol const&, int, std::vector<ForceFields::UFF::AtomicParams const*, std::allocator<ForceFields::UFF::AtomicParams const*> > const&, ForceFields::ForceField*) in <CONDA_ENV_PREFIX>/lib/python3.11/site-packages/rdkit/ForceField/../../../../libRDKitForceFieldHelpers.so.1
 4# RDKit::UFF::Tools::addAngleSpecialCases(RDKit::ROMol const&, int, std::vector<ForceFields::UFF::AtomicParams const*, std::allocator<ForceFields::UFF::AtomicParams const*> > const&, ForceFields::ForceField*) in <CONDA_ENV_PREFIX>/lib/python3.11/site-packages/rdkit/ForceField/../../../../libRDKitForceFieldHelpers.so.1
 5# RDKit::UFF::constructForceField(RDKit::ROMol&, std::vector<ForceFields::UFF::AtomicParams const*, std::allocator<ForceFields::UFF::AtomicParams const*> > const&, double, int, bool) in <CONDA_ENV_PREFIX>/lib/python3.11/site-packages/rdkit/ForceField/../../../../libRDKitForceFieldHelpers.so.1
 6# RDKit::UFF::constructForceField(RDKit::ROMol&, double, int, bool) in <CONDA_ENV_PREFIX>/lib/python3.11/site-packages/rdkit/ForceField/../../../../libRDKitForceFieldHelpers.so.1
 7# RDKit::UFFHelper(RDKit::ROMol&, int, double, int, bool) in <CONDA_ENV_PREFIX>/lib/python3.11/site-packages/rdkit/Chem/rdForceFieldHelpers.so
 8# 0x00007FAB6461403D in <CONDA_ENV_PREFIX>/lib/python3.11/site-packages/rdkit/Chem/rdForceFieldHelpers.so
 9# boost::python::objects::function::call(_object*, _object*) const in <CONDA_ENV_PREFIX>/lib/python3.11/site-packages/rdkit/../../../libboost_python311.so.1.86.0
10# 0x00007FAB6656D449 in <CONDA_ENV_PREFIX>/lib/python3.11/site-packages/rdkit/../../../libboost_python311.so.1.86.0
11# boost::python::detail::exception_handler::operator()(boost::function_n<void> const&) const in <CONDA_ENV_PREFIX>/lib/python3.11/site-packages/rdkit/../../../libboost_python311.so.1.86.0
12# 0x00007FAB642CDC04 in <CONDA_ENV_PREFIX>/lib/python3.11/site-packages/rdkit/Chem/rdSLNParse.so
13# 0x00007FAB646BB354 in <CONDA_ENV_PREFIX>/lib/python3.11/site-packages/rdkit/Chem/rdDepictor.so
14# 0x00007FAB64959DD4 in <CONDA_ENV_PREFIX>/lib/python3.11/site-packages/rdkit/Chem/rdChemReactions.so
15# 0x00007FAB64959E24 in <CONDA_ENV_PREFIX>/lib/python3.11/site-packages/rdkit/Chem/rdChemReactions.so
16# 0x00007FAB64AD2B94 in <CONDA_ENV_PREFIX>/lib/python3.11/site-packages/rdkit/Chem/rdMolChemicalFeatures.so
17# 0x00007FAB6554A9B4 in <CONDA_ENV_PREFIX>/lib/python3.11/site-packages/rdkit/Chem/rdmolfiles.so
18# 0x00007FAB6554AA04 in <CONDA_ENV_PREFIX>/lib/python3.11/site-packages/rdkit/Chem/rdmolfiles.so
19# 0x00007FAB65664B04 in <CONDA_ENV_PREFIX>/lib/python3.11/site-packages/rdkit/Chem/rdCIPLabeler.so
20# 0x00007FAB66039174 in <CONDA_ENV_PREFIX>/lib/python3.11/site-packages/rdkit/Chem/rdchem.so
21# 0x00007FAB65FCDAAD in <CONDA_ENV_PREFIX>/lib/python3.11/site-packages/rdkit/Chem/rdchem.so
22# 0x00007FAB65FCD6AD in <CONDA_ENV_PREFIX>/lib/python3.11/site-packages/rdkit/Chem/rdchem.so
23# 0x00007FAB65FCD2AD in <CONDA_ENV_PREFIX>/lib/python3.11/site-packages/rdkit/Chem/rdchem.so
24# 0x00007FAB65FCCEAD in <CONDA_ENV_PREFIX>/lib/python3.11/site-packages/rdkit/Chem/rdchem.so
25# 0x00007FAB65FCCAAD in <CONDA_ENV_PREFIX>/lib/python3.11/site-packages/rdkit/Chem/rdchem.so
26# 0x00007FAB66641E54 in <CONDA_ENV_PREFIX>/lib/python3.11/site-packages/rdkit/rdBase.so
27# 0x00007FAB66641EA4 in <CONDA_ENV_PREFIX>/lib/python3.11/site-packages/rdkit/rdBase.so
28# 0x00007FAB66641EF4 in <CONDA_ENV_PREFIX>/lib/python3.11/site-packages/rdkit/rdBase.so
29# 0x00007FAB66641F44 in <CONDA_ENV_PREFIX>/lib/python3.11/site-packages/rdkit/rdBase.so
30# boost::python::handle_exception_impl(boost::function_n<void>) in <CONDA_ENV_PREFIX>/lib/python3.11/site-packages/rdkit/../../../libboost_python311.so.1.86.0
31# 0x00007FAB6656A9B3 in <CONDA_ENV_PREFIX>/lib/python3.11/site-packages/rdkit/../../../libboost_python311.so.1.86.0
32# _PyObject_MakeTpCall in <CONDA_ENV_PREFIX>/bin/python
33# _PyEval_EvalFrameDefault in <CONDA_ENV_PREFIX>/bin/python
34# _PyFunction_Vectorcall in <CONDA_ENV_PREFIX>/bin/python
35# 0x0000562A975F3C50 in <CONDA_ENV_PREFIX>/bin/python
36# 0x0000562A97509745 in <CONDA_ENV_PREFIX>/bin/python
37# 0x0000562A9753A1AA in <CONDA_ENV_PREFIX>/bin/python
38# PyObject_Vectorcall in <CONDA_ENV_PREFIX>/bin/python
39# _PyEval_EvalFrameDefault in <CONDA_ENV_PREFIX>/bin/python
40# _PyFunction_Vectorcall in <CONDA_ENV_PREFIX>/bin/python
41# _PyEval_EvalFrameDefault in <CONDA_ENV_PREFIX>/bin/python
42# _PyFunction_Vectorcall in <CONDA_ENV_PREFIX>/bin/python
43# _PyEval_EvalFrameDefault in <CONDA_ENV_PREFIX>/bin/python
44# _PyFunction_Vectorcall in <CONDA_ENV_PREFIX>/bin/python
45# 0x0000562A974F5979 in <CONDA_ENV_PREFIX>/bin/python
46# _PyObject_MakeTpCall in <CONDA_ENV_PREFIX>/bin/python
47# _PyEval_EvalFrameDefault in <CONDA_ENV_PREFIX>/bin/python
48# _PyFunction_Vectorcall in <CONDA_ENV_PREFIX>/bin/python
49# 0x0000562A974F5A1D in <CONDA_ENV_PREFIX>/bin/python
50# _PyObject_MakeTpCall in <CONDA_ENV_PREFIX>/bin/python
51# _PyEval_EvalFrameDefault in <CONDA_ENV_PREFIX>/bin/python
52# 0x0000562A97580B0D in <CONDA_ENV_PREFIX>/bin/python
53# PyEval_EvalCode in <CONDA_ENV_PREFIX>/bin/python
54# 0x0000562A9759E1AA in <CONDA_ENV_PREFIX>/bin/python
55# 0x0000562A97599E33 in <CONDA_ENV_PREFIX>/bin/python
56# 0x0000562A975AF3D0 in <CONDA_ENV_PREFIX>/bin/python
57# _PyRun_SimpleFileObject in <CONDA_ENV_PREFIX>/bin/python
58# _PyRun_AnyFileObject in <CONDA_ENV_PREFIX>/bin/python
59# Py_RunMain in <CONDA_ENV_PREFIX>/bin/python
60# Py_BytesMain in <CONDA_ENV_PREFIX>/bin/python
61# 0x00007FAB751F1D90 in /lib/x86_64-linux-gnu/libc.so.6
62# __libc_start_main in /lib/x86_64-linux-gnu/libc.so.6
63# 0x0000562A9757037A in <CONDA_ENV_PREFIX>/bin/python
----------
****

[21:01:30] UFFTYPER: Unrecognized atom type: S_5+6 (12)
[21:01:30] UFFTYPER: Unrecognized atom type: S_5+6 (12)
[21:01:30] 

****
Pre-condition Violation
bad params pointer
Violation occurred on line 79 in file /home/conda/feedstock_root/build_artifacts/rdkit-meta_1745736747213/work/Code/ForceField/UFF/AngleBend.cpp
Failed Expression: at2Params
----------
Stacktrace:
 0# Invar::Invariant::toString[abi:cxx11]() const in <CONDA_ENV_PREFIX>/lib/python3.11/site-packages/rdkit/../../../libRDKitRDGeneral.so.1
 1# Invar::operator<<(std::ostream&, Invar::Invariant const&) in <CONDA_ENV_PREFIX>/lib/python3.11/site-packages/rdkit/../../../libRDKitRDGeneral.so.1
 2# ForceFields::UFF::AngleBendContrib::AngleBendContrib(ForceFields::ForceField*, unsigned int, unsigned int, unsigned int, double, double, ForceFields::UFF::AtomicParams const*, ForceFields::UFF::AtomicParams const*, ForceFields::UFF::AtomicParams const*, unsigned int) in <CONDA_ENV_PREFIX>/lib/python3.11/site-packages/rdkit/ForceField/../../../../libRDKitForceField.so.1
 3# RDKit::UFF::Tools::addTrigonalBipyramidAngles(RDKit::Atom const*, RDKit::ROMol const&, int, std::vector<ForceFields::UFF::AtomicParams const*, std::allocator<ForceFields::UFF::AtomicParams const*> > const&, ForceFields::ForceField*) in <CONDA_ENV_PREFIX>/lib/python3.11/site-packages/rdkit/ForceField/../../../../libRDKitForceFieldHelpers.so.1
 4# RDKit::UFF::Tools::addAngleSpecialCases(RDKit::ROMol const&, int, std::vector<ForceFields::UFF::AtomicParams const*, std::allocator<ForceFields::UFF::AtomicParams const*> > const&, ForceFields::ForceField*) in <CONDA_ENV_PREFIX>/lib/python3.11/site-packages/rdkit/ForceField/../../../../libRDKitForceFieldHelpers.so.1
 5# RDKit::UFF::constructForceField(RDKit::ROMol&, std::vector<ForceFields::UFF::AtomicParams const*, std::allocator<ForceFields::UFF::AtomicParams const*> > const&, double, int, bool) in <CONDA_ENV_PREFIX>/lib/python3.11/site-packages/rdkit/ForceField/../../../../libRDKitForceFieldHelpers.so.1
 6# RDKit::UFF::constructForceField(RDKit::ROMol&, double, int, bool) in <CONDA_ENV_PREFIX>/lib/python3.11/site-packages/rdkit/ForceField/../../../../libRDKitForceFieldHelpers.so.1
 7# RDKit::UFFHelper(RDKit::ROMol&, int, double, int, bool) in <CONDA_ENV_PREFIX>/lib/python3.11/site-packages/rdkit/Chem/rdForceFieldHelpers.so
 8# 0x00007FAB6461403D in <CONDA_ENV_PREFIX>/lib/python3.11/site-packages/rdkit/Chem/rdForceFieldHelpers.so
 9# boost::python::objects::function::call(_object*, _object*) const in <CONDA_ENV_PREFIX>/lib/python3.11/site-packages/rdkit/../../../libboost_python311.so.1.86.0
10# 0x00007FAB6656D449 in <CONDA_ENV_PREFIX>/lib/python3.11/site-packages/rdkit/../../../libboost_python311.so.1.86.0
11# boost::python::detail::exception_handler::operator()(boost::function_n<void> const&) const in <CONDA_ENV_PREFIX>/lib/python3.11/site-packages/rdkit/../../../libboost_python311.so.1.86.0
12# 0x00007FAB642CDC04 in <CONDA_ENV_PREFIX>/lib/python3.11/site-packages/rdkit/Chem/rdSLNParse.so
13# 0x00007FAB646BB354 in <CONDA_ENV_PREFIX>/lib/python3.11/site-packages/rdkit/Chem/rdDepictor.so
14# 0x00007FAB64959DD4 in <CONDA_ENV_PREFIX>/lib/python3.11/site-packages/rdkit/Chem/rdChemReactions.so
15# 0x00007FAB64959E24 in <CONDA_ENV_PREFIX>/lib/python3.11/site-packages/rdkit/Chem/rdChemReactions.so
16# 0x00007FAB64AD2B94 in <CONDA_ENV_PREFIX>/lib/python3.11/site-packages/rdkit/Chem/rdMolChemicalFeatures.so
17# 0x00007FAB6554A9B4 in <CONDA_ENV_PREFIX>/lib/python3.11/site-packages/rdkit/Chem/rdmolfiles.so
18# 0x00007FAB6554AA04 in <CONDA_ENV_PREFIX>/lib/python3.11/site-packages/rdkit/Chem/rdmolfiles.so
19# 0x00007FAB65664B04 in <CONDA_ENV_PREFIX>/lib/python3.11/site-packages/rdkit/Chem/rdCIPLabeler.so
20# 0x00007FAB66039174 in <CONDA_ENV_PREFIX>/lib/python3.11/site-packages/rdkit/Chem/rdchem.so
21# 0x00007FAB65FCDAAD in <CONDA_ENV_PREFIX>/lib/python3.11/site-packages/rdkit/Chem/rdchem.so
22# 0x00007FAB65FCD6AD in <CONDA_ENV_PREFIX>/lib/python3.11/site-packages/rdkit/Chem/rdchem.so
23# 0x00007FAB65FCD2AD in <CONDA_ENV_PREFIX>/lib/python3.11/site-packages/rdkit/Chem/rdchem.so
24# 0x00007FAB65FCCEAD in <CONDA_ENV_PREFIX>/lib/python3.11/site-packages/rdkit/Chem/rdchem.so
25# 0x00007FAB65FCCAAD in <CONDA_ENV_PREFIX>/lib/python3.11/site-packages/rdkit/Chem/rdchem.so
26# 0x00007FAB66641E54 in <CONDA_ENV_PREFIX>/lib/python3.11/site-packages/rdkit/rdBase.so
27# 0x00007FAB66641EA4 in <CONDA_ENV_PREFIX>/lib/python3.11/site-packages/rdkit/rdBase.so
28# 0x00007FAB66641EF4 in <CONDA_ENV_PREFIX>/lib/python3.11/site-packages/rdkit/rdBase.so
29# 0x00007FAB66641F44 in <CONDA_ENV_PREFIX>/lib/python3.11/site-packages/rdkit/rdBase.so
30# boost::python::handle_exception_impl(boost::function_n<void>) in <CONDA_ENV_PREFIX>/lib/python3.11/site-packages/rdkit/../../../libboost_python311.so.1.86.0
31# 0x00007FAB6656A9B3 in <CONDA_ENV_PREFIX>/lib/python3.11/site-packages/rdkit/../../../libboost_python311.so.1.86.0
32# _PyObject_MakeTpCall in <CONDA_ENV_PREFIX>/bin/python
33# _PyEval_EvalFrameDefault in <CONDA_ENV_PREFIX>/bin/python
34# _PyFunction_Vectorcall in <CONDA_ENV_PREFIX>/bin/python
35# 0x0000562A975F3C50 in <CONDA_ENV_PREFIX>/bin/python
36# 0x0000562A97509745 in <CONDA_ENV_PREFIX>/bin/python
37# 0x0000562A9753A1AA in <CONDA_ENV_PREFIX>/bin/python
38# PyObject_Vectorcall in <CONDA_ENV_PREFIX>/bin/python
39# _PyEval_EvalFrameDefault in <CONDA_ENV_PREFIX>/bin/python
40# _PyFunction_Vectorcall in <CONDA_ENV_PREFIX>/bin/python
41# _PyEval_EvalFrameDefault in <CONDA_ENV_PREFIX>/bin/python
42# _PyFunction_Vectorcall in <CONDA_ENV_PREFIX>/bin/python
43# _PyEval_EvalFrameDefault in <CONDA_ENV_PREFIX>/bin/python
44# _PyFunction_Vectorcall in <CONDA_ENV_PREFIX>/bin/python
45# 0x0000562A974F5979 in <CONDA_ENV_PREFIX>/bin/python
46# _PyObject_MakeTpCall in <CONDA_ENV_PREFIX>/bin/python
47# _PyEval_EvalFrameDefault in <CONDA_ENV_PREFIX>/bin/python
48# _PyFunction_Vectorcall in <CONDA_ENV_PREFIX>/bin/python
49# 0x0000562A974F5A1D in <CONDA_ENV_PREFIX>/bin/python
50# _PyObject_MakeTpCall in <CONDA_ENV_PREFIX>/bin/python
51# _PyEval_EvalFrameDefault in <CONDA_ENV_PREFIX>/bin/python
52# 0x0000562A97580B0D in <CONDA_ENV_PREFIX>/bin/python
53# PyEval_EvalCode in <CONDA_ENV_PREFIX>/bin/python
54# 0x0000562A9759E1AA in <CONDA_ENV_PREFIX>/bin/python
55# 0x0000562A97599E33 in <CONDA_ENV_PREFIX>/bin/python
56# 0x0000562A975AF3D0 in <CONDA_ENV_PREFIX>/bin/python
57# _PyRun_SimpleFileObject in <CONDA_ENV_PREFIX>/bin/python
58# _PyRun_AnyFileObject in <CONDA_ENV_PREFIX>/bin/python
59# Py_RunMain in <CONDA_ENV_PREFIX>/bin/python
60# Py_BytesMain in <CONDA_ENV_PREFIX>/bin/python
61# 0x00007FAB751F1D90 in /lib/x86_64-linux-gnu/libc.so.6
62# __libc_start_main in /lib/x86_64-linux-gnu/libc.so.6
63# 0x0000562A9757037A in <CONDA_ENV_PREFIX>/bin/python
----------
****

[21:01:31] UFFTYPER: Unrecognized atom type: S_5+6 (12)
[21:01:31] UFFTYPER: Unrecognized atom type: S_5+6 (12)
[21:01:31] 

****
Pre-condition Violation
bad params pointer
Violation occurred on line 79 in file /home/conda/feedstock_root/build_artifacts/rdkit-meta_1745736747213/work/Code/ForceField/UFF/AngleBend.cpp
Failed Expression: at2Params
----------
Stacktrace:
 0# Invar::Invariant::toString[abi:cxx11]() const in <CONDA_ENV_PREFIX>/lib/python3.11/site-packages/rdkit/../../../libRDKitRDGeneral.so.1
 1# Invar::operator<<(std::ostream&, Invar::Invariant const&) in <CONDA_ENV_PREFIX>/lib/python3.11/site-packages/rdkit/../../../libRDKitRDGeneral.so.1
 2# ForceFields::UFF::AngleBendContrib::AngleBendContrib(ForceFields::ForceField*, unsigned int, unsigned int, unsigned int, double, double, ForceFields::UFF::AtomicParams const*, ForceFields::UFF::AtomicParams const*, ForceFields::UFF::AtomicParams const*, unsigned int) in <CONDA_ENV_PREFIX>/lib/python3.11/site-packages/rdkit/ForceField/../../../../libRDKitForceField.so.1
 3# RDKit::UFF::Tools::addTrigonalBipyramidAngles(RDKit::Atom const*, RDKit::ROMol const&, int, std::vector<ForceFields::UFF::AtomicParams const*, std::allocator<ForceFields::UFF::AtomicParams const*> > const&, ForceFields::ForceField*) in <CONDA_ENV_PREFIX>/lib/python3.11/site-packages/rdkit/ForceField/../../../../libRDKitForceFieldHelpers.so.1
 4# RDKit::UFF::Tools::addAngleSpecialCases(RDKit::ROMol const&, int, std::vector<ForceFields::UFF::AtomicParams const*, std::allocator<ForceFields::UFF::AtomicParams const*> > const&, ForceFields::ForceField*) in <CONDA_ENV_PREFIX>/lib/python3.11/site-packages/rdkit/ForceField/../../../../libRDKitForceFieldHelpers.so.1
 5# RDKit::UFF::constructForceField(RDKit::ROMol&, std::vector<ForceFields::UFF::AtomicParams const*, std::allocator<ForceFields::UFF::AtomicParams const*> > const&, double, int, bool) in <CONDA_ENV_PREFIX>/lib/python3.11/site-packages/rdkit/ForceField/../../../../libRDKitForceFieldHelpers.so.1
 6# RDKit::UFF::constructForceField(RDKit::ROMol&, double, int, bool) in <CONDA_ENV_PREFIX>/lib/python3.11/site-packages/rdkit/ForceField/../../../../libRDKitForceFieldHelpers.so.1
 7# RDKit::UFFHelper(RDKit::ROMol&, int, double, int, bool) in <CONDA_ENV_PREFIX>/lib/python3.11/site-packages/rdkit/Chem/rdForceFieldHelpers.so
 8# 0x00007FAB6461403D in <CONDA_ENV_PREFIX>/lib/python3.11/site-packages/rdkit/Chem/rdForceFieldHelpers.so
 9# boost::python::objects::function::call(_object*, _object*) const in <CONDA_ENV_PREFIX>/lib/python3.11/site-packages/rdkit/../../../libboost_python311.so.1.86.0
10# 0x00007FAB6656D449 in <CONDA_ENV_PREFIX>/lib/python3.11/site-packages/rdkit/../../../libboost_python311.so.1.86.0
11# boost::python::detail::exception_handler::operator()(boost::function_n<void> const&) const in <CONDA_ENV_PREFIX>/lib/python3.11/site-packages/rdkit/../../../libboost_python311.so.1.86.0
12# 0x00007FAB642CDC04 in <CONDA_ENV_PREFIX>/lib/python3.11/site-packages/rdkit/Chem/rdSLNParse.so
13# 0x00007FAB646BB354 in <CONDA_ENV_PREFIX>/lib/python3.11/site-packages/rdkit/Chem/rdDepictor.so
14# 0x00007FAB64959DD4 in <CONDA_ENV_PREFIX>/lib/python3.11/site-packages/rdkit/Chem/rdChemReactions.so
15# 0x00007FAB64959E24 in <CONDA_ENV_PREFIX>/lib/python3.11/site-packages/rdkit/Chem/rdChemReactions.so
16# 0x00007FAB64AD2B94 in <CONDA_ENV_PREFIX>/lib/python3.11/site-packages/rdkit/Chem/rdMolChemicalFeatures.so
17# 0x00007FAB6554A9B4 in <CONDA_ENV_PREFIX>/lib/python3.11/site-packages/rdkit/Chem/rdmolfiles.so
18# 0x00007FAB6554AA04 in <CONDA_ENV_PREFIX>/lib/python3.11/site-packages/rdkit/Chem/rdmolfiles.so
19# 0x00007FAB65664B04 in <CONDA_ENV_PREFIX>/lib/python3.11/site-packages/rdkit/Chem/rdCIPLabeler.so
20# 0x00007FAB66039174 in <CONDA_ENV_PREFIX>/lib/python3.11/site-packages/rdkit/Chem/rdchem.so
21# 0x00007FAB65FCDAAD in <CONDA_ENV_PREFIX>/lib/python3.11/site-packages/rdkit/Chem/rdchem.so
22# 0x00007FAB65FCD6AD in <CONDA_ENV_PREFIX>/lib/python3.11/site-packages/rdkit/Chem/rdchem.so
23# 0x00007FAB65FCD2AD in <CONDA_ENV_PREFIX>/lib/python3.11/site-packages/rdkit/Chem/rdchem.so
24# 0x00007FAB65FCCEAD in <CONDA_ENV_PREFIX>/lib/python3.11/site-packages/rdkit/Chem/rdchem.so
25# 0x00007FAB65FCCAAD in <CONDA_ENV_PREFIX>/lib/python3.11/site-packages/rdkit/Chem/rdchem.so
26# 0x00007FAB66641E54 in <CONDA_ENV_PREFIX>/lib/python3.11/site-packages/rdkit/rdBase.so
27# 0x00007FAB66641EA4 in <CONDA_ENV_PREFIX>/lib/python3.11/site-packages/rdkit/rdBase.so
28# 0x00007FAB66641EF4 in <CONDA_ENV_PREFIX>/lib/python3.11/site-packages/rdkit/rdBase.so
29# 0x00007FAB66641F44 in <CONDA_ENV_PREFIX>/lib/python3.11/site-packages/rdkit/rdBase.so
30# boost::python::handle_exception_impl(boost::function_n<void>) in <CONDA_ENV_PREFIX>/lib/python3.11/site-packages/rdkit/../../../libboost_python311.so.1.86.0
31# 0x00007FAB6656A9B3 in <CONDA_ENV_PREFIX>/lib/python3.11/site-packages/rdkit/../../../libboost_python311.so.1.86.0
32# _PyObject_MakeTpCall in <CONDA_ENV_PREFIX>/bin/python
33# _PyEval_EvalFrameDefault in <CONDA_ENV_PREFIX>/bin/python
34# _PyFunction_Vectorcall in <CONDA_ENV_PREFIX>/bin/python
35# 0x0000562A975F3C50 in <CONDA_ENV_PREFIX>/bin/python
36# 0x0000562A97509745 in <CONDA_ENV_PREFIX>/bin/python
37# 0x0000562A9753A1AA in <CONDA_ENV_PREFIX>/bin/python
38# PyObject_Vectorcall in <CONDA_ENV_PREFIX>/bin/python
39# _PyEval_EvalFrameDefault in <CONDA_ENV_PREFIX>/bin/python
40# _PyFunction_Vectorcall in <CONDA_ENV_PREFIX>/bin/python
41# _PyEval_EvalFrameDefault in <CONDA_ENV_PREFIX>/bin/python
42# _PyFunction_Vectorcall in <CONDA_ENV_PREFIX>/bin/python
43# _PyEval_EvalFrameDefault in <CONDA_ENV_PREFIX>/bin/python
44# _PyFunction_Vectorcall in <CONDA_ENV_PREFIX>/bin/python
45# 0x0000562A974F5979 in <CONDA_ENV_PREFIX>/bin/python
46# _PyObject_MakeTpCall in <CONDA_ENV_PREFIX>/bin/python
47# _PyEval_EvalFrameDefault in <CONDA_ENV_PREFIX>/bin/python
48# _PyFunction_Vectorcall in <CONDA_ENV_PREFIX>/bin/python
49# 0x0000562A974F5A1D in <CONDA_ENV_PREFIX>/bin/python
50# _PyObject_MakeTpCall in <CONDA_ENV_PREFIX>/bin/python
51# _PyEval_EvalFrameDefault in <CONDA_ENV_PREFIX>/bin/python
52# 0x0000562A97580B0D in <CONDA_ENV_PREFIX>/bin/python
53# PyEval_EvalCode in <CONDA_ENV_PREFIX>/bin/python
54# 0x0000562A9759E1AA in <CONDA_ENV_PREFIX>/bin/python
55# 0x0000562A97599E33 in <CONDA_ENV_PREFIX>/bin/python
56# 0x0000562A975AF3D0 in <CONDA_ENV_PREFIX>/bin/python
57# _PyRun_SimpleFileObject in <CONDA_ENV_PREFIX>/bin/python
58# _PyRun_AnyFileObject in <CONDA_ENV_PREFIX>/bin/python
59# Py_RunMain in <CONDA_ENV_PREFIX>/bin/python
60# Py_BytesMain in <CONDA_ENV_PREFIX>/bin/python
61# 0x00007FAB751F1D90 in /lib/x86_64-linux-gnu/libc.so.6
62# __libc_start_main in /lib/x86_64-linux-gnu/libc.so.6
63# 0x0000562A9757037A in <CONDA_ENV_PREFIX>/bin/python
----------
****

[21:01:31] UFFTYPER: Unrecognized atom type: S_5+6 (1)
[21:01:31] UFFTYPER: Unrecognized atom type: S_5+6 (1)
[21:01:31] 

****
Pre-condition Violation
bad params pointer
Violation occurred on line 79 in file /home/conda/feedstock_root/build_artifacts/rdkit-meta_1745736747213/work/Code/ForceField/UFF/AngleBend.cpp
Failed Expression: at2Params
----------
Stacktrace:
 0# Invar::Invariant::toString[abi:cxx11]() const in <CONDA_ENV_PREFIX>/lib/python3.11/site-packages/rdkit/../../../libRDKitRDGeneral.so.1
 1# Invar::operator<<(std::ostream&, Invar::Invariant const&) in <CONDA_ENV_PREFIX>/lib/python3.11/site-packages/rdkit/../../../libRDKitRDGeneral.so.1
 2# ForceFields::UFF::AngleBendContrib::AngleBendContrib(ForceFields::ForceField*, unsigned int, unsigned int, unsigned int, double, double, ForceFields::UFF::AtomicParams const*, ForceFields::UFF::AtomicParams const*, ForceFields::UFF::AtomicParams const*, unsigned int) in <CONDA_ENV_PREFIX>/lib/python3.11/site-packages/rdkit/ForceField/../../../../libRDKitForceField.so.1
 3# RDKit::UFF::Tools::addTrigonalBipyramidAngles(RDKit::Atom const*, RDKit::ROMol const&, int, std::vector<ForceFields::UFF::AtomicParams const*, std::allocator<ForceFields::UFF::AtomicParams const*> > const&, ForceFields::ForceField*) in <CONDA_ENV_PREFIX>/lib/python3.11/site-packages/rdkit/ForceField/../../../../libRDKitForceFieldHelpers.so.1
 4# RDKit::UFF::Tools::addAngleSpecialCases(RDKit::ROMol const&, int, std::vector<ForceFields::UFF::AtomicParams const*, std::allocator<ForceFields::UFF::AtomicParams const*> > const&, ForceFields::ForceField*) in <CONDA_ENV_PREFIX>/lib/python3.11/site-packages/rdkit/ForceField/../../../../libRDKitForceFieldHelpers.so.1
 5# RDKit::UFF::constructForceField(RDKit::ROMol&, std::vector<ForceFields::UFF::AtomicParams const*, std::allocator<ForceFields::UFF::AtomicParams const*> > const&, double, int, bool) in <CONDA_ENV_PREFIX>/lib/python3.11/site-packages/rdkit/ForceField/../../../../libRDKitForceFieldHelpers.so.1
 6# RDKit::UFF::constructForceField(RDKit::ROMol&, double, int, bool) in <CONDA_ENV_PREFIX>/lib/python3.11/site-packages/rdkit/ForceField/../../../../libRDKitForceFieldHelpers.so.1
 7# RDKit::UFFHelper(RDKit::ROMol&, int, double, int, bool) in <CONDA_ENV_PREFIX>/lib/python3.11/site-packages/rdkit/Chem/rdForceFieldHelpers.so
 8# 0x00007FAB6461403D in <CONDA_ENV_PREFIX>/lib/python3.11/site-packages/rdkit/Chem/rdForceFieldHelpers.so
 9# boost::python::objects::function::call(_object*, _object*) const in <CONDA_ENV_PREFIX>/lib/python3.11/site-packages/rdkit/../../../libboost_python311.so.1.86.0
10# 0x00007FAB6656D449 in <CONDA_ENV_PREFIX>/lib/python3.11/site-packages/rdkit/../../../libboost_python311.so.1.86.0
11# boost::python::detail::exception_handler::operator()(boost::function_n<void> const&) const in <CONDA_ENV_PREFIX>/lib/python3.11/site-packages/rdkit/../../../libboost_python311.so.1.86.0
12# 0x00007FAB642CDC04 in <CONDA_ENV_PREFIX>/lib/python3.11/site-packages/rdkit/Chem/rdSLNParse.so
13# 0x00007FAB646BB354 in <CONDA_ENV_PREFIX>/lib/python3.11/site-packages/rdkit/Chem/rdDepictor.so
14# 0x00007FAB64959DD4 in <CONDA_ENV_PREFIX>/lib/python3.11/site-packages/rdkit/Chem/rdChemReactions.so
15# 0x00007FAB64959E24 in <CONDA_ENV_PREFIX>/lib/python3.11/site-packages/rdkit/Chem/rdChemReactions.so
16# 0x00007FAB64AD2B94 in <CONDA_ENV_PREFIX>/lib/python3.11/site-packages/rdkit/Chem/rdMolChemicalFeatures.so
17# 0x00007FAB6554A9B4 in <CONDA_ENV_PREFIX>/lib/python3.11/site-packages/rdkit/Chem/rdmolfiles.so
18# 0x00007FAB6554AA04 in <CONDA_ENV_PREFIX>/lib/python3.11/site-packages/rdkit/Chem/rdmolfiles.so
19# 0x00007FAB65664B04 in <CONDA_ENV_PREFIX>/lib/python3.11/site-packages/rdkit/Chem/rdCIPLabeler.so
20# 0x00007FAB66039174 in <CONDA_ENV_PREFIX>/lib/python3.11/site-packages/rdkit/Chem/rdchem.so
21# 0x00007FAB65FCDAAD in <CONDA_ENV_PREFIX>/lib/python3.11/site-packages/rdkit/Chem/rdchem.so
22# 0x00007FAB65FCD6AD in <CONDA_ENV_PREFIX>/lib/python3.11/site-packages/rdkit/Chem/rdchem.so
23# 0x00007FAB65FCD2AD in <CONDA_ENV_PREFIX>/lib/python3.11/site-packages/rdkit/Chem/rdchem.so
24# 0x00007FAB65FCCEAD in <CONDA_ENV_PREFIX>/lib/python3.11/site-packages/rdkit/Chem/rdchem.so
25# 0x00007FAB65FCCAAD in <CONDA_ENV_PREFIX>/lib/python3.11/site-packages/rdkit/Chem/rdchem.so
26# 0x00007FAB66641E54 in <CONDA_ENV_PREFIX>/lib/python3.11/site-packages/rdkit/rdBase.so
27# 0x00007FAB66641EA4 in <CONDA_ENV_PREFIX>/lib/python3.11/site-packages/rdkit/rdBase.so
28# 0x00007FAB66641EF4 in <CONDA_ENV_PREFIX>/lib/python3.11/site-packages/rdkit/rdBase.so
29# 0x00007FAB66641F44 in <CONDA_ENV_PREFIX>/lib/python3.11/site-packages/rdkit/rdBase.so
30# boost::python::handle_exception_impl(boost::function_n<void>) in <CONDA_ENV_PREFIX>/lib/python3.11/site-packages/rdkit/../../../libboost_python311.so.1.86.0
31# 0x00007FAB6656A9B3 in <CONDA_ENV_PREFIX>/lib/python3.11/site-packages/rdkit/../../../libboost_python311.so.1.86.0
32# _PyObject_MakeTpCall in <CONDA_ENV_PREFIX>/bin/python
33# _PyEval_EvalFrameDefault in <CONDA_ENV_PREFIX>/bin/python
34# _PyFunction_Vectorcall in <CONDA_ENV_PREFIX>/bin/python
35# 0x0000562A975F3C50 in <CONDA_ENV_PREFIX>/bin/python
36# 0x0000562A97509745 in <CONDA_ENV_PREFIX>/bin/python
37# 0x0000562A9753A1AA in <CONDA_ENV_PREFIX>/bin/python
38# PyObject_Vectorcall in <CONDA_ENV_PREFIX>/bin/python
39# _PyEval_EvalFrameDefault in <CONDA_ENV_PREFIX>/bin/python
40# _PyFunction_Vectorcall in <CONDA_ENV_PREFIX>/bin/python
41# _PyEval_EvalFrameDefault in <CONDA_ENV_PREFIX>/bin/python
42# _PyFunction_Vectorcall in <CONDA_ENV_PREFIX>/bin/python
43# _PyEval_EvalFrameDefault in <CONDA_ENV_PREFIX>/bin/python
44# _PyFunction_Vectorcall in <CONDA_ENV_PREFIX>/bin/python
45# 0x0000562A974F5979 in <CONDA_ENV_PREFIX>/bin/python
46# _PyObject_MakeTpCall in <CONDA_ENV_PREFIX>/bin/python
47# _PyEval_EvalFrameDefault in <CONDA_ENV_PREFIX>/bin/python
48# _PyFunction_Vectorcall in <CONDA_ENV_PREFIX>/bin/python
49# 0x0000562A974F5A1D in <CONDA_ENV_PREFIX>/bin/python
50# _PyObject_MakeTpCall in <CONDA_ENV_PREFIX>/bin/python
51# _PyEval_EvalFrameDefault in <CONDA_ENV_PREFIX>/bin/python
52# 0x0000562A97580B0D in <CONDA_ENV_PREFIX>/bin/python
53# PyEval_EvalCode in <CONDA_ENV_PREFIX>/bin/python
54# 0x0000562A9759E1AA in <CONDA_ENV_PREFIX>/bin/python
55# 0x0000562A97599E33 in <CONDA_ENV_PREFIX>/bin/python
56# 0x0000562A975AF3D0 in <CONDA_ENV_PREFIX>/bin/python
57# _PyRun_SimpleFileObject in <CONDA_ENV_PREFIX>/bin/python
58# _PyRun_AnyFileObject in <CONDA_ENV_PREFIX>/bin/python
59# Py_RunMain in <CONDA_ENV_PREFIX>/bin/python
60# Py_BytesMain in <CONDA_ENV_PREFIX>/bin/python
61# 0x00007FAB751F1D90 in /lib/x86_64-linux-gnu/libc.so.6
62# __libc_start_main in /lib/x86_64-linux-gnu/libc.so.6
63# 0x0000562A9757037A in <CONDA_ENV_PREFIX>/bin/python
----------
****

[21:01:31] UFFTYPER: Unrecognized atom type: S_5+6 (11)
[21:01:31] UFFTYPER: Unrecognized atom type: S_5+6 (11)
[21:01:31] 

****
Pre-condition Violation
bad params pointer
Violation occurred on line 79 in file /home/conda/feedstock_root/build_artifacts/rdkit-meta_1745736747213/work/Code/ForceField/UFF/AngleBend.cpp
Failed Expression: at2Params
----------
Stacktrace:
 0# Invar::Invariant::toString[abi:cxx11]() const in <CONDA_ENV_PREFIX>/lib/python3.11/site-packages/rdkit/../../../libRDKitRDGeneral.so.1
 1# Invar::operator<<(std::ostream&, Invar::Invariant const&) in <CONDA_ENV_PREFIX>/lib/python3.11/site-packages/rdkit/../../../libRDKitRDGeneral.so.1
 2# ForceFields::UFF::AngleBendContrib::AngleBendContrib(ForceFields::ForceField*, unsigned int, unsigned int, unsigned int, double, double, ForceFields::UFF::AtomicParams const*, ForceFields::UFF::AtomicParams const*, ForceFields::UFF::AtomicParams const*, unsigned int) in <CONDA_ENV_PREFIX>/lib/python3.11/site-packages/rdkit/ForceField/../../../../libRDKitForceField.so.1
 3# RDKit::UFF::Tools::addTrigonalBipyramidAngles(RDKit::Atom const*, RDKit::ROMol const&, int, std::vector<ForceFields::UFF::AtomicParams const*, std::allocator<ForceFields::UFF::AtomicParams const*> > const&, ForceFields::ForceField*) in <CONDA_ENV_PREFIX>/lib/python3.11/site-packages/rdkit/ForceField/../../../../libRDKitForceFieldHelpers.so.1
 4# RDKit::UFF::Tools::addAngleSpecialCases(RDKit::ROMol const&, int, std::vector<ForceFields::UFF::AtomicParams const*, std::allocator<ForceFields::UFF::AtomicParams const*> > const&, ForceFields::ForceField*) in <CONDA_ENV_PREFIX>/lib/python3.11/site-packages/rdkit/ForceField/../../../../libRDKitForceFieldHelpers.so.1
 5# RDKit::UFF::constructForceField(RDKit::ROMol&, std::vector<ForceFields::UFF::AtomicParams const*, std::allocator<ForceFields::UFF::AtomicParams const*> > const&, double, int, bool) in <CONDA_ENV_PREFIX>/lib/python3.11/site-packages/rdkit/ForceField/../../../../libRDKitForceFieldHelpers.so.1
 6# RDKit::UFF::constructForceField(RDKit::ROMol&, double, int, bool) in <CONDA_ENV_PREFIX>/lib/python3.11/site-packages/rdkit/ForceField/../../../../libRDKitForceFieldHelpers.so.1
 7# RDKit::UFFHelper(RDKit::ROMol&, int, double, int, bool) in <CONDA_ENV_PREFIX>/lib/python3.11/site-packages/rdkit/Chem/rdForceFieldHelpers.so
 8# 0x00007FAB6461403D in <CONDA_ENV_PREFIX>/lib/python3.11/site-packages/rdkit/Chem/rdForceFieldHelpers.so
 9# boost::python::objects::function::call(_object*, _object*) const in <CONDA_ENV_PREFIX>/lib/python3.11/site-packages/rdkit/../../../libboost_python311.so.1.86.0
10# 0x00007FAB6656D449 in <CONDA_ENV_PREFIX>/lib/python3.11/site-packages/rdkit/../../../libboost_python311.so.1.86.0
11# boost::python::detail::exception_handler::operator()(boost::function_n<void> const&) const in <CONDA_ENV_PREFIX>/lib/python3.11/site-packages/rdkit/../../../libboost_python311.so.1.86.0
12# 0x00007FAB642CDC04 in <CONDA_ENV_PREFIX>/lib/python3.11/site-packages/rdkit/Chem/rdSLNParse.so
13# 0x00007FAB646BB354 in <CONDA_ENV_PREFIX>/lib/python3.11/site-packages/rdkit/Chem/rdDepictor.so
14# 0x00007FAB64959DD4 in <CONDA_ENV_PREFIX>/lib/python3.11/site-packages/rdkit/Chem/rdChemReactions.so
15# 0x00007FAB64959E24 in <CONDA_ENV_PREFIX>/lib/python3.11/site-packages/rdkit/Chem/rdChemReactions.so
16# 0x00007FAB64AD2B94 in <CONDA_ENV_PREFIX>/lib/python3.11/site-packages/rdkit/Chem/rdMolChemicalFeatures.so
17# 0x00007FAB6554A9B4 in <CONDA_ENV_PREFIX>/lib/python3.11/site-packages/rdkit/Chem/rdmolfiles.so
18# 0x00007FAB6554AA04 in <CONDA_ENV_PREFIX>/lib/python3.11/site-packages/rdkit/Chem/rdmolfiles.so
19# 0x00007FAB65664B04 in <CONDA_ENV_PREFIX>/lib/python3.11/site-packages/rdkit/Chem/rdCIPLabeler.so
20# 0x00007FAB66039174 in <CONDA_ENV_PREFIX>/lib/python3.11/site-packages/rdkit/Chem/rdchem.so
21# 0x00007FAB65FCDAAD in <CONDA_ENV_PREFIX>/lib/python3.11/site-packages/rdkit/Chem/rdchem.so
22# 0x00007FAB65FCD6AD in <CONDA_ENV_PREFIX>/lib/python3.11/site-packages/rdkit/Chem/rdchem.so
23# 0x00007FAB65FCD2AD in <CONDA_ENV_PREFIX>/lib/python3.11/site-packages/rdkit/Chem/rdchem.so
24# 0x00007FAB65FCCEAD in <CONDA_ENV_PREFIX>/lib/python3.11/site-packages/rdkit/Chem/rdchem.so
25# 0x00007FAB65FCCAAD in <CONDA_ENV_PREFIX>/lib/python3.11/site-packages/rdkit/Chem/rdchem.so
26# 0x00007FAB66641E54 in <CONDA_ENV_PREFIX>/lib/python3.11/site-packages/rdkit/rdBase.so
27# 0x00007FAB66641EA4 in <CONDA_ENV_PREFIX>/lib/python3.11/site-packages/rdkit/rdBase.so
28# 0x00007FAB66641EF4 in <CONDA_ENV_PREFIX>/lib/python3.11/site-packages/rdkit/rdBase.so
29# 0x00007FAB66641F44 in <CONDA_ENV_PREFIX>/lib/python3.11/site-packages/rdkit/rdBase.so
30# boost::python::handle_exception_impl(boost::function_n<void>) in <CONDA_ENV_PREFIX>/lib/python3.11/site-packages/rdkit/../../../libboost_python311.so.1.86.0
31# 0x00007FAB6656A9B3 in <CONDA_ENV_PREFIX>/lib/python3.11/site-packages/rdkit/../../../libboost_python311.so.1.86.0
32# _PyObject_MakeTpCall in <CONDA_ENV_PREFIX>/bin/python
33# _PyEval_EvalFrameDefault in <CONDA_ENV_PREFIX>/bin/python
34# _PyFunction_Vectorcall in <CONDA_ENV_PREFIX>/bin/python
35# 0x0000562A975F3C50 in <CONDA_ENV_PREFIX>/bin/python
36# 0x0000562A97509745 in <CONDA_ENV_PREFIX>/bin/python
37# 0x0000562A9753A1AA in <CONDA_ENV_PREFIX>/bin/python
38# PyObject_Vectorcall in <CONDA_ENV_PREFIX>/bin/python
39# _PyEval_EvalFrameDefault in <CONDA_ENV_PREFIX>/bin/python
40# _PyFunction_Vectorcall in <CONDA_ENV_PREFIX>/bin/python
41# _PyEval_EvalFrameDefault in <CONDA_ENV_PREFIX>/bin/python
42# _PyFunction_Vectorcall in <CONDA_ENV_PREFIX>/bin/python
43# _PyEval_EvalFrameDefault in <CONDA_ENV_PREFIX>/bin/python
44# _PyFunction_Vectorcall in <CONDA_ENV_PREFIX>/bin/python
45# 0x0000562A974F5979 in <CONDA_ENV_PREFIX>/bin/python
46# _PyObject_MakeTpCall in <CONDA_ENV_PREFIX>/bin/python
47# _PyEval_EvalFrameDefault in <CONDA_ENV_PREFIX>/bin/python
48# _PyFunction_Vectorcall in <CONDA_ENV_PREFIX>/bin/python
49# 0x0000562A974F5A1D in <CONDA_ENV_PREFIX>/bin/python
50# _PyObject_MakeTpCall in <CONDA_ENV_PREFIX>/bin/python
51# _PyEval_EvalFrameDefault in <CONDA_ENV_PREFIX>/bin/python
52# 0x0000562A97580B0D in <CONDA_ENV_PREFIX>/bin/python
53# PyEval_EvalCode in <CONDA_ENV_PREFIX>/bin/python
54# 0x0000562A9759E1AA in <CONDA_ENV_PREFIX>/bin/python
55# 0x0000562A97599E33 in <CONDA_ENV_PREFIX>/bin/python
56# 0x0000562A975AF3D0 in <CONDA_ENV_PREFIX>/bin/python
57# _PyRun_SimpleFileObject in <CONDA_ENV_PREFIX>/bin/python
58# _PyRun_AnyFileObject in <CONDA_ENV_PREFIX>/bin/python
59# Py_RunMain in <CONDA_ENV_PREFIX>/bin/python
60# Py_BytesMain in <CONDA_ENV_PREFIX>/bin/python
61# 0x00007FAB751F1D90 in /lib/x86_64-linux-gnu/libc.so.6
62# __libc_start_main in /lib/x86_64-linux-gnu/libc.so.6
63# 0x0000562A9757037A in <CONDA_ENV_PREFIX>/bin/python
----------
****

[21:01:32] UFFTYPER: Unrecognized atom type: S_5+6 (11)
[21:01:32] UFFTYPER: Unrecognized atom type: S_5+6 (11)
[21:01:32] 

****
Pre-condition Violation
bad params pointer
Violation occurred on line 79 in file /home/conda/feedstock_root/build_artifacts/rdkit-meta_1745736747213/work/Code/ForceField/UFF/AngleBend.cpp
Failed Expression: at2Params
----------
Stacktrace:
 0# Invar::Invariant::toString[abi:cxx11]() const in <CONDA_ENV_PREFIX>/lib/python3.11/site-packages/rdkit/../../../libRDKitRDGeneral.so.1
 1# Invar::operator<<(std::ostream&, Invar::Invariant const&) in <CONDA_ENV_PREFIX>/lib/python3.11/site-packages/rdkit/../../../libRDKitRDGeneral.so.1
 2# ForceFields::UFF::AngleBendContrib::AngleBendContrib(ForceFields::ForceField*, unsigned int, unsigned int, unsigned int, double, double, ForceFields::UFF::AtomicParams const*, ForceFields::UFF::AtomicParams const*, ForceFields::UFF::AtomicParams const*, unsigned int) in <CONDA_ENV_PREFIX>/lib/python3.11/site-packages/rdkit/ForceField/../../../../libRDKitForceField.so.1
 3# RDKit::UFF::Tools::addTrigonalBipyramidAngles(RDKit::Atom const*, RDKit::ROMol const&, int, std::vector<ForceFields::UFF::AtomicParams const*, std::allocator<ForceFields::UFF::AtomicParams const*> > const&, ForceFields::ForceField*) in <CONDA_ENV_PREFIX>/lib/python3.11/site-packages/rdkit/ForceField/../../../../libRDKitForceFieldHelpers.so.1
 4# RDKit::UFF::Tools::addAngleSpecialCases(RDKit::ROMol const&, int, std::vector<ForceFields::UFF::AtomicParams const*, std::allocator<ForceFields::UFF::AtomicParams const*> > const&, ForceFields::ForceField*) in <CONDA_ENV_PREFIX>/lib/python3.11/site-packages/rdkit/ForceField/../../../../libRDKitForceFieldHelpers.so.1
 5# RDKit::UFF::constructForceField(RDKit::ROMol&, std::vector<ForceFields::UFF::AtomicParams const*, std::allocator<ForceFields::UFF::AtomicParams const*> > const&, double, int, bool) in <CONDA_ENV_PREFIX>/lib/python3.11/site-packages/rdkit/ForceField/../../../../libRDKitForceFieldHelpers.so.1
 6# RDKit::UFF::constructForceField(RDKit::ROMol&, double, int, bool) in <CONDA_ENV_PREFIX>/lib/python3.11/site-packages/rdkit/ForceField/../../../../libRDKitForceFieldHelpers.so.1
 7# RDKit::UFFHelper(RDKit::ROMol&, int, double, int, bool) in <CONDA_ENV_PREFIX>/lib/python3.11/site-packages/rdkit/Chem/rdForceFieldHelpers.so
 8# 0x00007FAB6461403D in <CONDA_ENV_PREFIX>/lib/python3.11/site-packages/rdkit/Chem/rdForceFieldHelpers.so
 9# boost::python::objects::function::call(_object*, _object*) const in <CONDA_ENV_PREFIX>/lib/python3.11/site-packages/rdkit/../../../libboost_python311.so.1.86.0
10# 0x00007FAB6656D449 in <CONDA_ENV_PREFIX>/lib/python3.11/site-packages/rdkit/../../../libboost_python311.so.1.86.0
11# boost::python::detail::exception_handler::operator()(boost::function_n<void> const&) const in <CONDA_ENV_PREFIX>/lib/python3.11/site-packages/rdkit/../../../libboost_python311.so.1.86.0
12# 0x00007FAB642CDC04 in <CONDA_ENV_PREFIX>/lib/python3.11/site-packages/rdkit/Chem/rdSLNParse.so
13# 0x00007FAB646BB354 in <CONDA_ENV_PREFIX>/lib/python3.11/site-packages/rdkit/Chem/rdDepictor.so
14# 0x00007FAB64959DD4 in <CONDA_ENV_PREFIX>/lib/python3.11/site-packages/rdkit/Chem/rdChemReactions.so
15# 0x00007FAB64959E24 in <CONDA_ENV_PREFIX>/lib/python3.11/site-packages/rdkit/Chem/rdChemReactions.so
16# 0x00007FAB64AD2B94 in <CONDA_ENV_PREFIX>/lib/python3.11/site-packages/rdkit/Chem/rdMolChemicalFeatures.so
17# 0x00007FAB6554A9B4 in <CONDA_ENV_PREFIX>/lib/python3.11/site-packages/rdkit/Chem/rdmolfiles.so
18# 0x00007FAB6554AA04 in <CONDA_ENV_PREFIX>/lib/python3.11/site-packages/rdkit/Chem/rdmolfiles.so
19# 0x00007FAB65664B04 in <CONDA_ENV_PREFIX>/lib/python3.11/site-packages/rdkit/Chem/rdCIPLabeler.so
20# 0x00007FAB66039174 in <CONDA_ENV_PREFIX>/lib/python3.11/site-packages/rdkit/Chem/rdchem.so
21# 0x00007FAB65FCDAAD in <CONDA_ENV_PREFIX>/lib/python3.11/site-packages/rdkit/Chem/rdchem.so
22# 0x00007FAB65FCD6AD in <CONDA_ENV_PREFIX>/lib/python3.11/site-packages/rdkit/Chem/rdchem.so
23# 0x00007FAB65FCD2AD in <CONDA_ENV_PREFIX>/lib/python3.11/site-packages/rdkit/Chem/rdchem.so
24# 0x00007FAB65FCCEAD in <CONDA_ENV_PREFIX>/lib/python3.11/site-packages/rdkit/Chem/rdchem.so
25# 0x00007FAB65FCCAAD in <CONDA_ENV_PREFIX>/lib/python3.11/site-packages/rdkit/Chem/rdchem.so
26# 0x00007FAB66641E54 in <CONDA_ENV_PREFIX>/lib/python3.11/site-packages/rdkit/rdBase.so
27# 0x00007FAB66641EA4 in <CONDA_ENV_PREFIX>/lib/python3.11/site-packages/rdkit/rdBase.so
28# 0x00007FAB66641EF4 in <CONDA_ENV_PREFIX>/lib/python3.11/site-packages/rdkit/rdBase.so
29# 0x00007FAB66641F44 in <CONDA_ENV_PREFIX>/lib/python3.11/site-packages/rdkit/rdBase.so
30# boost::python::handle_exception_impl(boost::function_n<void>) in <CONDA_ENV_PREFIX>/lib/python3.11/site-packages/rdkit/../../../libboost_python311.so.1.86.0
31# 0x00007FAB6656A9B3 in <CONDA_ENV_PREFIX>/lib/python3.11/site-packages/rdkit/../../../libboost_python311.so.1.86.0
32# _PyObject_MakeTpCall in <CONDA_ENV_PREFIX>/bin/python
33# _PyEval_EvalFrameDefault in <CONDA_ENV_PREFIX>/bin/python
34# _PyFunction_Vectorcall in <CONDA_ENV_PREFIX>/bin/python
35# 0x0000562A975F3C50 in <CONDA_ENV_PREFIX>/bin/python
36# 0x0000562A97509745 in <CONDA_ENV_PREFIX>/bin/python
37# 0x0000562A9753A1AA in <CONDA_ENV_PREFIX>/bin/python
38# PyObject_Vectorcall in <CONDA_ENV_PREFIX>/bin/python
39# _PyEval_EvalFrameDefault in <CONDA_ENV_PREFIX>/bin/python
40# _PyFunction_Vectorcall in <CONDA_ENV_PREFIX>/bin/python
41# _PyEval_EvalFrameDefault in <CONDA_ENV_PREFIX>/bin/python
42# _PyFunction_Vectorcall in <CONDA_ENV_PREFIX>/bin/python
43# _PyEval_EvalFrameDefault in <CONDA_ENV_PREFIX>/bin/python
44# _PyFunction_Vectorcall in <CONDA_ENV_PREFIX>/bin/python
45# 0x0000562A974F5979 in <CONDA_ENV_PREFIX>/bin/python
46# _PyObject_MakeTpCall in <CONDA_ENV_PREFIX>/bin/python
47# _PyEval_EvalFrameDefault in <CONDA_ENV_PREFIX>/bin/python
48# _PyFunction_Vectorcall in <CONDA_ENV_PREFIX>/bin/python
49# 0x0000562A974F5A1D in <CONDA_ENV_PREFIX>/bin/python
50# _PyObject_MakeTpCall in <CONDA_ENV_PREFIX>/bin/python
51# _PyEval_EvalFrameDefault in <CONDA_ENV_PREFIX>/bin/python
52# 0x0000562A97580B0D in <CONDA_ENV_PREFIX>/bin/python
53# PyEval_EvalCode in <CONDA_ENV_PREFIX>/bin/python
54# 0x0000562A9759E1AA in <CONDA_ENV_PREFIX>/bin/python
55# 0x0000562A97599E33 in <CONDA_ENV_PREFIX>/bin/python
56# 0x0000562A975AF3D0 in <CONDA_ENV_PREFIX>/bin/python
57# _PyRun_SimpleFileObject in <CONDA_ENV_PREFIX>/bin/python
58# _PyRun_AnyFileObject in <CONDA_ENV_PREFIX>/bin/python
59# Py_RunMain in <CONDA_ENV_PREFIX>/bin/python
60# Py_BytesMain in <CONDA_ENV_PREFIX>/bin/python
61# 0x00007FAB751F1D90 in /lib/x86_64-linux-gnu/libc.so.6
62# __libc_start_main in /lib/x86_64-linux-gnu/libc.so.6
63# 0x0000562A9757037A in <CONDA_ENV_PREFIX>/bin/python
----------
****

[21:01:32] UFFTYPER: Unrecognized atom type: S_5+6 (11)
[21:01:32] UFFTYPER: Unrecognized atom type: S_5+6 (12)
[21:01:32] UFFTYPER: Unrecognized atom type: S_5+6 (11)
[21:01:32] 

****
Pre-condition Violation
bad params pointer
Violation occurred on line 79 in file /home/conda/feedstock_root/build_artifacts/rdkit-meta_1745736747213/work/Code/ForceField/UFF/AngleBend.cpp
Failed Expression: at2Params
----------
Stacktrace:
 0# Invar::Invariant::toString[abi:cxx11]() const in <CONDA_ENV_PREFIX>/lib/python3.11/site-packages/rdkit/../../../libRDKitRDGeneral.so.1
 1# Invar::operator<<(std::ostream&, Invar::Invariant const&) in <CONDA_ENV_PREFIX>/lib/python3.11/site-packages/rdkit/../../../libRDKitRDGeneral.so.1
 2# ForceFields::UFF::AngleBendContrib::AngleBendContrib(ForceFields::ForceField*, unsigned int, unsigned int, unsigned int, double, double, ForceFields::UFF::AtomicParams const*, ForceFields::UFF::AtomicParams const*, ForceFields::UFF::AtomicParams const*, unsigned int) in <CONDA_ENV_PREFIX>/lib/python3.11/site-packages/rdkit/ForceField/../../../../libRDKitForceField.so.1
 3# RDKit::UFF::Tools::addTrigonalBipyramidAngles(RDKit::Atom const*, RDKit::ROMol const&, int, std::vector<ForceFields::UFF::AtomicParams const*, std::allocator<ForceFields::UFF::AtomicParams const*> > const&, ForceFields::ForceField*) in <CONDA_ENV_PREFIX>/lib/python3.11/site-packages/rdkit/ForceField/../../../../libRDKitForceFieldHelpers.so.1
 4# RDKit::UFF::Tools::addAngleSpecialCases(RDKit::ROMol const&, int, std::vector<ForceFields::UFF::AtomicParams const*, std::allocator<ForceFields::UFF::AtomicParams const*> > const&, ForceFields::ForceField*) in <CONDA_ENV_PREFIX>/lib/python3.11/site-packages/rdkit/ForceField/../../../../libRDKitForceFieldHelpers.so.1
 5# RDKit::UFF::constructForceField(RDKit::ROMol&, std::vector<ForceFields::UFF::AtomicParams const*, std::allocator<ForceFields::UFF::AtomicParams const*> > const&, double, int, bool) in <CONDA_ENV_PREFIX>/lib/python3.11/site-packages/rdkit/ForceField/../../../../libRDKitForceFieldHelpers.so.1
 6# RDKit::UFF::constructForceField(RDKit::ROMol&, double, int, bool) in <CONDA_ENV_PREFIX>/lib/python3.11/site-packages/rdkit/ForceField/../../../../libRDKitForceFieldHelpers.so.1
 7# RDKit::UFFHelper(RDKit::ROMol&, int, double, int, bool) in <CONDA_ENV_PREFIX>/lib/python3.11/site-packages/rdkit/Chem/rdForceFieldHelpers.so
 8# 0x00007FAB6461403D in <CONDA_ENV_PREFIX>/lib/python3.11/site-packages/rdkit/Chem/rdForceFieldHelpers.so
 9# boost::python::objects::function::call(_object*, _object*) const in <CONDA_ENV_PREFIX>/lib/python3.11/site-packages/rdkit/../../../libboost_python311.so.1.86.0
10# 0x00007FAB6656D449 in <CONDA_ENV_PREFIX>/lib/python3.11/site-packages/rdkit/../../../libboost_python311.so.1.86.0
11# boost::python::detail::exception_handler::operator()(boost::function_n<void> const&) const in <CONDA_ENV_PREFIX>/lib/python3.11/site-packages/rdkit/../../../libboost_python311.so.1.86.0
12# 0x00007FAB642CDC04 in <CONDA_ENV_PREFIX>/lib/python3.11/site-packages/rdkit/Chem/rdSLNParse.so
13# 0x00007FAB646BB354 in <CONDA_ENV_PREFIX>/lib/python3.11/site-packages/rdkit/Chem/rdDepictor.so
14# 0x00007FAB64959DD4 in <CONDA_ENV_PREFIX>/lib/python3.11/site-packages/rdkit/Chem/rdChemReactions.so
15# 0x00007FAB64959E24 in <CONDA_ENV_PREFIX>/lib/python3.11/site-packages/rdkit/Chem/rdChemReactions.so
16# 0x00007FAB64AD2B94 in <CONDA_ENV_PREFIX>/lib/python3.11/site-packages/rdkit/Chem/rdMolChemicalFeatures.so
17# 0x00007FAB6554A9B4 in <CONDA_ENV_PREFIX>/lib/python3.11/site-packages/rdkit/Chem/rdmolfiles.so
18# 0x00007FAB6554AA04 in <CONDA_ENV_PREFIX>/lib/python3.11/site-packages/rdkit/Chem/rdmolfiles.so
19# 0x00007FAB65664B04 in <CONDA_ENV_PREFIX>/lib/python3.11/site-packages/rdkit/Chem/rdCIPLabeler.so
20# 0x00007FAB66039174 in <CONDA_ENV_PREFIX>/lib/python3.11/site-packages/rdkit/Chem/rdchem.so
21# 0x00007FAB65FCDAAD in <CONDA_ENV_PREFIX>/lib/python3.11/site-packages/rdkit/Chem/rdchem.so
22# 0x00007FAB65FCD6AD in <CONDA_ENV_PREFIX>/lib/python3.11/site-packages/rdkit/Chem/rdchem.so
23# 0x00007FAB65FCD2AD in <CONDA_ENV_PREFIX>/lib/python3.11/site-packages/rdkit/Chem/rdchem.so
24# 0x00007FAB65FCCEAD in <CONDA_ENV_PREFIX>/lib/python3.11/site-packages/rdkit/Chem/rdchem.so
25# 0x00007FAB65FCCAAD in <CONDA_ENV_PREFIX>/lib/python3.11/site-packages/rdkit/Chem/rdchem.so
26# 0x00007FAB66641E54 in <CONDA_ENV_PREFIX>/lib/python3.11/site-packages/rdkit/rdBase.so
27# 0x00007FAB66641EA4 in <CONDA_ENV_PREFIX>/lib/python3.11/site-packages/rdkit/rdBase.so
28# 0x00007FAB66641EF4 in <CONDA_ENV_PREFIX>/lib/python3.11/site-packages/rdkit/rdBase.so
29# 0x00007FAB66641F44 in <CONDA_ENV_PREFIX>/lib/python3.11/site-packages/rdkit/rdBase.so
30# boost::python::handle_exception_impl(boost::function_n<void>) in <CONDA_ENV_PREFIX>/lib/python3.11/site-packages/rdkit/../../../libboost_python311.so.1.86.0
31# 0x00007FAB6656A9B3 in <CONDA_ENV_PREFIX>/lib/python3.11/site-packages/rdkit/../../../libboost_python311.so.1.86.0
32# _PyObject_MakeTpCall in <CONDA_ENV_PREFIX>/bin/python
33# _PyEval_EvalFrameDefault in <CONDA_ENV_PREFIX>/bin/python
34# _PyFunction_Vectorcall in <CONDA_ENV_PREFIX>/bin/python
35# 0x0000562A975F3C50 in <CONDA_ENV_PREFIX>/bin/python
36# 0x0000562A97509745 in <CONDA_ENV_PREFIX>/bin/python
37# 0x0000562A9753A1AA in <CONDA_ENV_PREFIX>/bin/python
38# PyObject_Vectorcall in <CONDA_ENV_PREFIX>/bin/python
39# _PyEval_EvalFrameDefault in <CONDA_ENV_PREFIX>/bin/python
40# _PyFunction_Vectorcall in <CONDA_ENV_PREFIX>/bin/python
41# _PyEval_EvalFrameDefault in <CONDA_ENV_PREFIX>/bin/python
42# _PyFunction_Vectorcall in <CONDA_ENV_PREFIX>/bin/python
43# _PyEval_EvalFrameDefault in <CONDA_ENV_PREFIX>/bin/python
44# _PyFunction_Vectorcall in <CONDA_ENV_PREFIX>/bin/python
45# 0x0000562A974F5979 in <CONDA_ENV_PREFIX>/bin/python
46# _PyObject_MakeTpCall in <CONDA_ENV_PREFIX>/bin/python
47# _PyEval_EvalFrameDefault in <CONDA_ENV_PREFIX>/bin/python
48# _PyFunction_Vectorcall in <CONDA_ENV_PREFIX>/bin/python
49# 0x0000562A974F5A1D in <CONDA_ENV_PREFIX>/bin/python
50# _PyObject_MakeTpCall in <CONDA_ENV_PREFIX>/bin/python
51# _PyEval_EvalFrameDefault in <CONDA_ENV_PREFIX>/bin/python
52# 0x0000562A97580B0D in <CONDA_ENV_PREFIX>/bin/python
53# PyEval_EvalCode in <CONDA_ENV_PREFIX>/bin/python
54# 0x0000562A9759E1AA in <CONDA_ENV_PREFIX>/bin/python
55# 0x0000562A97599E33 in <CONDA_ENV_PREFIX>/bin/python
56# 0x0000562A975AF3D0 in <CONDA_ENV_PREFIX>/bin/python
57# _PyRun_SimpleFileObject in <CONDA_ENV_PREFIX>/bin/python
58# _PyRun_AnyFileObject in <CONDA_ENV_PREFIX>/bin/python
59# Py_RunMain in <CONDA_ENV_PREFIX>/bin/python
60# Py_BytesMain in <CONDA_ENV_PREFIX>/bin/python
61# 0x00007FAB751F1D90 in /lib/x86_64-linux-gnu/libc.so.6
62# __libc_start_main in /lib/x86_64-linux-gnu/libc.so.6
63# 0x0000562A9757037A in <CONDA_ENV_PREFIX>/bin/python
----------
****

[21:01:32] UFFTYPER: Unrecognized atom type: S_5+6 (12)
[21:01:32] 

****
Pre-condition Violation
bad params pointer
Violation occurred on line 79 in file /home/conda/feedstock_root/build_artifacts/rdkit-meta_1745736747213/work/Code/ForceField/UFF/AngleBend.cpp
Failed Expression: at2Params
----------
Stacktrace:
 0# Invar::Invariant::toString[abi:cxx11]() const in <CONDA_ENV_PREFIX>/lib/python3.11/site-packages/rdkit/../../../libRDKitRDGeneral.so.1
 1# Invar::operator<<(std::ostream&, Invar::Invariant const&) in <CONDA_ENV_PREFIX>/lib/python3.11/site-packages/rdkit/../../../libRDKitRDGeneral.so.1
 2# ForceFields::UFF::AngleBendContrib::AngleBendContrib(ForceFields::ForceField*, unsigned int, unsigned int, unsigned int, double, double, ForceFields::UFF::AtomicParams const*, ForceFields::UFF::AtomicParams const*, ForceFields::UFF::AtomicParams const*, unsigned int) in <CONDA_ENV_PREFIX>/lib/python3.11/site-packages/rdkit/ForceField/../../../../libRDKitForceField.so.1
 3# RDKit::UFF::Tools::addTrigonalBipyramidAngles(RDKit::Atom const*, RDKit::ROMol const&, int, std::vector<ForceFields::UFF::AtomicParams const*, std::allocator<ForceFields::UFF::AtomicParams const*> > const&, ForceFields::ForceField*) in <CONDA_ENV_PREFIX>/lib/python3.11/site-packages/rdkit/ForceField/../../../../libRDKitForceFieldHelpers.so.1
 4# RDKit::UFF::Tools::addAngleSpecialCases(RDKit::ROMol const&, int, std::vector<ForceFields::UFF::AtomicParams const*, std::allocator<ForceFields::UFF::AtomicParams const*> > const&, ForceFields::ForceField*) in <CONDA_ENV_PREFIX>/lib/python3.11/site-packages/rdkit/ForceField/../../../../libRDKitForceFieldHelpers.so.1
 5# RDKit::UFF::constructForceField(RDKit::ROMol&, std::vector<ForceFields::UFF::AtomicParams const*, std::allocator<ForceFields::UFF::AtomicParams const*> > const&, double, int, bool) in <CONDA_ENV_PREFIX>/lib/python3.11/site-packages/rdkit/ForceField/../../../../libRDKitForceFieldHelpers.so.1
 6# RDKit::UFF::constructForceField(RDKit::ROMol&, double, int, bool) in <CONDA_ENV_PREFIX>/lib/python3.11/site-packages/rdkit/ForceField/../../../../libRDKitForceFieldHelpers.so.1
 7# RDKit::UFFHelper(RDKit::ROMol&, int, double, int, bool) in <CONDA_ENV_PREFIX>/lib/python3.11/site-packages/rdkit/Chem/rdForceFieldHelpers.so
 8# 0x00007FAB6461403D in <CONDA_ENV_PREFIX>/lib/python3.11/site-packages/rdkit/Chem/rdForceFieldHelpers.so
 9# boost::python::objects::function::call(_object*, _object*) const in <CONDA_ENV_PREFIX>/lib/python3.11/site-packages/rdkit/../../../libboost_python311.so.1.86.0
10# 0x00007FAB6656D449 in <CONDA_ENV_PREFIX>/lib/python3.11/site-packages/rdkit/../../../libboost_python311.so.1.86.0
11# boost::python::detail::exception_handler::operator()(boost::function_n<void> const&) const in <CONDA_ENV_PREFIX>/lib/python3.11/site-packages/rdkit/../../../libboost_python311.so.1.86.0
12# 0x00007FAB642CDC04 in <CONDA_ENV_PREFIX>/lib/python3.11/site-packages/rdkit/Chem/rdSLNParse.so
13# 0x00007FAB646BB354 in <CONDA_ENV_PREFIX>/lib/python3.11/site-packages/rdkit/Chem/rdDepictor.so
14# 0x00007FAB64959DD4 in <CONDA_ENV_PREFIX>/lib/python3.11/site-packages/rdkit/Chem/rdChemReactions.so
15# 0x00007FAB64959E24 in <CONDA_ENV_PREFIX>/lib/python3.11/site-packages/rdkit/Chem/rdChemReactions.so
16# 0x00007FAB64AD2B94 in <CONDA_ENV_PREFIX>/lib/python3.11/site-packages/rdkit/Chem/rdMolChemicalFeatures.so
17# 0x00007FAB6554A9B4 in <CONDA_ENV_PREFIX>/lib/python3.11/site-packages/rdkit/Chem/rdmolfiles.so
18# 0x00007FAB6554AA04 in <CONDA_ENV_PREFIX>/lib/python3.11/site-packages/rdkit/Chem/rdmolfiles.so
19# 0x00007FAB65664B04 in <CONDA_ENV_PREFIX>/lib/python3.11/site-packages/rdkit/Chem/rdCIPLabeler.so
20# 0x00007FAB66039174 in <CONDA_ENV_PREFIX>/lib/python3.11/site-packages/rdkit/Chem/rdchem.so
21# 0x00007FAB65FCDAAD in <CONDA_ENV_PREFIX>/lib/python3.11/site-packages/rdkit/Chem/rdchem.so
22# 0x00007FAB65FCD6AD in <CONDA_ENV_PREFIX>/lib/python3.11/site-packages/rdkit/Chem/rdchem.so
23# 0x00007FAB65FCD2AD in <CONDA_ENV_PREFIX>/lib/python3.11/site-packages/rdkit/Chem/rdchem.so
24# 0x00007FAB65FCCEAD in <CONDA_ENV_PREFIX>/lib/python3.11/site-packages/rdkit/Chem/rdchem.so
25# 0x00007FAB65FCCAAD in <CONDA_ENV_PREFIX>/lib/python3.11/site-packages/rdkit/Chem/rdchem.so
26# 0x00007FAB66641E54 in <CONDA_ENV_PREFIX>/lib/python3.11/site-packages/rdkit/rdBase.so
27# 0x00007FAB66641EA4 in <CONDA_ENV_PREFIX>/lib/python3.11/site-packages/rdkit/rdBase.so
28# 0x00007FAB66641EF4 in <CONDA_ENV_PREFIX>/lib/python3.11/site-packages/rdkit/rdBase.so
29# 0x00007FAB66641F44 in <CONDA_ENV_PREFIX>/lib/python3.11/site-packages/rdkit/rdBase.so
30# boost::python::handle_exception_impl(boost::function_n<void>) in <CONDA_ENV_PREFIX>/lib/python3.11/site-packages/rdkit/../../../libboost_python311.so.1.86.0
31# 0x00007FAB6656A9B3 in <CONDA_ENV_PREFIX>/lib/python3.11/site-packages/rdkit/../../../libboost_python311.so.1.86.0
32# _PyObject_MakeTpCall in <CONDA_ENV_PREFIX>/bin/python
33# _PyEval_EvalFrameDefault in <CONDA_ENV_PREFIX>/bin/python
34# _PyFunction_Vectorcall in <CONDA_ENV_PREFIX>/bin/python
35# 0x0000562A975F3C50 in <CONDA_ENV_PREFIX>/bin/python
36# 0x0000562A97509745 in <CONDA_ENV_PREFIX>/bin/python
37# 0x0000562A9753A1AA in <CONDA_ENV_PREFIX>/bin/python
38# PyObject_Vectorcall in <CONDA_ENV_PREFIX>/bin/python
39# _PyEval_EvalFrameDefault in <CONDA_ENV_PREFIX>/bin/python
40# _PyFunction_Vectorcall in <CONDA_ENV_PREFIX>/bin/python
41# _PyEval_EvalFrameDefault in <CONDA_ENV_PREFIX>/bin/python
42# _PyFunction_Vectorcall in <CONDA_ENV_PREFIX>/bin/python
43# _PyEval_EvalFrameDefault in <CONDA_ENV_PREFIX>/bin/python
44# _PyFunction_Vectorcall in <CONDA_ENV_PREFIX>/bin/python
45# 0x0000562A974F5979 in <CONDA_ENV_PREFIX>/bin/python
46# _PyObject_MakeTpCall in <CONDA_ENV_PREFIX>/bin/python
47# _PyEval_EvalFrameDefault in <CONDA_ENV_PREFIX>/bin/python
48# _PyFunction_Vectorcall in <CONDA_ENV_PREFIX>/bin/python
49# 0x0000562A974F5A1D in <CONDA_ENV_PREFIX>/bin/python
50# _PyObject_MakeTpCall in <CONDA_ENV_PREFIX>/bin/python
51# _PyEval_EvalFrameDefault in <CONDA_ENV_PREFIX>/bin/python
52# 0x0000562A97580B0D in <CONDA_ENV_PREFIX>/bin/python
53# PyEval_EvalCode in <CONDA_ENV_PREFIX>/bin/python
54# 0x0000562A9759E1AA in <CONDA_ENV_PREFIX>/bin/python
55# 0x0000562A97599E33 in <CONDA_ENV_PREFIX>/bin/python
56# 0x0000562A975AF3D0 in <CONDA_ENV_PREFIX>/bin/python
57# _PyRun_SimpleFileObject in <CONDA_ENV_PREFIX>/bin/python
58# _PyRun_AnyFileObject in <CONDA_ENV_PREFIX>/bin/python
59# Py_RunMain in <CONDA_ENV_PREFIX>/bin/python
60# Py_BytesMain in <CONDA_ENV_PREFIX>/bin/python
61# 0x00007FAB751F1D90 in /lib/x86_64-linux-gnu/libc.so.6
62# __libc_start_main in /lib/x86_64-linux-gnu/libc.so.6
63# 0x0000562A9757037A in <CONDA_ENV_PREFIX>/bin/python
----------
****

[21:01:33] UFFTYPER: Unrecognized atom type: S_5+6 (1)
[21:01:33] UFFTYPER: Unrecognized atom type: S_5+6 (1)
[21:01:33] 

****
Pre-condition Violation
bad params pointer
Violation occurred on line 79 in file /home/conda/feedstock_root/build_artifacts/rdkit-meta_1745736747213/work/Code/ForceField/UFF/AngleBend.cpp
Failed Expression: at2Params
----------
Stacktrace:
 0# Invar::Invariant::toString[abi:cxx11]() const in <CONDA_ENV_PREFIX>/lib/python3.11/site-packages/rdkit/../../../libRDKitRDGeneral.so.1
 1# Invar::operator<<(std::ostream&, Invar::Invariant const&) in <CONDA_ENV_PREFIX>/lib/python3.11/site-packages/rdkit/../../../libRDKitRDGeneral.so.1
 2# ForceFields::UFF::AngleBendContrib::AngleBendContrib(ForceFields::ForceField*, unsigned int, unsigned int, unsigned int, double, double, ForceFields::UFF::AtomicParams const*, ForceFields::UFF::AtomicParams const*, ForceFields::UFF::AtomicParams const*, unsigned int) in <CONDA_ENV_PREFIX>/lib/python3.11/site-packages/rdkit/ForceField/../../../../libRDKitForceField.so.1
 3# RDKit::UFF::Tools::addTrigonalBipyramidAngles(RDKit::Atom const*, RDKit::ROMol const&, int, std::vector<ForceFields::UFF::AtomicParams const*, std::allocator<ForceFields::UFF::AtomicParams const*> > const&, ForceFields::ForceField*) in <CONDA_ENV_PREFIX>/lib/python3.11/site-packages/rdkit/ForceField/../../../../libRDKitForceFieldHelpers.so.1
 4# RDKit::UFF::Tools::addAngleSpecialCases(RDKit::ROMol const&, int, std::vector<ForceFields::UFF::AtomicParams const*, std::allocator<ForceFields::UFF::AtomicParams const*> > const&, ForceFields::ForceField*) in <CONDA_ENV_PREFIX>/lib/python3.11/site-packages/rdkit/ForceField/../../../../libRDKitForceFieldHelpers.so.1
 5# RDKit::UFF::constructForceField(RDKit::ROMol&, std::vector<ForceFields::UFF::AtomicParams const*, std::allocator<ForceFields::UFF::AtomicParams const*> > const&, double, int, bool) in <CONDA_ENV_PREFIX>/lib/python3.11/site-packages/rdkit/ForceField/../../../../libRDKitForceFieldHelpers.so.1
 6# RDKit::UFF::constructForceField(RDKit::ROMol&, double, int, bool) in <CONDA_ENV_PREFIX>/lib/python3.11/site-packages/rdkit/ForceField/../../../../libRDKitForceFieldHelpers.so.1
 7# RDKit::UFFHelper(RDKit::ROMol&, int, double, int, bool) in <CONDA_ENV_PREFIX>/lib/python3.11/site-packages/rdkit/Chem/rdForceFieldHelpers.so
 8# 0x00007FAB6461403D in <CONDA_ENV_PREFIX>/lib/python3.11/site-packages/rdkit/Chem/rdForceFieldHelpers.so
 9# boost::python::objects::function::call(_object*, _object*) const in <CONDA_ENV_PREFIX>/lib/python3.11/site-packages/rdkit/../../../libboost_python311.so.1.86.0
10# 0x00007FAB6656D449 in <CONDA_ENV_PREFIX>/lib/python3.11/site-packages/rdkit/../../../libboost_python311.so.1.86.0
11# boost::python::detail::exception_handler::operator()(boost::function_n<void> const&) const in <CONDA_ENV_PREFIX>/lib/python3.11/site-packages/rdkit/../../../libboost_python311.so.1.86.0
12# 0x00007FAB642CDC04 in <CONDA_ENV_PREFIX>/lib/python3.11/site-packages/rdkit/Chem/rdSLNParse.so
13# 0x00007FAB646BB354 in <CONDA_ENV_PREFIX>/lib/python3.11/site-packages/rdkit/Chem/rdDepictor.so
14# 0x00007FAB64959DD4 in <CONDA_ENV_PREFIX>/lib/python3.11/site-packages/rdkit/Chem/rdChemReactions.so
15# 0x00007FAB64959E24 in <CONDA_ENV_PREFIX>/lib/python3.11/site-packages/rdkit/Chem/rdChemReactions.so
16# 0x00007FAB64AD2B94 in <CONDA_ENV_PREFIX>/lib/python3.11/site-packages/rdkit/Chem/rdMolChemicalFeatures.so
17# 0x00007FAB6554A9B4 in <CONDA_ENV_PREFIX>/lib/python3.11/site-packages/rdkit/Chem/rdmolfiles.so
18# 0x00007FAB6554AA04 in <CONDA_ENV_PREFIX>/lib/python3.11/site-packages/rdkit/Chem/rdmolfiles.so
19# 0x00007FAB65664B04 in <CONDA_ENV_PREFIX>/lib/python3.11/site-packages/rdkit/Chem/rdCIPLabeler.so
20# 0x00007FAB66039174 in <CONDA_ENV_PREFIX>/lib/python3.11/site-packages/rdkit/Chem/rdchem.so
21# 0x00007FAB65FCDAAD in <CONDA_ENV_PREFIX>/lib/python3.11/site-packages/rdkit/Chem/rdchem.so
22# 0x00007FAB65FCD6AD in <CONDA_ENV_PREFIX>/lib/python3.11/site-packages/rdkit/Chem/rdchem.so
23# 0x00007FAB65FCD2AD in <CONDA_ENV_PREFIX>/lib/python3.11/site-packages/rdkit/Chem/rdchem.so
24# 0x00007FAB65FCCEAD in <CONDA_ENV_PREFIX>/lib/python3.11/site-packages/rdkit/Chem/rdchem.so
25# 0x00007FAB65FCCAAD in <CONDA_ENV_PREFIX>/lib/python3.11/site-packages/rdkit/Chem/rdchem.so
26# 0x00007FAB66641E54 in <CONDA_ENV_PREFIX>/lib/python3.11/site-packages/rdkit/rdBase.so
27# 0x00007FAB66641EA4 in <CONDA_ENV_PREFIX>/lib/python3.11/site-packages/rdkit/rdBase.so
28# 0x00007FAB66641EF4 in <CONDA_ENV_PREFIX>/lib/python3.11/site-packages/rdkit/rdBase.so
29# 0x00007FAB66641F44 in <CONDA_ENV_PREFIX>/lib/python3.11/site-packages/rdkit/rdBase.so
30# boost::python::handle_exception_impl(boost::function_n<void>) in <CONDA_ENV_PREFIX>/lib/python3.11/site-packages/rdkit/../../../libboost_python311.so.1.86.0
31# 0x00007FAB6656A9B3 in <CONDA_ENV_PREFIX>/lib/python3.11/site-packages/rdkit/../../../libboost_python311.so.1.86.0
32# _PyObject_MakeTpCall in <CONDA_ENV_PREFIX>/bin/python
33# _PyEval_EvalFrameDefault in <CONDA_ENV_PREFIX>/bin/python
34# _PyFunction_Vectorcall in <CONDA_ENV_PREFIX>/bin/python
35# 0x0000562A975F3C50 in <CONDA_ENV_PREFIX>/bin/python
36# 0x0000562A97509745 in <CONDA_ENV_PREFIX>/bin/python
37# 0x0000562A9753A1AA in <CONDA_ENV_PREFIX>/bin/python
38# PyObject_Vectorcall in <CONDA_ENV_PREFIX>/bin/python
39# _PyEval_EvalFrameDefault in <CONDA_ENV_PREFIX>/bin/python
40# _PyFunction_Vectorcall in <CONDA_ENV_PREFIX>/bin/python
41# _PyEval_EvalFrameDefault in <CONDA_ENV_PREFIX>/bin/python
42# _PyFunction_Vectorcall in <CONDA_ENV_PREFIX>/bin/python
43# _PyEval_EvalFrameDefault in <CONDA_ENV_PREFIX>/bin/python
44# _PyFunction_Vectorcall in <CONDA_ENV_PREFIX>/bin/python
45# 0x0000562A974F5979 in <CONDA_ENV_PREFIX>/bin/python
46# _PyObject_MakeTpCall in <CONDA_ENV_PREFIX>/bin/python
47# _PyEval_EvalFrameDefault in <CONDA_ENV_PREFIX>/bin/python
48# _PyFunction_Vectorcall in <CONDA_ENV_PREFIX>/bin/python
49# 0x0000562A974F5A1D in <CONDA_ENV_PREFIX>/bin/python
50# _PyObject_MakeTpCall in <CONDA_ENV_PREFIX>/bin/python
51# _PyEval_EvalFrameDefault in <CONDA_ENV_PREFIX>/bin/python
52# 0x0000562A97580B0D in <CONDA_ENV_PREFIX>/bin/python
53# PyEval_EvalCode in <CONDA_ENV_PREFIX>/bin/python
54# 0x0000562A9759E1AA in <CONDA_ENV_PREFIX>/bin/python
55# 0x0000562A97599E33 in <CONDA_ENV_PREFIX>/bin/python
56# 0x0000562A975AF3D0 in <CONDA_ENV_PREFIX>/bin/python
57# _PyRun_SimpleFileObject in <CONDA_ENV_PREFIX>/bin/python
58# _PyRun_AnyFileObject in <CONDA_ENV_PREFIX>/bin/python
59# Py_RunMain in <CONDA_ENV_PREFIX>/bin/python
60# Py_BytesMain in <CONDA_ENV_PREFIX>/bin/python
61# 0x00007FAB751F1D90 in /lib/x86_64-linux-gnu/libc.so.6
62# __libc_start_main in /lib/x86_64-linux-gnu/libc.so.6
63# 0x0000562A9757037A in <CONDA_ENV_PREFIX>/bin/python
----------
****

[21:01:33] UFFTYPER: Unrecognized atom type: S_5+6 (1)
[21:01:33] UFFTYPER: Unrecognized atom type: S_5+6 (1)
[21:01:33] 

****
Pre-condition Violation
bad params pointer
Violation occurred on line 79 in file /home/conda/feedstock_root/build_artifacts/rdkit-meta_1745736747213/work/Code/ForceField/UFF/AngleBend.cpp
Failed Expression: at2Params
----------
Stacktrace:
 0# Invar::Invariant::toString[abi:cxx11]() const in <CONDA_ENV_PREFIX>/lib/python3.11/site-packages/rdkit/../../../libRDKitRDGeneral.so.1
 1# Invar::operator<<(std::ostream&, Invar::Invariant const&) in <CONDA_ENV_PREFIX>/lib/python3.11/site-packages/rdkit/../../../libRDKitRDGeneral.so.1
 2# ForceFields::UFF::AngleBendContrib::AngleBendContrib(ForceFields::ForceField*, unsigned int, unsigned int, unsigned int, double, double, ForceFields::UFF::AtomicParams const*, ForceFields::UFF::AtomicParams const*, ForceFields::UFF::AtomicParams const*, unsigned int) in <CONDA_ENV_PREFIX>/lib/python3.11/site-packages/rdkit/ForceField/../../../../libRDKitForceField.so.1
 3# RDKit::UFF::Tools::addTrigonalBipyramidAngles(RDKit::Atom const*, RDKit::ROMol const&, int, std::vector<ForceFields::UFF::AtomicParams const*, std::allocator<ForceFields::UFF::AtomicParams const*> > const&, ForceFields::ForceField*) in <CONDA_ENV_PREFIX>/lib/python3.11/site-packages/rdkit/ForceField/../../../../libRDKitForceFieldHelpers.so.1
 4# RDKit::UFF::Tools::addAngleSpecialCases(RDKit::ROMol const&, int, std::vector<ForceFields::UFF::AtomicParams const*, std::allocator<ForceFields::UFF::AtomicParams const*> > const&, ForceFields::ForceField*) in <CONDA_ENV_PREFIX>/lib/python3.11/site-packages/rdkit/ForceField/../../../../libRDKitForceFieldHelpers.so.1
 5# RDKit::UFF::constructForceField(RDKit::ROMol&, std::vector<ForceFields::UFF::AtomicParams const*, std::allocator<ForceFields::UFF::AtomicParams const*> > const&, double, int, bool) in <CONDA_ENV_PREFIX>/lib/python3.11/site-packages/rdkit/ForceField/../../../../libRDKitForceFieldHelpers.so.1
 6# RDKit::UFF::constructForceField(RDKit::ROMol&, double, int, bool) in <CONDA_ENV_PREFIX>/lib/python3.11/site-packages/rdkit/ForceField/../../../../libRDKitForceFieldHelpers.so.1
 7# RDKit::UFFHelper(RDKit::ROMol&, int, double, int, bool) in <CONDA_ENV_PREFIX>/lib/python3.11/site-packages/rdkit/Chem/rdForceFieldHelpers.so
 8# 0x00007FAB6461403D in <CONDA_ENV_PREFIX>/lib/python3.11/site-packages/rdkit/Chem/rdForceFieldHelpers.so
 9# boost::python::objects::function::call(_object*, _object*) const in <CONDA_ENV_PREFIX>/lib/python3.11/site-packages/rdkit/../../../libboost_python311.so.1.86.0
10# 0x00007FAB6656D449 in <CONDA_ENV_PREFIX>/lib/python3.11/site-packages/rdkit/../../../libboost_python311.so.1.86.0
11# boost::python::detail::exception_handler::operator()(boost::function_n<void> const&) const in <CONDA_ENV_PREFIX>/lib/python3.11/site-packages/rdkit/../../../libboost_python311.so.1.86.0
12# 0x00007FAB642CDC04 in <CONDA_ENV_PREFIX>/lib/python3.11/site-packages/rdkit/Chem/rdSLNParse.so
13# 0x00007FAB646BB354 in <CONDA_ENV_PREFIX>/lib/python3.11/site-packages/rdkit/Chem/rdDepictor.so
14# 0x00007FAB64959DD4 in <CONDA_ENV_PREFIX>/lib/python3.11/site-packages/rdkit/Chem/rdChemReactions.so
15# 0x00007FAB64959E24 in <CONDA_ENV_PREFIX>/lib/python3.11/site-packages/rdkit/Chem/rdChemReactions.so
16# 0x00007FAB64AD2B94 in <CONDA_ENV_PREFIX>/lib/python3.11/site-packages/rdkit/Chem/rdMolChemicalFeatures.so
17# 0x00007FAB6554A9B4 in <CONDA_ENV_PREFIX>/lib/python3.11/site-packages/rdkit/Chem/rdmolfiles.so
18# 0x00007FAB6554AA04 in <CONDA_ENV_PREFIX>/lib/python3.11/site-packages/rdkit/Chem/rdmolfiles.so
19# 0x00007FAB65664B04 in <CONDA_ENV_PREFIX>/lib/python3.11/site-packages/rdkit/Chem/rdCIPLabeler.so
20# 0x00007FAB66039174 in <CONDA_ENV_PREFIX>/lib/python3.11/site-packages/rdkit/Chem/rdchem.so
21# 0x00007FAB65FCDAAD in <CONDA_ENV_PREFIX>/lib/python3.11/site-packages/rdkit/Chem/rdchem.so
22# 0x00007FAB65FCD6AD in <CONDA_ENV_PREFIX>/lib/python3.11/site-packages/rdkit/Chem/rdchem.so
23# 0x00007FAB65FCD2AD in <CONDA_ENV_PREFIX>/lib/python3.11/site-packages/rdkit/Chem/rdchem.so
24# 0x00007FAB65FCCEAD in <CONDA_ENV_PREFIX>/lib/python3.11/site-packages/rdkit/Chem/rdchem.so
25# 0x00007FAB65FCCAAD in <CONDA_ENV_PREFIX>/lib/python3.11/site-packages/rdkit/Chem/rdchem.so
26# 0x00007FAB66641E54 in <CONDA_ENV_PREFIX>/lib/python3.11/site-packages/rdkit/rdBase.so
27# 0x00007FAB66641EA4 in <CONDA_ENV_PREFIX>/lib/python3.11/site-packages/rdkit/rdBase.so
28# 0x00007FAB66641EF4 in <CONDA_ENV_PREFIX>/lib/python3.11/site-packages/rdkit/rdBase.so
29# 0x00007FAB66641F44 in <CONDA_ENV_PREFIX>/lib/python3.11/site-packages/rdkit/rdBase.so
30# boost::python::handle_exception_impl(boost::function_n<void>) in <CONDA_ENV_PREFIX>/lib/python3.11/site-packages/rdkit/../../../libboost_python311.so.1.86.0
31# 0x00007FAB6656A9B3 in <CONDA_ENV_PREFIX>/lib/python3.11/site-packages/rdkit/../../../libboost_python311.so.1.86.0
32# _PyObject_MakeTpCall in <CONDA_ENV_PREFIX>/bin/python
33# _PyEval_EvalFrameDefault in <CONDA_ENV_PREFIX>/bin/python
34# _PyFunction_Vectorcall in <CONDA_ENV_PREFIX>/bin/python
35# 0x0000562A975F3C50 in <CONDA_ENV_PREFIX>/bin/python
36# 0x0000562A97509745 in <CONDA_ENV_PREFIX>/bin/python
37# 0x0000562A9753A1AA in <CONDA_ENV_PREFIX>/bin/python
38# PyObject_Vectorcall in <CONDA_ENV_PREFIX>/bin/python
39# _PyEval_EvalFrameDefault in <CONDA_ENV_PREFIX>/bin/python
40# _PyFunction_Vectorcall in <CONDA_ENV_PREFIX>/bin/python
41# _PyEval_EvalFrameDefault in <CONDA_ENV_PREFIX>/bin/python
42# _PyFunction_Vectorcall in <CONDA_ENV_PREFIX>/bin/python
43# _PyEval_EvalFrameDefault in <CONDA_ENV_PREFIX>/bin/python
44# _PyFunction_Vectorcall in <CONDA_ENV_PREFIX>/bin/python
45# 0x0000562A974F5979 in <CONDA_ENV_PREFIX>/bin/python
46# _PyObject_MakeTpCall in <CONDA_ENV_PREFIX>/bin/python
47# _PyEval_EvalFrameDefault in <CONDA_ENV_PREFIX>/bin/python
48# _PyFunction_Vectorcall in <CONDA_ENV_PREFIX>/bin/python
49# 0x0000562A974F5A1D in <CONDA_ENV_PREFIX>/bin/python
50# _PyObject_MakeTpCall in <CONDA_ENV_PREFIX>/bin/python
51# _PyEval_EvalFrameDefault in <CONDA_ENV_PREFIX>/bin/python
52# 0x0000562A97580B0D in <CONDA_ENV_PREFIX>/bin/python
53# PyEval_EvalCode in <CONDA_ENV_PREFIX>/bin/python
54# 0x0000562A9759E1AA in <CONDA_ENV_PREFIX>/bin/python
55# 0x0000562A97599E33 in <CONDA_ENV_PREFIX>/bin/python
56# 0x0000562A975AF3D0 in <CONDA_ENV_PREFIX>/bin/python
57# _PyRun_SimpleFileObject in <CONDA_ENV_PREFIX>/bin/python
58# _PyRun_AnyFileObject in <CONDA_ENV_PREFIX>/bin/python
59# Py_RunMain in <CONDA_ENV_PREFIX>/bin/python
60# Py_BytesMain in <CONDA_ENV_PREFIX>/bin/python
61# 0x00007FAB751F1D90 in /lib/x86_64-linux-gnu/libc.so.6
62# __libc_start_main in /lib/x86_64-linux-gnu/libc.so.6
63# 0x0000562A9757037A in <CONDA_ENV_PREFIX>/bin/python
----------
****

[21:01:33] UFFTYPER: Unrecognized atom type: S_5+6 (1)
[21:01:33] UFFTYPER: Unrecognized atom type: S_5+6 (13)
[21:01:33] UFFTYPER: Unrecognized atom type: S_5+6 (1)
[21:01:33] 

****
[21:01:33] UFFTYPER: Unrecognized atom type: S_5+6 (13)
[21:01:33] 

****
Pre-condition Violation
bad params pointer
Violation occurred on line 79 in file /home/conda/feedstock_root/build_artifacts/rdkit-meta_1745736747213/work/Code/ForceField/UFF/AngleBend.cpp
Failed Expression: at2Params
----------
Stacktrace:
 0# Invar::Invariant::toString[abi:cxx11]() const in <CONDA_ENV_PREFIX>/lib/python3.11/site-packages/rdkit/../../../libRDKitRDGeneral.so.1
 1# Invar::operator<<(std::ostream&, Invar::Invariant const&) in <CONDA_ENV_PREFIX>/lib/python3.11/site-packages/rdkit/../../../libRDKitRDGeneral.so.1
 2# ForceFields::UFF::AngleBendContrib::AngleBendContrib(ForceFields::ForceField*, unsigned int, unsigned int, unsigned int, double, double, ForceFields::UFF::AtomicParams const*, ForceFields::UFF::AtomicParams const*, ForceFields::UFF::AtomicParams const*, unsigned int) in <CONDA_ENV_PREFIX>/lib/python3.11/site-packages/rdkit/ForceField/../../../../libRDKitForceField.so.1
 3# RDKit::UFF::Tools::addTrigonalBipyramidAngles(RDKit::Atom const*, RDKit::ROMol const&, int, std::vector<ForceFields::UFF::AtomicParams const*, std::allocator<ForceFields::UFF::AtomicParams const*> > const&, ForceFields::ForceField*) in <CONDA_ENV_PREFIX>/lib/python3.11/site-packages/rdkit/ForceField/../../../../libRDKitForceFieldHelpers.so.1
 4# RDKit::UFF::Tools::addAngleSpecialCases(RDKit::ROMol const&, int, std::vector<ForceFields::UFF::AtomicParams const*, std::allocator<ForceFields::UFF::AtomicParams const*> > const&, ForceFields::ForceField*) in <CONDA_ENV_PREFIX>/lib/python3.11/site-packages/rdkit/ForceField/../../../../libRDKitForceFieldHelpers.so.1
 5# RDKit::UFF::constructForceField(RDKit::ROMol&, std::vector<ForceFields::UFF::AtomicParams const*, std::allocator<ForceFields::UFF::AtomicParams const*> > const&, double, int, bool) in <CONDA_ENV_PREFIX>/lib/python3.11/site-packages/rdkit/ForceField/../../../../libRDKitForceFieldHelpers.so.1
 6# RDKit::UFF::constructForceField(RDKit::ROMol&, double, int, bool) in <CONDA_ENV_PREFIX>/lib/python3.11/site-packages/rdkit/ForceField/../../../../libRDKitForceFieldHelpers.so.1
 7# RDKit::UFFHelper(RDKit::ROMol&, int, double, int, bool) in <CONDA_ENV_PREFIX>/lib/python3.11/site-packages/rdkit/Chem/rdForceFieldHelpers.so
 8# 0x00007FAB6461403D in <CONDA_ENV_PREFIX>/lib/python3.11/site-packages/rdkit/Chem/rdForceFieldHelpers.so
 9# boost::python::objects::function::call(_object*, _object*) const in <CONDA_ENV_PREFIX>/lib/python3.11/site-packages/rdkit/../../../libboost_python311.so.1.86.0
10# 0x00007FAB6656D449 in <CONDA_ENV_PREFIX>/lib/python3.11/site-packages/rdkit/../../../libboost_python311.so.1.86.0
11# boost::python::detail::exception_handler::operator()(boost::function_n<void> const&) const in <CONDA_ENV_PREFIX>/lib/python3.11/site-packages/rdkit/../../../libboost_python311.so.1.86.0
12# 0x00007FAB642CDC04 in <CONDA_ENV_PREFIX>/lib/python3.11/site-packages/rdkit/Chem/rdSLNParse.so
13# 0x00007FAB646BB354 in <CONDA_ENV_PREFIX>/lib/python3.11/site-packages/rdkit/Chem/rdDepictor.so
14# 0x00007FAB64959DD4 in <CONDA_ENV_PREFIX>/lib/python3.11/site-packages/rdkit/Chem/rdChemReactions.so
15# 0x00007FAB64959E24 in <CONDA_ENV_PREFIX>/lib/python3.11/site-packages/rdkit/Chem/rdChemReactions.so
16# 0x00007FAB64AD2B94 in <CONDA_ENV_PREFIX>/lib/python3.11/site-packages/rdkit/Chem/rdMolChemicalFeatures.so
17# 0x00007FAB6554A9B4 in <CONDA_ENV_PREFIX>/lib/python3.11/site-packages/rdkit/Chem/rdmolfiles.so
18# 0x00007FAB6554AA04 in <CONDA_ENV_PREFIX>/lib/python3.11/site-packages/rdkit/Chem/rdmolfiles.so
19# 0x00007FAB65664B04 in <CONDA_ENV_PREFIX>/lib/python3.11/site-packages/rdkit/Chem/rdCIPLabeler.so
20# 0x00007FAB66039174 in <CONDA_ENV_PREFIX>/lib/python3.11/site-packages/rdkit/Chem/rdchem.so
21# 0x00007FAB65FCDAAD in <CONDA_ENV_PREFIX>/lib/python3.11/site-packages/rdkit/Chem/rdchem.so
22# 0x00007FAB65FCD6AD in <CONDA_ENV_PREFIX>/lib/python3.11/site-packages/rdkit/Chem/rdchem.so
23# 0x00007FAB65FCD2AD in <CONDA_ENV_PREFIX>/lib/python3.11/site-packages/rdkit/Chem/rdchem.so
24# 0x00007FAB65FCCEAD in <CONDA_ENV_PREFIX>/lib/python3.11/site-packages/rdkit/Chem/rdchem.so
25# 0x00007FAB65FCCAAD in <CONDA_ENV_PREFIX>/lib/python3.11/site-packages/rdkit/Chem/rdchem.so
26# 0x00007FAB66641E54 in <CONDA_ENV_PREFIX>/lib/python3.11/site-packages/rdkit/rdBase.so
27# 0x00007FAB66641EA4 in <CONDA_ENV_PREFIX>/lib/python3.11/site-packages/rdkit/rdBase.so
28# 0x00007FAB66641EF4 in <CONDA_ENV_PREFIX>/lib/python3.11/site-packages/rdkit/rdBase.so
29# 0x00007FAB66641F44 in <CONDA_ENV_PREFIX>/lib/python3.11/site-packages/rdkit/rdBase.so
30# boost::python::handle_exception_impl(boost::function_n<void>) in <CONDA_ENV_PREFIX>/lib/python3.11/site-packages/rdkit/../../../libboost_python311.so.1.86.0
31# 0x00007FAB6656A9B3 in <CONDA_ENV_PREFIX>/lib/python3.11/site-packages/rdkit/../../../libboost_python311.so.1.86.0
32# _PyObject_MakeTpCall in <CONDA_ENV_PREFIX>/bin/python
33# _PyEval_EvalFrameDefault in <CONDA_ENV_PREFIX>/bin/python
34# _PyFunction_Vectorcall in <CONDA_ENV_PREFIX>/bin/python
35# 0x0000562A975F3C50 in <CONDA_ENV_PREFIX>/bin/python
36# 0x0000562A97509745 in <CONDA_ENV_PREFIX>/bin/python
37# 0x0000562A9753A1AA in <CONDA_ENV_PREFIX>/bin/python
38# PyObject_Vectorcall in <CONDA_ENV_PREFIX>/bin/python
39# _PyEval_EvalFrameDefault in <CONDA_ENV_PREFIX>/bin/python
40# _PyFunction_Vectorcall in <CONDA_ENV_PREFIX>/bin/python
41# _PyEval_EvalFrameDefault in <CONDA_ENV_PREFIX>/bin/python
42# _PyFunction_Vectorcall in <CONDA_ENV_PREFIX>/bin/python
43# _PyEval_EvalFrameDefault in <CONDA_ENV_PREFIX>/bin/python
44# _PyFunction_Vectorcall in <CONDA_ENV_PREFIX>/bin/python
45# 0x0000562A974F5979 in <CONDA_ENV_PREFIX>/bin/python
46# _PyObject_MakeTpCall in <CONDA_ENV_PREFIX>/bin/python
47# _PyEval_EvalFrameDefault in <CONDA_ENV_PREFIX>/bin/python
48# _PyFunction_Vectorcall in <CONDA_ENV_PREFIX>/bin/python
49# 0x0000562A974F5A1D in <CONDA_ENV_PREFIX>/bin/python
50# _PyObject_MakeTpCall in <CONDA_ENV_PREFIX>/bin/python
51# _PyEval_EvalFrameDefault in <CONDA_ENV_PREFIX>/bin/python
52# 0x0000562A97580B0D in <CONDA_ENV_PREFIX>/bin/python
53# PyEval_EvalCode in <CONDA_ENV_PREFIX>/bin/python
54# 0x0000562A9759E1AA in <CONDA_ENV_PREFIX>/bin/python
55# 0x0000562A97599E33 in <CONDA_ENV_PREFIX>/bin/python
56# 0x0000562A975AF3D0 in <CONDA_ENV_PREFIX>/bin/python
57# _PyRun_SimpleFileObject in <CONDA_ENV_PREFIX>/bin/python
58# _PyRun_AnyFileObject in <CONDA_ENV_PREFIX>/bin/python
59# Py_RunMain in <CONDA_ENV_PREFIX>/bin/python
60# Py_BytesMain in <CONDA_ENV_PREFIX>/bin/python
61# 0x00007FAB751F1D90 in /lib/x86_64-linux-gnu/libc.so.6
62# __libc_start_main in /lib/x86_64-linux-gnu/libc.so.6
63# 0x0000562A9757037A in <CONDA_ENV_PREFIX>/bin/python
----------
****

Pre-condition Violation
bad params pointer
Violation occurred on line 79 in file /home/conda/feedstock_root/build_artifacts/rdkit-meta_1745736747213/work/Code/ForceField/UFF/AngleBend.cpp
Failed Expression: at2Params
----------
Stacktrace:
 0# Invar::Invariant::toString[abi:cxx11]() const in <CONDA_ENV_PREFIX>/lib/python3.11/site-packages/rdkit/../../../libRDKitRDGeneral.so.1
 1# Invar::operator<<(std::ostream&, Invar::Invariant const&) in <CONDA_ENV_PREFIX>/lib/python3.11/site-packages/rdkit/../../../libRDKitRDGeneral.so.1
 2# ForceFields::UFF::AngleBendContrib::AngleBendContrib(ForceFields::ForceField*, unsigned int, unsigned int, unsigned int, double, double, ForceFields::UFF::AtomicParams const*, ForceFields::UFF::AtomicParams const*, ForceFields::UFF::AtomicParams const*, unsigned int) in <CONDA_ENV_PREFIX>/lib/python3.11/site-packages/rdkit/ForceField/../../../../libRDKitForceField.so.1
 3# RDKit::UFF::Tools::addTrigonalBipyramidAngles(RDKit::Atom const*, RDKit::ROMol const&, int, std::vector<ForceFields::UFF::AtomicParams const*, std::allocator<ForceFields::UFF::AtomicParams const*> > const&, ForceFields::ForceField*) in <CONDA_ENV_PREFIX>/lib/python3.11/site-packages/rdkit/ForceField/../../../../libRDKitForceFieldHelpers.so.1
 4# RDKit::UFF::Tools::addAngleSpecialCases(RDKit::ROMol const&, int, std::vector<ForceFields::UFF::AtomicParams const*, std::allocator<ForceFields::UFF::AtomicParams const*> > const&, ForceFields::ForceField*) in <CONDA_ENV_PREFIX>/lib/python3.11/site-packages/rdkit/ForceField/../../../../libRDKitForceFieldHelpers.so.1
 5# RDKit::UFF::constructForceField(RDKit::ROMol&, std::vector<ForceFields::UFF::AtomicParams const*, std::allocator<ForceFields::UFF::AtomicParams const*> > const&, double, int, bool) in <CONDA_ENV_PREFIX>/lib/python3.11/site-packages/rdkit/ForceField/../../../../libRDKitForceFieldHelpers.so.1
 6# RDKit::UFF::constructForceField(RDKit::ROMol&, double, int, bool) in <CONDA_ENV_PREFIX>/lib/python3.11/site-packages/rdkit/ForceField/../../../../libRDKitForceFieldHelpers.so.1
 7# RDKit::UFFHelper(RDKit::ROMol&, int, double, int, bool) in <CONDA_ENV_PREFIX>/lib/python3.11/site-packages/rdkit/Chem/rdForceFieldHelpers.so
 8# 0x00007FAB6461403D in <CONDA_ENV_PREFIX>/lib/python3.11/site-packages/rdkit/Chem/rdForceFieldHelpers.so
 9# boost::python::objects::function::call(_object*, _object*) const in <CONDA_ENV_PREFIX>/lib/python3.11/site-packages/rdkit/../../../libboost_python311.so.1.86.0
10# 0x00007FAB6656D449 in <CONDA_ENV_PREFIX>/lib/python3.11/site-packages/rdkit/../../../libboost_python311.so.1.86.0
11# boost::python::detail::exception_handler::operator()(boost::function_n<void> const&) const in <CONDA_ENV_PREFIX>/lib/python3.11/site-packages/rdkit/../../../libboost_python311.so.1.86.0
12# 0x00007FAB642CDC04 in <CONDA_ENV_PREFIX>/lib/python3.11/site-packages/rdkit/Chem/rdSLNParse.so
13# 0x00007FAB646BB354 in <CONDA_ENV_PREFIX>/lib/python3.11/site-packages/rdkit/Chem/rdDepictor.so
14# 0x00007FAB64959DD4 in <CONDA_ENV_PREFIX>/lib/python3.11/site-packages/rdkit/Chem/rdChemReactions.so
15# 0x00007FAB64959E24 in <CONDA_ENV_PREFIX>/lib/python3.11/site-packages/rdkit/Chem/rdChemReactions.so
16# 0x00007FAB64AD2B94 in <CONDA_ENV_PREFIX>/lib/python3.11/site-packages/rdkit/Chem/rdMolChemicalFeatures.so
17# 0x00007FAB6554A9B4 in <CONDA_ENV_PREFIX>/lib/python3.11/site-packages/rdkit/Chem/rdmolfiles.so
18# 0x00007FAB6554AA04 in <CONDA_ENV_PREFIX>/lib/python3.11/site-packages/rdkit/Chem/rdmolfiles.so
19# 0x00007FAB65664B04 in <CONDA_ENV_PREFIX>/lib/python3.11/site-packages/rdkit/Chem/rdCIPLabeler.so
20# 0x00007FAB66039174 in <CONDA_ENV_PREFIX>/lib/python3.11/site-packages/rdkit/Chem/rdchem.so
21# 0x00007FAB65FCDAAD in <CONDA_ENV_PREFIX>/lib/python3.11/site-packages/rdkit/Chem/rdchem.so
22# 0x00007FAB65FCD6AD in <CONDA_ENV_PREFIX>/lib/python3.11/site-packages/rdkit/Chem/rdchem.so
23# 0x00007FAB65FCD2AD in <CONDA_ENV_PREFIX>/lib/python3.11/site-packages/rdkit/Chem/rdchem.so
24# 0x00007FAB65FCCEAD in <CONDA_ENV_PREFIX>/lib/python3.11/site-packages/rdkit/Chem/rdchem.so
25# 0x00007FAB65FCCAAD in <CONDA_ENV_PREFIX>/lib/python3.11/site-packages/rdkit/Chem/rdchem.so
26# 0x00007FAB66641E54 in <CONDA_ENV_PREFIX>/lib/python3.11/site-packages/rdkit/rdBase.so
27# 0x00007FAB66641EA4 in <CONDA_ENV_PREFIX>/lib/python3.11/site-packages/rdkit/rdBase.so
28# 0x00007FAB66641EF4 in <CONDA_ENV_PREFIX>/lib/python3.11/site-packages/rdkit/rdBase.so
29# 0x00007FAB66641F44 in <CONDA_ENV_PREFIX>/lib/python3.11/site-packages/rdkit/rdBase.so
30# boost::python::handle_exception_impl(boost::function_n<void>) in <CONDA_ENV_PREFIX>/lib/python3.11/site-packages/rdkit/../../../libboost_python311.so.1.86.0
31# 0x00007FAB6656A9B3 in <CONDA_ENV_PREFIX>/lib/python3.11/site-packages/rdkit/../../../libboost_python311.so.1.86.0
32# _PyObject_MakeTpCall in <CONDA_ENV_PREFIX>/bin/python
33# _PyEval_EvalFrameDefault in <CONDA_ENV_PREFIX>/bin/python
34# _PyFunction_Vectorcall in <CONDA_ENV_PREFIX>/bin/python
35# 0x0000562A975F3C50 in <CONDA_ENV_PREFIX>/bin/python
36# 0x0000562A97509745 in <CONDA_ENV_PREFIX>/bin/python
37# 0x0000562A9753A1AA in <CONDA_ENV_PREFIX>/bin/python
38# PyObject_Vectorcall in <CONDA_ENV_PREFIX>/bin/python
39# _PyEval_EvalFrameDefault in <CONDA_ENV_PREFIX>/bin/python
40# _PyFunction_Vectorcall in <CONDA_ENV_PREFIX>/bin/python
41# _PyEval_EvalFrameDefault in <CONDA_ENV_PREFIX>/bin/python
42# _PyFunction_Vectorcall in <CONDA_ENV_PREFIX>/bin/python
43# _PyEval_EvalFrameDefault in <CONDA_ENV_PREFIX>/bin/python
44# _PyFunction_Vectorcall in <CONDA_ENV_PREFIX>/bin/python
45# 0x0000562A974F5979 in <CONDA_ENV_PREFIX>/bin/python
46# _PyObject_MakeTpCall in <CONDA_ENV_PREFIX>/bin/python
47# _PyEval_EvalFrameDefault in <CONDA_ENV_PREFIX>/bin/python
48# _PyFunction_Vectorcall in <CONDA_ENV_PREFIX>/bin/python
49# 0x0000562A974F5A1D in <CONDA_ENV_PREFIX>/bin/python
50# _PyObject_MakeTpCall in <CONDA_ENV_PREFIX>/bin/python
51# _PyEval_EvalFrameDefault in <CONDA_ENV_PREFIX>/bin/python
52# 0x0000562A97580B0D in <CONDA_ENV_PREFIX>/bin/python
53# PyEval_EvalCode in <CONDA_ENV_PREFIX>/bin/python
54# 0x0000562A9759E1AA in <CONDA_ENV_PREFIX>/bin/python
55# 0x0000562A97599E33 in <CONDA_ENV_PREFIX>/bin/python
56# 0x0000562A975AF3D0 in <CONDA_ENV_PREFIX>/bin/python
57# _PyRun_SimpleFileObject in <CONDA_ENV_PREFIX>/bin/python
58# _PyRun_AnyFileObject in <CONDA_ENV_PREFIX>/bin/python
59# Py_RunMain in <CONDA_ENV_PREFIX>/bin/python
60# Py_BytesMain in <CONDA_ENV_PREFIX>/bin/python
61# 0x00007FAB751F1D90 in /lib/x86_64-linux-gnu/libc.so.6
62# __libc_start_main in /lib/x86_64-linux-gnu/libc.so.6
63# 0x0000562A9757037A in <CONDA_ENV_PREFIX>/bin/python
----------
****

[21:01:34] UFFTYPER: Unrecognized atom type: S_5+6 (1)
[21:01:34] UFFTYPER: Unrecognized atom type: S_5+6 (1)
[21:01:34] 

****
Pre-condition Violation
bad params pointer
Violation occurred on line 79 in file /home/conda/feedstock_root/build_artifacts/rdkit-meta_1745736747213/work/Code/ForceField/UFF/AngleBend.cpp
Failed Expression: at2Params
----------
Stacktrace:
 0# Invar::Invariant::toString[abi:cxx11]() const in <CONDA_ENV_PREFIX>/lib/python3.11/site-packages/rdkit/../../../libRDKitRDGeneral.so.1
 1# Invar::operator<<(std::ostream&, Invar::Invariant const&) in <CONDA_ENV_PREFIX>/lib/python3.11/site-packages/rdkit/../../../libRDKitRDGeneral.so.1
 2# ForceFields::UFF::AngleBendContrib::AngleBendContrib(ForceFields::ForceField*, unsigned int, unsigned int, unsigned int, double, double, ForceFields::UFF::AtomicParams const*, ForceFields::UFF::AtomicParams const*, ForceFields::UFF::AtomicParams const*, unsigned int) in <CONDA_ENV_PREFIX>/lib/python3.11/site-packages/rdkit/ForceField/../../../../libRDKitForceField.so.1
 3# RDKit::UFF::Tools::addTrigonalBipyramidAngles(RDKit::Atom const*, RDKit::ROMol const&, int, std::vector<ForceFields::UFF::AtomicParams const*, std::allocator<ForceFields::UFF::AtomicParams const*> > const&, ForceFields::ForceField*) in <CONDA_ENV_PREFIX>/lib/python3.11/site-packages/rdkit/ForceField/../../../../libRDKitForceFieldHelpers.so.1
 4# RDKit::UFF::Tools::addAngleSpecialCases(RDKit::ROMol const&, int, std::vector<ForceFields::UFF::AtomicParams const*, std::allocator<ForceFields::UFF::AtomicParams const*> > const&, ForceFields::ForceField*) in <CONDA_ENV_PREFIX>/lib/python3.11/site-packages/rdkit/ForceField/../../../../libRDKitForceFieldHelpers.so.1
 5# RDKit::UFF::constructForceField(RDKit::ROMol&, std::vector<ForceFields::UFF::AtomicParams const*, std::allocator<ForceFields::UFF::AtomicParams const*> > const&, double, int, bool) in <CONDA_ENV_PREFIX>/lib/python3.11/site-packages/rdkit/ForceField/../../../../libRDKitForceFieldHelpers.so.1
 6# RDKit::UFF::constructForceField(RDKit::ROMol&, double, int, bool) in <CONDA_ENV_PREFIX>/lib/python3.11/site-packages/rdkit/ForceField/../../../../libRDKitForceFieldHelpers.so.1
 7# RDKit::UFFHelper(RDKit::ROMol&, int, double, int, bool) in <CONDA_ENV_PREFIX>/lib/python3.11/site-packages/rdkit/Chem/rdForceFieldHelpers.so
 8# 0x00007FAB6461403D in <CONDA_ENV_PREFIX>/lib/python3.11/site-packages/rdkit/Chem/rdForceFieldHelpers.so
 9# boost::python::objects::function::call(_object*, _object*) const in <CONDA_ENV_PREFIX>/lib/python3.11/site-packages/rdkit/../../../libboost_python311.so.1.86.0
10# 0x00007FAB6656D449 in <CONDA_ENV_PREFIX>/lib/python3.11/site-packages/rdkit/../../../libboost_python311.so.1.86.0
11# boost::python::detail::exception_handler::operator()(boost::function_n<void> const&) const in <CONDA_ENV_PREFIX>/lib/python3.11/site-packages/rdkit/../../../libboost_python311.so.1.86.0
12# 0x00007FAB642CDC04 in <CONDA_ENV_PREFIX>/lib/python3.11/site-packages/rdkit/Chem/rdSLNParse.so
13# 0x00007FAB646BB354 in <CONDA_ENV_PREFIX>/lib/python3.11/site-packages/rdkit/Chem/rdDepictor.so
14# 0x00007FAB64959DD4 in <CONDA_ENV_PREFIX>/lib/python3.11/site-packages/rdkit/Chem/rdChemReactions.so
15# 0x00007FAB64959E24 in <CONDA_ENV_PREFIX>/lib/python3.11/site-packages/rdkit/Chem/rdChemReactions.so
16# 0x00007FAB64AD2B94 in <CONDA_ENV_PREFIX>/lib/python3.11/site-packages/rdkit/Chem/rdMolChemicalFeatures.so
17# 0x00007FAB6554A9B4 in <CONDA_ENV_PREFIX>/lib/python3.11/site-packages/rdkit/Chem/rdmolfiles.so
18# 0x00007FAB6554AA04 in <CONDA_ENV_PREFIX>/lib/python3.11/site-packages/rdkit/Chem/rdmolfiles.so
19# 0x00007FAB65664B04 in <CONDA_ENV_PREFIX>/lib/python3.11/site-packages/rdkit/Chem/rdCIPLabeler.so
20# 0x00007FAB66039174 in <CONDA_ENV_PREFIX>/lib/python3.11/site-packages/rdkit/Chem/rdchem.so
21# 0x00007FAB65FCDAAD in <CONDA_ENV_PREFIX>/lib/python3.11/site-packages/rdkit/Chem/rdchem.so
22# 0x00007FAB65FCD6AD in <CONDA_ENV_PREFIX>/lib/python3.11/site-packages/rdkit/Chem/rdchem.so
23# 0x00007FAB65FCD2AD in <CONDA_ENV_PREFIX>/lib/python3.11/site-packages/rdkit/Chem/rdchem.so
24# 0x00007FAB65FCCEAD in <CONDA_ENV_PREFIX>/lib/python3.11/site-packages/rdkit/Chem/rdchem.so
25# 0x00007FAB65FCCAAD in <CONDA_ENV_PREFIX>/lib/python3.11/site-packages/rdkit/Chem/rdchem.so
26# 0x00007FAB66641E54 in <CONDA_ENV_PREFIX>/lib/python3.11/site-packages/rdkit/rdBase.so
27# 0x00007FAB66641EA4 in <CONDA_ENV_PREFIX>/lib/python3.11/site-packages/rdkit/rdBase.so
28# 0x00007FAB66641EF4 in <CONDA_ENV_PREFIX>/lib/python3.11/site-packages/rdkit/rdBase.so
29# 0x00007FAB66641F44 in <CONDA_ENV_PREFIX>/lib/python3.11/site-packages/rdkit/rdBase.so
30# boost::python::handle_exception_impl(boost::function_n<void>) in <CONDA_ENV_PREFIX>/lib/python3.11/site-packages/rdkit/../../../libboost_python311.so.1.86.0
31# 0x00007FAB6656A9B3 in <CONDA_ENV_PREFIX>/lib/python3.11/site-packages/rdkit/../../../libboost_python311.so.1.86.0
32# _PyObject_MakeTpCall in <CONDA_ENV_PREFIX>/bin/python
33# _PyEval_EvalFrameDefault in <CONDA_ENV_PREFIX>/bin/python
34# _PyFunction_Vectorcall in <CONDA_ENV_PREFIX>/bin/python
35# 0x0000562A975F3C50 in <CONDA_ENV_PREFIX>/bin/python
36# 0x0000562A97509745 in <CONDA_ENV_PREFIX>/bin/python
37# 0x0000562A9753A1AA in <CONDA_ENV_PREFIX>/bin/python
38# PyObject_Vectorcall in <CONDA_ENV_PREFIX>/bin/python
39# _PyEval_EvalFrameDefault in <CONDA_ENV_PREFIX>/bin/python
40# _PyFunction_Vectorcall in <CONDA_ENV_PREFIX>/bin/python
41# _PyEval_EvalFrameDefault in <CONDA_ENV_PREFIX>/bin/python
42# _PyFunction_Vectorcall in <CONDA_ENV_PREFIX>/bin/python
43# _PyEval_EvalFrameDefault in <CONDA_ENV_PREFIX>/bin/python
44# _PyFunction_Vectorcall in <CONDA_ENV_PREFIX>/bin/python
45# 0x0000562A974F5979 in <CONDA_ENV_PREFIX>/bin/python
46# _PyObject_MakeTpCall in <CONDA_ENV_PREFIX>/bin/python
47# _PyEval_EvalFrameDefault in <CONDA_ENV_PREFIX>/bin/python
48# _PyFunction_Vectorcall in <CONDA_ENV_PREFIX>/bin/python
49# 0x0000562A974F5A1D in <CONDA_ENV_PREFIX>/bin/python
50# _PyObject_MakeTpCall in <CONDA_ENV_PREFIX>/bin/python
51# _PyEval_EvalFrameDefault in <CONDA_ENV_PREFIX>/bin/python
52# 0x0000562A97580B0D in <CONDA_ENV_PREFIX>/bin/python
53# PyEval_EvalCode in <CONDA_ENV_PREFIX>/bin/python
54# 0x0000562A9759E1AA in <CONDA_ENV_PREFIX>/bin/python
55# 0x0000562A97599E33 in <CONDA_ENV_PREFIX>/bin/python
56# 0x0000562A975AF3D0 in <CONDA_ENV_PREFIX>/bin/python
57# _PyRun_SimpleFileObject in <CONDA_ENV_PREFIX>/bin/python
58# _PyRun_AnyFileObject in <CONDA_ENV_PREFIX>/bin/python
59# Py_RunMain in <CONDA_ENV_PREFIX>/bin/python
60# Py_BytesMain in <CONDA_ENV_PREFIX>/bin/python
61# 0x00007FAB751F1D90 in /lib/x86_64-linux-gnu/libc.so.6
62# __libc_start_main in /lib/x86_64-linux-gnu/libc.so.6
63# 0x0000562A9757037A in <CONDA_ENV_PREFIX>/bin/python
----------
****

[21:01:34] UFFTYPER: Unrecognized atom type: S_5+6 (12)
[21:01:34] UFFTYPER: Unrecognized atom type: S_5+6 (12)
[21:01:34] 

****
Pre-condition Violation
bad params pointer
Violation occurred on line 79 in file /home/conda/feedstock_root/build_artifacts/rdkit-meta_1745736747213/work/Code/ForceField/UFF/AngleBend.cpp
Failed Expression: at2Params
----------
Stacktrace:
 0# Invar::Invariant::toString[abi:cxx11]() const in <CONDA_ENV_PREFIX>/lib/python3.11/site-packages/rdkit/../../../libRDKitRDGeneral.so.1
 1# Invar::operator<<(std::ostream&, Invar::Invariant const&) in <CONDA_ENV_PREFIX>/lib/python3.11/site-packages/rdkit/../../../libRDKitRDGeneral.so.1
 2# ForceFields::UFF::AngleBendContrib::AngleBendContrib(ForceFields::ForceField*, unsigned int, unsigned int, unsigned int, double, double, ForceFields::UFF::AtomicParams const*, ForceFields::UFF::AtomicParams const*, ForceFields::UFF::AtomicParams const*, unsigned int) in <CONDA_ENV_PREFIX>/lib/python3.11/site-packages/rdkit/ForceField/../../../../libRDKitForceField.so.1
 3# RDKit::UFF::Tools::addTrigonalBipyramidAngles(RDKit::Atom const*, RDKit::ROMol const&, int, std::vector<ForceFields::UFF::AtomicParams const*, std::allocator<ForceFields::UFF::AtomicParams const*> > const&, ForceFields::ForceField*) in <CONDA_ENV_PREFIX>/lib/python3.11/site-packages/rdkit/ForceField/../../../../libRDKitForceFieldHelpers.so.1
 4# RDKit::UFF::Tools::addAngleSpecialCases(RDKit::ROMol const&, int, std::vector<ForceFields::UFF::AtomicParams const*, std::allocator<ForceFields::UFF::AtomicParams const*> > const&, ForceFields::ForceField*) in <CONDA_ENV_PREFIX>/lib/python3.11/site-packages/rdkit/ForceField/../../../../libRDKitForceFieldHelpers.so.1
 5# RDKit::UFF::constructForceField(RDKit::ROMol&, std::vector<ForceFields::UFF::AtomicParams const*, std::allocator<ForceFields::UFF::AtomicParams const*> > const&, double, int, bool) in <CONDA_ENV_PREFIX>/lib/python3.11/site-packages/rdkit/ForceField/../../../../libRDKitForceFieldHelpers.so.1
 6# RDKit::UFF::constructForceField(RDKit::ROMol&, double, int, bool) in <CONDA_ENV_PREFIX>/lib/python3.11/site-packages/rdkit/ForceField/../../../../libRDKitForceFieldHelpers.so.1
 7# RDKit::UFFHelper(RDKit::ROMol&, int, double, int, bool) in <CONDA_ENV_PREFIX>/lib/python3.11/site-packages/rdkit/Chem/rdForceFieldHelpers.so
 8# 0x00007FAB6461403D in <CONDA_ENV_PREFIX>/lib/python3.11/site-packages/rdkit/Chem/rdForceFieldHelpers.so
 9# boost::python::objects::function::call(_object*, _object*) const in <CONDA_ENV_PREFIX>/lib/python3.11/site-packages/rdkit/../../../libboost_python311.so.1.86.0
10# 0x00007FAB6656D449 in <CONDA_ENV_PREFIX>/lib/python3.11/site-packages/rdkit/../../../libboost_python311.so.1.86.0
11# boost::python::detail::exception_handler::operator()(boost::function_n<void> const&) const in <CONDA_ENV_PREFIX>/lib/python3.11/site-packages/rdkit/../../../libboost_python311.so.1.86.0
12# 0x00007FAB642CDC04 in <CONDA_ENV_PREFIX>/lib/python3.11/site-packages/rdkit/Chem/rdSLNParse.so
13# 0x00007FAB646BB354 in <CONDA_ENV_PREFIX>/lib/python3.11/site-packages/rdkit/Chem/rdDepictor.so
14# 0x00007FAB64959DD4 in <CONDA_ENV_PREFIX>/lib/python3.11/site-packages/rdkit/Chem/rdChemReactions.so
15# 0x00007FAB64959E24 in <CONDA_ENV_PREFIX>/lib/python3.11/site-packages/rdkit/Chem/rdChemReactions.so
16# 0x00007FAB64AD2B94 in <CONDA_ENV_PREFIX>/lib/python3.11/site-packages/rdkit/Chem/rdMolChemicalFeatures.so
17# 0x00007FAB6554A9B4 in <CONDA_ENV_PREFIX>/lib/python3.11/site-packages/rdkit/Chem/rdmolfiles.so
18# 0x00007FAB6554AA04 in <CONDA_ENV_PREFIX>/lib/python3.11/site-packages/rdkit/Chem/rdmolfiles.so
19# 0x00007FAB65664B04 in <CONDA_ENV_PREFIX>/lib/python3.11/site-packages/rdkit/Chem/rdCIPLabeler.so
20# 0x00007FAB66039174 in <CONDA_ENV_PREFIX>/lib/python3.11/site-packages/rdkit/Chem/rdchem.so
21# 0x00007FAB65FCDAAD in <CONDA_ENV_PREFIX>/lib/python3.11/site-packages/rdkit/Chem/rdchem.so
22# 0x00007FAB65FCD6AD in <CONDA_ENV_PREFIX>/lib/python3.11/site-packages/rdkit/Chem/rdchem.so
23# 0x00007FAB65FCD2AD in <CONDA_ENV_PREFIX>/lib/python3.11/site-packages/rdkit/Chem/rdchem.so
24# 0x00007FAB65FCCEAD in <CONDA_ENV_PREFIX>/lib/python3.11/site-packages/rdkit/Chem/rdchem.so
25# 0x00007FAB65FCCAAD in <CONDA_ENV_PREFIX>/lib/python3.11/site-packages/rdkit/Chem/rdchem.so
26# 0x00007FAB66641E54 in <CONDA_ENV_PREFIX>/lib/python3.11/site-packages/rdkit/rdBase.so
27# 0x00007FAB66641EA4 in <CONDA_ENV_PREFIX>/lib/python3.11/site-packages/rdkit/rdBase.so
28# 0x00007FAB66641EF4 in <CONDA_ENV_PREFIX>/lib/python3.11/site-packages/rdkit/rdBase.so
29# 0x00007FAB66641F44 in <CONDA_ENV_PREFIX>/lib/python3.11/site-packages/rdkit/rdBase.so
30# boost::python::handle_exception_impl(boost::function_n<void>) in <CONDA_ENV_PREFIX>/lib/python3.11/site-packages/rdkit/../../../libboost_python311.so.1.86.0
31# 0x00007FAB6656A9B3 in <CONDA_ENV_PREFIX>/lib/python3.11/site-packages/rdkit/../../../libboost_python311.so.1.86.0
32# _PyObject_MakeTpCall in <CONDA_ENV_PREFIX>/bin/python
33# _PyEval_EvalFrameDefault in <CONDA_ENV_PREFIX>/bin/python
34# _PyFunction_Vectorcall in <CONDA_ENV_PREFIX>/bin/python
35# 0x0000562A975F3C50 in <CONDA_ENV_PREFIX>/bin/python
36# 0x0000562A97509745 in <CONDA_ENV_PREFIX>/bin/python
37# 0x0000562A9753A1AA in <CONDA_ENV_PREFIX>/bin/python
38# PyObject_Vectorcall in <CONDA_ENV_PREFIX>/bin/python
39# _PyEval_EvalFrameDefault in <CONDA_ENV_PREFIX>/bin/python
40# _PyFunction_Vectorcall in <CONDA_ENV_PREFIX>/bin/python
41# _PyEval_EvalFrameDefault in <CONDA_ENV_PREFIX>/bin/python
42# _PyFunction_Vectorcall in <CONDA_ENV_PREFIX>/bin/python
43# _PyEval_EvalFrameDefault in <CONDA_ENV_PREFIX>/bin/python
44# _PyFunction_Vectorcall in <CONDA_ENV_PREFIX>/bin/python
45# 0x0000562A974F5979 in <CONDA_ENV_PREFIX>/bin/python
46# _PyObject_MakeTpCall in <CONDA_ENV_PREFIX>/bin/python
47# _PyEval_EvalFrameDefault in <CONDA_ENV_PREFIX>/bin/python
48# _PyFunction_Vectorcall in <CONDA_ENV_PREFIX>/bin/python
49# 0x0000562A974F5A1D in <CONDA_ENV_PREFIX>/bin/python
50# _PyObject_MakeTpCall in <CONDA_ENV_PREFIX>/bin/python
51# _PyEval_EvalFrameDefault in <CONDA_ENV_PREFIX>/bin/python
52# 0x0000562A97580B0D in <CONDA_ENV_PREFIX>/bin/python
53# PyEval_EvalCode in <CONDA_ENV_PREFIX>/bin/python
54# 0x0000562A9759E1AA in <CONDA_ENV_PREFIX>/bin/python
55# 0x0000562A97599E33 in <CONDA_ENV_PREFIX>/bin/python
56# 0x0000562A975AF3D0 in <CONDA_ENV_PREFIX>/bin/python
57# _PyRun_SimpleFileObject in <CONDA_ENV_PREFIX>/bin/python
58# _PyRun_AnyFileObject in <CONDA_ENV_PREFIX>/bin/python
59# Py_RunMain in <CONDA_ENV_PREFIX>/bin/python
60# Py_BytesMain in <CONDA_ENV_PREFIX>/bin/python
61# 0x00007FAB751F1D90 in /lib/x86_64-linux-gnu/libc.so.6
62# __libc_start_main in /lib/x86_64-linux-gnu/libc.so.6
63# 0x0000562A9757037A in <CONDA_ENV_PREFIX>/bin/python
----------
****

[21:01:34] UFFTYPER: Unrecognized atom type: S_5+6 (11)
[21:01:34] UFFTYPER: Unrecognized atom type: S_5+6 (11)
[21:01:34] 

****
Pre-condition Violation
bad params pointer
Violation occurred on line 79 in file /home/conda/feedstock_root/build_artifacts/rdkit-meta_1745736747213/work/Code/ForceField/UFF/AngleBend.cpp
Failed Expression: at2Params
----------
Stacktrace:
 0# Invar::Invariant::toString[abi:cxx11]() const in <CONDA_ENV_PREFIX>/lib/python3.11/site-packages/rdkit/../../../libRDKitRDGeneral.so.1
 1# Invar::operator<<(std::ostream&, Invar::Invariant const&) in <CONDA_ENV_PREFIX>/lib/python3.11/site-packages/rdkit/../../../libRDKitRDGeneral.so.1
 2# ForceFields::UFF::AngleBendContrib::AngleBendContrib(ForceFields::ForceField*, unsigned int, unsigned int, unsigned int, double, double, ForceFields::UFF::AtomicParams const*, ForceFields::UFF::AtomicParams const*, ForceFields::UFF::AtomicParams const*, unsigned int) in <CONDA_ENV_PREFIX>/lib/python3.11/site-packages/rdkit/ForceField/../../../../libRDKitForceField.so.1
 3# RDKit::UFF::Tools::addTrigonalBipyramidAngles(RDKit::Atom const*, RDKit::ROMol const&, int, std::vector<ForceFields::UFF::AtomicParams const*, std::allocator<ForceFields::UFF::AtomicParams const*> > const&, ForceFields::ForceField*) in <CONDA_ENV_PREFIX>/lib/python3.11/site-packages/rdkit/ForceField/../../../../libRDKitForceFieldHelpers.so.1
 4# RDKit::UFF::Tools::addAngleSpecialCases(RDKit::ROMol const&, int, std::vector<ForceFields::UFF::AtomicParams const*, std::allocator<ForceFields::UFF::AtomicParams const*> > const&, ForceFields::ForceField*) in <CONDA_ENV_PREFIX>/lib/python3.11/site-packages/rdkit/ForceField/../../../../libRDKitForceFieldHelpers.so.1
 5# RDKit::UFF::constructForceField(RDKit::ROMol&, std::vector<ForceFields::UFF::AtomicParams const*, std::allocator<ForceFields::UFF::AtomicParams const*> > const&, double, int, bool) in <CONDA_ENV_PREFIX>/lib/python3.11/site-packages/rdkit/ForceField/../../../../libRDKitForceFieldHelpers.so.1
 6# RDKit::UFF::constructForceField(RDKit::ROMol&, double, int, bool) in <CONDA_ENV_PREFIX>/lib/python3.11/site-packages/rdkit/ForceField/../../../../libRDKitForceFieldHelpers.so.1
 7# RDKit::UFFHelper(RDKit::ROMol&, int, double, int, bool) in <CONDA_ENV_PREFIX>/lib/python3.11/site-packages/rdkit/Chem/rdForceFieldHelpers.so
 8# 0x00007FAB6461403D in <CONDA_ENV_PREFIX>/lib/python3.11/site-packages/rdkit/Chem/rdForceFieldHelpers.so
 9# boost::python::objects::function::call(_object*, _object*) const in <CONDA_ENV_PREFIX>/lib/python3.11/site-packages/rdkit/../../../libboost_python311.so.1.86.0
10# 0x00007FAB6656D449 in <CONDA_ENV_PREFIX>/lib/python3.11/site-packages/rdkit/../../../libboost_python311.so.1.86.0
11# boost::python::detail::exception_handler::operator()(boost::function_n<void> const&) const in <CONDA_ENV_PREFIX>/lib/python3.11/site-packages/rdkit/../../../libboost_python311.so.1.86.0
12# 0x00007FAB642CDC04 in <CONDA_ENV_PREFIX>/lib/python3.11/site-packages/rdkit/Chem/rdSLNParse.so
13# 0x00007FAB646BB354 in <CONDA_ENV_PREFIX>/lib/python3.11/site-packages/rdkit/Chem/rdDepictor.so
14# 0x00007FAB64959DD4 in <CONDA_ENV_PREFIX>/lib/python3.11/site-packages/rdkit/Chem/rdChemReactions.so
15# 0x00007FAB64959E24 in <CONDA_ENV_PREFIX>/lib/python3.11/site-packages/rdkit/Chem/rdChemReactions.so
16# 0x00007FAB64AD2B94 in <CONDA_ENV_PREFIX>/lib/python3.11/site-packages/rdkit/Chem/rdMolChemicalFeatures.so
17# 0x00007FAB6554A9B4 in <CONDA_ENV_PREFIX>/lib/python3.11/site-packages/rdkit/Chem/rdmolfiles.so
18# 0x00007FAB6554AA04 in <CONDA_ENV_PREFIX>/lib/python3.11/site-packages/rdkit/Chem/rdmolfiles.so
19# 0x00007FAB65664B04 in <CONDA_ENV_PREFIX>/lib/python3.11/site-packages/rdkit/Chem/rdCIPLabeler.so
20# 0x00007FAB66039174 in <CONDA_ENV_PREFIX>/lib/python3.11/site-packages/rdkit/Chem/rdchem.so
21# 0x00007FAB65FCDAAD in <CONDA_ENV_PREFIX>/lib/python3.11/site-packages/rdkit/Chem/rdchem.so
22# 0x00007FAB65FCD6AD in <CONDA_ENV_PREFIX>/lib/python3.11/site-packages/rdkit/Chem/rdchem.so
23# 0x00007FAB65FCD2AD in <CONDA_ENV_PREFIX>/lib/python3.11/site-packages/rdkit/Chem/rdchem.so
24# 0x00007FAB65FCCEAD in <CONDA_ENV_PREFIX>/lib/python3.11/site-packages/rdkit/Chem/rdchem.so
25# 0x00007FAB65FCCAAD in <CONDA_ENV_PREFIX>/lib/python3.11/site-packages/rdkit/Chem/rdchem.so
26# 0x00007FAB66641E54 in <CONDA_ENV_PREFIX>/lib/python3.11/site-packages/rdkit/rdBase.so
27# 0x00007FAB66641EA4 in <CONDA_ENV_PREFIX>/lib/python3.11/site-packages/rdkit/rdBase.so
28# 0x00007FAB66641EF4 in <CONDA_ENV_PREFIX>/lib/python3.11/site-packages/rdkit/rdBase.so
29# 0x00007FAB66641F44 in <CONDA_ENV_PREFIX>/lib/python3.11/site-packages/rdkit/rdBase.so
30# boost::python::handle_exception_impl(boost::function_n<void>) in <CONDA_ENV_PREFIX>/lib/python3.11/site-packages/rdkit/../../../libboost_python311.so.1.86.0
31# 0x00007FAB6656A9B3 in <CONDA_ENV_PREFIX>/lib/python3.11/site-packages/rdkit/../../../libboost_python311.so.1.86.0
32# _PyObject_MakeTpCall in <CONDA_ENV_PREFIX>/bin/python
33# _PyEval_EvalFrameDefault in <CONDA_ENV_PREFIX>/bin/python
34# _PyFunction_Vectorcall in <CONDA_ENV_PREFIX>/bin/python
35# 0x0000562A975F3C50 in <CONDA_ENV_PREFIX>/bin/python
36# 0x0000562A97509745 in <CONDA_ENV_PREFIX>/bin/python
37# 0x0000562A9753A1AA in <CONDA_ENV_PREFIX>/bin/python
38# PyObject_Vectorcall in <CONDA_ENV_PREFIX>/bin/python
39# _PyEval_EvalFrameDefault in <CONDA_ENV_PREFIX>/bin/python
40# _PyFunction_Vectorcall in <CONDA_ENV_PREFIX>/bin/python
41# _PyEval_EvalFrameDefault in <CONDA_ENV_PREFIX>/bin/python
42# _PyFunction_Vectorcall in <CONDA_ENV_PREFIX>/bin/python
43# _PyEval_EvalFrameDefault in <CONDA_ENV_PREFIX>/bin/python
44# _PyFunction_Vectorcall in <CONDA_ENV_PREFIX>/bin/python
45# 0x0000562A974F5979 in <CONDA_ENV_PREFIX>/bin/python
46# _PyObject_MakeTpCall in <CONDA_ENV_PREFIX>/bin/python
47# _PyEval_EvalFrameDefault in <CONDA_ENV_PREFIX>/bin/python
48# _PyFunction_Vectorcall in <CONDA_ENV_PREFIX>/bin/python
49# 0x0000562A974F5A1D in <CONDA_ENV_PREFIX>/bin/python
50# _PyObject_MakeTpCall in <CONDA_ENV_PREFIX>/bin/python
51# _PyEval_EvalFrameDefault in <CONDA_ENV_PREFIX>/bin/python
52# 0x0000562A97580B0D in <CONDA_ENV_PREFIX>/bin/python
53# PyEval_EvalCode in <CONDA_ENV_PREFIX>/bin/python
54# 0x0000562A9759E1AA in <CONDA_ENV_PREFIX>/bin/python
55# 0x0000562A97599E33 in <CONDA_ENV_PREFIX>/bin/python
56# 0x0000562A975AF3D0 in <CONDA_ENV_PREFIX>/bin/python
57# _PyRun_SimpleFileObject in <CONDA_ENV_PREFIX>/bin/python
58# _PyRun_AnyFileObject in <CONDA_ENV_PREFIX>/bin/python
59# Py_RunMain in <CONDA_ENV_PREFIX>/bin/python
60# Py_BytesMain in <CONDA_ENV_PREFIX>/bin/python
61# 0x00007FAB751F1D90 in /lib/x86_64-linux-gnu/libc.so.6
62# __libc_start_main in /lib/x86_64-linux-gnu/libc.so.6
63# 0x0000562A9757037A in <CONDA_ENV_PREFIX>/bin/python
----------
****

[21:01:34] UFFTYPER: Unrecognized atom type: S_5+6 (12)
[21:01:34] UFFTYPER: Unrecognized atom type: S_5+6 (12)
[21:01:34] 

****
Pre-condition Violation
bad params pointer
Violation occurred on line 79 in file /home/conda/feedstock_root/build_artifacts/rdkit-meta_1745736747213/work/Code/ForceField/UFF/AngleBend.cpp
Failed Expression: at2Params
----------
Stacktrace:
 0# Invar::Invariant::toString[abi:cxx11]() const in <CONDA_ENV_PREFIX>/lib/python3.11/site-packages/rdkit/../../../libRDKitRDGeneral.so.1
 1# Invar::operator<<(std::ostream&, Invar::Invariant const&) in <CONDA_ENV_PREFIX>/lib/python3.11/site-packages/rdkit/../../../libRDKitRDGeneral.so.1
 2# ForceFields::UFF::AngleBendContrib::AngleBendContrib(ForceFields::ForceField*, unsigned int, unsigned int, unsigned int, double, double, ForceFields::UFF::AtomicParams const*, ForceFields::UFF::AtomicParams const*, ForceFields::UFF::AtomicParams const*, unsigned int) in <CONDA_ENV_PREFIX>/lib/python3.11/site-packages/rdkit/ForceField/../../../../libRDKitForceField.so.1
 3# RDKit::UFF::Tools::addTrigonalBipyramidAngles(RDKit::Atom const*, RDKit::ROMol const&, int, std::vector<ForceFields::UFF::AtomicParams const*, std::allocator<ForceFields::UFF::AtomicParams const*> > const&, ForceFields::ForceField*) in <CONDA_ENV_PREFIX>/lib/python3.11/site-packages/rdkit/ForceField/../../../../libRDKitForceFieldHelpers.so.1
 4# RDKit::UFF::Tools::addAngleSpecialCases(RDKit::ROMol const&, int, std::vector<ForceFields::UFF::AtomicParams const*, std::allocator<ForceFields::UFF::AtomicParams const*> > const&, ForceFields::ForceField*) in <CONDA_ENV_PREFIX>/lib/python3.11/site-packages/rdkit/ForceField/../../../../libRDKitForceFieldHelpers.so.1
 5# RDKit::UFF::constructForceField(RDKit::ROMol&, std::vector<ForceFields::UFF::AtomicParams const*, std::allocator<ForceFields::UFF::AtomicParams const*> > const&, double, int, bool) in <CONDA_ENV_PREFIX>/lib/python3.11/site-packages/rdkit/ForceField/../../../../libRDKitForceFieldHelpers.so.1
 6# RDKit::UFF::constructForceField(RDKit::ROMol&, double, int, bool) in <CONDA_ENV_PREFIX>/lib/python3.11/site-packages/rdkit/ForceField/../../../../libRDKitForceFieldHelpers.so.1
 7# RDKit::UFFHelper(RDKit::ROMol&, int, double, int, bool) in <CONDA_ENV_PREFIX>/lib/python3.11/site-packages/rdkit/Chem/rdForceFieldHelpers.so
 8# 0x00007FAB6461403D in <CONDA_ENV_PREFIX>/lib/python3.11/site-packages/rdkit/Chem/rdForceFieldHelpers.so
 9# boost::python::objects::function::call(_object*, _object*) const in <CONDA_ENV_PREFIX>/lib/python3.11/site-packages/rdkit/../../../libboost_python311.so.1.86.0
10# 0x00007FAB6656D449 in <CONDA_ENV_PREFIX>/lib/python3.11/site-packages/rdkit/../../../libboost_python311.so.1.86.0
11# boost::python::detail::exception_handler::operator()(boost::function_n<void> const&) const in <CONDA_ENV_PREFIX>/lib/python3.11/site-packages/rdkit/../../../libboost_python311.so.1.86.0
12# 0x00007FAB642CDC04 in <CONDA_ENV_PREFIX>/lib/python3.11/site-packages/rdkit/Chem/rdSLNParse.so
13# 0x00007FAB646BB354 in <CONDA_ENV_PREFIX>/lib/python3.11/site-packages/rdkit/Chem/rdDepictor.so
14# 0x00007FAB64959DD4 in <CONDA_ENV_PREFIX>/lib/python3.11/site-packages/rdkit/Chem/rdChemReactions.so
15# 0x00007FAB64959E24 in <CONDA_ENV_PREFIX>/lib/python3.11/site-packages/rdkit/Chem/rdChemReactions.so
16# 0x00007FAB64AD2B94 in <CONDA_ENV_PREFIX>/lib/python3.11/site-packages/rdkit/Chem/rdMolChemicalFeatures.so
17# 0x00007FAB6554A9B4 in <CONDA_ENV_PREFIX>/lib/python3.11/site-packages/rdkit/Chem/rdmolfiles.so
18# 0x00007FAB6554AA04 in <CONDA_ENV_PREFIX>/lib/python3.11/site-packages/rdkit/Chem/rdmolfiles.so
19# 0x00007FAB65664B04 in <CONDA_ENV_PREFIX>/lib/python3.11/site-packages/rdkit/Chem/rdCIPLabeler.so
20# 0x00007FAB66039174 in <CONDA_ENV_PREFIX>/lib/python3.11/site-packages/rdkit/Chem/rdchem.so
21# 0x00007FAB65FCDAAD in <CONDA_ENV_PREFIX>/lib/python3.11/site-packages/rdkit/Chem/rdchem.so
22# 0x00007FAB65FCD6AD in <CONDA_ENV_PREFIX>/lib/python3.11/site-packages/rdkit/Chem/rdchem.so
23# 0x00007FAB65FCD2AD in <CONDA_ENV_PREFIX>/lib/python3.11/site-packages/rdkit/Chem/rdchem.so
24# 0x00007FAB65FCCEAD in <CONDA_ENV_PREFIX>/lib/python3.11/site-packages/rdkit/Chem/rdchem.so
25# 0x00007FAB65FCCAAD in <CONDA_ENV_PREFIX>/lib/python3.11/site-packages/rdkit/Chem/rdchem.so
26# 0x00007FAB66641E54 in <CONDA_ENV_PREFIX>/lib/python3.11/site-packages/rdkit/rdBase.so
27# 0x00007FAB66641EA4 in <CONDA_ENV_PREFIX>/lib/python3.11/site-packages/rdkit/rdBase.so
28# 0x00007FAB66641EF4 in <CONDA_ENV_PREFIX>/lib/python3.11/site-packages/rdkit/rdBase.so
29# 0x00007FAB66641F44 in <CONDA_ENV_PREFIX>/lib/python3.11/site-packages/rdkit/rdBase.so
30# boost::python::handle_exception_impl(boost::function_n<void>) in <CONDA_ENV_PREFIX>/lib/python3.11/site-packages/rdkit/../../../libboost_python311.so.1.86.0
31# 0x00007FAB6656A9B3 in <CONDA_ENV_PREFIX>/lib/python3.11/site-packages/rdkit/../../../libboost_python311.so.1.86.0
32# _PyObject_MakeTpCall in <CONDA_ENV_PREFIX>/bin/python
33# _PyEval_EvalFrameDefault in <CONDA_ENV_PREFIX>/bin/python
34# _PyFunction_Vectorcall in <CONDA_ENV_PREFIX>/bin/python
35# 0x0000562A975F3C50 in <CONDA_ENV_PREFIX>/bin/python
36# 0x0000562A97509745 in <CONDA_ENV_PREFIX>/bin/python
37# 0x0000562A9753A1AA in <CONDA_ENV_PREFIX>/bin/python
38# PyObject_Vectorcall in <CONDA_ENV_PREFIX>/bin/python
39# _PyEval_EvalFrameDefault in <CONDA_ENV_PREFIX>/bin/python
40# _PyFunction_Vectorcall in <CONDA_ENV_PREFIX>/bin/python
41# _PyEval_EvalFrameDefault in <CONDA_ENV_PREFIX>/bin/python
42# _PyFunction_Vectorcall in <CONDA_ENV_PREFIX>/bin/python
43# _PyEval_EvalFrameDefault in <CONDA_ENV_PREFIX>/bin/python
44# _PyFunction_Vectorcall in <CONDA_ENV_PREFIX>/bin/python
45# 0x0000562A974F5979 in <CONDA_ENV_PREFIX>/bin/python
46# _PyObject_MakeTpCall in <CONDA_ENV_PREFIX>/bin/python
47# _PyEval_EvalFrameDefault in <CONDA_ENV_PREFIX>/bin/python
48# _PyFunction_Vectorcall in <CONDA_ENV_PREFIX>/bin/python
49# 0x0000562A974F5A1D in <CONDA_ENV_PREFIX>/bin/python
50# _PyObject_MakeTpCall in <CONDA_ENV_PREFIX>/bin/python
51# _PyEval_EvalFrameDefault in <CONDA_ENV_PREFIX>/bin/python
52# 0x0000562A97580B0D in <CONDA_ENV_PREFIX>/bin/python
53# PyEval_EvalCode in <CONDA_ENV_PREFIX>/bin/python
54# 0x0000562A9759E1AA in <CONDA_ENV_PREFIX>/bin/python
55# 0x0000562A97599E33 in <CONDA_ENV_PREFIX>/bin/python
56# 0x0000562A975AF3D0 in <CONDA_ENV_PREFIX>/bin/python
57# _PyRun_SimpleFileObject in <CONDA_ENV_PREFIX>/bin/python
58# _PyRun_AnyFileObject in <CONDA_ENV_PREFIX>/bin/python
59# Py_RunMain in <CONDA_ENV_PREFIX>/bin/python
60# Py_BytesMain in <CONDA_ENV_PREFIX>/bin/python
61# 0x00007FAB751F1D90 in /lib/x86_64-linux-gnu/libc.so.6
62# __libc_start_main in /lib/x86_64-linux-gnu/libc.so.6
63# 0x0000562A9757037A in <CONDA_ENV_PREFIX>/bin/python
----------
****

[21:01:35] UFFTYPER: Unrecognized atom type: S_5+6 (1)
[21:01:35] UFFTYPER: Unrecognized atom type: S_5+6 (1)
[21:01:35] 

****
[21:01:35] UFFTYPER: Unrecognized atom type: S_5+6 (1)
Pre-condition Violation
bad params pointer
Violation occurred on line 79 in file /home/conda/feedstock_root/build_artifacts/rdkit-meta_1745736747213/work/Code/ForceField/UFF/AngleBend.cpp
Failed Expression: at2Params
----------
Stacktrace:
 0# Invar::Invariant::toString[abi:cxx11]() const in <CONDA_ENV_PREFIX>/lib/python3.11/site-packages/rdkit/../../../libRDKitRDGeneral.so.1
 1# Invar::operator<<(std::ostream&, Invar::Invariant const&) in <CONDA_ENV_PREFIX>/lib/python3.11/site-packages/rdkit/../../../libRDKitRDGeneral.so.1
 2# ForceFields::UFF::AngleBendContrib::AngleBendContrib(ForceFields::ForceField*, unsigned int, unsigned int, unsigned int, double, double, ForceFields::UFF::AtomicParams const*, ForceFields::UFF::AtomicParams const*, ForceFields::UFF::AtomicParams const*, unsigned int) in <CONDA_ENV_PREFIX>/lib/python3.11/site-packages/rdkit/ForceField/../../../../libRDKitForceField.so.1
 3# RDKit::UFF::Tools::addTrigonalBipyramidAngles(RDKit::Atom const*, RDKit::ROMol const&, int, std::vector<ForceFields::UFF::AtomicParams const*, std::allocator<ForceFields::UFF::AtomicParams const*> > const&, ForceFields::ForceField*) in <CONDA_ENV_PREFIX>/lib/python3.11/site-packages/rdkit/ForceField/../../../../libRDKitForceFieldHelpers.so.1
 4# RDKit::UFF::Tools::addAngleSpecialCases(RDKit::ROMol const&, int, std::vector<ForceFields::UFF::AtomicParams const*, std::allocator<ForceFields::UFF::AtomicParams const*> > const&, ForceFields::ForceField*) in <CONDA_ENV_PREFIX>/lib/python3.11/site-packages/rdkit/ForceField/../../../../libRDKitForceFieldHelpers.so.1
 5# RDKit::UFF::constructForceField(RDKit::ROMol&, std::vector<ForceFields::UFF::AtomicParams const*, std::allocator<ForceFields::UFF::AtomicParams const*> > const&, double, int, bool) in <CONDA_ENV_PREFIX>/lib/python3.11/site-packages/rdkit/ForceField/../../../../libRDKitForceFieldHelpers.so.1
 6# RDKit::UFF::constructForceField(RDKit::ROMol&, double, int, bool) in <CONDA_ENV_PREFIX>/lib/python3.11/site-packages/rdkit/ForceField/../../../../libRDKitForceFieldHelpers.so.1
 7# RDKit::UFFHelper(RDKit::ROMol&, int, double, int, bool) in <CONDA_ENV_PREFIX>/lib/python3.11/site-packages/rdkit/Chem/rdForceFieldHelpers.so
 8# 0x00007FAB6461403D in <CONDA_ENV_PREFIX>/lib/python3.11/site-packages/rdkit/Chem/rdForceFieldHelpers.so
 9# boost::python::objects::function::call(_object*, _object*) const in <CONDA_ENV_PREFIX>/lib/python3.11/site-packages/rdkit/../../../libboost_python311.so.1.86.0
10# 0x00007FAB6656D449 in <CONDA_ENV_PREFIX>/lib/python3.11/site-packages/rdkit/../../../libboost_python311.so.1.86.0
11# boost::python::detail::exception_handler::operator()(boost::function_n<void> const&) const in <CONDA_ENV_PREFIX>/lib/python3.11/site-packages/rdkit/../../../libboost_python311.so.1.86.0
12# 0x00007FAB642CDC04 in <CONDA_ENV_PREFIX>/lib/python3.11/site-packages/rdkit/Chem/rdSLNParse.so
13# 0x00007FAB646BB354 in <CONDA_ENV_PREFIX>/lib/python3.11/site-packages/rdkit/Chem/rdDepictor.so
14# 0x00007FAB64959DD4 in <CONDA_ENV_PREFIX>/lib/python3.11/site-packages/rdkit/Chem/rdChemReactions.so
15# 0x00007FAB64959E24 in <CONDA_ENV_PREFIX>/lib/python3.11/site-packages/rdkit/Chem/rdChemReactions.so
16# 0x00007FAB64AD2B94 in <CONDA_ENV_PREFIX>/lib/python3.11/site-packages/rdkit/Chem/rdMolChemicalFeatures.so
17# 0x00007FAB6554A9B4 in <CONDA_ENV_PREFIX>/lib/python3.11/site-packages/rdkit/Chem/rdmolfiles.so
18# 0x00007FAB6554AA04 in <CONDA_ENV_PREFIX>/lib/python3.11/site-packages/rdkit/Chem/rdmolfiles.so
19# 0x00007FAB65664B04 in <CONDA_ENV_PREFIX>/lib/python3.11/site-packages/rdkit/Chem/rdCIPLabeler.so
20# 0x00007FAB66039174 in <CONDA_ENV_PREFIX>/lib/python3.11/site-packages/rdkit/Chem/rdchem.so
21# 0x00007FAB65FCDAAD in <CONDA_ENV_PREFIX>/lib/python3.11/site-packages/rdkit/Chem/rdchem.so
22# 0x00007FAB65FCD6AD in <CONDA_ENV_PREFIX>/lib/python3.11/site-packages/rdkit/Chem/rdchem.so
23# 0x00007FAB65FCD2AD in <CONDA_ENV_PREFIX>/lib/python3.11/site-packages/rdkit/Chem/rdchem.so
24# 0x00007FAB65FCCEAD in <CONDA_ENV_PREFIX>/lib/python3.11/site-packages/rdkit/Chem/rdchem.so
25# 0x00007FAB65FCCAAD in <CONDA_ENV_PREFIX>/lib/python3.11/site-packages/rdkit/Chem/rdchem.so
26# 0x00007FAB66641E54 in <CONDA_ENV_PREFIX>/lib/python3.11/site-packages/rdkit/rdBase.so
27# 0x00007FAB66641EA4 in <CONDA_ENV_PREFIX>/lib/python3.11/site-packages/rdkit/rdBase.so
28# 0x00007FAB66641EF4 in <CONDA_ENV_PREFIX>/lib/python3.11/site-packages/rdkit/rdBase.so
29# 0x00007FAB66641F44 in <CONDA_ENV_PREFIX>/lib/python3.11/site-packages/rdkit/rdBase.so
30# boost::python::handle_exception_impl(boost::function_n<void>) in <CONDA_ENV_PREFIX>/lib/python3.11/site-packages/rdkit/../../../libboost_python311.so.1.86.0
31# 0x00007FAB6656A9B3 in <CONDA_ENV_PREFIX>/lib/python3.11/site-packages/rdkit/../../../libboost_python311.so.1.86.0
32# _PyObject_MakeTpCall in <CONDA_ENV_PREFIX>/bin/python
33# _PyEval_EvalFrameDefault in <CONDA_ENV_PREFIX>/bin/python
34# _PyFunction_Vectorcall in <CONDA_ENV_PREFIX>/bin/python
35# 0x0000562A975F3C50 in <CONDA_ENV_PREFIX>/bin/python
36# 0x0000562A97509745 in <CONDA_ENV_PREFIX>/bin/python
37# 0x0000562A9753A1AA in <CONDA_ENV_PREFIX>/bin/python
38# PyObject_Vectorcall in <CONDA_ENV_PREFIX>/bin/python
39# _PyEval_EvalFrameDefault in <CONDA_ENV_PREFIX>/bin/python
40# _PyFunction_Vectorcall in <CONDA_ENV_PREFIX>/bin/python
41# _PyEval_EvalFrameDefault in <CONDA_ENV_PREFIX>/bin/python
42# _PyFunction_Vectorcall in <CONDA_ENV_PREFIX>/bin/python
43# _PyEval_EvalFrameDefault in <CONDA_ENV_PREFIX>/bin/python
44# _PyFunction_Vectorcall in <CONDA_ENV_PREFIX>/bin/python
45# 0x0000562A974F5979 in <CONDA_ENV_PREFIX>/bin/python
46# _PyObject_MakeTpCall in <CONDA_ENV_PREFIX>/bin/python
47# _PyEval_EvalFrameDefault in <CONDA_ENV_PREFIX>/bin/python
48# _PyFunction_Vectorcall in <CONDA_ENV_PREFIX>/bin/python
49# 0x0000562A974F5A1D in <CONDA_ENV_PREFIX>/bin/python
50# _PyObject_MakeTpCall in <CONDA_ENV_PREFIX>/bin/python
51# _PyEval_EvalFrameDefault in <CONDA_ENV_PREFIX>/bin/python
52# 0x0000562A97580B0D in <CONDA_ENV_PREFIX>/bin/python
53# PyEval_EvalCode in <CONDA_ENV_PREFIX>/bin/python
54# 0x0000562A9759E1AA in <CONDA_ENV_PREFIX>/bin/python
55# 0x0000562A97599E33 in <CONDA_ENV_PREFIX>/bin/python
56# 0x0000562A975AF3D0 in <CONDA_ENV_PREFIX>/bin/python
57# _PyRun_SimpleFileObject in <CONDA_ENV_PREFIX>/bin/python
58# _PyRun_AnyFileObject in <CONDA_ENV_PREFIX>/bin/python
59# Py_RunMain in <CONDA_ENV_PREFIX>/bin/python
60# Py_BytesMain in <CONDA_ENV_PREFIX>/bin/python
61# 0x00007FAB751F1D90 in /lib/x86_64-linux-gnu/libc.so.6
62# __libc_start_main in /lib/x86_64-linux-gnu/libc.so.6
63# 0x0000562A9757037A in <CONDA_ENV_PREFIX>/bin/python
----------
****

[21:01:35] UFFTYPER: Unrecognized atom type: S_5+6 (1)
[21:01:35] 

****
Pre-condition Violation
bad params pointer
Violation occurred on line 79 in file /home/conda/feedstock_root/build_artifacts/rdkit-meta_1745736747213/work/Code/ForceField/UFF/AngleBend.cpp
Failed Expression: at2Params
----------
Stacktrace:
 0# Invar::Invariant::toString[abi:cxx11]() const in <CONDA_ENV_PREFIX>/lib/python3.11/site-packages/rdkit/../../../libRDKitRDGeneral.so.1
 1# Invar::operator<<(std::ostream&, Invar::Invariant const&) in <CONDA_ENV_PREFIX>/lib/python3.11/site-packages/rdkit/../../../libRDKitRDGeneral.so.1
 2# ForceFields::UFF::AngleBendContrib::AngleBendContrib(ForceFields::ForceField*, unsigned int, unsigned int, unsigned int, double, double, ForceFields::UFF::AtomicParams const*, ForceFields::UFF::AtomicParams const*, ForceFields::UFF::AtomicParams const*, unsigned int) in <CONDA_ENV_PREFIX>/lib/python3.11/site-packages/rdkit/ForceField/../../../../libRDKitForceField.so.1
 3# RDKit::UFF::Tools::addTrigonalBipyramidAngles(RDKit::Atom const*, RDKit::ROMol const&, int, std::vector<ForceFields::UFF::AtomicParams const*, std::allocator<ForceFields::UFF::AtomicParams const*> > const&, ForceFields::ForceField*) in <CONDA_ENV_PREFIX>/lib/python3.11/site-packages/rdkit/ForceField/../../../../libRDKitForceFieldHelpers.so.1
 4# RDKit::UFF::Tools::addAngleSpecialCases(RDKit::ROMol const&, int, std::vector<ForceFields::UFF::AtomicParams const*, std::allocator<ForceFields::UFF::AtomicParams const*> > const&, ForceFields::ForceField*) in <CONDA_ENV_PREFIX>/lib/python3.11/site-packages/rdkit/ForceField/../../../../libRDKitForceFieldHelpers.so.1
 5# RDKit::UFF::constructForceField(RDKit::ROMol&, std::vector<ForceFields::UFF::AtomicParams const*, std::allocator<ForceFields::UFF::AtomicParams const*> > const&, double, int, bool) in <CONDA_ENV_PREFIX>/lib/python3.11/site-packages/rdkit/ForceField/../../../../libRDKitForceFieldHelpers.so.1
 6# RDKit::UFF::constructForceField(RDKit::ROMol&, double, int, bool) in <CONDA_ENV_PREFIX>/lib/python3.11/site-packages/rdkit/ForceField/../../../../libRDKitForceFieldHelpers.so.1
 7# RDKit::UFFHelper(RDKit::ROMol&, int, double, int, bool) in <CONDA_ENV_PREFIX>/lib/python3.11/site-packages/rdkit/Chem/rdForceFieldHelpers.so
 8# 0x00007FAB6461403D in <CONDA_ENV_PREFIX>/lib/python3.11/site-packages/rdkit/Chem/rdForceFieldHelpers.so
 9# boost::python::objects::function::call(_object*, _object*) const in <CONDA_ENV_PREFIX>/lib/python3.11/site-packages/rdkit/../../../libboost_python311.so.1.86.0
10# 0x00007FAB6656D449 in <CONDA_ENV_PREFIX>/lib/python3.11/site-packages/rdkit/../../../libboost_python311.so.1.86.0
11# boost::python::detail::exception_handler::operator()(boost::function_n<void> const&) const in <CONDA_ENV_PREFIX>/lib/python3.11/site-packages/rdkit/../../../libboost_python311.so.1.86.0
12# 0x00007FAB642CDC04 in <CONDA_ENV_PREFIX>/lib/python3.11/site-packages/rdkit/Chem/rdSLNParse.so
13# 0x00007FAB646BB354 in <CONDA_ENV_PREFIX>/lib/python3.11/site-packages/rdkit/Chem/rdDepictor.so
14# 0x00007FAB64959DD4 in <CONDA_ENV_PREFIX>/lib/python3.11/site-packages/rdkit/Chem/rdChemReactions.so
15# 0x00007FAB64959E24 in <CONDA_ENV_PREFIX>/lib/python3.11/site-packages/rdkit/Chem/rdChemReactions.so
16# 0x00007FAB64AD2B94 in <CONDA_ENV_PREFIX>/lib/python3.11/site-packages/rdkit/Chem/rdMolChemicalFeatures.so
17# 0x00007FAB6554A9B4 in <CONDA_ENV_PREFIX>/lib/python3.11/site-packages/rdkit/Chem/rdmolfiles.so
18# 0x00007FAB6554AA04 in <CONDA_ENV_PREFIX>/lib/python3.11/site-packages/rdkit/Chem/rdmolfiles.so
19# 0x00007FAB65664B04 in <CONDA_ENV_PREFIX>/lib/python3.11/site-packages/rdkit/Chem/rdCIPLabeler.so
20# 0x00007FAB66039174 in <CONDA_ENV_PREFIX>/lib/python3.11/site-packages/rdkit/Chem/rdchem.so
21# 0x00007FAB65FCDAAD in <CONDA_ENV_PREFIX>/lib/python3.11/site-packages/rdkit/Chem/rdchem.so
22# 0x00007FAB65FCD6AD in <CONDA_ENV_PREFIX>/lib/python3.11/site-packages/rdkit/Chem/rdchem.so
23# 0x00007FAB65FCD2AD in <CONDA_ENV_PREFIX>/lib/python3.11/site-packages/rdkit/Chem/rdchem.so
24# 0x00007FAB65FCCEAD in <CONDA_ENV_PREFIX>/lib/python3.11/site-packages/rdkit/Chem/rdchem.so
25# 0x00007FAB65FCCAAD in <CONDA_ENV_PREFIX>/lib/python3.11/site-packages/rdkit/Chem/rdchem.so
26# 0x00007FAB66641E54 in <CONDA_ENV_PREFIX>/lib/python3.11/site-packages/rdkit/rdBase.so
27# 0x00007FAB66641EA4 in <CONDA_ENV_PREFIX>/lib/python3.11/site-packages/rdkit/rdBase.so
28# 0x00007FAB66641EF4 in <CONDA_ENV_PREFIX>/lib/python3.11/site-packages/rdkit/rdBase.so
29# 0x00007FAB66641F44 in <CONDA_ENV_PREFIX>/lib/python3.11/site-packages/rdkit/rdBase.so
30# boost::python::handle_exception_impl(boost::function_n<void>) in <CONDA_ENV_PREFIX>/lib/python3.11/site-packages/rdkit/../../../libboost_python311.so.1.86.0
31# 0x00007FAB6656A9B3 in <CONDA_ENV_PREFIX>/lib/python3.11/site-packages/rdkit/../../../libboost_python311.so.1.86.0
32# _PyObject_MakeTpCall in <CONDA_ENV_PREFIX>/bin/python
33# _PyEval_EvalFrameDefault in <CONDA_ENV_PREFIX>/bin/python
34# _PyFunction_Vectorcall in <CONDA_ENV_PREFIX>/bin/python
35# 0x0000562A975F3C50 in <CONDA_ENV_PREFIX>/bin/python
36# 0x0000562A97509745 in <CONDA_ENV_PREFIX>/bin/python
37# 0x0000562A9753A1AA in <CONDA_ENV_PREFIX>/bin/python
38# PyObject_Vectorcall in <CONDA_ENV_PREFIX>/bin/python
39# _PyEval_EvalFrameDefault in <CONDA_ENV_PREFIX>/bin/python
40# _PyFunction_Vectorcall in <CONDA_ENV_PREFIX>/bin/python
41# _PyEval_EvalFrameDefault in <CONDA_ENV_PREFIX>/bin/python
42# _PyFunction_Vectorcall in <CONDA_ENV_PREFIX>/bin/python
43# _PyEval_EvalFrameDefault in <CONDA_ENV_PREFIX>/bin/python
44# _PyFunction_Vectorcall in <CONDA_ENV_PREFIX>/bin/python
45# 0x0000562A974F5979 in <CONDA_ENV_PREFIX>/bin/python
46# _PyObject_MakeTpCall in <CONDA_ENV_PREFIX>/bin/python
47# _PyEval_EvalFrameDefault in <CONDA_ENV_PREFIX>/bin/python
48# _PyFunction_Vectorcall in <CONDA_ENV_PREFIX>/bin/python
49# 0x0000562A974F5A1D in <CONDA_ENV_PREFIX>/bin/python
50# _PyObject_MakeTpCall in <CONDA_ENV_PREFIX>/bin/python
51# _PyEval_EvalFrameDefault in <CONDA_ENV_PREFIX>/bin/python
52# 0x0000562A97580B0D in <CONDA_ENV_PREFIX>/bin/python
53# PyEval_EvalCode in <CONDA_ENV_PREFIX>/bin/python
54# 0x0000562A9759E1AA in <CONDA_ENV_PREFIX>/bin/python
55# 0x0000562A97599E33 in <CONDA_ENV_PREFIX>/bin/python
56# 0x0000562A975AF3D0 in <CONDA_ENV_PREFIX>/bin/python
57# _PyRun_SimpleFileObject in <CONDA_ENV_PREFIX>/bin/python
58# _PyRun_AnyFileObject in <CONDA_ENV_PREFIX>/bin/python
59# Py_RunMain in <CONDA_ENV_PREFIX>/bin/python
60# Py_BytesMain in <CONDA_ENV_PREFIX>/bin/python
61# 0x00007FAB751F1D90 in /lib/x86_64-linux-gnu/libc.so.6
62# __libc_start_main in /lib/x86_64-linux-gnu/libc.so.6
63# 0x0000562A9757037A in <CONDA_ENV_PREFIX>/bin/python
----------
****

[21:01:36] UFFTYPER: Unrecognized atom type: S_5+6 (11)
[21:01:36] UFFTYPER: Unrecognized atom type: S_5+6 (11)
[21:01:36] 

****
Pre-condition Violation
bad params pointer
Violation occurred on line 79 in file /home/conda/feedstock_root/build_artifacts/rdkit-meta_1745736747213/work/Code/ForceField/UFF/AngleBend.cpp
Failed Expression: at2Params
----------
Stacktrace:
 0# Invar::Invariant::toString[abi:cxx11]() const in <CONDA_ENV_PREFIX>/lib/python3.11/site-packages/rdkit/../../../libRDKitRDGeneral.so.1
 1# Invar::operator<<(std::ostream&, Invar::Invariant const&) in <CONDA_ENV_PREFIX>/lib/python3.11/site-packages/rdkit/../../../libRDKitRDGeneral.so.1
 2# ForceFields::UFF::AngleBendContrib::AngleBendContrib(ForceFields::ForceField*, unsigned int, unsigned int, unsigned int, double, double, ForceFields::UFF::AtomicParams const*, ForceFields::UFF::AtomicParams const*, ForceFields::UFF::AtomicParams const*, unsigned int) in <CONDA_ENV_PREFIX>/lib/python3.11/site-packages/rdkit/ForceField/../../../../libRDKitForceField.so.1
 3# RDKit::UFF::Tools::addTrigonalBipyramidAngles(RDKit::Atom const*, RDKit::ROMol const&, int, std::vector<ForceFields::UFF::AtomicParams const*, std::allocator<ForceFields::UFF::AtomicParams const*> > const&, ForceFields::ForceField*) in <CONDA_ENV_PREFIX>/lib/python3.11/site-packages/rdkit/ForceField/../../../../libRDKitForceFieldHelpers.so.1
 4# RDKit::UFF::Tools::addAngleSpecialCases(RDKit::ROMol const&, int, std::vector<ForceFields::UFF::AtomicParams const*, std::allocator<ForceFields::UFF::AtomicParams const*> > const&, ForceFields::ForceField*) in <CONDA_ENV_PREFIX>/lib/python3.11/site-packages/rdkit/ForceField/../../../../libRDKitForceFieldHelpers.so.1
 5# RDKit::UFF::constructForceField(RDKit::ROMol&, std::vector<ForceFields::UFF::AtomicParams const*, std::allocator<ForceFields::UFF::AtomicParams const*> > const&, double, int, bool) in <CONDA_ENV_PREFIX>/lib/python3.11/site-packages/rdkit/ForceField/../../../../libRDKitForceFieldHelpers.so.1
 6# RDKit::UFF::constructForceField(RDKit::ROMol&, double, int, bool) in <CONDA_ENV_PREFIX>/lib/python3.11/site-packages/rdkit/ForceField/../../../../libRDKitForceFieldHelpers.so.1
 7# RDKit::UFFHelper(RDKit::ROMol&, int, double, int, bool) in <CONDA_ENV_PREFIX>/lib/python3.11/site-packages/rdkit/Chem/rdForceFieldHelpers.so
 8# 0x00007FAB6461403D in <CONDA_ENV_PREFIX>/lib/python3.11/site-packages/rdkit/Chem/rdForceFieldHelpers.so
 9# boost::python::objects::function::call(_object*, _object*) const in <CONDA_ENV_PREFIX>/lib/python3.11/site-packages/rdkit/../../../libboost_python311.so.1.86.0
10# 0x00007FAB6656D449 in <CONDA_ENV_PREFIX>/lib/python3.11/site-packages/rdkit/../../../libboost_python311.so.1.86.0
11# boost::python::detail::exception_handler::operator()(boost::function_n<void> const&) const in <CONDA_ENV_PREFIX>/lib/python3.11/site-packages/rdkit/../../../libboost_python311.so.1.86.0
12# 0x00007FAB642CDC04 in <CONDA_ENV_PREFIX>/lib/python3.11/site-packages/rdkit/Chem/rdSLNParse.so
13# 0x00007FAB646BB354 in <CONDA_ENV_PREFIX>/lib/python3.11/site-packages/rdkit/Chem/rdDepictor.so
14# 0x00007FAB64959DD4 in <CONDA_ENV_PREFIX>/lib/python3.11/site-packages/rdkit/Chem/rdChemReactions.so
15# 0x00007FAB64959E24 in <CONDA_ENV_PREFIX>/lib/python3.11/site-packages/rdkit/Chem/rdChemReactions.so
16# 0x00007FAB64AD2B94 in <CONDA_ENV_PREFIX>/lib/python3.11/site-packages/rdkit/Chem/rdMolChemicalFeatures.so
17# 0x00007FAB6554A9B4 in <CONDA_ENV_PREFIX>/lib/python3.11/site-packages/rdkit/Chem/rdmolfiles.so
18# 0x00007FAB6554AA04 in <CONDA_ENV_PREFIX>/lib/python3.11/site-packages/rdkit/Chem/rdmolfiles.so
19# 0x00007FAB65664B04 in <CONDA_ENV_PREFIX>/lib/python3.11/site-packages/rdkit/Chem/rdCIPLabeler.so
20# 0x00007FAB66039174 in <CONDA_ENV_PREFIX>/lib/python3.11/site-packages/rdkit/Chem/rdchem.so
21# 0x00007FAB65FCDAAD in <CONDA_ENV_PREFIX>/lib/python3.11/site-packages/rdkit/Chem/rdchem.so
22# 0x00007FAB65FCD6AD in <CONDA_ENV_PREFIX>/lib/python3.11/site-packages/rdkit/Chem/rdchem.so
23# 0x00007FAB65FCD2AD in <CONDA_ENV_PREFIX>/lib/python3.11/site-packages/rdkit/Chem/rdchem.so
24# 0x00007FAB65FCCEAD in <CONDA_ENV_PREFIX>/lib/python3.11/site-packages/rdkit/Chem/rdchem.so
25# 0x00007FAB65FCCAAD in <CONDA_ENV_PREFIX>/lib/python3.11/site-packages/rdkit/Chem/rdchem.so
26# 0x00007FAB66641E54 in <CONDA_ENV_PREFIX>/lib/python3.11/site-packages/rdkit/rdBase.so
27# 0x00007FAB66641EA4 in <CONDA_ENV_PREFIX>/lib/python3.11/site-packages/rdkit/rdBase.so
28# 0x00007FAB66641EF4 in <CONDA_ENV_PREFIX>/lib/python3.11/site-packages/rdkit/rdBase.so
29# 0x00007FAB66641F44 in <CONDA_ENV_PREFIX>/lib/python3.11/site-packages/rdkit/rdBase.so
30# boost::python::handle_exception_impl(boost::function_n<void>) in <CONDA_ENV_PREFIX>/lib/python3.11/site-packages/rdkit/../../../libboost_python311.so.1.86.0
31# 0x00007FAB6656A9B3 in <CONDA_ENV_PREFIX>/lib/python3.11/site-packages/rdkit/../../../libboost_python311.so.1.86.0
32# _PyObject_MakeTpCall in <CONDA_ENV_PREFIX>/bin/python
33# _PyEval_EvalFrameDefault in <CONDA_ENV_PREFIX>/bin/python
34# _PyFunction_Vectorcall in <CONDA_ENV_PREFIX>/bin/python
35# 0x0000562A975F3C50 in <CONDA_ENV_PREFIX>/bin/python
36# 0x0000562A97509745 in <CONDA_ENV_PREFIX>/bin/python
37# 0x0000562A9753A1AA in <CONDA_ENV_PREFIX>/bin/python
38# PyObject_Vectorcall in <CONDA_ENV_PREFIX>/bin/python
39# _PyEval_EvalFrameDefault in <CONDA_ENV_PREFIX>/bin/python
40# _PyFunction_Vectorcall in <CONDA_ENV_PREFIX>/bin/python
41# _PyEval_EvalFrameDefault in <CONDA_ENV_PREFIX>/bin/python
42# _PyFunction_Vectorcall in <CONDA_ENV_PREFIX>/bin/python
43# _PyEval_EvalFrameDefault in <CONDA_ENV_PREFIX>/bin/python
44# _PyFunction_Vectorcall in <CONDA_ENV_PREFIX>/bin/python
45# 0x0000562A974F5979 in <CONDA_ENV_PREFIX>/bin/python
46# _PyObject_MakeTpCall in <CONDA_ENV_PREFIX>/bin/python
47# _PyEval_EvalFrameDefault in <CONDA_ENV_PREFIX>/bin/python
48# _PyFunction_Vectorcall in <CONDA_ENV_PREFIX>/bin/python
49# 0x0000562A974F5A1D in <CONDA_ENV_PREFIX>/bin/python
50# _PyObject_MakeTpCall in <CONDA_ENV_PREFIX>/bin/python
51# _PyEval_EvalFrameDefault in <CONDA_ENV_PREFIX>/bin/python
52# 0x0000562A97580B0D in <CONDA_ENV_PREFIX>/bin/python
53# PyEval_EvalCode in <CONDA_ENV_PREFIX>/bin/python
54# 0x0000562A9759E1AA in <CONDA_ENV_PREFIX>/bin/python
55# 0x0000562A97599E33 in <CONDA_ENV_PREFIX>/bin/python
56# 0x0000562A975AF3D0 in <CONDA_ENV_PREFIX>/bin/python
57# _PyRun_SimpleFileObject in <CONDA_ENV_PREFIX>/bin/python
58# _PyRun_AnyFileObject in <CONDA_ENV_PREFIX>/bin/python
59# Py_RunMain in <CONDA_ENV_PREFIX>/bin/python
60# Py_BytesMain in <CONDA_ENV_PREFIX>/bin/python
61# 0x00007FAB751F1D90 in /lib/x86_64-linux-gnu/libc.so.6
62# __libc_start_main in /lib/x86_64-linux-gnu/libc.so.6
63# 0x0000562A9757037A in <CONDA_ENV_PREFIX>/bin/python
----------
****

[21:01:38] UFFTYPER: Unrecognized atom type: S_5+6 (11)
[21:01:38] UFFTYPER: Unrecognized atom type: S_5+6 (11)
[21:01:38] 

****
Pre-condition Violation
bad params pointer
Violation occurred on line 79 in file /home/conda/feedstock_root/build_artifacts/rdkit-meta_1745736747213/work/Code/ForceField/UFF/AngleBend.cpp
Failed Expression: at2Params
----------
Stacktrace:
 0# Invar::Invariant::toString[abi:cxx11]() const in <CONDA_ENV_PREFIX>/lib/python3.11/site-packages/rdkit/../../../libRDKitRDGeneral.so.1
 1# Invar::operator<<(std::ostream&, Invar::Invariant const&) in <CONDA_ENV_PREFIX>/lib/python3.11/site-packages/rdkit/../../../libRDKitRDGeneral.so.1
 2# ForceFields::UFF::AngleBendContrib::AngleBendContrib(ForceFields::ForceField*, unsigned int, unsigned int, unsigned int, double, double, ForceFields::UFF::AtomicParams const*, ForceFields::UFF::AtomicParams const*, ForceFields::UFF::AtomicParams const*, unsigned int) in <CONDA_ENV_PREFIX>/lib/python3.11/site-packages/rdkit/ForceField/../../../../libRDKitForceField.so.1
 3# RDKit::UFF::Tools::addTrigonalBipyramidAngles(RDKit::Atom const*, RDKit::ROMol const&, int, std::vector<ForceFields::UFF::AtomicParams const*, std::allocator<ForceFields::UFF::AtomicParams const*> > const&, ForceFields::ForceField*) in <CONDA_ENV_PREFIX>/lib/python3.11/site-packages/rdkit/ForceField/../../../../libRDKitForceFieldHelpers.so.1
 4# RDKit::UFF::Tools::addAngleSpecialCases(RDKit::ROMol const&, int, std::vector<ForceFields::UFF::AtomicParams const*, std::allocator<ForceFields::UFF::AtomicParams const*> > const&, ForceFields::ForceField*) in <CONDA_ENV_PREFIX>/lib/python3.11/site-packages/rdkit/ForceField/../../../../libRDKitForceFieldHelpers.so.1
 5# RDKit::UFF::constructForceField(RDKit::ROMol&, std::vector<ForceFields::UFF::AtomicParams const*, std::allocator<ForceFields::UFF::AtomicParams const*> > const&, double, int, bool) in <CONDA_ENV_PREFIX>/lib/python3.11/site-packages/rdkit/ForceField/../../../../libRDKitForceFieldHelpers.so.1
 6# RDKit::UFF::constructForceField(RDKit::ROMol&, double, int, bool) in <CONDA_ENV_PREFIX>/lib/python3.11/site-packages/rdkit/ForceField/../../../../libRDKitForceFieldHelpers.so.1
 7# RDKit::UFFHelper(RDKit::ROMol&, int, double, int, bool) in <CONDA_ENV_PREFIX>/lib/python3.11/site-packages/rdkit/Chem/rdForceFieldHelpers.so
 8# 0x00007FAB6461403D in <CONDA_ENV_PREFIX>/lib/python3.11/site-packages/rdkit/Chem/rdForceFieldHelpers.so
 9# boost::python::objects::function::call(_object*, _object*) const in <CONDA_ENV_PREFIX>/lib/python3.11/site-packages/rdkit/../../../libboost_python311.so.1.86.0
10# 0x00007FAB6656D449 in <CONDA_ENV_PREFIX>/lib/python3.11/site-packages/rdkit/../../../libboost_python311.so.1.86.0
11# boost::python::detail::exception_handler::operator()(boost::function_n<void> const&) const in <CONDA_ENV_PREFIX>/lib/python3.11/site-packages/rdkit/../../../libboost_python311.so.1.86.0
12# 0x00007FAB642CDC04 in <CONDA_ENV_PREFIX>/lib/python3.11/site-packages/rdkit/Chem/rdSLNParse.so
13# 0x00007FAB646BB354 in <CONDA_ENV_PREFIX>/lib/python3.11/site-packages/rdkit/Chem/rdDepictor.so
14# 0x00007FAB64959DD4 in <CONDA_ENV_PREFIX>/lib/python3.11/site-packages/rdkit/Chem/rdChemReactions.so
15# 0x00007FAB64959E24 in <CONDA_ENV_PREFIX>/lib/python3.11/site-packages/rdkit/Chem/rdChemReactions.so
16# 0x00007FAB64AD2B94 in <CONDA_ENV_PREFIX>/lib/python3.11/site-packages/rdkit/Chem/rdMolChemicalFeatures.so
17# 0x00007FAB6554A9B4 in <CONDA_ENV_PREFIX>/lib/python3.11/site-packages/rdkit/Chem/rdmolfiles.so
18# 0x00007FAB6554AA04 in <CONDA_ENV_PREFIX>/lib/python3.11/site-packages/rdkit/Chem/rdmolfiles.so
19# 0x00007FAB65664B04 in <CONDA_ENV_PREFIX>/lib/python3.11/site-packages/rdkit/Chem/rdCIPLabeler.so
20# 0x00007FAB66039174 in <CONDA_ENV_PREFIX>/lib/python3.11/site-packages/rdkit/Chem/rdchem.so
21# 0x00007FAB65FCDAAD in <CONDA_ENV_PREFIX>/lib/python3.11/site-packages/rdkit/Chem/rdchem.so
22# 0x00007FAB65FCD6AD in <CONDA_ENV_PREFIX>/lib/python3.11/site-packages/rdkit/Chem/rdchem.so
23# 0x00007FAB65FCD2AD in <CONDA_ENV_PREFIX>/lib/python3.11/site-packages/rdkit/Chem/rdchem.so
24# 0x00007FAB65FCCEAD in <CONDA_ENV_PREFIX>/lib/python3.11/site-packages/rdkit/Chem/rdchem.so
25# 0x00007FAB65FCCAAD in <CONDA_ENV_PREFIX>/lib/python3.11/site-packages/rdkit/Chem/rdchem.so
26# 0x00007FAB66641E54 in <CONDA_ENV_PREFIX>/lib/python3.11/site-packages/rdkit/rdBase.so
27# 0x00007FAB66641EA4 in <CONDA_ENV_PREFIX>/lib/python3.11/site-packages/rdkit/rdBase.so
28# 0x00007FAB66641EF4 in <CONDA_ENV_PREFIX>/lib/python3.11/site-packages/rdkit/rdBase.so
29# 0x00007FAB66641F44 in <CONDA_ENV_PREFIX>/lib/python3.11/site-packages/rdkit/rdBase.so
30# boost::python::handle_exception_impl(boost::function_n<void>) in <CONDA_ENV_PREFIX>/lib/python3.11/site-packages/rdkit/../../../libboost_python311.so.1.86.0
31# 0x00007FAB6656A9B3 in <CONDA_ENV_PREFIX>/lib/python3.11/site-packages/rdkit/../../../libboost_python311.so.1.86.0
32# _PyObject_MakeTpCall in <CONDA_ENV_PREFIX>/bin/python
33# _PyEval_EvalFrameDefault in <CONDA_ENV_PREFIX>/bin/python
34# _PyFunction_Vectorcall in <CONDA_ENV_PREFIX>/bin/python
35# 0x0000562A975F3C50 in <CONDA_ENV_PREFIX>/bin/python
36# 0x0000562A97509745 in <CONDA_ENV_PREFIX>/bin/python
37# 0x0000562A9753A1AA in <CONDA_ENV_PREFIX>/bin/python
38# PyObject_Vectorcall in <CONDA_ENV_PREFIX>/bin/python
39# _PyEval_EvalFrameDefault in <CONDA_ENV_PREFIX>/bin/python
40# _PyFunction_Vectorcall in <CONDA_ENV_PREFIX>/bin/python
41# _PyEval_EvalFrameDefault in <CONDA_ENV_PREFIX>/bin/python
42# _PyFunction_Vectorcall in <CONDA_ENV_PREFIX>/bin/python
43# _PyEval_EvalFrameDefault in <CONDA_ENV_PREFIX>/bin/python
44# _PyFunction_Vectorcall in <CONDA_ENV_PREFIX>/bin/python
45# 0x0000562A974F5979 in <CONDA_ENV_PREFIX>/bin/python
46# _PyObject_MakeTpCall in <CONDA_ENV_PREFIX>/bin/python
47# _PyEval_EvalFrameDefault in <CONDA_ENV_PREFIX>/bin/python
48# _PyFunction_Vectorcall in <CONDA_ENV_PREFIX>/bin/python
49# 0x0000562A974F5A1D in <CONDA_ENV_PREFIX>/bin/python
50# _PyObject_MakeTpCall in <CONDA_ENV_PREFIX>/bin/python
51# _PyEval_EvalFrameDefault in <CONDA_ENV_PREFIX>/bin/python
52# 0x0000562A97580B0D in <CONDA_ENV_PREFIX>/bin/python
53# PyEval_EvalCode in <CONDA_ENV_PREFIX>/bin/python
54# 0x0000562A9759E1AA in <CONDA_ENV_PREFIX>/bin/python
55# 0x0000562A97599E33 in <CONDA_ENV_PREFIX>/bin/python
56# 0x0000562A975AF3D0 in <CONDA_ENV_PREFIX>/bin/python
57# _PyRun_SimpleFileObject in <CONDA_ENV_PREFIX>/bin/python
58# _PyRun_AnyFileObject in <CONDA_ENV_PREFIX>/bin/python
59# Py_RunMain in <CONDA_ENV_PREFIX>/bin/python
60# Py_BytesMain in <CONDA_ENV_PREFIX>/bin/python
61# 0x00007FAB751F1D90 in /lib/x86_64-linux-gnu/libc.so.6
62# __libc_start_main in /lib/x86_64-linux-gnu/libc.so.6
63# 0x0000562A9757037A in <CONDA_ENV_PREFIX>/bin/python
----------
****

[21:01:39] UFFTYPER: Unrecognized atom type: S_5+6 (12)
[21:01:39] UFFTYPER: Unrecognized atom type: S_5+6 (12)
[21:01:39] 

****
Pre-condition Violation
bad params pointer
Violation occurred on line 79 in file /home/conda/feedstock_root/build_artifacts/rdkit-meta_1745736747213/work/Code/ForceField/UFF/AngleBend.cpp
Failed Expression: at2Params
----------
Stacktrace:
 0# Invar::Invariant::toString[abi:cxx11]() const in <CONDA_ENV_PREFIX>/lib/python3.11/site-packages/rdkit/../../../libRDKitRDGeneral.so.1
 1# Invar::operator<<(std::ostream&, Invar::Invariant const&) in <CONDA_ENV_PREFIX>/lib/python3.11/site-packages/rdkit/../../../libRDKitRDGeneral.so.1
 2# ForceFields::UFF::AngleBendContrib::AngleBendContrib(ForceFields::ForceField*, unsigned int, unsigned int, unsigned int, double, double, ForceFields::UFF::AtomicParams const*, ForceFields::UFF::AtomicParams const*, ForceFields::UFF::AtomicParams const*, unsigned int) in <CONDA_ENV_PREFIX>/lib/python3.11/site-packages/rdkit/ForceField/../../../../libRDKitForceField.so.1
 3# RDKit::UFF::Tools::addTrigonalBipyramidAngles(RDKit::Atom const*, RDKit::ROMol const&, int, std::vector<ForceFields::UFF::AtomicParams const*, std::allocator<ForceFields::UFF::AtomicParams const*> > const&, ForceFields::ForceField*) in <CONDA_ENV_PREFIX>/lib/python3.11/site-packages/rdkit/ForceField/../../../../libRDKitForceFieldHelpers.so.1
 4# RDKit::UFF::Tools::addAngleSpecialCases(RDKit::ROMol const&, int, std::vector<ForceFields::UFF::AtomicParams const*, std::allocator<ForceFields::UFF::AtomicParams const*> > const&, ForceFields::ForceField*) in <CONDA_ENV_PREFIX>/lib/python3.11/site-packages/rdkit/ForceField/../../../../libRDKitForceFieldHelpers.so.1
 5# RDKit::UFF::constructForceField(RDKit::ROMol&, std::vector<ForceFields::UFF::AtomicParams const*, std::allocator<ForceFields::UFF::AtomicParams const*> > const&, double, int, bool) in <CONDA_ENV_PREFIX>/lib/python3.11/site-packages/rdkit/ForceField/../../../../libRDKitForceFieldHelpers.so.1
 6# RDKit::UFF::constructForceField(RDKit::ROMol&, double, int, bool) in <CONDA_ENV_PREFIX>/lib/python3.11/site-packages/rdkit/ForceField/../../../../libRDKitForceFieldHelpers.so.1
 7# RDKit::UFFHelper(RDKit::ROMol&, int, double, int, bool) in <CONDA_ENV_PREFIX>/lib/python3.11/site-packages/rdkit/Chem/rdForceFieldHelpers.so
 8# 0x00007FAB6461403D in <CONDA_ENV_PREFIX>/lib/python3.11/site-packages/rdkit/Chem/rdForceFieldHelpers.so
 9# boost::python::objects::function::call(_object*, _object*) const in <CONDA_ENV_PREFIX>/lib/python3.11/site-packages/rdkit/../../../libboost_python311.so.1.86.0
10# 0x00007FAB6656D449 in <CONDA_ENV_PREFIX>/lib/python3.11/site-packages/rdkit/../../../libboost_python311.so.1.86.0
11# boost::python::detail::exception_handler::operator()(boost::function_n<void> const&) const in <CONDA_ENV_PREFIX>/lib/python3.11/site-packages/rdkit/../../../libboost_python311.so.1.86.0
12# 0x00007FAB642CDC04 in <CONDA_ENV_PREFIX>/lib/python3.11/site-packages/rdkit/Chem/rdSLNParse.so
13# 0x00007FAB646BB354 in <CONDA_ENV_PREFIX>/lib/python3.11/site-packages/rdkit/Chem/rdDepictor.so
14# 0x00007FAB64959DD4 in <CONDA_ENV_PREFIX>/lib/python3.11/site-packages/rdkit/Chem/rdChemReactions.so
15# 0x00007FAB64959E24 in <CONDA_ENV_PREFIX>/lib/python3.11/site-packages/rdkit/Chem/rdChemReactions.so
16# 0x00007FAB64AD2B94 in <CONDA_ENV_PREFIX>/lib/python3.11/site-packages/rdkit/Chem/rdMolChemicalFeatures.so
17# 0x00007FAB6554A9B4 in <CONDA_ENV_PREFIX>/lib/python3.11/site-packages/rdkit/Chem/rdmolfiles.so
18# 0x00007FAB6554AA04 in <CONDA_ENV_PREFIX>/lib/python3.11/site-packages/rdkit/Chem/rdmolfiles.so
19# 0x00007FAB65664B04 in <CONDA_ENV_PREFIX>/lib/python3.11/site-packages/rdkit/Chem/rdCIPLabeler.so
20# 0x00007FAB66039174 in <CONDA_ENV_PREFIX>/lib/python3.11/site-packages/rdkit/Chem/rdchem.so
21# 0x00007FAB65FCDAAD in <CONDA_ENV_PREFIX>/lib/python3.11/site-packages/rdkit/Chem/rdchem.so
22# 0x00007FAB65FCD6AD in <CONDA_ENV_PREFIX>/lib/python3.11/site-packages/rdkit/Chem/rdchem.so
23# 0x00007FAB65FCD2AD in <CONDA_ENV_PREFIX>/lib/python3.11/site-packages/rdkit/Chem/rdchem.so
24# 0x00007FAB65FCCEAD in <CONDA_ENV_PREFIX>/lib/python3.11/site-packages/rdkit/Chem/rdchem.so
25# 0x00007FAB65FCCAAD in <CONDA_ENV_PREFIX>/lib/python3.11/site-packages/rdkit/Chem/rdchem.so
26# 0x00007FAB66641E54 in <CONDA_ENV_PREFIX>/lib/python3.11/site-packages/rdkit/rdBase.so
27# 0x00007FAB66641EA4 in <CONDA_ENV_PREFIX>/lib/python3.11/site-packages/rdkit/rdBase.so
28# 0x00007FAB66641EF4 in <CONDA_ENV_PREFIX>/lib/python3.11/site-packages/rdkit/rdBase.so
29# 0x00007FAB66641F44 in <CONDA_ENV_PREFIX>/lib/python3.11/site-packages/rdkit/rdBase.so
30# boost::python::handle_exception_impl(boost::function_n<void>) in <CONDA_ENV_PREFIX>/lib/python3.11/site-packages/rdkit/../../../libboost_python311.so.1.86.0
31# 0x00007FAB6656A9B3 in <CONDA_ENV_PREFIX>/lib/python3.11/site-packages/rdkit/../../../libboost_python311.so.1.86.0
32# _PyObject_MakeTpCall in <CONDA_ENV_PREFIX>/bin/python
33# _PyEval_EvalFrameDefault in <CONDA_ENV_PREFIX>/bin/python
34# _PyFunction_Vectorcall in <CONDA_ENV_PREFIX>/bin/python
35# 0x0000562A975F3C50 in <CONDA_ENV_PREFIX>/bin/python
36# 0x0000562A97509745 in <CONDA_ENV_PREFIX>/bin/python
37# 0x0000562A9753A1AA in <CONDA_ENV_PREFIX>/bin/python
38# PyObject_Vectorcall in <CONDA_ENV_PREFIX>/bin/python
39# _PyEval_EvalFrameDefault in <CONDA_ENV_PREFIX>/bin/python
40# _PyFunction_Vectorcall in <CONDA_ENV_PREFIX>/bin/python
41# _PyEval_EvalFrameDefault in <CONDA_ENV_PREFIX>/bin/python
42# _PyFunction_Vectorcall in <CONDA_ENV_PREFIX>/bin/python
43# _PyEval_EvalFrameDefault in <CONDA_ENV_PREFIX>/bin/python
44# _PyFunction_Vectorcall in <CONDA_ENV_PREFIX>/bin/python
45# 0x0000562A974F5979 in <CONDA_ENV_PREFIX>/bin/python
46# _PyObject_MakeTpCall in <CONDA_ENV_PREFIX>/bin/python
47# _PyEval_EvalFrameDefault in <CONDA_ENV_PREFIX>/bin/python
48# _PyFunction_Vectorcall in <CONDA_ENV_PREFIX>/bin/python
49# 0x0000562A974F5A1D in <CONDA_ENV_PREFIX>/bin/python
50# _PyObject_MakeTpCall in <CONDA_ENV_PREFIX>/bin/python
51# _PyEval_EvalFrameDefault in <CONDA_ENV_PREFIX>/bin/python
52# 0x0000562A97580B0D in <CONDA_ENV_PREFIX>/bin/python
53# PyEval_EvalCode in <CONDA_ENV_PREFIX>/bin/python
54# 0x0000562A9759E1AA in <CONDA_ENV_PREFIX>/bin/python
55# 0x0000562A97599E33 in <CONDA_ENV_PREFIX>/bin/python
56# 0x0000562A975AF3D0 in <CONDA_ENV_PREFIX>/bin/python
57# _PyRun_SimpleFileObject in <CONDA_ENV_PREFIX>/bin/python
58# _PyRun_AnyFileObject in <CONDA_ENV_PREFIX>/bin/python
59# Py_RunMain in <CONDA_ENV_PREFIX>/bin/python
60# Py_BytesMain in <CONDA_ENV_PREFIX>/bin/python
61# 0x00007FAB751F1D90 in /lib/x86_64-linux-gnu/libc.so.6
62# __libc_start_main in /lib/x86_64-linux-gnu/libc.so.6
63# 0x0000562A9757037A in <CONDA_ENV_PREFIX>/bin/python
----------
****

[21:01:40] UFFTYPER: Unrecognized atom type: S_5+6 (12)
[21:01:40] UFFTYPER: Unrecognized atom type: S_5+6 (12)
[21:01:40] 

****
Pre-condition Violation
bad params pointer
Violation occurred on line 79 in file /home/conda/feedstock_root/build_artifacts/rdkit-meta_1745736747213/work/Code/ForceField/UFF/AngleBend.cpp
Failed Expression: at2Params
----------
Stacktrace:
 0# Invar::Invariant::toString[abi:cxx11]() const in <CONDA_ENV_PREFIX>/lib/python3.11/site-packages/rdkit/../../../libRDKitRDGeneral.so.1
 1# Invar::operator<<(std::ostream&, Invar::Invariant const&) in <CONDA_ENV_PREFIX>/lib/python3.11/site-packages/rdkit/../../../libRDKitRDGeneral.so.1
 2# ForceFields::UFF::AngleBendContrib::AngleBendContrib(ForceFields::ForceField*, unsigned int, unsigned int, unsigned int, double, double, ForceFields::UFF::AtomicParams const*, ForceFields::UFF::AtomicParams const*, ForceFields::UFF::AtomicParams const*, unsigned int) in <CONDA_ENV_PREFIX>/lib/python3.11/site-packages/rdkit/ForceField/../../../../libRDKitForceField.so.1
 3# RDKit::UFF::Tools::addTrigonalBipyramidAngles(RDKit::Atom const*, RDKit::ROMol const&, int, std::vector<ForceFields::UFF::AtomicParams const*, std::allocator<ForceFields::UFF::AtomicParams const*> > const&, ForceFields::ForceField*) in <CONDA_ENV_PREFIX>/lib/python3.11/site-packages/rdkit/ForceField/../../../../libRDKitForceFieldHelpers.so.1
 4# RDKit::UFF::Tools::addAngleSpecialCases(RDKit::ROMol const&, int, std::vector<ForceFields::UFF::AtomicParams const*, std::allocator<ForceFields::UFF::AtomicParams const*> > const&, ForceFields::ForceField*) in <CONDA_ENV_PREFIX>/lib/python3.11/site-packages/rdkit/ForceField/../../../../libRDKitForceFieldHelpers.so.1
 5# RDKit::UFF::constructForceField(RDKit::ROMol&, std::vector<ForceFields::UFF::AtomicParams const*, std::allocator<ForceFields::UFF::AtomicParams const*> > const&, double, int, bool) in <CONDA_ENV_PREFIX>/lib/python3.11/site-packages/rdkit/ForceField/../../../../libRDKitForceFieldHelpers.so.1
 6# RDKit::UFF::constructForceField(RDKit::ROMol&, double, int, bool) in <CONDA_ENV_PREFIX>/lib/python3.11/site-packages/rdkit/ForceField/../../../../libRDKitForceFieldHelpers.so.1
 7# RDKit::UFFHelper(RDKit::ROMol&, int, double, int, bool) in <CONDA_ENV_PREFIX>/lib/python3.11/site-packages/rdkit/Chem/rdForceFieldHelpers.so
 8# 0x00007FAB6461403D in <CONDA_ENV_PREFIX>/lib/python3.11/site-packages/rdkit/Chem/rdForceFieldHelpers.so
 9# boost::python::objects::function::call(_object*, _object*) const in <CONDA_ENV_PREFIX>/lib/python3.11/site-packages/rdkit/../../../libboost_python311.so.1.86.0
10# 0x00007FAB6656D449 in <CONDA_ENV_PREFIX>/lib/python3.11/site-packages/rdkit/../../../libboost_python311.so.1.86.0
11# boost::python::detail::exception_handler::operator()(boost::function_n<void> const&) const in <CONDA_ENV_PREFIX>/lib/python3.11/site-packages/rdkit/../../../libboost_python311.so.1.86.0
12# 0x00007FAB642CDC04 in <CONDA_ENV_PREFIX>/lib/python3.11/site-packages/rdkit/Chem/rdSLNParse.so
13# 0x00007FAB646BB354 in <CONDA_ENV_PREFIX>/lib/python3.11/site-packages/rdkit/Chem/rdDepictor.so
14# 0x00007FAB64959DD4 in <CONDA_ENV_PREFIX>/lib/python3.11/site-packages/rdkit/Chem/rdChemReactions.so
15# 0x00007FAB64959E24 in <CONDA_ENV_PREFIX>/lib/python3.11/site-packages/rdkit/Chem/rdChemReactions.so
16# 0x00007FAB64AD2B94 in <CONDA_ENV_PREFIX>/lib/python3.11/site-packages/rdkit/Chem/rdMolChemicalFeatures.so
17# 0x00007FAB6554A9B4 in <CONDA_ENV_PREFIX>/lib/python3.11/site-packages/rdkit/Chem/rdmolfiles.so
18# 0x00007FAB6554AA04 in <CONDA_ENV_PREFIX>/lib/python3.11/site-packages/rdkit/Chem/rdmolfiles.so
19# 0x00007FAB65664B04 in <CONDA_ENV_PREFIX>/lib/python3.11/site-packages/rdkit/Chem/rdCIPLabeler.so
20# 0x00007FAB66039174 in <CONDA_ENV_PREFIX>/lib/python3.11/site-packages/rdkit/Chem/rdchem.so
21# 0x00007FAB65FCDAAD in <CONDA_ENV_PREFIX>/lib/python3.11/site-packages/rdkit/Chem/rdchem.so
22# 0x00007FAB65FCD6AD in <CONDA_ENV_PREFIX>/lib/python3.11/site-packages/rdkit/Chem/rdchem.so
23# 0x00007FAB65FCD2AD in <CONDA_ENV_PREFIX>/lib/python3.11/site-packages/rdkit/Chem/rdchem.so
24# 0x00007FAB65FCCEAD in <CONDA_ENV_PREFIX>/lib/python3.11/site-packages/rdkit/Chem/rdchem.so
25# 0x00007FAB65FCCAAD in <CONDA_ENV_PREFIX>/lib/python3.11/site-packages/rdkit/Chem/rdchem.so
26# 0x00007FAB66641E54 in <CONDA_ENV_PREFIX>/lib/python3.11/site-packages/rdkit/rdBase.so
27# 0x00007FAB66641EA4 in <CONDA_ENV_PREFIX>/lib/python3.11/site-packages/rdkit/rdBase.so
28# 0x00007FAB66641EF4 in <CONDA_ENV_PREFIX>/lib/python3.11/site-packages/rdkit/rdBase.so
29# 0x00007FAB66641F44 in <CONDA_ENV_PREFIX>/lib/python3.11/site-packages/rdkit/rdBase.so
30# boost::python::handle_exception_impl(boost::function_n<void>) in <CONDA_ENV_PREFIX>/lib/python3.11/site-packages/rdkit/../../../libboost_python311.so.1.86.0
31# 0x00007FAB6656A9B3 in <CONDA_ENV_PREFIX>/lib/python3.11/site-packages/rdkit/../../../libboost_python311.so.1.86.0
32# _PyObject_MakeTpCall in <CONDA_ENV_PREFIX>/bin/python
33# _PyEval_EvalFrameDefault in <CONDA_ENV_PREFIX>/bin/python
34# _PyFunction_Vectorcall in <CONDA_ENV_PREFIX>/bin/python
35# 0x0000562A975F3C50 in <CONDA_ENV_PREFIX>/bin/python
36# 0x0000562A97509745 in <CONDA_ENV_PREFIX>/bin/python
37# 0x0000562A9753A1AA in <CONDA_ENV_PREFIX>/bin/python
38# PyObject_Vectorcall in <CONDA_ENV_PREFIX>/bin/python
39# _PyEval_EvalFrameDefault in <CONDA_ENV_PREFIX>/bin/python
40# _PyFunction_Vectorcall in <CONDA_ENV_PREFIX>/bin/python
41# _PyEval_EvalFrameDefault in <CONDA_ENV_PREFIX>/bin/python
42# _PyFunction_Vectorcall in <CONDA_ENV_PREFIX>/bin/python
43# _PyEval_EvalFrameDefault in <CONDA_ENV_PREFIX>/bin/python
44# _PyFunction_Vectorcall in <CONDA_ENV_PREFIX>/bin/python
45# 0x0000562A974F5979 in <CONDA_ENV_PREFIX>/bin/python
46# _PyObject_MakeTpCall in <CONDA_ENV_PREFIX>/bin/python
47# _PyEval_EvalFrameDefault in <CONDA_ENV_PREFIX>/bin/python
48# _PyFunction_Vectorcall in <CONDA_ENV_PREFIX>/bin/python
49# 0x0000562A974F5A1D in <CONDA_ENV_PREFIX>/bin/python
50# _PyObject_MakeTpCall in <CONDA_ENV_PREFIX>/bin/python
51# _PyEval_EvalFrameDefault in <CONDA_ENV_PREFIX>/bin/python
52# 0x0000562A97580B0D in <CONDA_ENV_PREFIX>/bin/python
53# PyEval_EvalCode in <CONDA_ENV_PREFIX>/bin/python
54# 0x0000562A9759E1AA in <CONDA_ENV_PREFIX>/bin/python
55# 0x0000562A97599E33 in <CONDA_ENV_PREFIX>/bin/python
56# 0x0000562A975AF3D0 in <CONDA_ENV_PREFIX>/bin/python
57# _PyRun_SimpleFileObject in <CONDA_ENV_PREFIX>/bin/python
58# _PyRun_AnyFileObject in <CONDA_ENV_PREFIX>/bin/python
59# Py_RunMain in <CONDA_ENV_PREFIX>/bin/python
60# Py_BytesMain in <CONDA_ENV_PREFIX>/bin/python
61# 0x00007FAB751F1D90 in /lib/x86_64-linux-gnu/libc.so.6
62# __libc_start_main in /lib/x86_64-linux-gnu/libc.so.6
63# 0x0000562A9757037A in <CONDA_ENV_PREFIX>/bin/python
----------
****

[21:01:41] UFFTYPER: Unrecognized atom type: S_5+6 (1)
[21:01:41] UFFTYPER: Unrecognized atom type: S_5+6 (1)
[21:01:41] 

****
Pre-condition Violation
bad params pointer
Violation occurred on line 79 in file /home/conda/feedstock_root/build_artifacts/rdkit-meta_1745736747213/work/Code/ForceField/UFF/AngleBend.cpp
Failed Expression: at2Params
----------
Stacktrace:
 0# Invar::Invariant::toString[abi:cxx11]() const in <CONDA_ENV_PREFIX>/lib/python3.11/site-packages/rdkit/../../../libRDKitRDGeneral.so.1
 1# Invar::operator<<(std::ostream&, Invar::Invariant const&) in <CONDA_ENV_PREFIX>/lib/python3.11/site-packages/rdkit/../../../libRDKitRDGeneral.so.1
 2# ForceFields::UFF::AngleBendContrib::AngleBendContrib(ForceFields::ForceField*, unsigned int, unsigned int, unsigned int, double, double, ForceFields::UFF::AtomicParams const*, ForceFields::UFF::AtomicParams const*, ForceFields::UFF::AtomicParams const*, unsigned int) in <CONDA_ENV_PREFIX>/lib/python3.11/site-packages/rdkit/ForceField/../../../../libRDKitForceField.so.1
 3# RDKit::UFF::Tools::addTrigonalBipyramidAngles(RDKit::Atom const*, RDKit::ROMol const&, int, std::vector<ForceFields::UFF::AtomicParams const*, std::allocator<ForceFields::UFF::AtomicParams const*> > const&, ForceFields::ForceField*) in <CONDA_ENV_PREFIX>/lib/python3.11/site-packages/rdkit/ForceField/../../../../libRDKitForceFieldHelpers.so.1
 4# RDKit::UFF::Tools::addAngleSpecialCases(RDKit::ROMol const&, int, std::vector<ForceFields::UFF::AtomicParams const*, std::allocator<ForceFields::UFF::AtomicParams const*> > const&, ForceFields::ForceField*) in <CONDA_ENV_PREFIX>/lib/python3.11/site-packages/rdkit/ForceField/../../../../libRDKitForceFieldHelpers.so.1
 5# RDKit::UFF::constructForceField(RDKit::ROMol&, std::vector<ForceFields::UFF::AtomicParams const*, std::allocator<ForceFields::UFF::AtomicParams const*> > const&, double, int, bool) in <CONDA_ENV_PREFIX>/lib/python3.11/site-packages/rdkit/ForceField/../../../../libRDKitForceFieldHelpers.so.1
 6# RDKit::UFF::constructForceField(RDKit::ROMol&, double, int, bool) in <CONDA_ENV_PREFIX>/lib/python3.11/site-packages/rdkit/ForceField/../../../../libRDKitForceFieldHelpers.so.1
 7# RDKit::UFFHelper(RDKit::ROMol&, int, double, int, bool) in <CONDA_ENV_PREFIX>/lib/python3.11/site-packages/rdkit/Chem/rdForceFieldHelpers.so
 8# 0x00007FAB6461403D in <CONDA_ENV_PREFIX>/lib/python3.11/site-packages/rdkit/Chem/rdForceFieldHelpers.so
 9# boost::python::objects::function::call(_object*, _object*) const in <CONDA_ENV_PREFIX>/lib/python3.11/site-packages/rdkit/../../../libboost_python311.so.1.86.0
10# 0x00007FAB6656D449 in <CONDA_ENV_PREFIX>/lib/python3.11/site-packages/rdkit/../../../libboost_python311.so.1.86.0
11# boost::python::detail::exception_handler::operator()(boost::function_n<void> const&) const in <CONDA_ENV_PREFIX>/lib/python3.11/site-packages/rdkit/../../../libboost_python311.so.1.86.0
12# 0x00007FAB642CDC04 in <CONDA_ENV_PREFIX>/lib/python3.11/site-packages/rdkit/Chem/rdSLNParse.so
13# 0x00007FAB646BB354 in <CONDA_ENV_PREFIX>/lib/python3.11/site-packages/rdkit/Chem/rdDepictor.so
14# 0x00007FAB64959DD4 in <CONDA_ENV_PREFIX>/lib/python3.11/site-packages/rdkit/Chem/rdChemReactions.so
15# 0x00007FAB64959E24 in <CONDA_ENV_PREFIX>/lib/python3.11/site-packages/rdkit/Chem/rdChemReactions.so
16# 0x00007FAB64AD2B94 in <CONDA_ENV_PREFIX>/lib/python3.11/site-packages/rdkit/Chem/rdMolChemicalFeatures.so
17# 0x00007FAB6554A9B4 in <CONDA_ENV_PREFIX>/lib/python3.11/site-packages/rdkit/Chem/rdmolfiles.so
18# 0x00007FAB6554AA04 in <CONDA_ENV_PREFIX>/lib/python3.11/site-packages/rdkit/Chem/rdmolfiles.so
19# 0x00007FAB65664B04 in <CONDA_ENV_PREFIX>/lib/python3.11/site-packages/rdkit/Chem/rdCIPLabeler.so
20# 0x00007FAB66039174 in <CONDA_ENV_PREFIX>/lib/python3.11/site-packages/rdkit/Chem/rdchem.so
21# 0x00007FAB65FCDAAD in <CONDA_ENV_PREFIX>/lib/python3.11/site-packages/rdkit/Chem/rdchem.so
22# 0x00007FAB65FCD6AD in <CONDA_ENV_PREFIX>/lib/python3.11/site-packages/rdkit/Chem/rdchem.so
23# 0x00007FAB65FCD2AD in <CONDA_ENV_PREFIX>/lib/python3.11/site-packages/rdkit/Chem/rdchem.so
24# 0x00007FAB65FCCEAD in <CONDA_ENV_PREFIX>/lib/python3.11/site-packages/rdkit/Chem/rdchem.so
25# 0x00007FAB65FCCAAD in <CONDA_ENV_PREFIX>/lib/python3.11/site-packages/rdkit/Chem/rdchem.so
26# 0x00007FAB66641E54 in <CONDA_ENV_PREFIX>/lib/python3.11/site-packages/rdkit/rdBase.so
27# 0x00007FAB66641EA4 in <CONDA_ENV_PREFIX>/lib/python3.11/site-packages/rdkit/rdBase.so
28# 0x00007FAB66641EF4 in <CONDA_ENV_PREFIX>/lib/python3.11/site-packages/rdkit/rdBase.so
29# 0x00007FAB66641F44 in <CONDA_ENV_PREFIX>/lib/python3.11/site-packages/rdkit/rdBase.so
30# boost::python::handle_exception_impl(boost::function_n<void>) in <CONDA_ENV_PREFIX>/lib/python3.11/site-packages/rdkit/../../../libboost_python311.so.1.86.0
31# 0x00007FAB6656A9B3 in <CONDA_ENV_PREFIX>/lib/python3.11/site-packages/rdkit/../../../libboost_python311.so.1.86.0
32# _PyObject_MakeTpCall in <CONDA_ENV_PREFIX>/bin/python
33# _PyEval_EvalFrameDefault in <CONDA_ENV_PREFIX>/bin/python
34# _PyFunction_Vectorcall in <CONDA_ENV_PREFIX>/bin/python
35# 0x0000562A975F3C50 in <CONDA_ENV_PREFIX>/bin/python
36# 0x0000562A97509745 in <CONDA_ENV_PREFIX>/bin/python
37# 0x0000562A9753A1AA in <CONDA_ENV_PREFIX>/bin/python
38# PyObject_Vectorcall in <CONDA_ENV_PREFIX>/bin/python
39# _PyEval_EvalFrameDefault in <CONDA_ENV_PREFIX>/bin/python
40# _PyFunction_Vectorcall in <CONDA_ENV_PREFIX>/bin/python
41# _PyEval_EvalFrameDefault in <CONDA_ENV_PREFIX>/bin/python
42# _PyFunction_Vectorcall in <CONDA_ENV_PREFIX>/bin/python
43# _PyEval_EvalFrameDefault in <CONDA_ENV_PREFIX>/bin/python
44# _PyFunction_Vectorcall in <CONDA_ENV_PREFIX>/bin/python
45# 0x0000562A974F5979 in <CONDA_ENV_PREFIX>/bin/python
46# _PyObject_MakeTpCall in <CONDA_ENV_PREFIX>/bin/python
47# _PyEval_EvalFrameDefault in <CONDA_ENV_PREFIX>/bin/python
48# _PyFunction_Vectorcall in <CONDA_ENV_PREFIX>/bin/python
49# 0x0000562A974F5A1D in <CONDA_ENV_PREFIX>/bin/python
50# _PyObject_MakeTpCall in <CONDA_ENV_PREFIX>/bin/python
51# _PyEval_EvalFrameDefault in <CONDA_ENV_PREFIX>/bin/python
52# 0x0000562A97580B0D in <CONDA_ENV_PREFIX>/bin/python
53# PyEval_EvalCode in <CONDA_ENV_PREFIX>/bin/python
54# 0x0000562A9759E1AA in <CONDA_ENV_PREFIX>/bin/python
55# 0x0000562A97599E33 in <CONDA_ENV_PREFIX>/bin/python
56# 0x0000562A975AF3D0 in <CONDA_ENV_PREFIX>/bin/python
57# _PyRun_SimpleFileObject in <CONDA_ENV_PREFIX>/bin/python
58# _PyRun_AnyFileObject in <CONDA_ENV_PREFIX>/bin/python
59# Py_RunMain in <CONDA_ENV_PREFIX>/bin/python
60# Py_BytesMain in <CONDA_ENV_PREFIX>/bin/python
61# 0x00007FAB751F1D90 in /lib/x86_64-linux-gnu/libc.so.6
62# __libc_start_main in /lib/x86_64-linux-gnu/libc.so.6
63# 0x0000562A9757037A in <CONDA_ENV_PREFIX>/bin/python
----------
****

[21:01:42] UFFTYPER: Unrecognized atom type: S_5+6 (12)
[21:01:42] UFFTYPER: Unrecognized atom type: S_5+6 (12)
[21:01:42] 

****
Pre-condition Violation
bad params pointer
Violation occurred on line 79 in file /home/conda/feedstock_root/build_artifacts/rdkit-meta_1745736747213/work/Code/ForceField/UFF/AngleBend.cpp
Failed Expression: at2Params
----------
Stacktrace:
 0# Invar::Invariant::toString[abi:cxx11]() const in <CONDA_ENV_PREFIX>/lib/python3.11/site-packages/rdkit/../../../libRDKitRDGeneral.so.1
 1# Invar::operator<<(std::ostream&, Invar::Invariant const&) in <CONDA_ENV_PREFIX>/lib/python3.11/site-packages/rdkit/../../../libRDKitRDGeneral.so.1
 2# ForceFields::UFF::AngleBendContrib::AngleBendContrib(ForceFields::ForceField*, unsigned int, unsigned int, unsigned int, double, double, ForceFields::UFF::AtomicParams const*, ForceFields::UFF::AtomicParams const*, ForceFields::UFF::AtomicParams const*, unsigned int) in <CONDA_ENV_PREFIX>/lib/python3.11/site-packages/rdkit/ForceField/../../../../libRDKitForceField.so.1
 3# RDKit::UFF::Tools::addTrigonalBipyramidAngles(RDKit::Atom const*, RDKit::ROMol const&, int, std::vector<ForceFields::UFF::AtomicParams const*, std::allocator<ForceFields::UFF::AtomicParams const*> > const&, ForceFields::ForceField*) in <CONDA_ENV_PREFIX>/lib/python3.11/site-packages/rdkit/ForceField/../../../../libRDKitForceFieldHelpers.so.1
 4# RDKit::UFF::Tools::addAngleSpecialCases(RDKit::ROMol const&, int, std::vector<ForceFields::UFF::AtomicParams const*, std::allocator<ForceFields::UFF::AtomicParams const*> > const&, ForceFields::ForceField*) in <CONDA_ENV_PREFIX>/lib/python3.11/site-packages/rdkit/ForceField/../../../../libRDKitForceFieldHelpers.so.1
 5# RDKit::UFF::constructForceField(RDKit::ROMol&, std::vector<ForceFields::UFF::AtomicParams const*, std::allocator<ForceFields::UFF::AtomicParams const*> > const&, double, int, bool) in <CONDA_ENV_PREFIX>/lib/python3.11/site-packages/rdkit/ForceField/../../../../libRDKitForceFieldHelpers.so.1
 6# RDKit::UFF::constructForceField(RDKit::ROMol&, double, int, bool) in <CONDA_ENV_PREFIX>/lib/python3.11/site-packages/rdkit/ForceField/../../../../libRDKitForceFieldHelpers.so.1
 7# RDKit::UFFHelper(RDKit::ROMol&, int, double, int, bool) in <CONDA_ENV_PREFIX>/lib/python3.11/site-packages/rdkit/Chem/rdForceFieldHelpers.so
 8# 0x00007FAB6461403D in <CONDA_ENV_PREFIX>/lib/python3.11/site-packages/rdkit/Chem/rdForceFieldHelpers.so
 9# boost::python::objects::function::call(_object*, _object*) const in <CONDA_ENV_PREFIX>/lib/python3.11/site-packages/rdkit/../../../libboost_python311.so.1.86.0
10# 0x00007FAB6656D449 in <CONDA_ENV_PREFIX>/lib/python3.11/site-packages/rdkit/../../../libboost_python311.so.1.86.0
11# boost::python::detail::exception_handler::operator()(boost::function_n<void> const&) const in <CONDA_ENV_PREFIX>/lib/python3.11/site-packages/rdkit/../../../libboost_python311.so.1.86.0
12# 0x00007FAB642CDC04 in <CONDA_ENV_PREFIX>/lib/python3.11/site-packages/rdkit/Chem/rdSLNParse.so
13# 0x00007FAB646BB354 in <CONDA_ENV_PREFIX>/lib/python3.11/site-packages/rdkit/Chem/rdDepictor.so
14# 0x00007FAB64959DD4 in <CONDA_ENV_PREFIX>/lib/python3.11/site-packages/rdkit/Chem/rdChemReactions.so
15# 0x00007FAB64959E24 in <CONDA_ENV_PREFIX>/lib/python3.11/site-packages/rdkit/Chem/rdChemReactions.so
16# 0x00007FAB64AD2B94 in <CONDA_ENV_PREFIX>/lib/python3.11/site-packages/rdkit/Chem/rdMolChemicalFeatures.so
17# 0x00007FAB6554A9B4 in <CONDA_ENV_PREFIX>/lib/python3.11/site-packages/rdkit/Chem/rdmolfiles.so
18# 0x00007FAB6554AA04 in <CONDA_ENV_PREFIX>/lib/python3.11/site-packages/rdkit/Chem/rdmolfiles.so
19# 0x00007FAB65664B04 in <CONDA_ENV_PREFIX>/lib/python3.11/site-packages/rdkit/Chem/rdCIPLabeler.so
20# 0x00007FAB66039174 in <CONDA_ENV_PREFIX>/lib/python3.11/site-packages/rdkit/Chem/rdchem.so
21# 0x00007FAB65FCDAAD in <CONDA_ENV_PREFIX>/lib/python3.11/site-packages/rdkit/Chem/rdchem.so
22# 0x00007FAB65FCD6AD in <CONDA_ENV_PREFIX>/lib/python3.11/site-packages/rdkit/Chem/rdchem.so
23# 0x00007FAB65FCD2AD in <CONDA_ENV_PREFIX>/lib/python3.11/site-packages/rdkit/Chem/rdchem.so
24# 0x00007FAB65FCCEAD in <CONDA_ENV_PREFIX>/lib/python3.11/site-packages/rdkit/Chem/rdchem.so
25# 0x00007FAB65FCCAAD in <CONDA_ENV_PREFIX>/lib/python3.11/site-packages/rdkit/Chem/rdchem.so
26# 0x00007FAB66641E54 in <CONDA_ENV_PREFIX>/lib/python3.11/site-packages/rdkit/rdBase.so
27# 0x00007FAB66641EA4 in <CONDA_ENV_PREFIX>/lib/python3.11/site-packages/rdkit/rdBase.so
28# 0x00007FAB66641EF4 in <CONDA_ENV_PREFIX>/lib/python3.11/site-packages/rdkit/rdBase.so
29# 0x00007FAB66641F44 in <CONDA_ENV_PREFIX>/lib/python3.11/site-packages/rdkit/rdBase.so
30# boost::python::handle_exception_impl(boost::function_n<void>) in <CONDA_ENV_PREFIX>/lib/python3.11/site-packages/rdkit/../../../libboost_python311.so.1.86.0
31# 0x00007FAB6656A9B3 in <CONDA_ENV_PREFIX>/lib/python3.11/site-packages/rdkit/../../../libboost_python311.so.1.86.0
32# _PyObject_MakeTpCall in <CONDA_ENV_PREFIX>/bin/python
33# _PyEval_EvalFrameDefault in <CONDA_ENV_PREFIX>/bin/python
34# _PyFunction_Vectorcall in <CONDA_ENV_PREFIX>/bin/python
35# 0x0000562A975F3C50 in <CONDA_ENV_PREFIX>/bin/python
36# 0x0000562A97509745 in <CONDA_ENV_PREFIX>/bin/python
37# 0x0000562A9753A1AA in <CONDA_ENV_PREFIX>/bin/python
38# PyObject_Vectorcall in <CONDA_ENV_PREFIX>/bin/python
39# _PyEval_EvalFrameDefault in <CONDA_ENV_PREFIX>/bin/python
40# _PyFunction_Vectorcall in <CONDA_ENV_PREFIX>/bin/python
41# _PyEval_EvalFrameDefault in <CONDA_ENV_PREFIX>/bin/python
42# _PyFunction_Vectorcall in <CONDA_ENV_PREFIX>/bin/python
43# _PyEval_EvalFrameDefault in <CONDA_ENV_PREFIX>/bin/python
44# _PyFunction_Vectorcall in <CONDA_ENV_PREFIX>/bin/python
45# 0x0000562A974F5979 in <CONDA_ENV_PREFIX>/bin/python
46# _PyObject_MakeTpCall in <CONDA_ENV_PREFIX>/bin/python
47# _PyEval_EvalFrameDefault in <CONDA_ENV_PREFIX>/bin/python
48# _PyFunction_Vectorcall in <CONDA_ENV_PREFIX>/bin/python
49# 0x0000562A974F5A1D in <CONDA_ENV_PREFIX>/bin/python
50# _PyObject_MakeTpCall in <CONDA_ENV_PREFIX>/bin/python
51# _PyEval_EvalFrameDefault in <CONDA_ENV_PREFIX>/bin/python
52# 0x0000562A97580B0D in <CONDA_ENV_PREFIX>/bin/python
53# PyEval_EvalCode in <CONDA_ENV_PREFIX>/bin/python
54# 0x0000562A9759E1AA in <CONDA_ENV_PREFIX>/bin/python
55# 0x0000562A97599E33 in <CONDA_ENV_PREFIX>/bin/python
56# 0x0000562A975AF3D0 in <CONDA_ENV_PREFIX>/bin/python
57# _PyRun_SimpleFileObject in <CONDA_ENV_PREFIX>/bin/python
58# _PyRun_AnyFileObject in <CONDA_ENV_PREFIX>/bin/python
59# Py_RunMain in <CONDA_ENV_PREFIX>/bin/python
60# Py_BytesMain in <CONDA_ENV_PREFIX>/bin/python
61# 0x00007FAB751F1D90 in /lib/x86_64-linux-gnu/libc.so.6
62# __libc_start_main in /lib/x86_64-linux-gnu/libc.so.6
63# 0x0000562A9757037A in <CONDA_ENV_PREFIX>/bin/python
----------
****

[21:01:43] UFFTYPER: Unrecognized atom type: S_5+6 (10)
[21:01:43] UFFTYPER: Unrecognized atom type: S_5+6 (10)
[21:01:43] 

****
Pre-condition Violation
bad params pointer
Violation occurred on line 79 in file /home/conda/feedstock_root/build_artifacts/rdkit-meta_1745736747213/work/Code/ForceField/UFF/AngleBend.cpp
Failed Expression: at2Params
----------
Stacktrace:
 0# Invar::Invariant::toString[abi:cxx11]() const in <CONDA_ENV_PREFIX>/lib/python3.11/site-packages/rdkit/../../../libRDKitRDGeneral.so.1
 1# Invar::operator<<(std::ostream&, Invar::Invariant const&) in <CONDA_ENV_PREFIX>/lib/python3.11/site-packages/rdkit/../../../libRDKitRDGeneral.so.1
 2# ForceFields::UFF::AngleBendContrib::AngleBendContrib(ForceFields::ForceField*, unsigned int, unsigned int, unsigned int, double, double, ForceFields::UFF::AtomicParams const*, ForceFields::UFF::AtomicParams const*, ForceFields::UFF::AtomicParams const*, unsigned int) in <CONDA_ENV_PREFIX>/lib/python3.11/site-packages/rdkit/ForceField/../../../../libRDKitForceField.so.1
 3# RDKit::UFF::Tools::addTrigonalBipyramidAngles(RDKit::Atom const*, RDKit::ROMol const&, int, std::vector<ForceFields::UFF::AtomicParams const*, std::allocator<ForceFields::UFF::AtomicParams const*> > const&, ForceFields::ForceField*) in <CONDA_ENV_PREFIX>/lib/python3.11/site-packages/rdkit/ForceField/../../../../libRDKitForceFieldHelpers.so.1
 4# RDKit::UFF::Tools::addAngleSpecialCases(RDKit::ROMol const&, int, std::vector<ForceFields::UFF::AtomicParams const*, std::allocator<ForceFields::UFF::AtomicParams const*> > const&, ForceFields::ForceField*) in <CONDA_ENV_PREFIX>/lib/python3.11/site-packages/rdkit/ForceField/../../../../libRDKitForceFieldHelpers.so.1
 5# RDKit::UFF::constructForceField(RDKit::ROMol&, std::vector<ForceFields::UFF::AtomicParams const*, std::allocator<ForceFields::UFF::AtomicParams const*> > const&, double, int, bool) in <CONDA_ENV_PREFIX>/lib/python3.11/site-packages/rdkit/ForceField/../../../../libRDKitForceFieldHelpers.so.1
 6# RDKit::UFF::constructForceField(RDKit::ROMol&, double, int, bool) in <CONDA_ENV_PREFIX>/lib/python3.11/site-packages/rdkit/ForceField/../../../../libRDKitForceFieldHelpers.so.1
 7# RDKit::UFFHelper(RDKit::ROMol&, int, double, int, bool) in <CONDA_ENV_PREFIX>/lib/python3.11/site-packages/rdkit/Chem/rdForceFieldHelpers.so
 8# 0x00007FAB6461403D in <CONDA_ENV_PREFIX>/lib/python3.11/site-packages/rdkit/Chem/rdForceFieldHelpers.so
 9# boost::python::objects::function::call(_object*, _object*) const in <CONDA_ENV_PREFIX>/lib/python3.11/site-packages/rdkit/../../../libboost_python311.so.1.86.0
10# 0x00007FAB6656D449 in <CONDA_ENV_PREFIX>/lib/python3.11/site-packages/rdkit/../../../libboost_python311.so.1.86.0
11# boost::python::detail::exception_handler::operator()(boost::function_n<void> const&) const in <CONDA_ENV_PREFIX>/lib/python3.11/site-packages/rdkit/../../../libboost_python311.so.1.86.0
12# 0x00007FAB642CDC04 in <CONDA_ENV_PREFIX>/lib/python3.11/site-packages/rdkit/Chem/rdSLNParse.so
13# 0x00007FAB646BB354 in <CONDA_ENV_PREFIX>/lib/python3.11/site-packages/rdkit/Chem/rdDepictor.so
14# 0x00007FAB64959DD4 in <CONDA_ENV_PREFIX>/lib/python3.11/site-packages/rdkit/Chem/rdChemReactions.so
15# 0x00007FAB64959E24 in <CONDA_ENV_PREFIX>/lib/python3.11/site-packages/rdkit/Chem/rdChemReactions.so
16# 0x00007FAB64AD2B94 in <CONDA_ENV_PREFIX>/lib/python3.11/site-packages/rdkit/Chem/rdMolChemicalFeatures.so
17# 0x00007FAB6554A9B4 in <CONDA_ENV_PREFIX>/lib/python3.11/site-packages/rdkit/Chem/rdmolfiles.so
18# 0x00007FAB6554AA04 in <CONDA_ENV_PREFIX>/lib/python3.11/site-packages/rdkit/Chem/rdmolfiles.so
19# 0x00007FAB65664B04 in <CONDA_ENV_PREFIX>/lib/python3.11/site-packages/rdkit/Chem/rdCIPLabeler.so
20# 0x00007FAB66039174 in <CONDA_ENV_PREFIX>/lib/python3.11/site-packages/rdkit/Chem/rdchem.so
21# 0x00007FAB65FCDAAD in <CONDA_ENV_PREFIX>/lib/python3.11/site-packages/rdkit/Chem/rdchem.so
22# 0x00007FAB65FCD6AD in <CONDA_ENV_PREFIX>/lib/python3.11/site-packages/rdkit/Chem/rdchem.so
23# 0x00007FAB65FCD2AD in <CONDA_ENV_PREFIX>/lib/python3.11/site-packages/rdkit/Chem/rdchem.so
24# 0x00007FAB65FCCEAD in <CONDA_ENV_PREFIX>/lib/python3.11/site-packages/rdkit/Chem/rdchem.so
25# 0x00007FAB65FCCAAD in <CONDA_ENV_PREFIX>/lib/python3.11/site-packages/rdkit/Chem/rdchem.so
26# 0x00007FAB66641E54 in <CONDA_ENV_PREFIX>/lib/python3.11/site-packages/rdkit/rdBase.so
27# 0x00007FAB66641EA4 in <CONDA_ENV_PREFIX>/lib/python3.11/site-packages/rdkit/rdBase.so
28# 0x00007FAB66641EF4 in <CONDA_ENV_PREFIX>/lib/python3.11/site-packages/rdkit/rdBase.so
29# 0x00007FAB66641F44 in <CONDA_ENV_PREFIX>/lib/python3.11/site-packages/rdkit/rdBase.so
30# boost::python::handle_exception_impl(boost::function_n<void>) in <CONDA_ENV_PREFIX>/lib/python3.11/site-packages/rdkit/../../../libboost_python311.so.1.86.0
31# 0x00007FAB6656A9B3 in <CONDA_ENV_PREFIX>/lib/python3.11/site-packages/rdkit/../../../libboost_python311.so.1.86.0
32# _PyObject_MakeTpCall in <CONDA_ENV_PREFIX>/bin/python
33# _PyEval_EvalFrameDefault in <CONDA_ENV_PREFIX>/bin/python
34# _PyFunction_Vectorcall in <CONDA_ENV_PREFIX>/bin/python
35# 0x0000562A975F3C50 in <CONDA_ENV_PREFIX>/bin/python
36# 0x0000562A97509745 in <CONDA_ENV_PREFIX>/bin/python
37# 0x0000562A9753A1AA in <CONDA_ENV_PREFIX>/bin/python
38# PyObject_Vectorcall in <CONDA_ENV_PREFIX>/bin/python
39# _PyEval_EvalFrameDefault in <CONDA_ENV_PREFIX>/bin/python
40# _PyFunction_Vectorcall in <CONDA_ENV_PREFIX>/bin/python
41# _PyEval_EvalFrameDefault in <CONDA_ENV_PREFIX>/bin/python
42# _PyFunction_Vectorcall in <CONDA_ENV_PREFIX>/bin/python
43# _PyEval_EvalFrameDefault in <CONDA_ENV_PREFIX>/bin/python
44# _PyFunction_Vectorcall in <CONDA_ENV_PREFIX>/bin/python
45# 0x0000562A974F5979 in <CONDA_ENV_PREFIX>/bin/python
46# _PyObject_MakeTpCall in <CONDA_ENV_PREFIX>/bin/python
47# _PyEval_EvalFrameDefault in <CONDA_ENV_PREFIX>/bin/python
48# _PyFunction_Vectorcall in <CONDA_ENV_PREFIX>/bin/python
49# 0x0000562A974F5A1D in <CONDA_ENV_PREFIX>/bin/python
50# _PyObject_MakeTpCall in <CONDA_ENV_PREFIX>/bin/python
51# _PyEval_EvalFrameDefault in <CONDA_ENV_PREFIX>/bin/python
52# 0x0000562A97580B0D in <CONDA_ENV_PREFIX>/bin/python
53# PyEval_EvalCode in <CONDA_ENV_PREFIX>/bin/python
54# 0x0000562A9759E1AA in <CONDA_ENV_PREFIX>/bin/python
55# 0x0000562A97599E33 in <CONDA_ENV_PREFIX>/bin/python
56# 0x0000562A975AF3D0 in <CONDA_ENV_PREFIX>/bin/python
57# _PyRun_SimpleFileObject in <CONDA_ENV_PREFIX>/bin/python
58# _PyRun_AnyFileObject in <CONDA_ENV_PREFIX>/bin/python
59# Py_RunMain in <CONDA_ENV_PREFIX>/bin/python
60# Py_BytesMain in <CONDA_ENV_PREFIX>/bin/python
61# 0x00007FAB751F1D90 in /lib/x86_64-linux-gnu/libc.so.6
62# __libc_start_main in /lib/x86_64-linux-gnu/libc.so.6
63# 0x0000562A9757037A in <CONDA_ENV_PREFIX>/bin/python
----------
****

[21:26:53] UFFTYPER: Unrecognized atom type: S_5+6 (9)
[21:26:53] UFFTYPER: Unrecognized atom type: S_5+6 (9)
[21:26:53] 

****
Pre-condition Violation
bad params pointer
Violation occurred on line 79 in file /home/conda/feedstock_root/build_artifacts/rdkit-meta_1745736747213/work/Code/ForceField/UFF/AngleBend.cpp
Failed Expression: at2Params
----------
Stacktrace:
 0# Invar::Invariant::toString[abi:cxx11]() const in <CONDA_ENV_PREFIX>/lib/python3.11/site-packages/rdkit/../../../libRDKitRDGeneral.so.1
 1# Invar::operator<<(std::ostream&, Invar::Invariant const&) in <CONDA_ENV_PREFIX>/lib/python3.11/site-packages/rdkit/../../../libRDKitRDGeneral.so.1
 2# ForceFields::UFF::AngleBendContrib::AngleBendContrib(ForceFields::ForceField*, unsigned int, unsigned int, unsigned int, double, double, ForceFields::UFF::AtomicParams const*, ForceFields::UFF::AtomicParams const*, ForceFields::UFF::AtomicParams const*, unsigned int) in <CONDA_ENV_PREFIX>/lib/python3.11/site-packages/rdkit/ForceField/../../../../libRDKitForceField.so.1
 3# RDKit::UFF::Tools::addTrigonalBipyramidAngles(RDKit::Atom const*, RDKit::ROMol const&, int, std::vector<ForceFields::UFF::AtomicParams const*, std::allocator<ForceFields::UFF::AtomicParams const*> > const&, ForceFields::ForceField*) in <CONDA_ENV_PREFIX>/lib/python3.11/site-packages/rdkit/ForceField/../../../../libRDKitForceFieldHelpers.so.1
 4# RDKit::UFF::Tools::addAngleSpecialCases(RDKit::ROMol const&, int, std::vector<ForceFields::UFF::AtomicParams const*, std::allocator<ForceFields::UFF::AtomicParams const*> > const&, ForceFields::ForceField*) in <CONDA_ENV_PREFIX>/lib/python3.11/site-packages/rdkit/ForceField/../../../../libRDKitForceFieldHelpers.so.1
 5# RDKit::UFF::constructForceField(RDKit::ROMol&, std::vector<ForceFields::UFF::AtomicParams const*, std::allocator<ForceFields::UFF::AtomicParams const*> > const&, double, int, bool) in <CONDA_ENV_PREFIX>/lib/python3.11/site-packages/rdkit/ForceField/../../../../libRDKitForceFieldHelpers.so.1
 6# RDKit::UFF::constructForceField(RDKit::ROMol&, double, int, bool) in <CONDA_ENV_PREFIX>/lib/python3.11/site-packages/rdkit/ForceField/../../../../libRDKitForceFieldHelpers.so.1
 7# RDKit::UFFHelper(RDKit::ROMol&, int, double, int, bool) in <CONDA_ENV_PREFIX>/lib/python3.11/site-packages/rdkit/Chem/rdForceFieldHelpers.so
 8# 0x00007FAB6461403D in <CONDA_ENV_PREFIX>/lib/python3.11/site-packages/rdkit/Chem/rdForceFieldHelpers.so
 9# boost::python::objects::function::call(_object*, _object*) const in <CONDA_ENV_PREFIX>/lib/python3.11/site-packages/rdkit/../../../libboost_python311.so.1.86.0
10# 0x00007FAB6656D449 in <CONDA_ENV_PREFIX>/lib/python3.11/site-packages/rdkit/../../../libboost_python311.so.1.86.0
11# boost::python::detail::exception_handler::operator()(boost::function_n<void> const&) const in <CONDA_ENV_PREFIX>/lib/python3.11/site-packages/rdkit/../../../libboost_python311.so.1.86.0
12# 0x00007FAB642CDC04 in <CONDA_ENV_PREFIX>/lib/python3.11/site-packages/rdkit/Chem/rdSLNParse.so
13# 0x00007FAB646BB354 in <CONDA_ENV_PREFIX>/lib/python3.11/site-packages/rdkit/Chem/rdDepictor.so
14# 0x00007FAB64959DD4 in <CONDA_ENV_PREFIX>/lib/python3.11/site-packages/rdkit/Chem/rdChemReactions.so
15# 0x00007FAB64959E24 in <CONDA_ENV_PREFIX>/lib/python3.11/site-packages/rdkit/Chem/rdChemReactions.so
16# 0x00007FAB64AD2B94 in <CONDA_ENV_PREFIX>/lib/python3.11/site-packages/rdkit/Chem/rdMolChemicalFeatures.so
17# 0x00007FAB6554A9B4 in <CONDA_ENV_PREFIX>/lib/python3.11/site-packages/rdkit/Chem/rdmolfiles.so
18# 0x00007FAB6554AA04 in <CONDA_ENV_PREFIX>/lib/python3.11/site-packages/rdkit/Chem/rdmolfiles.so
19# 0x00007FAB65664B04 in <CONDA_ENV_PREFIX>/lib/python3.11/site-packages/rdkit/Chem/rdCIPLabeler.so
20# 0x00007FAB66039174 in <CONDA_ENV_PREFIX>/lib/python3.11/site-packages/rdkit/Chem/rdchem.so
21# 0x00007FAB65FCDAAD in <CONDA_ENV_PREFIX>/lib/python3.11/site-packages/rdkit/Chem/rdchem.so
22# 0x00007FAB65FCD6AD in <CONDA_ENV_PREFIX>/lib/python3.11/site-packages/rdkit/Chem/rdchem.so
23# 0x00007FAB65FCD2AD in <CONDA_ENV_PREFIX>/lib/python3.11/site-packages/rdkit/Chem/rdchem.so
24# 0x00007FAB65FCCEAD in <CONDA_ENV_PREFIX>/lib/python3.11/site-packages/rdkit/Chem/rdchem.so
25# 0x00007FAB65FCCAAD in <CONDA_ENV_PREFIX>/lib/python3.11/site-packages/rdkit/Chem/rdchem.so
26# 0x00007FAB66641E54 in <CONDA_ENV_PREFIX>/lib/python3.11/site-packages/rdkit/rdBase.so
27# 0x00007FAB66641EA4 in <CONDA_ENV_PREFIX>/lib/python3.11/site-packages/rdkit/rdBase.so
28# 0x00007FAB66641EF4 in <CONDA_ENV_PREFIX>/lib/python3.11/site-packages/rdkit/rdBase.so
29# 0x00007FAB66641F44 in <CONDA_ENV_PREFIX>/lib/python3.11/site-packages/rdkit/rdBase.so
30# boost::python::handle_exception_impl(boost::function_n<void>) in <CONDA_ENV_PREFIX>/lib/python3.11/site-packages/rdkit/../../../libboost_python311.so.1.86.0
31# 0x00007FAB6656A9B3 in <CONDA_ENV_PREFIX>/lib/python3.11/site-packages/rdkit/../../../libboost_python311.so.1.86.0
32# _PyObject_MakeTpCall in <CONDA_ENV_PREFIX>/bin/python
33# _PyEval_EvalFrameDefault in <CONDA_ENV_PREFIX>/bin/python
34# _PyFunction_Vectorcall in <CONDA_ENV_PREFIX>/bin/python
35# 0x0000562A975F3C50 in <CONDA_ENV_PREFIX>/bin/python
36# 0x0000562A97509745 in <CONDA_ENV_PREFIX>/bin/python
37# 0x0000562A9753A1AA in <CONDA_ENV_PREFIX>/bin/python
38# PyObject_Vectorcall in <CONDA_ENV_PREFIX>/bin/python
39# _PyEval_EvalFrameDefault in <CONDA_ENV_PREFIX>/bin/python
40# _PyFunction_Vectorcall in <CONDA_ENV_PREFIX>/bin/python
41# _PyEval_EvalFrameDefault in <CONDA_ENV_PREFIX>/bin/python
42# _PyFunction_Vectorcall in <CONDA_ENV_PREFIX>/bin/python
43# _PyEval_EvalFrameDefault in <CONDA_ENV_PREFIX>/bin/python
44# _PyFunction_Vectorcall in <CONDA_ENV_PREFIX>/bin/python
45# 0x0000562A974F5979 in <CONDA_ENV_PREFIX>/bin/python
46# _PyObject_MakeTpCall in <CONDA_ENV_PREFIX>/bin/python
47# _PyEval_EvalFrameDefault in <CONDA_ENV_PREFIX>/bin/python
48# _PyFunction_Vectorcall in <CONDA_ENV_PREFIX>/bin/python
49# 0x0000562A974F5A1D in <CONDA_ENV_PREFIX>/bin/python
50# _PyObject_MakeTpCall in <CONDA_ENV_PREFIX>/bin/python
51# _PyEval_EvalFrameDefault in <CONDA_ENV_PREFIX>/bin/python
52# 0x0000562A97580B0D in <CONDA_ENV_PREFIX>/bin/python
53# PyEval_EvalCode in <CONDA_ENV_PREFIX>/bin/python
54# 0x0000562A9759E1AA in <CONDA_ENV_PREFIX>/bin/python
55# 0x0000562A97599E33 in <CONDA_ENV_PREFIX>/bin/python
56# 0x0000562A975AF3D0 in <CONDA_ENV_PREFIX>/bin/python
57# _PyRun_SimpleFileObject in <CONDA_ENV_PREFIX>/bin/python
58# _PyRun_AnyFileObject in <CONDA_ENV_PREFIX>/bin/python
59# Py_RunMain in <CONDA_ENV_PREFIX>/bin/python
60# Py_BytesMain in <CONDA_ENV_PREFIX>/bin/python
61# 0x00007FAB751F1D90 in /lib/x86_64-linux-gnu/libc.so.6
62# __libc_start_main in /lib/x86_64-linux-gnu/libc.so.6
63# 0x0000562A9757037A in <CONDA_ENV_PREFIX>/bin/python
----------
****

[21:26:53] UFFTYPER: Unrecognized atom type: S_5+6 (9)
[21:26:53] UFFTYPER: Unrecognized atom type: S_5+6 (9)
[21:26:53] 

****
[21:26:53] UFFTYPER: Unrecognized atom type: S_5+6 (10)
Pre-condition Violation
bad params pointer
Violation occurred on line 79 in file /home/conda/feedstock_root/build_artifacts/rdkit-meta_1745736747213/work/Code/ForceField/UFF/AngleBend.cpp
Failed Expression: at2Params
----------
Stacktrace:
 0# Invar::Invariant::toString[abi:cxx11]() const in <CONDA_ENV_PREFIX>/lib/python3.11/site-packages/rdkit/../../../libRDKitRDGeneral.so.1
 1# Invar::operator<<(std::ostream&, Invar::Invariant const&) in <CONDA_ENV_PREFIX>/lib/python3.11/site-packages/rdkit/../../../libRDKitRDGeneral.so.1
 2# ForceFields::UFF::AngleBendContrib::AngleBendContrib(ForceFields::ForceField*, unsigned int, unsigned int, unsigned int, double, double, ForceFields::UFF::AtomicParams const*, ForceFields::UFF::AtomicParams const*, ForceFields::UFF::AtomicParams const*, unsigned int) in <CONDA_ENV_PREFIX>/lib/python3.11/site-packages/rdkit/ForceField/../../../../libRDKitForceField.so.1
 3# RDKit::UFF::Tools::addTrigonalBipyramidAngles(RDKit::Atom const*, RDKit::ROMol const&, int, std::vector<ForceFields::UFF::AtomicParams const*, std::allocator<ForceFields::UFF::AtomicParams const*> > const&, ForceFields::ForceField*) in <CONDA_ENV_PREFIX>/lib/python3.11/site-packages/rdkit/ForceField/../../../../libRDKitForceFieldHelpers.so.1
 4# RDKit::UFF::Tools::addAngleSpecialCases(RDKit::ROMol const&, int, std::vector<ForceFields::UFF::AtomicParams const*, std::allocator<ForceFields::UFF::AtomicParams const*> > const&, ForceFields::ForceField*) in <CONDA_ENV_PREFIX>/lib/python3.11/site-packages/rdkit/ForceField/../../../../libRDKitForceFieldHelpers.so.1
 5# RDKit::UFF::constructForceField(RDKit::ROMol&, std::vector<ForceFields::UFF::AtomicParams const*, std::allocator<ForceFields::UFF::AtomicParams const*> > const&, double, int, bool) in <CONDA_ENV_PREFIX>/lib/python3.11/site-packages/rdkit/ForceField/../../../../libRDKitForceFieldHelpers.so.1
 6# RDKit::UFF::constructForceField(RDKit::ROMol&, double, int, bool) in <CONDA_ENV_PREFIX>/lib/python3.11/site-packages/rdkit/ForceField/../../../../libRDKitForceFieldHelpers.so.1
 7# RDKit::UFFHelper(RDKit::ROMol&, int, double, int, bool) in <CONDA_ENV_PREFIX>/lib/python3.11/site-packages/rdkit/Chem/rdForceFieldHelpers.so
 8# 0x00007FAB6461403D in <CONDA_ENV_PREFIX>/lib/python3.11/site-packages/rdkit/Chem/rdForceFieldHelpers.so
 9# boost::python::objects::function::call(_object*, _object*) const in <CONDA_ENV_PREFIX>/lib/python3.11/site-packages/rdkit/../../../libboost_python311.so.1.86.0
10# 0x00007FAB6656D449 in <CONDA_ENV_PREFIX>/lib/python3.11/site-packages/rdkit/../../../libboost_python311.so.1.86.0
11# boost::python::detail::exception_handler::operator()(boost::function_n<void> const&) const in <CONDA_ENV_PREFIX>/lib/python3.11/site-packages/rdkit/../../../libboost_python311.so.1.86.0
12# 0x00007FAB642CDC04 in <CONDA_ENV_PREFIX>/lib/python3.11/site-packages/rdkit/Chem/rdSLNParse.so
13# 0x00007FAB646BB354 in <CONDA_ENV_PREFIX>/lib/python3.11/site-packages/rdkit/Chem/rdDepictor.so
14# 0x00007FAB64959DD4 in <CONDA_ENV_PREFIX>/lib/python3.11/site-packages/rdkit/Chem/rdChemReactions.so
15# 0x00007FAB64959E24 in <CONDA_ENV_PREFIX>/lib/python3.11/site-packages/rdkit/Chem/rdChemReactions.so
16# 0x00007FAB64AD2B94 in <CONDA_ENV_PREFIX>/lib/python3.11/site-packages/rdkit/Chem/rdMolChemicalFeatures.so
17# 0x00007FAB6554A9B4 in <CONDA_ENV_PREFIX>/lib/python3.11/site-packages/rdkit/Chem/rdmolfiles.so
18# 0x00007FAB6554AA04 in <CONDA_ENV_PREFIX>/lib/python3.11/site-packages/rdkit/Chem/rdmolfiles.so
19# 0x00007FAB65664B04 in <CONDA_ENV_PREFIX>/lib/python3.11/site-packages/rdkit/Chem/rdCIPLabeler.so
20# 0x00007FAB66039174 in <CONDA_ENV_PREFIX>/lib/python3.11/site-packages/rdkit/Chem/rdchem.so
21# 0x00007FAB65FCDAAD in <CONDA_ENV_PREFIX>/lib/python3.11/site-packages/rdkit/Chem/rdchem.so
22# 0x00007FAB65FCD6AD in <CONDA_ENV_PREFIX>/lib/python3.11/site-packages/rdkit/Chem/rdchem.so
23# 0x00007FAB65FCD2AD in <CONDA_ENV_PREFIX>/lib/python3.11/site-packages/rdkit/Chem/rdchem.so
24# 0x00007FAB65FCCEAD in <CONDA_ENV_PREFIX>/lib/python3.11/site-packages/rdkit/Chem/rdchem.so
25# 0x00007FAB65FCCAAD in <CONDA_ENV_PREFIX>/lib/python3.11/site-packages/rdkit/Chem/rdchem.so
26# 0x00007FAB66641E54 in <CONDA_ENV_PREFIX>/lib/python3.11/site-packages/rdkit/rdBase.so
27# 0x00007FAB66641EA4 in <CONDA_ENV_PREFIX>/lib/python3.11/site-packages/rdkit/rdBase.so
28# 0x00007FAB66641EF4 in <CONDA_ENV_PREFIX>/lib/python3.11/site-packages/rdkit/rdBase.so
29# 0x00007FAB66641F44 in <CONDA_ENV_PREFIX>/lib/python3.11/site-packages/rdkit/rdBase.so
30# boost::python::handle_exception_impl(boost::function_n<void>) in <CONDA_ENV_PREFIX>/lib/python3.11/site-packages/rdkit/../../../libboost_python311.so.1.86.0
31# 0x00007FAB6656A9B3 in <CONDA_ENV_PREFIX>/lib/python3.11/site-packages/rdkit/../../../libboost_python311.so.1.86.0
32# _PyObject_MakeTpCall in <CONDA_ENV_PREFIX>/bin/python
33# _PyEval_EvalFrameDefault in <CONDA_ENV_PREFIX>/bin/python
34# _PyFunction_Vectorcall in <CONDA_ENV_PREFIX>/bin/python
35# 0x0000562A975F3C50 in <CONDA_ENV_PREFIX>/bin/python
36# 0x0000562A97509745 in <CONDA_ENV_PREFIX>/bin/python
37# 0x0000562A9753A1AA in <CONDA_ENV_PREFIX>/bin/python
38# PyObject_Vectorcall in <CONDA_ENV_PREFIX>/bin/python
39# _PyEval_EvalFrameDefault in <CONDA_ENV_PREFIX>/bin/python
40# _PyFunction_Vectorcall in <CONDA_ENV_PREFIX>/bin/python
41# _PyEval_EvalFrameDefault in <CONDA_ENV_PREFIX>/bin/python
42# _PyFunction_Vectorcall in <CONDA_ENV_PREFIX>/bin/python
43# _PyEval_EvalFrameDefault in <CONDA_ENV_PREFIX>/bin/python
44# _PyFunction_Vectorcall in <CONDA_ENV_PREFIX>/bin/python
45# 0x0000562A974F5979 in <CONDA_ENV_PREFIX>/bin/python
46# _PyObject_MakeTpCall in <CONDA_ENV_PREFIX>/bin/python
47# _PyEval_EvalFrameDefault in <CONDA_ENV_PREFIX>/bin/python
48# _PyFunction_Vectorcall in <CONDA_ENV_PREFIX>/bin/python
49# 0x0000562A974F5A1D in <CONDA_ENV_PREFIX>/bin/python
50# _PyObject_MakeTpCall in <CONDA_ENV_PREFIX>/bin/python
51# _PyEval_EvalFrameDefault in <CONDA_ENV_PREFIX>/bin/python
52# 0x0000562A97580B0D in <CONDA_ENV_PREFIX>/bin/python
53# PyEval_EvalCode in <CONDA_ENV_PREFIX>/bin/python
54# 0x0000562A9759E1AA in <CONDA_ENV_PREFIX>/bin/python
55# 0x0000562A97599E33 in <CONDA_ENV_PREFIX>/bin/python
56# 0x0000562A975AF3D0 in <CONDA_ENV_PREFIX>/bin/python
57# _PyRun_SimpleFileObject in <CONDA_ENV_PREFIX>/bin/python
58# _PyRun_AnyFileObject in <CONDA_ENV_PREFIX>/bin/python
59# Py_RunMain in <CONDA_ENV_PREFIX>/bin/python
60# Py_BytesMain in <CONDA_ENV_PREFIX>/bin/python
61# 0x00007FAB751F1D90 in /lib/x86_64-linux-gnu/libc.so.6
62# __libc_start_main in /lib/x86_64-linux-gnu/libc.so.6
63# 0x0000562A9757037A in <CONDA_ENV_PREFIX>/bin/python
----------
****

[21:26:53] UFFTYPER: Unrecognized atom type: S_5+6 (10)
[21:26:53] 

****
Pre-condition Violation
bad params pointer
Violation occurred on line 79 in file /home/conda/feedstock_root/build_artifacts/rdkit-meta_1745736747213/work/Code/ForceField/UFF/AngleBend.cpp
Failed Expression: at2Params
----------
Stacktrace:
 0# Invar::Invariant::toString[abi:cxx11]() const in <CONDA_ENV_PREFIX>/lib/python3.11/site-packages/rdkit/../../../libRDKitRDGeneral.so.1
 1# Invar::operator<<(std::ostream&, Invar::Invariant const&) in <CONDA_ENV_PREFIX>/lib/python3.11/site-packages/rdkit/../../../libRDKitRDGeneral.so.1
 2# ForceFields::UFF::AngleBendContrib::AngleBendContrib(ForceFields::ForceField*, unsigned int, unsigned int, unsigned int, double, double, ForceFields::UFF::AtomicParams const*, ForceFields::UFF::AtomicParams const*, ForceFields::UFF::AtomicParams const*, unsigned int) in <CONDA_ENV_PREFIX>/lib/python3.11/site-packages/rdkit/ForceField/../../../../libRDKitForceField.so.1
 3# RDKit::UFF::Tools::addTrigonalBipyramidAngles(RDKit::Atom const*, RDKit::ROMol const&, int, std::vector<ForceFields::UFF::AtomicParams const*, std::allocator<ForceFields::UFF::AtomicParams const*> > const&, ForceFields::ForceField*) in <CONDA_ENV_PREFIX>/lib/python3.11/site-packages/rdkit/ForceField/../../../../libRDKitForceFieldHelpers.so.1
 4# RDKit::UFF::Tools::addAngleSpecialCases(RDKit::ROMol const&, int, std::vector<ForceFields::UFF::AtomicParams const*, std::allocator<ForceFields::UFF::AtomicParams const*> > const&, ForceFields::ForceField*) in <CONDA_ENV_PREFIX>/lib/python3.11/site-packages/rdkit/ForceField/../../../../libRDKitForceFieldHelpers.so.1
 5# RDKit::UFF::constructForceField(RDKit::ROMol&, std::vector<ForceFields::UFF::AtomicParams const*, std::allocator<ForceFields::UFF::AtomicParams const*> > const&, double, int, bool) in <CONDA_ENV_PREFIX>/lib/python3.11/site-packages/rdkit/ForceField/../../../../libRDKitForceFieldHelpers.so.1
 6# RDKit::UFF::constructForceField(RDKit::ROMol&, double, int, bool) in <CONDA_ENV_PREFIX>/lib/python3.11/site-packages/rdkit/ForceField/../../../../libRDKitForceFieldHelpers.so.1
 7# RDKit::UFFHelper(RDKit::ROMol&, int, double, int, bool) in <CONDA_ENV_PREFIX>/lib/python3.11/site-packages/rdkit/Chem/rdForceFieldHelpers.so
 8# 0x00007FAB6461403D in <CONDA_ENV_PREFIX>/lib/python3.11/site-packages/rdkit/Chem/rdForceFieldHelpers.so
 9# boost::python::objects::function::call(_object*, _object*) const in <CONDA_ENV_PREFIX>/lib/python3.11/site-packages/rdkit/../../../libboost_python311.so.1.86.0
10# 0x00007FAB6656D449 in <CONDA_ENV_PREFIX>/lib/python3.11/site-packages/rdkit/../../../libboost_python311.so.1.86.0
11# boost::python::detail::exception_handler::operator()(boost::function_n<void> const&) const in <CONDA_ENV_PREFIX>/lib/python3.11/site-packages/rdkit/../../../libboost_python311.so.1.86.0
12# 0x00007FAB642CDC04 in <CONDA_ENV_PREFIX>/lib/python3.11/site-packages/rdkit/Chem/rdSLNParse.so
13# 0x00007FAB646BB354 in <CONDA_ENV_PREFIX>/lib/python3.11/site-packages/rdkit/Chem/rdDepictor.so
14# 0x00007FAB64959DD4 in <CONDA_ENV_PREFIX>/lib/python3.11/site-packages/rdkit/Chem/rdChemReactions.so
15# 0x00007FAB64959E24 in <CONDA_ENV_PREFIX>/lib/python3.11/site-packages/rdkit/Chem/rdChemReactions.so
16# 0x00007FAB64AD2B94 in <CONDA_ENV_PREFIX>/lib/python3.11/site-packages/rdkit/Chem/rdMolChemicalFeatures.so
17# 0x00007FAB6554A9B4 in <CONDA_ENV_PREFIX>/lib/python3.11/site-packages/rdkit/Chem/rdmolfiles.so
18# 0x00007FAB6554AA04 in <CONDA_ENV_PREFIX>/lib/python3.11/site-packages/rdkit/Chem/rdmolfiles.so
19# 0x00007FAB65664B04 in <CONDA_ENV_PREFIX>/lib/python3.11/site-packages/rdkit/Chem/rdCIPLabeler.so
20# 0x00007FAB66039174 in <CONDA_ENV_PREFIX>/lib/python3.11/site-packages/rdkit/Chem/rdchem.so
21# 0x00007FAB65FCDAAD in <CONDA_ENV_PREFIX>/lib/python3.11/site-packages/rdkit/Chem/rdchem.so
22# 0x00007FAB65FCD6AD in <CONDA_ENV_PREFIX>/lib/python3.11/site-packages/rdkit/Chem/rdchem.so
23# 0x00007FAB65FCD2AD in <CONDA_ENV_PREFIX>/lib/python3.11/site-packages/rdkit/Chem/rdchem.so
24# 0x00007FAB65FCCEAD in <CONDA_ENV_PREFIX>/lib/python3.11/site-packages/rdkit/Chem/rdchem.so
25# 0x00007FAB65FCCAAD in <CONDA_ENV_PREFIX>/lib/python3.11/site-packages/rdkit/Chem/rdchem.so
26# 0x00007FAB66641E54 in <CONDA_ENV_PREFIX>/lib/python3.11/site-packages/rdkit/rdBase.so
27# 0x00007FAB66641EA4 in <CONDA_ENV_PREFIX>/lib/python3.11/site-packages/rdkit/rdBase.so
28# 0x00007FAB66641EF4 in <CONDA_ENV_PREFIX>/lib/python3.11/site-packages/rdkit/rdBase.so
29# 0x00007FAB66641F44 in <CONDA_ENV_PREFIX>/lib/python3.11/site-packages/rdkit/rdBase.so
30# boost::python::handle_exception_impl(boost::function_n<void>) in <CONDA_ENV_PREFIX>/lib/python3.11/site-packages/rdkit/../../../libboost_python311.so.1.86.0
31# 0x00007FAB6656A9B3 in <CONDA_ENV_PREFIX>/lib/python3.11/site-packages/rdkit/../../../libboost_python311.so.1.86.0
32# _PyObject_MakeTpCall in <CONDA_ENV_PREFIX>/bin/python
33# _PyEval_EvalFrameDefault in <CONDA_ENV_PREFIX>/bin/python
34# _PyFunction_Vectorcall in <CONDA_ENV_PREFIX>/bin/python
35# 0x0000562A975F3C50 in <CONDA_ENV_PREFIX>/bin/python
36# 0x0000562A97509745 in <CONDA_ENV_PREFIX>/bin/python
37# 0x0000562A9753A1AA in <CONDA_ENV_PREFIX>/bin/python
38# PyObject_Vectorcall in <CONDA_ENV_PREFIX>/bin/python
39# _PyEval_EvalFrameDefault in <CONDA_ENV_PREFIX>/bin/python
40# _PyFunction_Vectorcall in <CONDA_ENV_PREFIX>/bin/python
41# _PyEval_EvalFrameDefault in <CONDA_ENV_PREFIX>/bin/python
42# _PyFunction_Vectorcall in <CONDA_ENV_PREFIX>/bin/python
43# _PyEval_EvalFrameDefault in <CONDA_ENV_PREFIX>/bin/python
44# _PyFunction_Vectorcall in <CONDA_ENV_PREFIX>/bin/python
45# 0x0000562A974F5979 in <CONDA_ENV_PREFIX>/bin/python
46# _PyObject_MakeTpCall in <CONDA_ENV_PREFIX>/bin/python
47# _PyEval_EvalFrameDefault in <CONDA_ENV_PREFIX>/bin/python
48# _PyFunction_Vectorcall in <CONDA_ENV_PREFIX>/bin/python
49# 0x0000562A974F5A1D in <CONDA_ENV_PREFIX>/bin/python
50# _PyObject_MakeTpCall in <CONDA_ENV_PREFIX>/bin/python
51# _PyEval_EvalFrameDefault in <CONDA_ENV_PREFIX>/bin/python
52# 0x0000562A97580B0D in <CONDA_ENV_PREFIX>/bin/python
53# PyEval_EvalCode in <CONDA_ENV_PREFIX>/bin/python
54# 0x0000562A9759E1AA in <CONDA_ENV_PREFIX>/bin/python
55# 0x0000562A97599E33 in <CONDA_ENV_PREFIX>/bin/python
56# 0x0000562A975AF3D0 in <CONDA_ENV_PREFIX>/bin/python
57# _PyRun_SimpleFileObject in <CONDA_ENV_PREFIX>/bin/python
58# _PyRun_AnyFileObject in <CONDA_ENV_PREFIX>/bin/python
59# Py_RunMain in <CONDA_ENV_PREFIX>/bin/python
60# Py_BytesMain in <CONDA_ENV_PREFIX>/bin/python
61# 0x00007FAB751F1D90 in /lib/x86_64-linux-gnu/libc.so.6
62# __libc_start_main in /lib/x86_64-linux-gnu/libc.so.6
63# 0x0000562A9757037A in <CONDA_ENV_PREFIX>/bin/python
----------
****

[21:26:53] UFFTYPER: Unrecognized atom type: S_5+6 (12)
[21:26:53] UFFTYPER: Unrecognized atom type: S_5+6 (12)
[21:26:53] 

****
Pre-condition Violation
bad params pointer
Violation occurred on line 79 in file /home/conda/feedstock_root/build_artifacts/rdkit-meta_1745736747213/work/Code/ForceField/UFF/AngleBend.cpp
Failed Expression: at2Params
----------
Stacktrace:
 0# Invar::Invariant::toString[abi:cxx11]() const in <CONDA_ENV_PREFIX>/lib/python3.11/site-packages/rdkit/../../../libRDKitRDGeneral.so.1
 1# Invar::operator<<(std::ostream&, Invar::Invariant const&) in <CONDA_ENV_PREFIX>/lib/python3.11/site-packages/rdkit/../../../libRDKitRDGeneral.so.1
 2# ForceFields::UFF::AngleBendContrib::AngleBendContrib(ForceFields::ForceField*, unsigned int, unsigned int, unsigned int, double, double, ForceFields::UFF::AtomicParams const*, ForceFields::UFF::AtomicParams const*, ForceFields::UFF::AtomicParams const*, unsigned int) in <CONDA_ENV_PREFIX>/lib/python3.11/site-packages/rdkit/ForceField/../../../../libRDKitForceField.so.1
 3# RDKit::UFF::Tools::addTrigonalBipyramidAngles(RDKit::Atom const*, RDKit::ROMol const&, int, std::vector<ForceFields::UFF::AtomicParams const*, std::allocator<ForceFields::UFF::AtomicParams const*> > const&, ForceFields::ForceField*) in <CONDA_ENV_PREFIX>/lib/python3.11/site-packages/rdkit/ForceField/../../../../libRDKitForceFieldHelpers.so.1
 4# RDKit::UFF::Tools::addAngleSpecialCases(RDKit::ROMol const&, int, std::vector<ForceFields::UFF::AtomicParams const*, std::allocator<ForceFields::UFF::AtomicParams const*> > const&, ForceFields::ForceField*) in <CONDA_ENV_PREFIX>/lib/python3.11/site-packages/rdkit/ForceField/../../../../libRDKitForceFieldHelpers.so.1
 5# RDKit::UFF::constructForceField(RDKit::ROMol&, std::vector<ForceFields::UFF::AtomicParams const*, std::allocator<ForceFields::UFF::AtomicParams const*> > const&, double, int, bool) in <CONDA_ENV_PREFIX>/lib/python3.11/site-packages/rdkit/ForceField/../../../../libRDKitForceFieldHelpers.so.1
 6# RDKit::UFF::constructForceField(RDKit::ROMol&, double, int, bool) in <CONDA_ENV_PREFIX>/lib/python3.11/site-packages/rdkit/ForceField/../../../../libRDKitForceFieldHelpers.so.1
 7# RDKit::UFFHelper(RDKit::ROMol&, int, double, int, bool) in <CONDA_ENV_PREFIX>/lib/python3.11/site-packages/rdkit/Chem/rdForceFieldHelpers.so
 8# 0x00007FAB6461403D in <CONDA_ENV_PREFIX>/lib/python3.11/site-packages/rdkit/Chem/rdForceFieldHelpers.so
 9# boost::python::objects::function::call(_object*, _object*) const in <CONDA_ENV_PREFIX>/lib/python3.11/site-packages/rdkit/../../../libboost_python311.so.1.86.0
10# 0x00007FAB6656D449 in <CONDA_ENV_PREFIX>/lib/python3.11/site-packages/rdkit/../../../libboost_python311.so.1.86.0
11# boost::python::detail::exception_handler::operator()(boost::function_n<void> const&) const in <CONDA_ENV_PREFIX>/lib/python3.11/site-packages/rdkit/../../../libboost_python311.so.1.86.0
12# 0x00007FAB642CDC04 in <CONDA_ENV_PREFIX>/lib/python3.11/site-packages/rdkit/Chem/rdSLNParse.so
13# 0x00007FAB646BB354 in <CONDA_ENV_PREFIX>/lib/python3.11/site-packages/rdkit/Chem/rdDepictor.so
14# 0x00007FAB64959DD4 in <CONDA_ENV_PREFIX>/lib/python3.11/site-packages/rdkit/Chem/rdChemReactions.so
15# 0x00007FAB64959E24 in <CONDA_ENV_PREFIX>/lib/python3.11/site-packages/rdkit/Chem/rdChemReactions.so
16# 0x00007FAB64AD2B94 in <CONDA_ENV_PREFIX>/lib/python3.11/site-packages/rdkit/Chem/rdMolChemicalFeatures.so
17# 0x00007FAB6554A9B4 in <CONDA_ENV_PREFIX>/lib/python3.11/site-packages/rdkit/Chem/rdmolfiles.so
18# 0x00007FAB6554AA04 in <CONDA_ENV_PREFIX>/lib/python3.11/site-packages/rdkit/Chem/rdmolfiles.so
19# 0x00007FAB65664B04 in <CONDA_ENV_PREFIX>/lib/python3.11/site-packages/rdkit/Chem/rdCIPLabeler.so
20# 0x00007FAB66039174 in <CONDA_ENV_PREFIX>/lib/python3.11/site-packages/rdkit/Chem/rdchem.so
21# 0x00007FAB65FCDAAD in <CONDA_ENV_PREFIX>/lib/python3.11/site-packages/rdkit/Chem/rdchem.so
22# 0x00007FAB65FCD6AD in <CONDA_ENV_PREFIX>/lib/python3.11/site-packages/rdkit/Chem/rdchem.so
23# 0x00007FAB65FCD2AD in <CONDA_ENV_PREFIX>/lib/python3.11/site-packages/rdkit/Chem/rdchem.so
24# 0x00007FAB65FCCEAD in <CONDA_ENV_PREFIX>/lib/python3.11/site-packages/rdkit/Chem/rdchem.so
25# 0x00007FAB65FCCAAD in <CONDA_ENV_PREFIX>/lib/python3.11/site-packages/rdkit/Chem/rdchem.so
26# 0x00007FAB66641E54 in <CONDA_ENV_PREFIX>/lib/python3.11/site-packages/rdkit/rdBase.so
27# 0x00007FAB66641EA4 in <CONDA_ENV_PREFIX>/lib/python3.11/site-packages/rdkit/rdBase.so
28# 0x00007FAB66641EF4 in <CONDA_ENV_PREFIX>/lib/python3.11/site-packages/rdkit/rdBase.so
29# 0x00007FAB66641F44 in <CONDA_ENV_PREFIX>/lib/python3.11/site-packages/rdkit/rdBase.so
30# boost::python::handle_exception_impl(boost::function_n<void>) in <CONDA_ENV_PREFIX>/lib/python3.11/site-packages/rdkit/../../../libboost_python311.so.1.86.0
31# 0x00007FAB6656A9B3 in <CONDA_ENV_PREFIX>/lib/python3.11/site-packages/rdkit/../../../libboost_python311.so.1.86.0
32# _PyObject_MakeTpCall in <CONDA_ENV_PREFIX>/bin/python
33# _PyEval_EvalFrameDefault in <CONDA_ENV_PREFIX>/bin/python
34# _PyFunction_Vectorcall in <CONDA_ENV_PREFIX>/bin/python
35# 0x0000562A975F3C50 in <CONDA_ENV_PREFIX>/bin/python
36# 0x0000562A97509745 in <CONDA_ENV_PREFIX>/bin/python
37# 0x0000562A9753A1AA in <CONDA_ENV_PREFIX>/bin/python
38# PyObject_Vectorcall in <CONDA_ENV_PREFIX>/bin/python
39# _PyEval_EvalFrameDefault in <CONDA_ENV_PREFIX>/bin/python
40# _PyFunction_Vectorcall in <CONDA_ENV_PREFIX>/bin/python
41# _PyEval_EvalFrameDefault in <CONDA_ENV_PREFIX>/bin/python
42# _PyFunction_Vectorcall in <CONDA_ENV_PREFIX>/bin/python
43# _PyEval_EvalFrameDefault in <CONDA_ENV_PREFIX>/bin/python
44# _PyFunction_Vectorcall in <CONDA_ENV_PREFIX>/bin/python
45# 0x0000562A974F5979 in <CONDA_ENV_PREFIX>/bin/python
46# _PyObject_MakeTpCall in <CONDA_ENV_PREFIX>/bin/python
47# _PyEval_EvalFrameDefault in <CONDA_ENV_PREFIX>/bin/python
48# _PyFunction_Vectorcall in <CONDA_ENV_PREFIX>/bin/python
49# 0x0000562A974F5A1D in <CONDA_ENV_PREFIX>/bin/python
50# _PyObject_MakeTpCall in <CONDA_ENV_PREFIX>/bin/python
51# _PyEval_EvalFrameDefault in <CONDA_ENV_PREFIX>/bin/python
52# 0x0000562A97580B0D in <CONDA_ENV_PREFIX>/bin/python
53# PyEval_EvalCode in <CONDA_ENV_PREFIX>/bin/python
54# 0x0000562A9759E1AA in <CONDA_ENV_PREFIX>/bin/python
55# 0x0000562A97599E33 in <CONDA_ENV_PREFIX>/bin/python
56# 0x0000562A975AF3D0 in <CONDA_ENV_PREFIX>/bin/python
57# _PyRun_SimpleFileObject in <CONDA_ENV_PREFIX>/bin/python
58# _PyRun_AnyFileObject in <CONDA_ENV_PREFIX>/bin/python
59# Py_RunMain in <CONDA_ENV_PREFIX>/bin/python
60# Py_BytesMain in <CONDA_ENV_PREFIX>/bin/python
61# 0x00007FAB751F1D90 in /lib/x86_64-linux-gnu/libc.so.6
62# __libc_start_main in /lib/x86_64-linux-gnu/libc.so.6
63# 0x0000562A9757037A in <CONDA_ENV_PREFIX>/bin/python
----------
****

[21:26:54] UFFTYPER: Unrecognized atom type: S_5+6 (9)
[21:26:54] UFFTYPER: Unrecognized atom type: S_5+6 (9)
[21:26:54] 

****
Pre-condition Violation
bad params pointer
Violation occurred on line 79 in file /home/conda/feedstock_root/build_artifacts/rdkit-meta_1745736747213/work/Code/ForceField/UFF/AngleBend.cpp
Failed Expression: at2Params
----------
Stacktrace:
 0# Invar::Invariant::toString[abi:cxx11]() const in <CONDA_ENV_PREFIX>/lib/python3.11/site-packages/rdkit/../../../libRDKitRDGeneral.so.1
 1# Invar::operator<<(std::ostream&, Invar::Invariant const&) in <CONDA_ENV_PREFIX>/lib/python3.11/site-packages/rdkit/../../../libRDKitRDGeneral.so.1
 2# ForceFields::UFF::AngleBendContrib::AngleBendContrib(ForceFields::ForceField*, unsigned int, unsigned int, unsigned int, double, double, ForceFields::UFF::AtomicParams const*, ForceFields::UFF::AtomicParams const*, ForceFields::UFF::AtomicParams const*, unsigned int) in <CONDA_ENV_PREFIX>/lib/python3.11/site-packages/rdkit/ForceField/../../../../libRDKitForceField.so.1
 3# RDKit::UFF::Tools::addTrigonalBipyramidAngles(RDKit::Atom const*, RDKit::ROMol const&, int, std::vector<ForceFields::UFF::AtomicParams const*, std::allocator<ForceFields::UFF::AtomicParams const*> > const&, ForceFields::ForceField*) in <CONDA_ENV_PREFIX>/lib/python3.11/site-packages/rdkit/ForceField/../../../../libRDKitForceFieldHelpers.so.1
 4# RDKit::UFF::Tools::addAngleSpecialCases(RDKit::ROMol const&, int, std::vector<ForceFields::UFF::AtomicParams const*, std::allocator<ForceFields::UFF::AtomicParams const*> > const&, ForceFields::ForceField*) in <CONDA_ENV_PREFIX>/lib/python3.11/site-packages/rdkit/ForceField/../../../../libRDKitForceFieldHelpers.so.1
 5# RDKit::UFF::constructForceField(RDKit::ROMol&, std::vector<ForceFields::UFF::AtomicParams const*, std::allocator<ForceFields::UFF::AtomicParams const*> > const&, double, int, bool) in <CONDA_ENV_PREFIX>/lib/python3.11/site-packages/rdkit/ForceField/../../../../libRDKitForceFieldHelpers.so.1
 6# RDKit::UFF::constructForceField(RDKit::ROMol&, double, int, bool) in <CONDA_ENV_PREFIX>/lib/python3.11/site-packages/rdkit/ForceField/../../../../libRDKitForceFieldHelpers.so.1
 7# RDKit::UFFHelper(RDKit::ROMol&, int, double, int, bool) in <CONDA_ENV_PREFIX>/lib/python3.11/site-packages/rdkit/Chem/rdForceFieldHelpers.so
 8# 0x00007FAB6461403D in <CONDA_ENV_PREFIX>/lib/python3.11/site-packages/rdkit/Chem/rdForceFieldHelpers.so
 9# boost::python::objects::function::call(_object*, _object*) const in <CONDA_ENV_PREFIX>/lib/python3.11/site-packages/rdkit/../../../libboost_python311.so.1.86.0
10# 0x00007FAB6656D449 in <CONDA_ENV_PREFIX>/lib/python3.11/site-packages/rdkit/../../../libboost_python311.so.1.86.0
11# boost::python::detail::exception_handler::operator()(boost::function_n<void> const&) const in <CONDA_ENV_PREFIX>/lib/python3.11/site-packages/rdkit/../../../libboost_python311.so.1.86.0
12# 0x00007FAB642CDC04 in <CONDA_ENV_PREFIX>/lib/python3.11/site-packages/rdkit/Chem/rdSLNParse.so
13# 0x00007FAB646BB354 in <CONDA_ENV_PREFIX>/lib/python3.11/site-packages/rdkit/Chem/rdDepictor.so
14# 0x00007FAB64959DD4 in <CONDA_ENV_PREFIX>/lib/python3.11/site-packages/rdkit/Chem/rdChemReactions.so
15# 0x00007FAB64959E24 in <CONDA_ENV_PREFIX>/lib/python3.11/site-packages/rdkit/Chem/rdChemReactions.so
16# 0x00007FAB64AD2B94 in <CONDA_ENV_PREFIX>/lib/python3.11/site-packages/rdkit/Chem/rdMolChemicalFeatures.so
17# 0x00007FAB6554A9B4 in <CONDA_ENV_PREFIX>/lib/python3.11/site-packages/rdkit/Chem/rdmolfiles.so
18# 0x00007FAB6554AA04 in <CONDA_ENV_PREFIX>/lib/python3.11/site-packages/rdkit/Chem/rdmolfiles.so
19# 0x00007FAB65664B04 in <CONDA_ENV_PREFIX>/lib/python3.11/site-packages/rdkit/Chem/rdCIPLabeler.so
20# 0x00007FAB66039174 in <CONDA_ENV_PREFIX>/lib/python3.11/site-packages/rdkit/Chem/rdchem.so
21# 0x00007FAB65FCDAAD in <CONDA_ENV_PREFIX>/lib/python3.11/site-packages/rdkit/Chem/rdchem.so
22# 0x00007FAB65FCD6AD in <CONDA_ENV_PREFIX>/lib/python3.11/site-packages/rdkit/Chem/rdchem.so
23# 0x00007FAB65FCD2AD in <CONDA_ENV_PREFIX>/lib/python3.11/site-packages/rdkit/Chem/rdchem.so
24# 0x00007FAB65FCCEAD in <CONDA_ENV_PREFIX>/lib/python3.11/site-packages/rdkit/Chem/rdchem.so
25# 0x00007FAB65FCCAAD in <CONDA_ENV_PREFIX>/lib/python3.11/site-packages/rdkit/Chem/rdchem.so
26# 0x00007FAB66641E54 in <CONDA_ENV_PREFIX>/lib/python3.11/site-packages/rdkit/rdBase.so
27# 0x00007FAB66641EA4 in <CONDA_ENV_PREFIX>/lib/python3.11/site-packages/rdkit/rdBase.so
28# 0x00007FAB66641EF4 in <CONDA_ENV_PREFIX>/lib/python3.11/site-packages/rdkit/rdBase.so
29# 0x00007FAB66641F44 in <CONDA_ENV_PREFIX>/lib/python3.11/site-packages/rdkit/rdBase.so
30# boost::python::handle_exception_impl(boost::function_n<void>) in <CONDA_ENV_PREFIX>/lib/python3.11/site-packages/rdkit/../../../libboost_python311.so.1.86.0
31# 0x00007FAB6656A9B3 in <CONDA_ENV_PREFIX>/lib/python3.11/site-packages/rdkit/../../../libboost_python311.so.1.86.0
32# _PyObject_MakeTpCall in <CONDA_ENV_PREFIX>/bin/python
33# _PyEval_EvalFrameDefault in <CONDA_ENV_PREFIX>/bin/python
34# _PyFunction_Vectorcall in <CONDA_ENV_PREFIX>/bin/python
35# 0x0000562A975F3C50 in <CONDA_ENV_PREFIX>/bin/python
36# 0x0000562A97509745 in <CONDA_ENV_PREFIX>/bin/python
37# 0x0000562A9753A1AA in <CONDA_ENV_PREFIX>/bin/python
38# PyObject_Vectorcall in <CONDA_ENV_PREFIX>/bin/python
39# _PyEval_EvalFrameDefault in <CONDA_ENV_PREFIX>/bin/python
40# _PyFunction_Vectorcall in <CONDA_ENV_PREFIX>/bin/python
41# _PyEval_EvalFrameDefault in <CONDA_ENV_PREFIX>/bin/python
42# _PyFunction_Vectorcall in <CONDA_ENV_PREFIX>/bin/python
43# _PyEval_EvalFrameDefault in <CONDA_ENV_PREFIX>/bin/python
44# _PyFunction_Vectorcall in <CONDA_ENV_PREFIX>/bin/python
45# 0x0000562A974F5979 in <CONDA_ENV_PREFIX>/bin/python
46# _PyObject_MakeTpCall in <CONDA_ENV_PREFIX>/bin/python
47# _PyEval_EvalFrameDefault in <CONDA_ENV_PREFIX>/bin/python
48# _PyFunction_Vectorcall in <CONDA_ENV_PREFIX>/bin/python
49# 0x0000562A974F5A1D in <CONDA_ENV_PREFIX>/bin/python
50# _PyObject_MakeTpCall in <CONDA_ENV_PREFIX>/bin/python
51# _PyEval_EvalFrameDefault in <CONDA_ENV_PREFIX>/bin/python
52# 0x0000562A97580B0D in <CONDA_ENV_PREFIX>/bin/python
53# PyEval_EvalCode in <CONDA_ENV_PREFIX>/bin/python
54# 0x0000562A9759E1AA in <CONDA_ENV_PREFIX>/bin/python
55# 0x0000562A97599E33 in <CONDA_ENV_PREFIX>/bin/python
56# 0x0000562A975AF3D0 in <CONDA_ENV_PREFIX>/bin/python
57# _PyRun_SimpleFileObject in <CONDA_ENV_PREFIX>/bin/python
58# _PyRun_AnyFileObject in <CONDA_ENV_PREFIX>/bin/python
59# Py_RunMain in <CONDA_ENV_PREFIX>/bin/python
60# Py_BytesMain in <CONDA_ENV_PREFIX>/bin/python
61# 0x00007FAB751F1D90 in /lib/x86_64-linux-gnu/libc.so.6
62# __libc_start_main in /lib/x86_64-linux-gnu/libc.so.6
63# 0x0000562A9757037A in <CONDA_ENV_PREFIX>/bin/python
----------
****

[21:26:54] UFFTYPER: Unrecognized atom type: S_5+6 (1)
[21:26:54] UFFTYPER: Unrecognized atom type: S_5+6 (1)
[21:26:54] 

****
Pre-condition Violation
bad params pointer
Violation occurred on line 79 in file /home/conda/feedstock_root/build_artifacts/rdkit-meta_1745736747213/work/Code/ForceField/UFF/AngleBend.cpp
Failed Expression: at2Params
----------
Stacktrace:
 0# Invar::Invariant::toString[abi:cxx11]() const in <CONDA_ENV_PREFIX>/lib/python3.11/site-packages/rdkit/../../../libRDKitRDGeneral.so.1
 1# Invar::operator<<(std::ostream&, Invar::Invariant const&) in <CONDA_ENV_PREFIX>/lib/python3.11/site-packages/rdkit/../../../libRDKitRDGeneral.so.1
 2# ForceFields::UFF::AngleBendContrib::AngleBendContrib(ForceFields::ForceField*, unsigned int, unsigned int, unsigned int, double, double, ForceFields::UFF::AtomicParams const*, ForceFields::UFF::AtomicParams const*, ForceFields::UFF::AtomicParams const*, unsigned int) in <CONDA_ENV_PREFIX>/lib/python3.11/site-packages/rdkit/ForceField/../../../../libRDKitForceField.so.1
 3# RDKit::UFF::Tools::addTrigonalBipyramidAngles(RDKit::Atom const*, RDKit::ROMol const&, int, std::vector<ForceFields::UFF::AtomicParams const*, std::allocator<ForceFields::UFF::AtomicParams const*> > const&, ForceFields::ForceField*) in <CONDA_ENV_PREFIX>/lib/python3.11/site-packages/rdkit/ForceField/../../../../libRDKitForceFieldHelpers.so.1
 4# RDKit::UFF::Tools::addAngleSpecialCases(RDKit::ROMol const&, int, std::vector<ForceFields::UFF::AtomicParams const*, std::allocator<ForceFields::UFF::AtomicParams const*> > const&, ForceFields::ForceField*) in <CONDA_ENV_PREFIX>/lib/python3.11/site-packages/rdkit/ForceField/../../../../libRDKitForceFieldHelpers.so.1
 5# RDKit::UFF::constructForceField(RDKit::ROMol&, std::vector<ForceFields::UFF::AtomicParams const*, std::allocator<ForceFields::UFF::AtomicParams const*> > const&, double, int, bool) in <CONDA_ENV_PREFIX>/lib/python3.11/site-packages/rdkit/ForceField/../../../../libRDKitForceFieldHelpers.so.1
 6# RDKit::UFF::constructForceField(RDKit::ROMol&, double, int, bool) in <CONDA_ENV_PREFIX>/lib/python3.11/site-packages/rdkit/ForceField/../../../../libRDKitForceFieldHelpers.so.1
 7# RDKit::UFFHelper(RDKit::ROMol&, int, double, int, bool) in <CONDA_ENV_PREFIX>/lib/python3.11/site-packages/rdkit/Chem/rdForceFieldHelpers.so
 8# 0x00007FAB6461403D in <CONDA_ENV_PREFIX>/lib/python3.11/site-packages/rdkit/Chem/rdForceFieldHelpers.so
 9# boost::python::objects::function::call(_object*, _object*) const in <CONDA_ENV_PREFIX>/lib/python3.11/site-packages/rdkit/../../../libboost_python311.so.1.86.0
10# 0x00007FAB6656D449 in <CONDA_ENV_PREFIX>/lib/python3.11/site-packages/rdkit/../../../libboost_python311.so.1.86.0
11# boost::python::detail::exception_handler::operator()(boost::function_n<void> const&) const in <CONDA_ENV_PREFIX>/lib/python3.11/site-packages/rdkit/../../../libboost_python311.so.1.86.0
12# 0x00007FAB642CDC04 in <CONDA_ENV_PREFIX>/lib/python3.11/site-packages/rdkit/Chem/rdSLNParse.so
13# 0x00007FAB646BB354 in <CONDA_ENV_PREFIX>/lib/python3.11/site-packages/rdkit/Chem/rdDepictor.so
14# 0x00007FAB64959DD4 in <CONDA_ENV_PREFIX>/lib/python3.11/site-packages/rdkit/Chem/rdChemReactions.so
15# 0x00007FAB64959E24 in <CONDA_ENV_PREFIX>/lib/python3.11/site-packages/rdkit/Chem/rdChemReactions.so
16# 0x00007FAB64AD2B94 in <CONDA_ENV_PREFIX>/lib/python3.11/site-packages/rdkit/Chem/rdMolChemicalFeatures.so
17# 0x00007FAB6554A9B4 in <CONDA_ENV_PREFIX>/lib/python3.11/site-packages/rdkit/Chem/rdmolfiles.so
18# 0x00007FAB6554AA04 in <CONDA_ENV_PREFIX>/lib/python3.11/site-packages/rdkit/Chem/rdmolfiles.so
19# 0x00007FAB65664B04 in <CONDA_ENV_PREFIX>/lib/python3.11/site-packages/rdkit/Chem/rdCIPLabeler.so
20# 0x00007FAB66039174 in <CONDA_ENV_PREFIX>/lib/python3.11/site-packages/rdkit/Chem/rdchem.so
21# 0x00007FAB65FCDAAD in <CONDA_ENV_PREFIX>/lib/python3.11/site-packages/rdkit/Chem/rdchem.so
22# 0x00007FAB65FCD6AD in <CONDA_ENV_PREFIX>/lib/python3.11/site-packages/rdkit/Chem/rdchem.so
23# 0x00007FAB65FCD2AD in <CONDA_ENV_PREFIX>/lib/python3.11/site-packages/rdkit/Chem/rdchem.so
24# 0x00007FAB65FCCEAD in <CONDA_ENV_PREFIX>/lib/python3.11/site-packages/rdkit/Chem/rdchem.so
25# 0x00007FAB65FCCAAD in <CONDA_ENV_PREFIX>/lib/python3.11/site-packages/rdkit/Chem/rdchem.so
26# 0x00007FAB66641E54 in <CONDA_ENV_PREFIX>/lib/python3.11/site-packages/rdkit/rdBase.so
27# 0x00007FAB66641EA4 in <CONDA_ENV_PREFIX>/lib/python3.11/site-packages/rdkit/rdBase.so
28# 0x00007FAB66641EF4 in <CONDA_ENV_PREFIX>/lib/python3.11/site-packages/rdkit/rdBase.so
29# 0x00007FAB66641F44 in <CONDA_ENV_PREFIX>/lib/python3.11/site-packages/rdkit/rdBase.so
30# boost::python::handle_exception_impl(boost::function_n<void>) in <CONDA_ENV_PREFIX>/lib/python3.11/site-packages/rdkit/../../../libboost_python311.so.1.86.0
31# 0x00007FAB6656A9B3 in <CONDA_ENV_PREFIX>/lib/python3.11/site-packages/rdkit/../../../libboost_python311.so.1.86.0
32# _PyObject_MakeTpCall in <CONDA_ENV_PREFIX>/bin/python
33# _PyEval_EvalFrameDefault in <CONDA_ENV_PREFIX>/bin/python
34# _PyFunction_Vectorcall in <CONDA_ENV_PREFIX>/bin/python
35# 0x0000562A975F3C50 in <CONDA_ENV_PREFIX>/bin/python
36# 0x0000562A97509745 in <CONDA_ENV_PREFIX>/bin/python
37# 0x0000562A9753A1AA in <CONDA_ENV_PREFIX>/bin/python
38# PyObject_Vectorcall in <CONDA_ENV_PREFIX>/bin/python
39# _PyEval_EvalFrameDefault in <CONDA_ENV_PREFIX>/bin/python
40# _PyFunction_Vectorcall in <CONDA_ENV_PREFIX>/bin/python
41# _PyEval_EvalFrameDefault in <CONDA_ENV_PREFIX>/bin/python
42# _PyFunction_Vectorcall in <CONDA_ENV_PREFIX>/bin/python
43# _PyEval_EvalFrameDefault in <CONDA_ENV_PREFIX>/bin/python
44# _PyFunction_Vectorcall in <CONDA_ENV_PREFIX>/bin/python
45# 0x0000562A974F5979 in <CONDA_ENV_PREFIX>/bin/python
46# _PyObject_MakeTpCall in <CONDA_ENV_PREFIX>/bin/python
47# _PyEval_EvalFrameDefault in <CONDA_ENV_PREFIX>/bin/python
48# _PyFunction_Vectorcall in <CONDA_ENV_PREFIX>/bin/python
49# 0x0000562A974F5A1D in <CONDA_ENV_PREFIX>/bin/python
50# _PyObject_MakeTpCall in <CONDA_ENV_PREFIX>/bin/python
51# _PyEval_EvalFrameDefault in <CONDA_ENV_PREFIX>/bin/python
52# 0x0000562A97580B0D in <CONDA_ENV_PREFIX>/bin/python
53# PyEval_EvalCode in <CONDA_ENV_PREFIX>/bin/python
54# 0x0000562A9759E1AA in <CONDA_ENV_PREFIX>/bin/python
55# 0x0000562A97599E33 in <CONDA_ENV_PREFIX>/bin/python
56# 0x0000562A975AF3D0 in <CONDA_ENV_PREFIX>/bin/python
57# _PyRun_SimpleFileObject in <CONDA_ENV_PREFIX>/bin/python
58# _PyRun_AnyFileObject in <CONDA_ENV_PREFIX>/bin/python
59# Py_RunMain in <CONDA_ENV_PREFIX>/bin/python
60# Py_BytesMain in <CONDA_ENV_PREFIX>/bin/python
61# 0x00007FAB751F1D90 in /lib/x86_64-linux-gnu/libc.so.6
62# __libc_start_main in /lib/x86_64-linux-gnu/libc.so.6
63# 0x0000562A9757037A in <CONDA_ENV_PREFIX>/bin/python
----------
****

[21:26:54] UFFTYPER: Unrecognized atom type: S_5+6 (13)
[21:26:54] UFFTYPER: Unrecognized atom type: S_5+6 (13)
[21:26:54] 

****
Pre-condition Violation
bad params pointer
Violation occurred on line 79 in file /home/conda/feedstock_root/build_artifacts/rdkit-meta_1745736747213/work/Code/ForceField/UFF/AngleBend.cpp
Failed Expression: at2Params
----------
Stacktrace:
 0# Invar::Invariant::toString[abi:cxx11]() const in <CONDA_ENV_PREFIX>/lib/python3.11/site-packages/rdkit/../../../libRDKitRDGeneral.so.1
 1# Invar::operator<<(std::ostream&, Invar::Invariant const&) in <CONDA_ENV_PREFIX>/lib/python3.11/site-packages/rdkit/../../../libRDKitRDGeneral.so.1
 2# ForceFields::UFF::AngleBendContrib::AngleBendContrib(ForceFields::ForceField*, unsigned int, unsigned int, unsigned int, double, double, ForceFields::UFF::AtomicParams const*, ForceFields::UFF::AtomicParams const*, ForceFields::UFF::AtomicParams const*, unsigned int) in <CONDA_ENV_PREFIX>/lib/python3.11/site-packages/rdkit/ForceField/../../../../libRDKitForceField.so.1
 3# RDKit::UFF::Tools::addTrigonalBipyramidAngles(RDKit::Atom const*, RDKit::ROMol const&, int, std::vector<ForceFields::UFF::AtomicParams const*, std::allocator<ForceFields::UFF::AtomicParams const*> > const&, ForceFields::ForceField*) in <CONDA_ENV_PREFIX>/lib/python3.11/site-packages/rdkit/ForceField/../../../../libRDKitForceFieldHelpers.so.1
 4# RDKit::UFF::Tools::addAngleSpecialCases(RDKit::ROMol const&, int, std::vector<ForceFields::UFF::AtomicParams const*, std::allocator<ForceFields::UFF::AtomicParams const*> > const&, ForceFields::ForceField*) in <CONDA_ENV_PREFIX>/lib/python3.11/site-packages/rdkit/ForceField/../../../../libRDKitForceFieldHelpers.so.1
 5# RDKit::UFF::constructForceField(RDKit::ROMol&, std::vector<ForceFields::UFF::AtomicParams const*, std::allocator<ForceFields::UFF::AtomicParams const*> > const&, double, int, bool) in <CONDA_ENV_PREFIX>/lib/python3.11/site-packages/rdkit/ForceField/../../../../libRDKitForceFieldHelpers.so.1
 6# RDKit::UFF::constructForceField(RDKit::ROMol&, double, int, bool) in <CONDA_ENV_PREFIX>/lib/python3.11/site-packages/rdkit/ForceField/../../../../libRDKitForceFieldHelpers.so.1
 7# RDKit::UFFHelper(RDKit::ROMol&, int, double, int, bool) in <CONDA_ENV_PREFIX>/lib/python3.11/site-packages/rdkit/Chem/rdForceFieldHelpers.so
 8# 0x00007FAB6461403D in <CONDA_ENV_PREFIX>/lib/python3.11/site-packages/rdkit/Chem/rdForceFieldHelpers.so
 9# boost::python::objects::function::call(_object*, _object*) const in <CONDA_ENV_PREFIX>/lib/python3.11/site-packages/rdkit/../../../libboost_python311.so.1.86.0
10# 0x00007FAB6656D449 in <CONDA_ENV_PREFIX>/lib/python3.11/site-packages/rdkit/../../../libboost_python311.so.1.86.0
11# boost::python::detail::exception_handler::operator()(boost::function_n<void> const&) const in <CONDA_ENV_PREFIX>/lib/python3.11/site-packages/rdkit/../../../libboost_python311.so.1.86.0
12# 0x00007FAB642CDC04 in <CONDA_ENV_PREFIX>/lib/python3.11/site-packages/rdkit/Chem/rdSLNParse.so
13# 0x00007FAB646BB354 in <CONDA_ENV_PREFIX>/lib/python3.11/site-packages/rdkit/Chem/rdDepictor.so
14# 0x00007FAB64959DD4 in <CONDA_ENV_PREFIX>/lib/python3.11/site-packages/rdkit/Chem/rdChemReactions.so
15# 0x00007FAB64959E24 in <CONDA_ENV_PREFIX>/lib/python3.11/site-packages/rdkit/Chem/rdChemReactions.so
16# 0x00007FAB64AD2B94 in <CONDA_ENV_PREFIX>/lib/python3.11/site-packages/rdkit/Chem/rdMolChemicalFeatures.so
17# 0x00007FAB6554A9B4 in <CONDA_ENV_PREFIX>/lib/python3.11/site-packages/rdkit/Chem/rdmolfiles.so
18# 0x00007FAB6554AA04 in <CONDA_ENV_PREFIX>/lib/python3.11/site-packages/rdkit/Chem/rdmolfiles.so
19# 0x00007FAB65664B04 in <CONDA_ENV_PREFIX>/lib/python3.11/site-packages/rdkit/Chem/rdCIPLabeler.so
20# 0x00007FAB66039174 in <CONDA_ENV_PREFIX>/lib/python3.11/site-packages/rdkit/Chem/rdchem.so
21# 0x00007FAB65FCDAAD in <CONDA_ENV_PREFIX>/lib/python3.11/site-packages/rdkit/Chem/rdchem.so
22# 0x00007FAB65FCD6AD in <CONDA_ENV_PREFIX>/lib/python3.11/site-packages/rdkit/Chem/rdchem.so
23# 0x00007FAB65FCD2AD in <CONDA_ENV_PREFIX>/lib/python3.11/site-packages/rdkit/Chem/rdchem.so
24# 0x00007FAB65FCCEAD in <CONDA_ENV_PREFIX>/lib/python3.11/site-packages/rdkit/Chem/rdchem.so
25# 0x00007FAB65FCCAAD in <CONDA_ENV_PREFIX>/lib/python3.11/site-packages/rdkit/Chem/rdchem.so
26# 0x00007FAB66641E54 in <CONDA_ENV_PREFIX>/lib/python3.11/site-packages/rdkit/rdBase.so
27# 0x00007FAB66641EA4 in <CONDA_ENV_PREFIX>/lib/python3.11/site-packages/rdkit/rdBase.so
28# 0x00007FAB66641EF4 in <CONDA_ENV_PREFIX>/lib/python3.11/site-packages/rdkit/rdBase.so
29# 0x00007FAB66641F44 in <CONDA_ENV_PREFIX>/lib/python3.11/site-packages/rdkit/rdBase.so
30# boost::python::handle_exception_impl(boost::function_n<void>) in <CONDA_ENV_PREFIX>/lib/python3.11/site-packages/rdkit/../../../libboost_python311.so.1.86.0
31# 0x00007FAB6656A9B3 in <CONDA_ENV_PREFIX>/lib/python3.11/site-packages/rdkit/../../../libboost_python311.so.1.86.0
32# _PyObject_MakeTpCall in <CONDA_ENV_PREFIX>/bin/python
33# _PyEval_EvalFrameDefault in <CONDA_ENV_PREFIX>/bin/python
34# _PyFunction_Vectorcall in <CONDA_ENV_PREFIX>/bin/python
35# 0x0000562A975F3C50 in <CONDA_ENV_PREFIX>/bin/python
36# 0x0000562A97509745 in <CONDA_ENV_PREFIX>/bin/python
37# 0x0000562A9753A1AA in <CONDA_ENV_PREFIX>/bin/python
38# PyObject_Vectorcall in <CONDA_ENV_PREFIX>/bin/python
39# _PyEval_EvalFrameDefault in <CONDA_ENV_PREFIX>/bin/python
40# _PyFunction_Vectorcall in <CONDA_ENV_PREFIX>/bin/python
41# _PyEval_EvalFrameDefault in <CONDA_ENV_PREFIX>/bin/python
42# _PyFunction_Vectorcall in <CONDA_ENV_PREFIX>/bin/python
43# _PyEval_EvalFrameDefault in <CONDA_ENV_PREFIX>/bin/python
44# _PyFunction_Vectorcall in <CONDA_ENV_PREFIX>/bin/python
45# 0x0000562A974F5979 in <CONDA_ENV_PREFIX>/bin/python
46# _PyObject_MakeTpCall in <CONDA_ENV_PREFIX>/bin/python
47# _PyEval_EvalFrameDefault in <CONDA_ENV_PREFIX>/bin/python
48# _PyFunction_Vectorcall in <CONDA_ENV_PREFIX>/bin/python
49# 0x0000562A974F5A1D in <CONDA_ENV_PREFIX>/bin/python
50# _PyObject_MakeTpCall in <CONDA_ENV_PREFIX>/bin/python
51# _PyEval_EvalFrameDefault in <CONDA_ENV_PREFIX>/bin/python
52# 0x0000562A97580B0D in <CONDA_ENV_PREFIX>/bin/python
53# PyEval_EvalCode in <CONDA_ENV_PREFIX>/bin/python
54# 0x0000562A9759E1AA in <CONDA_ENV_PREFIX>/bin/python
55# 0x0000562A97599E33 in <CONDA_ENV_PREFIX>/bin/python
56# 0x0000562A975AF3D0 in <CONDA_ENV_PREFIX>/bin/python
57# _PyRun_SimpleFileObject in <CONDA_ENV_PREFIX>/bin/python
58# _PyRun_AnyFileObject in <CONDA_ENV_PREFIX>/bin/python
59# Py_RunMain in <CONDA_ENV_PREFIX>/bin/python
60# Py_BytesMain in <CONDA_ENV_PREFIX>/bin/python
61# 0x00007FAB751F1D90 in /lib/x86_64-linux-gnu/libc.so.6
62# __libc_start_main in /lib/x86_64-linux-gnu/libc.so.6
63# 0x0000562A9757037A in <CONDA_ENV_PREFIX>/bin/python
----------
****

[21:26:54] UFFTYPER: Unrecognized atom type: S_5+6 (11)
[21:26:54] UFFTYPER: Unrecognized atom type: S_5+6 (11)
[21:26:54] 

****
Pre-condition Violation
bad params pointer
Violation occurred on line 79 in file /home/conda/feedstock_root/build_artifacts/rdkit-meta_1745736747213/work/Code/ForceField/UFF/AngleBend.cpp
Failed Expression: at2Params
----------
Stacktrace:
 0# Invar::Invariant::toString[abi:cxx11]() const in <CONDA_ENV_PREFIX>/lib/python3.11/site-packages/rdkit/../../../libRDKitRDGeneral.so.1
 1# Invar::operator<<(std::ostream&, Invar::Invariant const&) in <CONDA_ENV_PREFIX>/lib/python3.11/site-packages/rdkit/../../../libRDKitRDGeneral.so.1
 2# ForceFields::UFF::AngleBendContrib::AngleBendContrib(ForceFields::ForceField*, unsigned int, unsigned int, unsigned int, double, double, ForceFields::UFF::AtomicParams const*, ForceFields::UFF::AtomicParams const*, ForceFields::UFF::AtomicParams const*, unsigned int) in <CONDA_ENV_PREFIX>/lib/python3.11/site-packages/rdkit/ForceField/../../../../libRDKitForceField.so.1
 3# RDKit::UFF::Tools::addTrigonalBipyramidAngles(RDKit::Atom const*, RDKit::ROMol const&, int, std::vector<ForceFields::UFF::AtomicParams const*, std::allocator<ForceFields::UFF::AtomicParams const*> > const&, ForceFields::ForceField*) in <CONDA_ENV_PREFIX>/lib/python3.11/site-packages/rdkit/ForceField/../../../../libRDKitForceFieldHelpers.so.1
 4# RDKit::UFF::Tools::addAngleSpecialCases(RDKit::ROMol const&, int, std::vector<ForceFields::UFF::AtomicParams const*, std::allocator<ForceFields::UFF::AtomicParams const*> > const&, ForceFields::ForceField*) in <CONDA_ENV_PREFIX>/lib/python3.11/site-packages/rdkit/ForceField/../../../../libRDKitForceFieldHelpers.so.1
 5# RDKit::UFF::constructForceField(RDKit::ROMol&, std::vector<ForceFields::UFF::AtomicParams const*, std::allocator<ForceFields::UFF::AtomicParams const*> > const&, double, int, bool) in <CONDA_ENV_PREFIX>/lib/python3.11/site-packages/rdkit/ForceField/../../../../libRDKitForceFieldHelpers.so.1
 6# RDKit::UFF::constructForceField(RDKit::ROMol&, double, int, bool) in <CONDA_ENV_PREFIX>/lib/python3.11/site-packages/rdkit/ForceField/../../../../libRDKitForceFieldHelpers.so.1
 7# RDKit::UFFHelper(RDKit::ROMol&, int, double, int, bool) in <CONDA_ENV_PREFIX>/lib/python3.11/site-packages/rdkit/Chem/rdForceFieldHelpers.so
 8# 0x00007FAB6461403D in <CONDA_ENV_PREFIX>/lib/python3.11/site-packages/rdkit/Chem/rdForceFieldHelpers.so
 9# boost::python::objects::function::call(_object*, _object*) const in <CONDA_ENV_PREFIX>/lib/python3.11/site-packages/rdkit/../../../libboost_python311.so.1.86.0
10# 0x00007FAB6656D449 in <CONDA_ENV_PREFIX>/lib/python3.11/site-packages/rdkit/../../../libboost_python311.so.1.86.0
11# boost::python::detail::exception_handler::operator()(boost::function_n<void> const&) const in <CONDA_ENV_PREFIX>/lib/python3.11/site-packages/rdkit/../../../libboost_python311.so.1.86.0
12# 0x00007FAB642CDC04 in <CONDA_ENV_PREFIX>/lib/python3.11/site-packages/rdkit/Chem/rdSLNParse.so
13# 0x00007FAB646BB354 in <CONDA_ENV_PREFIX>/lib/python3.11/site-packages/rdkit/Chem/rdDepictor.so
14# 0x00007FAB64959DD4 in <CONDA_ENV_PREFIX>/lib/python3.11/site-packages/rdkit/Chem/rdChemReactions.so
15# 0x00007FAB64959E24 in <CONDA_ENV_PREFIX>/lib/python3.11/site-packages/rdkit/Chem/rdChemReactions.so
16# 0x00007FAB64AD2B94 in <CONDA_ENV_PREFIX>/lib/python3.11/site-packages/rdkit/Chem/rdMolChemicalFeatures.so
17# 0x00007FAB6554A9B4 in <CONDA_ENV_PREFIX>/lib/python3.11/site-packages/rdkit/Chem/rdmolfiles.so
18# 0x00007FAB6554AA04 in <CONDA_ENV_PREFIX>/lib/python3.11/site-packages/rdkit/Chem/rdmolfiles.so
19# 0x00007FAB65664B04 in <CONDA_ENV_PREFIX>/lib/python3.11/site-packages/rdkit/Chem/rdCIPLabeler.so
20# 0x00007FAB66039174 in <CONDA_ENV_PREFIX>/lib/python3.11/site-packages/rdkit/Chem/rdchem.so
21# 0x00007FAB65FCDAAD in <CONDA_ENV_PREFIX>/lib/python3.11/site-packages/rdkit/Chem/rdchem.so
22# 0x00007FAB65FCD6AD in <CONDA_ENV_PREFIX>/lib/python3.11/site-packages/rdkit/Chem/rdchem.so
23# 0x00007FAB65FCD2AD in <CONDA_ENV_PREFIX>/lib/python3.11/site-packages/rdkit/Chem/rdchem.so
24# 0x00007FAB65FCCEAD in <CONDA_ENV_PREFIX>/lib/python3.11/site-packages/rdkit/Chem/rdchem.so
25# 0x00007FAB65FCCAAD in <CONDA_ENV_PREFIX>/lib/python3.11/site-packages/rdkit/Chem/rdchem.so
26# 0x00007FAB66641E54 in <CONDA_ENV_PREFIX>/lib/python3.11/site-packages/rdkit/rdBase.so
27# 0x00007FAB66641EA4 in <CONDA_ENV_PREFIX>/lib/python3.11/site-packages/rdkit/rdBase.so
28# 0x00007FAB66641EF4 in <CONDA_ENV_PREFIX>/lib/python3.11/site-packages/rdkit/rdBase.so
29# 0x00007FAB66641F44 in <CONDA_ENV_PREFIX>/lib/python3.11/site-packages/rdkit/rdBase.so
30# boost::python::handle_exception_impl(boost::function_n<void>) in <CONDA_ENV_PREFIX>/lib/python3.11/site-packages/rdkit/../../../libboost_python311.so.1.86.0
31# 0x00007FAB6656A9B3 in <CONDA_ENV_PREFIX>/lib/python3.11/site-packages/rdkit/../../../libboost_python311.so.1.86.0
32# _PyObject_MakeTpCall in <CONDA_ENV_PREFIX>/bin/python
33# _PyEval_EvalFrameDefault in <CONDA_ENV_PREFIX>/bin/python
34# _PyFunction_Vectorcall in <CONDA_ENV_PREFIX>/bin/python
35# 0x0000562A975F3C50 in <CONDA_ENV_PREFIX>/bin/python
36# 0x0000562A97509745 in <CONDA_ENV_PREFIX>/bin/python
37# 0x0000562A9753A1AA in <CONDA_ENV_PREFIX>/bin/python
38# PyObject_Vectorcall in <CONDA_ENV_PREFIX>/bin/python
39# _PyEval_EvalFrameDefault in <CONDA_ENV_PREFIX>/bin/python
40# _PyFunction_Vectorcall in <CONDA_ENV_PREFIX>/bin/python
41# _PyEval_EvalFrameDefault in <CONDA_ENV_PREFIX>/bin/python
42# _PyFunction_Vectorcall in <CONDA_ENV_PREFIX>/bin/python
43# _PyEval_EvalFrameDefault in <CONDA_ENV_PREFIX>/bin/python
44# _PyFunction_Vectorcall in <CONDA_ENV_PREFIX>/bin/python
45# 0x0000562A974F5979 in <CONDA_ENV_PREFIX>/bin/python
46# _PyObject_MakeTpCall in <CONDA_ENV_PREFIX>/bin/python
47# _PyEval_EvalFrameDefault in <CONDA_ENV_PREFIX>/bin/python
48# _PyFunction_Vectorcall in <CONDA_ENV_PREFIX>/bin/python
49# 0x0000562A974F5A1D in <CONDA_ENV_PREFIX>/bin/python
50# _PyObject_MakeTpCall in <CONDA_ENV_PREFIX>/bin/python
51# _PyEval_EvalFrameDefault in <CONDA_ENV_PREFIX>/bin/python
52# 0x0000562A97580B0D in <CONDA_ENV_PREFIX>/bin/python
53# PyEval_EvalCode in <CONDA_ENV_PREFIX>/bin/python
54# 0x0000562A9759E1AA in <CONDA_ENV_PREFIX>/bin/python
55# 0x0000562A97599E33 in <CONDA_ENV_PREFIX>/bin/python
56# 0x0000562A975AF3D0 in <CONDA_ENV_PREFIX>/bin/python
57# _PyRun_SimpleFileObject in <CONDA_ENV_PREFIX>/bin/python
58# _PyRun_AnyFileObject in <CONDA_ENV_PREFIX>/bin/python
59# Py_RunMain in <CONDA_ENV_PREFIX>/bin/python
60# Py_BytesMain in <CONDA_ENV_PREFIX>/bin/python
61# 0x00007FAB751F1D90 in /lib/x86_64-linux-gnu/libc.so.6
62# __libc_start_main in /lib/x86_64-linux-gnu/libc.so.6
63# 0x0000562A9757037A in <CONDA_ENV_PREFIX>/bin/python
----------
****

[21:26:55] UFFTYPER: Unrecognized atom type: S_5+6 (1)
[21:26:55] UFFTYPER: Unrecognized atom type: S_5+6 (1)
[21:26:55] 

****
Pre-condition Violation
bad params pointer
Violation occurred on line 79 in file /home/conda/feedstock_root/build_artifacts/rdkit-meta_1745736747213/work/Code/ForceField/UFF/AngleBend.cpp
Failed Expression: at2Params
----------
Stacktrace:
 0# Invar::Invariant::toString[abi:cxx11]() const in <CONDA_ENV_PREFIX>/lib/python3.11/site-packages/rdkit/../../../libRDKitRDGeneral.so.1
 1# Invar::operator<<(std::ostream&, Invar::Invariant const&) in <CONDA_ENV_PREFIX>/lib/python3.11/site-packages/rdkit/../../../libRDKitRDGeneral.so.1
 2# ForceFields::UFF::AngleBendContrib::AngleBendContrib(ForceFields::ForceField*, unsigned int, unsigned int, unsigned int, double, double, ForceFields::UFF::AtomicParams const*, ForceFields::UFF::AtomicParams const*, ForceFields::UFF::AtomicParams const*, unsigned int) in <CONDA_ENV_PREFIX>/lib/python3.11/site-packages/rdkit/ForceField/../../../../libRDKitForceField.so.1
 3# RDKit::UFF::Tools::addTrigonalBipyramidAngles(RDKit::Atom const*, RDKit::ROMol const&, int, std::vector<ForceFields::UFF::AtomicParams const*, std::allocator<ForceFields::UFF::AtomicParams const*> > const&, ForceFields::ForceField*) in <CONDA_ENV_PREFIX>/lib/python3.11/site-packages/rdkit/ForceField/../../../../libRDKitForceFieldHelpers.so.1
 4# RDKit::UFF::Tools::addAngleSpecialCases(RDKit::ROMol const&, int, std::vector<ForceFields::UFF::AtomicParams const*, std::allocator<ForceFields::UFF::AtomicParams const*> > const&, ForceFields::ForceField*) in <CONDA_ENV_PREFIX>/lib/python3.11/site-packages/rdkit/ForceField/../../../../libRDKitForceFieldHelpers.so.1
 5# RDKit::UFF::constructForceField(RDKit::ROMol&, std::vector<ForceFields::UFF::AtomicParams const*, std::allocator<ForceFields::UFF::AtomicParams const*> > const&, double, int, bool) in <CONDA_ENV_PREFIX>/lib/python3.11/site-packages/rdkit/ForceField/../../../../libRDKitForceFieldHelpers.so.1
 6# RDKit::UFF::constructForceField(RDKit::ROMol&, double, int, bool) in <CONDA_ENV_PREFIX>/lib/python3.11/site-packages/rdkit/ForceField/../../../../libRDKitForceFieldHelpers.so.1
 7# RDKit::UFFHelper(RDKit::ROMol&, int, double, int, bool) in <CONDA_ENV_PREFIX>/lib/python3.11/site-packages/rdkit/Chem/rdForceFieldHelpers.so
 8# 0x00007FAB6461403D in <CONDA_ENV_PREFIX>/lib/python3.11/site-packages/rdkit/Chem/rdForceFieldHelpers.so
 9# boost::python::objects::function::call(_object*, _object*) const in <CONDA_ENV_PREFIX>/lib/python3.11/site-packages/rdkit/../../../libboost_python311.so.1.86.0
10# 0x00007FAB6656D449 in <CONDA_ENV_PREFIX>/lib/python3.11/site-packages/rdkit/../../../libboost_python311.so.1.86.0
11# boost::python::detail::exception_handler::operator()(boost::function_n<void> const&) const in <CONDA_ENV_PREFIX>/lib/python3.11/site-packages/rdkit/../../../libboost_python311.so.1.86.0
12# 0x00007FAB642CDC04 in <CONDA_ENV_PREFIX>/lib/python3.11/site-packages/rdkit/Chem/rdSLNParse.so
13# 0x00007FAB646BB354 in <CONDA_ENV_PREFIX>/lib/python3.11/site-packages/rdkit/Chem/rdDepictor.so
14# 0x00007FAB64959DD4 in <CONDA_ENV_PREFIX>/lib/python3.11/site-packages/rdkit/Chem/rdChemReactions.so
15# 0x00007FAB64959E24 in <CONDA_ENV_PREFIX>/lib/python3.11/site-packages/rdkit/Chem/rdChemReactions.so
16# 0x00007FAB64AD2B94 in <CONDA_ENV_PREFIX>/lib/python3.11/site-packages/rdkit/Chem/rdMolChemicalFeatures.so
17# 0x00007FAB6554A9B4 in <CONDA_ENV_PREFIX>/lib/python3.11/site-packages/rdkit/Chem/rdmolfiles.so
18# 0x00007FAB6554AA04 in <CONDA_ENV_PREFIX>/lib/python3.11/site-packages/rdkit/Chem/rdmolfiles.so
19# 0x00007FAB65664B04 in <CONDA_ENV_PREFIX>/lib/python3.11/site-packages/rdkit/Chem/rdCIPLabeler.so
20# 0x00007FAB66039174 in <CONDA_ENV_PREFIX>/lib/python3.11/site-packages/rdkit/Chem/rdchem.so
21# 0x00007FAB65FCDAAD in <CONDA_ENV_PREFIX>/lib/python3.11/site-packages/rdkit/Chem/rdchem.so
22# 0x00007FAB65FCD6AD in <CONDA_ENV_PREFIX>/lib/python3.11/site-packages/rdkit/Chem/rdchem.so
23# 0x00007FAB65FCD2AD in <CONDA_ENV_PREFIX>/lib/python3.11/site-packages/rdkit/Chem/rdchem.so
24# 0x00007FAB65FCCEAD in <CONDA_ENV_PREFIX>/lib/python3.11/site-packages/rdkit/Chem/rdchem.so
25# 0x00007FAB65FCCAAD in <CONDA_ENV_PREFIX>/lib/python3.11/site-packages/rdkit/Chem/rdchem.so
26# 0x00007FAB66641E54 in <CONDA_ENV_PREFIX>/lib/python3.11/site-packages/rdkit/rdBase.so
27# 0x00007FAB66641EA4 in <CONDA_ENV_PREFIX>/lib/python3.11/site-packages/rdkit/rdBase.so
28# 0x00007FAB66641EF4 in <CONDA_ENV_PREFIX>/lib/python3.11/site-packages/rdkit/rdBase.so
29# 0x00007FAB66641F44 in <CONDA_ENV_PREFIX>/lib/python3.11/site-packages/rdkit/rdBase.so
30# boost::python::handle_exception_impl(boost::function_n<void>) in <CONDA_ENV_PREFIX>/lib/python3.11/site-packages/rdkit/../../../libboost_python311.so.1.86.0
31# 0x00007FAB6656A9B3 in <CONDA_ENV_PREFIX>/lib/python3.11/site-packages/rdkit/../../../libboost_python311.so.1.86.0
32# _PyObject_MakeTpCall in <CONDA_ENV_PREFIX>/bin/python
33# _PyEval_EvalFrameDefault in <CONDA_ENV_PREFIX>/bin/python
34# _PyFunction_Vectorcall in <CONDA_ENV_PREFIX>/bin/python
35# 0x0000562A975F3C50 in <CONDA_ENV_PREFIX>/bin/python
36# 0x0000562A97509745 in <CONDA_ENV_PREFIX>/bin/python
37# 0x0000562A9753A1AA in <CONDA_ENV_PREFIX>/bin/python
38# PyObject_Vectorcall in <CONDA_ENV_PREFIX>/bin/python
39# _PyEval_EvalFrameDefault in <CONDA_ENV_PREFIX>/bin/python
40# _PyFunction_Vectorcall in <CONDA_ENV_PREFIX>/bin/python
41# _PyEval_EvalFrameDefault in <CONDA_ENV_PREFIX>/bin/python
42# _PyFunction_Vectorcall in <CONDA_ENV_PREFIX>/bin/python
43# _PyEval_EvalFrameDefault in <CONDA_ENV_PREFIX>/bin/python
44# _PyFunction_Vectorcall in <CONDA_ENV_PREFIX>/bin/python
45# 0x0000562A974F5979 in <CONDA_ENV_PREFIX>/bin/python
46# _PyObject_MakeTpCall in <CONDA_ENV_PREFIX>/bin/python
47# _PyEval_EvalFrameDefault in <CONDA_ENV_PREFIX>/bin/python
48# _PyFunction_Vectorcall in <CONDA_ENV_PREFIX>/bin/python
49# 0x0000562A974F5A1D in <CONDA_ENV_PREFIX>/bin/python
50# _PyObject_MakeTpCall in <CONDA_ENV_PREFIX>/bin/python
51# _PyEval_EvalFrameDefault in <CONDA_ENV_PREFIX>/bin/python
52# 0x0000562A97580B0D in <CONDA_ENV_PREFIX>/bin/python
53# PyEval_EvalCode in <CONDA_ENV_PREFIX>/bin/python
54# 0x0000562A9759E1AA in <CONDA_ENV_PREFIX>/bin/python
55# 0x0000562A97599E33 in <CONDA_ENV_PREFIX>/bin/python
56# 0x0000562A975AF3D0 in <CONDA_ENV_PREFIX>/bin/python
57# _PyRun_SimpleFileObject in <CONDA_ENV_PREFIX>/bin/python
58# _PyRun_AnyFileObject in <CONDA_ENV_PREFIX>/bin/python
59# Py_RunMain in <CONDA_ENV_PREFIX>/bin/python
60# Py_BytesMain in <CONDA_ENV_PREFIX>/bin/python
61# 0x00007FAB751F1D90 in /lib/x86_64-linux-gnu/libc.so.6
62# __libc_start_main in /lib/x86_64-linux-gnu/libc.so.6
63# 0x0000562A9757037A in <CONDA_ENV_PREFIX>/bin/python
----------
****

[21:26:55] UFFTYPER: Unrecognized atom type: S_5+6 (1)
[21:26:55] UFFTYPER: Unrecognized atom type: S_5+6 (1)
[21:26:55] 

****
Pre-condition Violation
bad params pointer
Violation occurred on line 79 in file /home/conda/feedstock_root/build_artifacts/rdkit-meta_1745736747213/work/Code/ForceField/UFF/AngleBend.cpp
Failed Expression: at2Params
----------
Stacktrace:
 0# Invar::Invariant::toString[abi:cxx11]() const in <CONDA_ENV_PREFIX>/lib/python3.11/site-packages/rdkit/../../../libRDKitRDGeneral.so.1
 1# Invar::operator<<(std::ostream&, Invar::Invariant const&) in <CONDA_ENV_PREFIX>/lib/python3.11/site-packages/rdkit/../../../libRDKitRDGeneral.so.1
 2# ForceFields::UFF::AngleBendContrib::AngleBendContrib(ForceFields::ForceField*, unsigned int, unsigned int, unsigned int, double, double, ForceFields::UFF::AtomicParams const*, ForceFields::UFF::AtomicParams const*, ForceFields::UFF::AtomicParams const*, unsigned int) in <CONDA_ENV_PREFIX>/lib/python3.11/site-packages/rdkit/ForceField/../../../../libRDKitForceField.so.1
 3# RDKit::UFF::Tools::addTrigonalBipyramidAngles(RDKit::Atom const*, RDKit::ROMol const&, int, std::vector<ForceFields::UFF::AtomicParams const*, std::allocator<ForceFields::UFF::AtomicParams const*> > const&, ForceFields::ForceField*) in <CONDA_ENV_PREFIX>/lib/python3.11/site-packages/rdkit/ForceField/../../../../libRDKitForceFieldHelpers.so.1
 4# RDKit::UFF::Tools::addAngleSpecialCases(RDKit::ROMol const&, int, std::vector<ForceFields::UFF::AtomicParams const*, std::allocator<ForceFields::UFF::AtomicParams const*> > const&, ForceFields::ForceField*) in <CONDA_ENV_PREFIX>/lib/python3.11/site-packages/rdkit/ForceField/../../../../libRDKitForceFieldHelpers.so.1
 5# RDKit::UFF::constructForceField(RDKit::ROMol&, std::vector<ForceFields::UFF::AtomicParams const*, std::allocator<ForceFields::UFF::AtomicParams const*> > const&, double, int, bool) in <CONDA_ENV_PREFIX>/lib/python3.11/site-packages/rdkit/ForceField/../../../../libRDKitForceFieldHelpers.so.1
 6# RDKit::UFF::constructForceField(RDKit::ROMol&, double, int, bool) in <CONDA_ENV_PREFIX>/lib/python3.11/site-packages/rdkit/ForceField/../../../../libRDKitForceFieldHelpers.so.1
 7# RDKit::UFFHelper(RDKit::ROMol&, int, double, int, bool) in <CONDA_ENV_PREFIX>/lib/python3.11/site-packages/rdkit/Chem/rdForceFieldHelpers.so
 8# 0x00007FAB6461403D in <CONDA_ENV_PREFIX>/lib/python3.11/site-packages/rdkit/Chem/rdForceFieldHelpers.so
 9# boost::python::objects::function::call(_object*, _object*) const in <CONDA_ENV_PREFIX>/lib/python3.11/site-packages/rdkit/../../../libboost_python311.so.1.86.0
10# 0x00007FAB6656D449 in <CONDA_ENV_PREFIX>/lib/python3.11/site-packages/rdkit/../../../libboost_python311.so.1.86.0
11# boost::python::detail::exception_handler::operator()(boost::function_n<void> const&) const in <CONDA_ENV_PREFIX>/lib/python3.11/site-packages/rdkit/../../../libboost_python311.so.1.86.0
12# 0x00007FAB642CDC04 in <CONDA_ENV_PREFIX>/lib/python3.11/site-packages/rdkit/Chem/rdSLNParse.so
13# 0x00007FAB646BB354 in <CONDA_ENV_PREFIX>/lib/python3.11/site-packages/rdkit/Chem/rdDepictor.so
14# 0x00007FAB64959DD4 in <CONDA_ENV_PREFIX>/lib/python3.11/site-packages/rdkit/Chem/rdChemReactions.so
15# 0x00007FAB64959E24 in <CONDA_ENV_PREFIX>/lib/python3.11/site-packages/rdkit/Chem/rdChemReactions.so
16# 0x00007FAB64AD2B94 in <CONDA_ENV_PREFIX>/lib/python3.11/site-packages/rdkit/Chem/rdMolChemicalFeatures.so
17# 0x00007FAB6554A9B4 in <CONDA_ENV_PREFIX>/lib/python3.11/site-packages/rdkit/Chem/rdmolfiles.so
18# 0x00007FAB6554AA04 in <CONDA_ENV_PREFIX>/lib/python3.11/site-packages/rdkit/Chem/rdmolfiles.so
19# 0x00007FAB65664B04 in <CONDA_ENV_PREFIX>/lib/python3.11/site-packages/rdkit/Chem/rdCIPLabeler.so
20# 0x00007FAB66039174 in <CONDA_ENV_PREFIX>/lib/python3.11/site-packages/rdkit/Chem/rdchem.so
21# 0x00007FAB65FCDAAD in <CONDA_ENV_PREFIX>/lib/python3.11/site-packages/rdkit/Chem/rdchem.so
22# 0x00007FAB65FCD6AD in <CONDA_ENV_PREFIX>/lib/python3.11/site-packages/rdkit/Chem/rdchem.so
23# 0x00007FAB65FCD2AD in <CONDA_ENV_PREFIX>/lib/python3.11/site-packages/rdkit/Chem/rdchem.so
24# 0x00007FAB65FCCEAD in <CONDA_ENV_PREFIX>/lib/python3.11/site-packages/rdkit/Chem/rdchem.so
25# 0x00007FAB65FCCAAD in <CONDA_ENV_PREFIX>/lib/python3.11/site-packages/rdkit/Chem/rdchem.so
26# 0x00007FAB66641E54 in <CONDA_ENV_PREFIX>/lib/python3.11/site-packages/rdkit/rdBase.so
27# 0x00007FAB66641EA4 in <CONDA_ENV_PREFIX>/lib/python3.11/site-packages/rdkit/rdBase.so
28# 0x00007FAB66641EF4 in <CONDA_ENV_PREFIX>/lib/python3.11/site-packages/rdkit/rdBase.so
29# 0x00007FAB66641F44 in <CONDA_ENV_PREFIX>/lib/python3.11/site-packages/rdkit/rdBase.so
30# boost::python::handle_exception_impl(boost::function_n<void>) in <CONDA_ENV_PREFIX>/lib/python3.11/site-packages/rdkit/../../../libboost_python311.so.1.86.0
31# 0x00007FAB6656A9B3 in <CONDA_ENV_PREFIX>/lib/python3.11/site-packages/rdkit/../../../libboost_python311.so.1.86.0
32# _PyObject_MakeTpCall in <CONDA_ENV_PREFIX>/bin/python
33# _PyEval_EvalFrameDefault in <CONDA_ENV_PREFIX>/bin/python
34# _PyFunction_Vectorcall in <CONDA_ENV_PREFIX>/bin/python
35# 0x0000562A975F3C50 in <CONDA_ENV_PREFIX>/bin/python
36# 0x0000562A97509745 in <CONDA_ENV_PREFIX>/bin/python
37# 0x0000562A9753A1AA in <CONDA_ENV_PREFIX>/bin/python
38# PyObject_Vectorcall in <CONDA_ENV_PREFIX>/bin/python
39# _PyEval_EvalFrameDefault in <CONDA_ENV_PREFIX>/bin/python
40# _PyFunction_Vectorcall in <CONDA_ENV_PREFIX>/bin/python
41# _PyEval_EvalFrameDefault in <CONDA_ENV_PREFIX>/bin/python
42# _PyFunction_Vectorcall in <CONDA_ENV_PREFIX>/bin/python
43# _PyEval_EvalFrameDefault in <CONDA_ENV_PREFIX>/bin/python
44# _PyFunction_Vectorcall in <CONDA_ENV_PREFIX>/bin/python
45# 0x0000562A974F5979 in <CONDA_ENV_PREFIX>/bin/python
46# _PyObject_MakeTpCall in <CONDA_ENV_PREFIX>/bin/python
47# _PyEval_EvalFrameDefault in <CONDA_ENV_PREFIX>/bin/python
48# _PyFunction_Vectorcall in <CONDA_ENV_PREFIX>/bin/python
49# 0x0000562A974F5A1D in <CONDA_ENV_PREFIX>/bin/python
50# _PyObject_MakeTpCall in <CONDA_ENV_PREFIX>/bin/python
51# _PyEval_EvalFrameDefault in <CONDA_ENV_PREFIX>/bin/python
52# 0x0000562A97580B0D in <CONDA_ENV_PREFIX>/bin/python
53# PyEval_EvalCode in <CONDA_ENV_PREFIX>/bin/python
54# 0x0000562A9759E1AA in <CONDA_ENV_PREFIX>/bin/python
55# 0x0000562A97599E33 in <CONDA_ENV_PREFIX>/bin/python
56# 0x0000562A975AF3D0 in <CONDA_ENV_PREFIX>/bin/python
57# _PyRun_SimpleFileObject in <CONDA_ENV_PREFIX>/bin/python
58# _PyRun_AnyFileObject in <CONDA_ENV_PREFIX>/bin/python
59# Py_RunMain in <CONDA_ENV_PREFIX>/bin/python
60# Py_BytesMain in <CONDA_ENV_PREFIX>/bin/python
61# 0x00007FAB751F1D90 in /lib/x86_64-linux-gnu/libc.so.6
62# __libc_start_main in /lib/x86_64-linux-gnu/libc.so.6
63# 0x0000562A9757037A in <CONDA_ENV_PREFIX>/bin/python
----------
****

[21:26:55] UFFTYPER: Unrecognized atom type: S_5+6 (8)
[21:26:55] UFFTYPER: Unrecognized atom type: S_5+6 (8)
[21:26:55] 

****
Pre-condition Violation
bad params pointer
Violation occurred on line 79 in file /home/conda/feedstock_root/build_artifacts/rdkit-meta_1745736747213/work/Code/ForceField/UFF/AngleBend.cpp
Failed Expression: at2Params
----------
Stacktrace:
 0# Invar::Invariant::toString[abi:cxx11]() const in <CONDA_ENV_PREFIX>/lib/python3.11/site-packages/rdkit/../../../libRDKitRDGeneral.so.1
 1# Invar::operator<<(std::ostream&, Invar::Invariant const&) in <CONDA_ENV_PREFIX>/lib/python3.11/site-packages/rdkit/../../../libRDKitRDGeneral.so.1
 2# ForceFields::UFF::AngleBendContrib::AngleBendContrib(ForceFields::ForceField*, unsigned int, unsigned int, unsigned int, double, double, ForceFields::UFF::AtomicParams const*, ForceFields::UFF::AtomicParams const*, ForceFields::UFF::AtomicParams const*, unsigned int) in <CONDA_ENV_PREFIX>/lib/python3.11/site-packages/rdkit/ForceField/../../../../libRDKitForceField.so.1
 3# RDKit::UFF::Tools::addTrigonalBipyramidAngles(RDKit::Atom const*, RDKit::ROMol const&, int, std::vector<ForceFields::UFF::AtomicParams const*, std::allocator<ForceFields::UFF::AtomicParams const*> > const&, ForceFields::ForceField*) in <CONDA_ENV_PREFIX>/lib/python3.11/site-packages/rdkit/ForceField/../../../../libRDKitForceFieldHelpers.so.1
 4# RDKit::UFF::Tools::addAngleSpecialCases(RDKit::ROMol const&, int, std::vector<ForceFields::UFF::AtomicParams const*, std::allocator<ForceFields::UFF::AtomicParams const*> > const&, ForceFields::ForceField*) in <CONDA_ENV_PREFIX>/lib/python3.11/site-packages/rdkit/ForceField/../../../../libRDKitForceFieldHelpers.so.1
 5# RDKit::UFF::constructForceField(RDKit::ROMol&, std::vector<ForceFields::UFF::AtomicParams const*, std::allocator<ForceFields::UFF::AtomicParams const*> > const&, double, int, bool) in <CONDA_ENV_PREFIX>/lib/python3.11/site-packages/rdkit/ForceField/../../../../libRDKitForceFieldHelpers.so.1
 6# RDKit::UFF::constructForceField(RDKit::ROMol&, double, int, bool) in <CONDA_ENV_PREFIX>/lib/python3.11/site-packages/rdkit/ForceField/../../../../libRDKitForceFieldHelpers.so.1
 7# RDKit::UFFHelper(RDKit::ROMol&, int, double, int, bool) in <CONDA_ENV_PREFIX>/lib/python3.11/site-packages/rdkit/Chem/rdForceFieldHelpers.so
 8# 0x00007FAB6461403D in <CONDA_ENV_PREFIX>/lib/python3.11/site-packages/rdkit/Chem/rdForceFieldHelpers.so
 9# boost::python::objects::function::call(_object*, _object*) const in <CONDA_ENV_PREFIX>/lib/python3.11/site-packages/rdkit/../../../libboost_python311.so.1.86.0
10# 0x00007FAB6656D449 in <CONDA_ENV_PREFIX>/lib/python3.11/site-packages/rdkit/../../../libboost_python311.so.1.86.0
11# boost::python::detail::exception_handler::operator()(boost::function_n<void> const&) const in <CONDA_ENV_PREFIX>/lib/python3.11/site-packages/rdkit/../../../libboost_python311.so.1.86.0
12# 0x00007FAB642CDC04 in <CONDA_ENV_PREFIX>/lib/python3.11/site-packages/rdkit/Chem/rdSLNParse.so
13# 0x00007FAB646BB354 in <CONDA_ENV_PREFIX>/lib/python3.11/site-packages/rdkit/Chem/rdDepictor.so
14# 0x00007FAB64959DD4 in <CONDA_ENV_PREFIX>/lib/python3.11/site-packages/rdkit/Chem/rdChemReactions.so
15# 0x00007FAB64959E24 in <CONDA_ENV_PREFIX>/lib/python3.11/site-packages/rdkit/Chem/rdChemReactions.so
16# 0x00007FAB64AD2B94 in <CONDA_ENV_PREFIX>/lib/python3.11/site-packages/rdkit/Chem/rdMolChemicalFeatures.so
17# 0x00007FAB6554A9B4 in <CONDA_ENV_PREFIX>/lib/python3.11/site-packages/rdkit/Chem/rdmolfiles.so
18# 0x00007FAB6554AA04 in <CONDA_ENV_PREFIX>/lib/python3.11/site-packages/rdkit/Chem/rdmolfiles.so
19# 0x00007FAB65664B04 in <CONDA_ENV_PREFIX>/lib/python3.11/site-packages/rdkit/Chem/rdCIPLabeler.so
20# 0x00007FAB66039174 in <CONDA_ENV_PREFIX>/lib/python3.11/site-packages/rdkit/Chem/rdchem.so
21# 0x00007FAB65FCDAAD in <CONDA_ENV_PREFIX>/lib/python3.11/site-packages/rdkit/Chem/rdchem.so
22# 0x00007FAB65FCD6AD in <CONDA_ENV_PREFIX>/lib/python3.11/site-packages/rdkit/Chem/rdchem.so
23# 0x00007FAB65FCD2AD in <CONDA_ENV_PREFIX>/lib/python3.11/site-packages/rdkit/Chem/rdchem.so
24# 0x00007FAB65FCCEAD in <CONDA_ENV_PREFIX>/lib/python3.11/site-packages/rdkit/Chem/rdchem.so
25# 0x00007FAB65FCCAAD in <CONDA_ENV_PREFIX>/lib/python3.11/site-packages/rdkit/Chem/rdchem.so
26# 0x00007FAB66641E54 in <CONDA_ENV_PREFIX>/lib/python3.11/site-packages/rdkit/rdBase.so
27# 0x00007FAB66641EA4 in <CONDA_ENV_PREFIX>/lib/python3.11/site-packages/rdkit/rdBase.so
28# 0x00007FAB66641EF4 in <CONDA_ENV_PREFIX>/lib/python3.11/site-packages/rdkit/rdBase.so
29# 0x00007FAB66641F44 in <CONDA_ENV_PREFIX>/lib/python3.11/site-packages/rdkit/rdBase.so
30# boost::python::handle_exception_impl(boost::function_n<void>) in <CONDA_ENV_PREFIX>/lib/python3.11/site-packages/rdkit/../../../libboost_python311.so.1.86.0
31# 0x00007FAB6656A9B3 in <CONDA_ENV_PREFIX>/lib/python3.11/site-packages/rdkit/../../../libboost_python311.so.1.86.0
32# _PyObject_MakeTpCall in <CONDA_ENV_PREFIX>/bin/python
33# _PyEval_EvalFrameDefault in <CONDA_ENV_PREFIX>/bin/python
34# _PyFunction_Vectorcall in <CONDA_ENV_PREFIX>/bin/python
35# 0x0000562A975F3C50 in <CONDA_ENV_PREFIX>/bin/python
36# 0x0000562A97509745 in <CONDA_ENV_PREFIX>/bin/python
37# 0x0000562A9753A1AA in <CONDA_ENV_PREFIX>/bin/python
38# PyObject_Vectorcall in <CONDA_ENV_PREFIX>/bin/python
39# _PyEval_EvalFrameDefault in <CONDA_ENV_PREFIX>/bin/python
40# _PyFunction_Vectorcall in <CONDA_ENV_PREFIX>/bin/python
41# _PyEval_EvalFrameDefault in <CONDA_ENV_PREFIX>/bin/python
42# _PyFunction_Vectorcall in <CONDA_ENV_PREFIX>/bin/python
43# _PyEval_EvalFrameDefault in <CONDA_ENV_PREFIX>/bin/python
44# _PyFunction_Vectorcall in <CONDA_ENV_PREFIX>/bin/python
45# 0x0000562A974F5979 in <CONDA_ENV_PREFIX>/bin/python
46# _PyObject_MakeTpCall in <CONDA_ENV_PREFIX>/bin/python
47# _PyEval_EvalFrameDefault in <CONDA_ENV_PREFIX>/bin/python
48# _PyFunction_Vectorcall in <CONDA_ENV_PREFIX>/bin/python
49# 0x0000562A974F5A1D in <CONDA_ENV_PREFIX>/bin/python
50# _PyObject_MakeTpCall in <CONDA_ENV_PREFIX>/bin/python
51# _PyEval_EvalFrameDefault in <CONDA_ENV_PREFIX>/bin/python
52# 0x0000562A97580B0D in <CONDA_ENV_PREFIX>/bin/python
53# PyEval_EvalCode in <CONDA_ENV_PREFIX>/bin/python
54# 0x0000562A9759E1AA in <CONDA_ENV_PREFIX>/bin/python
55# 0x0000562A97599E33 in <CONDA_ENV_PREFIX>/bin/python
56# 0x0000562A975AF3D0 in <CONDA_ENV_PREFIX>/bin/python
57# _PyRun_SimpleFileObject in <CONDA_ENV_PREFIX>/bin/python
58# _PyRun_AnyFileObject in <CONDA_ENV_PREFIX>/bin/python
59# Py_RunMain in <CONDA_ENV_PREFIX>/bin/python
60# Py_BytesMain in <CONDA_ENV_PREFIX>/bin/python
61# 0x00007FAB751F1D90 in /lib/x86_64-linux-gnu/libc.so.6
62# __libc_start_main in /lib/x86_64-linux-gnu/libc.so.6
63# 0x0000562A9757037A in <CONDA_ENV_PREFIX>/bin/python
----------
****

[21:26:55] UFFTYPER: Unrecognized atom type: S_5+6 (9)
[21:26:55] UFFTYPER: Unrecognized atom type: S_5+6 (9)
[21:26:55] 

****
Pre-condition Violation
bad params pointer
Violation occurred on line 79 in file /home/conda/feedstock_root/build_artifacts/rdkit-meta_1745736747213/work/Code/ForceField/UFF/AngleBend.cpp
Failed Expression: at2Params
----------
Stacktrace:
 0# Invar::Invariant::toString[abi:cxx11]() const in <CONDA_ENV_PREFIX>/lib/python3.11/site-packages/rdkit/../../../libRDKitRDGeneral.so.1
 1# Invar::operator<<(std::ostream&, Invar::Invariant const&) in <CONDA_ENV_PREFIX>/lib/python3.11/site-packages/rdkit/../../../libRDKitRDGeneral.so.1
 2# ForceFields::UFF::AngleBendContrib::AngleBendContrib(ForceFields::ForceField*, unsigned int, unsigned int, unsigned int, double, double, ForceFields::UFF::AtomicParams const*, ForceFields::UFF::AtomicParams const*, ForceFields::UFF::AtomicParams const*, unsigned int) in <CONDA_ENV_PREFIX>/lib/python3.11/site-packages/rdkit/ForceField/../../../../libRDKitForceField.so.1
 3# RDKit::UFF::Tools::addTrigonalBipyramidAngles(RDKit::Atom const*, RDKit::ROMol const&, int, std::vector<ForceFields::UFF::AtomicParams const*, std::allocator<ForceFields::UFF::AtomicParams const*> > const&, ForceFields::ForceField*) in <CONDA_ENV_PREFIX>/lib/python3.11/site-packages/rdkit/ForceField/../../../../libRDKitForceFieldHelpers.so.1
 4# RDKit::UFF::Tools::addAngleSpecialCases(RDKit::ROMol const&, int, std::vector<ForceFields::UFF::AtomicParams const*, std::allocator<ForceFields::UFF::AtomicParams const*> > const&, ForceFields::ForceField*) in <CONDA_ENV_PREFIX>/lib/python3.11/site-packages/rdkit/ForceField/../../../../libRDKitForceFieldHelpers.so.1
 5# RDKit::UFF::constructForceField(RDKit::ROMol&, std::vector<ForceFields::UFF::AtomicParams const*, std::allocator<ForceFields::UFF::AtomicParams const*> > const&, double, int, bool) in <CONDA_ENV_PREFIX>/lib/python3.11/site-packages/rdkit/ForceField/../../../../libRDKitForceFieldHelpers.so.1
 6# RDKit::UFF::constructForceField(RDKit::ROMol&, double, int, bool) in <CONDA_ENV_PREFIX>/lib/python3.11/site-packages/rdkit/ForceField/../../../../libRDKitForceFieldHelpers.so.1
 7# RDKit::UFFHelper(RDKit::ROMol&, int, double, int, bool) in <CONDA_ENV_PREFIX>/lib/python3.11/site-packages/rdkit/Chem/rdForceFieldHelpers.so
 8# 0x00007FAB6461403D in <CONDA_ENV_PREFIX>/lib/python3.11/site-packages/rdkit/Chem/rdForceFieldHelpers.so
 9# boost::python::objects::function::call(_object*, _object*) const in <CONDA_ENV_PREFIX>/lib/python3.11/site-packages/rdkit/../../../libboost_python311.so.1.86.0
10# 0x00007FAB6656D449 in <CONDA_ENV_PREFIX>/lib/python3.11/site-packages/rdkit/../../../libboost_python311.so.1.86.0
11# boost::python::detail::exception_handler::operator()(boost::function_n<void> const&) const in <CONDA_ENV_PREFIX>/lib/python3.11/site-packages/rdkit/../../../libboost_python311.so.1.86.0
12# 0x00007FAB642CDC04 in <CONDA_ENV_PREFIX>/lib/python3.11/site-packages/rdkit/Chem/rdSLNParse.so
13# 0x00007FAB646BB354 in <CONDA_ENV_PREFIX>/lib/python3.11/site-packages/rdkit/Chem/rdDepictor.so
14# 0x00007FAB64959DD4 in <CONDA_ENV_PREFIX>/lib/python3.11/site-packages/rdkit/Chem/rdChemReactions.so
15# 0x00007FAB64959E24 in <CONDA_ENV_PREFIX>/lib/python3.11/site-packages/rdkit/Chem/rdChemReactions.so
16# 0x00007FAB64AD2B94 in <CONDA_ENV_PREFIX>/lib/python3.11/site-packages/rdkit/Chem/rdMolChemicalFeatures.so
17# 0x00007FAB6554A9B4 in <CONDA_ENV_PREFIX>/lib/python3.11/site-packages/rdkit/Chem/rdmolfiles.so
18# 0x00007FAB6554AA04 in <CONDA_ENV_PREFIX>/lib/python3.11/site-packages/rdkit/Chem/rdmolfiles.so
19# 0x00007FAB65664B04 in <CONDA_ENV_PREFIX>/lib/python3.11/site-packages/rdkit/Chem/rdCIPLabeler.so
20# 0x00007FAB66039174 in <CONDA_ENV_PREFIX>/lib/python3.11/site-packages/rdkit/Chem/rdchem.so
21# 0x00007FAB65FCDAAD in <CONDA_ENV_PREFIX>/lib/python3.11/site-packages/rdkit/Chem/rdchem.so
22# 0x00007FAB65FCD6AD in <CONDA_ENV_PREFIX>/lib/python3.11/site-packages/rdkit/Chem/rdchem.so
23# 0x00007FAB65FCD2AD in <CONDA_ENV_PREFIX>/lib/python3.11/site-packages/rdkit/Chem/rdchem.so
24# 0x00007FAB65FCCEAD in <CONDA_ENV_PREFIX>/lib/python3.11/site-packages/rdkit/Chem/rdchem.so
25# 0x00007FAB65FCCAAD in <CONDA_ENV_PREFIX>/lib/python3.11/site-packages/rdkit/Chem/rdchem.so
26# 0x00007FAB66641E54 in <CONDA_ENV_PREFIX>/lib/python3.11/site-packages/rdkit/rdBase.so
27# 0x00007FAB66641EA4 in <CONDA_ENV_PREFIX>/lib/python3.11/site-packages/rdkit/rdBase.so
28# 0x00007FAB66641EF4 in <CONDA_ENV_PREFIX>/lib/python3.11/site-packages/rdkit/rdBase.so
29# 0x00007FAB66641F44 in <CONDA_ENV_PREFIX>/lib/python3.11/site-packages/rdkit/rdBase.so
30# boost::python::handle_exception_impl(boost::function_n<void>) in <CONDA_ENV_PREFIX>/lib/python3.11/site-packages/rdkit/../../../libboost_python311.so.1.86.0
31# 0x00007FAB6656A9B3 in <CONDA_ENV_PREFIX>/lib/python3.11/site-packages/rdkit/../../../libboost_python311.so.1.86.0
32# _PyObject_MakeTpCall in <CONDA_ENV_PREFIX>/bin/python
33# _PyEval_EvalFrameDefault in <CONDA_ENV_PREFIX>/bin/python
34# _PyFunction_Vectorcall in <CONDA_ENV_PREFIX>/bin/python
35# 0x0000562A975F3C50 in <CONDA_ENV_PREFIX>/bin/python
36# 0x0000562A97509745 in <CONDA_ENV_PREFIX>/bin/python
37# 0x0000562A9753A1AA in <CONDA_ENV_PREFIX>/bin/python
38# PyObject_Vectorcall in <CONDA_ENV_PREFIX>/bin/python
39# _PyEval_EvalFrameDefault in <CONDA_ENV_PREFIX>/bin/python
40# _PyFunction_Vectorcall in <CONDA_ENV_PREFIX>/bin/python
41# _PyEval_EvalFrameDefault in <CONDA_ENV_PREFIX>/bin/python
42# _PyFunction_Vectorcall in <CONDA_ENV_PREFIX>/bin/python
43# _PyEval_EvalFrameDefault in <CONDA_ENV_PREFIX>/bin/python
44# _PyFunction_Vectorcall in <CONDA_ENV_PREFIX>/bin/python
45# 0x0000562A974F5979 in <CONDA_ENV_PREFIX>/bin/python
46# _PyObject_MakeTpCall in <CONDA_ENV_PREFIX>/bin/python
47# _PyEval_EvalFrameDefault in <CONDA_ENV_PREFIX>/bin/python
48# _PyFunction_Vectorcall in <CONDA_ENV_PREFIX>/bin/python
49# 0x0000562A974F5A1D in <CONDA_ENV_PREFIX>/bin/python
50# _PyObject_MakeTpCall in <CONDA_ENV_PREFIX>/bin/python
51# _PyEval_EvalFrameDefault in <CONDA_ENV_PREFIX>/bin/python
52# 0x0000562A97580B0D in <CONDA_ENV_PREFIX>/bin/python
53# PyEval_EvalCode in <CONDA_ENV_PREFIX>/bin/python
54# 0x0000562A9759E1AA in <CONDA_ENV_PREFIX>/bin/python
55# 0x0000562A97599E33 in <CONDA_ENV_PREFIX>/bin/python
56# 0x0000562A975AF3D0 in <CONDA_ENV_PREFIX>/bin/python
57# _PyRun_SimpleFileObject in <CONDA_ENV_PREFIX>/bin/python
58# _PyRun_AnyFileObject in <CONDA_ENV_PREFIX>/bin/python
59# Py_RunMain in <CONDA_ENV_PREFIX>/bin/python
60# Py_BytesMain in <CONDA_ENV_PREFIX>/bin/python
61# 0x00007FAB751F1D90 in /lib/x86_64-linux-gnu/libc.so.6
62# __libc_start_main in /lib/x86_64-linux-gnu/libc.so.6
63# 0x0000562A9757037A in <CONDA_ENV_PREFIX>/bin/python
----------
****

[21:26:56] UFFTYPER: Unrecognized atom type: S_5+6 (8)
[21:26:56] UFFTYPER: Unrecognized atom type: S_5+6 (8)
[21:26:56] 

****
Pre-condition Violation
bad params pointer
Violation occurred on line 79 in file /home/conda/feedstock_root/build_artifacts/rdkit-meta_1745736747213/work/Code/ForceField/UFF/AngleBend.cpp
Failed Expression: at2Params
----------
Stacktrace:
 0# Invar::Invariant::toString[abi:cxx11]() const in <CONDA_ENV_PREFIX>/lib/python3.11/site-packages/rdkit/../../../libRDKitRDGeneral.so.1
 1# Invar::operator<<(std::ostream&, Invar::Invariant const&) in <CONDA_ENV_PREFIX>/lib/python3.11/site-packages/rdkit/../../../libRDKitRDGeneral.so.1
 2# ForceFields::UFF::AngleBendContrib::AngleBendContrib(ForceFields::ForceField*, unsigned int, unsigned int, unsigned int, double, double, ForceFields::UFF::AtomicParams const*, ForceFields::UFF::AtomicParams const*, ForceFields::UFF::AtomicParams const*, unsigned int) in <CONDA_ENV_PREFIX>/lib/python3.11/site-packages/rdkit/ForceField/../../../../libRDKitForceField.so.1
 3# RDKit::UFF::Tools::addTrigonalBipyramidAngles(RDKit::Atom const*, RDKit::ROMol const&, int, std::vector<ForceFields::UFF::AtomicParams const*, std::allocator<ForceFields::UFF::AtomicParams const*> > const&, ForceFields::ForceField*) in <CONDA_ENV_PREFIX>/lib/python3.11/site-packages/rdkit/ForceField/../../../../libRDKitForceFieldHelpers.so.1
 4# RDKit::UFF::Tools::addAngleSpecialCases(RDKit::ROMol const&, int, std::vector<ForceFields::UFF::AtomicParams const*, std::allocator<ForceFields::UFF::AtomicParams const*> > const&, ForceFields::ForceField*) in <CONDA_ENV_PREFIX>/lib/python3.11/site-packages/rdkit/ForceField/../../../../libRDKitForceFieldHelpers.so.1
 5# RDKit::UFF::constructForceField(RDKit::ROMol&, std::vector<ForceFields::UFF::AtomicParams const*, std::allocator<ForceFields::UFF::AtomicParams const*> > const&, double, int, bool) in <CONDA_ENV_PREFIX>/lib/python3.11/site-packages/rdkit/ForceField/../../../../libRDKitForceFieldHelpers.so.1
 6# RDKit::UFF::constructForceField(RDKit::ROMol&, double, int, bool) in <CONDA_ENV_PREFIX>/lib/python3.11/site-packages/rdkit/ForceField/../../../../libRDKitForceFieldHelpers.so.1
 7# RDKit::UFFHelper(RDKit::ROMol&, int, double, int, bool) in <CONDA_ENV_PREFIX>/lib/python3.11/site-packages/rdkit/Chem/rdForceFieldHelpers.so
 8# 0x00007FAB6461403D in <CONDA_ENV_PREFIX>/lib/python3.11/site-packages/rdkit/Chem/rdForceFieldHelpers.so
 9# boost::python::objects::function::call(_object*, _object*) const in <CONDA_ENV_PREFIX>/lib/python3.11/site-packages/rdkit/../../../libboost_python311.so.1.86.0
10# 0x00007FAB6656D449 in <CONDA_ENV_PREFIX>/lib/python3.11/site-packages/rdkit/../../../libboost_python311.so.1.86.0
11# boost::python::detail::exception_handler::operator()(boost::function_n<void> const&) const in <CONDA_ENV_PREFIX>/lib/python3.11/site-packages/rdkit/../../../libboost_python311.so.1.86.0
12# 0x00007FAB642CDC04 in <CONDA_ENV_PREFIX>/lib/python3.11/site-packages/rdkit/Chem/rdSLNParse.so
13# 0x00007FAB646BB354 in <CONDA_ENV_PREFIX>/lib/python3.11/site-packages/rdkit/Chem/rdDepictor.so
14# 0x00007FAB64959DD4 in <CONDA_ENV_PREFIX>/lib/python3.11/site-packages/rdkit/Chem/rdChemReactions.so
15# 0x00007FAB64959E24 in <CONDA_ENV_PREFIX>/lib/python3.11/site-packages/rdkit/Chem/rdChemReactions.so
16# 0x00007FAB64AD2B94 in <CONDA_ENV_PREFIX>/lib/python3.11/site-packages/rdkit/Chem/rdMolChemicalFeatures.so
17# 0x00007FAB6554A9B4 in <CONDA_ENV_PREFIX>/lib/python3.11/site-packages/rdkit/Chem/rdmolfiles.so
18# 0x00007FAB6554AA04 in <CONDA_ENV_PREFIX>/lib/python3.11/site-packages/rdkit/Chem/rdmolfiles.so
19# 0x00007FAB65664B04 in <CONDA_ENV_PREFIX>/lib/python3.11/site-packages/rdkit/Chem/rdCIPLabeler.so
20# 0x00007FAB66039174 in <CONDA_ENV_PREFIX>/lib/python3.11/site-packages/rdkit/Chem/rdchem.so
21# 0x00007FAB65FCDAAD in <CONDA_ENV_PREFIX>/lib/python3.11/site-packages/rdkit/Chem/rdchem.so
22# 0x00007FAB65FCD6AD in <CONDA_ENV_PREFIX>/lib/python3.11/site-packages/rdkit/Chem/rdchem.so
23# 0x00007FAB65FCD2AD in <CONDA_ENV_PREFIX>/lib/python3.11/site-packages/rdkit/Chem/rdchem.so
24# 0x00007FAB65FCCEAD in <CONDA_ENV_PREFIX>/lib/python3.11/site-packages/rdkit/Chem/rdchem.so
25# 0x00007FAB65FCCAAD in <CONDA_ENV_PREFIX>/lib/python3.11/site-packages/rdkit/Chem/rdchem.so
26# 0x00007FAB66641E54 in <CONDA_ENV_PREFIX>/lib/python3.11/site-packages/rdkit/rdBase.so
27# 0x00007FAB66641EA4 in <CONDA_ENV_PREFIX>/lib/python3.11/site-packages/rdkit/rdBase.so
28# 0x00007FAB66641EF4 in <CONDA_ENV_PREFIX>/lib/python3.11/site-packages/rdkit/rdBase.so
29# 0x00007FAB66641F44 in <CONDA_ENV_PREFIX>/lib/python3.11/site-packages/rdkit/rdBase.so
30# boost::python::handle_exception_impl(boost::function_n<void>) in <CONDA_ENV_PREFIX>/lib/python3.11/site-packages/rdkit/../../../libboost_python311.so.1.86.0
31# 0x00007FAB6656A9B3 in <CONDA_ENV_PREFIX>/lib/python3.11/site-packages/rdkit/../../../libboost_python311.so.1.86.0
32# _PyObject_MakeTpCall in <CONDA_ENV_PREFIX>/bin/python
33# _PyEval_EvalFrameDefault in <CONDA_ENV_PREFIX>/bin/python
34# _PyFunction_Vectorcall in <CONDA_ENV_PREFIX>/bin/python
35# 0x0000562A975F3C50 in <CONDA_ENV_PREFIX>/bin/python
36# 0x0000562A97509745 in <CONDA_ENV_PREFIX>/bin/python
37# 0x0000562A9753A1AA in <CONDA_ENV_PREFIX>/bin/python
38# PyObject_Vectorcall in <CONDA_ENV_PREFIX>/bin/python
39# _PyEval_EvalFrameDefault in <CONDA_ENV_PREFIX>/bin/python
40# _PyFunction_Vectorcall in <CONDA_ENV_PREFIX>/bin/python
41# _PyEval_EvalFrameDefault in <CONDA_ENV_PREFIX>/bin/python
42# _PyFunction_Vectorcall in <CONDA_ENV_PREFIX>/bin/python
43# _PyEval_EvalFrameDefault in <CONDA_ENV_PREFIX>/bin/python
44# _PyFunction_Vectorcall in <CONDA_ENV_PREFIX>/bin/python
45# 0x0000562A974F5979 in <CONDA_ENV_PREFIX>/bin/python
46# _PyObject_MakeTpCall in <CONDA_ENV_PREFIX>/bin/python
47# _PyEval_EvalFrameDefault in <CONDA_ENV_PREFIX>/bin/python
48# _PyFunction_Vectorcall in <CONDA_ENV_PREFIX>/bin/python
49# 0x0000562A974F5A1D in <CONDA_ENV_PREFIX>/bin/python
50# _PyObject_MakeTpCall in <CONDA_ENV_PREFIX>/bin/python
51# _PyEval_EvalFrameDefault in <CONDA_ENV_PREFIX>/bin/python
52# 0x0000562A97580B0D in <CONDA_ENV_PREFIX>/bin/python
53# PyEval_EvalCode in <CONDA_ENV_PREFIX>/bin/python
54# 0x0000562A9759E1AA in <CONDA_ENV_PREFIX>/bin/python
55# 0x0000562A97599E33 in <CONDA_ENV_PREFIX>/bin/python
56# 0x0000562A975AF3D0 in <CONDA_ENV_PREFIX>/bin/python
57# _PyRun_SimpleFileObject in <CONDA_ENV_PREFIX>/bin/python
58# _PyRun_AnyFileObject in <CONDA_ENV_PREFIX>/bin/python
59# Py_RunMain in <CONDA_ENV_PREFIX>/bin/python
60# Py_BytesMain in <CONDA_ENV_PREFIX>/bin/python
61# 0x00007FAB751F1D90 in /lib/x86_64-linux-gnu/libc.so.6
62# __libc_start_main in /lib/x86_64-linux-gnu/libc.so.6
63# 0x0000562A9757037A in <CONDA_ENV_PREFIX>/bin/python
----------
****

[21:26:56] UFFTYPER: Unrecognized atom type: S_5+6 (10)
[21:26:56] UFFTYPER: Unrecognized atom type: S_5+6 (10)
[21:26:56] 

****
Pre-condition Violation
bad params pointer
Violation occurred on line 79 in file /home/conda/feedstock_root/build_artifacts/rdkit-meta_1745736747213/work/Code/ForceField/UFF/AngleBend.cpp
Failed Expression: at2Params
----------
Stacktrace:
 0# Invar::Invariant::toString[abi:cxx11]() const in <CONDA_ENV_PREFIX>/lib/python3.11/site-packages/rdkit/../../../libRDKitRDGeneral.so.1
 1# Invar::operator<<(std::ostream&, Invar::Invariant const&) in <CONDA_ENV_PREFIX>/lib/python3.11/site-packages/rdkit/../../../libRDKitRDGeneral.so.1
 2# ForceFields::UFF::AngleBendContrib::AngleBendContrib(ForceFields::ForceField*, unsigned int, unsigned int, unsigned int, double, double, ForceFields::UFF::AtomicParams const*, ForceFields::UFF::AtomicParams const*, ForceFields::UFF::AtomicParams const*, unsigned int) in <CONDA_ENV_PREFIX>/lib/python3.11/site-packages/rdkit/ForceField/../../../../libRDKitForceField.so.1
 3# RDKit::UFF::Tools::addTrigonalBipyramidAngles(RDKit::Atom const*, RDKit::ROMol const&, int, std::vector<ForceFields::UFF::AtomicParams const*, std::allocator<ForceFields::UFF::AtomicParams const*> > const&, ForceFields::ForceField*) in <CONDA_ENV_PREFIX>/lib/python3.11/site-packages/rdkit/ForceField/../../../../libRDKitForceFieldHelpers.so.1
 4# RDKit::UFF::Tools::addAngleSpecialCases(RDKit::ROMol const&, int, std::vector<ForceFields::UFF::AtomicParams const*, std::allocator<ForceFields::UFF::AtomicParams const*> > const&, ForceFields::ForceField*) in <CONDA_ENV_PREFIX>/lib/python3.11/site-packages/rdkit/ForceField/../../../../libRDKitForceFieldHelpers.so.1
 5# RDKit::UFF::constructForceField(RDKit::ROMol&, std::vector<ForceFields::UFF::AtomicParams const*, std::allocator<ForceFields::UFF::AtomicParams const*> > const&, double, int, bool) in <CONDA_ENV_PREFIX>/lib/python3.11/site-packages/rdkit/ForceField/../../../../libRDKitForceFieldHelpers.so.1
 6# RDKit::UFF::constructForceField(RDKit::ROMol&, double, int, bool) in <CONDA_ENV_PREFIX>/lib/python3.11/site-packages/rdkit/ForceField/../../../../libRDKitForceFieldHelpers.so.1
 7# RDKit::UFFHelper(RDKit::ROMol&, int, double, int, bool) in <CONDA_ENV_PREFIX>/lib/python3.11/site-packages/rdkit/Chem/rdForceFieldHelpers.so
 8# 0x00007FAB6461403D in <CONDA_ENV_PREFIX>/lib/python3.11/site-packages/rdkit/Chem/rdForceFieldHelpers.so
 9# boost::python::objects::function::call(_object*, _object*) const in <CONDA_ENV_PREFIX>/lib/python3.11/site-packages/rdkit/../../../libboost_python311.so.1.86.0
10# 0x00007FAB6656D449 in <CONDA_ENV_PREFIX>/lib/python3.11/site-packages/rdkit/../../../libboost_python311.so.1.86.0
11# boost::python::detail::exception_handler::operator()(boost::function_n<void> const&) const in <CONDA_ENV_PREFIX>/lib/python3.11/site-packages/rdkit/../../../libboost_python311.so.1.86.0
12# 0x00007FAB642CDC04 in <CONDA_ENV_PREFIX>/lib/python3.11/site-packages/rdkit/Chem/rdSLNParse.so
13# 0x00007FAB646BB354 in <CONDA_ENV_PREFIX>/lib/python3.11/site-packages/rdkit/Chem/rdDepictor.so
14# 0x00007FAB64959DD4 in <CONDA_ENV_PREFIX>/lib/python3.11/site-packages/rdkit/Chem/rdChemReactions.so
15# 0x00007FAB64959E24 in <CONDA_ENV_PREFIX>/lib/python3.11/site-packages/rdkit/Chem/rdChemReactions.so
16# 0x00007FAB64AD2B94 in <CONDA_ENV_PREFIX>/lib/python3.11/site-packages/rdkit/Chem/rdMolChemicalFeatures.so
17# 0x00007FAB6554A9B4 in <CONDA_ENV_PREFIX>/lib/python3.11/site-packages/rdkit/Chem/rdmolfiles.so
18# 0x00007FAB6554AA04 in <CONDA_ENV_PREFIX>/lib/python3.11/site-packages/rdkit/Chem/rdmolfiles.so
19# 0x00007FAB65664B04 in <CONDA_ENV_PREFIX>/lib/python3.11/site-packages/rdkit/Chem/rdCIPLabeler.so
20# 0x00007FAB66039174 in <CONDA_ENV_PREFIX>/lib/python3.11/site-packages/rdkit/Chem/rdchem.so
21# 0x00007FAB65FCDAAD in <CONDA_ENV_PREFIX>/lib/python3.11/site-packages/rdkit/Chem/rdchem.so
22# 0x00007FAB65FCD6AD in <CONDA_ENV_PREFIX>/lib/python3.11/site-packages/rdkit/Chem/rdchem.so
23# 0x00007FAB65FCD2AD in <CONDA_ENV_PREFIX>/lib/python3.11/site-packages/rdkit/Chem/rdchem.so
24# 0x00007FAB65FCCEAD in <CONDA_ENV_PREFIX>/lib/python3.11/site-packages/rdkit/Chem/rdchem.so
25# 0x00007FAB65FCCAAD in <CONDA_ENV_PREFIX>/lib/python3.11/site-packages/rdkit/Chem/rdchem.so
26# 0x00007FAB66641E54 in <CONDA_ENV_PREFIX>/lib/python3.11/site-packages/rdkit/rdBase.so
27# 0x00007FAB66641EA4 in <CONDA_ENV_PREFIX>/lib/python3.11/site-packages/rdkit/rdBase.so
28# 0x00007FAB66641EF4 in <CONDA_ENV_PREFIX>/lib/python3.11/site-packages/rdkit/rdBase.so
29# 0x00007FAB66641F44 in <CONDA_ENV_PREFIX>/lib/python3.11/site-packages/rdkit/rdBase.so
30# boost::python::handle_exception_impl(boost::function_n<void>) in <CONDA_ENV_PREFIX>/lib/python3.11/site-packages/rdkit/../../../libboost_python311.so.1.86.0
31# 0x00007FAB6656A9B3 in <CONDA_ENV_PREFIX>/lib/python3.11/site-packages/rdkit/../../../libboost_python311.so.1.86.0
32# _PyObject_MakeTpCall in <CONDA_ENV_PREFIX>/bin/python
33# _PyEval_EvalFrameDefault in <CONDA_ENV_PREFIX>/bin/python
34# _PyFunction_Vectorcall in <CONDA_ENV_PREFIX>/bin/python
35# 0x0000562A975F3C50 in <CONDA_ENV_PREFIX>/bin/python
36# 0x0000562A97509745 in <CONDA_ENV_PREFIX>/bin/python
37# 0x0000562A9753A1AA in <CONDA_ENV_PREFIX>/bin/python
38# PyObject_Vectorcall in <CONDA_ENV_PREFIX>/bin/python
39# _PyEval_EvalFrameDefault in <CONDA_ENV_PREFIX>/bin/python
40# _PyFunction_Vectorcall in <CONDA_ENV_PREFIX>/bin/python
41# _PyEval_EvalFrameDefault in <CONDA_ENV_PREFIX>/bin/python
42# _PyFunction_Vectorcall in <CONDA_ENV_PREFIX>/bin/python
43# _PyEval_EvalFrameDefault in <CONDA_ENV_PREFIX>/bin/python
44# _PyFunction_Vectorcall in <CONDA_ENV_PREFIX>/bin/python
45# 0x0000562A974F5979 in <CONDA_ENV_PREFIX>/bin/python
46# _PyObject_MakeTpCall in <CONDA_ENV_PREFIX>/bin/python
47# _PyEval_EvalFrameDefault in <CONDA_ENV_PREFIX>/bin/python
48# _PyFunction_Vectorcall in <CONDA_ENV_PREFIX>/bin/python
49# 0x0000562A974F5A1D in <CONDA_ENV_PREFIX>/bin/python
50# _PyObject_MakeTpCall in <CONDA_ENV_PREFIX>/bin/python
51# _PyEval_EvalFrameDefault in <CONDA_ENV_PREFIX>/bin/python
52# 0x0000562A97580B0D in <CONDA_ENV_PREFIX>/bin/python
53# PyEval_EvalCode in <CONDA_ENV_PREFIX>/bin/python
54# 0x0000562A9759E1AA in <CONDA_ENV_PREFIX>/bin/python
55# 0x0000562A97599E33 in <CONDA_ENV_PREFIX>/bin/python
56# 0x0000562A975AF3D0 in <CONDA_ENV_PREFIX>/bin/python
57# _PyRun_SimpleFileObject in <CONDA_ENV_PREFIX>/bin/python
58# _PyRun_AnyFileObject in <CONDA_ENV_PREFIX>/bin/python
59# Py_RunMain in <CONDA_ENV_PREFIX>/bin/python
60# Py_BytesMain in <CONDA_ENV_PREFIX>/bin/python
61# 0x00007FAB751F1D90 in /lib/x86_64-linux-gnu/libc.so.6
62# __libc_start_main in /lib/x86_64-linux-gnu/libc.so.6
63# 0x0000562A9757037A in <CONDA_ENV_PREFIX>/bin/python
----------
****

[21:26:56] UFFTYPER: Unrecognized atom type: S_5+6 (9)
[21:26:56] UFFTYPER: Unrecognized atom type: S_5+6 (9)
[21:26:56] 

****
Pre-condition Violation
bad params pointer
Violation occurred on line 79 in file /home/conda/feedstock_root/build_artifacts/rdkit-meta_1745736747213/work/Code/ForceField/UFF/AngleBend.cpp
Failed Expression: at2Params
----------
Stacktrace:
 0# Invar::Invariant::toString[abi:cxx11]() const in <CONDA_ENV_PREFIX>/lib/python3.11/site-packages/rdkit/../../../libRDKitRDGeneral.so.1
 1# Invar::operator<<(std::ostream&, Invar::Invariant const&) in <CONDA_ENV_PREFIX>/lib/python3.11/site-packages/rdkit/../../../libRDKitRDGeneral.so.1
 2# ForceFields::UFF::AngleBendContrib::AngleBendContrib(ForceFields::ForceField*, unsigned int, unsigned int, unsigned int, double, double, ForceFields::UFF::AtomicParams const*, ForceFields::UFF::AtomicParams const*, ForceFields::UFF::AtomicParams const*, unsigned int) in <CONDA_ENV_PREFIX>/lib/python3.11/site-packages/rdkit/ForceField/../../../../libRDKitForceField.so.1
 3# RDKit::UFF::Tools::addTrigonalBipyramidAngles(RDKit::Atom const*, RDKit::ROMol const&, int, std::vector<ForceFields::UFF::AtomicParams const*, std::allocator<ForceFields::UFF::AtomicParams const*> > const&, ForceFields::ForceField*) in <CONDA_ENV_PREFIX>/lib/python3.11/site-packages/rdkit/ForceField/../../../../libRDKitForceFieldHelpers.so.1
 4# RDKit::UFF::Tools::addAngleSpecialCases(RDKit::ROMol const&, int, std::vector<ForceFields::UFF::AtomicParams const*, std::allocator<ForceFields::UFF::AtomicParams const*> > const&, ForceFields::ForceField*) in <CONDA_ENV_PREFIX>/lib/python3.11/site-packages/rdkit/ForceField/../../../../libRDKitForceFieldHelpers.so.1
 5# RDKit::UFF::constructForceField(RDKit::ROMol&, std::vector<ForceFields::UFF::AtomicParams const*, std::allocator<ForceFields::UFF::AtomicParams const*> > const&, double, int, bool) in <CONDA_ENV_PREFIX>/lib/python3.11/site-packages/rdkit/ForceField/../../../../libRDKitForceFieldHelpers.so.1
 6# RDKit::UFF::constructForceField(RDKit::ROMol&, double, int, bool) in <CONDA_ENV_PREFIX>/lib/python3.11/site-packages/rdkit/ForceField/../../../../libRDKitForceFieldHelpers.so.1
 7# RDKit::UFFHelper(RDKit::ROMol&, int, double, int, bool) in <CONDA_ENV_PREFIX>/lib/python3.11/site-packages/rdkit/Chem/rdForceFieldHelpers.so
 8# 0x00007FAB6461403D in <CONDA_ENV_PREFIX>/lib/python3.11/site-packages/rdkit/Chem/rdForceFieldHelpers.so
 9# boost::python::objects::function::call(_object*, _object*) const in <CONDA_ENV_PREFIX>/lib/python3.11/site-packages/rdkit/../../../libboost_python311.so.1.86.0
10# 0x00007FAB6656D449 in <CONDA_ENV_PREFIX>/lib/python3.11/site-packages/rdkit/../../../libboost_python311.so.1.86.0
11# boost::python::detail::exception_handler::operator()(boost::function_n<void> const&) const in <CONDA_ENV_PREFIX>/lib/python3.11/site-packages/rdkit/../../../libboost_python311.so.1.86.0
12# 0x00007FAB642CDC04 in <CONDA_ENV_PREFIX>/lib/python3.11/site-packages/rdkit/Chem/rdSLNParse.so
13# 0x00007FAB646BB354 in <CONDA_ENV_PREFIX>/lib/python3.11/site-packages/rdkit/Chem/rdDepictor.so
14# 0x00007FAB64959DD4 in <CONDA_ENV_PREFIX>/lib/python3.11/site-packages/rdkit/Chem/rdChemReactions.so
15# 0x00007FAB64959E24 in <CONDA_ENV_PREFIX>/lib/python3.11/site-packages/rdkit/Chem/rdChemReactions.so
16# 0x00007FAB64AD2B94 in <CONDA_ENV_PREFIX>/lib/python3.11/site-packages/rdkit/Chem/rdMolChemicalFeatures.so
17# 0x00007FAB6554A9B4 in <CONDA_ENV_PREFIX>/lib/python3.11/site-packages/rdkit/Chem/rdmolfiles.so
18# 0x00007FAB6554AA04 in <CONDA_ENV_PREFIX>/lib/python3.11/site-packages/rdkit/Chem/rdmolfiles.so
19# 0x00007FAB65664B04 in <CONDA_ENV_PREFIX>/lib/python3.11/site-packages/rdkit/Chem/rdCIPLabeler.so
20# 0x00007FAB66039174 in <CONDA_ENV_PREFIX>/lib/python3.11/site-packages/rdkit/Chem/rdchem.so
21# 0x00007FAB65FCDAAD in <CONDA_ENV_PREFIX>/lib/python3.11/site-packages/rdkit/Chem/rdchem.so
22# 0x00007FAB65FCD6AD in <CONDA_ENV_PREFIX>/lib/python3.11/site-packages/rdkit/Chem/rdchem.so
23# 0x00007FAB65FCD2AD in <CONDA_ENV_PREFIX>/lib/python3.11/site-packages/rdkit/Chem/rdchem.so
24# 0x00007FAB65FCCEAD in <CONDA_ENV_PREFIX>/lib/python3.11/site-packages/rdkit/Chem/rdchem.so
25# 0x00007FAB65FCCAAD in <CONDA_ENV_PREFIX>/lib/python3.11/site-packages/rdkit/Chem/rdchem.so
26# 0x00007FAB66641E54 in <CONDA_ENV_PREFIX>/lib/python3.11/site-packages/rdkit/rdBase.so
27# 0x00007FAB66641EA4 in <CONDA_ENV_PREFIX>/lib/python3.11/site-packages/rdkit/rdBase.so
28# 0x00007FAB66641EF4 in <CONDA_ENV_PREFIX>/lib/python3.11/site-packages/rdkit/rdBase.so
29# 0x00007FAB66641F44 in <CONDA_ENV_PREFIX>/lib/python3.11/site-packages/rdkit/rdBase.so
30# boost::python::handle_exception_impl(boost::function_n<void>) in <CONDA_ENV_PREFIX>/lib/python3.11/site-packages/rdkit/../../../libboost_python311.so.1.86.0
31# 0x00007FAB6656A9B3 in <CONDA_ENV_PREFIX>/lib/python3.11/site-packages/rdkit/../../../libboost_python311.so.1.86.0
32# _PyObject_MakeTpCall in <CONDA_ENV_PREFIX>/bin/python
33# _PyEval_EvalFrameDefault in <CONDA_ENV_PREFIX>/bin/python
34# _PyFunction_Vectorcall in <CONDA_ENV_PREFIX>/bin/python
35# 0x0000562A975F3C50 in <CONDA_ENV_PREFIX>/bin/python
36# 0x0000562A97509745 in <CONDA_ENV_PREFIX>/bin/python
37# 0x0000562A9753A1AA in <CONDA_ENV_PREFIX>/bin/python
38# PyObject_Vectorcall in <CONDA_ENV_PREFIX>/bin/python
39# _PyEval_EvalFrameDefault in <CONDA_ENV_PREFIX>/bin/python
40# _PyFunction_Vectorcall in <CONDA_ENV_PREFIX>/bin/python
41# _PyEval_EvalFrameDefault in <CONDA_ENV_PREFIX>/bin/python
42# _PyFunction_Vectorcall in <CONDA_ENV_PREFIX>/bin/python
43# _PyEval_EvalFrameDefault in <CONDA_ENV_PREFIX>/bin/python
44# _PyFunction_Vectorcall in <CONDA_ENV_PREFIX>/bin/python
45# 0x0000562A974F5979 in <CONDA_ENV_PREFIX>/bin/python
46# _PyObject_MakeTpCall in <CONDA_ENV_PREFIX>/bin/python
47# _PyEval_EvalFrameDefault in <CONDA_ENV_PREFIX>/bin/python
48# _PyFunction_Vectorcall in <CONDA_ENV_PREFIX>/bin/python
49# 0x0000562A974F5A1D in <CONDA_ENV_PREFIX>/bin/python
50# _PyObject_MakeTpCall in <CONDA_ENV_PREFIX>/bin/python
51# _PyEval_EvalFrameDefault in <CONDA_ENV_PREFIX>/bin/python
52# 0x0000562A97580B0D in <CONDA_ENV_PREFIX>/bin/python
53# PyEval_EvalCode in <CONDA_ENV_PREFIX>/bin/python
54# 0x0000562A9759E1AA in <CONDA_ENV_PREFIX>/bin/python
55# 0x0000562A97599E33 in <CONDA_ENV_PREFIX>/bin/python
56# 0x0000562A975AF3D0 in <CONDA_ENV_PREFIX>/bin/python
57# _PyRun_SimpleFileObject in <CONDA_ENV_PREFIX>/bin/python
58# _PyRun_AnyFileObject in <CONDA_ENV_PREFIX>/bin/python
59# Py_RunMain in <CONDA_ENV_PREFIX>/bin/python
60# Py_BytesMain in <CONDA_ENV_PREFIX>/bin/python
61# 0x00007FAB751F1D90 in /lib/x86_64-linux-gnu/libc.so.6
62# __libc_start_main in /lib/x86_64-linux-gnu/libc.so.6
63# 0x0000562A9757037A in <CONDA_ENV_PREFIX>/bin/python
----------
****

[21:26:56] UFFTYPER: Unrecognized atom type: S_5+6 (13)
[21:26:56] UFFTYPER: Unrecognized atom type: S_5+6 (13)
[21:26:56] 

****
Pre-condition Violation
bad params pointer
Violation occurred on line 79 in file /home/conda/feedstock_root/build_artifacts/rdkit-meta_1745736747213/work/Code/ForceField/UFF/AngleBend.cpp
Failed Expression: at2Params
----------
Stacktrace:
 0# Invar::Invariant::toString[abi:cxx11]() const in <CONDA_ENV_PREFIX>/lib/python3.11/site-packages/rdkit/../../../libRDKitRDGeneral.so.1
 1# Invar::operator<<(std::ostream&, Invar::Invariant const&) in <CONDA_ENV_PREFIX>/lib/python3.11/site-packages/rdkit/../../../libRDKitRDGeneral.so.1
 2# ForceFields::UFF::AngleBendContrib::AngleBendContrib(ForceFields::ForceField*, unsigned int, unsigned int, unsigned int, double, double, ForceFields::UFF::AtomicParams const*, ForceFields::UFF::AtomicParams const*, ForceFields::UFF::AtomicParams const*, unsigned int) in <CONDA_ENV_PREFIX>/lib/python3.11/site-packages/rdkit/ForceField/../../../../libRDKitForceField.so.1
 3# RDKit::UFF::Tools::addTrigonalBipyramidAngles(RDKit::Atom const*, RDKit::ROMol const&, int, std::vector<ForceFields::UFF::AtomicParams const*, std::allocator<ForceFields::UFF::AtomicParams const*> > const&, ForceFields::ForceField*) in <CONDA_ENV_PREFIX>/lib/python3.11/site-packages/rdkit/ForceField/../../../../libRDKitForceFieldHelpers.so.1
 4# RDKit::UFF::Tools::addAngleSpecialCases(RDKit::ROMol const&, int, std::vector<ForceFields::UFF::AtomicParams const*, std::allocator<ForceFields::UFF::AtomicParams const*> > const&, ForceFields::ForceField*) in <CONDA_ENV_PREFIX>/lib/python3.11/site-packages/rdkit/ForceField/../../../../libRDKitForceFieldHelpers.so.1
 5# RDKit::UFF::constructForceField(RDKit::ROMol&, std::vector<ForceFields::UFF::AtomicParams const*, std::allocator<ForceFields::UFF::AtomicParams const*> > const&, double, int, bool) in <CONDA_ENV_PREFIX>/lib/python3.11/site-packages/rdkit/ForceField/../../../../libRDKitForceFieldHelpers.so.1
 6# RDKit::UFF::constructForceField(RDKit::ROMol&, double, int, bool) in <CONDA_ENV_PREFIX>/lib/python3.11/site-packages/rdkit/ForceField/../../../../libRDKitForceFieldHelpers.so.1
 7# RDKit::UFFHelper(RDKit::ROMol&, int, double, int, bool) in <CONDA_ENV_PREFIX>/lib/python3.11/site-packages/rdkit/Chem/rdForceFieldHelpers.so
 8# 0x00007FAB6461403D in <CONDA_ENV_PREFIX>/lib/python3.11/site-packages/rdkit/Chem/rdForceFieldHelpers.so
 9# boost::python::objects::function::call(_object*, _object*) const in <CONDA_ENV_PREFIX>/lib/python3.11/site-packages/rdkit/../../../libboost_python311.so.1.86.0
10# 0x00007FAB6656D449 in <CONDA_ENV_PREFIX>/lib/python3.11/site-packages/rdkit/../../../libboost_python311.so.1.86.0
11# boost::python::detail::exception_handler::operator()(boost::function_n<void> const&) const in <CONDA_ENV_PREFIX>/lib/python3.11/site-packages/rdkit/../../../libboost_python311.so.1.86.0
12# 0x00007FAB642CDC04 in <CONDA_ENV_PREFIX>/lib/python3.11/site-packages/rdkit/Chem/rdSLNParse.so
13# 0x00007FAB646BB354 in <CONDA_ENV_PREFIX>/lib/python3.11/site-packages/rdkit/Chem/rdDepictor.so
14# 0x00007FAB64959DD4 in <CONDA_ENV_PREFIX>/lib/python3.11/site-packages/rdkit/Chem/rdChemReactions.so
15# 0x00007FAB64959E24 in <CONDA_ENV_PREFIX>/lib/python3.11/site-packages/rdkit/Chem/rdChemReactions.so
16# 0x00007FAB64AD2B94 in <CONDA_ENV_PREFIX>/lib/python3.11/site-packages/rdkit/Chem/rdMolChemicalFeatures.so
17# 0x00007FAB6554A9B4 in <CONDA_ENV_PREFIX>/lib/python3.11/site-packages/rdkit/Chem/rdmolfiles.so
18# 0x00007FAB6554AA04 in <CONDA_ENV_PREFIX>/lib/python3.11/site-packages/rdkit/Chem/rdmolfiles.so
19# 0x00007FAB65664B04 in <CONDA_ENV_PREFIX>/lib/python3.11/site-packages/rdkit/Chem/rdCIPLabeler.so
20# 0x00007FAB66039174 in <CONDA_ENV_PREFIX>/lib/python3.11/site-packages/rdkit/Chem/rdchem.so
21# 0x00007FAB65FCDAAD in <CONDA_ENV_PREFIX>/lib/python3.11/site-packages/rdkit/Chem/rdchem.so
22# 0x00007FAB65FCD6AD in <CONDA_ENV_PREFIX>/lib/python3.11/site-packages/rdkit/Chem/rdchem.so
23# 0x00007FAB65FCD2AD in <CONDA_ENV_PREFIX>/lib/python3.11/site-packages/rdkit/Chem/rdchem.so
24# 0x00007FAB65FCCEAD in <CONDA_ENV_PREFIX>/lib/python3.11/site-packages/rdkit/Chem/rdchem.so
25# 0x00007FAB65FCCAAD in <CONDA_ENV_PREFIX>/lib/python3.11/site-packages/rdkit/Chem/rdchem.so
26# 0x00007FAB66641E54 in <CONDA_ENV_PREFIX>/lib/python3.11/site-packages/rdkit/rdBase.so
27# 0x00007FAB66641EA4 in <CONDA_ENV_PREFIX>/lib/python3.11/site-packages/rdkit/rdBase.so
28# 0x00007FAB66641EF4 in <CONDA_ENV_PREFIX>/lib/python3.11/site-packages/rdkit/rdBase.so
29# 0x00007FAB66641F44 in <CONDA_ENV_PREFIX>/lib/python3.11/site-packages/rdkit/rdBase.so
30# boost::python::handle_exception_impl(boost::function_n<void>) in <CONDA_ENV_PREFIX>/lib/python3.11/site-packages/rdkit/../../../libboost_python311.so.1.86.0
31# 0x00007FAB6656A9B3 in <CONDA_ENV_PREFIX>/lib/python3.11/site-packages/rdkit/../../../libboost_python311.so.1.86.0
32# _PyObject_MakeTpCall in <CONDA_ENV_PREFIX>/bin/python
33# _PyEval_EvalFrameDefault in <CONDA_ENV_PREFIX>/bin/python
34# _PyFunction_Vectorcall in <CONDA_ENV_PREFIX>/bin/python
35# 0x0000562A975F3C50 in <CONDA_ENV_PREFIX>/bin/python
36# 0x0000562A97509745 in <CONDA_ENV_PREFIX>/bin/python
37# 0x0000562A9753A1AA in <CONDA_ENV_PREFIX>/bin/python
38# PyObject_Vectorcall in <CONDA_ENV_PREFIX>/bin/python
39# _PyEval_EvalFrameDefault in <CONDA_ENV_PREFIX>/bin/python
40# _PyFunction_Vectorcall in <CONDA_ENV_PREFIX>/bin/python
41# _PyEval_EvalFrameDefault in <CONDA_ENV_PREFIX>/bin/python
42# _PyFunction_Vectorcall in <CONDA_ENV_PREFIX>/bin/python
43# _PyEval_EvalFrameDefault in <CONDA_ENV_PREFIX>/bin/python
44# _PyFunction_Vectorcall in <CONDA_ENV_PREFIX>/bin/python
45# 0x0000562A974F5979 in <CONDA_ENV_PREFIX>/bin/python
46# _PyObject_MakeTpCall in <CONDA_ENV_PREFIX>/bin/python
47# _PyEval_EvalFrameDefault in <CONDA_ENV_PREFIX>/bin/python
48# _PyFunction_Vectorcall in <CONDA_ENV_PREFIX>/bin/python
49# 0x0000562A974F5A1D in <CONDA_ENV_PREFIX>/bin/python
50# _PyObject_MakeTpCall in <CONDA_ENV_PREFIX>/bin/python
51# _PyEval_EvalFrameDefault in <CONDA_ENV_PREFIX>/bin/python
52# 0x0000562A97580B0D in <CONDA_ENV_PREFIX>/bin/python
53# PyEval_EvalCode in <CONDA_ENV_PREFIX>/bin/python
54# 0x0000562A9759E1AA in <CONDA_ENV_PREFIX>/bin/python
55# 0x0000562A97599E33 in <CONDA_ENV_PREFIX>/bin/python
56# 0x0000562A975AF3D0 in <CONDA_ENV_PREFIX>/bin/python
57# _PyRun_SimpleFileObject in <CONDA_ENV_PREFIX>/bin/python
58# _PyRun_AnyFileObject in <CONDA_ENV_PREFIX>/bin/python
59# Py_RunMain in <CONDA_ENV_PREFIX>/bin/python
60# Py_BytesMain in <CONDA_ENV_PREFIX>/bin/python
61# 0x00007FAB751F1D90 in /lib/x86_64-linux-gnu/libc.so.6
62# __libc_start_main in /lib/x86_64-linux-gnu/libc.so.6
63# 0x0000562A9757037A in <CONDA_ENV_PREFIX>/bin/python
----------
****

[21:26:57] UFFTYPER: Unrecognized atom type: S_5+6 (10)
[21:26:57] UFFTYPER: Unrecognized atom type: S_5+6 (10)
[21:26:57] 

****
Pre-condition Violation
bad params pointer
Violation occurred on line 79 in file /home/conda/feedstock_root/build_artifacts/rdkit-meta_1745736747213/work/Code/ForceField/UFF/AngleBend.cpp
Failed Expression: at2Params
----------
Stacktrace:
 0# Invar::Invariant::toString[abi:cxx11]() const in <CONDA_ENV_PREFIX>/lib/python3.11/site-packages/rdkit/../../../libRDKitRDGeneral.so.1
 1# Invar::operator<<(std::ostream&, Invar::Invariant const&) in <CONDA_ENV_PREFIX>/lib/python3.11/site-packages/rdkit/../../../libRDKitRDGeneral.so.1
 2# ForceFields::UFF::AngleBendContrib::AngleBendContrib(ForceFields::ForceField*, unsigned int, unsigned int, unsigned int, double, double, ForceFields::UFF::AtomicParams const*, ForceFields::UFF::AtomicParams const*, ForceFields::UFF::AtomicParams const*, unsigned int) in <CONDA_ENV_PREFIX>/lib/python3.11/site-packages/rdkit/ForceField/../../../../libRDKitForceField.so.1
 3# RDKit::UFF::Tools::addTrigonalBipyramidAngles(RDKit::Atom const*, RDKit::ROMol const&, int, std::vector<ForceFields::UFF::AtomicParams const*, std::allocator<ForceFields::UFF::AtomicParams const*> > const&, ForceFields::ForceField*) in <CONDA_ENV_PREFIX>/lib/python3.11/site-packages/rdkit/ForceField/../../../../libRDKitForceFieldHelpers.so.1
 4# RDKit::UFF::Tools::addAngleSpecialCases(RDKit::ROMol const&, int, std::vector<ForceFields::UFF::AtomicParams const*, std::allocator<ForceFields::UFF::AtomicParams const*> > const&, ForceFields::ForceField*) in <CONDA_ENV_PREFIX>/lib/python3.11/site-packages/rdkit/ForceField/../../../../libRDKitForceFieldHelpers.so.1
 5# RDKit::UFF::constructForceField(RDKit::ROMol&, std::vector<ForceFields::UFF::AtomicParams const*, std::allocator<ForceFields::UFF::AtomicParams const*> > const&, double, int, bool) in <CONDA_ENV_PREFIX>/lib/python3.11/site-packages/rdkit/ForceField/../../../../libRDKitForceFieldHelpers.so.1
 6# RDKit::UFF::constructForceField(RDKit::ROMol&, double, int, bool) in <CONDA_ENV_PREFIX>/lib/python3.11/site-packages/rdkit/ForceField/../../../../libRDKitForceFieldHelpers.so.1
 7# RDKit::UFFHelper(RDKit::ROMol&, int, double, int, bool) in <CONDA_ENV_PREFIX>/lib/python3.11/site-packages/rdkit/Chem/rdForceFieldHelpers.so
 8# 0x00007FAB6461403D in <CONDA_ENV_PREFIX>/lib/python3.11/site-packages/rdkit/Chem/rdForceFieldHelpers.so
 9# boost::python::objects::function::call(_object*, _object*) const in <CONDA_ENV_PREFIX>/lib/python3.11/site-packages/rdkit/../../../libboost_python311.so.1.86.0
10# 0x00007FAB6656D449 in <CONDA_ENV_PREFIX>/lib/python3.11/site-packages/rdkit/../../../libboost_python311.so.1.86.0
11# boost::python::detail::exception_handler::operator()(boost::function_n<void> const&) const in <CONDA_ENV_PREFIX>/lib/python3.11/site-packages/rdkit/../../../libboost_python311.so.1.86.0
12# 0x00007FAB642CDC04 in <CONDA_ENV_PREFIX>/lib/python3.11/site-packages/rdkit/Chem/rdSLNParse.so
13# 0x00007FAB646BB354 in <CONDA_ENV_PREFIX>/lib/python3.11/site-packages/rdkit/Chem/rdDepictor.so
14# 0x00007FAB64959DD4 in <CONDA_ENV_PREFIX>/lib/python3.11/site-packages/rdkit/Chem/rdChemReactions.so
15# 0x00007FAB64959E24 in <CONDA_ENV_PREFIX>/lib/python3.11/site-packages/rdkit/Chem/rdChemReactions.so
16# 0x00007FAB64AD2B94 in <CONDA_ENV_PREFIX>/lib/python3.11/site-packages/rdkit/Chem/rdMolChemicalFeatures.so
17# 0x00007FAB6554A9B4 in <CONDA_ENV_PREFIX>/lib/python3.11/site-packages/rdkit/Chem/rdmolfiles.so
18# 0x00007FAB6554AA04 in <CONDA_ENV_PREFIX>/lib/python3.11/site-packages/rdkit/Chem/rdmolfiles.so
19# 0x00007FAB65664B04 in <CONDA_ENV_PREFIX>/lib/python3.11/site-packages/rdkit/Chem/rdCIPLabeler.so
20# 0x00007FAB66039174 in <CONDA_ENV_PREFIX>/lib/python3.11/site-packages/rdkit/Chem/rdchem.so
21# 0x00007FAB65FCDAAD in <CONDA_ENV_PREFIX>/lib/python3.11/site-packages/rdkit/Chem/rdchem.so
22# 0x00007FAB65FCD6AD in <CONDA_ENV_PREFIX>/lib/python3.11/site-packages/rdkit/Chem/rdchem.so
23# 0x00007FAB65FCD2AD in <CONDA_ENV_PREFIX>/lib/python3.11/site-packages/rdkit/Chem/rdchem.so
24# 0x00007FAB65FCCEAD in <CONDA_ENV_PREFIX>/lib/python3.11/site-packages/rdkit/Chem/rdchem.so
25# 0x00007FAB65FCCAAD in <CONDA_ENV_PREFIX>/lib/python3.11/site-packages/rdkit/Chem/rdchem.so
26# 0x00007FAB66641E54 in <CONDA_ENV_PREFIX>/lib/python3.11/site-packages/rdkit/rdBase.so
27# 0x00007FAB66641EA4 in <CONDA_ENV_PREFIX>/lib/python3.11/site-packages/rdkit/rdBase.so
28# 0x00007FAB66641EF4 in <CONDA_ENV_PREFIX>/lib/python3.11/site-packages/rdkit/rdBase.so
29# 0x00007FAB66641F44 in <CONDA_ENV_PREFIX>/lib/python3.11/site-packages/rdkit/rdBase.so
30# boost::python::handle_exception_impl(boost::function_n<void>) in <CONDA_ENV_PREFIX>/lib/python3.11/site-packages/rdkit/../../../libboost_python311.so.1.86.0
31# 0x00007FAB6656A9B3 in <CONDA_ENV_PREFIX>/lib/python3.11/site-packages/rdkit/../../../libboost_python311.so.1.86.0
32# _PyObject_MakeTpCall in <CONDA_ENV_PREFIX>/bin/python
33# _PyEval_EvalFrameDefault in <CONDA_ENV_PREFIX>/bin/python
34# _PyFunction_Vectorcall in <CONDA_ENV_PREFIX>/bin/python
35# 0x0000562A975F3C50 in <CONDA_ENV_PREFIX>/bin/python
36# 0x0000562A97509745 in <CONDA_ENV_PREFIX>/bin/python
37# 0x0000562A9753A1AA in <CONDA_ENV_PREFIX>/bin/python
38# PyObject_Vectorcall in <CONDA_ENV_PREFIX>/bin/python
39# _PyEval_EvalFrameDefault in <CONDA_ENV_PREFIX>/bin/python
40# _PyFunction_Vectorcall in <CONDA_ENV_PREFIX>/bin/python
41# _PyEval_EvalFrameDefault in <CONDA_ENV_PREFIX>/bin/python
42# _PyFunction_Vectorcall in <CONDA_ENV_PREFIX>/bin/python
43# _PyEval_EvalFrameDefault in <CONDA_ENV_PREFIX>/bin/python
44# _PyFunction_Vectorcall in <CONDA_ENV_PREFIX>/bin/python
45# 0x0000562A974F5979 in <CONDA_ENV_PREFIX>/bin/python
46# _PyObject_MakeTpCall in <CONDA_ENV_PREFIX>/bin/python
47# _PyEval_EvalFrameDefault in <CONDA_ENV_PREFIX>/bin/python
48# _PyFunction_Vectorcall in <CONDA_ENV_PREFIX>/bin/python
49# 0x0000562A974F5A1D in <CONDA_ENV_PREFIX>/bin/python
50# _PyObject_MakeTpCall in <CONDA_ENV_PREFIX>/bin/python
51# _PyEval_EvalFrameDefault in <CONDA_ENV_PREFIX>/bin/python
52# 0x0000562A97580B0D in <CONDA_ENV_PREFIX>/bin/python
53# PyEval_EvalCode in <CONDA_ENV_PREFIX>/bin/python
54# 0x0000562A9759E1AA in <CONDA_ENV_PREFIX>/bin/python
55# 0x0000562A97599E33 in <CONDA_ENV_PREFIX>/bin/python
56# 0x0000562A975AF3D0 in <CONDA_ENV_PREFIX>/bin/python
57# _PyRun_SimpleFileObject in <CONDA_ENV_PREFIX>/bin/python
58# _PyRun_AnyFileObject in <CONDA_ENV_PREFIX>/bin/python
59# Py_RunMain in <CONDA_ENV_PREFIX>/bin/python
60# Py_BytesMain in <CONDA_ENV_PREFIX>/bin/python
61# 0x00007FAB751F1D90 in /lib/x86_64-linux-gnu/libc.so.6
62# __libc_start_main in /lib/x86_64-linux-gnu/libc.so.6
63# 0x0000562A9757037A in <CONDA_ENV_PREFIX>/bin/python
----------
****

[21:26:57] UFFTYPER: Unrecognized atom type: S_5+6 (10)
[21:26:57] UFFTYPER: Unrecognized atom type: S_5+6 (10)
[21:26:57] 

****
Pre-condition Violation
bad params pointer
Violation occurred on line 79 in file /home/conda/feedstock_root/build_artifacts/rdkit-meta_1745736747213/work/Code/ForceField/UFF/AngleBend.cpp
Failed Expression: at2Params
----------
Stacktrace:
 0# Invar::Invariant::toString[abi:cxx11]() const in <CONDA_ENV_PREFIX>/lib/python3.11/site-packages/rdkit/../../../libRDKitRDGeneral.so.1
 1# Invar::operator<<(std::ostream&, Invar::Invariant const&) in <CONDA_ENV_PREFIX>/lib/python3.11/site-packages/rdkit/../../../libRDKitRDGeneral.so.1
 2# ForceFields::UFF::AngleBendContrib::AngleBendContrib(ForceFields::ForceField*, unsigned int, unsigned int, unsigned int, double, double, ForceFields::UFF::AtomicParams const*, ForceFields::UFF::AtomicParams const*, ForceFields::UFF::AtomicParams const*, unsigned int) in <CONDA_ENV_PREFIX>/lib/python3.11/site-packages/rdkit/ForceField/../../../../libRDKitForceField.so.1
 3# RDKit::UFF::Tools::addTrigonalBipyramidAngles(RDKit::Atom const*, RDKit::ROMol const&, int, std::vector<ForceFields::UFF::AtomicParams const*, std::allocator<ForceFields::UFF::AtomicParams const*> > const&, ForceFields::ForceField*) in <CONDA_ENV_PREFIX>/lib/python3.11/site-packages/rdkit/ForceField/../../../../libRDKitForceFieldHelpers.so.1
 4# RDKit::UFF::Tools::addAngleSpecialCases(RDKit::ROMol const&, int, std::vector<ForceFields::UFF::AtomicParams const*, std::allocator<ForceFields::UFF::AtomicParams const*> > const&, ForceFields::ForceField*) in <CONDA_ENV_PREFIX>/lib/python3.11/site-packages/rdkit/ForceField/../../../../libRDKitForceFieldHelpers.so.1
 5# RDKit::UFF::constructForceField(RDKit::ROMol&, std::vector<ForceFields::UFF::AtomicParams const*, std::allocator<ForceFields::UFF::AtomicParams const*> > const&, double, int, bool) in <CONDA_ENV_PREFIX>/lib/python3.11/site-packages/rdkit/ForceField/../../../../libRDKitForceFieldHelpers.so.1
 6# RDKit::UFF::constructForceField(RDKit::ROMol&, double, int, bool) in <CONDA_ENV_PREFIX>/lib/python3.11/site-packages/rdkit/ForceField/../../../../libRDKitForceFieldHelpers.so.1
 7# RDKit::UFFHelper(RDKit::ROMol&, int, double, int, bool) in <CONDA_ENV_PREFIX>/lib/python3.11/site-packages/rdkit/Chem/rdForceFieldHelpers.so
 8# 0x00007FAB6461403D in <CONDA_ENV_PREFIX>/lib/python3.11/site-packages/rdkit/Chem/rdForceFieldHelpers.so
 9# boost::python::objects::function::call(_object*, _object*) const in <CONDA_ENV_PREFIX>/lib/python3.11/site-packages/rdkit/../../../libboost_python311.so.1.86.0
10# 0x00007FAB6656D449 in <CONDA_ENV_PREFIX>/lib/python3.11/site-packages/rdkit/../../../libboost_python311.so.1.86.0
11# boost::python::detail::exception_handler::operator()(boost::function_n<void> const&) const in <CONDA_ENV_PREFIX>/lib/python3.11/site-packages/rdkit/../../../libboost_python311.so.1.86.0
12# 0x00007FAB642CDC04 in <CONDA_ENV_PREFIX>/lib/python3.11/site-packages/rdkit/Chem/rdSLNParse.so
13# 0x00007FAB646BB354 in <CONDA_ENV_PREFIX>/lib/python3.11/site-packages/rdkit/Chem/rdDepictor.so
14# 0x00007FAB64959DD4 in <CONDA_ENV_PREFIX>/lib/python3.11/site-packages/rdkit/Chem/rdChemReactions.so
15# 0x00007FAB64959E24 in <CONDA_ENV_PREFIX>/lib/python3.11/site-packages/rdkit/Chem/rdChemReactions.so
16# 0x00007FAB64AD2B94 in <CONDA_ENV_PREFIX>/lib/python3.11/site-packages/rdkit/Chem/rdMolChemicalFeatures.so
17# 0x00007FAB6554A9B4 in <CONDA_ENV_PREFIX>/lib/python3.11/site-packages/rdkit/Chem/rdmolfiles.so
18# 0x00007FAB6554AA04 in <CONDA_ENV_PREFIX>/lib/python3.11/site-packages/rdkit/Chem/rdmolfiles.so
19# 0x00007FAB65664B04 in <CONDA_ENV_PREFIX>/lib/python3.11/site-packages/rdkit/Chem/rdCIPLabeler.so
20# 0x00007FAB66039174 in <CONDA_ENV_PREFIX>/lib/python3.11/site-packages/rdkit/Chem/rdchem.so
21# 0x00007FAB65FCDAAD in <CONDA_ENV_PREFIX>/lib/python3.11/site-packages/rdkit/Chem/rdchem.so
22# 0x00007FAB65FCD6AD in <CONDA_ENV_PREFIX>/lib/python3.11/site-packages/rdkit/Chem/rdchem.so
23# 0x00007FAB65FCD2AD in <CONDA_ENV_PREFIX>/lib/python3.11/site-packages/rdkit/Chem/rdchem.so
24# 0x00007FAB65FCCEAD in <CONDA_ENV_PREFIX>/lib/python3.11/site-packages/rdkit/Chem/rdchem.so
25# 0x00007FAB65FCCAAD in <CONDA_ENV_PREFIX>/lib/python3.11/site-packages/rdkit/Chem/rdchem.so
26# 0x00007FAB66641E54 in <CONDA_ENV_PREFIX>/lib/python3.11/site-packages/rdkit/rdBase.so
27# 0x00007FAB66641EA4 in <CONDA_ENV_PREFIX>/lib/python3.11/site-packages/rdkit/rdBase.so
28# 0x00007FAB66641EF4 in <CONDA_ENV_PREFIX>/lib/python3.11/site-packages/rdkit/rdBase.so
29# 0x00007FAB66641F44 in <CONDA_ENV_PREFIX>/lib/python3.11/site-packages/rdkit/rdBase.so
30# boost::python::handle_exception_impl(boost::function_n<void>) in <CONDA_ENV_PREFIX>/lib/python3.11/site-packages/rdkit/../../../libboost_python311.so.1.86.0
31# 0x00007FAB6656A9B3 in <CONDA_ENV_PREFIX>/lib/python3.11/site-packages/rdkit/../../../libboost_python311.so.1.86.0
32# _PyObject_MakeTpCall in <CONDA_ENV_PREFIX>/bin/python
33# _PyEval_EvalFrameDefault in <CONDA_ENV_PREFIX>/bin/python
34# _PyFunction_Vectorcall in <CONDA_ENV_PREFIX>/bin/python
35# 0x0000562A975F3C50 in <CONDA_ENV_PREFIX>/bin/python
36# 0x0000562A97509745 in <CONDA_ENV_PREFIX>/bin/python
37# 0x0000562A9753A1AA in <CONDA_ENV_PREFIX>/bin/python
38# PyObject_Vectorcall in <CONDA_ENV_PREFIX>/bin/python
39# _PyEval_EvalFrameDefault in <CONDA_ENV_PREFIX>/bin/python
40# _PyFunction_Vectorcall in <CONDA_ENV_PREFIX>/bin/python
41# _PyEval_EvalFrameDefault in <CONDA_ENV_PREFIX>/bin/python
42# _PyFunction_Vectorcall in <CONDA_ENV_PREFIX>/bin/python
43# _PyEval_EvalFrameDefault in <CONDA_ENV_PREFIX>/bin/python
44# _PyFunction_Vectorcall in <CONDA_ENV_PREFIX>/bin/python
45# 0x0000562A974F5979 in <CONDA_ENV_PREFIX>/bin/python
46# _PyObject_MakeTpCall in <CONDA_ENV_PREFIX>/bin/python
47# _PyEval_EvalFrameDefault in <CONDA_ENV_PREFIX>/bin/python
48# _PyFunction_Vectorcall in <CONDA_ENV_PREFIX>/bin/python
49# 0x0000562A974F5A1D in <CONDA_ENV_PREFIX>/bin/python
50# _PyObject_MakeTpCall in <CONDA_ENV_PREFIX>/bin/python
51# _PyEval_EvalFrameDefault in <CONDA_ENV_PREFIX>/bin/python
52# 0x0000562A97580B0D in <CONDA_ENV_PREFIX>/bin/python
53# PyEval_EvalCode in <CONDA_ENV_PREFIX>/bin/python
54# 0x0000562A9759E1AA in <CONDA_ENV_PREFIX>/bin/python
55# 0x0000562A97599E33 in <CONDA_ENV_PREFIX>/bin/python
56# 0x0000562A975AF3D0 in <CONDA_ENV_PREFIX>/bin/python
57# _PyRun_SimpleFileObject in <CONDA_ENV_PREFIX>/bin/python
58# _PyRun_AnyFileObject in <CONDA_ENV_PREFIX>/bin/python
59# Py_RunMain in <CONDA_ENV_PREFIX>/bin/python
60# Py_BytesMain in <CONDA_ENV_PREFIX>/bin/python
61# 0x00007FAB751F1D90 in /lib/x86_64-linux-gnu/libc.so.6
62# __libc_start_main in /lib/x86_64-linux-gnu/libc.so.6
63# 0x0000562A9757037A in <CONDA_ENV_PREFIX>/bin/python
----------
****

[21:26:57] UFFTYPER: Unrecognized atom type: S_5+6 (1)
[21:26:57] UFFTYPER: Unrecognized atom type: S_5+6 (1)
[21:26:57] 

****
Pre-condition Violation
bad params pointer
Violation occurred on line 79 in file /home/conda/feedstock_root/build_artifacts/rdkit-meta_1745736747213/work/Code/ForceField/UFF/AngleBend.cpp
Failed Expression: at2Params
----------
Stacktrace:
 0# Invar::Invariant::toString[abi:cxx11]() const in <CONDA_ENV_PREFIX>/lib/python3.11/site-packages/rdkit/../../../libRDKitRDGeneral.so.1
 1# Invar::operator<<(std::ostream&, Invar::Invariant const&) in <CONDA_ENV_PREFIX>/lib/python3.11/site-packages/rdkit/../../../libRDKitRDGeneral.so.1
 2# ForceFields::UFF::AngleBendContrib::AngleBendContrib(ForceFields::ForceField*, unsigned int, unsigned int, unsigned int, double, double, ForceFields::UFF::AtomicParams const*, ForceFields::UFF::AtomicParams const*, ForceFields::UFF::AtomicParams const*, unsigned int) in <CONDA_ENV_PREFIX>/lib/python3.11/site-packages/rdkit/ForceField/../../../../libRDKitForceField.so.1
 3# RDKit::UFF::Tools::addTrigonalBipyramidAngles(RDKit::Atom const*, RDKit::ROMol const&, int, std::vector<ForceFields::UFF::AtomicParams const*, std::allocator<ForceFields::UFF::AtomicParams const*> > const&, ForceFields::ForceField*) in <CONDA_ENV_PREFIX>/lib/python3.11/site-packages/rdkit/ForceField/../../../../libRDKitForceFieldHelpers.so.1
 4# RDKit::UFF::Tools::addAngleSpecialCases(RDKit::ROMol const&, int, std::vector<ForceFields::UFF::AtomicParams const*, std::allocator<ForceFields::UFF::AtomicParams const*> > const&, ForceFields::ForceField*) in <CONDA_ENV_PREFIX>/lib/python3.11/site-packages/rdkit/ForceField/../../../../libRDKitForceFieldHelpers.so.1
 5# RDKit::UFF::constructForceField(RDKit::ROMol&, std::vector<ForceFields::UFF::AtomicParams const*, std::allocator<ForceFields::UFF::AtomicParams const*> > const&, double, int, bool) in <CONDA_ENV_PREFIX>/lib/python3.11/site-packages/rdkit/ForceField/../../../../libRDKitForceFieldHelpers.so.1
 6# RDKit::UFF::constructForceField(RDKit::ROMol&, double, int, bool) in <CONDA_ENV_PREFIX>/lib/python3.11/site-packages/rdkit/ForceField/../../../../libRDKitForceFieldHelpers.so.1
 7# RDKit::UFFHelper(RDKit::ROMol&, int, double, int, bool) in <CONDA_ENV_PREFIX>/lib/python3.11/site-packages/rdkit/Chem/rdForceFieldHelpers.so
 8# 0x00007FAB6461403D in <CONDA_ENV_PREFIX>/lib/python3.11/site-packages/rdkit/Chem/rdForceFieldHelpers.so
 9# boost::python::objects::function::call(_object*, _object*) const in <CONDA_ENV_PREFIX>/lib/python3.11/site-packages/rdkit/../../../libboost_python311.so.1.86.0
10# 0x00007FAB6656D449 in <CONDA_ENV_PREFIX>/lib/python3.11/site-packages/rdkit/../../../libboost_python311.so.1.86.0
11# boost::python::detail::exception_handler::operator()(boost::function_n<void> const&) const in <CONDA_ENV_PREFIX>/lib/python3.11/site-packages/rdkit/../../../libboost_python311.so.1.86.0
12# 0x00007FAB642CDC04 in <CONDA_ENV_PREFIX>/lib/python3.11/site-packages/rdkit/Chem/rdSLNParse.so
13# 0x00007FAB646BB354 in <CONDA_ENV_PREFIX>/lib/python3.11/site-packages/rdkit/Chem/rdDepictor.so
14# 0x00007FAB64959DD4 in <CONDA_ENV_PREFIX>/lib/python3.11/site-packages/rdkit/Chem/rdChemReactions.so
15# 0x00007FAB64959E24 in <CONDA_ENV_PREFIX>/lib/python3.11/site-packages/rdkit/Chem/rdChemReactions.so
16# 0x00007FAB64AD2B94 in <CONDA_ENV_PREFIX>/lib/python3.11/site-packages/rdkit/Chem/rdMolChemicalFeatures.so
17# 0x00007FAB6554A9B4 in <CONDA_ENV_PREFIX>/lib/python3.11/site-packages/rdkit/Chem/rdmolfiles.so
18# 0x00007FAB6554AA04 in <CONDA_ENV_PREFIX>/lib/python3.11/site-packages/rdkit/Chem/rdmolfiles.so
19# 0x00007FAB65664B04 in <CONDA_ENV_PREFIX>/lib/python3.11/site-packages/rdkit/Chem/rdCIPLabeler.so
20# 0x00007FAB66039174 in <CONDA_ENV_PREFIX>/lib/python3.11/site-packages/rdkit/Chem/rdchem.so
21# 0x00007FAB65FCDAAD in <CONDA_ENV_PREFIX>/lib/python3.11/site-packages/rdkit/Chem/rdchem.so
22# 0x00007FAB65FCD6AD in <CONDA_ENV_PREFIX>/lib/python3.11/site-packages/rdkit/Chem/rdchem.so
23# 0x00007FAB65FCD2AD in <CONDA_ENV_PREFIX>/lib/python3.11/site-packages/rdkit/Chem/rdchem.so
24# 0x00007FAB65FCCEAD in <CONDA_ENV_PREFIX>/lib/python3.11/site-packages/rdkit/Chem/rdchem.so
25# 0x00007FAB65FCCAAD in <CONDA_ENV_PREFIX>/lib/python3.11/site-packages/rdkit/Chem/rdchem.so
26# 0x00007FAB66641E54 in <CONDA_ENV_PREFIX>/lib/python3.11/site-packages/rdkit/rdBase.so
27# 0x00007FAB66641EA4 in <CONDA_ENV_PREFIX>/lib/python3.11/site-packages/rdkit/rdBase.so
28# 0x00007FAB66641EF4 in <CONDA_ENV_PREFIX>/lib/python3.11/site-packages/rdkit/rdBase.so
29# 0x00007FAB66641F44 in <CONDA_ENV_PREFIX>/lib/python3.11/site-packages/rdkit/rdBase.so
30# boost::python::handle_exception_impl(boost::function_n<void>) in <CONDA_ENV_PREFIX>/lib/python3.11/site-packages/rdkit/../../../libboost_python311.so.1.86.0
31# 0x00007FAB6656A9B3 in <CONDA_ENV_PREFIX>/lib/python3.11/site-packages/rdkit/../../../libboost_python311.so.1.86.0
32# _PyObject_MakeTpCall in <CONDA_ENV_PREFIX>/bin/python
33# _PyEval_EvalFrameDefault in <CONDA_ENV_PREFIX>/bin/python
34# _PyFunction_Vectorcall in <CONDA_ENV_PREFIX>/bin/python
35# 0x0000562A975F3C50 in <CONDA_ENV_PREFIX>/bin/python
36# 0x0000562A97509745 in <CONDA_ENV_PREFIX>/bin/python
37# 0x0000562A9753A1AA in <CONDA_ENV_PREFIX>/bin/python
38# PyObject_Vectorcall in <CONDA_ENV_PREFIX>/bin/python
39# _PyEval_EvalFrameDefault in <CONDA_ENV_PREFIX>/bin/python
40# _PyFunction_Vectorcall in <CONDA_ENV_PREFIX>/bin/python
41# _PyEval_EvalFrameDefault in <CONDA_ENV_PREFIX>/bin/python
42# _PyFunction_Vectorcall in <CONDA_ENV_PREFIX>/bin/python
43# _PyEval_EvalFrameDefault in <CONDA_ENV_PREFIX>/bin/python
44# _PyFunction_Vectorcall in <CONDA_ENV_PREFIX>/bin/python
45# 0x0000562A974F5979 in <CONDA_ENV_PREFIX>/bin/python
46# _PyObject_MakeTpCall in <CONDA_ENV_PREFIX>/bin/python
47# _PyEval_EvalFrameDefault in <CONDA_ENV_PREFIX>/bin/python
48# _PyFunction_Vectorcall in <CONDA_ENV_PREFIX>/bin/python
49# 0x0000562A974F5A1D in <CONDA_ENV_PREFIX>/bin/python
50# _PyObject_MakeTpCall in <CONDA_ENV_PREFIX>/bin/python
51# _PyEval_EvalFrameDefault in <CONDA_ENV_PREFIX>/bin/python
52# 0x0000562A97580B0D in <CONDA_ENV_PREFIX>/bin/python
53# PyEval_EvalCode in <CONDA_ENV_PREFIX>/bin/python
54# 0x0000562A9759E1AA in <CONDA_ENV_PREFIX>/bin/python
55# 0x0000562A97599E33 in <CONDA_ENV_PREFIX>/bin/python
56# 0x0000562A975AF3D0 in <CONDA_ENV_PREFIX>/bin/python
57# _PyRun_SimpleFileObject in <CONDA_ENV_PREFIX>/bin/python
58# _PyRun_AnyFileObject in <CONDA_ENV_PREFIX>/bin/python
59# Py_RunMain in <CONDA_ENV_PREFIX>/bin/python
60# Py_BytesMain in <CONDA_ENV_PREFIX>/bin/python
61# 0x00007FAB751F1D90 in /lib/x86_64-linux-gnu/libc.so.6
62# __libc_start_main in /lib/x86_64-linux-gnu/libc.so.6
63# 0x0000562A9757037A in <CONDA_ENV_PREFIX>/bin/python
----------
****

[21:26:58] UFFTYPER: Unrecognized atom type: S_5+6 (7)
[21:26:58] UFFTYPER: Unrecognized atom type: S_5+6 (7)
[21:26:58] 

****
Pre-condition Violation
bad params pointer
Violation occurred on line 79 in file /home/conda/feedstock_root/build_artifacts/rdkit-meta_1745736747213/work/Code/ForceField/UFF/AngleBend.cpp
Failed Expression: at2Params
----------
Stacktrace:
 0# Invar::Invariant::toString[abi:cxx11]() const in <CONDA_ENV_PREFIX>/lib/python3.11/site-packages/rdkit/../../../libRDKitRDGeneral.so.1
 1# Invar::operator<<(std::ostream&, Invar::Invariant const&) in <CONDA_ENV_PREFIX>/lib/python3.11/site-packages/rdkit/../../../libRDKitRDGeneral.so.1
 2# ForceFields::UFF::AngleBendContrib::AngleBendContrib(ForceFields::ForceField*, unsigned int, unsigned int, unsigned int, double, double, ForceFields::UFF::AtomicParams const*, ForceFields::UFF::AtomicParams const*, ForceFields::UFF::AtomicParams const*, unsigned int) in <CONDA_ENV_PREFIX>/lib/python3.11/site-packages/rdkit/ForceField/../../../../libRDKitForceField.so.1
 3# RDKit::UFF::Tools::addTrigonalBipyramidAngles(RDKit::Atom const*, RDKit::ROMol const&, int, std::vector<ForceFields::UFF::AtomicParams const*, std::allocator<ForceFields::UFF::AtomicParams const*> > const&, ForceFields::ForceField*) in <CONDA_ENV_PREFIX>/lib/python3.11/site-packages/rdkit/ForceField/../../../../libRDKitForceFieldHelpers.so.1
 4# RDKit::UFF::Tools::addAngleSpecialCases(RDKit::ROMol const&, int, std::vector<ForceFields::UFF::AtomicParams const*, std::allocator<ForceFields::UFF::AtomicParams const*> > const&, ForceFields::ForceField*) in <CONDA_ENV_PREFIX>/lib/python3.11/site-packages/rdkit/ForceField/../../../../libRDKitForceFieldHelpers.so.1
 5# RDKit::UFF::constructForceField(RDKit::ROMol&, std::vector<ForceFields::UFF::AtomicParams const*, std::allocator<ForceFields::UFF::AtomicParams const*> > const&, double, int, bool) in <CONDA_ENV_PREFIX>/lib/python3.11/site-packages/rdkit/ForceField/../../../../libRDKitForceFieldHelpers.so.1
 6# RDKit::UFF::constructForceField(RDKit::ROMol&, double, int, bool) in <CONDA_ENV_PREFIX>/lib/python3.11/site-packages/rdkit/ForceField/../../../../libRDKitForceFieldHelpers.so.1
 7# RDKit::UFFHelper(RDKit::ROMol&, int, double, int, bool) in <CONDA_ENV_PREFIX>/lib/python3.11/site-packages/rdkit/Chem/rdForceFieldHelpers.so
 8# 0x00007FAB6461403D in <CONDA_ENV_PREFIX>/lib/python3.11/site-packages/rdkit/Chem/rdForceFieldHelpers.so
 9# boost::python::objects::function::call(_object*, _object*) const in <CONDA_ENV_PREFIX>/lib/python3.11/site-packages/rdkit/../../../libboost_python311.so.1.86.0
10# 0x00007FAB6656D449 in <CONDA_ENV_PREFIX>/lib/python3.11/site-packages/rdkit/../../../libboost_python311.so.1.86.0
11# boost::python::detail::exception_handler::operator()(boost::function_n<void> const&) const in <CONDA_ENV_PREFIX>/lib/python3.11/site-packages/rdkit/../../../libboost_python311.so.1.86.0
12# 0x00007FAB642CDC04 in <CONDA_ENV_PREFIX>/lib/python3.11/site-packages/rdkit/Chem/rdSLNParse.so
13# 0x00007FAB646BB354 in <CONDA_ENV_PREFIX>/lib/python3.11/site-packages/rdkit/Chem/rdDepictor.so
14# 0x00007FAB64959DD4 in <CONDA_ENV_PREFIX>/lib/python3.11/site-packages/rdkit/Chem/rdChemReactions.so
15# 0x00007FAB64959E24 in <CONDA_ENV_PREFIX>/lib/python3.11/site-packages/rdkit/Chem/rdChemReactions.so
16# 0x00007FAB64AD2B94 in <CONDA_ENV_PREFIX>/lib/python3.11/site-packages/rdkit/Chem/rdMolChemicalFeatures.so
17# 0x00007FAB6554A9B4 in <CONDA_ENV_PREFIX>/lib/python3.11/site-packages/rdkit/Chem/rdmolfiles.so
18# 0x00007FAB6554AA04 in <CONDA_ENV_PREFIX>/lib/python3.11/site-packages/rdkit/Chem/rdmolfiles.so
19# 0x00007FAB65664B04 in <CONDA_ENV_PREFIX>/lib/python3.11/site-packages/rdkit/Chem/rdCIPLabeler.so
20# 0x00007FAB66039174 in <CONDA_ENV_PREFIX>/lib/python3.11/site-packages/rdkit/Chem/rdchem.so
21# 0x00007FAB65FCDAAD in <CONDA_ENV_PREFIX>/lib/python3.11/site-packages/rdkit/Chem/rdchem.so
22# 0x00007FAB65FCD6AD in <CONDA_ENV_PREFIX>/lib/python3.11/site-packages/rdkit/Chem/rdchem.so
23# 0x00007FAB65FCD2AD in <CONDA_ENV_PREFIX>/lib/python3.11/site-packages/rdkit/Chem/rdchem.so
24# 0x00007FAB65FCCEAD in <CONDA_ENV_PREFIX>/lib/python3.11/site-packages/rdkit/Chem/rdchem.so
25# 0x00007FAB65FCCAAD in <CONDA_ENV_PREFIX>/lib/python3.11/site-packages/rdkit/Chem/rdchem.so
26# 0x00007FAB66641E54 in <CONDA_ENV_PREFIX>/lib/python3.11/site-packages/rdkit/rdBase.so
27# 0x00007FAB66641EA4 in <CONDA_ENV_PREFIX>/lib/python3.11/site-packages/rdkit/rdBase.so
28# 0x00007FAB66641EF4 in <CONDA_ENV_PREFIX>/lib/python3.11/site-packages/rdkit/rdBase.so
29# 0x00007FAB66641F44 in <CONDA_ENV_PREFIX>/lib/python3.11/site-packages/rdkit/rdBase.so
30# boost::python::handle_exception_impl(boost::function_n<void>) in <CONDA_ENV_PREFIX>/lib/python3.11/site-packages/rdkit/../../../libboost_python311.so.1.86.0
31# 0x00007FAB6656A9B3 in <CONDA_ENV_PREFIX>/lib/python3.11/site-packages/rdkit/../../../libboost_python311.so.1.86.0
32# _PyObject_MakeTpCall in <CONDA_ENV_PREFIX>/bin/python
33# _PyEval_EvalFrameDefault in <CONDA_ENV_PREFIX>/bin/python
34# _PyFunction_Vectorcall in <CONDA_ENV_PREFIX>/bin/python
35# 0x0000562A975F3C50 in <CONDA_ENV_PREFIX>/bin/python
36# 0x0000562A97509745 in <CONDA_ENV_PREFIX>/bin/python
37# 0x0000562A9753A1AA in <CONDA_ENV_PREFIX>/bin/python
38# PyObject_Vectorcall in <CONDA_ENV_PREFIX>/bin/python
39# _PyEval_EvalFrameDefault in <CONDA_ENV_PREFIX>/bin/python
40# _PyFunction_Vectorcall in <CONDA_ENV_PREFIX>/bin/python
41# _PyEval_EvalFrameDefault in <CONDA_ENV_PREFIX>/bin/python
42# _PyFunction_Vectorcall in <CONDA_ENV_PREFIX>/bin/python
43# _PyEval_EvalFrameDefault in <CONDA_ENV_PREFIX>/bin/python
44# _PyFunction_Vectorcall in <CONDA_ENV_PREFIX>/bin/python
45# 0x0000562A974F5979 in <CONDA_ENV_PREFIX>/bin/python
46# _PyObject_MakeTpCall in <CONDA_ENV_PREFIX>/bin/python
47# _PyEval_EvalFrameDefault in <CONDA_ENV_PREFIX>/bin/python
48# _PyFunction_Vectorcall in <CONDA_ENV_PREFIX>/bin/python
49# 0x0000562A974F5A1D in <CONDA_ENV_PREFIX>/bin/python
50# _PyObject_MakeTpCall in <CONDA_ENV_PREFIX>/bin/python
51# _PyEval_EvalFrameDefault in <CONDA_ENV_PREFIX>/bin/python
52# 0x0000562A97580B0D in <CONDA_ENV_PREFIX>/bin/python
53# PyEval_EvalCode in <CONDA_ENV_PREFIX>/bin/python
54# 0x0000562A9759E1AA in <CONDA_ENV_PREFIX>/bin/python
55# 0x0000562A97599E33 in <CONDA_ENV_PREFIX>/bin/python
56# 0x0000562A975AF3D0 in <CONDA_ENV_PREFIX>/bin/python
57# _PyRun_SimpleFileObject in <CONDA_ENV_PREFIX>/bin/python
58# _PyRun_AnyFileObject in <CONDA_ENV_PREFIX>/bin/python
59# Py_RunMain in <CONDA_ENV_PREFIX>/bin/python
60# Py_BytesMain in <CONDA_ENV_PREFIX>/bin/python
61# 0x00007FAB751F1D90 in /lib/x86_64-linux-gnu/libc.so.6
62# __libc_start_main in /lib/x86_64-linux-gnu/libc.so.6
63# 0x0000562A9757037A in <CONDA_ENV_PREFIX>/bin/python
----------
****

[21:26:58] UFFTYPER: Unrecognized atom type: S_5+6 (1)
[21:26:58] UFFTYPER: Unrecognized atom type: S_5+6 (1)
[21:26:58] 

****
Pre-condition Violation
bad params pointer
Violation occurred on line 79 in file /home/conda/feedstock_root/build_artifacts/rdkit-meta_1745736747213/work/Code/ForceField/UFF/AngleBend.cpp
Failed Expression: at2Params
----------
Stacktrace:
 0# Invar::Invariant::toString[abi:cxx11]() const in <CONDA_ENV_PREFIX>/lib/python3.11/site-packages/rdkit/../../../libRDKitRDGeneral.so.1
 1# Invar::operator<<(std::ostream&, Invar::Invariant const&) in <CONDA_ENV_PREFIX>/lib/python3.11/site-packages/rdkit/../../../libRDKitRDGeneral.so.1
 2# ForceFields::UFF::AngleBendContrib::AngleBendContrib(ForceFields::ForceField*, unsigned int, unsigned int, unsigned int, double, double, ForceFields::UFF::AtomicParams const*, ForceFields::UFF::AtomicParams const*, ForceFields::UFF::AtomicParams const*, unsigned int) in <CONDA_ENV_PREFIX>/lib/python3.11/site-packages/rdkit/ForceField/../../../../libRDKitForceField.so.1
 3# RDKit::UFF::Tools::addTrigonalBipyramidAngles(RDKit::Atom const*, RDKit::ROMol const&, int, std::vector<ForceFields::UFF::AtomicParams const*, std::allocator<ForceFields::UFF::AtomicParams const*> > const&, ForceFields::ForceField*) in <CONDA_ENV_PREFIX>/lib/python3.11/site-packages/rdkit/ForceField/../../../../libRDKitForceFieldHelpers.so.1
 4# RDKit::UFF::Tools::addAngleSpecialCases(RDKit::ROMol const&, int, std::vector<ForceFields::UFF::AtomicParams const*, std::allocator<ForceFields::UFF::AtomicParams const*> > const&, ForceFields::ForceField*) in <CONDA_ENV_PREFIX>/lib/python3.11/site-packages/rdkit/ForceField/../../../../libRDKitForceFieldHelpers.so.1
 5# RDKit::UFF::constructForceField(RDKit::ROMol&, std::vector<ForceFields::UFF::AtomicParams const*, std::allocator<ForceFields::UFF::AtomicParams const*> > const&, double, int, bool) in <CONDA_ENV_PREFIX>/lib/python3.11/site-packages/rdkit/ForceField/../../../../libRDKitForceFieldHelpers.so.1
 6# RDKit::UFF::constructForceField(RDKit::ROMol&, double, int, bool) in <CONDA_ENV_PREFIX>/lib/python3.11/site-packages/rdkit/ForceField/../../../../libRDKitForceFieldHelpers.so.1
 7# RDKit::UFFHelper(RDKit::ROMol&, int, double, int, bool) in <CONDA_ENV_PREFIX>/lib/python3.11/site-packages/rdkit/Chem/rdForceFieldHelpers.so
 8# 0x00007FAB6461403D in <CONDA_ENV_PREFIX>/lib/python3.11/site-packages/rdkit/Chem/rdForceFieldHelpers.so
 9# boost::python::objects::function::call(_object*, _object*) const in <CONDA_ENV_PREFIX>/lib/python3.11/site-packages/rdkit/../../../libboost_python311.so.1.86.0
10# 0x00007FAB6656D449 in <CONDA_ENV_PREFIX>/lib/python3.11/site-packages/rdkit/../../../libboost_python311.so.1.86.0
11# boost::python::detail::exception_handler::operator()(boost::function_n<void> const&) const in <CONDA_ENV_PREFIX>/lib/python3.11/site-packages/rdkit/../../../libboost_python311.so.1.86.0
12# 0x00007FAB642CDC04 in <CONDA_ENV_PREFIX>/lib/python3.11/site-packages/rdkit/Chem/rdSLNParse.so
13# 0x00007FAB646BB354 in <CONDA_ENV_PREFIX>/lib/python3.11/site-packages/rdkit/Chem/rdDepictor.so
14# 0x00007FAB64959DD4 in <CONDA_ENV_PREFIX>/lib/python3.11/site-packages/rdkit/Chem/rdChemReactions.so
15# 0x00007FAB64959E24 in <CONDA_ENV_PREFIX>/lib/python3.11/site-packages/rdkit/Chem/rdChemReactions.so
16# 0x00007FAB64AD2B94 in <CONDA_ENV_PREFIX>/lib/python3.11/site-packages/rdkit/Chem/rdMolChemicalFeatures.so
17# 0x00007FAB6554A9B4 in <CONDA_ENV_PREFIX>/lib/python3.11/site-packages/rdkit/Chem/rdmolfiles.so
18# 0x00007FAB6554AA04 in <CONDA_ENV_PREFIX>/lib/python3.11/site-packages/rdkit/Chem/rdmolfiles.so
19# 0x00007FAB65664B04 in <CONDA_ENV_PREFIX>/lib/python3.11/site-packages/rdkit/Chem/rdCIPLabeler.so
20# 0x00007FAB66039174 in <CONDA_ENV_PREFIX>/lib/python3.11/site-packages/rdkit/Chem/rdchem.so
21# 0x00007FAB65FCDAAD in <CONDA_ENV_PREFIX>/lib/python3.11/site-packages/rdkit/Chem/rdchem.so
22# 0x00007FAB65FCD6AD in <CONDA_ENV_PREFIX>/lib/python3.11/site-packages/rdkit/Chem/rdchem.so
23# 0x00007FAB65FCD2AD in <CONDA_ENV_PREFIX>/lib/python3.11/site-packages/rdkit/Chem/rdchem.so
24# 0x00007FAB65FCCEAD in <CONDA_ENV_PREFIX>/lib/python3.11/site-packages/rdkit/Chem/rdchem.so
25# 0x00007FAB65FCCAAD in <CONDA_ENV_PREFIX>/lib/python3.11/site-packages/rdkit/Chem/rdchem.so
26# 0x00007FAB66641E54 in <CONDA_ENV_PREFIX>/lib/python3.11/site-packages/rdkit/rdBase.so
27# 0x00007FAB66641EA4 in <CONDA_ENV_PREFIX>/lib/python3.11/site-packages/rdkit/rdBase.so
28# 0x00007FAB66641EF4 in <CONDA_ENV_PREFIX>/lib/python3.11/site-packages/rdkit/rdBase.so
29# 0x00007FAB66641F44 in <CONDA_ENV_PREFIX>/lib/python3.11/site-packages/rdkit/rdBase.so
30# boost::python::handle_exception_impl(boost::function_n<void>) in <CONDA_ENV_PREFIX>/lib/python3.11/site-packages/rdkit/../../../libboost_python311.so.1.86.0
31# 0x00007FAB6656A9B3 in <CONDA_ENV_PREFIX>/lib/python3.11/site-packages/rdkit/../../../libboost_python311.so.1.86.0
32# _PyObject_MakeTpCall in <CONDA_ENV_PREFIX>/bin/python
33# _PyEval_EvalFrameDefault in <CONDA_ENV_PREFIX>/bin/python
34# _PyFunction_Vectorcall in <CONDA_ENV_PREFIX>/bin/python
35# 0x0000562A975F3C50 in <CONDA_ENV_PREFIX>/bin/python
36# 0x0000562A97509745 in <CONDA_ENV_PREFIX>/bin/python
37# 0x0000562A9753A1AA in <CONDA_ENV_PREFIX>/bin/python
38# PyObject_Vectorcall in <CONDA_ENV_PREFIX>/bin/python
39# _PyEval_EvalFrameDefault in <CONDA_ENV_PREFIX>/bin/python
40# _PyFunction_Vectorcall in <CONDA_ENV_PREFIX>/bin/python
41# _PyEval_EvalFrameDefault in <CONDA_ENV_PREFIX>/bin/python
42# _PyFunction_Vectorcall in <CONDA_ENV_PREFIX>/bin/python
43# _PyEval_EvalFrameDefault in <CONDA_ENV_PREFIX>/bin/python
44# _PyFunction_Vectorcall in <CONDA_ENV_PREFIX>/bin/python
45# 0x0000562A974F5979 in <CONDA_ENV_PREFIX>/bin/python
46# _PyObject_MakeTpCall in <CONDA_ENV_PREFIX>/bin/python
47# _PyEval_EvalFrameDefault in <CONDA_ENV_PREFIX>/bin/python
48# _PyFunction_Vectorcall in <CONDA_ENV_PREFIX>/bin/python
49# 0x0000562A974F5A1D in <CONDA_ENV_PREFIX>/bin/python
50# _PyObject_MakeTpCall in <CONDA_ENV_PREFIX>/bin/python
51# _PyEval_EvalFrameDefault in <CONDA_ENV_PREFIX>/bin/python
52# 0x0000562A97580B0D in <CONDA_ENV_PREFIX>/bin/python
53# PyEval_EvalCode in <CONDA_ENV_PREFIX>/bin/python
54# 0x0000562A9759E1AA in <CONDA_ENV_PREFIX>/bin/python
55# 0x0000562A97599E33 in <CONDA_ENV_PREFIX>/bin/python
56# 0x0000562A975AF3D0 in <CONDA_ENV_PREFIX>/bin/python
57# _PyRun_SimpleFileObject in <CONDA_ENV_PREFIX>/bin/python
58# _PyRun_AnyFileObject in <CONDA_ENV_PREFIX>/bin/python
59# Py_RunMain in <CONDA_ENV_PREFIX>/bin/python
60# Py_BytesMain in <CONDA_ENV_PREFIX>/bin/python
61# 0x00007FAB751F1D90 in /lib/x86_64-linux-gnu/libc.so.6
62# __libc_start_main in /lib/x86_64-linux-gnu/libc.so.6
63# 0x0000562A9757037A in <CONDA_ENV_PREFIX>/bin/python
----------
****

[21:26:58] UFFTYPER: Unrecognized atom type: S_5+6 (8)
[21:26:58] UFFTYPER: Unrecognized atom type: S_5+6 (8)
[21:26:58] 

****
Pre-condition Violation
bad params pointer
Violation occurred on line 79 in file /home/conda/feedstock_root/build_artifacts/rdkit-meta_1745736747213/work/Code/ForceField/UFF/AngleBend.cpp
Failed Expression: at2Params
----------
Stacktrace:
 0# Invar::Invariant::toString[abi:cxx11]() const in <CONDA_ENV_PREFIX>/lib/python3.11/site-packages/rdkit/../../../libRDKitRDGeneral.so.1
 1# Invar::operator<<(std::ostream&, Invar::Invariant const&) in <CONDA_ENV_PREFIX>/lib/python3.11/site-packages/rdkit/../../../libRDKitRDGeneral.so.1
 2# ForceFields::UFF::AngleBendContrib::AngleBendContrib(ForceFields::ForceField*, unsigned int, unsigned int, unsigned int, double, double, ForceFields::UFF::AtomicParams const*, ForceFields::UFF::AtomicParams const*, ForceFields::UFF::AtomicParams const*, unsigned int) in <CONDA_ENV_PREFIX>/lib/python3.11/site-packages/rdkit/ForceField/../../../../libRDKitForceField.so.1
 3# RDKit::UFF::Tools::addTrigonalBipyramidAngles(RDKit::Atom const*, RDKit::ROMol const&, int, std::vector<ForceFields::UFF::AtomicParams const*, std::allocator<ForceFields::UFF::AtomicParams const*> > const&, ForceFields::ForceField*) in <CONDA_ENV_PREFIX>/lib/python3.11/site-packages/rdkit/ForceField/../../../../libRDKitForceFieldHelpers.so.1
 4# RDKit::UFF::Tools::addAngleSpecialCases(RDKit::ROMol const&, int, std::vector<ForceFields::UFF::AtomicParams const*, std::allocator<ForceFields::UFF::AtomicParams const*> > const&, ForceFields::ForceField*) in <CONDA_ENV_PREFIX>/lib/python3.11/site-packages/rdkit/ForceField/../../../../libRDKitForceFieldHelpers.so.1
 5# RDKit::UFF::constructForceField(RDKit::ROMol&, std::vector<ForceFields::UFF::AtomicParams const*, std::allocator<ForceFields::UFF::AtomicParams const*> > const&, double, int, bool) in <CONDA_ENV_PREFIX>/lib/python3.11/site-packages/rdkit/ForceField/../../../../libRDKitForceFieldHelpers.so.1
 6# RDKit::UFF::constructForceField(RDKit::ROMol&, double, int, bool) in <CONDA_ENV_PREFIX>/lib/python3.11/site-packages/rdkit/ForceField/../../../../libRDKitForceFieldHelpers.so.1
 7# RDKit::UFFHelper(RDKit::ROMol&, int, double, int, bool) in <CONDA_ENV_PREFIX>/lib/python3.11/site-packages/rdkit/Chem/rdForceFieldHelpers.so
 8# 0x00007FAB6461403D in <CONDA_ENV_PREFIX>/lib/python3.11/site-packages/rdkit/Chem/rdForceFieldHelpers.so
 9# boost::python::objects::function::call(_object*, _object*) const in <CONDA_ENV_PREFIX>/lib/python3.11/site-packages/rdkit/../../../libboost_python311.so.1.86.0
10# 0x00007FAB6656D449 in <CONDA_ENV_PREFIX>/lib/python3.11/site-packages/rdkit/../../../libboost_python311.so.1.86.0
11# boost::python::detail::exception_handler::operator()(boost::function_n<void> const&) const in <CONDA_ENV_PREFIX>/lib/python3.11/site-packages/rdkit/../../../libboost_python311.so.1.86.0
12# 0x00007FAB642CDC04 in <CONDA_ENV_PREFIX>/lib/python3.11/site-packages/rdkit/Chem/rdSLNParse.so
13# 0x00007FAB646BB354 in <CONDA_ENV_PREFIX>/lib/python3.11/site-packages/rdkit/Chem/rdDepictor.so
14# 0x00007FAB64959DD4 in <CONDA_ENV_PREFIX>/lib/python3.11/site-packages/rdkit/Chem/rdChemReactions.so
15# 0x00007FAB64959E24 in <CONDA_ENV_PREFIX>/lib/python3.11/site-packages/rdkit/Chem/rdChemReactions.so
16# 0x00007FAB64AD2B94 in <CONDA_ENV_PREFIX>/lib/python3.11/site-packages/rdkit/Chem/rdMolChemicalFeatures.so
17# 0x00007FAB6554A9B4 in <CONDA_ENV_PREFIX>/lib/python3.11/site-packages/rdkit/Chem/rdmolfiles.so
18# 0x00007FAB6554AA04 in <CONDA_ENV_PREFIX>/lib/python3.11/site-packages/rdkit/Chem/rdmolfiles.so
19# 0x00007FAB65664B04 in <CONDA_ENV_PREFIX>/lib/python3.11/site-packages/rdkit/Chem/rdCIPLabeler.so
20# 0x00007FAB66039174 in <CONDA_ENV_PREFIX>/lib/python3.11/site-packages/rdkit/Chem/rdchem.so
21# 0x00007FAB65FCDAAD in <CONDA_ENV_PREFIX>/lib/python3.11/site-packages/rdkit/Chem/rdchem.so
22# 0x00007FAB65FCD6AD in <CONDA_ENV_PREFIX>/lib/python3.11/site-packages/rdkit/Chem/rdchem.so
23# 0x00007FAB65FCD2AD in <CONDA_ENV_PREFIX>/lib/python3.11/site-packages/rdkit/Chem/rdchem.so
24# 0x00007FAB65FCCEAD in <CONDA_ENV_PREFIX>/lib/python3.11/site-packages/rdkit/Chem/rdchem.so
25# 0x00007FAB65FCCAAD in <CONDA_ENV_PREFIX>/lib/python3.11/site-packages/rdkit/Chem/rdchem.so
26# 0x00007FAB66641E54 in <CONDA_ENV_PREFIX>/lib/python3.11/site-packages/rdkit/rdBase.so
27# 0x00007FAB66641EA4 in <CONDA_ENV_PREFIX>/lib/python3.11/site-packages/rdkit/rdBase.so
28# 0x00007FAB66641EF4 in <CONDA_ENV_PREFIX>/lib/python3.11/site-packages/rdkit/rdBase.so
29# 0x00007FAB66641F44 in <CONDA_ENV_PREFIX>/lib/python3.11/site-packages/rdkit/rdBase.so
30# boost::python::handle_exception_impl(boost::function_n<void>) in <CONDA_ENV_PREFIX>/lib/python3.11/site-packages/rdkit/../../../libboost_python311.so.1.86.0
31# 0x00007FAB6656A9B3 in <CONDA_ENV_PREFIX>/lib/python3.11/site-packages/rdkit/../../../libboost_python311.so.1.86.0
32# _PyObject_MakeTpCall in <CONDA_ENV_PREFIX>/bin/python
33# _PyEval_EvalFrameDefault in <CONDA_ENV_PREFIX>/bin/python
34# _PyFunction_Vectorcall in <CONDA_ENV_PREFIX>/bin/python
35# 0x0000562A975F3C50 in <CONDA_ENV_PREFIX>/bin/python
36# 0x0000562A97509745 in <CONDA_ENV_PREFIX>/bin/python
37# 0x0000562A9753A1AA in <CONDA_ENV_PREFIX>/bin/python
38# PyObject_Vectorcall in <CONDA_ENV_PREFIX>/bin/python
39# _PyEval_EvalFrameDefault in <CONDA_ENV_PREFIX>/bin/python
40# _PyFunction_Vectorcall in <CONDA_ENV_PREFIX>/bin/python
41# _PyEval_EvalFrameDefault in <CONDA_ENV_PREFIX>/bin/python
42# _PyFunction_Vectorcall in <CONDA_ENV_PREFIX>/bin/python
43# _PyEval_EvalFrameDefault in <CONDA_ENV_PREFIX>/bin/python
44# _PyFunction_Vectorcall in <CONDA_ENV_PREFIX>/bin/python
45# 0x0000562A974F5979 in <CONDA_ENV_PREFIX>/bin/python
46# _PyObject_MakeTpCall in <CONDA_ENV_PREFIX>/bin/python
47# _PyEval_EvalFrameDefault in <CONDA_ENV_PREFIX>/bin/python
48# _PyFunction_Vectorcall in <CONDA_ENV_PREFIX>/bin/python
49# 0x0000562A974F5A1D in <CONDA_ENV_PREFIX>/bin/python
50# _PyObject_MakeTpCall in <CONDA_ENV_PREFIX>/bin/python
51# _PyEval_EvalFrameDefault in <CONDA_ENV_PREFIX>/bin/python
52# 0x0000562A97580B0D in <CONDA_ENV_PREFIX>/bin/python
53# PyEval_EvalCode in <CONDA_ENV_PREFIX>/bin/python
54# 0x0000562A9759E1AA in <CONDA_ENV_PREFIX>/bin/python
55# 0x0000562A97599E33 in <CONDA_ENV_PREFIX>/bin/python
56# 0x0000562A975AF3D0 in <CONDA_ENV_PREFIX>/bin/python
57# _PyRun_SimpleFileObject in <CONDA_ENV_PREFIX>/bin/python
58# _PyRun_AnyFileObject in <CONDA_ENV_PREFIX>/bin/python
59# Py_RunMain in <CONDA_ENV_PREFIX>/bin/python
60# Py_BytesMain in <CONDA_ENV_PREFIX>/bin/python
61# 0x00007FAB751F1D90 in /lib/x86_64-linux-gnu/libc.so.6
62# __libc_start_main in /lib/x86_64-linux-gnu/libc.so.6
63# 0x0000562A9757037A in <CONDA_ENV_PREFIX>/bin/python
----------
****

[21:26:59] UFFTYPER: Unrecognized atom type: S_5+6 (9)
[21:26:59] UFFTYPER: Unrecognized atom type: S_5+6 (9)
[21:26:59] 

****
Pre-condition Violation
bad params pointer
Violation occurred on line 79 in file /home/conda/feedstock_root/build_artifacts/rdkit-meta_1745736747213/work/Code/ForceField/UFF/AngleBend.cpp
Failed Expression: at2Params
----------
Stacktrace:
 0# Invar::Invariant::toString[abi:cxx11]() const in <CONDA_ENV_PREFIX>/lib/python3.11/site-packages/rdkit/../../../libRDKitRDGeneral.so.1
 1# Invar::operator<<(std::ostream&, Invar::Invariant const&) in <CONDA_ENV_PREFIX>/lib/python3.11/site-packages/rdkit/../../../libRDKitRDGeneral.so.1
 2# ForceFields::UFF::AngleBendContrib::AngleBendContrib(ForceFields::ForceField*, unsigned int, unsigned int, unsigned int, double, double, ForceFields::UFF::AtomicParams const*, ForceFields::UFF::AtomicParams const*, ForceFields::UFF::AtomicParams const*, unsigned int) in <CONDA_ENV_PREFIX>/lib/python3.11/site-packages/rdkit/ForceField/../../../../libRDKitForceField.so.1
 3# RDKit::UFF::Tools::addTrigonalBipyramidAngles(RDKit::Atom const*, RDKit::ROMol const&, int, std::vector<ForceFields::UFF::AtomicParams const*, std::allocator<ForceFields::UFF::AtomicParams const*> > const&, ForceFields::ForceField*) in <CONDA_ENV_PREFIX>/lib/python3.11/site-packages/rdkit/ForceField/../../../../libRDKitForceFieldHelpers.so.1
 4# RDKit::UFF::Tools::addAngleSpecialCases(RDKit::ROMol const&, int, std::vector<ForceFields::UFF::AtomicParams const*, std::allocator<ForceFields::UFF::AtomicParams const*> > const&, ForceFields::ForceField*) in <CONDA_ENV_PREFIX>/lib/python3.11/site-packages/rdkit/ForceField/../../../../libRDKitForceFieldHelpers.so.1
 5# RDKit::UFF::constructForceField(RDKit::ROMol&, std::vector<ForceFields::UFF::AtomicParams const*, std::allocator<ForceFields::UFF::AtomicParams const*> > const&, double, int, bool) in <CONDA_ENV_PREFIX>/lib/python3.11/site-packages/rdkit/ForceField/../../../../libRDKitForceFieldHelpers.so.1
 6# RDKit::UFF::constructForceField(RDKit::ROMol&, double, int, bool) in <CONDA_ENV_PREFIX>/lib/python3.11/site-packages/rdkit/ForceField/../../../../libRDKitForceFieldHelpers.so.1
 7# RDKit::UFFHelper(RDKit::ROMol&, int, double, int, bool) in <CONDA_ENV_PREFIX>/lib/python3.11/site-packages/rdkit/Chem/rdForceFieldHelpers.so
 8# 0x00007FAB6461403D in <CONDA_ENV_PREFIX>/lib/python3.11/site-packages/rdkit/Chem/rdForceFieldHelpers.so
 9# boost::python::objects::function::call(_object*, _object*) const in <CONDA_ENV_PREFIX>/lib/python3.11/site-packages/rdkit/../../../libboost_python311.so.1.86.0
10# 0x00007FAB6656D449 in <CONDA_ENV_PREFIX>/lib/python3.11/site-packages/rdkit/../../../libboost_python311.so.1.86.0
11# boost::python::detail::exception_handler::operator()(boost::function_n<void> const&) const in <CONDA_ENV_PREFIX>/lib/python3.11/site-packages/rdkit/../../../libboost_python311.so.1.86.0
12# 0x00007FAB642CDC04 in <CONDA_ENV_PREFIX>/lib/python3.11/site-packages/rdkit/Chem/rdSLNParse.so
13# 0x00007FAB646BB354 in <CONDA_ENV_PREFIX>/lib/python3.11/site-packages/rdkit/Chem/rdDepictor.so
14# 0x00007FAB64959DD4 in <CONDA_ENV_PREFIX>/lib/python3.11/site-packages/rdkit/Chem/rdChemReactions.so
15# 0x00007FAB64959E24 in <CONDA_ENV_PREFIX>/lib/python3.11/site-packages/rdkit/Chem/rdChemReactions.so
16# 0x00007FAB64AD2B94 in <CONDA_ENV_PREFIX>/lib/python3.11/site-packages/rdkit/Chem/rdMolChemicalFeatures.so
17# 0x00007FAB6554A9B4 in <CONDA_ENV_PREFIX>/lib/python3.11/site-packages/rdkit/Chem/rdmolfiles.so
18# 0x00007FAB6554AA04 in <CONDA_ENV_PREFIX>/lib/python3.11/site-packages/rdkit/Chem/rdmolfiles.so
19# 0x00007FAB65664B04 in <CONDA_ENV_PREFIX>/lib/python3.11/site-packages/rdkit/Chem/rdCIPLabeler.so
20# 0x00007FAB66039174 in <CONDA_ENV_PREFIX>/lib/python3.11/site-packages/rdkit/Chem/rdchem.so
21# 0x00007FAB65FCDAAD in <CONDA_ENV_PREFIX>/lib/python3.11/site-packages/rdkit/Chem/rdchem.so
22# 0x00007FAB65FCD6AD in <CONDA_ENV_PREFIX>/lib/python3.11/site-packages/rdkit/Chem/rdchem.so
23# 0x00007FAB65FCD2AD in <CONDA_ENV_PREFIX>/lib/python3.11/site-packages/rdkit/Chem/rdchem.so
24# 0x00007FAB65FCCEAD in <CONDA_ENV_PREFIX>/lib/python3.11/site-packages/rdkit/Chem/rdchem.so
25# 0x00007FAB65FCCAAD in <CONDA_ENV_PREFIX>/lib/python3.11/site-packages/rdkit/Chem/rdchem.so
26# 0x00007FAB66641E54 in <CONDA_ENV_PREFIX>/lib/python3.11/site-packages/rdkit/rdBase.so
27# 0x00007FAB66641EA4 in <CONDA_ENV_PREFIX>/lib/python3.11/site-packages/rdkit/rdBase.so
28# 0x00007FAB66641EF4 in <CONDA_ENV_PREFIX>/lib/python3.11/site-packages/rdkit/rdBase.so
29# 0x00007FAB66641F44 in <CONDA_ENV_PREFIX>/lib/python3.11/site-packages/rdkit/rdBase.so
30# boost::python::handle_exception_impl(boost::function_n<void>) in <CONDA_ENV_PREFIX>/lib/python3.11/site-packages/rdkit/../../../libboost_python311.so.1.86.0
31# 0x00007FAB6656A9B3 in <CONDA_ENV_PREFIX>/lib/python3.11/site-packages/rdkit/../../../libboost_python311.so.1.86.0
32# _PyObject_MakeTpCall in <CONDA_ENV_PREFIX>/bin/python
33# _PyEval_EvalFrameDefault in <CONDA_ENV_PREFIX>/bin/python
34# _PyFunction_Vectorcall in <CONDA_ENV_PREFIX>/bin/python
35# 0x0000562A975F3C50 in <CONDA_ENV_PREFIX>/bin/python
36# 0x0000562A97509745 in <CONDA_ENV_PREFIX>/bin/python
37# 0x0000562A9753A1AA in <CONDA_ENV_PREFIX>/bin/python
38# PyObject_Vectorcall in <CONDA_ENV_PREFIX>/bin/python
39# _PyEval_EvalFrameDefault in <CONDA_ENV_PREFIX>/bin/python
40# _PyFunction_Vectorcall in <CONDA_ENV_PREFIX>/bin/python
41# _PyEval_EvalFrameDefault in <CONDA_ENV_PREFIX>/bin/python
42# _PyFunction_Vectorcall in <CONDA_ENV_PREFIX>/bin/python
43# _PyEval_EvalFrameDefault in <CONDA_ENV_PREFIX>/bin/python
44# _PyFunction_Vectorcall in <CONDA_ENV_PREFIX>/bin/python
45# 0x0000562A974F5979 in <CONDA_ENV_PREFIX>/bin/python
46# _PyObject_MakeTpCall in <CONDA_ENV_PREFIX>/bin/python
47# _PyEval_EvalFrameDefault in <CONDA_ENV_PREFIX>/bin/python
48# _PyFunction_Vectorcall in <CONDA_ENV_PREFIX>/bin/python
49# 0x0000562A974F5A1D in <CONDA_ENV_PREFIX>/bin/python
50# _PyObject_MakeTpCall in <CONDA_ENV_PREFIX>/bin/python
51# _PyEval_EvalFrameDefault in <CONDA_ENV_PREFIX>/bin/python
52# 0x0000562A97580B0D in <CONDA_ENV_PREFIX>/bin/python
53# PyEval_EvalCode in <CONDA_ENV_PREFIX>/bin/python
54# 0x0000562A9759E1AA in <CONDA_ENV_PREFIX>/bin/python
55# 0x0000562A97599E33 in <CONDA_ENV_PREFIX>/bin/python
56# 0x0000562A975AF3D0 in <CONDA_ENV_PREFIX>/bin/python
57# _PyRun_SimpleFileObject in <CONDA_ENV_PREFIX>/bin/python
58# _PyRun_AnyFileObject in <CONDA_ENV_PREFIX>/bin/python
59# Py_RunMain in <CONDA_ENV_PREFIX>/bin/python
60# Py_BytesMain in <CONDA_ENV_PREFIX>/bin/python
61# 0x00007FAB751F1D90 in /lib/x86_64-linux-gnu/libc.so.6
62# __libc_start_main in /lib/x86_64-linux-gnu/libc.so.6
63# 0x0000562A9757037A in <CONDA_ENV_PREFIX>/bin/python
----------
****

[21:26:59] UFFTYPER: Unrecognized atom type: S_5+6 (1)
[21:26:59] UFFTYPER: Unrecognized atom type: S_5+6 (1)
[21:26:59] 

****
[21:26:59] UFFTYPER: Unrecognized atom type: S_5+6 (11)
Pre-condition Violation
bad params pointer
Violation occurred on line 79 in file /home/conda/feedstock_root/build_artifacts/rdkit-meta_1745736747213/work/Code/ForceField/UFF/AngleBend.cpp
Failed Expression: at2Params
----------
Stacktrace:
 0# Invar::Invariant::toString[abi:cxx11]() const in <CONDA_ENV_PREFIX>/lib/python3.11/site-packages/rdkit/../../../libRDKitRDGeneral.so.1
 1# Invar::operator<<(std::ostream&, Invar::Invariant const&) in <CONDA_ENV_PREFIX>/lib/python3.11/site-packages/rdkit/../../../libRDKitRDGeneral.so.1
 2# ForceFields::UFF::AngleBendContrib::AngleBendContrib(ForceFields::ForceField*, unsigned int, unsigned int, unsigned int, double, double, ForceFields::UFF::AtomicParams const*, ForceFields::UFF::AtomicParams const*, ForceFields::UFF::AtomicParams const*, unsigned int) in <CONDA_ENV_PREFIX>/lib/python3.11/site-packages/rdkit/ForceField/../../../../libRDKitForceField.so.1
 3# RDKit::UFF::Tools::addTrigonalBipyramidAngles(RDKit::Atom const*, RDKit::ROMol const&, int, std::vector<ForceFields::UFF::AtomicParams const*, std::allocator<ForceFields::UFF::AtomicParams const*> > const&, ForceFields::ForceField*) in <CONDA_ENV_PREFIX>/lib/python3.11/site-packages/rdkit/ForceField/../../../../libRDKitForceFieldHelpers.so.1
 4# RDKit::UFF::Tools::addAngleSpecialCases(RDKit::ROMol const&, int, std::vector<ForceFields::UFF::AtomicParams const*, std::allocator<ForceFields::UFF::AtomicParams const*> > const&, ForceFields::ForceField*) in <CONDA_ENV_PREFIX>/lib/python3.11/site-packages/rdkit/ForceField/../../../../libRDKitForceFieldHelpers.so.1
 5# RDKit::UFF::constructForceField(RDKit::ROMol&, std::vector<ForceFields::UFF::AtomicParams const*, std::allocator<ForceFields::UFF::AtomicParams const*> > const&, double, int, bool) in <CONDA_ENV_PREFIX>/lib/python3.11/site-packages/rdkit/ForceField/../../../../libRDKitForceFieldHelpers.so.1
 6# RDKit::UFF::constructForceField(RDKit::ROMol&, double, int, bool) in <CONDA_ENV_PREFIX>/lib/python3.11/site-packages/rdkit/ForceField/../../../../libRDKitForceFieldHelpers.so.1
 7# RDKit::UFFHelper(RDKit::ROMol&, int, double, int, bool) in <CONDA_ENV_PREFIX>/lib/python3.11/site-packages/rdkit/Chem/rdForceFieldHelpers.so
 8# 0x00007FAB6461403D in <CONDA_ENV_PREFIX>/lib/python3.11/site-packages/rdkit/Chem/rdForceFieldHelpers.so
 9# boost::python::objects::function::call(_object*, _object*) const in <CONDA_ENV_PREFIX>/lib/python3.11/site-packages/rdkit/../../../libboost_python311.so.1.86.0
10# 0x00007FAB6656D449 in <CONDA_ENV_PREFIX>/lib/python3.11/site-packages/rdkit/../../../libboost_python311.so.1.86.0
11# boost::python::detail::exception_handler::operator()(boost::function_n<void> const&) const in <CONDA_ENV_PREFIX>/lib/python3.11/site-packages/rdkit/../../../libboost_python311.so.1.86.0
12# 0x00007FAB642CDC04 in <CONDA_ENV_PREFIX>/lib/python3.11/site-packages/rdkit/Chem/rdSLNParse.so
13# 0x00007FAB646BB354 in <CONDA_ENV_PREFIX>/lib/python3.11/site-packages/rdkit/Chem/rdDepictor.so
14# 0x00007FAB64959DD4 in <CONDA_ENV_PREFIX>/lib/python3.11/site-packages/rdkit/Chem/rdChemReactions.so
15# 0x00007FAB64959E24 in <CONDA_ENV_PREFIX>/lib/python3.11/site-packages/rdkit/Chem/rdChemReactions.so
16# 0x00007FAB64AD2B94 in <CONDA_ENV_PREFIX>/lib/python3.11/site-packages/rdkit/Chem/rdMolChemicalFeatures.so
17# 0x00007FAB6554A9B4 in <CONDA_ENV_PREFIX>/lib/python3.11/site-packages/rdkit/Chem/rdmolfiles.so
18# 0x00007FAB6554AA04 in <CONDA_ENV_PREFIX>/lib/python3.11/site-packages/rdkit/Chem/rdmolfiles.so
19# 0x00007FAB65664B04 in <CONDA_ENV_PREFIX>/lib/python3.11/site-packages/rdkit/Chem/rdCIPLabeler.so
20# 0x00007FAB66039174 in <CONDA_ENV_PREFIX>/lib/python3.11/site-packages/rdkit/Chem/rdchem.so
21# 0x00007FAB65FCDAAD in <CONDA_ENV_PREFIX>/lib/python3.11/site-packages/rdkit/Chem/rdchem.so
22# 0x00007FAB65FCD6AD in <CONDA_ENV_PREFIX>/lib/python3.11/site-packages/rdkit/Chem/rdchem.so
23# 0x00007FAB65FCD2AD in <CONDA_ENV_PREFIX>/lib/python3.11/site-packages/rdkit/Chem/rdchem.so
24# 0x00007FAB65FCCEAD in <CONDA_ENV_PREFIX>/lib/python3.11/site-packages/rdkit/Chem/rdchem.so
25# 0x00007FAB65FCCAAD in <CONDA_ENV_PREFIX>/lib/python3.11/site-packages/rdkit/Chem/rdchem.so
26# 0x00007FAB66641E54 in <CONDA_ENV_PREFIX>/lib/python3.11/site-packages/rdkit/rdBase.so
27# 0x00007FAB66641EA4 in <CONDA_ENV_PREFIX>/lib/python3.11/site-packages/rdkit/rdBase.so
28# 0x00007FAB66641EF4 in <CONDA_ENV_PREFIX>/lib/python3.11/site-packages/rdkit/rdBase.so
29# 0x00007FAB66641F44 in <CONDA_ENV_PREFIX>/lib/python3.11/site-packages/rdkit/rdBase.so
30# boost::python::handle_exception_impl(boost::function_n<void>) in <CONDA_ENV_PREFIX>/lib/python3.11/site-packages/rdkit/../../../libboost_python311.so.1.86.0
31# 0x00007FAB6656A9B3 in <CONDA_ENV_PREFIX>/lib/python3.11/site-packages/rdkit/../../../libboost_python311.so.1.86.0
32# _PyObject_MakeTpCall in <CONDA_ENV_PREFIX>/bin/python
33# _PyEval_EvalFrameDefault in <CONDA_ENV_PREFIX>/bin/python
34# _PyFunction_Vectorcall in <CONDA_ENV_PREFIX>/bin/python
35# 0x0000562A975F3C50 in <CONDA_ENV_PREFIX>/bin/python
36# 0x0000562A97509745 in <CONDA_ENV_PREFIX>/bin/python
37# 0x0000562A9753A1AA in <CONDA_ENV_PREFIX>/bin/python
38# PyObject_Vectorcall in <CONDA_ENV_PREFIX>/bin/python
39# _PyEval_EvalFrameDefault in <CONDA_ENV_PREFIX>/bin/python
40# _PyFunction_Vectorcall in <CONDA_ENV_PREFIX>/bin/python
41# _PyEval_EvalFrameDefault in <CONDA_ENV_PREFIX>/bin/python
42# _PyFunction_Vectorcall in <CONDA_ENV_PREFIX>/bin/python
43# _PyEval_EvalFrameDefault in <CONDA_ENV_PREFIX>/bin/python
44# _PyFunction_Vectorcall in <CONDA_ENV_PREFIX>/bin/python
45# 0x0000562A974F5979 in <CONDA_ENV_PREFIX>/bin/python
46# _PyObject_MakeTpCall in <CONDA_ENV_PREFIX>/bin/python
47# _PyEval_EvalFrameDefault in <CONDA_ENV_PREFIX>/bin/python
48# _PyFunction_Vectorcall in <CONDA_ENV_PREFIX>/bin/python
49# 0x0000562A974F5A1D in <CONDA_ENV_PREFIX>/bin/python
50# _PyObject_MakeTpCall in <CONDA_ENV_PREFIX>/bin/python
51# _PyEval_EvalFrameDefault in <CONDA_ENV_PREFIX>/bin/python
52# 0x0000562A97580B0D in <CONDA_ENV_PREFIX>/bin/python
53# PyEval_EvalCode in <CONDA_ENV_PREFIX>/bin/python
54# 0x0000562A9759E1AA in <CONDA_ENV_PREFIX>/bin/python
55# 0x0000562A97599E33 in <CONDA_ENV_PREFIX>/bin/python
56# 0x0000562A975AF3D0 in <CONDA_ENV_PREFIX>/bin/python
57# _PyRun_SimpleFileObject in <CONDA_ENV_PREFIX>/bin/python
58# _PyRun_AnyFileObject in <CONDA_ENV_PREFIX>/bin/python
59# Py_RunMain in <CONDA_ENV_PREFIX>/bin/python
60# Py_BytesMain in <CONDA_ENV_PREFIX>/bin/python
61# 0x00007FAB751F1D90 in /lib/x86_64-linux-gnu/libc.so.6
62# __libc_start_main in /lib/x86_64-linux-gnu/libc.so.6
63# 0x0000562A9757037A in <CONDA_ENV_PREFIX>/bin/python
----------
****

[21:26:59] UFFTYPER: Unrecognized atom type: S_5+6 (11)
[21:26:59] 

****
Pre-condition Violation
bad params pointer
Violation occurred on line 79 in file /home/conda/feedstock_root/build_artifacts/rdkit-meta_1745736747213/work/Code/ForceField/UFF/AngleBend.cpp
Failed Expression: at2Params
----------
Stacktrace:
 0# Invar::Invariant::toString[abi:cxx11]() const in <CONDA_ENV_PREFIX>/lib/python3.11/site-packages/rdkit/../../../libRDKitRDGeneral.so.1
 1# Invar::operator<<(std::ostream&, Invar::Invariant const&) in <CONDA_ENV_PREFIX>/lib/python3.11/site-packages/rdkit/../../../libRDKitRDGeneral.so.1
 2# ForceFields::UFF::AngleBendContrib::AngleBendContrib(ForceFields::ForceField*, unsigned int, unsigned int, unsigned int, double, double, ForceFields::UFF::AtomicParams const*, ForceFields::UFF::AtomicParams const*, ForceFields::UFF::AtomicParams const*, unsigned int) in <CONDA_ENV_PREFIX>/lib/python3.11/site-packages/rdkit/ForceField/../../../../libRDKitForceField.so.1
 3# RDKit::UFF::Tools::addTrigonalBipyramidAngles(RDKit::Atom const*, RDKit::ROMol const&, int, std::vector<ForceFields::UFF::AtomicParams const*, std::allocator<ForceFields::UFF::AtomicParams const*> > const&, ForceFields::ForceField*) in <CONDA_ENV_PREFIX>/lib/python3.11/site-packages/rdkit/ForceField/../../../../libRDKitForceFieldHelpers.so.1
 4# RDKit::UFF::Tools::addAngleSpecialCases(RDKit::ROMol const&, int, std::vector<ForceFields::UFF::AtomicParams const*, std::allocator<ForceFields::UFF::AtomicParams const*> > const&, ForceFields::ForceField*) in <CONDA_ENV_PREFIX>/lib/python3.11/site-packages/rdkit/ForceField/../../../../libRDKitForceFieldHelpers.so.1
 5# RDKit::UFF::constructForceField(RDKit::ROMol&, std::vector<ForceFields::UFF::AtomicParams const*, std::allocator<ForceFields::UFF::AtomicParams const*> > const&, double, int, bool) in <CONDA_ENV_PREFIX>/lib/python3.11/site-packages/rdkit/ForceField/../../../../libRDKitForceFieldHelpers.so.1
 6# RDKit::UFF::constructForceField(RDKit::ROMol&, double, int, bool) in <CONDA_ENV_PREFIX>/lib/python3.11/site-packages/rdkit/ForceField/../../../../libRDKitForceFieldHelpers.so.1
 7# RDKit::UFFHelper(RDKit::ROMol&, int, double, int, bool) in <CONDA_ENV_PREFIX>/lib/python3.11/site-packages/rdkit/Chem/rdForceFieldHelpers.so
 8# 0x00007FAB6461403D in <CONDA_ENV_PREFIX>/lib/python3.11/site-packages/rdkit/Chem/rdForceFieldHelpers.so
 9# boost::python::objects::function::call(_object*, _object*) const in <CONDA_ENV_PREFIX>/lib/python3.11/site-packages/rdkit/../../../libboost_python311.so.1.86.0
10# 0x00007FAB6656D449 in <CONDA_ENV_PREFIX>/lib/python3.11/site-packages/rdkit/../../../libboost_python311.so.1.86.0
11# boost::python::detail::exception_handler::operator()(boost::function_n<void> const&) const in <CONDA_ENV_PREFIX>/lib/python3.11/site-packages/rdkit/../../../libboost_python311.so.1.86.0
12# 0x00007FAB642CDC04 in <CONDA_ENV_PREFIX>/lib/python3.11/site-packages/rdkit/Chem/rdSLNParse.so
13# 0x00007FAB646BB354 in <CONDA_ENV_PREFIX>/lib/python3.11/site-packages/rdkit/Chem/rdDepictor.so
14# 0x00007FAB64959DD4 in <CONDA_ENV_PREFIX>/lib/python3.11/site-packages/rdkit/Chem/rdChemReactions.so
15# 0x00007FAB64959E24 in <CONDA_ENV_PREFIX>/lib/python3.11/site-packages/rdkit/Chem/rdChemReactions.so
16# 0x00007FAB64AD2B94 in <CONDA_ENV_PREFIX>/lib/python3.11/site-packages/rdkit/Chem/rdMolChemicalFeatures.so
17# 0x00007FAB6554A9B4 in <CONDA_ENV_PREFIX>/lib/python3.11/site-packages/rdkit/Chem/rdmolfiles.so
18# 0x00007FAB6554AA04 in <CONDA_ENV_PREFIX>/lib/python3.11/site-packages/rdkit/Chem/rdmolfiles.so
19# 0x00007FAB65664B04 in <CONDA_ENV_PREFIX>/lib/python3.11/site-packages/rdkit/Chem/rdCIPLabeler.so
20# 0x00007FAB66039174 in <CONDA_ENV_PREFIX>/lib/python3.11/site-packages/rdkit/Chem/rdchem.so
21# 0x00007FAB65FCDAAD in <CONDA_ENV_PREFIX>/lib/python3.11/site-packages/rdkit/Chem/rdchem.so
22# 0x00007FAB65FCD6AD in <CONDA_ENV_PREFIX>/lib/python3.11/site-packages/rdkit/Chem/rdchem.so
23# 0x00007FAB65FCD2AD in <CONDA_ENV_PREFIX>/lib/python3.11/site-packages/rdkit/Chem/rdchem.so
24# 0x00007FAB65FCCEAD in <CONDA_ENV_PREFIX>/lib/python3.11/site-packages/rdkit/Chem/rdchem.so
25# 0x00007FAB65FCCAAD in <CONDA_ENV_PREFIX>/lib/python3.11/site-packages/rdkit/Chem/rdchem.so
26# 0x00007FAB66641E54 in <CONDA_ENV_PREFIX>/lib/python3.11/site-packages/rdkit/rdBase.so
27# 0x00007FAB66641EA4 in <CONDA_ENV_PREFIX>/lib/python3.11/site-packages/rdkit/rdBase.so
28# 0x00007FAB66641EF4 in <CONDA_ENV_PREFIX>/lib/python3.11/site-packages/rdkit/rdBase.so
29# 0x00007FAB66641F44 in <CONDA_ENV_PREFIX>/lib/python3.11/site-packages/rdkit/rdBase.so
30# boost::python::handle_exception_impl(boost::function_n<void>) in <CONDA_ENV_PREFIX>/lib/python3.11/site-packages/rdkit/../../../libboost_python311.so.1.86.0
31# 0x00007FAB6656A9B3 in <CONDA_ENV_PREFIX>/lib/python3.11/site-packages/rdkit/../../../libboost_python311.so.1.86.0
32# _PyObject_MakeTpCall in <CONDA_ENV_PREFIX>/bin/python
33# _PyEval_EvalFrameDefault in <CONDA_ENV_PREFIX>/bin/python
34# _PyFunction_Vectorcall in <CONDA_ENV_PREFIX>/bin/python
35# 0x0000562A975F3C50 in <CONDA_ENV_PREFIX>/bin/python
36# 0x0000562A97509745 in <CONDA_ENV_PREFIX>/bin/python
37# 0x0000562A9753A1AA in <CONDA_ENV_PREFIX>/bin/python
38# PyObject_Vectorcall in <CONDA_ENV_PREFIX>/bin/python
39# _PyEval_EvalFrameDefault in <CONDA_ENV_PREFIX>/bin/python
40# _PyFunction_Vectorcall in <CONDA_ENV_PREFIX>/bin/python
41# _PyEval_EvalFrameDefault in <CONDA_ENV_PREFIX>/bin/python
42# _PyFunction_Vectorcall in <CONDA_ENV_PREFIX>/bin/python
43# _PyEval_EvalFrameDefault in <CONDA_ENV_PREFIX>/bin/python
44# _PyFunction_Vectorcall in <CONDA_ENV_PREFIX>/bin/python
45# 0x0000562A974F5979 in <CONDA_ENV_PREFIX>/bin/python
46# _PyObject_MakeTpCall in <CONDA_ENV_PREFIX>/bin/python
47# _PyEval_EvalFrameDefault in <CONDA_ENV_PREFIX>/bin/python
48# _PyFunction_Vectorcall in <CONDA_ENV_PREFIX>/bin/python
49# 0x0000562A974F5A1D in <CONDA_ENV_PREFIX>/bin/python
50# _PyObject_MakeTpCall in <CONDA_ENV_PREFIX>/bin/python
51# _PyEval_EvalFrameDefault in <CONDA_ENV_PREFIX>/bin/python
52# 0x0000562A97580B0D in <CONDA_ENV_PREFIX>/bin/python
53# PyEval_EvalCode in <CONDA_ENV_PREFIX>/bin/python
54# 0x0000562A9759E1AA in <CONDA_ENV_PREFIX>/bin/python
55# 0x0000562A97599E33 in <CONDA_ENV_PREFIX>/bin/python
56# 0x0000562A975AF3D0 in <CONDA_ENV_PREFIX>/bin/python
57# _PyRun_SimpleFileObject in <CONDA_ENV_PREFIX>/bin/python
58# _PyRun_AnyFileObject in <CONDA_ENV_PREFIX>/bin/python
59# Py_RunMain in <CONDA_ENV_PREFIX>/bin/python
60# Py_BytesMain in <CONDA_ENV_PREFIX>/bin/python
61# 0x00007FAB751F1D90 in /lib/x86_64-linux-gnu/libc.so.6
62# __libc_start_main in /lib/x86_64-linux-gnu/libc.so.6
63# 0x0000562A9757037A in <CONDA_ENV_PREFIX>/bin/python
----------
****

[21:27:00] UFFTYPER: Unrecognized atom type: S_5+6 (1)
[21:27:00] UFFTYPER: Unrecognized atom type: S_5+6 (1)
[21:27:00] 

****
Pre-condition Violation
bad params pointer
Violation occurred on line 79 in file /home/conda/feedstock_root/build_artifacts/rdkit-meta_1745736747213/work/Code/ForceField/UFF/AngleBend.cpp
Failed Expression: at2Params
----------
Stacktrace:
 0# Invar::Invariant::toString[abi:cxx11]() const in <CONDA_ENV_PREFIX>/lib/python3.11/site-packages/rdkit/../../../libRDKitRDGeneral.so.1
 1# Invar::operator<<(std::ostream&, Invar::Invariant const&) in <CONDA_ENV_PREFIX>/lib/python3.11/site-packages/rdkit/../../../libRDKitRDGeneral.so.1
 2# ForceFields::UFF::AngleBendContrib::AngleBendContrib(ForceFields::ForceField*, unsigned int, unsigned int, unsigned int, double, double, ForceFields::UFF::AtomicParams const*, ForceFields::UFF::AtomicParams const*, ForceFields::UFF::AtomicParams const*, unsigned int) in <CONDA_ENV_PREFIX>/lib/python3.11/site-packages/rdkit/ForceField/../../../../libRDKitForceField.so.1
 3# RDKit::UFF::Tools::addTrigonalBipyramidAngles(RDKit::Atom const*, RDKit::ROMol const&, int, std::vector<ForceFields::UFF::AtomicParams const*, std::allocator<ForceFields::UFF::AtomicParams const*> > const&, ForceFields::ForceField*) in <CONDA_ENV_PREFIX>/lib/python3.11/site-packages/rdkit/ForceField/../../../../libRDKitForceFieldHelpers.so.1
 4# RDKit::UFF::Tools::addAngleSpecialCases(RDKit::ROMol const&, int, std::vector<ForceFields::UFF::AtomicParams const*, std::allocator<ForceFields::UFF::AtomicParams const*> > const&, ForceFields::ForceField*) in <CONDA_ENV_PREFIX>/lib/python3.11/site-packages/rdkit/ForceField/../../../../libRDKitForceFieldHelpers.so.1
 5# RDKit::UFF::constructForceField(RDKit::ROMol&, std::vector<ForceFields::UFF::AtomicParams const*, std::allocator<ForceFields::UFF::AtomicParams const*> > const&, double, int, bool) in <CONDA_ENV_PREFIX>/lib/python3.11/site-packages/rdkit/ForceField/../../../../libRDKitForceFieldHelpers.so.1
 6# RDKit::UFF::constructForceField(RDKit::ROMol&, double, int, bool) in <CONDA_ENV_PREFIX>/lib/python3.11/site-packages/rdkit/ForceField/../../../../libRDKitForceFieldHelpers.so.1
 7# RDKit::UFFHelper(RDKit::ROMol&, int, double, int, bool) in <CONDA_ENV_PREFIX>/lib/python3.11/site-packages/rdkit/Chem/rdForceFieldHelpers.so
 8# 0x00007FAB6461403D in <CONDA_ENV_PREFIX>/lib/python3.11/site-packages/rdkit/Chem/rdForceFieldHelpers.so
 9# boost::python::objects::function::call(_object*, _object*) const in <CONDA_ENV_PREFIX>/lib/python3.11/site-packages/rdkit/../../../libboost_python311.so.1.86.0
10# 0x00007FAB6656D449 in <CONDA_ENV_PREFIX>/lib/python3.11/site-packages/rdkit/../../../libboost_python311.so.1.86.0
11# boost::python::detail::exception_handler::operator()(boost::function_n<void> const&) const in <CONDA_ENV_PREFIX>/lib/python3.11/site-packages/rdkit/../../../libboost_python311.so.1.86.0
12# 0x00007FAB642CDC04 in <CONDA_ENV_PREFIX>/lib/python3.11/site-packages/rdkit/Chem/rdSLNParse.so
13# 0x00007FAB646BB354 in <CONDA_ENV_PREFIX>/lib/python3.11/site-packages/rdkit/Chem/rdDepictor.so
14# 0x00007FAB64959DD4 in <CONDA_ENV_PREFIX>/lib/python3.11/site-packages/rdkit/Chem/rdChemReactions.so
15# 0x00007FAB64959E24 in <CONDA_ENV_PREFIX>/lib/python3.11/site-packages/rdkit/Chem/rdChemReactions.so
16# 0x00007FAB64AD2B94 in <CONDA_ENV_PREFIX>/lib/python3.11/site-packages/rdkit/Chem/rdMolChemicalFeatures.so
17# 0x00007FAB6554A9B4 in <CONDA_ENV_PREFIX>/lib/python3.11/site-packages/rdkit/Chem/rdmolfiles.so
18# 0x00007FAB6554AA04 in <CONDA_ENV_PREFIX>/lib/python3.11/site-packages/rdkit/Chem/rdmolfiles.so
19# 0x00007FAB65664B04 in <CONDA_ENV_PREFIX>/lib/python3.11/site-packages/rdkit/Chem/rdCIPLabeler.so
20# 0x00007FAB66039174 in <CONDA_ENV_PREFIX>/lib/python3.11/site-packages/rdkit/Chem/rdchem.so
21# 0x00007FAB65FCDAAD in <CONDA_ENV_PREFIX>/lib/python3.11/site-packages/rdkit/Chem/rdchem.so
22# 0x00007FAB65FCD6AD in <CONDA_ENV_PREFIX>/lib/python3.11/site-packages/rdkit/Chem/rdchem.so
23# 0x00007FAB65FCD2AD in <CONDA_ENV_PREFIX>/lib/python3.11/site-packages/rdkit/Chem/rdchem.so
24# 0x00007FAB65FCCEAD in <CONDA_ENV_PREFIX>/lib/python3.11/site-packages/rdkit/Chem/rdchem.so
25# 0x00007FAB65FCCAAD in <CONDA_ENV_PREFIX>/lib/python3.11/site-packages/rdkit/Chem/rdchem.so
26# 0x00007FAB66641E54 in <CONDA_ENV_PREFIX>/lib/python3.11/site-packages/rdkit/rdBase.so
27# 0x00007FAB66641EA4 in <CONDA_ENV_PREFIX>/lib/python3.11/site-packages/rdkit/rdBase.so
28# 0x00007FAB66641EF4 in <CONDA_ENV_PREFIX>/lib/python3.11/site-packages/rdkit/rdBase.so
29# 0x00007FAB66641F44 in <CONDA_ENV_PREFIX>/lib/python3.11/site-packages/rdkit/rdBase.so
30# boost::python::handle_exception_impl(boost::function_n<void>) in <CONDA_ENV_PREFIX>/lib/python3.11/site-packages/rdkit/../../../libboost_python311.so.1.86.0
31# 0x00007FAB6656A9B3 in <CONDA_ENV_PREFIX>/lib/python3.11/site-packages/rdkit/../../../libboost_python311.so.1.86.0
32# _PyObject_MakeTpCall in <CONDA_ENV_PREFIX>/bin/python
33# _PyEval_EvalFrameDefault in <CONDA_ENV_PREFIX>/bin/python
34# _PyFunction_Vectorcall in <CONDA_ENV_PREFIX>/bin/python
35# 0x0000562A975F3C50 in <CONDA_ENV_PREFIX>/bin/python
36# 0x0000562A97509745 in <CONDA_ENV_PREFIX>/bin/python
37# 0x0000562A9753A1AA in <CONDA_ENV_PREFIX>/bin/python
38# PyObject_Vectorcall in <CONDA_ENV_PREFIX>/bin/python
39# _PyEval_EvalFrameDefault in <CONDA_ENV_PREFIX>/bin/python
40# _PyFunction_Vectorcall in <CONDA_ENV_PREFIX>/bin/python
41# _PyEval_EvalFrameDefault in <CONDA_ENV_PREFIX>/bin/python
42# _PyFunction_Vectorcall in <CONDA_ENV_PREFIX>/bin/python
43# _PyEval_EvalFrameDefault in <CONDA_ENV_PREFIX>/bin/python
44# _PyFunction_Vectorcall in <CONDA_ENV_PREFIX>/bin/python
45# 0x0000562A974F5979 in <CONDA_ENV_PREFIX>/bin/python
46# _PyObject_MakeTpCall in <CONDA_ENV_PREFIX>/bin/python
47# _PyEval_EvalFrameDefault in <CONDA_ENV_PREFIX>/bin/python
48# _PyFunction_Vectorcall in <CONDA_ENV_PREFIX>/bin/python
49# 0x0000562A974F5A1D in <CONDA_ENV_PREFIX>/bin/python
50# _PyObject_MakeTpCall in <CONDA_ENV_PREFIX>/bin/python
51# _PyEval_EvalFrameDefault in <CONDA_ENV_PREFIX>/bin/python
52# 0x0000562A97580B0D in <CONDA_ENV_PREFIX>/bin/python
53# PyEval_EvalCode in <CONDA_ENV_PREFIX>/bin/python
54# 0x0000562A9759E1AA in <CONDA_ENV_PREFIX>/bin/python
55# 0x0000562A97599E33 in <CONDA_ENV_PREFIX>/bin/python
56# 0x0000562A975AF3D0 in <CONDA_ENV_PREFIX>/bin/python
57# _PyRun_SimpleFileObject in <CONDA_ENV_PREFIX>/bin/python
58# _PyRun_AnyFileObject in <CONDA_ENV_PREFIX>/bin/python
59# Py_RunMain in <CONDA_ENV_PREFIX>/bin/python
60# Py_BytesMain in <CONDA_ENV_PREFIX>/bin/python
61# 0x00007FAB751F1D90 in /lib/x86_64-linux-gnu/libc.so.6
62# __libc_start_main in /lib/x86_64-linux-gnu/libc.so.6
63# 0x0000562A9757037A in <CONDA_ENV_PREFIX>/bin/python
----------
****

[21:27:00] UFFTYPER: Unrecognized atom type: S_5+6 (12)
[21:27:00] UFFTYPER: Unrecognized atom type: S_5+6 (12)
[21:27:00] 

****
Pre-condition Violation
bad params pointer
Violation occurred on line 79 in file /home/conda/feedstock_root/build_artifacts/rdkit-meta_1745736747213/work/Code/ForceField/UFF/AngleBend.cpp
Failed Expression: at2Params
----------
Stacktrace:
 0# Invar::Invariant::toString[abi:cxx11]() const in <CONDA_ENV_PREFIX>/lib/python3.11/site-packages/rdkit/../../../libRDKitRDGeneral.so.1
 1# Invar::operator<<(std::ostream&, Invar::Invariant const&) in <CONDA_ENV_PREFIX>/lib/python3.11/site-packages/rdkit/../../../libRDKitRDGeneral.so.1
 2# ForceFields::UFF::AngleBendContrib::AngleBendContrib(ForceFields::ForceField*, unsigned int, unsigned int, unsigned int, double, double, ForceFields::UFF::AtomicParams const*, ForceFields::UFF::AtomicParams const*, ForceFields::UFF::AtomicParams const*, unsigned int) in <CONDA_ENV_PREFIX>/lib/python3.11/site-packages/rdkit/ForceField/../../../../libRDKitForceField.so.1
 3# RDKit::UFF::Tools::addTrigonalBipyramidAngles(RDKit::Atom const*, RDKit::ROMol const&, int, std::vector<ForceFields::UFF::AtomicParams const*, std::allocator<ForceFields::UFF::AtomicParams const*> > const&, ForceFields::ForceField*) in <CONDA_ENV_PREFIX>/lib/python3.11/site-packages/rdkit/ForceField/../../../../libRDKitForceFieldHelpers.so.1
 4# RDKit::UFF::Tools::addAngleSpecialCases(RDKit::ROMol const&, int, std::vector<ForceFields::UFF::AtomicParams const*, std::allocator<ForceFields::UFF::AtomicParams const*> > const&, ForceFields::ForceField*) in <CONDA_ENV_PREFIX>/lib/python3.11/site-packages/rdkit/ForceField/../../../../libRDKitForceFieldHelpers.so.1
 5# RDKit::UFF::constructForceField(RDKit::ROMol&, std::vector<ForceFields::UFF::AtomicParams const*, std::allocator<ForceFields::UFF::AtomicParams const*> > const&, double, int, bool) in <CONDA_ENV_PREFIX>/lib/python3.11/site-packages/rdkit/ForceField/../../../../libRDKitForceFieldHelpers.so.1
 6# RDKit::UFF::constructForceField(RDKit::ROMol&, double, int, bool) in <CONDA_ENV_PREFIX>/lib/python3.11/site-packages/rdkit/ForceField/../../../../libRDKitForceFieldHelpers.so.1
 7# RDKit::UFFHelper(RDKit::ROMol&, int, double, int, bool) in <CONDA_ENV_PREFIX>/lib/python3.11/site-packages/rdkit/Chem/rdForceFieldHelpers.so
 8# 0x00007FAB6461403D in <CONDA_ENV_PREFIX>/lib/python3.11/site-packages/rdkit/Chem/rdForceFieldHelpers.so
 9# boost::python::objects::function::call(_object*, _object*) const in <CONDA_ENV_PREFIX>/lib/python3.11/site-packages/rdkit/../../../libboost_python311.so.1.86.0
10# 0x00007FAB6656D449 in <CONDA_ENV_PREFIX>/lib/python3.11/site-packages/rdkit/../../../libboost_python311.so.1.86.0
11# boost::python::detail::exception_handler::operator()(boost::function_n<void> const&) const in <CONDA_ENV_PREFIX>/lib/python3.11/site-packages/rdkit/../../../libboost_python311.so.1.86.0
12# 0x00007FAB642CDC04 in <CONDA_ENV_PREFIX>/lib/python3.11/site-packages/rdkit/Chem/rdSLNParse.so
13# 0x00007FAB646BB354 in <CONDA_ENV_PREFIX>/lib/python3.11/site-packages/rdkit/Chem/rdDepictor.so
14# 0x00007FAB64959DD4 in <CONDA_ENV_PREFIX>/lib/python3.11/site-packages/rdkit/Chem/rdChemReactions.so
15# 0x00007FAB64959E24 in <CONDA_ENV_PREFIX>/lib/python3.11/site-packages/rdkit/Chem/rdChemReactions.so
16# 0x00007FAB64AD2B94 in <CONDA_ENV_PREFIX>/lib/python3.11/site-packages/rdkit/Chem/rdMolChemicalFeatures.so
17# 0x00007FAB6554A9B4 in <CONDA_ENV_PREFIX>/lib/python3.11/site-packages/rdkit/Chem/rdmolfiles.so
18# 0x00007FAB6554AA04 in <CONDA_ENV_PREFIX>/lib/python3.11/site-packages/rdkit/Chem/rdmolfiles.so
19# 0x00007FAB65664B04 in <CONDA_ENV_PREFIX>/lib/python3.11/site-packages/rdkit/Chem/rdCIPLabeler.so
20# 0x00007FAB66039174 in <CONDA_ENV_PREFIX>/lib/python3.11/site-packages/rdkit/Chem/rdchem.so
21# 0x00007FAB65FCDAAD in <CONDA_ENV_PREFIX>/lib/python3.11/site-packages/rdkit/Chem/rdchem.so
22# 0x00007FAB65FCD6AD in <CONDA_ENV_PREFIX>/lib/python3.11/site-packages/rdkit/Chem/rdchem.so
23# 0x00007FAB65FCD2AD in <CONDA_ENV_PREFIX>/lib/python3.11/site-packages/rdkit/Chem/rdchem.so
24# 0x00007FAB65FCCEAD in <CONDA_ENV_PREFIX>/lib/python3.11/site-packages/rdkit/Chem/rdchem.so
25# 0x00007FAB65FCCAAD in <CONDA_ENV_PREFIX>/lib/python3.11/site-packages/rdkit/Chem/rdchem.so
26# 0x00007FAB66641E54 in <CONDA_ENV_PREFIX>/lib/python3.11/site-packages/rdkit/rdBase.so
27# 0x00007FAB66641EA4 in <CONDA_ENV_PREFIX>/lib/python3.11/site-packages/rdkit/rdBase.so
28# 0x00007FAB66641EF4 in <CONDA_ENV_PREFIX>/lib/python3.11/site-packages/rdkit/rdBase.so
29# 0x00007FAB66641F44 in <CONDA_ENV_PREFIX>/lib/python3.11/site-packages/rdkit/rdBase.so
30# boost::python::handle_exception_impl(boost::function_n<void>) in <CONDA_ENV_PREFIX>/lib/python3.11/site-packages/rdkit/../../../libboost_python311.so.1.86.0
31# 0x00007FAB6656A9B3 in <CONDA_ENV_PREFIX>/lib/python3.11/site-packages/rdkit/../../../libboost_python311.so.1.86.0
32# _PyObject_MakeTpCall in <CONDA_ENV_PREFIX>/bin/python
33# _PyEval_EvalFrameDefault in <CONDA_ENV_PREFIX>/bin/python
34# _PyFunction_Vectorcall in <CONDA_ENV_PREFIX>/bin/python
35# 0x0000562A975F3C50 in <CONDA_ENV_PREFIX>/bin/python
36# 0x0000562A97509745 in <CONDA_ENV_PREFIX>/bin/python
37# 0x0000562A9753A1AA in <CONDA_ENV_PREFIX>/bin/python
38# PyObject_Vectorcall in <CONDA_ENV_PREFIX>/bin/python
39# _PyEval_EvalFrameDefault in <CONDA_ENV_PREFIX>/bin/python
40# _PyFunction_Vectorcall in <CONDA_ENV_PREFIX>/bin/python
41# _PyEval_EvalFrameDefault in <CONDA_ENV_PREFIX>/bin/python
42# _PyFunction_Vectorcall in <CONDA_ENV_PREFIX>/bin/python
43# _PyEval_EvalFrameDefault in <CONDA_ENV_PREFIX>/bin/python
44# _PyFunction_Vectorcall in <CONDA_ENV_PREFIX>/bin/python
45# 0x0000562A974F5979 in <CONDA_ENV_PREFIX>/bin/python
46# _PyObject_MakeTpCall in <CONDA_ENV_PREFIX>/bin/python
47# _PyEval_EvalFrameDefault in <CONDA_ENV_PREFIX>/bin/python
48# _PyFunction_Vectorcall in <CONDA_ENV_PREFIX>/bin/python
49# 0x0000562A974F5A1D in <CONDA_ENV_PREFIX>/bin/python
50# _PyObject_MakeTpCall in <CONDA_ENV_PREFIX>/bin/python
51# _PyEval_EvalFrameDefault in <CONDA_ENV_PREFIX>/bin/python
52# 0x0000562A97580B0D in <CONDA_ENV_PREFIX>/bin/python
53# PyEval_EvalCode in <CONDA_ENV_PREFIX>/bin/python
54# 0x0000562A9759E1AA in <CONDA_ENV_PREFIX>/bin/python
55# 0x0000562A97599E33 in <CONDA_ENV_PREFIX>/bin/python
56# 0x0000562A975AF3D0 in <CONDA_ENV_PREFIX>/bin/python
57# _PyRun_SimpleFileObject in <CONDA_ENV_PREFIX>/bin/python
58# _PyRun_AnyFileObject in <CONDA_ENV_PREFIX>/bin/python
59# Py_RunMain in <CONDA_ENV_PREFIX>/bin/python
60# Py_BytesMain in <CONDA_ENV_PREFIX>/bin/python
61# 0x00007FAB751F1D90 in /lib/x86_64-linux-gnu/libc.so.6
62# __libc_start_main in /lib/x86_64-linux-gnu/libc.so.6
63# 0x0000562A9757037A in <CONDA_ENV_PREFIX>/bin/python
----------
****

[21:27:00] UFFTYPER: Unrecognized atom type: S_5+6 (10)
[21:27:00] UFFTYPER: Unrecognized atom type: S_5+6 (10)
[21:27:00] 

****
Pre-condition Violation
bad params pointer
Violation occurred on line 79 in file /home/conda/feedstock_root/build_artifacts/rdkit-meta_1745736747213/work/Code/ForceField/UFF/AngleBend.cpp
Failed Expression: at2Params
----------
Stacktrace:
 0# Invar::Invariant::toString[abi:cxx11]() const in <CONDA_ENV_PREFIX>/lib/python3.11/site-packages/rdkit/../../../libRDKitRDGeneral.so.1
 1# Invar::operator<<(std::ostream&, Invar::Invariant const&) in <CONDA_ENV_PREFIX>/lib/python3.11/site-packages/rdkit/../../../libRDKitRDGeneral.so.1
 2# ForceFields::UFF::AngleBendContrib::AngleBendContrib(ForceFields::ForceField*, unsigned int, unsigned int, unsigned int, double, double, ForceFields::UFF::AtomicParams const*, ForceFields::UFF::AtomicParams const*, ForceFields::UFF::AtomicParams const*, unsigned int) in <CONDA_ENV_PREFIX>/lib/python3.11/site-packages/rdkit/ForceField/../../../../libRDKitForceField.so.1
 3# RDKit::UFF::Tools::addTrigonalBipyramidAngles(RDKit::Atom const*, RDKit::ROMol const&, int, std::vector<ForceFields::UFF::AtomicParams const*, std::allocator<ForceFields::UFF::AtomicParams const*> > const&, ForceFields::ForceField*) in <CONDA_ENV_PREFIX>/lib/python3.11/site-packages/rdkit/ForceField/../../../../libRDKitForceFieldHelpers.so.1
 4# RDKit::UFF::Tools::addAngleSpecialCases(RDKit::ROMol const&, int, std::vector<ForceFields::UFF::AtomicParams const*, std::allocator<ForceFields::UFF::AtomicParams const*> > const&, ForceFields::ForceField*) in <CONDA_ENV_PREFIX>/lib/python3.11/site-packages/rdkit/ForceField/../../../../libRDKitForceFieldHelpers.so.1
 5# RDKit::UFF::constructForceField(RDKit::ROMol&, std::vector<ForceFields::UFF::AtomicParams const*, std::allocator<ForceFields::UFF::AtomicParams const*> > const&, double, int, bool) in <CONDA_ENV_PREFIX>/lib/python3.11/site-packages/rdkit/ForceField/../../../../libRDKitForceFieldHelpers.so.1
 6# RDKit::UFF::constructForceField(RDKit::ROMol&, double, int, bool) in <CONDA_ENV_PREFIX>/lib/python3.11/site-packages/rdkit/ForceField/../../../../libRDKitForceFieldHelpers.so.1
 7# RDKit::UFFHelper(RDKit::ROMol&, int, double, int, bool) in <CONDA_ENV_PREFIX>/lib/python3.11/site-packages/rdkit/Chem/rdForceFieldHelpers.so
 8# 0x00007FAB6461403D in <CONDA_ENV_PREFIX>/lib/python3.11/site-packages/rdkit/Chem/rdForceFieldHelpers.so
 9# boost::python::objects::function::call(_object*, _object*) const in <CONDA_ENV_PREFIX>/lib/python3.11/site-packages/rdkit/../../../libboost_python311.so.1.86.0
10# 0x00007FAB6656D449 in <CONDA_ENV_PREFIX>/lib/python3.11/site-packages/rdkit/../../../libboost_python311.so.1.86.0
11# boost::python::detail::exception_handler::operator()(boost::function_n<void> const&) const in <CONDA_ENV_PREFIX>/lib/python3.11/site-packages/rdkit/../../../libboost_python311.so.1.86.0
12# 0x00007FAB642CDC04 in <CONDA_ENV_PREFIX>/lib/python3.11/site-packages/rdkit/Chem/rdSLNParse.so
13# 0x00007FAB646BB354 in <CONDA_ENV_PREFIX>/lib/python3.11/site-packages/rdkit/Chem/rdDepictor.so
14# 0x00007FAB64959DD4 in <CONDA_ENV_PREFIX>/lib/python3.11/site-packages/rdkit/Chem/rdChemReactions.so
15# 0x00007FAB64959E24 in <CONDA_ENV_PREFIX>/lib/python3.11/site-packages/rdkit/Chem/rdChemReactions.so
16# 0x00007FAB64AD2B94 in <CONDA_ENV_PREFIX>/lib/python3.11/site-packages/rdkit/Chem/rdMolChemicalFeatures.so
17# 0x00007FAB6554A9B4 in <CONDA_ENV_PREFIX>/lib/python3.11/site-packages/rdkit/Chem/rdmolfiles.so
18# 0x00007FAB6554AA04 in <CONDA_ENV_PREFIX>/lib/python3.11/site-packages/rdkit/Chem/rdmolfiles.so
19# 0x00007FAB65664B04 in <CONDA_ENV_PREFIX>/lib/python3.11/site-packages/rdkit/Chem/rdCIPLabeler.so
20# 0x00007FAB66039174 in <CONDA_ENV_PREFIX>/lib/python3.11/site-packages/rdkit/Chem/rdchem.so
21# 0x00007FAB65FCDAAD in <CONDA_ENV_PREFIX>/lib/python3.11/site-packages/rdkit/Chem/rdchem.so
22# 0x00007FAB65FCD6AD in <CONDA_ENV_PREFIX>/lib/python3.11/site-packages/rdkit/Chem/rdchem.so
23# 0x00007FAB65FCD2AD in <CONDA_ENV_PREFIX>/lib/python3.11/site-packages/rdkit/Chem/rdchem.so
24# 0x00007FAB65FCCEAD in <CONDA_ENV_PREFIX>/lib/python3.11/site-packages/rdkit/Chem/rdchem.so
25# 0x00007FAB65FCCAAD in <CONDA_ENV_PREFIX>/lib/python3.11/site-packages/rdkit/Chem/rdchem.so
26# 0x00007FAB66641E54 in <CONDA_ENV_PREFIX>/lib/python3.11/site-packages/rdkit/rdBase.so
27# 0x00007FAB66641EA4 in <CONDA_ENV_PREFIX>/lib/python3.11/site-packages/rdkit/rdBase.so
28# 0x00007FAB66641EF4 in <CONDA_ENV_PREFIX>/lib/python3.11/site-packages/rdkit/rdBase.so
29# 0x00007FAB66641F44 in <CONDA_ENV_PREFIX>/lib/python3.11/site-packages/rdkit/rdBase.so
30# boost::python::handle_exception_impl(boost::function_n<void>) in <CONDA_ENV_PREFIX>/lib/python3.11/site-packages/rdkit/../../../libboost_python311.so.1.86.0
31# 0x00007FAB6656A9B3 in <CONDA_ENV_PREFIX>/lib/python3.11/site-packages/rdkit/../../../libboost_python311.so.1.86.0
32# _PyObject_MakeTpCall in <CONDA_ENV_PREFIX>/bin/python
33# _PyEval_EvalFrameDefault in <CONDA_ENV_PREFIX>/bin/python
34# _PyFunction_Vectorcall in <CONDA_ENV_PREFIX>/bin/python
35# 0x0000562A975F3C50 in <CONDA_ENV_PREFIX>/bin/python
36# 0x0000562A97509745 in <CONDA_ENV_PREFIX>/bin/python
37# 0x0000562A9753A1AA in <CONDA_ENV_PREFIX>/bin/python
38# PyObject_Vectorcall in <CONDA_ENV_PREFIX>/bin/python
39# _PyEval_EvalFrameDefault in <CONDA_ENV_PREFIX>/bin/python
40# _PyFunction_Vectorcall in <CONDA_ENV_PREFIX>/bin/python
41# _PyEval_EvalFrameDefault in <CONDA_ENV_PREFIX>/bin/python
42# _PyFunction_Vectorcall in <CONDA_ENV_PREFIX>/bin/python
43# _PyEval_EvalFrameDefault in <CONDA_ENV_PREFIX>/bin/python
44# _PyFunction_Vectorcall in <CONDA_ENV_PREFIX>/bin/python
45# 0x0000562A974F5979 in <CONDA_ENV_PREFIX>/bin/python
46# _PyObject_MakeTpCall in <CONDA_ENV_PREFIX>/bin/python
47# _PyEval_EvalFrameDefault in <CONDA_ENV_PREFIX>/bin/python
48# _PyFunction_Vectorcall in <CONDA_ENV_PREFIX>/bin/python
49# 0x0000562A974F5A1D in <CONDA_ENV_PREFIX>/bin/python
50# _PyObject_MakeTpCall in <CONDA_ENV_PREFIX>/bin/python
51# _PyEval_EvalFrameDefault in <CONDA_ENV_PREFIX>/bin/python
52# 0x0000562A97580B0D in <CONDA_ENV_PREFIX>/bin/python
53# PyEval_EvalCode in <CONDA_ENV_PREFIX>/bin/python
54# 0x0000562A9759E1AA in <CONDA_ENV_PREFIX>/bin/python
55# 0x0000562A97599E33 in <CONDA_ENV_PREFIX>/bin/python
56# 0x0000562A975AF3D0 in <CONDA_ENV_PREFIX>/bin/python
57# _PyRun_SimpleFileObject in <CONDA_ENV_PREFIX>/bin/python
58# _PyRun_AnyFileObject in <CONDA_ENV_PREFIX>/bin/python
59# Py_RunMain in <CONDA_ENV_PREFIX>/bin/python
60# Py_BytesMain in <CONDA_ENV_PREFIX>/bin/python
61# 0x00007FAB751F1D90 in /lib/x86_64-linux-gnu/libc.so.6
62# __libc_start_main in /lib/x86_64-linux-gnu/libc.so.6
63# 0x0000562A9757037A in <CONDA_ENV_PREFIX>/bin/python
----------
****

[21:28:05] UFFTYPER: Unrecognized atom type: S_5+6 (12)
[21:28:05] UFFTYPER: Unrecognized atom type: S_5+6 (12)
[21:28:05] 

****
Pre-condition Violation
bad params pointer
Violation occurred on line 79 in file /home/conda/feedstock_root/build_artifacts/rdkit-meta_1745736747213/work/Code/ForceField/UFF/AngleBend.cpp
Failed Expression: at2Params
----------
Stacktrace:
 0# Invar::Invariant::toString[abi:cxx11]() const in <CONDA_ENV_PREFIX>/lib/python3.11/site-packages/rdkit/../../../libRDKitRDGeneral.so.1
 1# Invar::operator<<(std::ostream&, Invar::Invariant const&) in <CONDA_ENV_PREFIX>/lib/python3.11/site-packages/rdkit/../../../libRDKitRDGeneral.so.1
 2# ForceFields::UFF::AngleBendContrib::AngleBendContrib(ForceFields::ForceField*, unsigned int, unsigned int, unsigned int, double, double, ForceFields::UFF::AtomicParams const*, ForceFields::UFF::AtomicParams const*, ForceFields::UFF::AtomicParams const*, unsigned int) in <CONDA_ENV_PREFIX>/lib/python3.11/site-packages/rdkit/ForceField/../../../../libRDKitForceField.so.1
 3# RDKit::UFF::Tools::addTrigonalBipyramidAngles(RDKit::Atom const*, RDKit::ROMol const&, int, std::vector<ForceFields::UFF::AtomicParams const*, std::allocator<ForceFields::UFF::AtomicParams const*> > const&, ForceFields::ForceField*) in <CONDA_ENV_PREFIX>/lib/python3.11/site-packages/rdkit/ForceField/../../../../libRDKitForceFieldHelpers.so.1
 4# RDKit::UFF::Tools::addAngleSpecialCases(RDKit::ROMol const&, int, std::vector<ForceFields::UFF::AtomicParams const*, std::allocator<ForceFields::UFF::AtomicParams const*> > const&, ForceFields::ForceField*) in <CONDA_ENV_PREFIX>/lib/python3.11/site-packages/rdkit/ForceField/../../../../libRDKitForceFieldHelpers.so.1
 5# RDKit::UFF::constructForceField(RDKit::ROMol&, std::vector<ForceFields::UFF::AtomicParams const*, std::allocator<ForceFields::UFF::AtomicParams const*> > const&, double, int, bool) in <CONDA_ENV_PREFIX>/lib/python3.11/site-packages/rdkit/ForceField/../../../../libRDKitForceFieldHelpers.so.1
 6# RDKit::UFF::constructForceField(RDKit::ROMol&, double, int, bool) in <CONDA_ENV_PREFIX>/lib/python3.11/site-packages/rdkit/ForceField/../../../../libRDKitForceFieldHelpers.so.1
 7# RDKit::UFFHelper(RDKit::ROMol&, int, double, int, bool) in <CONDA_ENV_PREFIX>/lib/python3.11/site-packages/rdkit/Chem/rdForceFieldHelpers.so
 8# 0x00007FAB6461403D in <CONDA_ENV_PREFIX>/lib/python3.11/site-packages/rdkit/Chem/rdForceFieldHelpers.so
 9# boost::python::objects::function::call(_object*, _object*) const in <CONDA_ENV_PREFIX>/lib/python3.11/site-packages/rdkit/../../../libboost_python311.so.1.86.0
10# 0x00007FAB6656D449 in <CONDA_ENV_PREFIX>/lib/python3.11/site-packages/rdkit/../../../libboost_python311.so.1.86.0
11# boost::python::detail::exception_handler::operator()(boost::function_n<void> const&) const in <CONDA_ENV_PREFIX>/lib/python3.11/site-packages/rdkit/../../../libboost_python311.so.1.86.0
12# 0x00007FAB642CDC04 in <CONDA_ENV_PREFIX>/lib/python3.11/site-packages/rdkit/Chem/rdSLNParse.so
13# 0x00007FAB646BB354 in <CONDA_ENV_PREFIX>/lib/python3.11/site-packages/rdkit/Chem/rdDepictor.so
14# 0x00007FAB64959DD4 in <CONDA_ENV_PREFIX>/lib/python3.11/site-packages/rdkit/Chem/rdChemReactions.so
15# 0x00007FAB64959E24 in <CONDA_ENV_PREFIX>/lib/python3.11/site-packages/rdkit/Chem/rdChemReactions.so
16# 0x00007FAB64AD2B94 in <CONDA_ENV_PREFIX>/lib/python3.11/site-packages/rdkit/Chem/rdMolChemicalFeatures.so
17# 0x00007FAB6554A9B4 in <CONDA_ENV_PREFIX>/lib/python3.11/site-packages/rdkit/Chem/rdmolfiles.so
18# 0x00007FAB6554AA04 in <CONDA_ENV_PREFIX>/lib/python3.11/site-packages/rdkit/Chem/rdmolfiles.so
19# 0x00007FAB65664B04 in <CONDA_ENV_PREFIX>/lib/python3.11/site-packages/rdkit/Chem/rdCIPLabeler.so
20# 0x00007FAB66039174 in <CONDA_ENV_PREFIX>/lib/python3.11/site-packages/rdkit/Chem/rdchem.so
21# 0x00007FAB65FCDAAD in <CONDA_ENV_PREFIX>/lib/python3.11/site-packages/rdkit/Chem/rdchem.so
22# 0x00007FAB65FCD6AD in <CONDA_ENV_PREFIX>/lib/python3.11/site-packages/rdkit/Chem/rdchem.so
23# 0x00007FAB65FCD2AD in <CONDA_ENV_PREFIX>/lib/python3.11/site-packages/rdkit/Chem/rdchem.so
24# 0x00007FAB65FCCEAD in <CONDA_ENV_PREFIX>/lib/python3.11/site-packages/rdkit/Chem/rdchem.so
25# 0x00007FAB65FCCAAD in <CONDA_ENV_PREFIX>/lib/python3.11/site-packages/rdkit/Chem/rdchem.so
26# 0x00007FAB66641E54 in <CONDA_ENV_PREFIX>/lib/python3.11/site-packages/rdkit/rdBase.so
27# 0x00007FAB66641EA4 in <CONDA_ENV_PREFIX>/lib/python3.11/site-packages/rdkit/rdBase.so
28# 0x00007FAB66641EF4 in <CONDA_ENV_PREFIX>/lib/python3.11/site-packages/rdkit/rdBase.so
29# 0x00007FAB66641F44 in <CONDA_ENV_PREFIX>/lib/python3.11/site-packages/rdkit/rdBase.so
30# boost::python::handle_exception_impl(boost::function_n<void>) in <CONDA_ENV_PREFIX>/lib/python3.11/site-packages/rdkit/../../../libboost_python311.so.1.86.0
31# 0x00007FAB6656A9B3 in <CONDA_ENV_PREFIX>/lib/python3.11/site-packages/rdkit/../../../libboost_python311.so.1.86.0
32# _PyObject_MakeTpCall in <CONDA_ENV_PREFIX>/bin/python
33# _PyEval_EvalFrameDefault in <CONDA_ENV_PREFIX>/bin/python
34# _PyFunction_Vectorcall in <CONDA_ENV_PREFIX>/bin/python
35# 0x0000562A975F3C50 in <CONDA_ENV_PREFIX>/bin/python
36# 0x0000562A97509745 in <CONDA_ENV_PREFIX>/bin/python
37# 0x0000562A9753A1AA in <CONDA_ENV_PREFIX>/bin/python
38# PyObject_Vectorcall in <CONDA_ENV_PREFIX>/bin/python
39# _PyEval_EvalFrameDefault in <CONDA_ENV_PREFIX>/bin/python
40# _PyFunction_Vectorcall in <CONDA_ENV_PREFIX>/bin/python
41# _PyEval_EvalFrameDefault in <CONDA_ENV_PREFIX>/bin/python
42# _PyFunction_Vectorcall in <CONDA_ENV_PREFIX>/bin/python
43# _PyEval_EvalFrameDefault in <CONDA_ENV_PREFIX>/bin/python
44# _PyFunction_Vectorcall in <CONDA_ENV_PREFIX>/bin/python
45# 0x0000562A974F5979 in <CONDA_ENV_PREFIX>/bin/python
46# _PyObject_MakeTpCall in <CONDA_ENV_PREFIX>/bin/python
47# _PyEval_EvalFrameDefault in <CONDA_ENV_PREFIX>/bin/python
48# _PyFunction_Vectorcall in <CONDA_ENV_PREFIX>/bin/python
49# 0x0000562A974F5A1D in <CONDA_ENV_PREFIX>/bin/python
50# _PyObject_MakeTpCall in <CONDA_ENV_PREFIX>/bin/python
51# _PyEval_EvalFrameDefault in <CONDA_ENV_PREFIX>/bin/python
52# 0x0000562A97580B0D in <CONDA_ENV_PREFIX>/bin/python
53# PyEval_EvalCode in <CONDA_ENV_PREFIX>/bin/python
54# 0x0000562A9759E1AA in <CONDA_ENV_PREFIX>/bin/python
55# 0x0000562A97599E33 in <CONDA_ENV_PREFIX>/bin/python
56# 0x0000562A975AF3D0 in <CONDA_ENV_PREFIX>/bin/python
57# _PyRun_SimpleFileObject in <CONDA_ENV_PREFIX>/bin/python
58# _PyRun_AnyFileObject in <CONDA_ENV_PREFIX>/bin/python
59# Py_RunMain in <CONDA_ENV_PREFIX>/bin/python
60# Py_BytesMain in <CONDA_ENV_PREFIX>/bin/python
61# 0x00007FAB751F1D90 in /lib/x86_64-linux-gnu/libc.so.6
62# __libc_start_main in /lib/x86_64-linux-gnu/libc.so.6
63# 0x0000562A9757037A in <CONDA_ENV_PREFIX>/bin/python
----------
****

[21:28:06] UFFTYPER: Unrecognized atom type: S_5+6 (13)
[21:28:06] UFFTYPER: Unrecognized atom type: S_5+6 (13)
[21:28:06] 

****
Pre-condition Violation
bad params pointer
Violation occurred on line 79 in file /home/conda/feedstock_root/build_artifacts/rdkit-meta_1745736747213/work/Code/ForceField/UFF/AngleBend.cpp
Failed Expression: at2Params
----------
Stacktrace:
 0# Invar::Invariant::toString[abi:cxx11]() const in <CONDA_ENV_PREFIX>/lib/python3.11/site-packages/rdkit/../../../libRDKitRDGeneral.so.1
 1# Invar::operator<<(std::ostream&, Invar::Invariant const&) in <CONDA_ENV_PREFIX>/lib/python3.11/site-packages/rdkit/../../../libRDKitRDGeneral.so.1
 2# ForceFields::UFF::AngleBendContrib::AngleBendContrib(ForceFields::ForceField*, unsigned int, unsigned int, unsigned int, double, double, ForceFields::UFF::AtomicParams const*, ForceFields::UFF::AtomicParams const*, ForceFields::UFF::AtomicParams const*, unsigned int) in <CONDA_ENV_PREFIX>/lib/python3.11/site-packages/rdkit/ForceField/../../../../libRDKitForceField.so.1
 3# RDKit::UFF::Tools::addTrigonalBipyramidAngles(RDKit::Atom const*, RDKit::ROMol const&, int, std::vector<ForceFields::UFF::AtomicParams const*, std::allocator<ForceFields::UFF::AtomicParams const*> > const&, ForceFields::ForceField*) in <CONDA_ENV_PREFIX>/lib/python3.11/site-packages/rdkit/ForceField/../../../../libRDKitForceFieldHelpers.so.1
 4# RDKit::UFF::Tools::addAngleSpecialCases(RDKit::ROMol const&, int, std::vector<ForceFields::UFF::AtomicParams const*, std::allocator<ForceFields::UFF::AtomicParams const*> > const&, ForceFields::ForceField*) in <CONDA_ENV_PREFIX>/lib/python3.11/site-packages/rdkit/ForceField/../../../../libRDKitForceFieldHelpers.so.1
 5# RDKit::UFF::constructForceField(RDKit::ROMol&, std::vector<ForceFields::UFF::AtomicParams const*, std::allocator<ForceFields::UFF::AtomicParams const*> > const&, double, int, bool) in <CONDA_ENV_PREFIX>/lib/python3.11/site-packages/rdkit/ForceField/../../../../libRDKitForceFieldHelpers.so.1
 6# RDKit::UFF::constructForceField(RDKit::ROMol&, double, int, bool) in <CONDA_ENV_PREFIX>/lib/python3.11/site-packages/rdkit/ForceField/../../../../libRDKitForceFieldHelpers.so.1
 7# RDKit::UFFHelper(RDKit::ROMol&, int, double, int, bool) in <CONDA_ENV_PREFIX>/lib/python3.11/site-packages/rdkit/Chem/rdForceFieldHelpers.so
 8# 0x00007FAB6461403D in <CONDA_ENV_PREFIX>/lib/python3.11/site-packages/rdkit/Chem/rdForceFieldHelpers.so
 9# boost::python::objects::function::call(_object*, _object*) const in <CONDA_ENV_PREFIX>/lib/python3.11/site-packages/rdkit/../../../libboost_python311.so.1.86.0
10# 0x00007FAB6656D449 in <CONDA_ENV_PREFIX>/lib/python3.11/site-packages/rdkit/../../../libboost_python311.so.1.86.0
11# boost::python::detail::exception_handler::operator()(boost::function_n<void> const&) const in <CONDA_ENV_PREFIX>/lib/python3.11/site-packages/rdkit/../../../libboost_python311.so.1.86.0
12# 0x00007FAB642CDC04 in <CONDA_ENV_PREFIX>/lib/python3.11/site-packages/rdkit/Chem/rdSLNParse.so
13# 0x00007FAB646BB354 in <CONDA_ENV_PREFIX>/lib/python3.11/site-packages/rdkit/Chem/rdDepictor.so
14# 0x00007FAB64959DD4 in <CONDA_ENV_PREFIX>/lib/python3.11/site-packages/rdkit/Chem/rdChemReactions.so
15# 0x00007FAB64959E24 in <CONDA_ENV_PREFIX>/lib/python3.11/site-packages/rdkit/Chem/rdChemReactions.so
16# 0x00007FAB64AD2B94 in <CONDA_ENV_PREFIX>/lib/python3.11/site-packages/rdkit/Chem/rdMolChemicalFeatures.so
17# 0x00007FAB6554A9B4 in <CONDA_ENV_PREFIX>/lib/python3.11/site-packages/rdkit/Chem/rdmolfiles.so
18# 0x00007FAB6554AA04 in <CONDA_ENV_PREFIX>/lib/python3.11/site-packages/rdkit/Chem/rdmolfiles.so
19# 0x00007FAB65664B04 in <CONDA_ENV_PREFIX>/lib/python3.11/site-packages/rdkit/Chem/rdCIPLabeler.so
20# 0x00007FAB66039174 in <CONDA_ENV_PREFIX>/lib/python3.11/site-packages/rdkit/Chem/rdchem.so
21# 0x00007FAB65FCDAAD in <CONDA_ENV_PREFIX>/lib/python3.11/site-packages/rdkit/Chem/rdchem.so
22# 0x00007FAB65FCD6AD in <CONDA_ENV_PREFIX>/lib/python3.11/site-packages/rdkit/Chem/rdchem.so
23# 0x00007FAB65FCD2AD in <CONDA_ENV_PREFIX>/lib/python3.11/site-packages/rdkit/Chem/rdchem.so
24# 0x00007FAB65FCCEAD in <CONDA_ENV_PREFIX>/lib/python3.11/site-packages/rdkit/Chem/rdchem.so
25# 0x00007FAB65FCCAAD in <CONDA_ENV_PREFIX>/lib/python3.11/site-packages/rdkit/Chem/rdchem.so
26# 0x00007FAB66641E54 in <CONDA_ENV_PREFIX>/lib/python3.11/site-packages/rdkit/rdBase.so
27# 0x00007FAB66641EA4 in <CONDA_ENV_PREFIX>/lib/python3.11/site-packages/rdkit/rdBase.so
28# 0x00007FAB66641EF4 in <CONDA_ENV_PREFIX>/lib/python3.11/site-packages/rdkit/rdBase.so
29# 0x00007FAB66641F44 in <CONDA_ENV_PREFIX>/lib/python3.11/site-packages/rdkit/rdBase.so
30# boost::python::handle_exception_impl(boost::function_n<void>) in <CONDA_ENV_PREFIX>/lib/python3.11/site-packages/rdkit/../../../libboost_python311.so.1.86.0
31# 0x00007FAB6656A9B3 in <CONDA_ENV_PREFIX>/lib/python3.11/site-packages/rdkit/../../../libboost_python311.so.1.86.0
32# _PyObject_MakeTpCall in <CONDA_ENV_PREFIX>/bin/python
33# _PyEval_EvalFrameDefault in <CONDA_ENV_PREFIX>/bin/python
34# _PyFunction_Vectorcall in <CONDA_ENV_PREFIX>/bin/python
35# 0x0000562A975F3C50 in <CONDA_ENV_PREFIX>/bin/python
36# 0x0000562A97509745 in <CONDA_ENV_PREFIX>/bin/python
37# 0x0000562A9753A1AA in <CONDA_ENV_PREFIX>/bin/python
38# PyObject_Vectorcall in <CONDA_ENV_PREFIX>/bin/python
39# _PyEval_EvalFrameDefault in <CONDA_ENV_PREFIX>/bin/python
40# _PyFunction_Vectorcall in <CONDA_ENV_PREFIX>/bin/python
41# _PyEval_EvalFrameDefault in <CONDA_ENV_PREFIX>/bin/python
42# _PyFunction_Vectorcall in <CONDA_ENV_PREFIX>/bin/python
43# _PyEval_EvalFrameDefault in <CONDA_ENV_PREFIX>/bin/python
44# _PyFunction_Vectorcall in <CONDA_ENV_PREFIX>/bin/python
45# 0x0000562A974F5979 in <CONDA_ENV_PREFIX>/bin/python
46# _PyObject_MakeTpCall in <CONDA_ENV_PREFIX>/bin/python
47# _PyEval_EvalFrameDefault in <CONDA_ENV_PREFIX>/bin/python
48# _PyFunction_Vectorcall in <CONDA_ENV_PREFIX>/bin/python
49# 0x0000562A974F5A1D in <CONDA_ENV_PREFIX>/bin/python
50# _PyObject_MakeTpCall in <CONDA_ENV_PREFIX>/bin/python
51# _PyEval_EvalFrameDefault in <CONDA_ENV_PREFIX>/bin/python
52# 0x0000562A97580B0D in <CONDA_ENV_PREFIX>/bin/python
53# PyEval_EvalCode in <CONDA_ENV_PREFIX>/bin/python
54# 0x0000562A9759E1AA in <CONDA_ENV_PREFIX>/bin/python
55# 0x0000562A97599E33 in <CONDA_ENV_PREFIX>/bin/python
56# 0x0000562A975AF3D0 in <CONDA_ENV_PREFIX>/bin/python
57# _PyRun_SimpleFileObject in <CONDA_ENV_PREFIX>/bin/python
58# _PyRun_AnyFileObject in <CONDA_ENV_PREFIX>/bin/python
59# Py_RunMain in <CONDA_ENV_PREFIX>/bin/python
60# Py_BytesMain in <CONDA_ENV_PREFIX>/bin/python
61# 0x00007FAB751F1D90 in /lib/x86_64-linux-gnu/libc.so.6
62# __libc_start_main in /lib/x86_64-linux-gnu/libc.so.6
63# 0x0000562A9757037A in <CONDA_ENV_PREFIX>/bin/python
----------
****

[21:28:07] UFFTYPER: Unrecognized atom type: S_5+6 (9)
[21:28:07] UFFTYPER: Unrecognized atom type: S_5+6 (9)
[21:28:07] 

****
Pre-condition Violation
bad params pointer
Violation occurred on line 79 in file /home/conda/feedstock_root/build_artifacts/rdkit-meta_1745736747213/work/Code/ForceField/UFF/AngleBend.cpp
Failed Expression: at2Params
----------
Stacktrace:
 0# Invar::Invariant::toString[abi:cxx11]() const in <CONDA_ENV_PREFIX>/lib/python3.11/site-packages/rdkit/../../../libRDKitRDGeneral.so.1
 1# Invar::operator<<(std::ostream&, Invar::Invariant const&) in <CONDA_ENV_PREFIX>/lib/python3.11/site-packages/rdkit/../../../libRDKitRDGeneral.so.1
 2# ForceFields::UFF::AngleBendContrib::AngleBendContrib(ForceFields::ForceField*, unsigned int, unsigned int, unsigned int, double, double, ForceFields::UFF::AtomicParams const*, ForceFields::UFF::AtomicParams const*, ForceFields::UFF::AtomicParams const*, unsigned int) in <CONDA_ENV_PREFIX>/lib/python3.11/site-packages/rdkit/ForceField/../../../../libRDKitForceField.so.1
 3# RDKit::UFF::Tools::addTrigonalBipyramidAngles(RDKit::Atom const*, RDKit::ROMol const&, int, std::vector<ForceFields::UFF::AtomicParams const*, std::allocator<ForceFields::UFF::AtomicParams const*> > const&, ForceFields::ForceField*) in <CONDA_ENV_PREFIX>/lib/python3.11/site-packages/rdkit/ForceField/../../../../libRDKitForceFieldHelpers.so.1
 4# RDKit::UFF::Tools::addAngleSpecialCases(RDKit::ROMol const&, int, std::vector<ForceFields::UFF::AtomicParams const*, std::allocator<ForceFields::UFF::AtomicParams const*> > const&, ForceFields::ForceField*) in <CONDA_ENV_PREFIX>/lib/python3.11/site-packages/rdkit/ForceField/../../../../libRDKitForceFieldHelpers.so.1
 5# RDKit::UFF::constructForceField(RDKit::ROMol&, std::vector<ForceFields::UFF::AtomicParams const*, std::allocator<ForceFields::UFF::AtomicParams const*> > const&, double, int, bool) in <CONDA_ENV_PREFIX>/lib/python3.11/site-packages/rdkit/ForceField/../../../../libRDKitForceFieldHelpers.so.1
 6# RDKit::UFF::constructForceField(RDKit::ROMol&, double, int, bool) in <CONDA_ENV_PREFIX>/lib/python3.11/site-packages/rdkit/ForceField/../../../../libRDKitForceFieldHelpers.so.1
 7# RDKit::UFFHelper(RDKit::ROMol&, int, double, int, bool) in <CONDA_ENV_PREFIX>/lib/python3.11/site-packages/rdkit/Chem/rdForceFieldHelpers.so
 8# 0x00007FAB6461403D in <CONDA_ENV_PREFIX>/lib/python3.11/site-packages/rdkit/Chem/rdForceFieldHelpers.so
 9# boost::python::objects::function::call(_object*, _object*) const in <CONDA_ENV_PREFIX>/lib/python3.11/site-packages/rdkit/../../../libboost_python311.so.1.86.0
10# 0x00007FAB6656D449 in <CONDA_ENV_PREFIX>/lib/python3.11/site-packages/rdkit/../../../libboost_python311.so.1.86.0
11# boost::python::detail::exception_handler::operator()(boost::function_n<void> const&) const in <CONDA_ENV_PREFIX>/lib/python3.11/site-packages/rdkit/../../../libboost_python311.so.1.86.0
12# 0x00007FAB642CDC04 in <CONDA_ENV_PREFIX>/lib/python3.11/site-packages/rdkit/Chem/rdSLNParse.so
13# 0x00007FAB646BB354 in <CONDA_ENV_PREFIX>/lib/python3.11/site-packages/rdkit/Chem/rdDepictor.so
14# 0x00007FAB64959DD4 in <CONDA_ENV_PREFIX>/lib/python3.11/site-packages/rdkit/Chem/rdChemReactions.so
15# 0x00007FAB64959E24 in <CONDA_ENV_PREFIX>/lib/python3.11/site-packages/rdkit/Chem/rdChemReactions.so
16# 0x00007FAB64AD2B94 in <CONDA_ENV_PREFIX>/lib/python3.11/site-packages/rdkit/Chem/rdMolChemicalFeatures.so
17# 0x00007FAB6554A9B4 in <CONDA_ENV_PREFIX>/lib/python3.11/site-packages/rdkit/Chem/rdmolfiles.so
18# 0x00007FAB6554AA04 in <CONDA_ENV_PREFIX>/lib/python3.11/site-packages/rdkit/Chem/rdmolfiles.so
19# 0x00007FAB65664B04 in <CONDA_ENV_PREFIX>/lib/python3.11/site-packages/rdkit/Chem/rdCIPLabeler.so
20# 0x00007FAB66039174 in <CONDA_ENV_PREFIX>/lib/python3.11/site-packages/rdkit/Chem/rdchem.so
21# 0x00007FAB65FCDAAD in <CONDA_ENV_PREFIX>/lib/python3.11/site-packages/rdkit/Chem/rdchem.so
22# 0x00007FAB65FCD6AD in <CONDA_ENV_PREFIX>/lib/python3.11/site-packages/rdkit/Chem/rdchem.so
23# 0x00007FAB65FCD2AD in <CONDA_ENV_PREFIX>/lib/python3.11/site-packages/rdkit/Chem/rdchem.so
24# 0x00007FAB65FCCEAD in <CONDA_ENV_PREFIX>/lib/python3.11/site-packages/rdkit/Chem/rdchem.so
25# 0x00007FAB65FCCAAD in <CONDA_ENV_PREFIX>/lib/python3.11/site-packages/rdkit/Chem/rdchem.so
26# 0x00007FAB66641E54 in <CONDA_ENV_PREFIX>/lib/python3.11/site-packages/rdkit/rdBase.so
27# 0x00007FAB66641EA4 in <CONDA_ENV_PREFIX>/lib/python3.11/site-packages/rdkit/rdBase.so
28# 0x00007FAB66641EF4 in <CONDA_ENV_PREFIX>/lib/python3.11/site-packages/rdkit/rdBase.so
29# 0x00007FAB66641F44 in <CONDA_ENV_PREFIX>/lib/python3.11/site-packages/rdkit/rdBase.so
30# boost::python::handle_exception_impl(boost::function_n<void>) in <CONDA_ENV_PREFIX>/lib/python3.11/site-packages/rdkit/../../../libboost_python311.so.1.86.0
31# 0x00007FAB6656A9B3 in <CONDA_ENV_PREFIX>/lib/python3.11/site-packages/rdkit/../../../libboost_python311.so.1.86.0
32# _PyObject_MakeTpCall in <CONDA_ENV_PREFIX>/bin/python
33# _PyEval_EvalFrameDefault in <CONDA_ENV_PREFIX>/bin/python
34# _PyFunction_Vectorcall in <CONDA_ENV_PREFIX>/bin/python
35# 0x0000562A975F3C50 in <CONDA_ENV_PREFIX>/bin/python
36# 0x0000562A97509745 in <CONDA_ENV_PREFIX>/bin/python
37# 0x0000562A9753A1AA in <CONDA_ENV_PREFIX>/bin/python
38# PyObject_Vectorcall in <CONDA_ENV_PREFIX>/bin/python
39# _PyEval_EvalFrameDefault in <CONDA_ENV_PREFIX>/bin/python
40# _PyFunction_Vectorcall in <CONDA_ENV_PREFIX>/bin/python
41# _PyEval_EvalFrameDefault in <CONDA_ENV_PREFIX>/bin/python
42# _PyFunction_Vectorcall in <CONDA_ENV_PREFIX>/bin/python
43# _PyEval_EvalFrameDefault in <CONDA_ENV_PREFIX>/bin/python
44# _PyFunction_Vectorcall in <CONDA_ENV_PREFIX>/bin/python
45# 0x0000562A974F5979 in <CONDA_ENV_PREFIX>/bin/python
46# _PyObject_MakeTpCall in <CONDA_ENV_PREFIX>/bin/python
47# _PyEval_EvalFrameDefault in <CONDA_ENV_PREFIX>/bin/python
48# _PyFunction_Vectorcall in <CONDA_ENV_PREFIX>/bin/python
49# 0x0000562A974F5A1D in <CONDA_ENV_PREFIX>/bin/python
50# _PyObject_MakeTpCall in <CONDA_ENV_PREFIX>/bin/python
51# _PyEval_EvalFrameDefault in <CONDA_ENV_PREFIX>/bin/python
52# 0x0000562A97580B0D in <CONDA_ENV_PREFIX>/bin/python
53# PyEval_EvalCode in <CONDA_ENV_PREFIX>/bin/python
54# 0x0000562A9759E1AA in <CONDA_ENV_PREFIX>/bin/python
55# 0x0000562A97599E33 in <CONDA_ENV_PREFIX>/bin/python
56# 0x0000562A975AF3D0 in <CONDA_ENV_PREFIX>/bin/python
57# _PyRun_SimpleFileObject in <CONDA_ENV_PREFIX>/bin/python
58# _PyRun_AnyFileObject in <CONDA_ENV_PREFIX>/bin/python
59# Py_RunMain in <CONDA_ENV_PREFIX>/bin/python
60# Py_BytesMain in <CONDA_ENV_PREFIX>/bin/python
61# 0x00007FAB751F1D90 in /lib/x86_64-linux-gnu/libc.so.6
62# __libc_start_main in /lib/x86_64-linux-gnu/libc.so.6
63# 0x0000562A9757037A in <CONDA_ENV_PREFIX>/bin/python
----------
****

[21:28:08] UFFTYPER: Unrecognized atom type: S_5+6 (13)
[21:28:08] UFFTYPER: Unrecognized atom type: S_5+6 (13)
[21:28:08] 

****
Pre-condition Violation
bad params pointer
Violation occurred on line 79 in file /home/conda/feedstock_root/build_artifacts/rdkit-meta_1745736747213/work/Code/ForceField/UFF/AngleBend.cpp
Failed Expression: at2Params
----------
Stacktrace:
 0# Invar::Invariant::toString[abi:cxx11]() const in <CONDA_ENV_PREFIX>/lib/python3.11/site-packages/rdkit/../../../libRDKitRDGeneral.so.1
 1# Invar::operator<<(std::ostream&, Invar::Invariant const&) in <CONDA_ENV_PREFIX>/lib/python3.11/site-packages/rdkit/../../../libRDKitRDGeneral.so.1
 2# ForceFields::UFF::AngleBendContrib::AngleBendContrib(ForceFields::ForceField*, unsigned int, unsigned int, unsigned int, double, double, ForceFields::UFF::AtomicParams const*, ForceFields::UFF::AtomicParams const*, ForceFields::UFF::AtomicParams const*, unsigned int) in <CONDA_ENV_PREFIX>/lib/python3.11/site-packages/rdkit/ForceField/../../../../libRDKitForceField.so.1
 3# RDKit::UFF::Tools::addTrigonalBipyramidAngles(RDKit::Atom const*, RDKit::ROMol const&, int, std::vector<ForceFields::UFF::AtomicParams const*, std::allocator<ForceFields::UFF::AtomicParams const*> > const&, ForceFields::ForceField*) in <CONDA_ENV_PREFIX>/lib/python3.11/site-packages/rdkit/ForceField/../../../../libRDKitForceFieldHelpers.so.1
 4# RDKit::UFF::Tools::addAngleSpecialCases(RDKit::ROMol const&, int, std::vector<ForceFields::UFF::AtomicParams const*, std::allocator<ForceFields::UFF::AtomicParams const*> > const&, ForceFields::ForceField*) in <CONDA_ENV_PREFIX>/lib/python3.11/site-packages/rdkit/ForceField/../../../../libRDKitForceFieldHelpers.so.1
 5# RDKit::UFF::constructForceField(RDKit::ROMol&, std::vector<ForceFields::UFF::AtomicParams const*, std::allocator<ForceFields::UFF::AtomicParams const*> > const&, double, int, bool) in <CONDA_ENV_PREFIX>/lib/python3.11/site-packages/rdkit/ForceField/../../../../libRDKitForceFieldHelpers.so.1
 6# RDKit::UFF::constructForceField(RDKit::ROMol&, double, int, bool) in <CONDA_ENV_PREFIX>/lib/python3.11/site-packages/rdkit/ForceField/../../../../libRDKitForceFieldHelpers.so.1
 7# RDKit::UFFHelper(RDKit::ROMol&, int, double, int, bool) in <CONDA_ENV_PREFIX>/lib/python3.11/site-packages/rdkit/Chem/rdForceFieldHelpers.so
 8# 0x00007FAB6461403D in <CONDA_ENV_PREFIX>/lib/python3.11/site-packages/rdkit/Chem/rdForceFieldHelpers.so
 9# boost::python::objects::function::call(_object*, _object*) const in <CONDA_ENV_PREFIX>/lib/python3.11/site-packages/rdkit/../../../libboost_python311.so.1.86.0
10# 0x00007FAB6656D449 in <CONDA_ENV_PREFIX>/lib/python3.11/site-packages/rdkit/../../../libboost_python311.so.1.86.0
11# boost::python::detail::exception_handler::operator()(boost::function_n<void> const&) const in <CONDA_ENV_PREFIX>/lib/python3.11/site-packages/rdkit/../../../libboost_python311.so.1.86.0
12# 0x00007FAB642CDC04 in <CONDA_ENV_PREFIX>/lib/python3.11/site-packages/rdkit/Chem/rdSLNParse.so
13# 0x00007FAB646BB354 in <CONDA_ENV_PREFIX>/lib/python3.11/site-packages/rdkit/Chem/rdDepictor.so
14# 0x00007FAB64959DD4 in <CONDA_ENV_PREFIX>/lib/python3.11/site-packages/rdkit/Chem/rdChemReactions.so
15# 0x00007FAB64959E24 in <CONDA_ENV_PREFIX>/lib/python3.11/site-packages/rdkit/Chem/rdChemReactions.so
16# 0x00007FAB64AD2B94 in <CONDA_ENV_PREFIX>/lib/python3.11/site-packages/rdkit/Chem/rdMolChemicalFeatures.so
17# 0x00007FAB6554A9B4 in <CONDA_ENV_PREFIX>/lib/python3.11/site-packages/rdkit/Chem/rdmolfiles.so
18# 0x00007FAB6554AA04 in <CONDA_ENV_PREFIX>/lib/python3.11/site-packages/rdkit/Chem/rdmolfiles.so
19# 0x00007FAB65664B04 in <CONDA_ENV_PREFIX>/lib/python3.11/site-packages/rdkit/Chem/rdCIPLabeler.so
20# 0x00007FAB66039174 in <CONDA_ENV_PREFIX>/lib/python3.11/site-packages/rdkit/Chem/rdchem.so
21# 0x00007FAB65FCDAAD in <CONDA_ENV_PREFIX>/lib/python3.11/site-packages/rdkit/Chem/rdchem.so
22# 0x00007FAB65FCD6AD in <CONDA_ENV_PREFIX>/lib/python3.11/site-packages/rdkit/Chem/rdchem.so
23# 0x00007FAB65FCD2AD in <CONDA_ENV_PREFIX>/lib/python3.11/site-packages/rdkit/Chem/rdchem.so
24# 0x00007FAB65FCCEAD in <CONDA_ENV_PREFIX>/lib/python3.11/site-packages/rdkit/Chem/rdchem.so
25# 0x00007FAB65FCCAAD in <CONDA_ENV_PREFIX>/lib/python3.11/site-packages/rdkit/Chem/rdchem.so
26# 0x00007FAB66641E54 in <CONDA_ENV_PREFIX>/lib/python3.11/site-packages/rdkit/rdBase.so
27# 0x00007FAB66641EA4 in <CONDA_ENV_PREFIX>/lib/python3.11/site-packages/rdkit/rdBase.so
28# 0x00007FAB66641EF4 in <CONDA_ENV_PREFIX>/lib/python3.11/site-packages/rdkit/rdBase.so
29# 0x00007FAB66641F44 in <CONDA_ENV_PREFIX>/lib/python3.11/site-packages/rdkit/rdBase.so
30# boost::python::handle_exception_impl(boost::function_n<void>) in <CONDA_ENV_PREFIX>/lib/python3.11/site-packages/rdkit/../../../libboost_python311.so.1.86.0
31# 0x00007FAB6656A9B3 in <CONDA_ENV_PREFIX>/lib/python3.11/site-packages/rdkit/../../../libboost_python311.so.1.86.0
32# _PyObject_MakeTpCall in <CONDA_ENV_PREFIX>/bin/python
33# _PyEval_EvalFrameDefault in <CONDA_ENV_PREFIX>/bin/python
34# _PyFunction_Vectorcall in <CONDA_ENV_PREFIX>/bin/python
35# 0x0000562A975F3C50 in <CONDA_ENV_PREFIX>/bin/python
36# 0x0000562A97509745 in <CONDA_ENV_PREFIX>/bin/python
37# 0x0000562A9753A1AA in <CONDA_ENV_PREFIX>/bin/python
38# PyObject_Vectorcall in <CONDA_ENV_PREFIX>/bin/python
39# _PyEval_EvalFrameDefault in <CONDA_ENV_PREFIX>/bin/python
40# _PyFunction_Vectorcall in <CONDA_ENV_PREFIX>/bin/python
41# _PyEval_EvalFrameDefault in <CONDA_ENV_PREFIX>/bin/python
42# _PyFunction_Vectorcall in <CONDA_ENV_PREFIX>/bin/python
43# _PyEval_EvalFrameDefault in <CONDA_ENV_PREFIX>/bin/python
44# _PyFunction_Vectorcall in <CONDA_ENV_PREFIX>/bin/python
45# 0x0000562A974F5979 in <CONDA_ENV_PREFIX>/bin/python
46# _PyObject_MakeTpCall in <CONDA_ENV_PREFIX>/bin/python
47# _PyEval_EvalFrameDefault in <CONDA_ENV_PREFIX>/bin/python
48# _PyFunction_Vectorcall in <CONDA_ENV_PREFIX>/bin/python
49# 0x0000562A974F5A1D in <CONDA_ENV_PREFIX>/bin/python
50# _PyObject_MakeTpCall in <CONDA_ENV_PREFIX>/bin/python
51# _PyEval_EvalFrameDefault in <CONDA_ENV_PREFIX>/bin/python
52# 0x0000562A97580B0D in <CONDA_ENV_PREFIX>/bin/python
53# PyEval_EvalCode in <CONDA_ENV_PREFIX>/bin/python
54# 0x0000562A9759E1AA in <CONDA_ENV_PREFIX>/bin/python
55# 0x0000562A97599E33 in <CONDA_ENV_PREFIX>/bin/python
56# 0x0000562A975AF3D0 in <CONDA_ENV_PREFIX>/bin/python
57# _PyRun_SimpleFileObject in <CONDA_ENV_PREFIX>/bin/python
58# _PyRun_AnyFileObject in <CONDA_ENV_PREFIX>/bin/python
59# Py_RunMain in <CONDA_ENV_PREFIX>/bin/python
60# Py_BytesMain in <CONDA_ENV_PREFIX>/bin/python
61# 0x00007FAB751F1D90 in /lib/x86_64-linux-gnu/libc.so.6
62# __libc_start_main in /lib/x86_64-linux-gnu/libc.so.6
63# 0x0000562A9757037A in <CONDA_ENV_PREFIX>/bin/python
----------
****

[21:28:11] UFFTYPER: Unrecognized atom type: S_5+6 (1)
[21:28:11] UFFTYPER: Unrecognized atom type: S_5+6 (1)
[21:28:11] 

****
Pre-condition Violation
bad params pointer
Violation occurred on line 79 in file /home/conda/feedstock_root/build_artifacts/rdkit-meta_1745736747213/work/Code/ForceField/UFF/AngleBend.cpp
Failed Expression: at2Params
----------
Stacktrace:
 0# Invar::Invariant::toString[abi:cxx11]() const in <CONDA_ENV_PREFIX>/lib/python3.11/site-packages/rdkit/../../../libRDKitRDGeneral.so.1
 1# Invar::operator<<(std::ostream&, Invar::Invariant const&) in <CONDA_ENV_PREFIX>/lib/python3.11/site-packages/rdkit/../../../libRDKitRDGeneral.so.1
 2# ForceFields::UFF::AngleBendContrib::AngleBendContrib(ForceFields::ForceField*, unsigned int, unsigned int, unsigned int, double, double, ForceFields::UFF::AtomicParams const*, ForceFields::UFF::AtomicParams const*, ForceFields::UFF::AtomicParams const*, unsigned int) in <CONDA_ENV_PREFIX>/lib/python3.11/site-packages/rdkit/ForceField/../../../../libRDKitForceField.so.1
 3# RDKit::UFF::Tools::addTrigonalBipyramidAngles(RDKit::Atom const*, RDKit::ROMol const&, int, std::vector<ForceFields::UFF::AtomicParams const*, std::allocator<ForceFields::UFF::AtomicParams const*> > const&, ForceFields::ForceField*) in <CONDA_ENV_PREFIX>/lib/python3.11/site-packages/rdkit/ForceField/../../../../libRDKitForceFieldHelpers.so.1
 4# RDKit::UFF::Tools::addAngleSpecialCases(RDKit::ROMol const&, int, std::vector<ForceFields::UFF::AtomicParams const*, std::allocator<ForceFields::UFF::AtomicParams const*> > const&, ForceFields::ForceField*) in <CONDA_ENV_PREFIX>/lib/python3.11/site-packages/rdkit/ForceField/../../../../libRDKitForceFieldHelpers.so.1
 5# RDKit::UFF::constructForceField(RDKit::ROMol&, std::vector<ForceFields::UFF::AtomicParams const*, std::allocator<ForceFields::UFF::AtomicParams const*> > const&, double, int, bool) in <CONDA_ENV_PREFIX>/lib/python3.11/site-packages/rdkit/ForceField/../../../../libRDKitForceFieldHelpers.so.1
 6# RDKit::UFF::constructForceField(RDKit::ROMol&, double, int, bool) in <CONDA_ENV_PREFIX>/lib/python3.11/site-packages/rdkit/ForceField/../../../../libRDKitForceFieldHelpers.so.1
 7# RDKit::UFFHelper(RDKit::ROMol&, int, double, int, bool) in <CONDA_ENV_PREFIX>/lib/python3.11/site-packages/rdkit/Chem/rdForceFieldHelpers.so
 8# 0x00007FAB6461403D in <CONDA_ENV_PREFIX>/lib/python3.11/site-packages/rdkit/Chem/rdForceFieldHelpers.so
 9# boost::python::objects::function::call(_object*, _object*) const in <CONDA_ENV_PREFIX>/lib/python3.11/site-packages/rdkit/../../../libboost_python311.so.1.86.0
10# 0x00007FAB6656D449 in <CONDA_ENV_PREFIX>/lib/python3.11/site-packages/rdkit/../../../libboost_python311.so.1.86.0
11# boost::python::detail::exception_handler::operator()(boost::function_n<void> const&) const in <CONDA_ENV_PREFIX>/lib/python3.11/site-packages/rdkit/../../../libboost_python311.so.1.86.0
12# 0x00007FAB642CDC04 in <CONDA_ENV_PREFIX>/lib/python3.11/site-packages/rdkit/Chem/rdSLNParse.so
13# 0x00007FAB646BB354 in <CONDA_ENV_PREFIX>/lib/python3.11/site-packages/rdkit/Chem/rdDepictor.so
14# 0x00007FAB64959DD4 in <CONDA_ENV_PREFIX>/lib/python3.11/site-packages/rdkit/Chem/rdChemReactions.so
15# 0x00007FAB64959E24 in <CONDA_ENV_PREFIX>/lib/python3.11/site-packages/rdkit/Chem/rdChemReactions.so
16# 0x00007FAB64AD2B94 in <CONDA_ENV_PREFIX>/lib/python3.11/site-packages/rdkit/Chem/rdMolChemicalFeatures.so
17# 0x00007FAB6554A9B4 in <CONDA_ENV_PREFIX>/lib/python3.11/site-packages/rdkit/Chem/rdmolfiles.so
18# 0x00007FAB6554AA04 in <CONDA_ENV_PREFIX>/lib/python3.11/site-packages/rdkit/Chem/rdmolfiles.so
19# 0x00007FAB65664B04 in <CONDA_ENV_PREFIX>/lib/python3.11/site-packages/rdkit/Chem/rdCIPLabeler.so
20# 0x00007FAB66039174 in <CONDA_ENV_PREFIX>/lib/python3.11/site-packages/rdkit/Chem/rdchem.so
21# 0x00007FAB65FCDAAD in <CONDA_ENV_PREFIX>/lib/python3.11/site-packages/rdkit/Chem/rdchem.so
22# 0x00007FAB65FCD6AD in <CONDA_ENV_PREFIX>/lib/python3.11/site-packages/rdkit/Chem/rdchem.so
23# 0x00007FAB65FCD2AD in <CONDA_ENV_PREFIX>/lib/python3.11/site-packages/rdkit/Chem/rdchem.so
24# 0x00007FAB65FCCEAD in <CONDA_ENV_PREFIX>/lib/python3.11/site-packages/rdkit/Chem/rdchem.so
25# 0x00007FAB65FCCAAD in <CONDA_ENV_PREFIX>/lib/python3.11/site-packages/rdkit/Chem/rdchem.so
26# 0x00007FAB66641E54 in <CONDA_ENV_PREFIX>/lib/python3.11/site-packages/rdkit/rdBase.so
27# 0x00007FAB66641EA4 in <CONDA_ENV_PREFIX>/lib/python3.11/site-packages/rdkit/rdBase.so
28# 0x00007FAB66641EF4 in <CONDA_ENV_PREFIX>/lib/python3.11/site-packages/rdkit/rdBase.so
29# 0x00007FAB66641F44 in <CONDA_ENV_PREFIX>/lib/python3.11/site-packages/rdkit/rdBase.so
30# boost::python::handle_exception_impl(boost::function_n<void>) in <CONDA_ENV_PREFIX>/lib/python3.11/site-packages/rdkit/../../../libboost_python311.so.1.86.0
31# 0x00007FAB6656A9B3 in <CONDA_ENV_PREFIX>/lib/python3.11/site-packages/rdkit/../../../libboost_python311.so.1.86.0
32# _PyObject_MakeTpCall in <CONDA_ENV_PREFIX>/bin/python
33# _PyEval_EvalFrameDefault in <CONDA_ENV_PREFIX>/bin/python
34# _PyFunction_Vectorcall in <CONDA_ENV_PREFIX>/bin/python
35# 0x0000562A975F3C50 in <CONDA_ENV_PREFIX>/bin/python
36# 0x0000562A97509745 in <CONDA_ENV_PREFIX>/bin/python
37# 0x0000562A9753A1AA in <CONDA_ENV_PREFIX>/bin/python
38# PyObject_Vectorcall in <CONDA_ENV_PREFIX>/bin/python
39# _PyEval_EvalFrameDefault in <CONDA_ENV_PREFIX>/bin/python
40# _PyFunction_Vectorcall in <CONDA_ENV_PREFIX>/bin/python
41# _PyEval_EvalFrameDefault in <CONDA_ENV_PREFIX>/bin/python
42# _PyFunction_Vectorcall in <CONDA_ENV_PREFIX>/bin/python
43# _PyEval_EvalFrameDefault in <CONDA_ENV_PREFIX>/bin/python
44# _PyFunction_Vectorcall in <CONDA_ENV_PREFIX>/bin/python
45# 0x0000562A974F5979 in <CONDA_ENV_PREFIX>/bin/python
46# _PyObject_MakeTpCall in <CONDA_ENV_PREFIX>/bin/python
47# _PyEval_EvalFrameDefault in <CONDA_ENV_PREFIX>/bin/python
48# _PyFunction_Vectorcall in <CONDA_ENV_PREFIX>/bin/python
49# 0x0000562A974F5A1D in <CONDA_ENV_PREFIX>/bin/python
50# _PyObject_MakeTpCall in <CONDA_ENV_PREFIX>/bin/python
51# _PyEval_EvalFrameDefault in <CONDA_ENV_PREFIX>/bin/python
52# 0x0000562A97580B0D in <CONDA_ENV_PREFIX>/bin/python
53# PyEval_EvalCode in <CONDA_ENV_PREFIX>/bin/python
54# 0x0000562A9759E1AA in <CONDA_ENV_PREFIX>/bin/python
55# 0x0000562A97599E33 in <CONDA_ENV_PREFIX>/bin/python
56# 0x0000562A975AF3D0 in <CONDA_ENV_PREFIX>/bin/python
57# _PyRun_SimpleFileObject in <CONDA_ENV_PREFIX>/bin/python
58# _PyRun_AnyFileObject in <CONDA_ENV_PREFIX>/bin/python
59# Py_RunMain in <CONDA_ENV_PREFIX>/bin/python
60# Py_BytesMain in <CONDA_ENV_PREFIX>/bin/python
61# 0x00007FAB751F1D90 in /lib/x86_64-linux-gnu/libc.so.6
62# __libc_start_main in /lib/x86_64-linux-gnu/libc.so.6
63# 0x0000562A9757037A in <CONDA_ENV_PREFIX>/bin/python
----------
****

[21:28:13] UFFTYPER: Unrecognized atom type: S_5+6 (1)
[21:28:13] UFFTYPER: Unrecognized atom type: S_5+6 (1)
[21:28:13] 

****
Pre-condition Violation
bad params pointer
Violation occurred on line 79 in file /home/conda/feedstock_root/build_artifacts/rdkit-meta_1745736747213/work/Code/ForceField/UFF/AngleBend.cpp
Failed Expression: at2Params
----------
Stacktrace:
 0# Invar::Invariant::toString[abi:cxx11]() const in <CONDA_ENV_PREFIX>/lib/python3.11/site-packages/rdkit/../../../libRDKitRDGeneral.so.1
 1# Invar::operator<<(std::ostream&, Invar::Invariant const&) in <CONDA_ENV_PREFIX>/lib/python3.11/site-packages/rdkit/../../../libRDKitRDGeneral.so.1
 2# ForceFields::UFF::AngleBendContrib::AngleBendContrib(ForceFields::ForceField*, unsigned int, unsigned int, unsigned int, double, double, ForceFields::UFF::AtomicParams const*, ForceFields::UFF::AtomicParams const*, ForceFields::UFF::AtomicParams const*, unsigned int) in <CONDA_ENV_PREFIX>/lib/python3.11/site-packages/rdkit/ForceField/../../../../libRDKitForceField.so.1
 3# RDKit::UFF::Tools::addTrigonalBipyramidAngles(RDKit::Atom const*, RDKit::ROMol const&, int, std::vector<ForceFields::UFF::AtomicParams const*, std::allocator<ForceFields::UFF::AtomicParams const*> > const&, ForceFields::ForceField*) in <CONDA_ENV_PREFIX>/lib/python3.11/site-packages/rdkit/ForceField/../../../../libRDKitForceFieldHelpers.so.1
 4# RDKit::UFF::Tools::addAngleSpecialCases(RDKit::ROMol const&, int, std::vector<ForceFields::UFF::AtomicParams const*, std::allocator<ForceFields::UFF::AtomicParams const*> > const&, ForceFields::ForceField*) in <CONDA_ENV_PREFIX>/lib/python3.11/site-packages/rdkit/ForceField/../../../../libRDKitForceFieldHelpers.so.1
 5# RDKit::UFF::constructForceField(RDKit::ROMol&, std::vector<ForceFields::UFF::AtomicParams const*, std::allocator<ForceFields::UFF::AtomicParams const*> > const&, double, int, bool) in <CONDA_ENV_PREFIX>/lib/python3.11/site-packages/rdkit/ForceField/../../../../libRDKitForceFieldHelpers.so.1
 6# RDKit::UFF::constructForceField(RDKit::ROMol&, double, int, bool) in <CONDA_ENV_PREFIX>/lib/python3.11/site-packages/rdkit/ForceField/../../../../libRDKitForceFieldHelpers.so.1
 7# RDKit::UFFHelper(RDKit::ROMol&, int, double, int, bool) in <CONDA_ENV_PREFIX>/lib/python3.11/site-packages/rdkit/Chem/rdForceFieldHelpers.so
 8# 0x00007FAB6461403D in <CONDA_ENV_PREFIX>/lib/python3.11/site-packages/rdkit/Chem/rdForceFieldHelpers.so
 9# boost::python::objects::function::call(_object*, _object*) const in <CONDA_ENV_PREFIX>/lib/python3.11/site-packages/rdkit/../../../libboost_python311.so.1.86.0
10# 0x00007FAB6656D449 in <CONDA_ENV_PREFIX>/lib/python3.11/site-packages/rdkit/../../../libboost_python311.so.1.86.0
11# boost::python::detail::exception_handler::operator()(boost::function_n<void> const&) const in <CONDA_ENV_PREFIX>/lib/python3.11/site-packages/rdkit/../../../libboost_python311.so.1.86.0
12# 0x00007FAB642CDC04 in <CONDA_ENV_PREFIX>/lib/python3.11/site-packages/rdkit/Chem/rdSLNParse.so
13# 0x00007FAB646BB354 in <CONDA_ENV_PREFIX>/lib/python3.11/site-packages/rdkit/Chem/rdDepictor.so
14# 0x00007FAB64959DD4 in <CONDA_ENV_PREFIX>/lib/python3.11/site-packages/rdkit/Chem/rdChemReactions.so
15# 0x00007FAB64959E24 in <CONDA_ENV_PREFIX>/lib/python3.11/site-packages/rdkit/Chem/rdChemReactions.so
16# 0x00007FAB64AD2B94 in <CONDA_ENV_PREFIX>/lib/python3.11/site-packages/rdkit/Chem/rdMolChemicalFeatures.so
17# 0x00007FAB6554A9B4 in <CONDA_ENV_PREFIX>/lib/python3.11/site-packages/rdkit/Chem/rdmolfiles.so
18# 0x00007FAB6554AA04 in <CONDA_ENV_PREFIX>/lib/python3.11/site-packages/rdkit/Chem/rdmolfiles.so
19# 0x00007FAB65664B04 in <CONDA_ENV_PREFIX>/lib/python3.11/site-packages/rdkit/Chem/rdCIPLabeler.so
20# 0x00007FAB66039174 in <CONDA_ENV_PREFIX>/lib/python3.11/site-packages/rdkit/Chem/rdchem.so
21# 0x00007FAB65FCDAAD in <CONDA_ENV_PREFIX>/lib/python3.11/site-packages/rdkit/Chem/rdchem.so
22# 0x00007FAB65FCD6AD in <CONDA_ENV_PREFIX>/lib/python3.11/site-packages/rdkit/Chem/rdchem.so
23# 0x00007FAB65FCD2AD in <CONDA_ENV_PREFIX>/lib/python3.11/site-packages/rdkit/Chem/rdchem.so
24# 0x00007FAB65FCCEAD in <CONDA_ENV_PREFIX>/lib/python3.11/site-packages/rdkit/Chem/rdchem.so
25# 0x00007FAB65FCCAAD in <CONDA_ENV_PREFIX>/lib/python3.11/site-packages/rdkit/Chem/rdchem.so
26# 0x00007FAB66641E54 in <CONDA_ENV_PREFIX>/lib/python3.11/site-packages/rdkit/rdBase.so
27# 0x00007FAB66641EA4 in <CONDA_ENV_PREFIX>/lib/python3.11/site-packages/rdkit/rdBase.so
28# 0x00007FAB66641EF4 in <CONDA_ENV_PREFIX>/lib/python3.11/site-packages/rdkit/rdBase.so
29# 0x00007FAB66641F44 in <CONDA_ENV_PREFIX>/lib/python3.11/site-packages/rdkit/rdBase.so
30# boost::python::handle_exception_impl(boost::function_n<void>) in <CONDA_ENV_PREFIX>/lib/python3.11/site-packages/rdkit/../../../libboost_python311.so.1.86.0
31# 0x00007FAB6656A9B3 in <CONDA_ENV_PREFIX>/lib/python3.11/site-packages/rdkit/../../../libboost_python311.so.1.86.0
32# _PyObject_MakeTpCall in <CONDA_ENV_PREFIX>/bin/python
33# _PyEval_EvalFrameDefault in <CONDA_ENV_PREFIX>/bin/python
34# _PyFunction_Vectorcall in <CONDA_ENV_PREFIX>/bin/python
35# 0x0000562A975F3C50 in <CONDA_ENV_PREFIX>/bin/python
36# 0x0000562A97509745 in <CONDA_ENV_PREFIX>/bin/python
37# 0x0000562A9753A1AA in <CONDA_ENV_PREFIX>/bin/python
38# PyObject_Vectorcall in <CONDA_ENV_PREFIX>/bin/python
39# _PyEval_EvalFrameDefault in <CONDA_ENV_PREFIX>/bin/python
40# _PyFunction_Vectorcall in <CONDA_ENV_PREFIX>/bin/python
41# _PyEval_EvalFrameDefault in <CONDA_ENV_PREFIX>/bin/python
42# _PyFunction_Vectorcall in <CONDA_ENV_PREFIX>/bin/python
43# _PyEval_EvalFrameDefault in <CONDA_ENV_PREFIX>/bin/python
44# _PyFunction_Vectorcall in <CONDA_ENV_PREFIX>/bin/python
45# 0x0000562A974F5979 in <CONDA_ENV_PREFIX>/bin/python
46# _PyObject_MakeTpCall in <CONDA_ENV_PREFIX>/bin/python
47# _PyEval_EvalFrameDefault in <CONDA_ENV_PREFIX>/bin/python
48# _PyFunction_Vectorcall in <CONDA_ENV_PREFIX>/bin/python
49# 0x0000562A974F5A1D in <CONDA_ENV_PREFIX>/bin/python
50# _PyObject_MakeTpCall in <CONDA_ENV_PREFIX>/bin/python
51# _PyEval_EvalFrameDefault in <CONDA_ENV_PREFIX>/bin/python
52# 0x0000562A97580B0D in <CONDA_ENV_PREFIX>/bin/python
53# PyEval_EvalCode in <CONDA_ENV_PREFIX>/bin/python
54# 0x0000562A9759E1AA in <CONDA_ENV_PREFIX>/bin/python
55# 0x0000562A97599E33 in <CONDA_ENV_PREFIX>/bin/python
56# 0x0000562A975AF3D0 in <CONDA_ENV_PREFIX>/bin/python
57# _PyRun_SimpleFileObject in <CONDA_ENV_PREFIX>/bin/python
58# _PyRun_AnyFileObject in <CONDA_ENV_PREFIX>/bin/python
59# Py_RunMain in <CONDA_ENV_PREFIX>/bin/python
60# Py_BytesMain in <CONDA_ENV_PREFIX>/bin/python
61# 0x00007FAB751F1D90 in /lib/x86_64-linux-gnu/libc.so.6
62# __libc_start_main in /lib/x86_64-linux-gnu/libc.so.6
63# 0x0000562A9757037A in <CONDA_ENV_PREFIX>/bin/python
----------
****

[21:33:57] Explicit valence for atom # 11 P, 7, is greater than permitted
[21:33:57] Explicit valence for atom # 12 P, 7, is greater than permitted
[21:33:57] Explicit valence for atom # 12 P, 7, is greater than permitted
[21:33:57] Explicit valence for atom # 11 P, 7, is greater than permitted
[21:33:57] Explicit valence for atom # 11 P, 7, is greater than permitted
[21:33:57] Explicit valence for atom # 12 P, 7, is greater than permitted
[21:33:57] Explicit valence for atom # 13 P, 7, is greater than permitted
[21:33:57] Explicit valence for atom # 12 P, 7, is greater than permitted
[21:33:57] Explicit valence for atom # 12 P, 7, is greater than permitted
[21:33:57] Explicit valence for atom # 13 P, 7, is greater than permitted
[21:33:57] Explicit valence for atom # 12 P, 7, is greater than permitted
[21:33:57] Explicit valence for atom # 12 P, 7, is greater than permitted
[21:33:57] Explicit valence for atom # 12 P, 7, is greater than permitted
[21:33:57] Explicit valence for atom # 12 P, 7, is greater than permitted
[21:33:57] Explicit valence for atom # 16 P, 7, is greater than permitted
[21:33:57] Explicit valence for atom # 14 P, 7, is greater than permitted
[21:33:57] Explicit valence for atom # 12 P, 7, is greater than permitted
[21:33:57] Explicit valence for atom # 12 P, 7, is greater than permitted
[21:35:04] Explicit valence for atom # 11 P, 7, is greater than permitted
[21:35:04] Explicit valence for atom # 10 P, 7, is greater than permitted
[21:35:04] Explicit valence for atom # 11 P, 7, is greater than permitted
[21:35:04] Explicit valence for atom # 8 P, 7, is greater than permitted
[21:35:04] Explicit valence for atom # 8 P, 7, is greater than permitted
[21:35:04] Explicit valence for atom # 11 P, 7, is greater than permitted
[21:35:04] Explicit valence for atom # 8 P, 7, is greater than permitted
[21:35:04] Explicit valence for atom # 8 P, 7, is greater than permitted
[21:35:04] Explicit valence for atom # 11 P, 7, is greater than permitted
[21:35:04] Explicit valence for atom # 8 P, 7, is greater than permitted
[21:35:04] Explicit valence for atom # 11 P, 7, is greater than permitted
[21:35:04] Explicit valence for atom # 8 P, 7, is greater than permitted
[21:35:04] Explicit valence for atom # 12 P, 7, is greater than permitted
[21:35:04] Explicit valence for atom # 8 P, 7, is greater than permitted
[21:35:04] Explicit valence for atom # 7 P, 7, is greater than permitted
[21:35:04] Explicit valence for atom # 12 P, 7, is greater than permitted
[21:35:04] Explicit valence for atom # 13 P, 7, is greater than permitted
[21:35:04] Explicit valence for atom # 11 P, 7, is greater than permitted
[21:35:04] Explicit valence for atom # 11 P, 7, is greater than permitted
[21:35:04] Explicit valence for atom # 12 P, 7, is greater than permitted
[21:35:04] Explicit valence for atom # 9 P, 7, is greater than permitted
[21:35:04] Explicit valence for atom # 13 P, 7, is greater than permitted
[21:35:04] Explicit valence for atom # 12 P, 7, is greater than permitted
[21:35:04] Explicit valence for atom # 13 P, 7, is greater than permitted
[21:35:04] Explicit valence for atom # 13 P, 7, is greater than permitted
[21:35:04] Explicit valence for atom # 13 P, 7, is greater than permitted
[21:35:04] Explicit valence for atom # 14 P, 7, is greater than permitted
[21:35:04] Explicit valence for atom # 12 P, 7, is greater than permitted
[21:35:09] Explicit valence for atom # 11 P, 7, is greater than permitted
[21:35:09] Explicit valence for atom # 11 P, 7, is greater than permitted
[21:35:09] Explicit valence for atom # 11 P, 7, is greater than permitted
[21:35:09] Explicit valence for atom # 12 P, 7, is greater than permitted
[21:35:16] Explicit valence for atom # 11 P, 7, is greater than permitted
[21:35:16] Explicit valence for atom # 10 P, 7, is greater than permitted
[21:35:16] Explicit valence for atom # 1 P, 7, is greater than permitted
[21:35:16] Explicit valence for atom # 1 P, 7, is greater than permitted
[21:35:16] Explicit valence for atom # 1 P, 7, is greater than permitted
[21:35:16] Explicit valence for atom # 11 P, 7, is greater than permitted
[21:36:00] Explicit valence for atom # 1 P, 7, is greater than permitted
[21:36:00] [21:36:00] Explicit valence for atom # 10 P, 7, is greater than permittedExplicit valence for atom # 1 P, 7, is greater than permitted

[21:36:00] Explicit valence for atom # 1 P, 7, is greater than permitted
[21:36:00] Explicit valence for atom # 1 P, 7, is greater than permitted
[21:36:00] Explicit valence for atom # 11 P, 7, is greater than permitted
[21:36:00] Explicit valence for atom # 11 P, 7, is greater than permitted
[21:36:00] Explicit valence for atom # 11 P, 7, is greater than permitted
[21:36:00] Explicit valence for atom # 13 P, 7, is greater than permitted
[21:36:00] Explicit valence for atom # 11 P, 7, is greater than permitted
[21:36:00] Explicit valence for atom # 1 P, 7, is greater than permitted
[21:36:00] Explicit valence for atom # 1 P, 7, is greater than permitted
[21:36:00] Explicit valence for atom # 12 P, 7, is greater than permitted
[21:36:00] Explicit valence for atom # 10 P, 7, is greater than permitted
[21:36:00] Explicit valence for atom # 11 P, 7, is greater than permitted
[21:36:00] Explicit valence for atom # 11 P, 7, is greater than permitted
[21:36:00] Explicit valence for atom # 11 P, 7, is greater than permitted
[21:36:00] Explicit valence for atom # 13 P, 7, is greater than permitted
[21:36:00] Explicit valence for atom # 12 P, 7, is greater than permitted
[21:36:00] Explicit valence for atom # 11 P, 7, is greater than permitted
[21:36:00] Explicit valence for atom # 11 P, 7, is greater than permitted
[21:36:00] Explicit valence for atom # 12 P, 7, is greater than permitted
[21:36:00] Explicit valence for atom # 1 P, 7, is greater than permitted
[21:36:00] Explicit valence for atom # 12 P, 7, is greater than permitted
[21:48:49] Explicit valence for atom # 8 P, 7, is greater than permitted
[21:48:49] Explicit valence for atom # 8 P, 7, is greater than permitted
[21:48:49] Explicit valence for atom # 7 P, 7, is greater than permitted
[21:48:49] Explicit valence for atom # 8 P, 7, is greater than permitted
[21:48:49] Explicit valence for atom # 8 P, 7, is greater than permitted
[21:48:49] Explicit valence for atom # 8 P, 7, is greater than permitted
[21:48:49] Explicit valence for atom # 6 P, 7, is greater than permitted
[21:48:49] Explicit valence for atom # 8 P, 7, is greater than permitted
[21:48:49] Explicit valence for atom # 7 P, 7, is greater than permitted
[21:48:49] Explicit valence for atom # 14 P, 7, is greater than permitted
[21:48:49] Explicit valence for atom # 5 P, 7, is greater than permitted
[21:48:49] Explicit valence for atom # 10 P, 7, is greater than permitted
[21:48:49] Explicit valence for atom # 15 P, 7, is greater than permitted
[21:48:49] Explicit valence for atom # 12 P, 7, is greater than permitted
[21:48:49] Explicit valence for atom # 17 P, 7, is greater than permitted
[21:48:49] Explicit valence for atom # 17 P, 7, is greater than permitted
[21:48:49] Explicit valence for atom # 16 P, 7, is greater than permitted
[21:48:49] Explicit valence for atom # 9 P, 7, is greater than permitted
[21:48:49] Explicit valence for atom # 12 P, 7, is greater than permitted
[21:48:49] Explicit valence for atom # 16 P, 7, is greater than permitted
[21:48:49] Explicit valence for atom # 16 P, 7, is greater than permitted
[21:48:49] Explicit valence for atom # 12 P, 7, is greater than permitted
[21:48:49] Explicit valence for atom # 11 P, 7, is greater than permitted
[21:48:49] Explicit valence for atom # 6 P, 7, is greater than permitted
[21:48:49] Explicit valence for atom # 16 P, 7, is greater than permitted
[21:48:49] Explicit valence for atom # 6 P, 7, is greater than permitted
[21:48:49] Explicit valence for atom # 5 P, 7, is greater than permitted
[21:48:49] Explicit valence for atom # 12 P, 7, is greater than permitted
[21:48:49] Explicit valence for atom # 15 P, 7, is greater than permitted
[21:48:49] Explicit valence for atom # 9 P, 7, is greater than permitted
[21:48:49] Explicit valence for atom # 1 P, 7, is greater than permitted
[21:48:49] Explicit valence for atom # 8 P, 7, is greater than permitted
[21:48:49] Explicit valence for atom # 10 P, 7, is greater than permitted
[21:48:52] Explicit valence for atom # 8 P, 7, is greater than permitted
[21:48:52] Explicit valence for atom # 11 P, 7, is greater than permitted
[21:48:52] Explicit valence for atom # 11 P, 7, is greater than permitted
[21:48:52] Explicit valence for atom # 8 P, 7, is greater than permitted
[21:48:52] Explicit valence for atom # 11 P, 7, is greater than permitted
