[20:03:26] UFFTYPER: Unrecognized atom type: S_5+6 (2)
[20:03:26] UFFTYPER: Unrecognized atom type: S_5+6 (2)
[20:03:26] 

****
Pre-condition Violation
bad params pointer
Violation occurred on line 79 in file /home/conda/feedstock_root/build_artifacts/rdkit-meta_1745736747213/work/Code/ForceField/UFF/AngleBend.cpp
Failed Expression: at2Params
----------
Stacktrace:
 0# Invar::Invariant::toString[abi:cxx11]() const in <CONDA_ENV_PREFIX>/lib/python3.11/site-packages/rdkit/../../../libRDKitRDGeneral.so.1
 1# Invar::operator<<(std::ostream&, Invar::Invariant const&) in <CONDA_ENV_PREFIX>/lib/python3.11/site-packages/rdkit/../../../libRDKitRDGeneral.so.1
 2# ForceFields::UFF::AngleBendContrib::AngleBendContrib(ForceFields::ForceField*, unsigned int, unsigned int, unsigned int, double, double, ForceFields::UFF::AtomicParams const*, ForceFields::UFF::AtomicParams const*, ForceFields::UFF::AtomicParams const*, unsigned int) in <CONDA_ENV_PREFIX>/lib/python3.11/site-packages/rdkit/ForceField/../../../../libRDKitForceField.so.1
 3# RDKit::UFF::Tools::addTrigonalBipyramidAngles(RDKit::Atom const*, RDKit::ROMol const&, int, std::vector<ForceFields::UFF::AtomicParams const*, std::allocator<ForceFields::UFF::AtomicParams const*> > const&, ForceFields::ForceField*) in <CONDA_ENV_PREFIX>/lib/python3.11/site-packages/rdkit/ForceField/../../../../libRDKitForceFieldHelpers.so.1
 4# RDKit::UFF::Tools::addAngleSpecialCases(RDKit::ROMol const&, int, std::vector<ForceFields::UFF::AtomicParams const*, std::allocator<ForceFields::UFF::AtomicParams const*> > const&, ForceFields::ForceField*) in <CONDA_ENV_PREFIX>/lib/python3.11/site-packages/rdkit/ForceField/../../../../libRDKitForceFieldHelpers.so.1
 5# RDKit::UFF::constructForceField(RDKit::ROMol&, std::vector<ForceFields::UFF::AtomicParams const*, std::allocator<ForceFields::UFF::AtomicParams const*> > const&, double, int, bool) in <CONDA_ENV_PREFIX>/lib/python3.11/site-packages/rdkit/ForceField/../../../../libRDKitForceFieldHelpers.so.1
 6# RDKit::UFF::constructForceField(RDKit::ROMol&, double, int, bool) in <CONDA_ENV_PREFIX>/lib/python3.11/site-packages/rdkit/ForceField/../../../../libRDKitForceFieldHelpers.so.1
 7# RDKit::UFFHelper(RDKit::ROMol&, int, double, int, bool) in <CONDA_ENV_PREFIX>/lib/python3.11/site-packages/rdkit/Chem/rdForceFieldHelpers.so
 8# 0x00007F5FC1F8403D in <CONDA_ENV_PREFIX>/lib/python3.11/site-packages/rdkit/Chem/rdForceFieldHelpers.so
 9# boost::python::objects::function::call(_object*, _object*) const in <CONDA_ENV_PREFIX>/lib/python3.11/site-packages/rdkit/../../../libboost_python311.so.1.86.0
10# 0x00007F5FC3EDD449 in <CONDA_ENV_PREFIX>/lib/python3.11/site-packages/rdkit/../../../libboost_python311.so.1.86.0
11# boost::python::detail::exception_handler::operator()(boost::function_n<void> const&) const in <CONDA_ENV_PREFIX>/lib/python3.11/site-packages/rdkit/../../../libboost_python311.so.1.86.0
12# 0x00007F5FC1C3DC04 in <CONDA_ENV_PREFIX>/lib/python3.11/site-packages/rdkit/Chem/rdSLNParse.so
13# 0x00007F5FC202B354 in <CONDA_ENV_PREFIX>/lib/python3.11/site-packages/rdkit/Chem/rdDepictor.so
14# 0x00007F5FC22C9DD4 in <CONDA_ENV_PREFIX>/lib/python3.11/site-packages/rdkit/Chem/rdChemReactions.so
15# 0x00007F5FC22C9E24 in <CONDA_ENV_PREFIX>/lib/python3.11/site-packages/rdkit/Chem/rdChemReactions.so
16# 0x00007F5FC2442B94 in <CONDA_ENV_PREFIX>/lib/python3.11/site-packages/rdkit/Chem/rdMolChemicalFeatures.so
17# 0x00007F5FC2EBA9B4 in <CONDA_ENV_PREFIX>/lib/python3.11/site-packages/rdkit/Chem/rdmolfiles.so
18# 0x00007F5FC2EBAA04 in <CONDA_ENV_PREFIX>/lib/python3.11/site-packages/rdkit/Chem/rdmolfiles.so
19# 0x00007F5FC2FD4B04 in <CONDA_ENV_PREFIX>/lib/python3.11/site-packages/rdkit/Chem/rdCIPLabeler.so
20# 0x00007F5FC39A9174 in <CONDA_ENV_PREFIX>/lib/python3.11/site-packages/rdkit/Chem/rdchem.so
21# 0x00007F5FC393DAAD in <CONDA_ENV_PREFIX>/lib/python3.11/site-packages/rdkit/Chem/rdchem.so
22# 0x00007F5FC393D6AD in <CONDA_ENV_PREFIX>/lib/python3.11/site-packages/rdkit/Chem/rdchem.so
23# 0x00007F5FC393D2AD in <CONDA_ENV_PREFIX>/lib/python3.11/site-packages/rdkit/Chem/rdchem.so
24# 0x00007F5FC393CEAD in <CONDA_ENV_PREFIX>/lib/python3.11/site-packages/rdkit/Chem/rdchem.so
25# 0x00007F5FC393CAAD in <CONDA_ENV_PREFIX>/lib/python3.11/site-packages/rdkit/Chem/rdchem.so
26# 0x00007F5FC3FB1E54 in <CONDA_ENV_PREFIX>/lib/python3.11/site-packages/rdkit/rdBase.so
27# 0x00007F5FC3FB1EA4 in <CONDA_ENV_PREFIX>/lib/python3.11/site-packages/rdkit/rdBase.so
28# 0x00007F5FC3FB1EF4 in <CONDA_ENV_PREFIX>/lib/python3.11/site-packages/rdkit/rdBase.so
29# 0x00007F5FC3FB1F44 in <CONDA_ENV_PREFIX>/lib/python3.11/site-packages/rdkit/rdBase.so
30# boost::python::handle_exception_impl(boost::function_n<void>) in <CONDA_ENV_PREFIX>/lib/python3.11/site-packages/rdkit/../../../libboost_python311.so.1.86.0
31# 0x00007F5FC3EDA9B3 in <CONDA_ENV_PREFIX>/lib/python3.11/site-packages/rdkit/../../../libboost_python311.so.1.86.0
32# _PyObject_MakeTpCall in <CONDA_ENV_PREFIX>/bin/python
33# _PyEval_EvalFrameDefault in <CONDA_ENV_PREFIX>/bin/python
34# _PyFunction_Vectorcall in <CONDA_ENV_PREFIX>/bin/python
35# 0x00005637EFF5CC50 in <CONDA_ENV_PREFIX>/bin/python
36# 0x00005637EFE72745 in <CONDA_ENV_PREFIX>/bin/python
37# 0x00005637EFEA31AA in <CONDA_ENV_PREFIX>/bin/python
38# PyObject_Vectorcall in <CONDA_ENV_PREFIX>/bin/python
39# _PyEval_EvalFrameDefault in <CONDA_ENV_PREFIX>/bin/python
40# _PyFunction_Vectorcall in <CONDA_ENV_PREFIX>/bin/python
41# _PyEval_EvalFrameDefault in <CONDA_ENV_PREFIX>/bin/python
42# _PyFunction_Vectorcall in <CONDA_ENV_PREFIX>/bin/python
43# _PyEval_EvalFrameDefault in <CONDA_ENV_PREFIX>/bin/python
44# _PyFunction_Vectorcall in <CONDA_ENV_PREFIX>/bin/python
45# 0x00005637EFE5E979 in <CONDA_ENV_PREFIX>/bin/python
46# _PyObject_MakeTpCall in <CONDA_ENV_PREFIX>/bin/python
47# _PyEval_EvalFrameDefault in <CONDA_ENV_PREFIX>/bin/python
48# _PyFunction_Vectorcall in <CONDA_ENV_PREFIX>/bin/python
49# 0x00005637EFE5EA1D in <CONDA_ENV_PREFIX>/bin/python
50# _PyObject_MakeTpCall in <CONDA_ENV_PREFIX>/bin/python
51# _PyEval_EvalFrameDefault in <CONDA_ENV_PREFIX>/bin/python
52# 0x00005637EFEE9B0D in <CONDA_ENV_PREFIX>/bin/python
53# PyEval_EvalCode in <CONDA_ENV_PREFIX>/bin/python
54# 0x00005637EFF071AA in <CONDA_ENV_PREFIX>/bin/python
55# 0x00005637EFF02E33 in <CONDA_ENV_PREFIX>/bin/python
56# 0x00005637EFF183D0 in <CONDA_ENV_PREFIX>/bin/python
57# _PyRun_SimpleFileObject in <CONDA_ENV_PREFIX>/bin/python
58# _PyRun_AnyFileObject in <CONDA_ENV_PREFIX>/bin/python
59# Py_RunMain in <CONDA_ENV_PREFIX>/bin/python
60# Py_BytesMain in <CONDA_ENV_PREFIX>/bin/python
61# 0x00007F5FD2B61D90 in /lib/x86_64-linux-gnu/libc.so.6
62# __libc_start_main in /lib/x86_64-linux-gnu/libc.so.6
63# 0x00005637EFED937A in <CONDA_ENV_PREFIX>/bin/python
----------
****

[20:03:44] UFFTYPER: Unrecognized charge state for atom: 18
[20:03:44] UFFTYPER: Unrecognized charge state for atom: 18
[20:03:46] UFFTYPER: Unrecognized charge state for atom: 18
[20:03:46] UFFTYPER: Unrecognized charge state for atom: 18
[20:03:51] Explicit valence for atom # 14 P, 7, is greater than permitted
[20:28:26] UFFTYPER: Unrecognized atom type: S_5+6 (2)
[20:28:26] UFFTYPER: Unrecognized atom type: S_5+6 (2)
[20:28:26] 

****
Pre-condition Violation
bad params pointer
Violation occurred on line 79 in file /home/conda/feedstock_root/build_artifacts/rdkit-meta_1745736747213/work/Code/ForceField/UFF/AngleBend.cpp
Failed Expression: at2Params
----------
Stacktrace:
 0# Invar::Invariant::toString[abi:cxx11]() const in <CONDA_ENV_PREFIX>/lib/python3.11/site-packages/rdkit/../../../libRDKitRDGeneral.so.1
 1# Invar::operator<<(std::ostream&, Invar::Invariant const&) in <CONDA_ENV_PREFIX>/lib/python3.11/site-packages/rdkit/../../../libRDKitRDGeneral.so.1
 2# ForceFields::UFF::AngleBendContrib::AngleBendContrib(ForceFields::ForceField*, unsigned int, unsigned int, unsigned int, double, double, ForceFields::UFF::AtomicParams const*, ForceFields::UFF::AtomicParams const*, ForceFields::UFF::AtomicParams const*, unsigned int) in <CONDA_ENV_PREFIX>/lib/python3.11/site-packages/rdkit/ForceField/../../../../libRDKitForceField.so.1
 3# RDKit::UFF::Tools::addTrigonalBipyramidAngles(RDKit::Atom const*, RDKit::ROMol const&, int, std::vector<ForceFields::UFF::AtomicParams const*, std::allocator<ForceFields::UFF::AtomicParams const*> > const&, ForceFields::ForceField*) in <CONDA_ENV_PREFIX>/lib/python3.11/site-packages/rdkit/ForceField/../../../../libRDKitForceFieldHelpers.so.1
 4# RDKit::UFF::Tools::addAngleSpecialCases(RDKit::ROMol const&, int, std::vector<ForceFields::UFF::AtomicParams const*, std::allocator<ForceFields::UFF::AtomicParams const*> > const&, ForceFields::ForceField*) in <CONDA_ENV_PREFIX>/lib/python3.11/site-packages/rdkit/ForceField/../../../../libRDKitForceFieldHelpers.so.1
 5# RDKit::UFF::constructForceField(RDKit::ROMol&, std::vector<ForceFields::UFF::AtomicParams const*, std::allocator<ForceFields::UFF::AtomicParams const*> > const&, double, int, bool) in <CONDA_ENV_PREFIX>/lib/python3.11/site-packages/rdkit/ForceField/../../../../libRDKitForceFieldHelpers.so.1
 6# RDKit::UFF::constructForceField(RDKit::ROMol&, double, int, bool) in <CONDA_ENV_PREFIX>/lib/python3.11/site-packages/rdkit/ForceField/../../../../libRDKitForceFieldHelpers.so.1
 7# RDKit::UFFHelper(RDKit::ROMol&, int, double, int, bool) in <CONDA_ENV_PREFIX>/lib/python3.11/site-packages/rdkit/Chem/rdForceFieldHelpers.so
 8# 0x00007F5FC1F8403D in <CONDA_ENV_PREFIX>/lib/python3.11/site-packages/rdkit/Chem/rdForceFieldHelpers.so
 9# boost::python::objects::function::call(_object*, _object*) const in <CONDA_ENV_PREFIX>/lib/python3.11/site-packages/rdkit/../../../libboost_python311.so.1.86.0
10# 0x00007F5FC3EDD449 in <CONDA_ENV_PREFIX>/lib/python3.11/site-packages/rdkit/../../../libboost_python311.so.1.86.0
11# boost::python::detail::exception_handler::operator()(boost::function_n<void> const&) const in <CONDA_ENV_PREFIX>/lib/python3.11/site-packages/rdkit/../../../libboost_python311.so.1.86.0
12# 0x00007F5FC1C3DC04 in <CONDA_ENV_PREFIX>/lib/python3.11/site-packages/rdkit/Chem/rdSLNParse.so
13# 0x00007F5FC202B354 in <CONDA_ENV_PREFIX>/lib/python3.11/site-packages/rdkit/Chem/rdDepictor.so
14# 0x00007F5FC22C9DD4 in <CONDA_ENV_PREFIX>/lib/python3.11/site-packages/rdkit/Chem/rdChemReactions.so
15# 0x00007F5FC22C9E24 in <CONDA_ENV_PREFIX>/lib/python3.11/site-packages/rdkit/Chem/rdChemReactions.so
16# 0x00007F5FC2442B94 in <CONDA_ENV_PREFIX>/lib/python3.11/site-packages/rdkit/Chem/rdMolChemicalFeatures.so
17# 0x00007F5FC2EBA9B4 in <CONDA_ENV_PREFIX>/lib/python3.11/site-packages/rdkit/Chem/rdmolfiles.so
18# 0x00007F5FC2EBAA04 in <CONDA_ENV_PREFIX>/lib/python3.11/site-packages/rdkit/Chem/rdmolfiles.so
19# 0x00007F5FC2FD4B04 in <CONDA_ENV_PREFIX>/lib/python3.11/site-packages/rdkit/Chem/rdCIPLabeler.so
20# 0x00007F5FC39A9174 in <CONDA_ENV_PREFIX>/lib/python3.11/site-packages/rdkit/Chem/rdchem.so
21# 0x00007F5FC393DAAD in <CONDA_ENV_PREFIX>/lib/python3.11/site-packages/rdkit/Chem/rdchem.so
22# 0x00007F5FC393D6AD in <CONDA_ENV_PREFIX>/lib/python3.11/site-packages/rdkit/Chem/rdchem.so
23# 0x00007F5FC393D2AD in <CONDA_ENV_PREFIX>/lib/python3.11/site-packages/rdkit/Chem/rdchem.so
24# 0x00007F5FC393CEAD in <CONDA_ENV_PREFIX>/lib/python3.11/site-packages/rdkit/Chem/rdchem.so
25# 0x00007F5FC393CAAD in <CONDA_ENV_PREFIX>/lib/python3.11/site-packages/rdkit/Chem/rdchem.so
26# 0x00007F5FC3FB1E54 in <CONDA_ENV_PREFIX>/lib/python3.11/site-packages/rdkit/rdBase.so
27# 0x00007F5FC3FB1EA4 in <CONDA_ENV_PREFIX>/lib/python3.11/site-packages/rdkit/rdBase.so
28# 0x00007F5FC3FB1EF4 in <CONDA_ENV_PREFIX>/lib/python3.11/site-packages/rdkit/rdBase.so
29# 0x00007F5FC3FB1F44 in <CONDA_ENV_PREFIX>/lib/python3.11/site-packages/rdkit/rdBase.so
30# boost::python::handle_exception_impl(boost::function_n<void>) in <CONDA_ENV_PREFIX>/lib/python3.11/site-packages/rdkit/../../../libboost_python311.so.1.86.0
31# 0x00007F5FC3EDA9B3 in <CONDA_ENV_PREFIX>/lib/python3.11/site-packages/rdkit/../../../libboost_python311.so.1.86.0
32# _PyObject_MakeTpCall in <CONDA_ENV_PREFIX>/bin/python
33# _PyEval_EvalFrameDefault in <CONDA_ENV_PREFIX>/bin/python
34# _PyFunction_Vectorcall in <CONDA_ENV_PREFIX>/bin/python
35# 0x00005637EFF5CC50 in <CONDA_ENV_PREFIX>/bin/python
36# 0x00005637EFE72745 in <CONDA_ENV_PREFIX>/bin/python
37# 0x00005637EFEA31AA in <CONDA_ENV_PREFIX>/bin/python
38# PyObject_Vectorcall in <CONDA_ENV_PREFIX>/bin/python
39# _PyEval_EvalFrameDefault in <CONDA_ENV_PREFIX>/bin/python
40# _PyFunction_Vectorcall in <CONDA_ENV_PREFIX>/bin/python
41# _PyEval_EvalFrameDefault in <CONDA_ENV_PREFIX>/bin/python
42# _PyFunction_Vectorcall in <CONDA_ENV_PREFIX>/bin/python
43# _PyEval_EvalFrameDefault in <CONDA_ENV_PREFIX>/bin/python
44# _PyFunction_Vectorcall in <CONDA_ENV_PREFIX>/bin/python
45# 0x00005637EFE5E979 in <CONDA_ENV_PREFIX>/bin/python
46# _PyObject_MakeTpCall in <CONDA_ENV_PREFIX>/bin/python
47# _PyEval_EvalFrameDefault in <CONDA_ENV_PREFIX>/bin/python
48# _PyFunction_Vectorcall in <CONDA_ENV_PREFIX>/bin/python
49# 0x00005637EFE5EA1D in <CONDA_ENV_PREFIX>/bin/python
50# _PyObject_MakeTpCall in <CONDA_ENV_PREFIX>/bin/python
51# _PyEval_EvalFrameDefault in <CONDA_ENV_PREFIX>/bin/python
52# 0x00005637EFEE9B0D in <CONDA_ENV_PREFIX>/bin/python
53# PyEval_EvalCode in <CONDA_ENV_PREFIX>/bin/python
54# 0x00005637EFF071AA in <CONDA_ENV_PREFIX>/bin/python
55# 0x00005637EFF02E33 in <CONDA_ENV_PREFIX>/bin/python
56# 0x00005637EFF183D0 in <CONDA_ENV_PREFIX>/bin/python
57# _PyRun_SimpleFileObject in <CONDA_ENV_PREFIX>/bin/python
58# _PyRun_AnyFileObject in <CONDA_ENV_PREFIX>/bin/python
59# Py_RunMain in <CONDA_ENV_PREFIX>/bin/python
60# Py_BytesMain in <CONDA_ENV_PREFIX>/bin/python
61# 0x00007F5FD2B61D90 in /lib/x86_64-linux-gnu/libc.so.6
62# __libc_start_main in /lib/x86_64-linux-gnu/libc.so.6
63# 0x00005637EFED937A in <CONDA_ENV_PREFIX>/bin/python
----------
****

[20:28:27] UFFTYPER: Unrecognized atom type: S_5+6 (2)
[20:28:27] UFFTYPER: Unrecognized atom type: S_5+6 (2)
[20:28:27] UFFTYPER: Unrecognized atom type: S_5+6 (2)
[20:28:27] 

****
Pre-condition Violation
bad params pointer
Violation occurred on line 79 in file /home/conda/feedstock_root/build_artifacts/rdkit-meta_1745736747213/work/Code/ForceField/UFF/AngleBend.cpp
Failed Expression: at2Params
----------
Stacktrace:
 0# Invar::Invariant::toString[abi:cxx11]() const in <CONDA_ENV_PREFIX>/lib/python3.11/site-packages/rdkit/../../../libRDKitRDGeneral.so.1
 1# Invar::operator<<(std::ostream&, Invar::Invariant const&) in <CONDA_ENV_PREFIX>/lib/python3.11/site-packages/rdkit/../../../libRDKitRDGeneral.so.1
 2# ForceFields::UFF::AngleBendContrib::AngleBendContrib(ForceFields::ForceField*, unsigned int, unsigned int, unsigned int, double, double, ForceFields::UFF::AtomicParams const*, ForceFields::UFF::AtomicParams const*, ForceFields::UFF::AtomicParams const*, unsigned int) in <CONDA_ENV_PREFIX>/lib/python3.11/site-packages/rdkit/ForceField/../../../../libRDKitForceField.so.1
 3# RDKit::UFF::Tools::addTrigonalBipyramidAngles(RDKit::Atom const*, RDKit::ROMol const&, int, std::vector<ForceFields::UFF::AtomicParams const*, std::allocator<ForceFields::UFF::AtomicParams const*> > const&, ForceFields::ForceField*) in <CONDA_ENV_PREFIX>/lib/python3.11/site-packages/rdkit/ForceField/../../../../libRDKitForceFieldHelpers.so.1
 4# RDKit::UFF::Tools::addAngleSpecialCases(RDKit::ROMol const&, int, std::vector<ForceFields::UFF::AtomicParams const*, std::allocator<ForceFields::UFF::AtomicParams const*> > const&, ForceFields::ForceField*) in <CONDA_ENV_PREFIX>/lib/python3.11/site-packages/rdkit/ForceField/../../../../libRDKitForceFieldHelpers.so.1
 5# RDKit::UFF::constructForceField(RDKit::ROMol&, std::vector<ForceFields::UFF::AtomicParams const*, std::allocator<ForceFields::UFF::AtomicParams const*> > const&, double, int, bool) in <CONDA_ENV_PREFIX>/lib/python3.11/site-packages/rdkit/ForceField/../../../../libRDKitForceFieldHelpers.so.1
 6# RDKit::UFF::constructForceField(RDKit::ROMol&, double, int, bool) in <CONDA_ENV_PREFIX>/lib/python3.11/site-packages/rdkit/ForceField/../../../../libRDKitForceFieldHelpers.so.1
 7# RDKit::UFFHelper(RDKit::ROMol&, int, double, int, bool) in <CONDA_ENV_PREFIX>/lib/python3.11/site-packages/rdkit/Chem/rdForceFieldHelpers.so
 8# 0x00007F5FC1F8403D in <CONDA_ENV_PREFIX>/lib/python3.11/site-packages/rdkit/Chem/rdForceFieldHelpers.so
 9# boost::python::objects::function::call(_object*, _object*) const in <CONDA_ENV_PREFIX>/lib/python3.11/site-packages/rdkit/../../../libboost_python311.so.1.86.0
10# 0x00007F5FC3EDD449 in <CONDA_ENV_PREFIX>/lib/python3.11/site-packages/rdkit/../../../libboost_python311.so.1.86.0
11# boost::python::detail::exception_handler::operator()(boost::function_n<void> const&) const in <CONDA_ENV_PREFIX>/lib/python3.11/site-packages/rdkit/../../../libboost_python311.so.1.86.0
12# 0x00007F5FC1C3DC04 in <CONDA_ENV_PREFIX>/lib/python3.11/site-packages/rdkit/Chem/rdSLNParse.so
13# 0x00007F5FC202B354 in <CONDA_ENV_PREFIX>/lib/python3.11/site-packages/rdkit/Chem/rdDepictor.so
14# 0x00007F5FC22C9DD4 in <CONDA_ENV_PREFIX>/lib/python3.11/site-packages/rdkit/Chem/rdChemReactions.so
15# 0x00007F5FC22C9E24 in <CONDA_ENV_PREFIX>/lib/python3.11/site-packages/rdkit/Chem/rdChemReactions.so
16# 0x00007F5FC2442B94 in <CONDA_ENV_PREFIX>/lib/python3.11/site-packages/rdkit/Chem/rdMolChemicalFeatures.so
17# 0x00007F5FC2EBA9B4 in <CONDA_ENV_PREFIX>/lib/python3.11/site-packages/rdkit/Chem/rdmolfiles.so
18# 0x00007F5FC2EBAA04 in <CONDA_ENV_PREFIX>/lib/python3.11/site-packages/rdkit/Chem/rdmolfiles.so
19# 0x00007F5FC2FD4B04 in <CONDA_ENV_PREFIX>/lib/python3.11/site-packages/rdkit/Chem/rdCIPLabeler.so
20# 0x00007F5FC39A9174 in <CONDA_ENV_PREFIX>/lib/python3.11/site-packages/rdkit/Chem/rdchem.so
21# 0x00007F5FC393DAAD in <CONDA_ENV_PREFIX>/lib/python3.11/site-packages/rdkit/Chem/rdchem.so
22# 0x00007F5FC393D6AD in <CONDA_ENV_PREFIX>/lib/python3.11/site-packages/rdkit/Chem/rdchem.so
23# 0x00007F5FC393D2AD in <CONDA_ENV_PREFIX>/lib/python3.11/site-packages/rdkit/Chem/rdchem.so
24# 0x00007F5FC393CEAD in <CONDA_ENV_PREFIX>/lib/python3.11/site-packages/rdkit/Chem/rdchem.so
25# 0x00007F5FC393CAAD in <CONDA_ENV_PREFIX>/lib/python3.11/site-packages/rdkit/Chem/rdchem.so
26# 0x00007F5FC3FB1E54 in <CONDA_ENV_PREFIX>/lib/python3.11/site-packages/rdkit/rdBase.so
27# 0x00007F5FC3FB1EA4 in <CONDA_ENV_PREFIX>/lib/python3.11/site-packages/rdkit/rdBase.so
28# 0x00007F5FC3FB1EF4 in <CONDA_ENV_PREFIX>/lib/python3.11/site-packages/rdkit/rdBase.so
29# 0x00007F5FC3FB1F44 in <CONDA_ENV_PREFIX>/lib/python3.11/site-packages/rdkit/rdBase.so
30# boost::python::handle_exception_impl(boost::function_n<void>) in <CONDA_ENV_PREFIX>/lib/python3.11/site-packages/rdkit/../../../libboost_python311.so.1.86.0
31# 0x00007F5FC3EDA9B3 in <CONDA_ENV_PREFIX>/lib/python3.11/site-packages/rdkit/../../../libboost_python311.so.1.86.0
32# _PyObject_MakeTpCall in <CONDA_ENV_PREFIX>/bin/python
33# _PyEval_EvalFrameDefault in <CONDA_ENV_PREFIX>/bin/python
34# _PyFunction_Vectorcall in <CONDA_ENV_PREFIX>/bin/python
35# 0x00005637EFF5CC50 in <CONDA_ENV_PREFIX>/bin/python
36# 0x00005637EFE72745 in <CONDA_ENV_PREFIX>/bin/python
37# 0x00005637EFEA31AA in <CONDA_ENV_PREFIX>/bin/python
38# PyObject_Vectorcall in <CONDA_ENV_PREFIX>/bin/python
39# _PyEval_EvalFrameDefault in <CONDA_ENV_PREFIX>/bin/python
40# _PyFunction_Vectorcall in <CONDA_ENV_PREFIX>/bin/python
41# _PyEval_EvalFrameDefault in <CONDA_ENV_PREFIX>/bin/python
42# _PyFunction_Vectorcall in <CONDA_ENV_PREFIX>/bin/python
43# _PyEval_EvalFrameDefault in <CONDA_ENV_PREFIX>/bin/python
44# _PyFunction_Vectorcall in <CONDA_ENV_PREFIX>/bin/python
45# 0x00005637EFE5E979 in <CONDA_ENV_PREFIX>/bin/python
46# _PyObject_MakeTpCall in <CONDA_ENV_PREFIX>/bin/python
47# _PyEval_EvalFrameDefault in <CONDA_ENV_PREFIX>/bin/python
48# _PyFunction_Vectorcall in <CONDA_ENV_PREFIX>/bin/python
49# 0x00005637EFE5EA1D in <CONDA_ENV_PREFIX>/bin/python
50# _PyObject_MakeTpCall in <CONDA_ENV_PREFIX>/bin/python
51# _PyEval_EvalFrameDefault in <CONDA_ENV_PREFIX>/bin/python
52# 0x00005637EFEE9B0D in <CONDA_ENV_PREFIX>/bin/python
53# PyEval_EvalCode in <CONDA_ENV_PREFIX>/bin/python
54# 0x00005637EFF071AA in <CONDA_ENV_PREFIX>/bin/python
55# 0x00005637EFF02E33 in <CONDA_ENV_PREFIX>/bin/python
56# 0x00005637EFF183D0 in <CONDA_ENV_PREFIX>/bin/python
57# _PyRun_SimpleFileObject in <CONDA_ENV_PREFIX>/bin/python
58# _PyRun_AnyFileObject in <CONDA_ENV_PREFIX>/bin/python
59# Py_RunMain in <CONDA_ENV_PREFIX>/bin/python
60# Py_BytesMain in <CONDA_ENV_PREFIX>/bin/python
61# 0x00007F5FD2B61D90 in /lib/x86_64-linux-gnu/libc.so.6
62# __libc_start_main in /lib/x86_64-linux-gnu/libc.so.6
63# 0x00005637EFED937A in <CONDA_ENV_PREFIX>/bin/python
----------
****

[20:28:27] UFFTYPER: Unrecognized atom type: S_5+6 (2)
[20:28:27] 

****
Pre-condition Violation
bad params pointer
Violation occurred on line 79 in file /home/conda/feedstock_root/build_artifacts/rdkit-meta_1745736747213/work/Code/ForceField/UFF/AngleBend.cpp
Failed Expression: at2Params
----------
Stacktrace:
 0# Invar::Invariant::toString[abi:cxx11]() const in <CONDA_ENV_PREFIX>/lib/python3.11/site-packages/rdkit/../../../libRDKitRDGeneral.so.1
 1# Invar::operator<<(std::ostream&, Invar::Invariant const&) in <CONDA_ENV_PREFIX>/lib/python3.11/site-packages/rdkit/../../../libRDKitRDGeneral.so.1
 2# ForceFields::UFF::AngleBendContrib::AngleBendContrib(ForceFields::ForceField*, unsigned int, unsigned int, unsigned int, double, double, ForceFields::UFF::AtomicParams const*, ForceFields::UFF::AtomicParams const*, ForceFields::UFF::AtomicParams const*, unsigned int) in <CONDA_ENV_PREFIX>/lib/python3.11/site-packages/rdkit/ForceField/../../../../libRDKitForceField.so.1
 3# RDKit::UFF::Tools::addTrigonalBipyramidAngles(RDKit::Atom const*, RDKit::ROMol const&, int, std::vector<ForceFields::UFF::AtomicParams const*, std::allocator<ForceFields::UFF::AtomicParams const*> > const&, ForceFields::ForceField*) in <CONDA_ENV_PREFIX>/lib/python3.11/site-packages/rdkit/ForceField/../../../../libRDKitForceFieldHelpers.so.1
 4# RDKit::UFF::Tools::addAngleSpecialCases(RDKit::ROMol const&, int, std::vector<ForceFields::UFF::AtomicParams const*, std::allocator<ForceFields::UFF::AtomicParams const*> > const&, ForceFields::ForceField*) in <CONDA_ENV_PREFIX>/lib/python3.11/site-packages/rdkit/ForceField/../../../../libRDKitForceFieldHelpers.so.1
 5# RDKit::UFF::constructForceField(RDKit::ROMol&, std::vector<ForceFields::UFF::AtomicParams const*, std::allocator<ForceFields::UFF::AtomicParams const*> > const&, double, int, bool) in <CONDA_ENV_PREFIX>/lib/python3.11/site-packages/rdkit/ForceField/../../../../libRDKitForceFieldHelpers.so.1
 6# RDKit::UFF::constructForceField(RDKit::ROMol&, double, int, bool) in <CONDA_ENV_PREFIX>/lib/python3.11/site-packages/rdkit/ForceField/../../../../libRDKitForceFieldHelpers.so.1
 7# RDKit::UFFHelper(RDKit::ROMol&, int, double, int, bool) in <CONDA_ENV_PREFIX>/lib/python3.11/site-packages/rdkit/Chem/rdForceFieldHelpers.so
 8# 0x00007F5FC1F8403D in <CONDA_ENV_PREFIX>/lib/python3.11/site-packages/rdkit/Chem/rdForceFieldHelpers.so
 9# boost::python::objects::function::call(_object*, _object*) const in <CONDA_ENV_PREFIX>/lib/python3.11/site-packages/rdkit/../../../libboost_python311.so.1.86.0
10# 0x00007F5FC3EDD449 in <CONDA_ENV_PREFIX>/lib/python3.11/site-packages/rdkit/../../../libboost_python311.so.1.86.0
11# boost::python::detail::exception_handler::operator()(boost::function_n<void> const&) const in <CONDA_ENV_PREFIX>/lib/python3.11/site-packages/rdkit/../../../libboost_python311.so.1.86.0
12# 0x00007F5FC1C3DC04 in <CONDA_ENV_PREFIX>/lib/python3.11/site-packages/rdkit/Chem/rdSLNParse.so
13# 0x00007F5FC202B354 in <CONDA_ENV_PREFIX>/lib/python3.11/site-packages/rdkit/Chem/rdDepictor.so
14# 0x00007F5FC22C9DD4 in <CONDA_ENV_PREFIX>/lib/python3.11/site-packages/rdkit/Chem/rdChemReactions.so
15# 0x00007F5FC22C9E24 in <CONDA_ENV_PREFIX>/lib/python3.11/site-packages/rdkit/Chem/rdChemReactions.so
16# 0x00007F5FC2442B94 in <CONDA_ENV_PREFIX>/lib/python3.11/site-packages/rdkit/Chem/rdMolChemicalFeatures.so
17# 0x00007F5FC2EBA9B4 in <CONDA_ENV_PREFIX>/lib/python3.11/site-packages/rdkit/Chem/rdmolfiles.so
18# 0x00007F5FC2EBAA04 in <CONDA_ENV_PREFIX>/lib/python3.11/site-packages/rdkit/Chem/rdmolfiles.so
19# 0x00007F5FC2FD4B04 in <CONDA_ENV_PREFIX>/lib/python3.11/site-packages/rdkit/Chem/rdCIPLabeler.so
20# 0x00007F5FC39A9174 in <CONDA_ENV_PREFIX>/lib/python3.11/site-packages/rdkit/Chem/rdchem.so
21# 0x00007F5FC393DAAD in <CONDA_ENV_PREFIX>/lib/python3.11/site-packages/rdkit/Chem/rdchem.so
22# 0x00007F5FC393D6AD in <CONDA_ENV_PREFIX>/lib/python3.11/site-packages/rdkit/Chem/rdchem.so
23# 0x00007F5FC393D2AD in <CONDA_ENV_PREFIX>/lib/python3.11/site-packages/rdkit/Chem/rdchem.so
24# 0x00007F5FC393CEAD in <CONDA_ENV_PREFIX>/lib/python3.11/site-packages/rdkit/Chem/rdchem.so
25# 0x00007F5FC393CAAD in <CONDA_ENV_PREFIX>/lib/python3.11/site-packages/rdkit/Chem/rdchem.so
26# 0x00007F5FC3FB1E54 in <CONDA_ENV_PREFIX>/lib/python3.11/site-packages/rdkit/rdBase.so
27# 0x00007F5FC3FB1EA4 in <CONDA_ENV_PREFIX>/lib/python3.11/site-packages/rdkit/rdBase.so
28# 0x00007F5FC3FB1EF4 in <CONDA_ENV_PREFIX>/lib/python3.11/site-packages/rdkit/rdBase.so
29# 0x00007F5FC3FB1F44 in <CONDA_ENV_PREFIX>/lib/python3.11/site-packages/rdkit/rdBase.so
30# boost::python::handle_exception_impl(boost::function_n<void>) in <CONDA_ENV_PREFIX>/lib/python3.11/site-packages/rdkit/../../../libboost_python311.so.1.86.0
31# 0x00007F5FC3EDA9B3 in <CONDA_ENV_PREFIX>/lib/python3.11/site-packages/rdkit/../../../libboost_python311.so.1.86.0
32# _PyObject_MakeTpCall in <CONDA_ENV_PREFIX>/bin/python
33# _PyEval_EvalFrameDefault in <CONDA_ENV_PREFIX>/bin/python
34# _PyFunction_Vectorcall in <CONDA_ENV_PREFIX>/bin/python
35# 0x00005637EFF5CC50 in <CONDA_ENV_PREFIX>/bin/python
36# 0x00005637EFE72745 in <CONDA_ENV_PREFIX>/bin/python
37# 0x00005637EFEA31AA in <CONDA_ENV_PREFIX>/bin/python
38# PyObject_Vectorcall in <CONDA_ENV_PREFIX>/bin/python
39# _PyEval_EvalFrameDefault in <CONDA_ENV_PREFIX>/bin/python
40# _PyFunction_Vectorcall in <CONDA_ENV_PREFIX>/bin/python
41# _PyEval_EvalFrameDefault in <CONDA_ENV_PREFIX>/bin/python
42# _PyFunction_Vectorcall in <CONDA_ENV_PREFIX>/bin/python
43# _PyEval_EvalFrameDefault in <CONDA_ENV_PREFIX>/bin/python
44# _PyFunction_Vectorcall in <CONDA_ENV_PREFIX>/bin/python
45# 0x00005637EFE5E979 in <CONDA_ENV_PREFIX>/bin/python
46# _PyObject_MakeTpCall in <CONDA_ENV_PREFIX>/bin/python
47# _PyEval_EvalFrameDefault in <CONDA_ENV_PREFIX>/bin/python
48# _PyFunction_Vectorcall in <CONDA_ENV_PREFIX>/bin/python
49# 0x00005637EFE5EA1D in <CONDA_ENV_PREFIX>/bin/python
50# _PyObject_MakeTpCall in <CONDA_ENV_PREFIX>/bin/python
51# _PyEval_EvalFrameDefault in <CONDA_ENV_PREFIX>/bin/python
52# 0x00005637EFEE9B0D in <CONDA_ENV_PREFIX>/bin/python
53# PyEval_EvalCode in <CONDA_ENV_PREFIX>/bin/python
54# 0x00005637EFF071AA in <CONDA_ENV_PREFIX>/bin/python
55# 0x00005637EFF02E33 in <CONDA_ENV_PREFIX>/bin/python
56# 0x00005637EFF183D0 in <CONDA_ENV_PREFIX>/bin/python
57# _PyRun_SimpleFileObject in <CONDA_ENV_PREFIX>/bin/python
58# _PyRun_AnyFileObject in <CONDA_ENV_PREFIX>/bin/python
59# Py_RunMain in <CONDA_ENV_PREFIX>/bin/python
60# Py_BytesMain in <CONDA_ENV_PREFIX>/bin/python
61# 0x00007F5FD2B61D90 in /lib/x86_64-linux-gnu/libc.so.6
62# __libc_start_main in /lib/x86_64-linux-gnu/libc.so.6
63# 0x00005637EFED937A in <CONDA_ENV_PREFIX>/bin/python
----------
****

[20:28:28] UFFTYPER: Unrecognized atom type: S_5+6 (2)
[20:28:28] UFFTYPER: Unrecognized atom type: S_5+6 (2)
[20:28:28] 

****
Pre-condition Violation
bad params pointer
Violation occurred on line 79 in file /home/conda/feedstock_root/build_artifacts/rdkit-meta_1745736747213/work/Code/ForceField/UFF/AngleBend.cpp
Failed Expression: at2Params
----------
Stacktrace:
 0# Invar::Invariant::toString[abi:cxx11]() const in <CONDA_ENV_PREFIX>/lib/python3.11/site-packages/rdkit/../../../libRDKitRDGeneral.so.1
 1# Invar::operator<<(std::ostream&, Invar::Invariant const&) in <CONDA_ENV_PREFIX>/lib/python3.11/site-packages/rdkit/../../../libRDKitRDGeneral.so.1
 2# ForceFields::UFF::AngleBendContrib::AngleBendContrib(ForceFields::ForceField*, unsigned int, unsigned int, unsigned int, double, double, ForceFields::UFF::AtomicParams const*, ForceFields::UFF::AtomicParams const*, ForceFields::UFF::AtomicParams const*, unsigned int) in <CONDA_ENV_PREFIX>/lib/python3.11/site-packages/rdkit/ForceField/../../../../libRDKitForceField.so.1
 3# RDKit::UFF::Tools::addTrigonalBipyramidAngles(RDKit::Atom const*, RDKit::ROMol const&, int, std::vector<ForceFields::UFF::AtomicParams const*, std::allocator<ForceFields::UFF::AtomicParams const*> > const&, ForceFields::ForceField*) in <CONDA_ENV_PREFIX>/lib/python3.11/site-packages/rdkit/ForceField/../../../../libRDKitForceFieldHelpers.so.1
 4# RDKit::UFF::Tools::addAngleSpecialCases(RDKit::ROMol const&, int, std::vector<ForceFields::UFF::AtomicParams const*, std::allocator<ForceFields::UFF::AtomicParams const*> > const&, ForceFields::ForceField*) in <CONDA_ENV_PREFIX>/lib/python3.11/site-packages/rdkit/ForceField/../../../../libRDKitForceFieldHelpers.so.1
 5# RDKit::UFF::constructForceField(RDKit::ROMol&, std::vector<ForceFields::UFF::AtomicParams const*, std::allocator<ForceFields::UFF::AtomicParams const*> > const&, double, int, bool) in <CONDA_ENV_PREFIX>/lib/python3.11/site-packages/rdkit/ForceField/../../../../libRDKitForceFieldHelpers.so.1
 6# RDKit::UFF::constructForceField(RDKit::ROMol&, double, int, bool) in <CONDA_ENV_PREFIX>/lib/python3.11/site-packages/rdkit/ForceField/../../../../libRDKitForceFieldHelpers.so.1
 7# RDKit::UFFHelper(RDKit::ROMol&, int, double, int, bool) in <CONDA_ENV_PREFIX>/lib/python3.11/site-packages/rdkit/Chem/rdForceFieldHelpers.so
 8# 0x00007F5FC1F8403D in <CONDA_ENV_PREFIX>/lib/python3.11/site-packages/rdkit/Chem/rdForceFieldHelpers.so
 9# boost::python::objects::function::call(_object*, _object*) const in <CONDA_ENV_PREFIX>/lib/python3.11/site-packages/rdkit/../../../libboost_python311.so.1.86.0
10# 0x00007F5FC3EDD449 in <CONDA_ENV_PREFIX>/lib/python3.11/site-packages/rdkit/../../../libboost_python311.so.1.86.0
11# boost::python::detail::exception_handler::operator()(boost::function_n<void> const&) const in <CONDA_ENV_PREFIX>/lib/python3.11/site-packages/rdkit/../../../libboost_python311.so.1.86.0
12# 0x00007F5FC1C3DC04 in <CONDA_ENV_PREFIX>/lib/python3.11/site-packages/rdkit/Chem/rdSLNParse.so
13# 0x00007F5FC202B354 in <CONDA_ENV_PREFIX>/lib/python3.11/site-packages/rdkit/Chem/rdDepictor.so
14# 0x00007F5FC22C9DD4 in <CONDA_ENV_PREFIX>/lib/python3.11/site-packages/rdkit/Chem/rdChemReactions.so
15# 0x00007F5FC22C9E24 in <CONDA_ENV_PREFIX>/lib/python3.11/site-packages/rdkit/Chem/rdChemReactions.so
16# 0x00007F5FC2442B94 in <CONDA_ENV_PREFIX>/lib/python3.11/site-packages/rdkit/Chem/rdMolChemicalFeatures.so
17# 0x00007F5FC2EBA9B4 in <CONDA_ENV_PREFIX>/lib/python3.11/site-packages/rdkit/Chem/rdmolfiles.so
18# 0x00007F5FC2EBAA04 in <CONDA_ENV_PREFIX>/lib/python3.11/site-packages/rdkit/Chem/rdmolfiles.so
19# 0x00007F5FC2FD4B04 in <CONDA_ENV_PREFIX>/lib/python3.11/site-packages/rdkit/Chem/rdCIPLabeler.so
20# 0x00007F5FC39A9174 in <CONDA_ENV_PREFIX>/lib/python3.11/site-packages/rdkit/Chem/rdchem.so
21# 0x00007F5FC393DAAD in <CONDA_ENV_PREFIX>/lib/python3.11/site-packages/rdkit/Chem/rdchem.so
22# 0x00007F5FC393D6AD in <CONDA_ENV_PREFIX>/lib/python3.11/site-packages/rdkit/Chem/rdchem.so
23# 0x00007F5FC393D2AD in <CONDA_ENV_PREFIX>/lib/python3.11/site-packages/rdkit/Chem/rdchem.so
24# 0x00007F5FC393CEAD in <CONDA_ENV_PREFIX>/lib/python3.11/site-packages/rdkit/Chem/rdchem.so
25# 0x00007F5FC393CAAD in <CONDA_ENV_PREFIX>/lib/python3.11/site-packages/rdkit/Chem/rdchem.so
26# 0x00007F5FC3FB1E54 in <CONDA_ENV_PREFIX>/lib/python3.11/site-packages/rdkit/rdBase.so
27# 0x00007F5FC3FB1EA4 in <CONDA_ENV_PREFIX>/lib/python3.11/site-packages/rdkit/rdBase.so
28# 0x00007F5FC3FB1EF4 in <CONDA_ENV_PREFIX>/lib/python3.11/site-packages/rdkit/rdBase.so
29# 0x00007F5FC3FB1F44 in <CONDA_ENV_PREFIX>/lib/python3.11/site-packages/rdkit/rdBase.so
30# boost::python::handle_exception_impl(boost::function_n<void>) in <CONDA_ENV_PREFIX>/lib/python3.11/site-packages/rdkit/../../../libboost_python311.so.1.86.0
31# 0x00007F5FC3EDA9B3 in <CONDA_ENV_PREFIX>/lib/python3.11/site-packages/rdkit/../../../libboost_python311.so.1.86.0
32# _PyObject_MakeTpCall in <CONDA_ENV_PREFIX>/bin/python
33# _PyEval_EvalFrameDefault in <CONDA_ENV_PREFIX>/bin/python
34# _PyFunction_Vectorcall in <CONDA_ENV_PREFIX>/bin/python
35# 0x00005637EFF5CC50 in <CONDA_ENV_PREFIX>/bin/python
36# 0x00005637EFE72745 in <CONDA_ENV_PREFIX>/bin/python
37# 0x00005637EFEA31AA in <CONDA_ENV_PREFIX>/bin/python
38# PyObject_Vectorcall in <CONDA_ENV_PREFIX>/bin/python
39# _PyEval_EvalFrameDefault in <CONDA_ENV_PREFIX>/bin/python
40# _PyFunction_Vectorcall in <CONDA_ENV_PREFIX>/bin/python
41# _PyEval_EvalFrameDefault in <CONDA_ENV_PREFIX>/bin/python
42# _PyFunction_Vectorcall in <CONDA_ENV_PREFIX>/bin/python
43# _PyEval_EvalFrameDefault in <CONDA_ENV_PREFIX>/bin/python
44# _PyFunction_Vectorcall in <CONDA_ENV_PREFIX>/bin/python
45# 0x00005637EFE5E979 in <CONDA_ENV_PREFIX>/bin/python
46# _PyObject_MakeTpCall in <CONDA_ENV_PREFIX>/bin/python
47# _PyEval_EvalFrameDefault in <CONDA_ENV_PREFIX>/bin/python
48# _PyFunction_Vectorcall in <CONDA_ENV_PREFIX>/bin/python
49# 0x00005637EFE5EA1D in <CONDA_ENV_PREFIX>/bin/python
50# _PyObject_MakeTpCall in <CONDA_ENV_PREFIX>/bin/python
51# _PyEval_EvalFrameDefault in <CONDA_ENV_PREFIX>/bin/python
52# 0x00005637EFEE9B0D in <CONDA_ENV_PREFIX>/bin/python
53# PyEval_EvalCode in <CONDA_ENV_PREFIX>/bin/python
54# 0x00005637EFF071AA in <CONDA_ENV_PREFIX>/bin/python
55# 0x00005637EFF02E33 in <CONDA_ENV_PREFIX>/bin/python
56# 0x00005637EFF183D0 in <CONDA_ENV_PREFIX>/bin/python
57# _PyRun_SimpleFileObject in <CONDA_ENV_PREFIX>/bin/python
58# _PyRun_AnyFileObject in <CONDA_ENV_PREFIX>/bin/python
59# Py_RunMain in <CONDA_ENV_PREFIX>/bin/python
60# Py_BytesMain in <CONDA_ENV_PREFIX>/bin/python
61# 0x00007F5FD2B61D90 in /lib/x86_64-linux-gnu/libc.so.6
62# __libc_start_main in /lib/x86_64-linux-gnu/libc.so.6
63# 0x00005637EFED937A in <CONDA_ENV_PREFIX>/bin/python
----------
****

[20:28:29] UFFTYPER: Unrecognized atom type: S_5+6 (2)
[20:28:29] UFFTYPER: Unrecognized atom type: S_5+6 (2)
[20:28:29] 

****
Pre-condition Violation
bad params pointer
Violation occurred on line 79 in file /home/conda/feedstock_root/build_artifacts/rdkit-meta_1745736747213/work/Code/ForceField/UFF/AngleBend.cpp
Failed Expression: at2Params
----------
Stacktrace:
 0# Invar::Invariant::toString[abi:cxx11]() const in <CONDA_ENV_PREFIX>/lib/python3.11/site-packages/rdkit/../../../libRDKitRDGeneral.so.1
 1# Invar::operator<<(std::ostream&, Invar::Invariant const&) in <CONDA_ENV_PREFIX>/lib/python3.11/site-packages/rdkit/../../../libRDKitRDGeneral.so.1
 2# ForceFields::UFF::AngleBendContrib::AngleBendContrib(ForceFields::ForceField*, unsigned int, unsigned int, unsigned int, double, double, ForceFields::UFF::AtomicParams const*, ForceFields::UFF::AtomicParams const*, ForceFields::UFF::AtomicParams const*, unsigned int) in <CONDA_ENV_PREFIX>/lib/python3.11/site-packages/rdkit/ForceField/../../../../libRDKitForceField.so.1
 3# RDKit::UFF::Tools::addTrigonalBipyramidAngles(RDKit::Atom const*, RDKit::ROMol const&, int, std::vector<ForceFields::UFF::AtomicParams const*, std::allocator<ForceFields::UFF::AtomicParams const*> > const&, ForceFields::ForceField*) in <CONDA_ENV_PREFIX>/lib/python3.11/site-packages/rdkit/ForceField/../../../../libRDKitForceFieldHelpers.so.1
 4# RDKit::UFF::Tools::addAngleSpecialCases(RDKit::ROMol const&, int, std::vector<ForceFields::UFF::AtomicParams const*, std::allocator<ForceFields::UFF::AtomicParams const*> > const&, ForceFields::ForceField*) in <CONDA_ENV_PREFIX>/lib/python3.11/site-packages/rdkit/ForceField/../../../../libRDKitForceFieldHelpers.so.1
 5# RDKit::UFF::constructForceField(RDKit::ROMol&, std::vector<ForceFields::UFF::AtomicParams const*, std::allocator<ForceFields::UFF::AtomicParams const*> > const&, double, int, bool) in <CONDA_ENV_PREFIX>/lib/python3.11/site-packages/rdkit/ForceField/../../../../libRDKitForceFieldHelpers.so.1
 6# RDKit::UFF::constructForceField(RDKit::ROMol&, double, int, bool) in <CONDA_ENV_PREFIX>/lib/python3.11/site-packages/rdkit/ForceField/../../../../libRDKitForceFieldHelpers.so.1
 7# RDKit::UFFHelper(RDKit::ROMol&, int, double, int, bool) in <CONDA_ENV_PREFIX>/lib/python3.11/site-packages/rdkit/Chem/rdForceFieldHelpers.so
 8# 0x00007F5FC1F8403D in <CONDA_ENV_PREFIX>/lib/python3.11/site-packages/rdkit/Chem/rdForceFieldHelpers.so
 9# boost::python::objects::function::call(_object*, _object*) const in <CONDA_ENV_PREFIX>/lib/python3.11/site-packages/rdkit/../../../libboost_python311.so.1.86.0
10# 0x00007F5FC3EDD449 in <CONDA_ENV_PREFIX>/lib/python3.11/site-packages/rdkit/../../../libboost_python311.so.1.86.0
11# boost::python::detail::exception_handler::operator()(boost::function_n<void> const&) const in <CONDA_ENV_PREFIX>/lib/python3.11/site-packages/rdkit/../../../libboost_python311.so.1.86.0
12# 0x00007F5FC1C3DC04 in <CONDA_ENV_PREFIX>/lib/python3.11/site-packages/rdkit/Chem/rdSLNParse.so
13# 0x00007F5FC202B354 in <CONDA_ENV_PREFIX>/lib/python3.11/site-packages/rdkit/Chem/rdDepictor.so
14# 0x00007F5FC22C9DD4 in <CONDA_ENV_PREFIX>/lib/python3.11/site-packages/rdkit/Chem/rdChemReactions.so
15# 0x00007F5FC22C9E24 in <CONDA_ENV_PREFIX>/lib/python3.11/site-packages/rdkit/Chem/rdChemReactions.so
16# 0x00007F5FC2442B94 in <CONDA_ENV_PREFIX>/lib/python3.11/site-packages/rdkit/Chem/rdMolChemicalFeatures.so
17# 0x00007F5FC2EBA9B4 in <CONDA_ENV_PREFIX>/lib/python3.11/site-packages/rdkit/Chem/rdmolfiles.so
18# 0x00007F5FC2EBAA04 in <CONDA_ENV_PREFIX>/lib/python3.11/site-packages/rdkit/Chem/rdmolfiles.so
19# 0x00007F5FC2FD4B04 in <CONDA_ENV_PREFIX>/lib/python3.11/site-packages/rdkit/Chem/rdCIPLabeler.so
20# 0x00007F5FC39A9174 in <CONDA_ENV_PREFIX>/lib/python3.11/site-packages/rdkit/Chem/rdchem.so
21# 0x00007F5FC393DAAD in <CONDA_ENV_PREFIX>/lib/python3.11/site-packages/rdkit/Chem/rdchem.so
22# 0x00007F5FC393D6AD in <CONDA_ENV_PREFIX>/lib/python3.11/site-packages/rdkit/Chem/rdchem.so
23# 0x00007F5FC393D2AD in <CONDA_ENV_PREFIX>/lib/python3.11/site-packages/rdkit/Chem/rdchem.so
24# 0x00007F5FC393CEAD in <CONDA_ENV_PREFIX>/lib/python3.11/site-packages/rdkit/Chem/rdchem.so
25# 0x00007F5FC393CAAD in <CONDA_ENV_PREFIX>/lib/python3.11/site-packages/rdkit/Chem/rdchem.so
26# 0x00007F5FC3FB1E54 in <CONDA_ENV_PREFIX>/lib/python3.11/site-packages/rdkit/rdBase.so
27# 0x00007F5FC3FB1EA4 in <CONDA_ENV_PREFIX>/lib/python3.11/site-packages/rdkit/rdBase.so
28# 0x00007F5FC3FB1EF4 in <CONDA_ENV_PREFIX>/lib/python3.11/site-packages/rdkit/rdBase.so
29# 0x00007F5FC3FB1F44 in <CONDA_ENV_PREFIX>/lib/python3.11/site-packages/rdkit/rdBase.so
30# boost::python::handle_exception_impl(boost::function_n<void>) in <CONDA_ENV_PREFIX>/lib/python3.11/site-packages/rdkit/../../../libboost_python311.so.1.86.0
31# 0x00007F5FC3EDA9B3 in <CONDA_ENV_PREFIX>/lib/python3.11/site-packages/rdkit/../../../libboost_python311.so.1.86.0
32# _PyObject_MakeTpCall in <CONDA_ENV_PREFIX>/bin/python
33# _PyEval_EvalFrameDefault in <CONDA_ENV_PREFIX>/bin/python
34# _PyFunction_Vectorcall in <CONDA_ENV_PREFIX>/bin/python
35# 0x00005637EFF5CC50 in <CONDA_ENV_PREFIX>/bin/python
36# 0x00005637EFE72745 in <CONDA_ENV_PREFIX>/bin/python
37# 0x00005637EFEA31AA in <CONDA_ENV_PREFIX>/bin/python
38# PyObject_Vectorcall in <CONDA_ENV_PREFIX>/bin/python
39# _PyEval_EvalFrameDefault in <CONDA_ENV_PREFIX>/bin/python
40# _PyFunction_Vectorcall in <CONDA_ENV_PREFIX>/bin/python
41# _PyEval_EvalFrameDefault in <CONDA_ENV_PREFIX>/bin/python
42# _PyFunction_Vectorcall in <CONDA_ENV_PREFIX>/bin/python
43# _PyEval_EvalFrameDefault in <CONDA_ENV_PREFIX>/bin/python
44# _PyFunction_Vectorcall in <CONDA_ENV_PREFIX>/bin/python
45# 0x00005637EFE5E979 in <CONDA_ENV_PREFIX>/bin/python
46# _PyObject_MakeTpCall in <CONDA_ENV_PREFIX>/bin/python
47# _PyEval_EvalFrameDefault in <CONDA_ENV_PREFIX>/bin/python
48# _PyFunction_Vectorcall in <CONDA_ENV_PREFIX>/bin/python
49# 0x00005637EFE5EA1D in <CONDA_ENV_PREFIX>/bin/python
50# _PyObject_MakeTpCall in <CONDA_ENV_PREFIX>/bin/python
51# _PyEval_EvalFrameDefault in <CONDA_ENV_PREFIX>/bin/python
52# 0x00005637EFEE9B0D in <CONDA_ENV_PREFIX>/bin/python
53# PyEval_EvalCode in <CONDA_ENV_PREFIX>/bin/python
54# 0x00005637EFF071AA in <CONDA_ENV_PREFIX>/bin/python
55# 0x00005637EFF02E33 in <CONDA_ENV_PREFIX>/bin/python
56# 0x00005637EFF183D0 in <CONDA_ENV_PREFIX>/bin/python
57# _PyRun_SimpleFileObject in <CONDA_ENV_PREFIX>/bin/python
58# _PyRun_AnyFileObject in <CONDA_ENV_PREFIX>/bin/python
59# Py_RunMain in <CONDA_ENV_PREFIX>/bin/python
60# Py_BytesMain in <CONDA_ENV_PREFIX>/bin/python
61# 0x00007F5FD2B61D90 in /lib/x86_64-linux-gnu/libc.so.6
62# __libc_start_main in /lib/x86_64-linux-gnu/libc.so.6
63# 0x00005637EFED937A in <CONDA_ENV_PREFIX>/bin/python
----------
****

[20:28:30] UFFTYPER: Unrecognized atom type: S_5+6 (2)
[20:28:30] UFFTYPER: Unrecognized atom type: S_5+6 (2)
[20:28:30] 

****
Pre-condition Violation
bad params pointer
Violation occurred on line 79 in file /home/conda/feedstock_root/build_artifacts/rdkit-meta_1745736747213/work/Code/ForceField/UFF/AngleBend.cpp
Failed Expression: at2Params
----------
Stacktrace:
 0# Invar::Invariant::toString[abi:cxx11]() const in <CONDA_ENV_PREFIX>/lib/python3.11/site-packages/rdkit/../../../libRDKitRDGeneral.so.1
 1# Invar::operator<<(std::ostream&, Invar::Invariant const&) in <CONDA_ENV_PREFIX>/lib/python3.11/site-packages/rdkit/../../../libRDKitRDGeneral.so.1
 2# ForceFields::UFF::AngleBendContrib::AngleBendContrib(ForceFields::ForceField*, unsigned int, unsigned int, unsigned int, double, double, ForceFields::UFF::AtomicParams const*, ForceFields::UFF::AtomicParams const*, ForceFields::UFF::AtomicParams const*, unsigned int) in <CONDA_ENV_PREFIX>/lib/python3.11/site-packages/rdkit/ForceField/../../../../libRDKitForceField.so.1
 3# RDKit::UFF::Tools::addTrigonalBipyramidAngles(RDKit::Atom const*, RDKit::ROMol const&, int, std::vector<ForceFields::UFF::AtomicParams const*, std::allocator<ForceFields::UFF::AtomicParams const*> > const&, ForceFields::ForceField*) in <CONDA_ENV_PREFIX>/lib/python3.11/site-packages/rdkit/ForceField/../../../../libRDKitForceFieldHelpers.so.1
 4# RDKit::UFF::Tools::addAngleSpecialCases(RDKit::ROMol const&, int, std::vector<ForceFields::UFF::AtomicParams const*, std::allocator<ForceFields::UFF::AtomicParams const*> > const&, ForceFields::ForceField*) in <CONDA_ENV_PREFIX>/lib/python3.11/site-packages/rdkit/ForceField/../../../../libRDKitForceFieldHelpers.so.1
 5# RDKit::UFF::constructForceField(RDKit::ROMol&, std::vector<ForceFields::UFF::AtomicParams const*, std::allocator<ForceFields::UFF::AtomicParams const*> > const&, double, int, bool) in <CONDA_ENV_PREFIX>/lib/python3.11/site-packages/rdkit/ForceField/../../../../libRDKitForceFieldHelpers.so.1
 6# RDKit::UFF::constructForceField(RDKit::ROMol&, double, int, bool) in <CONDA_ENV_PREFIX>/lib/python3.11/site-packages/rdkit/ForceField/../../../../libRDKitForceFieldHelpers.so.1
 7# RDKit::UFFHelper(RDKit::ROMol&, int, double, int, bool) in <CONDA_ENV_PREFIX>/lib/python3.11/site-packages/rdkit/Chem/rdForceFieldHelpers.so
 8# 0x00007F5FC1F8403D in <CONDA_ENV_PREFIX>/lib/python3.11/site-packages/rdkit/Chem/rdForceFieldHelpers.so
 9# boost::python::objects::function::call(_object*, _object*) const in <CONDA_ENV_PREFIX>/lib/python3.11/site-packages/rdkit/../../../libboost_python311.so.1.86.0
10# 0x00007F5FC3EDD449 in <CONDA_ENV_PREFIX>/lib/python3.11/site-packages/rdkit/../../../libboost_python311.so.1.86.0
11# boost::python::detail::exception_handler::operator()(boost::function_n<void> const&) const in <CONDA_ENV_PREFIX>/lib/python3.11/site-packages/rdkit/../../../libboost_python311.so.1.86.0
12# 0x00007F5FC1C3DC04 in <CONDA_ENV_PREFIX>/lib/python3.11/site-packages/rdkit/Chem/rdSLNParse.so
13# 0x00007F5FC202B354 in <CONDA_ENV_PREFIX>/lib/python3.11/site-packages/rdkit/Chem/rdDepictor.so
14# 0x00007F5FC22C9DD4 in <CONDA_ENV_PREFIX>/lib/python3.11/site-packages/rdkit/Chem/rdChemReactions.so
15# 0x00007F5FC22C9E24 in <CONDA_ENV_PREFIX>/lib/python3.11/site-packages/rdkit/Chem/rdChemReactions.so
16# 0x00007F5FC2442B94 in <CONDA_ENV_PREFIX>/lib/python3.11/site-packages/rdkit/Chem/rdMolChemicalFeatures.so
17# 0x00007F5FC2EBA9B4 in <CONDA_ENV_PREFIX>/lib/python3.11/site-packages/rdkit/Chem/rdmolfiles.so
18# 0x00007F5FC2EBAA04 in <CONDA_ENV_PREFIX>/lib/python3.11/site-packages/rdkit/Chem/rdmolfiles.so
19# 0x00007F5FC2FD4B04 in <CONDA_ENV_PREFIX>/lib/python3.11/site-packages/rdkit/Chem/rdCIPLabeler.so
20# 0x00007F5FC39A9174 in <CONDA_ENV_PREFIX>/lib/python3.11/site-packages/rdkit/Chem/rdchem.so
21# 0x00007F5FC393DAAD in <CONDA_ENV_PREFIX>/lib/python3.11/site-packages/rdkit/Chem/rdchem.so
22# 0x00007F5FC393D6AD in <CONDA_ENV_PREFIX>/lib/python3.11/site-packages/rdkit/Chem/rdchem.so
23# 0x00007F5FC393D2AD in <CONDA_ENV_PREFIX>/lib/python3.11/site-packages/rdkit/Chem/rdchem.so
24# 0x00007F5FC393CEAD in <CONDA_ENV_PREFIX>/lib/python3.11/site-packages/rdkit/Chem/rdchem.so
25# 0x00007F5FC393CAAD in <CONDA_ENV_PREFIX>/lib/python3.11/site-packages/rdkit/Chem/rdchem.so
26# 0x00007F5FC3FB1E54 in <CONDA_ENV_PREFIX>/lib/python3.11/site-packages/rdkit/rdBase.so
27# 0x00007F5FC3FB1EA4 in <CONDA_ENV_PREFIX>/lib/python3.11/site-packages/rdkit/rdBase.so
28# 0x00007F5FC3FB1EF4 in <CONDA_ENV_PREFIX>/lib/python3.11/site-packages/rdkit/rdBase.so
29# 0x00007F5FC3FB1F44 in <CONDA_ENV_PREFIX>/lib/python3.11/site-packages/rdkit/rdBase.so
30# boost::python::handle_exception_impl(boost::function_n<void>) in <CONDA_ENV_PREFIX>/lib/python3.11/site-packages/rdkit/../../../libboost_python311.so.1.86.0
31# 0x00007F5FC3EDA9B3 in <CONDA_ENV_PREFIX>/lib/python3.11/site-packages/rdkit/../../../libboost_python311.so.1.86.0
32# _PyObject_MakeTpCall in <CONDA_ENV_PREFIX>/bin/python
33# _PyEval_EvalFrameDefault in <CONDA_ENV_PREFIX>/bin/python
34# _PyFunction_Vectorcall in <CONDA_ENV_PREFIX>/bin/python
35# 0x00005637EFF5CC50 in <CONDA_ENV_PREFIX>/bin/python
36# 0x00005637EFE72745 in <CONDA_ENV_PREFIX>/bin/python
37# 0x00005637EFEA31AA in <CONDA_ENV_PREFIX>/bin/python
38# PyObject_Vectorcall in <CONDA_ENV_PREFIX>/bin/python
39# _PyEval_EvalFrameDefault in <CONDA_ENV_PREFIX>/bin/python
40# _PyFunction_Vectorcall in <CONDA_ENV_PREFIX>/bin/python
41# _PyEval_EvalFrameDefault in <CONDA_ENV_PREFIX>/bin/python
42# _PyFunction_Vectorcall in <CONDA_ENV_PREFIX>/bin/python
43# _PyEval_EvalFrameDefault in <CONDA_ENV_PREFIX>/bin/python
44# _PyFunction_Vectorcall in <CONDA_ENV_PREFIX>/bin/python
45# 0x00005637EFE5E979 in <CONDA_ENV_PREFIX>/bin/python
46# _PyObject_MakeTpCall in <CONDA_ENV_PREFIX>/bin/python
47# _PyEval_EvalFrameDefault in <CONDA_ENV_PREFIX>/bin/python
48# _PyFunction_Vectorcall in <CONDA_ENV_PREFIX>/bin/python
49# 0x00005637EFE5EA1D in <CONDA_ENV_PREFIX>/bin/python
50# _PyObject_MakeTpCall in <CONDA_ENV_PREFIX>/bin/python
51# _PyEval_EvalFrameDefault in <CONDA_ENV_PREFIX>/bin/python
52# 0x00005637EFEE9B0D in <CONDA_ENV_PREFIX>/bin/python
53# PyEval_EvalCode in <CONDA_ENV_PREFIX>/bin/python
54# 0x00005637EFF071AA in <CONDA_ENV_PREFIX>/bin/python
55# 0x00005637EFF02E33 in <CONDA_ENV_PREFIX>/bin/python
56# 0x00005637EFF183D0 in <CONDA_ENV_PREFIX>/bin/python
57# _PyRun_SimpleFileObject in <CONDA_ENV_PREFIX>/bin/python
58# _PyRun_AnyFileObject in <CONDA_ENV_PREFIX>/bin/python
59# Py_RunMain in <CONDA_ENV_PREFIX>/bin/python
60# Py_BytesMain in <CONDA_ENV_PREFIX>/bin/python
61# 0x00007F5FD2B61D90 in /lib/x86_64-linux-gnu/libc.so.6
62# __libc_start_main in /lib/x86_64-linux-gnu/libc.so.6
63# 0x00005637EFED937A in <CONDA_ENV_PREFIX>/bin/python
----------
****

[20:28:31] UFFTYPER: Unrecognized atom type: S_5+6 (2)
[20:28:31] UFFTYPER: Unrecognized atom type: S_5+6 (2)
[20:28:31] 

****
Pre-condition Violation
bad params pointer
Violation occurred on line 79 in file /home/conda/feedstock_root/build_artifacts/rdkit-meta_1745736747213/work/Code/ForceField/UFF/AngleBend.cpp
Failed Expression: at2Params
----------
Stacktrace:
 0# Invar::Invariant::toString[abi:cxx11]() const in <CONDA_ENV_PREFIX>/lib/python3.11/site-packages/rdkit/../../../libRDKitRDGeneral.so.1
 1# Invar::operator<<(std::ostream&, Invar::Invariant const&) in <CONDA_ENV_PREFIX>/lib/python3.11/site-packages/rdkit/../../../libRDKitRDGeneral.so.1
 2# ForceFields::UFF::AngleBendContrib::AngleBendContrib(ForceFields::ForceField*, unsigned int, unsigned int, unsigned int, double, double, ForceFields::UFF::AtomicParams const*, ForceFields::UFF::AtomicParams const*, ForceFields::UFF::AtomicParams const*, unsigned int) in <CONDA_ENV_PREFIX>/lib/python3.11/site-packages/rdkit/ForceField/../../../../libRDKitForceField.so.1
 3# RDKit::UFF::Tools::addTrigonalBipyramidAngles(RDKit::Atom const*, RDKit::ROMol const&, int, std::vector<ForceFields::UFF::AtomicParams const*, std::allocator<ForceFields::UFF::AtomicParams const*> > const&, ForceFields::ForceField*) in <CONDA_ENV_PREFIX>/lib/python3.11/site-packages/rdkit/ForceField/../../../../libRDKitForceFieldHelpers.so.1
 4# RDKit::UFF::Tools::addAngleSpecialCases(RDKit::ROMol const&, int, std::vector<ForceFields::UFF::AtomicParams const*, std::allocator<ForceFields::UFF::AtomicParams const*> > const&, ForceFields::ForceField*) in <CONDA_ENV_PREFIX>/lib/python3.11/site-packages/rdkit/ForceField/../../../../libRDKitForceFieldHelpers.so.1
 5# RDKit::UFF::constructForceField(RDKit::ROMol&, std::vector<ForceFields::UFF::AtomicParams const*, std::allocator<ForceFields::UFF::AtomicParams const*> > const&, double, int, bool) in <CONDA_ENV_PREFIX>/lib/python3.11/site-packages/rdkit/ForceField/../../../../libRDKitForceFieldHelpers.so.1
 6# RDKit::UFF::constructForceField(RDKit::ROMol&, double, int, bool) in <CONDA_ENV_PREFIX>/lib/python3.11/site-packages/rdkit/ForceField/../../../../libRDKitForceFieldHelpers.so.1
 7# RDKit::UFFHelper(RDKit::ROMol&, int, double, int, bool) in <CONDA_ENV_PREFIX>/lib/python3.11/site-packages/rdkit/Chem/rdForceFieldHelpers.so
 8# 0x00007F5FC1F8403D in <CONDA_ENV_PREFIX>/lib/python3.11/site-packages/rdkit/Chem/rdForceFieldHelpers.so
 9# boost::python::objects::function::call(_object*, _object*) const in <CONDA_ENV_PREFIX>/lib/python3.11/site-packages/rdkit/../../../libboost_python311.so.1.86.0
10# 0x00007F5FC3EDD449 in <CONDA_ENV_PREFIX>/lib/python3.11/site-packages/rdkit/../../../libboost_python311.so.1.86.0
11# boost::python::detail::exception_handler::operator()(boost::function_n<void> const&) const in <CONDA_ENV_PREFIX>/lib/python3.11/site-packages/rdkit/../../../libboost_python311.so.1.86.0
12# 0x00007F5FC1C3DC04 in <CONDA_ENV_PREFIX>/lib/python3.11/site-packages/rdkit/Chem/rdSLNParse.so
13# 0x00007F5FC202B354 in <CONDA_ENV_PREFIX>/lib/python3.11/site-packages/rdkit/Chem/rdDepictor.so
14# 0x00007F5FC22C9DD4 in <CONDA_ENV_PREFIX>/lib/python3.11/site-packages/rdkit/Chem/rdChemReactions.so
15# 0x00007F5FC22C9E24 in <CONDA_ENV_PREFIX>/lib/python3.11/site-packages/rdkit/Chem/rdChemReactions.so
16# 0x00007F5FC2442B94 in <CONDA_ENV_PREFIX>/lib/python3.11/site-packages/rdkit/Chem/rdMolChemicalFeatures.so
17# 0x00007F5FC2EBA9B4 in <CONDA_ENV_PREFIX>/lib/python3.11/site-packages/rdkit/Chem/rdmolfiles.so
18# 0x00007F5FC2EBAA04 in <CONDA_ENV_PREFIX>/lib/python3.11/site-packages/rdkit/Chem/rdmolfiles.so
19# 0x00007F5FC2FD4B04 in <CONDA_ENV_PREFIX>/lib/python3.11/site-packages/rdkit/Chem/rdCIPLabeler.so
20# 0x00007F5FC39A9174 in <CONDA_ENV_PREFIX>/lib/python3.11/site-packages/rdkit/Chem/rdchem.so
21# 0x00007F5FC393DAAD in <CONDA_ENV_PREFIX>/lib/python3.11/site-packages/rdkit/Chem/rdchem.so
22# 0x00007F5FC393D6AD in <CONDA_ENV_PREFIX>/lib/python3.11/site-packages/rdkit/Chem/rdchem.so
23# 0x00007F5FC393D2AD in <CONDA_ENV_PREFIX>/lib/python3.11/site-packages/rdkit/Chem/rdchem.so
24# 0x00007F5FC393CEAD in <CONDA_ENV_PREFIX>/lib/python3.11/site-packages/rdkit/Chem/rdchem.so
25# 0x00007F5FC393CAAD in <CONDA_ENV_PREFIX>/lib/python3.11/site-packages/rdkit/Chem/rdchem.so
26# 0x00007F5FC3FB1E54 in <CONDA_ENV_PREFIX>/lib/python3.11/site-packages/rdkit/rdBase.so
27# 0x00007F5FC3FB1EA4 in <CONDA_ENV_PREFIX>/lib/python3.11/site-packages/rdkit/rdBase.so
28# 0x00007F5FC3FB1EF4 in <CONDA_ENV_PREFIX>/lib/python3.11/site-packages/rdkit/rdBase.so
29# 0x00007F5FC3FB1F44 in <CONDA_ENV_PREFIX>/lib/python3.11/site-packages/rdkit/rdBase.so
30# boost::python::handle_exception_impl(boost::function_n<void>) in <CONDA_ENV_PREFIX>/lib/python3.11/site-packages/rdkit/../../../libboost_python311.so.1.86.0
31# 0x00007F5FC3EDA9B3 in <CONDA_ENV_PREFIX>/lib/python3.11/site-packages/rdkit/../../../libboost_python311.so.1.86.0
32# _PyObject_MakeTpCall in <CONDA_ENV_PREFIX>/bin/python
33# _PyEval_EvalFrameDefault in <CONDA_ENV_PREFIX>/bin/python
34# _PyFunction_Vectorcall in <CONDA_ENV_PREFIX>/bin/python
35# 0x00005637EFF5CC50 in <CONDA_ENV_PREFIX>/bin/python
36# 0x00005637EFE72745 in <CONDA_ENV_PREFIX>/bin/python
37# 0x00005637EFEA31AA in <CONDA_ENV_PREFIX>/bin/python
38# PyObject_Vectorcall in <CONDA_ENV_PREFIX>/bin/python
39# _PyEval_EvalFrameDefault in <CONDA_ENV_PREFIX>/bin/python
40# _PyFunction_Vectorcall in <CONDA_ENV_PREFIX>/bin/python
41# _PyEval_EvalFrameDefault in <CONDA_ENV_PREFIX>/bin/python
42# _PyFunction_Vectorcall in <CONDA_ENV_PREFIX>/bin/python
43# _PyEval_EvalFrameDefault in <CONDA_ENV_PREFIX>/bin/python
44# _PyFunction_Vectorcall in <CONDA_ENV_PREFIX>/bin/python
45# 0x00005637EFE5E979 in <CONDA_ENV_PREFIX>/bin/python
46# _PyObject_MakeTpCall in <CONDA_ENV_PREFIX>/bin/python
47# _PyEval_EvalFrameDefault in <CONDA_ENV_PREFIX>/bin/python
48# _PyFunction_Vectorcall in <CONDA_ENV_PREFIX>/bin/python
49# 0x00005637EFE5EA1D in <CONDA_ENV_PREFIX>/bin/python
50# _PyObject_MakeTpCall in <CONDA_ENV_PREFIX>/bin/python
51# _PyEval_EvalFrameDefault in <CONDA_ENV_PREFIX>/bin/python
52# 0x00005637EFEE9B0D in <CONDA_ENV_PREFIX>/bin/python
53# PyEval_EvalCode in <CONDA_ENV_PREFIX>/bin/python
54# 0x00005637EFF071AA in <CONDA_ENV_PREFIX>/bin/python
55# 0x00005637EFF02E33 in <CONDA_ENV_PREFIX>/bin/python
56# 0x00005637EFF183D0 in <CONDA_ENV_PREFIX>/bin/python
57# _PyRun_SimpleFileObject in <CONDA_ENV_PREFIX>/bin/python
58# _PyRun_AnyFileObject in <CONDA_ENV_PREFIX>/bin/python
59# Py_RunMain in <CONDA_ENV_PREFIX>/bin/python
60# Py_BytesMain in <CONDA_ENV_PREFIX>/bin/python
61# 0x00007F5FD2B61D90 in /lib/x86_64-linux-gnu/libc.so.6
62# __libc_start_main in /lib/x86_64-linux-gnu/libc.so.6
63# 0x00005637EFED937A in <CONDA_ENV_PREFIX>/bin/python
----------
****

[20:28:32] UFFTYPER: Unrecognized atom type: S_5+6 (2)
[20:28:32] UFFTYPER: Unrecognized atom type: S_5+6 (2)
[20:28:32] 

****
Pre-condition Violation
bad params pointer
Violation occurred on line 79 in file /home/conda/feedstock_root/build_artifacts/rdkit-meta_1745736747213/work/Code/ForceField/UFF/AngleBend.cpp
Failed Expression: at2Params
----------
Stacktrace:
 0# Invar::Invariant::toString[abi:cxx11]() const in <CONDA_ENV_PREFIX>/lib/python3.11/site-packages/rdkit/../../../libRDKitRDGeneral.so.1
 1# Invar::operator<<(std::ostream&, Invar::Invariant const&) in <CONDA_ENV_PREFIX>/lib/python3.11/site-packages/rdkit/../../../libRDKitRDGeneral.so.1
 2# ForceFields::UFF::AngleBendContrib::AngleBendContrib(ForceFields::ForceField*, unsigned int, unsigned int, unsigned int, double, double, ForceFields::UFF::AtomicParams const*, ForceFields::UFF::AtomicParams const*, ForceFields::UFF::AtomicParams const*, unsigned int) in <CONDA_ENV_PREFIX>/lib/python3.11/site-packages/rdkit/ForceField/../../../../libRDKitForceField.so.1
 3# RDKit::UFF::Tools::addTrigonalBipyramidAngles(RDKit::Atom const*, RDKit::ROMol const&, int, std::vector<ForceFields::UFF::AtomicParams const*, std::allocator<ForceFields::UFF::AtomicParams const*> > const&, ForceFields::ForceField*) in <CONDA_ENV_PREFIX>/lib/python3.11/site-packages/rdkit/ForceField/../../../../libRDKitForceFieldHelpers.so.1
 4# RDKit::UFF::Tools::addAngleSpecialCases(RDKit::ROMol const&, int, std::vector<ForceFields::UFF::AtomicParams const*, std::allocator<ForceFields::UFF::AtomicParams const*> > const&, ForceFields::ForceField*) in <CONDA_ENV_PREFIX>/lib/python3.11/site-packages/rdkit/ForceField/../../../../libRDKitForceFieldHelpers.so.1
 5# RDKit::UFF::constructForceField(RDKit::ROMol&, std::vector<ForceFields::UFF::AtomicParams const*, std::allocator<ForceFields::UFF::AtomicParams const*> > const&, double, int, bool) in <CONDA_ENV_PREFIX>/lib/python3.11/site-packages/rdkit/ForceField/../../../../libRDKitForceFieldHelpers.so.1
 6# RDKit::UFF::constructForceField(RDKit::ROMol&, double, int, bool) in <CONDA_ENV_PREFIX>/lib/python3.11/site-packages/rdkit/ForceField/../../../../libRDKitForceFieldHelpers.so.1
 7# RDKit::UFFHelper(RDKit::ROMol&, int, double, int, bool) in <CONDA_ENV_PREFIX>/lib/python3.11/site-packages/rdkit/Chem/rdForceFieldHelpers.so
 8# 0x00007F5FC1F8403D in <CONDA_ENV_PREFIX>/lib/python3.11/site-packages/rdkit/Chem/rdForceFieldHelpers.so
 9# boost::python::objects::function::call(_object*, _object*) const in <CONDA_ENV_PREFIX>/lib/python3.11/site-packages/rdkit/../../../libboost_python311.so.1.86.0
10# 0x00007F5FC3EDD449 in <CONDA_ENV_PREFIX>/lib/python3.11/site-packages/rdkit/../../../libboost_python311.so.1.86.0
11# boost::python::detail::exception_handler::operator()(boost::function_n<void> const&) const in <CONDA_ENV_PREFIX>/lib/python3.11/site-packages/rdkit/../../../libboost_python311.so.1.86.0
12# 0x00007F5FC1C3DC04 in <CONDA_ENV_PREFIX>/lib/python3.11/site-packages/rdkit/Chem/rdSLNParse.so
13# 0x00007F5FC202B354 in <CONDA_ENV_PREFIX>/lib/python3.11/site-packages/rdkit/Chem/rdDepictor.so
14# 0x00007F5FC22C9DD4 in <CONDA_ENV_PREFIX>/lib/python3.11/site-packages/rdkit/Chem/rdChemReactions.so
15# 0x00007F5FC22C9E24 in <CONDA_ENV_PREFIX>/lib/python3.11/site-packages/rdkit/Chem/rdChemReactions.so
16# 0x00007F5FC2442B94 in <CONDA_ENV_PREFIX>/lib/python3.11/site-packages/rdkit/Chem/rdMolChemicalFeatures.so
17# 0x00007F5FC2EBA9B4 in <CONDA_ENV_PREFIX>/lib/python3.11/site-packages/rdkit/Chem/rdmolfiles.so
18# 0x00007F5FC2EBAA04 in <CONDA_ENV_PREFIX>/lib/python3.11/site-packages/rdkit/Chem/rdmolfiles.so
19# 0x00007F5FC2FD4B04 in <CONDA_ENV_PREFIX>/lib/python3.11/site-packages/rdkit/Chem/rdCIPLabeler.so
20# 0x00007F5FC39A9174 in <CONDA_ENV_PREFIX>/lib/python3.11/site-packages/rdkit/Chem/rdchem.so
21# 0x00007F5FC393DAAD in <CONDA_ENV_PREFIX>/lib/python3.11/site-packages/rdkit/Chem/rdchem.so
22# 0x00007F5FC393D6AD in <CONDA_ENV_PREFIX>/lib/python3.11/site-packages/rdkit/Chem/rdchem.so
23# 0x00007F5FC393D2AD in <CONDA_ENV_PREFIX>/lib/python3.11/site-packages/rdkit/Chem/rdchem.so
24# 0x00007F5FC393CEAD in <CONDA_ENV_PREFIX>/lib/python3.11/site-packages/rdkit/Chem/rdchem.so
25# 0x00007F5FC393CAAD in <CONDA_ENV_PREFIX>/lib/python3.11/site-packages/rdkit/Chem/rdchem.so
26# 0x00007F5FC3FB1E54 in <CONDA_ENV_PREFIX>/lib/python3.11/site-packages/rdkit/rdBase.so
27# 0x00007F5FC3FB1EA4 in <CONDA_ENV_PREFIX>/lib/python3.11/site-packages/rdkit/rdBase.so
28# 0x00007F5FC3FB1EF4 in <CONDA_ENV_PREFIX>/lib/python3.11/site-packages/rdkit/rdBase.so
29# 0x00007F5FC3FB1F44 in <CONDA_ENV_PREFIX>/lib/python3.11/site-packages/rdkit/rdBase.so
30# boost::python::handle_exception_impl(boost::function_n<void>) in <CONDA_ENV_PREFIX>/lib/python3.11/site-packages/rdkit/../../../libboost_python311.so.1.86.0
31# 0x00007F5FC3EDA9B3 in <CONDA_ENV_PREFIX>/lib/python3.11/site-packages/rdkit/../../../libboost_python311.so.1.86.0
32# _PyObject_MakeTpCall in <CONDA_ENV_PREFIX>/bin/python
33# _PyEval_EvalFrameDefault in <CONDA_ENV_PREFIX>/bin/python
34# _PyFunction_Vectorcall in <CONDA_ENV_PREFIX>/bin/python
35# 0x00005637EFF5CC50 in <CONDA_ENV_PREFIX>/bin/python
36# 0x00005637EFE72745 in <CONDA_ENV_PREFIX>/bin/python
37# 0x00005637EFEA31AA in <CONDA_ENV_PREFIX>/bin/python
38# PyObject_Vectorcall in <CONDA_ENV_PREFIX>/bin/python
39# _PyEval_EvalFrameDefault in <CONDA_ENV_PREFIX>/bin/python
40# _PyFunction_Vectorcall in <CONDA_ENV_PREFIX>/bin/python
41# _PyEval_EvalFrameDefault in <CONDA_ENV_PREFIX>/bin/python
42# _PyFunction_Vectorcall in <CONDA_ENV_PREFIX>/bin/python
43# _PyEval_EvalFrameDefault in <CONDA_ENV_PREFIX>/bin/python
44# _PyFunction_Vectorcall in <CONDA_ENV_PREFIX>/bin/python
45# 0x00005637EFE5E979 in <CONDA_ENV_PREFIX>/bin/python
46# _PyObject_MakeTpCall in <CONDA_ENV_PREFIX>/bin/python
47# _PyEval_EvalFrameDefault in <CONDA_ENV_PREFIX>/bin/python
48# _PyFunction_Vectorcall in <CONDA_ENV_PREFIX>/bin/python
49# 0x00005637EFE5EA1D in <CONDA_ENV_PREFIX>/bin/python
50# _PyObject_MakeTpCall in <CONDA_ENV_PREFIX>/bin/python
51# _PyEval_EvalFrameDefault in <CONDA_ENV_PREFIX>/bin/python
52# 0x00005637EFEE9B0D in <CONDA_ENV_PREFIX>/bin/python
53# PyEval_EvalCode in <CONDA_ENV_PREFIX>/bin/python
54# 0x00005637EFF071AA in <CONDA_ENV_PREFIX>/bin/python
55# 0x00005637EFF02E33 in <CONDA_ENV_PREFIX>/bin/python
56# 0x00005637EFF183D0 in <CONDA_ENV_PREFIX>/bin/python
57# _PyRun_SimpleFileObject in <CONDA_ENV_PREFIX>/bin/python
58# _PyRun_AnyFileObject in <CONDA_ENV_PREFIX>/bin/python
59# Py_RunMain in <CONDA_ENV_PREFIX>/bin/python
60# Py_BytesMain in <CONDA_ENV_PREFIX>/bin/python
61# 0x00007F5FD2B61D90 in /lib/x86_64-linux-gnu/libc.so.6
62# __libc_start_main in /lib/x86_64-linux-gnu/libc.so.6
63# 0x00005637EFED937A in <CONDA_ENV_PREFIX>/bin/python
----------
****

[20:28:33] UFFTYPER: Unrecognized atom type: S_5+6 (2)
[20:28:33] UFFTYPER: Unrecognized atom type: S_5+6 (2)
[20:28:33] 

****
Pre-condition Violation
bad params pointer
Violation occurred on line 79 in file /home/conda/feedstock_root/build_artifacts/rdkit-meta_1745736747213/work/Code/ForceField/UFF/AngleBend.cpp
Failed Expression: at2Params
----------
Stacktrace:
 0# Invar::Invariant::toString[abi:cxx11]() const in <CONDA_ENV_PREFIX>/lib/python3.11/site-packages/rdkit/../../../libRDKitRDGeneral.so.1
 1# Invar::operator<<(std::ostream&, Invar::Invariant const&) in <CONDA_ENV_PREFIX>/lib/python3.11/site-packages/rdkit/../../../libRDKitRDGeneral.so.1
 2# ForceFields::UFF::AngleBendContrib::AngleBendContrib(ForceFields::ForceField*, unsigned int, unsigned int, unsigned int, double, double, ForceFields::UFF::AtomicParams const*, ForceFields::UFF::AtomicParams const*, ForceFields::UFF::AtomicParams const*, unsigned int) in <CONDA_ENV_PREFIX>/lib/python3.11/site-packages/rdkit/ForceField/../../../../libRDKitForceField.so.1
 3# RDKit::UFF::Tools::addTrigonalBipyramidAngles(RDKit::Atom const*, RDKit::ROMol const&, int, std::vector<ForceFields::UFF::AtomicParams const*, std::allocator<ForceFields::UFF::AtomicParams const*> > const&, ForceFields::ForceField*) in <CONDA_ENV_PREFIX>/lib/python3.11/site-packages/rdkit/ForceField/../../../../libRDKitForceFieldHelpers.so.1
 4# RDKit::UFF::Tools::addAngleSpecialCases(RDKit::ROMol const&, int, std::vector<ForceFields::UFF::AtomicParams const*, std::allocator<ForceFields::UFF::AtomicParams const*> > const&, ForceFields::ForceField*) in <CONDA_ENV_PREFIX>/lib/python3.11/site-packages/rdkit/ForceField/../../../../libRDKitForceFieldHelpers.so.1
 5# RDKit::UFF::constructForceField(RDKit::ROMol&, std::vector<ForceFields::UFF::AtomicParams const*, std::allocator<ForceFields::UFF::AtomicParams const*> > const&, double, int, bool) in <CONDA_ENV_PREFIX>/lib/python3.11/site-packages/rdkit/ForceField/../../../../libRDKitForceFieldHelpers.so.1
 6# RDKit::UFF::constructForceField(RDKit::ROMol&, double, int, bool) in <CONDA_ENV_PREFIX>/lib/python3.11/site-packages/rdkit/ForceField/../../../../libRDKitForceFieldHelpers.so.1
 7# RDKit::UFFHelper(RDKit::ROMol&, int, double, int, bool) in <CONDA_ENV_PREFIX>/lib/python3.11/site-packages/rdkit/Chem/rdForceFieldHelpers.so
 8# 0x00007F5FC1F8403D in <CONDA_ENV_PREFIX>/lib/python3.11/site-packages/rdkit/Chem/rdForceFieldHelpers.so
 9# boost::python::objects::function::call(_object*, _object*) const in <CONDA_ENV_PREFIX>/lib/python3.11/site-packages/rdkit/../../../libboost_python311.so.1.86.0
10# 0x00007F5FC3EDD449 in <CONDA_ENV_PREFIX>/lib/python3.11/site-packages/rdkit/../../../libboost_python311.so.1.86.0
11# boost::python::detail::exception_handler::operator()(boost::function_n<void> const&) const in <CONDA_ENV_PREFIX>/lib/python3.11/site-packages/rdkit/../../../libboost_python311.so.1.86.0
12# 0x00007F5FC1C3DC04 in <CONDA_ENV_PREFIX>/lib/python3.11/site-packages/rdkit/Chem/rdSLNParse.so
13# 0x00007F5FC202B354 in <CONDA_ENV_PREFIX>/lib/python3.11/site-packages/rdkit/Chem/rdDepictor.so
14# 0x00007F5FC22C9DD4 in <CONDA_ENV_PREFIX>/lib/python3.11/site-packages/rdkit/Chem/rdChemReactions.so
15# 0x00007F5FC22C9E24 in <CONDA_ENV_PREFIX>/lib/python3.11/site-packages/rdkit/Chem/rdChemReactions.so
16# 0x00007F5FC2442B94 in <CONDA_ENV_PREFIX>/lib/python3.11/site-packages/rdkit/Chem/rdMolChemicalFeatures.so
17# 0x00007F5FC2EBA9B4 in <CONDA_ENV_PREFIX>/lib/python3.11/site-packages/rdkit/Chem/rdmolfiles.so
18# 0x00007F5FC2EBAA04 in <CONDA_ENV_PREFIX>/lib/python3.11/site-packages/rdkit/Chem/rdmolfiles.so
19# 0x00007F5FC2FD4B04 in <CONDA_ENV_PREFIX>/lib/python3.11/site-packages/rdkit/Chem/rdCIPLabeler.so
20# 0x00007F5FC39A9174 in <CONDA_ENV_PREFIX>/lib/python3.11/site-packages/rdkit/Chem/rdchem.so
21# 0x00007F5FC393DAAD in <CONDA_ENV_PREFIX>/lib/python3.11/site-packages/rdkit/Chem/rdchem.so
22# 0x00007F5FC393D6AD in <CONDA_ENV_PREFIX>/lib/python3.11/site-packages/rdkit/Chem/rdchem.so
23# 0x00007F5FC393D2AD in <CONDA_ENV_PREFIX>/lib/python3.11/site-packages/rdkit/Chem/rdchem.so
24# 0x00007F5FC393CEAD in <CONDA_ENV_PREFIX>/lib/python3.11/site-packages/rdkit/Chem/rdchem.so
25# 0x00007F5FC393CAAD in <CONDA_ENV_PREFIX>/lib/python3.11/site-packages/rdkit/Chem/rdchem.so
26# 0x00007F5FC3FB1E54 in <CONDA_ENV_PREFIX>/lib/python3.11/site-packages/rdkit/rdBase.so
27# 0x00007F5FC3FB1EA4 in <CONDA_ENV_PREFIX>/lib/python3.11/site-packages/rdkit/rdBase.so
28# 0x00007F5FC3FB1EF4 in <CONDA_ENV_PREFIX>/lib/python3.11/site-packages/rdkit/rdBase.so
29# 0x00007F5FC3FB1F44 in <CONDA_ENV_PREFIX>/lib/python3.11/site-packages/rdkit/rdBase.so
30# boost::python::handle_exception_impl(boost::function_n<void>) in <CONDA_ENV_PREFIX>/lib/python3.11/site-packages/rdkit/../../../libboost_python311.so.1.86.0
31# 0x00007F5FC3EDA9B3 in <CONDA_ENV_PREFIX>/lib/python3.11/site-packages/rdkit/../../../libboost_python311.so.1.86.0
32# _PyObject_MakeTpCall in <CONDA_ENV_PREFIX>/bin/python
33# _PyEval_EvalFrameDefault in <CONDA_ENV_PREFIX>/bin/python
34# _PyFunction_Vectorcall in <CONDA_ENV_PREFIX>/bin/python
35# 0x00005637EFF5CC50 in <CONDA_ENV_PREFIX>/bin/python
36# 0x00005637EFE72745 in <CONDA_ENV_PREFIX>/bin/python
37# 0x00005637EFEA31AA in <CONDA_ENV_PREFIX>/bin/python
38# PyObject_Vectorcall in <CONDA_ENV_PREFIX>/bin/python
39# _PyEval_EvalFrameDefault in <CONDA_ENV_PREFIX>/bin/python
40# _PyFunction_Vectorcall in <CONDA_ENV_PREFIX>/bin/python
41# _PyEval_EvalFrameDefault in <CONDA_ENV_PREFIX>/bin/python
42# _PyFunction_Vectorcall in <CONDA_ENV_PREFIX>/bin/python
43# _PyEval_EvalFrameDefault in <CONDA_ENV_PREFIX>/bin/python
44# _PyFunction_Vectorcall in <CONDA_ENV_PREFIX>/bin/python
45# 0x00005637EFE5E979 in <CONDA_ENV_PREFIX>/bin/python
46# _PyObject_MakeTpCall in <CONDA_ENV_PREFIX>/bin/python
47# _PyEval_EvalFrameDefault in <CONDA_ENV_PREFIX>/bin/python
48# _PyFunction_Vectorcall in <CONDA_ENV_PREFIX>/bin/python
49# 0x00005637EFE5EA1D in <CONDA_ENV_PREFIX>/bin/python
50# _PyObject_MakeTpCall in <CONDA_ENV_PREFIX>/bin/python
51# _PyEval_EvalFrameDefault in <CONDA_ENV_PREFIX>/bin/python
52# 0x00005637EFEE9B0D in <CONDA_ENV_PREFIX>/bin/python
53# PyEval_EvalCode in <CONDA_ENV_PREFIX>/bin/python
54# 0x00005637EFF071AA in <CONDA_ENV_PREFIX>/bin/python
55# 0x00005637EFF02E33 in <CONDA_ENV_PREFIX>/bin/python
56# 0x00005637EFF183D0 in <CONDA_ENV_PREFIX>/bin/python
57# _PyRun_SimpleFileObject in <CONDA_ENV_PREFIX>/bin/python
58# _PyRun_AnyFileObject in <CONDA_ENV_PREFIX>/bin/python
59# Py_RunMain in <CONDA_ENV_PREFIX>/bin/python
60# Py_BytesMain in <CONDA_ENV_PREFIX>/bin/python
61# 0x00007F5FD2B61D90 in /lib/x86_64-linux-gnu/libc.so.6
62# __libc_start_main in /lib/x86_64-linux-gnu/libc.so.6
63# 0x00005637EFED937A in <CONDA_ENV_PREFIX>/bin/python
----------
****

[20:30:08] [20:30:08] UFFTYPER: Unrecognized atom type: S_5+6 (2UFFTYPER: Unrecognized atom type: )S_5+6 (
2)
[20:30:08] UFFTYPER: Unrecognized atom type: S_5+6 (2)
[20:30:08] 

****
Pre-condition Violation
bad params pointer
Violation occurred on line 79 in file /home/conda/feedstock_root/build_artifacts/rdkit-meta_1745736747213/work/Code/ForceField/UFF/AngleBend.cpp
Failed Expression: at2Params
----------
Stacktrace:
 0# Invar::Invariant::toString[abi:cxx11]() const in <CONDA_ENV_PREFIX>/lib/python3.11/site-packages/rdkit/../../../libRDKitRDGeneral.so.1
 1# Invar::operator<<(std::ostream&, Invar::Invariant const&) in <CONDA_ENV_PREFIX>/lib/python3.11/site-packages/rdkit/../../../libRDKitRDGeneral.so.1
 2# ForceFields::UFF::AngleBendContrib::AngleBendContrib(ForceFields::ForceField*, unsigned int, unsigned int, unsigned int, double, double, ForceFields::UFF::AtomicParams const*, ForceFields::UFF::AtomicParams const*, ForceFields::UFF::AtomicParams const*, unsigned int) in <CONDA_ENV_PREFIX>/lib/python3.11/site-packages/rdkit/ForceField/../../../../libRDKitForceField.so.1
 3# RDKit::UFF::Tools::addTrigonalBipyramidAngles(RDKit::Atom const*, RDKit::ROMol const&, int, std::vector<ForceFields::UFF::AtomicParams const*, std::allocator<ForceFields::UFF::AtomicParams const*> > const&, ForceFields::ForceField*) in <CONDA_ENV_PREFIX>/lib/python3.11/site-packages/rdkit/ForceField/../../../../libRDKitForceFieldHelpers.so.1
 4# RDKit::UFF::Tools::addAngleSpecialCases(RDKit::ROMol const&, int, std::vector<ForceFields::UFF::AtomicParams const*, std::allocator<ForceFields::UFF::AtomicParams const*> > const&, ForceFields::ForceField*) in <CONDA_ENV_PREFIX>/lib/python3.11/site-packages/rdkit/ForceField/../../../../libRDKitForceFieldHelpers.so.1
 5# RDKit::UFF::constructForceField(RDKit::ROMol&, std::vector<ForceFields::UFF::AtomicParams const*, std::allocator<ForceFields::UFF::AtomicParams const*> > const&, double, int, bool) in <CONDA_ENV_PREFIX>/lib/python3.11/site-packages/rdkit/ForceField/../../../../libRDKitForceFieldHelpers.so.1
 6# RDKit::UFF::constructForceField(RDKit::ROMol&, double, int, bool) in <CONDA_ENV_PREFIX>/lib/python3.11/site-packages/rdkit/ForceField/../../../../libRDKitForceFieldHelpers.so.1
 7# RDKit::UFFHelper(RDKit::ROMol&, int, double, int, bool) in <CONDA_ENV_PREFIX>/lib/python3.11/site-packages/rdkit/Chem/rdForceFieldHelpers.so
 8# 0x00007F5FC1F8403D in <CONDA_ENV_PREFIX>/lib/python3.11/site-packages/rdkit/Chem/rdForceFieldHelpers.so
 9# boost::python::objects::function::call(_object*, _object*) const in <CONDA_ENV_PREFIX>/lib/python3.11/site-packages/rdkit/../../../libboost_python311.so.1.86.0
10# 0x00007F5FC3EDD449 in <CONDA_ENV_PREFIX>/lib/python3.11/site-packages/rdkit/../../../libboost_python311.so.1.86.0
11# boost::python::detail::exception_handler::operator()(boost::function_n<void> const&) const in <CONDA_ENV_PREFIX>/lib/python3.11/site-packages/rdkit/../../../libboost_python311.so.1.86.0
12# 0x00007F5FC1C3DC04 in <CONDA_ENV_PREFIX>/lib/python3.11/site-packages/rdkit/Chem/rdSLNParse.so
13# 0x00007F5FC202B354 in <CONDA_ENV_PREFIX>/lib/python3.11/site-packages/rdkit/Chem/rdDepictor.so
14# 0x00007F5FC22C9DD4 in <CONDA_ENV_PREFIX>/lib/python3.11/site-packages/rdkit/Chem/rdChemReactions.so
15# 0x00007F5FC22C9E24 in <CONDA_ENV_PREFIX>/lib/python3.11/site-packages/rdkit/Chem/rdChemReactions.so
16# 0x00007F5FC2442B94 in <CONDA_ENV_PREFIX>/lib/python3.11/site-packages/rdkit/Chem/rdMolChemicalFeatures.so
17# 0x00007F5FC2EBA9B4 in <CONDA_ENV_PREFIX>/lib/python3.11/site-packages/rdkit/Chem/rdmolfiles.so
18# 0x00007F5FC2EBAA04 in <CONDA_ENV_PREFIX>/lib/python3.11/site-packages/rdkit/Chem/rdmolfiles.so
19# 0x00007F5FC2FD4B04 in <CONDA_ENV_PREFIX>/lib/python3.11/site-packages/rdkit/Chem/rdCIPLabeler.so
20# 0x00007F5FC39A9174 in <CONDA_ENV_PREFIX>/lib/python3.11/site-packages/rdkit/Chem/rdchem.so
21# 0x00007F5FC393DAAD in <CONDA_ENV_PREFIX>/lib/python3.11/site-packages/rdkit/Chem/rdchem.so
22# 0x00007F5FC393D6AD in <CONDA_ENV_PREFIX>/lib/python3.11/site-packages/rdkit/Chem/rdchem.so
23# 0x00007F5FC393D2AD in <CONDA_ENV_PREFIX>/lib/python3.11/site-packages/rdkit/Chem/rdchem.so
24# 0x00007F5FC393CEAD in <CONDA_ENV_PREFIX>/lib/python3.11/site-packages/rdkit/Chem/rdchem.so
25# 0x00007F5FC393CAAD in <CONDA_ENV_PREFIX>/lib/python3.11/site-packages/rdkit/Chem/rdchem.so
26# 0x00007F5FC3FB1E54 in <CONDA_ENV_PREFIX>/lib/python3.11/site-packages/rdkit/rdBase.so
27# 0x00007F5FC3FB1EA4 in <CONDA_ENV_PREFIX>/lib/python3.11/site-packages/rdkit/rdBase.so
28# 0x00007F5FC3FB1EF4 in <CONDA_ENV_PREFIX>/lib/python3.11/site-packages/rdkit/rdBase.so
29# 0x00007F5FC3FB1F44 in <CONDA_ENV_PREFIX>/lib/python3.11/site-packages/rdkit/rdBase.so
30# boost::python::handle_exception_impl(boost::function_n<void>) in <CONDA_ENV_PREFIX>/lib/python3.11/site-packages/rdkit/../../../libboost_python311.so.1.86.0
31# 0x00007F5FC3EDA9B3 in <CONDA_ENV_PREFIX>/lib/python3.11/site-packages/rdkit/../../../libboost_python311.so.1.86.0
32# _PyObject_MakeTpCall in <CONDA_ENV_PREFIX>/bin/python
33# _PyEval_EvalFrameDefault in <CONDA_ENV_PREFIX>/bin/python
34# _PyFunction_Vectorcall in <CONDA_ENV_PREFIX>/bin/python
35# 0x00005637EFF5CC50 in <CONDA_ENV_PREFIX>/bin/python
36# 0x00005637EFE72745 in <CONDA_ENV_PREFIX>/bin/python
37# 0x00005637EFEA31AA in <CONDA_ENV_PREFIX>/bin/python
38# PyObject_Vectorcall in <CONDA_ENV_PREFIX>/bin/python
39# _PyEval_EvalFrameDefault in <CONDA_ENV_PREFIX>/bin/python
40# _PyFunction_Vectorcall in <CONDA_ENV_PREFIX>/bin/python
41# _PyEval_EvalFrameDefault in <CONDA_ENV_PREFIX>/bin/python
42# _PyFunction_Vectorcall in <CONDA_ENV_PREFIX>/bin/python
43# _PyEval_EvalFrameDefault in <CONDA_ENV_PREFIX>/bin/python
44# _PyFunction_Vectorcall in <CONDA_ENV_PREFIX>/bin/python
45# 0x00005637EFE5E979 in <CONDA_ENV_PREFIX>/bin/python
46# _PyObject_MakeTpCall in <CONDA_ENV_PREFIX>/bin/python
47# _PyEval_EvalFrameDefault in <CONDA_ENV_PREFIX>/bin/python
48# _PyFunction_Vectorcall in <CONDA_ENV_PREFIX>/bin/python
49# 0x00005637EFE5EA1D in <CONDA_ENV_PREFIX>/bin/python
50# _PyObject_MakeTpCall in <CONDA_ENV_PREFIX>/bin/python
51# _PyEval_EvalFrameDefault in <CONDA_ENV_PREFIX>/bin/python
52# 0x00005637EFEE9B0D in <CONDA_ENV_PREFIX>/bin/python
53# PyEval_EvalCode in <CONDA_ENV_PREFIX>/bin/python
54# 0x00005637EFF071AA in <CONDA_ENV_PREFIX>/bin/python
55# 0x00005637EFF02E33 in <CONDA_ENV_PREFIX>/bin/python
56# 0x00005637EFF183D0 in <CONDA_ENV_PREFIX>/bin/python
57# _PyRun_SimpleFileObject in <CONDA_ENV_PREFIX>/bin/python
58# _PyRun_AnyFileObject in <CONDA_ENV_PREFIX>/bin/python
59# Py_RunMain in <CONDA_ENV_PREFIX>/bin/python
60# Py_BytesMain in <CONDA_ENV_PREFIX>/bin/python
61# 0x00007F5FD2B61D90 in /lib/x86_64-linux-gnu/libc.so.6
62# __libc_start_main in /lib/x86_64-linux-gnu/libc.so.6
63# 0x00005637EFED937A in <CONDA_ENV_PREFIX>/bin/python
----------
****

[20:30:08] UFFTYPER: Unrecognized atom type: S_5+6 (2)
[20:30:08] 

****
Pre-condition Violation
bad params pointer
Violation occurred on line 79 in file /home/conda/feedstock_root/build_artifacts/rdkit-meta_1745736747213/work/Code/ForceField/UFF/AngleBend.cpp
Failed Expression: at2Params
----------
Stacktrace:
 0# Invar::Invariant::toString[abi:cxx11]() const in <CONDA_ENV_PREFIX>/lib/python3.11/site-packages/rdkit/../../../libRDKitRDGeneral.so.1
 1# Invar::operator<<(std::ostream&, Invar::Invariant const&) in <CONDA_ENV_PREFIX>/lib/python3.11/site-packages/rdkit/../../../libRDKitRDGeneral.so.1
 2# ForceFields::UFF::AngleBendContrib::AngleBendContrib(ForceFields::ForceField*, unsigned int, unsigned int, unsigned int, double, double, ForceFields::UFF::AtomicParams const*, ForceFields::UFF::AtomicParams const*, ForceFields::UFF::AtomicParams const*, unsigned int) in <CONDA_ENV_PREFIX>/lib/python3.11/site-packages/rdkit/ForceField/../../../../libRDKitForceField.so.1
 3# RDKit::UFF::Tools::addTrigonalBipyramidAngles(RDKit::Atom const*, RDKit::ROMol const&, int, std::vector<ForceFields::UFF::AtomicParams const*, std::allocator<ForceFields::UFF::AtomicParams const*> > const&, ForceFields::ForceField*) in <CONDA_ENV_PREFIX>/lib/python3.11/site-packages/rdkit/ForceField/../../../../libRDKitForceFieldHelpers.so.1
 4# RDKit::UFF::Tools::addAngleSpecialCases(RDKit::ROMol const&, int, std::vector<ForceFields::UFF::AtomicParams const*, std::allocator<ForceFields::UFF::AtomicParams const*> > const&, ForceFields::ForceField*) in <CONDA_ENV_PREFIX>/lib/python3.11/site-packages/rdkit/ForceField/../../../../libRDKitForceFieldHelpers.so.1
 5# RDKit::UFF::constructForceField(RDKit::ROMol&, std::vector<ForceFields::UFF::AtomicParams const*, std::allocator<ForceFields::UFF::AtomicParams const*> > const&, double, int, bool) in <CONDA_ENV_PREFIX>/lib/python3.11/site-packages/rdkit/ForceField/../../../../libRDKitForceFieldHelpers.so.1
 6# RDKit::UFF::constructForceField(RDKit::ROMol&, double, int, bool) in <CONDA_ENV_PREFIX>/lib/python3.11/site-packages/rdkit/ForceField/../../../../libRDKitForceFieldHelpers.so.1
 7# RDKit::UFFHelper(RDKit::ROMol&, int, double, int, bool) in <CONDA_ENV_PREFIX>/lib/python3.11/site-packages/rdkit/Chem/rdForceFieldHelpers.so
 8# 0x00007F5FC1F8403D in <CONDA_ENV_PREFIX>/lib/python3.11/site-packages/rdkit/Chem/rdForceFieldHelpers.so
 9# boost::python::objects::function::call(_object*, _object*) const in <CONDA_ENV_PREFIX>/lib/python3.11/site-packages/rdkit/../../../libboost_python311.so.1.86.0
10# 0x00007F5FC3EDD449 in <CONDA_ENV_PREFIX>/lib/python3.11/site-packages/rdkit/../../../libboost_python311.so.1.86.0
11# boost::python::detail::exception_handler::operator()(boost::function_n<void> const&) const in <CONDA_ENV_PREFIX>/lib/python3.11/site-packages/rdkit/../../../libboost_python311.so.1.86.0
12# 0x00007F5FC1C3DC04 in <CONDA_ENV_PREFIX>/lib/python3.11/site-packages/rdkit/Chem/rdSLNParse.so
13# 0x00007F5FC202B354 in <CONDA_ENV_PREFIX>/lib/python3.11/site-packages/rdkit/Chem/rdDepictor.so
14# 0x00007F5FC22C9DD4 in <CONDA_ENV_PREFIX>/lib/python3.11/site-packages/rdkit/Chem/rdChemReactions.so
15# 0x00007F5FC22C9E24 in <CONDA_ENV_PREFIX>/lib/python3.11/site-packages/rdkit/Chem/rdChemReactions.so
16# 0x00007F5FC2442B94 in <CONDA_ENV_PREFIX>/lib/python3.11/site-packages/rdkit/Chem/rdMolChemicalFeatures.so
17# 0x00007F5FC2EBA9B4 in <CONDA_ENV_PREFIX>/lib/python3.11/site-packages/rdkit/Chem/rdmolfiles.so
18# 0x00007F5FC2EBAA04 in <CONDA_ENV_PREFIX>/lib/python3.11/site-packages/rdkit/Chem/rdmolfiles.so
19# 0x00007F5FC2FD4B04 in <CONDA_ENV_PREFIX>/lib/python3.11/site-packages/rdkit/Chem/rdCIPLabeler.so
20# 0x00007F5FC39A9174 in <CONDA_ENV_PREFIX>/lib/python3.11/site-packages/rdkit/Chem/rdchem.so
21# 0x00007F5FC393DAAD in <CONDA_ENV_PREFIX>/lib/python3.11/site-packages/rdkit/Chem/rdchem.so
22# 0x00007F5FC393D6AD in <CONDA_ENV_PREFIX>/lib/python3.11/site-packages/rdkit/Chem/rdchem.so
23# 0x00007F5FC393D2AD in <CONDA_ENV_PREFIX>/lib/python3.11/site-packages/rdkit/Chem/rdchem.so
24# 0x00007F5FC393CEAD in <CONDA_ENV_PREFIX>/lib/python3.11/site-packages/rdkit/Chem/rdchem.so
25# 0x00007F5FC393CAAD in <CONDA_ENV_PREFIX>/lib/python3.11/site-packages/rdkit/Chem/rdchem.so
26# 0x00007F5FC3FB1E54 in <CONDA_ENV_PREFIX>/lib/python3.11/site-packages/rdkit/rdBase.so
27# 0x00007F5FC3FB1EA4 in <CONDA_ENV_PREFIX>/lib/python3.11/site-packages/rdkit/rdBase.so
28# 0x00007F5FC3FB1EF4 in <CONDA_ENV_PREFIX>/lib/python3.11/site-packages/rdkit/rdBase.so
29# 0x00007F5FC3FB1F44 in <CONDA_ENV_PREFIX>/lib/python3.11/site-packages/rdkit/rdBase.so
30# boost::python::handle_exception_impl(boost::function_n<void>) in <CONDA_ENV_PREFIX>/lib/python3.11/site-packages/rdkit/../../../libboost_python311.so.1.86.0
31# 0x00007F5FC3EDA9B3 in <CONDA_ENV_PREFIX>/lib/python3.11/site-packages/rdkit/../../../libboost_python311.so.1.86.0
32# _PyObject_MakeTpCall in <CONDA_ENV_PREFIX>/bin/python
33# _PyEval_EvalFrameDefault in <CONDA_ENV_PREFIX>/bin/python
34# _PyFunction_Vectorcall in <CONDA_ENV_PREFIX>/bin/python
35# 0x00005637EFF5CC50 in <CONDA_ENV_PREFIX>/bin/python
36# 0x00005637EFE72745 in <CONDA_ENV_PREFIX>/bin/python
37# 0x00005637EFEA31AA in <CONDA_ENV_PREFIX>/bin/python
38# PyObject_Vectorcall in <CONDA_ENV_PREFIX>/bin/python
39# _PyEval_EvalFrameDefault in <CONDA_ENV_PREFIX>/bin/python
40# _PyFunction_Vectorcall in <CONDA_ENV_PREFIX>/bin/python
41# _PyEval_EvalFrameDefault in <CONDA_ENV_PREFIX>/bin/python
42# _PyFunction_Vectorcall in <CONDA_ENV_PREFIX>/bin/python
43# _PyEval_EvalFrameDefault in <CONDA_ENV_PREFIX>/bin/python
44# _PyFunction_Vectorcall in <CONDA_ENV_PREFIX>/bin/python
45# 0x00005637EFE5E979 in <CONDA_ENV_PREFIX>/bin/python
46# _PyObject_MakeTpCall in <CONDA_ENV_PREFIX>/bin/python
47# _PyEval_EvalFrameDefault in <CONDA_ENV_PREFIX>/bin/python
48# _PyFunction_Vectorcall in <CONDA_ENV_PREFIX>/bin/python
49# 0x00005637EFE5EA1D in <CONDA_ENV_PREFIX>/bin/python
50# _PyObject_MakeTpCall in <CONDA_ENV_PREFIX>/bin/python
51# _PyEval_EvalFrameDefault in <CONDA_ENV_PREFIX>/bin/python
52# 0x00005637EFEE9B0D in <CONDA_ENV_PREFIX>/bin/python
53# PyEval_EvalCode in <CONDA_ENV_PREFIX>/bin/python
54# 0x00005637EFF071AA in <CONDA_ENV_PREFIX>/bin/python
55# 0x00005637EFF02E33 in <CONDA_ENV_PREFIX>/bin/python
56# 0x00005637EFF183D0 in <CONDA_ENV_PREFIX>/bin/python
57# _PyRun_SimpleFileObject in <CONDA_ENV_PREFIX>/bin/python
58# _PyRun_AnyFileObject in <CONDA_ENV_PREFIX>/bin/python
59# Py_RunMain in <CONDA_ENV_PREFIX>/bin/python
60# Py_BytesMain in <CONDA_ENV_PREFIX>/bin/python
61# 0x00007F5FD2B61D90 in /lib/x86_64-linux-gnu/libc.so.6
62# __libc_start_main in /lib/x86_64-linux-gnu/libc.so.6
63# 0x00005637EFED937A in <CONDA_ENV_PREFIX>/bin/python
----------
****

[20:30:09] UFFTYPER: Unrecognized atom type: S_5+6 (2)
[20:30:09] UFFTYPER: Unrecognized atom type: S_5+6 (2)
[20:30:09] 

****
Pre-condition Violation
bad params pointer
Violation occurred on line 79 in file /home/conda/feedstock_root/build_artifacts/rdkit-meta_1745736747213/work/Code/ForceField/UFF/AngleBend.cpp
Failed Expression: at2Params
----------
Stacktrace:
 0# Invar::Invariant::toString[abi:cxx11]() const in <CONDA_ENV_PREFIX>/lib/python3.11/site-packages/rdkit/../../../libRDKitRDGeneral.so.1
 1# Invar::operator<<(std::ostream&, Invar::Invariant const&) in <CONDA_ENV_PREFIX>/lib/python3.11/site-packages/rdkit/../../../libRDKitRDGeneral.so.1
 2# ForceFields::UFF::AngleBendContrib::AngleBendContrib(ForceFields::ForceField*, unsigned int, unsigned int, unsigned int, double, double, ForceFields::UFF::AtomicParams const*, ForceFields::UFF::AtomicParams const*, ForceFields::UFF::AtomicParams const*, unsigned int) in <CONDA_ENV_PREFIX>/lib/python3.11/site-packages/rdkit/ForceField/../../../../libRDKitForceField.so.1
 3# RDKit::UFF::Tools::addTrigonalBipyramidAngles(RDKit::Atom const*, RDKit::ROMol const&, int, std::vector<ForceFields::UFF::AtomicParams const*, std::allocator<ForceFields::UFF::AtomicParams const*> > const&, ForceFields::ForceField*) in <CONDA_ENV_PREFIX>/lib/python3.11/site-packages/rdkit/ForceField/../../../../libRDKitForceFieldHelpers.so.1
 4# RDKit::UFF::Tools::addAngleSpecialCases(RDKit::ROMol const&, int, std::vector<ForceFields::UFF::AtomicParams const*, std::allocator<ForceFields::UFF::AtomicParams const*> > const&, ForceFields::ForceField*) in <CONDA_ENV_PREFIX>/lib/python3.11/site-packages/rdkit/ForceField/../../../../libRDKitForceFieldHelpers.so.1
 5# RDKit::UFF::constructForceField(RDKit::ROMol&, std::vector<ForceFields::UFF::AtomicParams const*, std::allocator<ForceFields::UFF::AtomicParams const*> > const&, double, int, bool) in <CONDA_ENV_PREFIX>/lib/python3.11/site-packages/rdkit/ForceField/../../../../libRDKitForceFieldHelpers.so.1
 6# RDKit::UFF::constructForceField(RDKit::ROMol&, double, int, bool) in <CONDA_ENV_PREFIX>/lib/python3.11/site-packages/rdkit/ForceField/../../../../libRDKitForceFieldHelpers.so.1
 7# RDKit::UFFHelper(RDKit::ROMol&, int, double, int, bool) in <CONDA_ENV_PREFIX>/lib/python3.11/site-packages/rdkit/Chem/rdForceFieldHelpers.so
 8# 0x00007F5FC1F8403D in <CONDA_ENV_PREFIX>/lib/python3.11/site-packages/rdkit/Chem/rdForceFieldHelpers.so
 9# boost::python::objects::function::call(_object*, _object*) const in <CONDA_ENV_PREFIX>/lib/python3.11/site-packages/rdkit/../../../libboost_python311.so.1.86.0
10# 0x00007F5FC3EDD449 in <CONDA_ENV_PREFIX>/lib/python3.11/site-packages/rdkit/../../../libboost_python311.so.1.86.0
11# boost::python::detail::exception_handler::operator()(boost::function_n<void> const&) const in <CONDA_ENV_PREFIX>/lib/python3.11/site-packages/rdkit/../../../libboost_python311.so.1.86.0
12# 0x00007F5FC1C3DC04 in <CONDA_ENV_PREFIX>/lib/python3.11/site-packages/rdkit/Chem/rdSLNParse.so
13# 0x00007F5FC202B354 in <CONDA_ENV_PREFIX>/lib/python3.11/site-packages/rdkit/Chem/rdDepictor.so
14# 0x00007F5FC22C9DD4 in <CONDA_ENV_PREFIX>/lib/python3.11/site-packages/rdkit/Chem/rdChemReactions.so
15# 0x00007F5FC22C9E24 in <CONDA_ENV_PREFIX>/lib/python3.11/site-packages/rdkit/Chem/rdChemReactions.so
16# 0x00007F5FC2442B94 in <CONDA_ENV_PREFIX>/lib/python3.11/site-packages/rdkit/Chem/rdMolChemicalFeatures.so
17# 0x00007F5FC2EBA9B4 in <CONDA_ENV_PREFIX>/lib/python3.11/site-packages/rdkit/Chem/rdmolfiles.so
18# 0x00007F5FC2EBAA04 in <CONDA_ENV_PREFIX>/lib/python3.11/site-packages/rdkit/Chem/rdmolfiles.so
19# 0x00007F5FC2FD4B04 in <CONDA_ENV_PREFIX>/lib/python3.11/site-packages/rdkit/Chem/rdCIPLabeler.so
20# 0x00007F5FC39A9174 in <CONDA_ENV_PREFIX>/lib/python3.11/site-packages/rdkit/Chem/rdchem.so
21# 0x00007F5FC393DAAD in <CONDA_ENV_PREFIX>/lib/python3.11/site-packages/rdkit/Chem/rdchem.so
22# 0x00007F5FC393D6AD in <CONDA_ENV_PREFIX>/lib/python3.11/site-packages/rdkit/Chem/rdchem.so
23# 0x00007F5FC393D2AD in <CONDA_ENV_PREFIX>/lib/python3.11/site-packages/rdkit/Chem/rdchem.so
24# 0x00007F5FC393CEAD in <CONDA_ENV_PREFIX>/lib/python3.11/site-packages/rdkit/Chem/rdchem.so
25# 0x00007F5FC393CAAD in <CONDA_ENV_PREFIX>/lib/python3.11/site-packages/rdkit/Chem/rdchem.so
26# 0x00007F5FC3FB1E54 in <CONDA_ENV_PREFIX>/lib/python3.11/site-packages/rdkit/rdBase.so
27# 0x00007F5FC3FB1EA4 in <CONDA_ENV_PREFIX>/lib/python3.11/site-packages/rdkit/rdBase.so
28# 0x00007F5FC3FB1EF4 in <CONDA_ENV_PREFIX>/lib/python3.11/site-packages/rdkit/rdBase.so
29# 0x00007F5FC3FB1F44 in <CONDA_ENV_PREFIX>/lib/python3.11/site-packages/rdkit/rdBase.so
30# boost::python::handle_exception_impl(boost::function_n<void>) in <CONDA_ENV_PREFIX>/lib/python3.11/site-packages/rdkit/../../../libboost_python311.so.1.86.0
31# 0x00007F5FC3EDA9B3 in <CONDA_ENV_PREFIX>/lib/python3.11/site-packages/rdkit/../../../libboost_python311.so.1.86.0
32# _PyObject_MakeTpCall in <CONDA_ENV_PREFIX>/bin/python
33# _PyEval_EvalFrameDefault in <CONDA_ENV_PREFIX>/bin/python
34# _PyFunction_Vectorcall in <CONDA_ENV_PREFIX>/bin/python
35# 0x00005637EFF5CC50 in <CONDA_ENV_PREFIX>/bin/python
36# 0x00005637EFE72745 in <CONDA_ENV_PREFIX>/bin/python
37# 0x00005637EFEA31AA in <CONDA_ENV_PREFIX>/bin/python
38# PyObject_Vectorcall in <CONDA_ENV_PREFIX>/bin/python
39# _PyEval_EvalFrameDefault in <CONDA_ENV_PREFIX>/bin/python
40# _PyFunction_Vectorcall in <CONDA_ENV_PREFIX>/bin/python
41# _PyEval_EvalFrameDefault in <CONDA_ENV_PREFIX>/bin/python
42# _PyFunction_Vectorcall in <CONDA_ENV_PREFIX>/bin/python
43# _PyEval_EvalFrameDefault in <CONDA_ENV_PREFIX>/bin/python
44# _PyFunction_Vectorcall in <CONDA_ENV_PREFIX>/bin/python
45# 0x00005637EFE5E979 in <CONDA_ENV_PREFIX>/bin/python
46# _PyObject_MakeTpCall in <CONDA_ENV_PREFIX>/bin/python
47# _PyEval_EvalFrameDefault in <CONDA_ENV_PREFIX>/bin/python
48# _PyFunction_Vectorcall in <CONDA_ENV_PREFIX>/bin/python
49# 0x00005637EFE5EA1D in <CONDA_ENV_PREFIX>/bin/python
50# _PyObject_MakeTpCall in <CONDA_ENV_PREFIX>/bin/python
51# _PyEval_EvalFrameDefault in <CONDA_ENV_PREFIX>/bin/python
52# 0x00005637EFEE9B0D in <CONDA_ENV_PREFIX>/bin/python
53# PyEval_EvalCode in <CONDA_ENV_PREFIX>/bin/python
54# 0x00005637EFF071AA in <CONDA_ENV_PREFIX>/bin/python
55# 0x00005637EFF02E33 in <CONDA_ENV_PREFIX>/bin/python
56# 0x00005637EFF183D0 in <CONDA_ENV_PREFIX>/bin/python
57# _PyRun_SimpleFileObject in <CONDA_ENV_PREFIX>/bin/python
58# _PyRun_AnyFileObject in <CONDA_ENV_PREFIX>/bin/python
59# Py_RunMain in <CONDA_ENV_PREFIX>/bin/python
60# Py_BytesMain in <CONDA_ENV_PREFIX>/bin/python
61# 0x00007F5FD2B61D90 in /lib/x86_64-linux-gnu/libc.so.6
62# __libc_start_main in /lib/x86_64-linux-gnu/libc.so.6
63# 0x00005637EFED937A in <CONDA_ENV_PREFIX>/bin/python
----------
****

[20:30:09] UFFTYPER: Unrecognized atom type: S_5+6 (2)
[20:30:09] UFFTYPER: Unrecognized atom type: S_5+6 (2)
[20:30:09] 

****
Pre-condition Violation
bad params pointer
Violation occurred on line 79 in file /home/conda/feedstock_root/build_artifacts/rdkit-meta_1745736747213/work/Code/ForceField/UFF/AngleBend.cpp
Failed Expression: at2Params
----------
Stacktrace:
 0# Invar::Invariant::toString[abi:cxx11]() const in <CONDA_ENV_PREFIX>/lib/python3.11/site-packages/rdkit/../../../libRDKitRDGeneral.so.1
 1# Invar::operator<<(std::ostream&, Invar::Invariant const&) in <CONDA_ENV_PREFIX>/lib/python3.11/site-packages/rdkit/../../../libRDKitRDGeneral.so.1
 2# ForceFields::UFF::AngleBendContrib::AngleBendContrib(ForceFields::ForceField*, unsigned int, unsigned int, unsigned int, double, double, ForceFields::UFF::AtomicParams const*, ForceFields::UFF::AtomicParams const*, ForceFields::UFF::AtomicParams const*, unsigned int) in <CONDA_ENV_PREFIX>/lib/python3.11/site-packages/rdkit/ForceField/../../../../libRDKitForceField.so.1
 3# RDKit::UFF::Tools::addTrigonalBipyramidAngles(RDKit::Atom const*, RDKit::ROMol const&, int, std::vector<ForceFields::UFF::AtomicParams const*, std::allocator<ForceFields::UFF::AtomicParams const*> > const&, ForceFields::ForceField*) in <CONDA_ENV_PREFIX>/lib/python3.11/site-packages/rdkit/ForceField/../../../../libRDKitForceFieldHelpers.so.1
 4# RDKit::UFF::Tools::addAngleSpecialCases(RDKit::ROMol const&, int, std::vector<ForceFields::UFF::AtomicParams const*, std::allocator<ForceFields::UFF::AtomicParams const*> > const&, ForceFields::ForceField*) in <CONDA_ENV_PREFIX>/lib/python3.11/site-packages/rdkit/ForceField/../../../../libRDKitForceFieldHelpers.so.1
 5# RDKit::UFF::constructForceField(RDKit::ROMol&, std::vector<ForceFields::UFF::AtomicParams const*, std::allocator<ForceFields::UFF::AtomicParams const*> > const&, double, int, bool) in <CONDA_ENV_PREFIX>/lib/python3.11/site-packages/rdkit/ForceField/../../../../libRDKitForceFieldHelpers.so.1
 6# RDKit::UFF::constructForceField(RDKit::ROMol&, double, int, bool) in <CONDA_ENV_PREFIX>/lib/python3.11/site-packages/rdkit/ForceField/../../../../libRDKitForceFieldHelpers.so.1
 7# RDKit::UFFHelper(RDKit::ROMol&, int, double, int, bool) in <CONDA_ENV_PREFIX>/lib/python3.11/site-packages/rdkit/Chem/rdForceFieldHelpers.so
 8# 0x00007F5FC1F8403D in <CONDA_ENV_PREFIX>/lib/python3.11/site-packages/rdkit/Chem/rdForceFieldHelpers.so
 9# boost::python::objects::function::call(_object*, _object*) const in <CONDA_ENV_PREFIX>/lib/python3.11/site-packages/rdkit/../../../libboost_python311.so.1.86.0
10# 0x00007F5FC3EDD449 in <CONDA_ENV_PREFIX>/lib/python3.11/site-packages/rdkit/../../../libboost_python311.so.1.86.0
11# boost::python::detail::exception_handler::operator()(boost::function_n<void> const&) const in <CONDA_ENV_PREFIX>/lib/python3.11/site-packages/rdkit/../../../libboost_python311.so.1.86.0
12# 0x00007F5FC1C3DC04 in <CONDA_ENV_PREFIX>/lib/python3.11/site-packages/rdkit/Chem/rdSLNParse.so
13# 0x00007F5FC202B354 in <CONDA_ENV_PREFIX>/lib/python3.11/site-packages/rdkit/Chem/rdDepictor.so
14# 0x00007F5FC22C9DD4 in <CONDA_ENV_PREFIX>/lib/python3.11/site-packages/rdkit/Chem/rdChemReactions.so
15# 0x00007F5FC22C9E24 in <CONDA_ENV_PREFIX>/lib/python3.11/site-packages/rdkit/Chem/rdChemReactions.so
16# 0x00007F5FC2442B94 in <CONDA_ENV_PREFIX>/lib/python3.11/site-packages/rdkit/Chem/rdMolChemicalFeatures.so
17# 0x00007F5FC2EBA9B4 in <CONDA_ENV_PREFIX>/lib/python3.11/site-packages/rdkit/Chem/rdmolfiles.so
18# 0x00007F5FC2EBAA04 in <CONDA_ENV_PREFIX>/lib/python3.11/site-packages/rdkit/Chem/rdmolfiles.so
19# 0x00007F5FC2FD4B04 in <CONDA_ENV_PREFIX>/lib/python3.11/site-packages/rdkit/Chem/rdCIPLabeler.so
20# 0x00007F5FC39A9174 in <CONDA_ENV_PREFIX>/lib/python3.11/site-packages/rdkit/Chem/rdchem.so
21# 0x00007F5FC393DAAD in <CONDA_ENV_PREFIX>/lib/python3.11/site-packages/rdkit/Chem/rdchem.so
22# 0x00007F5FC393D6AD in <CONDA_ENV_PREFIX>/lib/python3.11/site-packages/rdkit/Chem/rdchem.so
23# 0x00007F5FC393D2AD in <CONDA_ENV_PREFIX>/lib/python3.11/site-packages/rdkit/Chem/rdchem.so
24# 0x00007F5FC393CEAD in <CONDA_ENV_PREFIX>/lib/python3.11/site-packages/rdkit/Chem/rdchem.so
25# 0x00007F5FC393CAAD in <CONDA_ENV_PREFIX>/lib/python3.11/site-packages/rdkit/Chem/rdchem.so
26# 0x00007F5FC3FB1E54 in <CONDA_ENV_PREFIX>/lib/python3.11/site-packages/rdkit/rdBase.so
27# 0x00007F5FC3FB1EA4 in <CONDA_ENV_PREFIX>/lib/python3.11/site-packages/rdkit/rdBase.so
28# 0x00007F5FC3FB1EF4 in <CONDA_ENV_PREFIX>/lib/python3.11/site-packages/rdkit/rdBase.so
29# 0x00007F5FC3FB1F44 in <CONDA_ENV_PREFIX>/lib/python3.11/site-packages/rdkit/rdBase.so
30# boost::python::handle_exception_impl(boost::function_n<void>) in <CONDA_ENV_PREFIX>/lib/python3.11/site-packages/rdkit/../../../libboost_python311.so.1.86.0
31# 0x00007F5FC3EDA9B3 in <CONDA_ENV_PREFIX>/lib/python3.11/site-packages/rdkit/../../../libboost_python311.so.1.86.0
32# _PyObject_MakeTpCall in <CONDA_ENV_PREFIX>/bin/python
33# _PyEval_EvalFrameDefault in <CONDA_ENV_PREFIX>/bin/python
34# _PyFunction_Vectorcall in <CONDA_ENV_PREFIX>/bin/python
35# 0x00005637EFF5CC50 in <CONDA_ENV_PREFIX>/bin/python
36# 0x00005637EFE72745 in <CONDA_ENV_PREFIX>/bin/python
37# 0x00005637EFEA31AA in <CONDA_ENV_PREFIX>/bin/python
38# PyObject_Vectorcall in <CONDA_ENV_PREFIX>/bin/python
39# _PyEval_EvalFrameDefault in <CONDA_ENV_PREFIX>/bin/python
40# _PyFunction_Vectorcall in <CONDA_ENV_PREFIX>/bin/python
41# _PyEval_EvalFrameDefault in <CONDA_ENV_PREFIX>/bin/python
42# _PyFunction_Vectorcall in <CONDA_ENV_PREFIX>/bin/python
43# _PyEval_EvalFrameDefault in <CONDA_ENV_PREFIX>/bin/python
44# _PyFunction_Vectorcall in <CONDA_ENV_PREFIX>/bin/python
45# 0x00005637EFE5E979 in <CONDA_ENV_PREFIX>/bin/python
46# _PyObject_MakeTpCall in <CONDA_ENV_PREFIX>/bin/python
47# _PyEval_EvalFrameDefault in <CONDA_ENV_PREFIX>/bin/python
48# _PyFunction_Vectorcall in <CONDA_ENV_PREFIX>/bin/python
49# 0x00005637EFE5EA1D in <CONDA_ENV_PREFIX>/bin/python
50# _PyObject_MakeTpCall in <CONDA_ENV_PREFIX>/bin/python
51# _PyEval_EvalFrameDefault in <CONDA_ENV_PREFIX>/bin/python
52# 0x00005637EFEE9B0D in <CONDA_ENV_PREFIX>/bin/python
53# PyEval_EvalCode in <CONDA_ENV_PREFIX>/bin/python
54# 0x00005637EFF071AA in <CONDA_ENV_PREFIX>/bin/python
55# 0x00005637EFF02E33 in <CONDA_ENV_PREFIX>/bin/python
56# 0x00005637EFF183D0 in <CONDA_ENV_PREFIX>/bin/python
57# _PyRun_SimpleFileObject in <CONDA_ENV_PREFIX>/bin/python
58# _PyRun_AnyFileObject in <CONDA_ENV_PREFIX>/bin/python
59# Py_RunMain in <CONDA_ENV_PREFIX>/bin/python
60# Py_BytesMain in <CONDA_ENV_PREFIX>/bin/python
61# 0x00007F5FD2B61D90 in /lib/x86_64-linux-gnu/libc.so.6
62# __libc_start_main in /lib/x86_64-linux-gnu/libc.so.6
63# 0x00005637EFED937A in <CONDA_ENV_PREFIX>/bin/python
----------
****

[20:30:10] UFFTYPER: Unrecognized atom type: S_5+6 (2)
[20:30:10] UFFTYPER: Unrecognized atom type: S_5+6 (2)
[20:30:10] 

****
Pre-condition Violation
bad params pointer
Violation occurred on line 79 in file /home/conda/feedstock_root/build_artifacts/rdkit-meta_1745736747213/work/Code/ForceField/UFF/AngleBend.cpp
Failed Expression: at2Params
----------
Stacktrace:
 0# Invar::Invariant::toString[abi:cxx11]() const in <CONDA_ENV_PREFIX>/lib/python3.11/site-packages/rdkit/../../../libRDKitRDGeneral.so.1
 1# Invar::operator<<(std::ostream&, Invar::Invariant const&) in <CONDA_ENV_PREFIX>/lib/python3.11/site-packages/rdkit/../../../libRDKitRDGeneral.so.1
 2# ForceFields::UFF::AngleBendContrib::AngleBendContrib(ForceFields::ForceField*, unsigned int, unsigned int, unsigned int, double, double, ForceFields::UFF::AtomicParams const*, ForceFields::UFF::AtomicParams const*, ForceFields::UFF::AtomicParams const*, unsigned int) in <CONDA_ENV_PREFIX>/lib/python3.11/site-packages/rdkit/ForceField/../../../../libRDKitForceField.so.1
 3# RDKit::UFF::Tools::addTrigonalBipyramidAngles(RDKit::Atom const*, RDKit::ROMol const&, int, std::vector<ForceFields::UFF::AtomicParams const*, std::allocator<ForceFields::UFF::AtomicParams const*> > const&, ForceFields::ForceField*) in <CONDA_ENV_PREFIX>/lib/python3.11/site-packages/rdkit/ForceField/../../../../libRDKitForceFieldHelpers.so.1
 4# RDKit::UFF::Tools::addAngleSpecialCases(RDKit::ROMol const&, int, std::vector<ForceFields::UFF::AtomicParams const*, std::allocator<ForceFields::UFF::AtomicParams const*> > const&, ForceFields::ForceField*) in <CONDA_ENV_PREFIX>/lib/python3.11/site-packages/rdkit/ForceField/../../../../libRDKitForceFieldHelpers.so.1
 5# RDKit::UFF::constructForceField(RDKit::ROMol&, std::vector<ForceFields::UFF::AtomicParams const*, std::allocator<ForceFields::UFF::AtomicParams const*> > const&, double, int, bool) in <CONDA_ENV_PREFIX>/lib/python3.11/site-packages/rdkit/ForceField/../../../../libRDKitForceFieldHelpers.so.1
 6# RDKit::UFF::constructForceField(RDKit::ROMol&, double, int, bool) in <CONDA_ENV_PREFIX>/lib/python3.11/site-packages/rdkit/ForceField/../../../../libRDKitForceFieldHelpers.so.1
 7# RDKit::UFFHelper(RDKit::ROMol&, int, double, int, bool) in <CONDA_ENV_PREFIX>/lib/python3.11/site-packages/rdkit/Chem/rdForceFieldHelpers.so
 8# 0x00007F5FC1F8403D in <CONDA_ENV_PREFIX>/lib/python3.11/site-packages/rdkit/Chem/rdForceFieldHelpers.so
 9# boost::python::objects::function::call(_object*, _object*) const in <CONDA_ENV_PREFIX>/lib/python3.11/site-packages/rdkit/../../../libboost_python311.so.1.86.0
10# 0x00007F5FC3EDD449 in <CONDA_ENV_PREFIX>/lib/python3.11/site-packages/rdkit/../../../libboost_python311.so.1.86.0
11# boost::python::detail::exception_handler::operator()(boost::function_n<void> const&) const in <CONDA_ENV_PREFIX>/lib/python3.11/site-packages/rdkit/../../../libboost_python311.so.1.86.0
12# 0x00007F5FC1C3DC04 in <CONDA_ENV_PREFIX>/lib/python3.11/site-packages/rdkit/Chem/rdSLNParse.so
13# 0x00007F5FC202B354 in <CONDA_ENV_PREFIX>/lib/python3.11/site-packages/rdkit/Chem/rdDepictor.so
14# 0x00007F5FC22C9DD4 in <CONDA_ENV_PREFIX>/lib/python3.11/site-packages/rdkit/Chem/rdChemReactions.so
15# 0x00007F5FC22C9E24 in <CONDA_ENV_PREFIX>/lib/python3.11/site-packages/rdkit/Chem/rdChemReactions.so
16# 0x00007F5FC2442B94 in <CONDA_ENV_PREFIX>/lib/python3.11/site-packages/rdkit/Chem/rdMolChemicalFeatures.so
17# 0x00007F5FC2EBA9B4 in <CONDA_ENV_PREFIX>/lib/python3.11/site-packages/rdkit/Chem/rdmolfiles.so
18# 0x00007F5FC2EBAA04 in <CONDA_ENV_PREFIX>/lib/python3.11/site-packages/rdkit/Chem/rdmolfiles.so
19# 0x00007F5FC2FD4B04 in <CONDA_ENV_PREFIX>/lib/python3.11/site-packages/rdkit/Chem/rdCIPLabeler.so
20# 0x00007F5FC39A9174 in <CONDA_ENV_PREFIX>/lib/python3.11/site-packages/rdkit/Chem/rdchem.so
21# 0x00007F5FC393DAAD in <CONDA_ENV_PREFIX>/lib/python3.11/site-packages/rdkit/Chem/rdchem.so
22# 0x00007F5FC393D6AD in <CONDA_ENV_PREFIX>/lib/python3.11/site-packages/rdkit/Chem/rdchem.so
23# 0x00007F5FC393D2AD in <CONDA_ENV_PREFIX>/lib/python3.11/site-packages/rdkit/Chem/rdchem.so
24# 0x00007F5FC393CEAD in <CONDA_ENV_PREFIX>/lib/python3.11/site-packages/rdkit/Chem/rdchem.so
25# 0x00007F5FC393CAAD in <CONDA_ENV_PREFIX>/lib/python3.11/site-packages/rdkit/Chem/rdchem.so
26# 0x00007F5FC3FB1E54 in <CONDA_ENV_PREFIX>/lib/python3.11/site-packages/rdkit/rdBase.so
27# 0x00007F5FC3FB1EA4 in <CONDA_ENV_PREFIX>/lib/python3.11/site-packages/rdkit/rdBase.so
28# 0x00007F5FC3FB1EF4 in <CONDA_ENV_PREFIX>/lib/python3.11/site-packages/rdkit/rdBase.so
29# 0x00007F5FC3FB1F44 in <CONDA_ENV_PREFIX>/lib/python3.11/site-packages/rdkit/rdBase.so
30# boost::python::handle_exception_impl(boost::function_n<void>) in <CONDA_ENV_PREFIX>/lib/python3.11/site-packages/rdkit/../../../libboost_python311.so.1.86.0
31# 0x00007F5FC3EDA9B3 in <CONDA_ENV_PREFIX>/lib/python3.11/site-packages/rdkit/../../../libboost_python311.so.1.86.0
32# _PyObject_MakeTpCall in <CONDA_ENV_PREFIX>/bin/python
33# _PyEval_EvalFrameDefault in <CONDA_ENV_PREFIX>/bin/python
34# _PyFunction_Vectorcall in <CONDA_ENV_PREFIX>/bin/python
35# 0x00005637EFF5CC50 in <CONDA_ENV_PREFIX>/bin/python
36# 0x00005637EFE72745 in <CONDA_ENV_PREFIX>/bin/python
37# 0x00005637EFEA31AA in <CONDA_ENV_PREFIX>/bin/python
38# PyObject_Vectorcall in <CONDA_ENV_PREFIX>/bin/python
39# _PyEval_EvalFrameDefault in <CONDA_ENV_PREFIX>/bin/python
40# _PyFunction_Vectorcall in <CONDA_ENV_PREFIX>/bin/python
41# _PyEval_EvalFrameDefault in <CONDA_ENV_PREFIX>/bin/python
42# _PyFunction_Vectorcall in <CONDA_ENV_PREFIX>/bin/python
43# _PyEval_EvalFrameDefault in <CONDA_ENV_PREFIX>/bin/python
44# _PyFunction_Vectorcall in <CONDA_ENV_PREFIX>/bin/python
45# 0x00005637EFE5E979 in <CONDA_ENV_PREFIX>/bin/python
46# _PyObject_MakeTpCall in <CONDA_ENV_PREFIX>/bin/python
47# _PyEval_EvalFrameDefault in <CONDA_ENV_PREFIX>/bin/python
48# _PyFunction_Vectorcall in <CONDA_ENV_PREFIX>/bin/python
49# 0x00005637EFE5EA1D in <CONDA_ENV_PREFIX>/bin/python
50# _PyObject_MakeTpCall in <CONDA_ENV_PREFIX>/bin/python
51# _PyEval_EvalFrameDefault in <CONDA_ENV_PREFIX>/bin/python
52# 0x00005637EFEE9B0D in <CONDA_ENV_PREFIX>/bin/python
53# PyEval_EvalCode in <CONDA_ENV_PREFIX>/bin/python
54# 0x00005637EFF071AA in <CONDA_ENV_PREFIX>/bin/python
55# 0x00005637EFF02E33 in <CONDA_ENV_PREFIX>/bin/python
56# 0x00005637EFF183D0 in <CONDA_ENV_PREFIX>/bin/python
57# _PyRun_SimpleFileObject in <CONDA_ENV_PREFIX>/bin/python
58# _PyRun_AnyFileObject in <CONDA_ENV_PREFIX>/bin/python
59# Py_RunMain in <CONDA_ENV_PREFIX>/bin/python
60# Py_BytesMain in <CONDA_ENV_PREFIX>/bin/python
61# 0x00007F5FD2B61D90 in /lib/x86_64-linux-gnu/libc.so.6
62# __libc_start_main in /lib/x86_64-linux-gnu/libc.so.6
63# 0x00005637EFED937A in <CONDA_ENV_PREFIX>/bin/python
----------
****

[20:30:10] UFFTYPER: Unrecognized atom type: S_5+6 (2)
[20:30:10] UFFTYPER: Unrecognized atom type: S_5+6 (2)
[20:30:10] 

****
Pre-condition Violation
bad params pointer
Violation occurred on line 79 in file /home/conda/feedstock_root/build_artifacts/rdkit-meta_1745736747213/work/Code/ForceField/UFF/AngleBend.cpp
Failed Expression: at2Params
----------
Stacktrace:
 0# Invar::Invariant::toString[abi:cxx11]() const in <CONDA_ENV_PREFIX>/lib/python3.11/site-packages/rdkit/../../../libRDKitRDGeneral.so.1
 1# Invar::operator<<(std::ostream&, Invar::Invariant const&) in <CONDA_ENV_PREFIX>/lib/python3.11/site-packages/rdkit/../../../libRDKitRDGeneral.so.1
 2# ForceFields::UFF::AngleBendContrib::AngleBendContrib(ForceFields::ForceField*, unsigned int, unsigned int, unsigned int, double, double, ForceFields::UFF::AtomicParams const*, ForceFields::UFF::AtomicParams const*, ForceFields::UFF::AtomicParams const*, unsigned int) in <CONDA_ENV_PREFIX>/lib/python3.11/site-packages/rdkit/ForceField/../../../../libRDKitForceField.so.1
 3# RDKit::UFF::Tools::addTrigonalBipyramidAngles(RDKit::Atom const*, RDKit::ROMol const&, int, std::vector<ForceFields::UFF::AtomicParams const*, std::allocator<ForceFields::UFF::AtomicParams const*> > const&, ForceFields::ForceField*) in <CONDA_ENV_PREFIX>/lib/python3.11/site-packages/rdkit/ForceField/../../../../libRDKitForceFieldHelpers.so.1
 4# RDKit::UFF::Tools::addAngleSpecialCases(RDKit::ROMol const&, int, std::vector<ForceFields::UFF::AtomicParams const*, std::allocator<ForceFields::UFF::AtomicParams const*> > const&, ForceFields::ForceField*) in <CONDA_ENV_PREFIX>/lib/python3.11/site-packages/rdkit/ForceField/../../../../libRDKitForceFieldHelpers.so.1
 5# RDKit::UFF::constructForceField(RDKit::ROMol&, std::vector<ForceFields::UFF::AtomicParams const*, std::allocator<ForceFields::UFF::AtomicParams const*> > const&, double, int, bool) in <CONDA_ENV_PREFIX>/lib/python3.11/site-packages/rdkit/ForceField/../../../../libRDKitForceFieldHelpers.so.1
 6# RDKit::UFF::constructForceField(RDKit::ROMol&, double, int, bool) in <CONDA_ENV_PREFIX>/lib/python3.11/site-packages/rdkit/ForceField/../../../../libRDKitForceFieldHelpers.so.1
 7# RDKit::UFFHelper(RDKit::ROMol&, int, double, int, bool) in <CONDA_ENV_PREFIX>/lib/python3.11/site-packages/rdkit/Chem/rdForceFieldHelpers.so
 8# 0x00007F5FC1F8403D in <CONDA_ENV_PREFIX>/lib/python3.11/site-packages/rdkit/Chem/rdForceFieldHelpers.so
 9# boost::python::objects::function::call(_object*, _object*) const in <CONDA_ENV_PREFIX>/lib/python3.11/site-packages/rdkit/../../../libboost_python311.so.1.86.0
10# 0x00007F5FC3EDD449 in <CONDA_ENV_PREFIX>/lib/python3.11/site-packages/rdkit/../../../libboost_python311.so.1.86.0
11# boost::python::detail::exception_handler::operator()(boost::function_n<void> const&) const in <CONDA_ENV_PREFIX>/lib/python3.11/site-packages/rdkit/../../../libboost_python311.so.1.86.0
12# 0x00007F5FC1C3DC04 in <CONDA_ENV_PREFIX>/lib/python3.11/site-packages/rdkit/Chem/rdSLNParse.so
13# 0x00007F5FC202B354 in <CONDA_ENV_PREFIX>/lib/python3.11/site-packages/rdkit/Chem/rdDepictor.so
14# 0x00007F5FC22C9DD4 in <CONDA_ENV_PREFIX>/lib/python3.11/site-packages/rdkit/Chem/rdChemReactions.so
15# 0x00007F5FC22C9E24 in <CONDA_ENV_PREFIX>/lib/python3.11/site-packages/rdkit/Chem/rdChemReactions.so
16# 0x00007F5FC2442B94 in <CONDA_ENV_PREFIX>/lib/python3.11/site-packages/rdkit/Chem/rdMolChemicalFeatures.so
17# 0x00007F5FC2EBA9B4 in <CONDA_ENV_PREFIX>/lib/python3.11/site-packages/rdkit/Chem/rdmolfiles.so
18# 0x00007F5FC2EBAA04 in <CONDA_ENV_PREFIX>/lib/python3.11/site-packages/rdkit/Chem/rdmolfiles.so
19# 0x00007F5FC2FD4B04 in <CONDA_ENV_PREFIX>/lib/python3.11/site-packages/rdkit/Chem/rdCIPLabeler.so
20# 0x00007F5FC39A9174 in <CONDA_ENV_PREFIX>/lib/python3.11/site-packages/rdkit/Chem/rdchem.so
21# 0x00007F5FC393DAAD in <CONDA_ENV_PREFIX>/lib/python3.11/site-packages/rdkit/Chem/rdchem.so
22# 0x00007F5FC393D6AD in <CONDA_ENV_PREFIX>/lib/python3.11/site-packages/rdkit/Chem/rdchem.so
23# 0x00007F5FC393D2AD in <CONDA_ENV_PREFIX>/lib/python3.11/site-packages/rdkit/Chem/rdchem.so
24# 0x00007F5FC393CEAD in <CONDA_ENV_PREFIX>/lib/python3.11/site-packages/rdkit/Chem/rdchem.so
25# 0x00007F5FC393CAAD in <CONDA_ENV_PREFIX>/lib/python3.11/site-packages/rdkit/Chem/rdchem.so
26# 0x00007F5FC3FB1E54 in <CONDA_ENV_PREFIX>/lib/python3.11/site-packages/rdkit/rdBase.so
27# 0x00007F5FC3FB1EA4 in <CONDA_ENV_PREFIX>/lib/python3.11/site-packages/rdkit/rdBase.so
28# 0x00007F5FC3FB1EF4 in <CONDA_ENV_PREFIX>/lib/python3.11/site-packages/rdkit/rdBase.so
29# 0x00007F5FC3FB1F44 in <CONDA_ENV_PREFIX>/lib/python3.11/site-packages/rdkit/rdBase.so
30# boost::python::handle_exception_impl(boost::function_n<void>) in <CONDA_ENV_PREFIX>/lib/python3.11/site-packages/rdkit/../../../libboost_python311.so.1.86.0
31# 0x00007F5FC3EDA9B3 in <CONDA_ENV_PREFIX>/lib/python3.11/site-packages/rdkit/../../../libboost_python311.so.1.86.0
32# _PyObject_MakeTpCall in <CONDA_ENV_PREFIX>/bin/python
33# _PyEval_EvalFrameDefault in <CONDA_ENV_PREFIX>/bin/python
34# _PyFunction_Vectorcall in <CONDA_ENV_PREFIX>/bin/python
35# 0x00005637EFF5CC50 in <CONDA_ENV_PREFIX>/bin/python
36# 0x00005637EFE72745 in <CONDA_ENV_PREFIX>/bin/python
37# 0x00005637EFEA31AA in <CONDA_ENV_PREFIX>/bin/python
38# PyObject_Vectorcall in <CONDA_ENV_PREFIX>/bin/python
39# _PyEval_EvalFrameDefault in <CONDA_ENV_PREFIX>/bin/python
40# _PyFunction_Vectorcall in <CONDA_ENV_PREFIX>/bin/python
41# _PyEval_EvalFrameDefault in <CONDA_ENV_PREFIX>/bin/python
42# _PyFunction_Vectorcall in <CONDA_ENV_PREFIX>/bin/python
43# _PyEval_EvalFrameDefault in <CONDA_ENV_PREFIX>/bin/python
44# _PyFunction_Vectorcall in <CONDA_ENV_PREFIX>/bin/python
45# 0x00005637EFE5E979 in <CONDA_ENV_PREFIX>/bin/python
46# _PyObject_MakeTpCall in <CONDA_ENV_PREFIX>/bin/python
47# _PyEval_EvalFrameDefault in <CONDA_ENV_PREFIX>/bin/python
48# _PyFunction_Vectorcall in <CONDA_ENV_PREFIX>/bin/python
49# 0x00005637EFE5EA1D in <CONDA_ENV_PREFIX>/bin/python
50# _PyObject_MakeTpCall in <CONDA_ENV_PREFIX>/bin/python
51# _PyEval_EvalFrameDefault in <CONDA_ENV_PREFIX>/bin/python
52# 0x00005637EFEE9B0D in <CONDA_ENV_PREFIX>/bin/python
53# PyEval_EvalCode in <CONDA_ENV_PREFIX>/bin/python
54# 0x00005637EFF071AA in <CONDA_ENV_PREFIX>/bin/python
55# 0x00005637EFF02E33 in <CONDA_ENV_PREFIX>/bin/python
56# 0x00005637EFF183D0 in <CONDA_ENV_PREFIX>/bin/python
57# _PyRun_SimpleFileObject in <CONDA_ENV_PREFIX>/bin/python
58# _PyRun_AnyFileObject in <CONDA_ENV_PREFIX>/bin/python
59# Py_RunMain in <CONDA_ENV_PREFIX>/bin/python
60# Py_BytesMain in <CONDA_ENV_PREFIX>/bin/python
61# 0x00007F5FD2B61D90 in /lib/x86_64-linux-gnu/libc.so.6
62# __libc_start_main in /lib/x86_64-linux-gnu/libc.so.6
63# 0x00005637EFED937A in <CONDA_ENV_PREFIX>/bin/python
----------
****

[20:30:11] UFFTYPER: Unrecognized atom type: S_5+6 (2)
[20:30:11] UFFTYPER: Unrecognized atom type: S_5+6 (2)
[20:30:11] 

****
Pre-condition Violation
bad params pointer
Violation occurred on line 79 in file /home/conda/feedstock_root/build_artifacts/rdkit-meta_1745736747213/work/Code/ForceField/UFF/AngleBend.cpp
Failed Expression: at2Params
----------
Stacktrace:
 0# Invar::Invariant::toString[abi:cxx11]() const in <CONDA_ENV_PREFIX>/lib/python3.11/site-packages/rdkit/../../../libRDKitRDGeneral.so.1
 1# Invar::operator<<(std::ostream&, Invar::Invariant const&) in <CONDA_ENV_PREFIX>/lib/python3.11/site-packages/rdkit/../../../libRDKitRDGeneral.so.1
 2# ForceFields::UFF::AngleBendContrib::AngleBendContrib(ForceFields::ForceField*, unsigned int, unsigned int, unsigned int, double, double, ForceFields::UFF::AtomicParams const*, ForceFields::UFF::AtomicParams const*, ForceFields::UFF::AtomicParams const*, unsigned int) in <CONDA_ENV_PREFIX>/lib/python3.11/site-packages/rdkit/ForceField/../../../../libRDKitForceField.so.1
 3# RDKit::UFF::Tools::addTrigonalBipyramidAngles(RDKit::Atom const*, RDKit::ROMol const&, int, std::vector<ForceFields::UFF::AtomicParams const*, std::allocator<ForceFields::UFF::AtomicParams const*> > const&, ForceFields::ForceField*) in <CONDA_ENV_PREFIX>/lib/python3.11/site-packages/rdkit/ForceField/../../../../libRDKitForceFieldHelpers.so.1
 4# RDKit::UFF::Tools::addAngleSpecialCases(RDKit::ROMol const&, int, std::vector<ForceFields::UFF::AtomicParams const*, std::allocator<ForceFields::UFF::AtomicParams const*> > const&, ForceFields::ForceField*) in <CONDA_ENV_PREFIX>/lib/python3.11/site-packages/rdkit/ForceField/../../../../libRDKitForceFieldHelpers.so.1
 5# RDKit::UFF::constructForceField(RDKit::ROMol&, std::vector<ForceFields::UFF::AtomicParams const*, std::allocator<ForceFields::UFF::AtomicParams const*> > const&, double, int, bool) in <CONDA_ENV_PREFIX>/lib/python3.11/site-packages/rdkit/ForceField/../../../../libRDKitForceFieldHelpers.so.1
 6# RDKit::UFF::constructForceField(RDKit::ROMol&, double, int, bool) in <CONDA_ENV_PREFIX>/lib/python3.11/site-packages/rdkit/ForceField/../../../../libRDKitForceFieldHelpers.so.1
 7# RDKit::UFFHelper(RDKit::ROMol&, int, double, int, bool) in <CONDA_ENV_PREFIX>/lib/python3.11/site-packages/rdkit/Chem/rdForceFieldHelpers.so
 8# 0x00007F5FC1F8403D in <CONDA_ENV_PREFIX>/lib/python3.11/site-packages/rdkit/Chem/rdForceFieldHelpers.so
 9# boost::python::objects::function::call(_object*, _object*) const in <CONDA_ENV_PREFIX>/lib/python3.11/site-packages/rdkit/../../../libboost_python311.so.1.86.0
10# 0x00007F5FC3EDD449 in <CONDA_ENV_PREFIX>/lib/python3.11/site-packages/rdkit/../../../libboost_python311.so.1.86.0
11# boost::python::detail::exception_handler::operator()(boost::function_n<void> const&) const in <CONDA_ENV_PREFIX>/lib/python3.11/site-packages/rdkit/../../../libboost_python311.so.1.86.0
12# 0x00007F5FC1C3DC04 in <CONDA_ENV_PREFIX>/lib/python3.11/site-packages/rdkit/Chem/rdSLNParse.so
13# 0x00007F5FC202B354 in <CONDA_ENV_PREFIX>/lib/python3.11/site-packages/rdkit/Chem/rdDepictor.so
14# 0x00007F5FC22C9DD4 in <CONDA_ENV_PREFIX>/lib/python3.11/site-packages/rdkit/Chem/rdChemReactions.so
15# 0x00007F5FC22C9E24 in <CONDA_ENV_PREFIX>/lib/python3.11/site-packages/rdkit/Chem/rdChemReactions.so
16# 0x00007F5FC2442B94 in <CONDA_ENV_PREFIX>/lib/python3.11/site-packages/rdkit/Chem/rdMolChemicalFeatures.so
17# 0x00007F5FC2EBA9B4 in <CONDA_ENV_PREFIX>/lib/python3.11/site-packages/rdkit/Chem/rdmolfiles.so
18# 0x00007F5FC2EBAA04 in <CONDA_ENV_PREFIX>/lib/python3.11/site-packages/rdkit/Chem/rdmolfiles.so
19# 0x00007F5FC2FD4B04 in <CONDA_ENV_PREFIX>/lib/python3.11/site-packages/rdkit/Chem/rdCIPLabeler.so
20# 0x00007F5FC39A9174 in <CONDA_ENV_PREFIX>/lib/python3.11/site-packages/rdkit/Chem/rdchem.so
21# 0x00007F5FC393DAAD in <CONDA_ENV_PREFIX>/lib/python3.11/site-packages/rdkit/Chem/rdchem.so
22# 0x00007F5FC393D6AD in <CONDA_ENV_PREFIX>/lib/python3.11/site-packages/rdkit/Chem/rdchem.so
23# 0x00007F5FC393D2AD in <CONDA_ENV_PREFIX>/lib/python3.11/site-packages/rdkit/Chem/rdchem.so
24# 0x00007F5FC393CEAD in <CONDA_ENV_PREFIX>/lib/python3.11/site-packages/rdkit/Chem/rdchem.so
25# 0x00007F5FC393CAAD in <CONDA_ENV_PREFIX>/lib/python3.11/site-packages/rdkit/Chem/rdchem.so
26# 0x00007F5FC3FB1E54 in <CONDA_ENV_PREFIX>/lib/python3.11/site-packages/rdkit/rdBase.so
27# 0x00007F5FC3FB1EA4 in <CONDA_ENV_PREFIX>/lib/python3.11/site-packages/rdkit/rdBase.so
28# 0x00007F5FC3FB1EF4 in <CONDA_ENV_PREFIX>/lib/python3.11/site-packages/rdkit/rdBase.so
29# 0x00007F5FC3FB1F44 in <CONDA_ENV_PREFIX>/lib/python3.11/site-packages/rdkit/rdBase.so
30# boost::python::handle_exception_impl(boost::function_n<void>) in <CONDA_ENV_PREFIX>/lib/python3.11/site-packages/rdkit/../../../libboost_python311.so.1.86.0
31# 0x00007F5FC3EDA9B3 in <CONDA_ENV_PREFIX>/lib/python3.11/site-packages/rdkit/../../../libboost_python311.so.1.86.0
32# _PyObject_MakeTpCall in <CONDA_ENV_PREFIX>/bin/python
33# _PyEval_EvalFrameDefault in <CONDA_ENV_PREFIX>/bin/python
34# _PyFunction_Vectorcall in <CONDA_ENV_PREFIX>/bin/python
35# 0x00005637EFF5CC50 in <CONDA_ENV_PREFIX>/bin/python
36# 0x00005637EFE72745 in <CONDA_ENV_PREFIX>/bin/python
37# 0x00005637EFEA31AA in <CONDA_ENV_PREFIX>/bin/python
38# PyObject_Vectorcall in <CONDA_ENV_PREFIX>/bin/python
39# _PyEval_EvalFrameDefault in <CONDA_ENV_PREFIX>/bin/python
40# _PyFunction_Vectorcall in <CONDA_ENV_PREFIX>/bin/python
41# _PyEval_EvalFrameDefault in <CONDA_ENV_PREFIX>/bin/python
42# _PyFunction_Vectorcall in <CONDA_ENV_PREFIX>/bin/python
43# _PyEval_EvalFrameDefault in <CONDA_ENV_PREFIX>/bin/python
44# _PyFunction_Vectorcall in <CONDA_ENV_PREFIX>/bin/python
45# 0x00005637EFE5E979 in <CONDA_ENV_PREFIX>/bin/python
46# _PyObject_MakeTpCall in <CONDA_ENV_PREFIX>/bin/python
47# _PyEval_EvalFrameDefault in <CONDA_ENV_PREFIX>/bin/python
48# _PyFunction_Vectorcall in <CONDA_ENV_PREFIX>/bin/python
49# 0x00005637EFE5EA1D in <CONDA_ENV_PREFIX>/bin/python
50# _PyObject_MakeTpCall in <CONDA_ENV_PREFIX>/bin/python
51# _PyEval_EvalFrameDefault in <CONDA_ENV_PREFIX>/bin/python
52# 0x00005637EFEE9B0D in <CONDA_ENV_PREFIX>/bin/python
53# PyEval_EvalCode in <CONDA_ENV_PREFIX>/bin/python
54# 0x00005637EFF071AA in <CONDA_ENV_PREFIX>/bin/python
55# 0x00005637EFF02E33 in <CONDA_ENV_PREFIX>/bin/python
56# 0x00005637EFF183D0 in <CONDA_ENV_PREFIX>/bin/python
57# _PyRun_SimpleFileObject in <CONDA_ENV_PREFIX>/bin/python
58# _PyRun_AnyFileObject in <CONDA_ENV_PREFIX>/bin/python
59# Py_RunMain in <CONDA_ENV_PREFIX>/bin/python
60# Py_BytesMain in <CONDA_ENV_PREFIX>/bin/python
61# 0x00007F5FD2B61D90 in /lib/x86_64-linux-gnu/libc.so.6
62# __libc_start_main in /lib/x86_64-linux-gnu/libc.so.6
63# 0x00005637EFED937A in <CONDA_ENV_PREFIX>/bin/python
----------
****

[20:30:11] UFFTYPER: Unrecognized atom type: S_5+6 (2)
[20:30:11] UFFTYPER: Unrecognized atom type: S_5+6 (2)
[20:30:11] 

****
Pre-condition Violation
bad params pointer
Violation occurred on line 79 in file /home/conda/feedstock_root/build_artifacts/rdkit-meta_1745736747213/work/Code/ForceField/UFF/AngleBend.cpp
Failed Expression: at2Params
----------
Stacktrace:
 0# Invar::Invariant::toString[abi:cxx11]() const in <CONDA_ENV_PREFIX>/lib/python3.11/site-packages/rdkit/../../../libRDKitRDGeneral.so.1
 1# Invar::operator<<(std::ostream&, Invar::Invariant const&) in <CONDA_ENV_PREFIX>/lib/python3.11/site-packages/rdkit/../../../libRDKitRDGeneral.so.1
 2# ForceFields::UFF::AngleBendContrib::AngleBendContrib(ForceFields::ForceField*, unsigned int, unsigned int, unsigned int, double, double, ForceFields::UFF::AtomicParams const*, ForceFields::UFF::AtomicParams const*, ForceFields::UFF::AtomicParams const*, unsigned int) in <CONDA_ENV_PREFIX>/lib/python3.11/site-packages/rdkit/ForceField/../../../../libRDKitForceField.so.1
 3# RDKit::UFF::Tools::addTrigonalBipyramidAngles(RDKit::Atom const*, RDKit::ROMol const&, int, std::vector<ForceFields::UFF::AtomicParams const*, std::allocator<ForceFields::UFF::AtomicParams const*> > const&, ForceFields::ForceField*) in <CONDA_ENV_PREFIX>/lib/python3.11/site-packages/rdkit/ForceField/../../../../libRDKitForceFieldHelpers.so.1
 4# RDKit::UFF::Tools::addAngleSpecialCases(RDKit::ROMol const&, int, std::vector<ForceFields::UFF::AtomicParams const*, std::allocator<ForceFields::UFF::AtomicParams const*> > const&, ForceFields::ForceField*) in <CONDA_ENV_PREFIX>/lib/python3.11/site-packages/rdkit/ForceField/../../../../libRDKitForceFieldHelpers.so.1
 5# RDKit::UFF::constructForceField(RDKit::ROMol&, std::vector<ForceFields::UFF::AtomicParams const*, std::allocator<ForceFields::UFF::AtomicParams const*> > const&, double, int, bool) in <CONDA_ENV_PREFIX>/lib/python3.11/site-packages/rdkit/ForceField/../../../../libRDKitForceFieldHelpers.so.1
 6# RDKit::UFF::constructForceField(RDKit::ROMol&, double, int, bool) in <CONDA_ENV_PREFIX>/lib/python3.11/site-packages/rdkit/ForceField/../../../../libRDKitForceFieldHelpers.so.1
 7# RDKit::UFFHelper(RDKit::ROMol&, int, double, int, bool) in <CONDA_ENV_PREFIX>/lib/python3.11/site-packages/rdkit/Chem/rdForceFieldHelpers.so
 8# 0x00007F5FC1F8403D in <CONDA_ENV_PREFIX>/lib/python3.11/site-packages/rdkit/Chem/rdForceFieldHelpers.so
 9# boost::python::objects::function::call(_object*, _object*) const in <CONDA_ENV_PREFIX>/lib/python3.11/site-packages/rdkit/../../../libboost_python311.so.1.86.0
10# 0x00007F5FC3EDD449 in <CONDA_ENV_PREFIX>/lib/python3.11/site-packages/rdkit/../../../libboost_python311.so.1.86.0
11# boost::python::detail::exception_handler::operator()(boost::function_n<void> const&) const in <CONDA_ENV_PREFIX>/lib/python3.11/site-packages/rdkit/../../../libboost_python311.so.1.86.0
12# 0x00007F5FC1C3DC04 in <CONDA_ENV_PREFIX>/lib/python3.11/site-packages/rdkit/Chem/rdSLNParse.so
13# 0x00007F5FC202B354 in <CONDA_ENV_PREFIX>/lib/python3.11/site-packages/rdkit/Chem/rdDepictor.so
14# 0x00007F5FC22C9DD4 in <CONDA_ENV_PREFIX>/lib/python3.11/site-packages/rdkit/Chem/rdChemReactions.so
15# 0x00007F5FC22C9E24 in <CONDA_ENV_PREFIX>/lib/python3.11/site-packages/rdkit/Chem/rdChemReactions.so
16# 0x00007F5FC2442B94 in <CONDA_ENV_PREFIX>/lib/python3.11/site-packages/rdkit/Chem/rdMolChemicalFeatures.so
17# 0x00007F5FC2EBA9B4 in <CONDA_ENV_PREFIX>/lib/python3.11/site-packages/rdkit/Chem/rdmolfiles.so
18# 0x00007F5FC2EBAA04 in <CONDA_ENV_PREFIX>/lib/python3.11/site-packages/rdkit/Chem/rdmolfiles.so
19# 0x00007F5FC2FD4B04 in <CONDA_ENV_PREFIX>/lib/python3.11/site-packages/rdkit/Chem/rdCIPLabeler.so
20# 0x00007F5FC39A9174 in <CONDA_ENV_PREFIX>/lib/python3.11/site-packages/rdkit/Chem/rdchem.so
21# 0x00007F5FC393DAAD in <CONDA_ENV_PREFIX>/lib/python3.11/site-packages/rdkit/Chem/rdchem.so
22# 0x00007F5FC393D6AD in <CONDA_ENV_PREFIX>/lib/python3.11/site-packages/rdkit/Chem/rdchem.so
23# 0x00007F5FC393D2AD in <CONDA_ENV_PREFIX>/lib/python3.11/site-packages/rdkit/Chem/rdchem.so
24# 0x00007F5FC393CEAD in <CONDA_ENV_PREFIX>/lib/python3.11/site-packages/rdkit/Chem/rdchem.so
25# 0x00007F5FC393CAAD in <CONDA_ENV_PREFIX>/lib/python3.11/site-packages/rdkit/Chem/rdchem.so
26# 0x00007F5FC3FB1E54 in <CONDA_ENV_PREFIX>/lib/python3.11/site-packages/rdkit/rdBase.so
27# 0x00007F5FC3FB1EA4 in <CONDA_ENV_PREFIX>/lib/python3.11/site-packages/rdkit/rdBase.so
28# 0x00007F5FC3FB1EF4 in <CONDA_ENV_PREFIX>/lib/python3.11/site-packages/rdkit/rdBase.so
29# 0x00007F5FC3FB1F44 in <CONDA_ENV_PREFIX>/lib/python3.11/site-packages/rdkit/rdBase.so
30# boost::python::handle_exception_impl(boost::function_n<void>) in <CONDA_ENV_PREFIX>/lib/python3.11/site-packages/rdkit/../../../libboost_python311.so.1.86.0
31# 0x00007F5FC3EDA9B3 in <CONDA_ENV_PREFIX>/lib/python3.11/site-packages/rdkit/../../../libboost_python311.so.1.86.0
32# _PyObject_MakeTpCall in <CONDA_ENV_PREFIX>/bin/python
33# _PyEval_EvalFrameDefault in <CONDA_ENV_PREFIX>/bin/python
34# _PyFunction_Vectorcall in <CONDA_ENV_PREFIX>/bin/python
35# 0x00005637EFF5CC50 in <CONDA_ENV_PREFIX>/bin/python
36# 0x00005637EFE72745 in <CONDA_ENV_PREFIX>/bin/python
37# 0x00005637EFEA31AA in <CONDA_ENV_PREFIX>/bin/python
38# PyObject_Vectorcall in <CONDA_ENV_PREFIX>/bin/python
39# _PyEval_EvalFrameDefault in <CONDA_ENV_PREFIX>/bin/python
40# _PyFunction_Vectorcall in <CONDA_ENV_PREFIX>/bin/python
41# _PyEval_EvalFrameDefault in <CONDA_ENV_PREFIX>/bin/python
42# _PyFunction_Vectorcall in <CONDA_ENV_PREFIX>/bin/python
43# _PyEval_EvalFrameDefault in <CONDA_ENV_PREFIX>/bin/python
44# _PyFunction_Vectorcall in <CONDA_ENV_PREFIX>/bin/python
45# 0x00005637EFE5E979 in <CONDA_ENV_PREFIX>/bin/python
46# _PyObject_MakeTpCall in <CONDA_ENV_PREFIX>/bin/python
47# _PyEval_EvalFrameDefault in <CONDA_ENV_PREFIX>/bin/python
48# _PyFunction_Vectorcall in <CONDA_ENV_PREFIX>/bin/python
49# 0x00005637EFE5EA1D in <CONDA_ENV_PREFIX>/bin/python
50# _PyObject_MakeTpCall in <CONDA_ENV_PREFIX>/bin/python
51# _PyEval_EvalFrameDefault in <CONDA_ENV_PREFIX>/bin/python
52# 0x00005637EFEE9B0D in <CONDA_ENV_PREFIX>/bin/python
53# PyEval_EvalCode in <CONDA_ENV_PREFIX>/bin/python
54# 0x00005637EFF071AA in <CONDA_ENV_PREFIX>/bin/python
55# 0x00005637EFF02E33 in <CONDA_ENV_PREFIX>/bin/python
56# 0x00005637EFF183D0 in <CONDA_ENV_PREFIX>/bin/python
57# _PyRun_SimpleFileObject in <CONDA_ENV_PREFIX>/bin/python
58# _PyRun_AnyFileObject in <CONDA_ENV_PREFIX>/bin/python
59# Py_RunMain in <CONDA_ENV_PREFIX>/bin/python
60# Py_BytesMain in <CONDA_ENV_PREFIX>/bin/python
61# 0x00007F5FD2B61D90 in /lib/x86_64-linux-gnu/libc.so.6
62# __libc_start_main in /lib/x86_64-linux-gnu/libc.so.6
63# 0x00005637EFED937A in <CONDA_ENV_PREFIX>/bin/python
----------
****

[20:30:12] UFFTYPER: Unrecognized atom type: S_5+6 (2)
[20:30:12] UFFTYPER: Unrecognized atom type: S_5+6 (2)
[20:30:12] UFFTYPER: Unrecognized atom type: S_5+6 (2)
[20:30:12] 

****
Pre-condition Violation
bad params pointer
Violation occurred on line 79 in file /home/conda/feedstock_root/build_artifacts/rdkit-meta_1745736747213/work/Code/ForceField/UFF/AngleBend.cpp
Failed Expression: at2Params
----------
Stacktrace:
 0# Invar::Invariant::toString[abi:cxx11]() const in <CONDA_ENV_PREFIX>/lib/python3.11/site-packages/rdkit/../../../libRDKitRDGeneral.so.1
 1# Invar::operator<<(std::ostream&, Invar::Invariant const&) in <CONDA_ENV_PREFIX>/lib/python3.11/site-packages/rdkit/../../../libRDKitRDGeneral.so.1
 2# ForceFields::UFF::AngleBendContrib::AngleBendContrib(ForceFields::ForceField*, unsigned int, unsigned int, unsigned int, double, double, ForceFields::UFF::AtomicParams const*, ForceFields::UFF::AtomicParams const*, ForceFields::UFF::AtomicParams const*, unsigned int) in <CONDA_ENV_PREFIX>/lib/python3.11/site-packages/rdkit/ForceField/../../../../libRDKitForceField.so.1
 3# RDKit::UFF::Tools::addTrigonalBipyramidAngles(RDKit::Atom const*, RDKit::ROMol const&, int, std::vector<ForceFields::UFF::AtomicParams const*, std::allocator<ForceFields::UFF::AtomicParams const*> > const&, ForceFields::ForceField*) in <CONDA_ENV_PREFIX>/lib/python3.11/site-packages/rdkit/ForceField/../../../../libRDKitForceFieldHelpers.so.1
 4# RDKit::UFF::Tools::addAngleSpecialCases(RDKit::ROMol const&, int, std::vector<ForceFields::UFF::AtomicParams const*, std::allocator<ForceFields::UFF::AtomicParams const*> > const&, ForceFields::ForceField*) in <CONDA_ENV_PREFIX>/lib/python3.11/site-packages/rdkit/ForceField/../../../../libRDKitForceFieldHelpers.so.1
 5# RDKit::UFF::constructForceField(RDKit::ROMol&, std::vector<ForceFields::UFF::AtomicParams const*, std::allocator<ForceFields::UFF::AtomicParams const*> > const&, double, int, bool) in <CONDA_ENV_PREFIX>/lib/python3.11/site-packages/rdkit/ForceField/../../../../libRDKitForceFieldHelpers.so.1
 6# RDKit::UFF::constructForceField(RDKit::ROMol&, double, int, bool) in <CONDA_ENV_PREFIX>/lib/python3.11/site-packages/rdkit/ForceField/../../../../libRDKitForceFieldHelpers.so.1
 7# RDKit::UFFHelper(RDKit::ROMol&, int, double, int, bool) in <CONDA_ENV_PREFIX>/lib/python3.11/site-packages/rdkit/Chem/rdForceFieldHelpers.so
 8# 0x00007F5FC1F8403D in <CONDA_ENV_PREFIX>/lib/python3.11/site-packages/rdkit/Chem/rdForceFieldHelpers.so
 9# boost::python::objects::function::call(_object*, _object*) const in <CONDA_ENV_PREFIX>/lib/python3.11/site-packages/rdkit/../../../libboost_python311.so.1.86.0
10# 0x00007F5FC3EDD449 in <CONDA_ENV_PREFIX>/lib/python3.11/site-packages/rdkit/../../../libboost_python311.so.1.86.0
11# boost::python::detail::exception_handler::operator()(boost::function_n<void> const&) const in <CONDA_ENV_PREFIX>/lib/python3.11/site-packages/rdkit/../../../libboost_python311.so.1.86.0
12# 0x00007F5FC1C3DC04 in <CONDA_ENV_PREFIX>/lib/python3.11/site-packages/rdkit/Chem/rdSLNParse.so
13# 0x00007F5FC202B354 in <CONDA_ENV_PREFIX>/lib/python3.11/site-packages/rdkit/Chem/rdDepictor.so
14# 0x00007F5FC22C9DD4 in <CONDA_ENV_PREFIX>/lib/python3.11/site-packages/rdkit/Chem/rdChemReactions.so
15# 0x00007F5FC22C9E24 in <CONDA_ENV_PREFIX>/lib/python3.11/site-packages/rdkit/Chem/rdChemReactions.so
16# 0x00007F5FC2442B94 in <CONDA_ENV_PREFIX>/lib/python3.11/site-packages/rdkit/Chem/rdMolChemicalFeatures.so
17# 0x00007F5FC2EBA9B4 in <CONDA_ENV_PREFIX>/lib/python3.11/site-packages/rdkit/Chem/rdmolfiles.so
18# 0x00007F5FC2EBAA04 in <CONDA_ENV_PREFIX>/lib/python3.11/site-packages/rdkit/Chem/rdmolfiles.so
19# 0x00007F5FC2FD4B04 in <CONDA_ENV_PREFIX>/lib/python3.11/site-packages/rdkit/Chem/rdCIPLabeler.so
20# 0x00007F5FC39A9174 in <CONDA_ENV_PREFIX>/lib/python3.11/site-packages/rdkit/Chem/rdchem.so
21# 0x00007F5FC393DAAD in <CONDA_ENV_PREFIX>/lib/python3.11/site-packages/rdkit/Chem/rdchem.so
22# 0x00007F5FC393D6AD in <CONDA_ENV_PREFIX>/lib/python3.11/site-packages/rdkit/Chem/rdchem.so
23# 0x00007F5FC393D2AD in <CONDA_ENV_PREFIX>/lib/python3.11/site-packages/rdkit/Chem/rdchem.so
24# 0x00007F5FC393CEAD in <CONDA_ENV_PREFIX>/lib/python3.11/site-packages/rdkit/Chem/rdchem.so
25# 0x00007F5FC393CAAD in <CONDA_ENV_PREFIX>/lib/python3.11/site-packages/rdkit/Chem/rdchem.so
26# 0x00007F5FC3FB1E54 in <CONDA_ENV_PREFIX>/lib/python3.11/site-packages/rdkit/rdBase.so
27# 0x00007F5FC3FB1EA4 in <CONDA_ENV_PREFIX>/lib/python3.11/site-packages/rdkit/rdBase.so
28# 0x00007F5FC3FB1EF4 in <CONDA_ENV_PREFIX>/lib/python3.11/site-packages/rdkit/rdBase.so
29# 0x00007F5FC3FB1F44 in <CONDA_ENV_PREFIX>/lib/python3.11/site-packages/rdkit/rdBase.so
30# boost::python::handle_exception_impl(boost::function_n<void>) in <CONDA_ENV_PREFIX>/lib/python3.11/site-packages/rdkit/../../../libboost_python311.so.1.86.0
31# 0x00007F5FC3EDA9B3 in <CONDA_ENV_PREFIX>/lib/python3.11/site-packages/rdkit/../../../libboost_python311.so.1.86.0
32# _PyObject_MakeTpCall in <CONDA_ENV_PREFIX>/bin/python
33# _PyEval_EvalFrameDefault in <CONDA_ENV_PREFIX>/bin/python
34# _PyFunction_Vectorcall in <CONDA_ENV_PREFIX>/bin/python
35# 0x00005637EFF5CC50 in <CONDA_ENV_PREFIX>/bin/python
36# 0x00005637EFE72745 in <CONDA_ENV_PREFIX>/bin/python
37# 0x00005637EFEA31AA in <CONDA_ENV_PREFIX>/bin/python
38# PyObject_Vectorcall in <CONDA_ENV_PREFIX>/bin/python
39# _PyEval_EvalFrameDefault in <CONDA_ENV_PREFIX>/bin/python
40# _PyFunction_Vectorcall in <CONDA_ENV_PREFIX>/bin/python
41# _PyEval_EvalFrameDefault in <CONDA_ENV_PREFIX>/bin/python
42# _PyFunction_Vectorcall in <CONDA_ENV_PREFIX>/bin/python
43# _PyEval_EvalFrameDefault in <CONDA_ENV_PREFIX>/bin/python
44# _PyFunction_Vectorcall in <CONDA_ENV_PREFIX>/bin/python
45# 0x00005637EFE5E979 in <CONDA_ENV_PREFIX>/bin/python
46# _PyObject_MakeTpCall in <CONDA_ENV_PREFIX>/bin/python
47# _PyEval_EvalFrameDefault in <CONDA_ENV_PREFIX>/bin/python
48# _PyFunction_Vectorcall in <CONDA_ENV_PREFIX>/bin/python
49# 0x00005637EFE5EA1D in <CONDA_ENV_PREFIX>/bin/python
50# _PyObject_MakeTpCall in <CONDA_ENV_PREFIX>/bin/python
51# _PyEval_EvalFrameDefault in <CONDA_ENV_PREFIX>/bin/python
52# 0x00005637EFEE9B0D in <CONDA_ENV_PREFIX>/bin/python
53# PyEval_EvalCode in <CONDA_ENV_PREFIX>/bin/python
54# 0x00005637EFF071AA in <CONDA_ENV_PREFIX>/bin/python
55# 0x00005637EFF02E33 in <CONDA_ENV_PREFIX>/bin/python
56# 0x00005637EFF183D0 in <CONDA_ENV_PREFIX>/bin/python
57# _PyRun_SimpleFileObject in <CONDA_ENV_PREFIX>/bin/python
58# _PyRun_AnyFileObject in <CONDA_ENV_PREFIX>/bin/python
59# Py_RunMain in <CONDA_ENV_PREFIX>/bin/python
60# Py_BytesMain in <CONDA_ENV_PREFIX>/bin/python
61# 0x00007F5FD2B61D90 in /lib/x86_64-linux-gnu/libc.so.6
62# __libc_start_main in /lib/x86_64-linux-gnu/libc.so.6
63# 0x00005637EFED937A in <CONDA_ENV_PREFIX>/bin/python
----------
****

[20:30:12] UFFTYPER: Unrecognized atom type: S_5+6 (2)
[20:30:12] 

****
Pre-condition Violation
bad params pointer
Violation occurred on line 79 in file /home/conda/feedstock_root/build_artifacts/rdkit-meta_1745736747213/work/Code/ForceField/UFF/AngleBend.cpp
Failed Expression: at2Params
----------
Stacktrace:
 0# Invar::Invariant::toString[abi:cxx11]() const in <CONDA_ENV_PREFIX>/lib/python3.11/site-packages/rdkit/../../../libRDKitRDGeneral.so.1
 1# Invar::operator<<(std::ostream&, Invar::Invariant const&) in <CONDA_ENV_PREFIX>/lib/python3.11/site-packages/rdkit/../../../libRDKitRDGeneral.so.1
 2# ForceFields::UFF::AngleBendContrib::AngleBendContrib(ForceFields::ForceField*, unsigned int, unsigned int, unsigned int, double, double, ForceFields::UFF::AtomicParams const*, ForceFields::UFF::AtomicParams const*, ForceFields::UFF::AtomicParams const*, unsigned int) in <CONDA_ENV_PREFIX>/lib/python3.11/site-packages/rdkit/ForceField/../../../../libRDKitForceField.so.1
 3# RDKit::UFF::Tools::addTrigonalBipyramidAngles(RDKit::Atom const*, RDKit::ROMol const&, int, std::vector<ForceFields::UFF::AtomicParams const*, std::allocator<ForceFields::UFF::AtomicParams const*> > const&, ForceFields::ForceField*) in <CONDA_ENV_PREFIX>/lib/python3.11/site-packages/rdkit/ForceField/../../../../libRDKitForceFieldHelpers.so.1
 4# RDKit::UFF::Tools::addAngleSpecialCases(RDKit::ROMol const&, int, std::vector<ForceFields::UFF::AtomicParams const*, std::allocator<ForceFields::UFF::AtomicParams const*> > const&, ForceFields::ForceField*) in <CONDA_ENV_PREFIX>/lib/python3.11/site-packages/rdkit/ForceField/../../../../libRDKitForceFieldHelpers.so.1
 5# RDKit::UFF::constructForceField(RDKit::ROMol&, std::vector<ForceFields::UFF::AtomicParams const*, std::allocator<ForceFields::UFF::AtomicParams const*> > const&, double, int, bool) in <CONDA_ENV_PREFIX>/lib/python3.11/site-packages/rdkit/ForceField/../../../../libRDKitForceFieldHelpers.so.1
 6# RDKit::UFF::constructForceField(RDKit::ROMol&, double, int, bool) in <CONDA_ENV_PREFIX>/lib/python3.11/site-packages/rdkit/ForceField/../../../../libRDKitForceFieldHelpers.so.1
 7# RDKit::UFFHelper(RDKit::ROMol&, int, double, int, bool) in <CONDA_ENV_PREFIX>/lib/python3.11/site-packages/rdkit/Chem/rdForceFieldHelpers.so
 8# 0x00007F5FC1F8403D in <CONDA_ENV_PREFIX>/lib/python3.11/site-packages/rdkit/Chem/rdForceFieldHelpers.so
 9# boost::python::objects::function::call(_object*, _object*) const in <CONDA_ENV_PREFIX>/lib/python3.11/site-packages/rdkit/../../../libboost_python311.so.1.86.0
10# 0x00007F5FC3EDD449 in <CONDA_ENV_PREFIX>/lib/python3.11/site-packages/rdkit/../../../libboost_python311.so.1.86.0
11# boost::python::detail::exception_handler::operator()(boost::function_n<void> const&) const in <CONDA_ENV_PREFIX>/lib/python3.11/site-packages/rdkit/../../../libboost_python311.so.1.86.0
12# 0x00007F5FC1C3DC04 in <CONDA_ENV_PREFIX>/lib/python3.11/site-packages/rdkit/Chem/rdSLNParse.so
13# 0x00007F5FC202B354 in <CONDA_ENV_PREFIX>/lib/python3.11/site-packages/rdkit/Chem/rdDepictor.so
14# 0x00007F5FC22C9DD4 in <CONDA_ENV_PREFIX>/lib/python3.11/site-packages/rdkit/Chem/rdChemReactions.so
15# 0x00007F5FC22C9E24 in <CONDA_ENV_PREFIX>/lib/python3.11/site-packages/rdkit/Chem/rdChemReactions.so
16# 0x00007F5FC2442B94 in <CONDA_ENV_PREFIX>/lib/python3.11/site-packages/rdkit/Chem/rdMolChemicalFeatures.so
17# 0x00007F5FC2EBA9B4 in <CONDA_ENV_PREFIX>/lib/python3.11/site-packages/rdkit/Chem/rdmolfiles.so
18# 0x00007F5FC2EBAA04 in <CONDA_ENV_PREFIX>/lib/python3.11/site-packages/rdkit/Chem/rdmolfiles.so
19# 0x00007F5FC2FD4B04 in <CONDA_ENV_PREFIX>/lib/python3.11/site-packages/rdkit/Chem/rdCIPLabeler.so
20# 0x00007F5FC39A9174 in <CONDA_ENV_PREFIX>/lib/python3.11/site-packages/rdkit/Chem/rdchem.so
21# 0x00007F5FC393DAAD in <CONDA_ENV_PREFIX>/lib/python3.11/site-packages/rdkit/Chem/rdchem.so
22# 0x00007F5FC393D6AD in <CONDA_ENV_PREFIX>/lib/python3.11/site-packages/rdkit/Chem/rdchem.so
23# 0x00007F5FC393D2AD in <CONDA_ENV_PREFIX>/lib/python3.11/site-packages/rdkit/Chem/rdchem.so
24# 0x00007F5FC393CEAD in <CONDA_ENV_PREFIX>/lib/python3.11/site-packages/rdkit/Chem/rdchem.so
25# 0x00007F5FC393CAAD in <CONDA_ENV_PREFIX>/lib/python3.11/site-packages/rdkit/Chem/rdchem.so
26# 0x00007F5FC3FB1E54 in <CONDA_ENV_PREFIX>/lib/python3.11/site-packages/rdkit/rdBase.so
27# 0x00007F5FC3FB1EA4 in <CONDA_ENV_PREFIX>/lib/python3.11/site-packages/rdkit/rdBase.so
28# 0x00007F5FC3FB1EF4 in <CONDA_ENV_PREFIX>/lib/python3.11/site-packages/rdkit/rdBase.so
29# 0x00007F5FC3FB1F44 in <CONDA_ENV_PREFIX>/lib/python3.11/site-packages/rdkit/rdBase.so
30# boost::python::handle_exception_impl(boost::function_n<void>) in <CONDA_ENV_PREFIX>/lib/python3.11/site-packages/rdkit/../../../libboost_python311.so.1.86.0
31# 0x00007F5FC3EDA9B3 in <CONDA_ENV_PREFIX>/lib/python3.11/site-packages/rdkit/../../../libboost_python311.so.1.86.0
32# _PyObject_MakeTpCall in <CONDA_ENV_PREFIX>/bin/python
33# _PyEval_EvalFrameDefault in <CONDA_ENV_PREFIX>/bin/python
34# _PyFunction_Vectorcall in <CONDA_ENV_PREFIX>/bin/python
35# 0x00005637EFF5CC50 in <CONDA_ENV_PREFIX>/bin/python
36# 0x00005637EFE72745 in <CONDA_ENV_PREFIX>/bin/python
37# 0x00005637EFEA31AA in <CONDA_ENV_PREFIX>/bin/python
38# PyObject_Vectorcall in <CONDA_ENV_PREFIX>/bin/python
39# _PyEval_EvalFrameDefault in <CONDA_ENV_PREFIX>/bin/python
40# _PyFunction_Vectorcall in <CONDA_ENV_PREFIX>/bin/python
41# _PyEval_EvalFrameDefault in <CONDA_ENV_PREFIX>/bin/python
42# _PyFunction_Vectorcall in <CONDA_ENV_PREFIX>/bin/python
43# _PyEval_EvalFrameDefault in <CONDA_ENV_PREFIX>/bin/python
44# _PyFunction_Vectorcall in <CONDA_ENV_PREFIX>/bin/python
45# 0x00005637EFE5E979 in <CONDA_ENV_PREFIX>/bin/python
46# _PyObject_MakeTpCall in <CONDA_ENV_PREFIX>/bin/python
47# _PyEval_EvalFrameDefault in <CONDA_ENV_PREFIX>/bin/python
48# _PyFunction_Vectorcall in <CONDA_ENV_PREFIX>/bin/python
49# 0x00005637EFE5EA1D in <CONDA_ENV_PREFIX>/bin/python
50# _PyObject_MakeTpCall in <CONDA_ENV_PREFIX>/bin/python
51# _PyEval_EvalFrameDefault in <CONDA_ENV_PREFIX>/bin/python
52# 0x00005637EFEE9B0D in <CONDA_ENV_PREFIX>/bin/python
53# PyEval_EvalCode in <CONDA_ENV_PREFIX>/bin/python
54# 0x00005637EFF071AA in <CONDA_ENV_PREFIX>/bin/python
55# 0x00005637EFF02E33 in <CONDA_ENV_PREFIX>/bin/python
56# 0x00005637EFF183D0 in <CONDA_ENV_PREFIX>/bin/python
57# _PyRun_SimpleFileObject in <CONDA_ENV_PREFIX>/bin/python
58# _PyRun_AnyFileObject in <CONDA_ENV_PREFIX>/bin/python
59# Py_RunMain in <CONDA_ENV_PREFIX>/bin/python
60# Py_BytesMain in <CONDA_ENV_PREFIX>/bin/python
61# 0x00007F5FD2B61D90 in /lib/x86_64-linux-gnu/libc.so.6
62# __libc_start_main in /lib/x86_64-linux-gnu/libc.so.6
63# 0x00005637EFED937A in <CONDA_ENV_PREFIX>/bin/python
----------
****

[20:30:13] UFFTYPER: Unrecognized atom type: S_5+6 (2)
[20:30:13] UFFTYPER: Unrecognized atom type: S_5+6 (2)
[20:30:13] 

****
Pre-condition Violation
bad params pointer
Violation occurred on line 79 in file /home/conda/feedstock_root/build_artifacts/rdkit-meta_1745736747213/work/Code/ForceField/UFF/AngleBend.cpp
Failed Expression: at2Params
----------
Stacktrace:
 0# Invar::Invariant::toString[abi:cxx11]() const in <CONDA_ENV_PREFIX>/lib/python3.11/site-packages/rdkit/../../../libRDKitRDGeneral.so.1
 1# Invar::operator<<(std::ostream&, Invar::Invariant const&) in <CONDA_ENV_PREFIX>/lib/python3.11/site-packages/rdkit/../../../libRDKitRDGeneral.so.1
 2# ForceFields::UFF::AngleBendContrib::AngleBendContrib(ForceFields::ForceField*, unsigned int, unsigned int, unsigned int, double, double, ForceFields::UFF::AtomicParams const*, ForceFields::UFF::AtomicParams const*, ForceFields::UFF::AtomicParams const*, unsigned int) in <CONDA_ENV_PREFIX>/lib/python3.11/site-packages/rdkit/ForceField/../../../../libRDKitForceField.so.1
 3# RDKit::UFF::Tools::addTrigonalBipyramidAngles(RDKit::Atom const*, RDKit::ROMol const&, int, std::vector<ForceFields::UFF::AtomicParams const*, std::allocator<ForceFields::UFF::AtomicParams const*> > const&, ForceFields::ForceField*) in <CONDA_ENV_PREFIX>/lib/python3.11/site-packages/rdkit/ForceField/../../../../libRDKitForceFieldHelpers.so.1
 4# RDKit::UFF::Tools::addAngleSpecialCases(RDKit::ROMol const&, int, std::vector<ForceFields::UFF::AtomicParams const*, std::allocator<ForceFields::UFF::AtomicParams const*> > const&, ForceFields::ForceField*) in <CONDA_ENV_PREFIX>/lib/python3.11/site-packages/rdkit/ForceField/../../../../libRDKitForceFieldHelpers.so.1
 5# RDKit::UFF::constructForceField(RDKit::ROMol&, std::vector<ForceFields::UFF::AtomicParams const*, std::allocator<ForceFields::UFF::AtomicParams const*> > const&, double, int, bool) in <CONDA_ENV_PREFIX>/lib/python3.11/site-packages/rdkit/ForceField/../../../../libRDKitForceFieldHelpers.so.1
 6# RDKit::UFF::constructForceField(RDKit::ROMol&, double, int, bool) in <CONDA_ENV_PREFIX>/lib/python3.11/site-packages/rdkit/ForceField/../../../../libRDKitForceFieldHelpers.so.1
 7# RDKit::UFFHelper(RDKit::ROMol&, int, double, int, bool) in <CONDA_ENV_PREFIX>/lib/python3.11/site-packages/rdkit/Chem/rdForceFieldHelpers.so
 8# 0x00007F5FC1F8403D in <CONDA_ENV_PREFIX>/lib/python3.11/site-packages/rdkit/Chem/rdForceFieldHelpers.so
 9# boost::python::objects::function::call(_object*, _object*) const in <CONDA_ENV_PREFIX>/lib/python3.11/site-packages/rdkit/../../../libboost_python311.so.1.86.0
10# 0x00007F5FC3EDD449 in <CONDA_ENV_PREFIX>/lib/python3.11/site-packages/rdkit/../../../libboost_python311.so.1.86.0
11# boost::python::detail::exception_handler::operator()(boost::function_n<void> const&) const in <CONDA_ENV_PREFIX>/lib/python3.11/site-packages/rdkit/../../../libboost_python311.so.1.86.0
12# 0x00007F5FC1C3DC04 in <CONDA_ENV_PREFIX>/lib/python3.11/site-packages/rdkit/Chem/rdSLNParse.so
13# 0x00007F5FC202B354 in <CONDA_ENV_PREFIX>/lib/python3.11/site-packages/rdkit/Chem/rdDepictor.so
14# 0x00007F5FC22C9DD4 in <CONDA_ENV_PREFIX>/lib/python3.11/site-packages/rdkit/Chem/rdChemReactions.so
15# 0x00007F5FC22C9E24 in <CONDA_ENV_PREFIX>/lib/python3.11/site-packages/rdkit/Chem/rdChemReactions.so
16# 0x00007F5FC2442B94 in <CONDA_ENV_PREFIX>/lib/python3.11/site-packages/rdkit/Chem/rdMolChemicalFeatures.so
17# 0x00007F5FC2EBA9B4 in <CONDA_ENV_PREFIX>/lib/python3.11/site-packages/rdkit/Chem/rdmolfiles.so
18# 0x00007F5FC2EBAA04 in <CONDA_ENV_PREFIX>/lib/python3.11/site-packages/rdkit/Chem/rdmolfiles.so
19# 0x00007F5FC2FD4B04 in <CONDA_ENV_PREFIX>/lib/python3.11/site-packages/rdkit/Chem/rdCIPLabeler.so
20# 0x00007F5FC39A9174 in <CONDA_ENV_PREFIX>/lib/python3.11/site-packages/rdkit/Chem/rdchem.so
21# 0x00007F5FC393DAAD in <CONDA_ENV_PREFIX>/lib/python3.11/site-packages/rdkit/Chem/rdchem.so
22# 0x00007F5FC393D6AD in <CONDA_ENV_PREFIX>/lib/python3.11/site-packages/rdkit/Chem/rdchem.so
23# 0x00007F5FC393D2AD in <CONDA_ENV_PREFIX>/lib/python3.11/site-packages/rdkit/Chem/rdchem.so
24# 0x00007F5FC393CEAD in <CONDA_ENV_PREFIX>/lib/python3.11/site-packages/rdkit/Chem/rdchem.so
25# 0x00007F5FC393CAAD in <CONDA_ENV_PREFIX>/lib/python3.11/site-packages/rdkit/Chem/rdchem.so
26# 0x00007F5FC3FB1E54 in <CONDA_ENV_PREFIX>/lib/python3.11/site-packages/rdkit/rdBase.so
27# 0x00007F5FC3FB1EA4 in <CONDA_ENV_PREFIX>/lib/python3.11/site-packages/rdkit/rdBase.so
28# 0x00007F5FC3FB1EF4 in <CONDA_ENV_PREFIX>/lib/python3.11/site-packages/rdkit/rdBase.so
29# 0x00007F5FC3FB1F44 in <CONDA_ENV_PREFIX>/lib/python3.11/site-packages/rdkit/rdBase.so
30# boost::python::handle_exception_impl(boost::function_n<void>) in <CONDA_ENV_PREFIX>/lib/python3.11/site-packages/rdkit/../../../libboost_python311.so.1.86.0
31# 0x00007F5FC3EDA9B3 in <CONDA_ENV_PREFIX>/lib/python3.11/site-packages/rdkit/../../../libboost_python311.so.1.86.0
32# _PyObject_MakeTpCall in <CONDA_ENV_PREFIX>/bin/python
33# _PyEval_EvalFrameDefault in <CONDA_ENV_PREFIX>/bin/python
34# _PyFunction_Vectorcall in <CONDA_ENV_PREFIX>/bin/python
35# 0x00005637EFF5CC50 in <CONDA_ENV_PREFIX>/bin/python
36# 0x00005637EFE72745 in <CONDA_ENV_PREFIX>/bin/python
37# 0x00005637EFEA31AA in <CONDA_ENV_PREFIX>/bin/python
38# PyObject_Vectorcall in <CONDA_ENV_PREFIX>/bin/python
39# _PyEval_EvalFrameDefault in <CONDA_ENV_PREFIX>/bin/python
40# _PyFunction_Vectorcall in <CONDA_ENV_PREFIX>/bin/python
41# _PyEval_EvalFrameDefault in <CONDA_ENV_PREFIX>/bin/python
42# _PyFunction_Vectorcall in <CONDA_ENV_PREFIX>/bin/python
43# _PyEval_EvalFrameDefault in <CONDA_ENV_PREFIX>/bin/python
44# _PyFunction_Vectorcall in <CONDA_ENV_PREFIX>/bin/python
45# 0x00005637EFE5E979 in <CONDA_ENV_PREFIX>/bin/python
46# _PyObject_MakeTpCall in <CONDA_ENV_PREFIX>/bin/python
47# _PyEval_EvalFrameDefault in <CONDA_ENV_PREFIX>/bin/python
48# _PyFunction_Vectorcall in <CONDA_ENV_PREFIX>/bin/python
49# 0x00005637EFE5EA1D in <CONDA_ENV_PREFIX>/bin/python
50# _PyObject_MakeTpCall in <CONDA_ENV_PREFIX>/bin/python
51# _PyEval_EvalFrameDefault in <CONDA_ENV_PREFIX>/bin/python
52# 0x00005637EFEE9B0D in <CONDA_ENV_PREFIX>/bin/python
53# PyEval_EvalCode in <CONDA_ENV_PREFIX>/bin/python
54# 0x00005637EFF071AA in <CONDA_ENV_PREFIX>/bin/python
55# 0x00005637EFF02E33 in <CONDA_ENV_PREFIX>/bin/python
56# 0x00005637EFF183D0 in <CONDA_ENV_PREFIX>/bin/python
57# _PyRun_SimpleFileObject in <CONDA_ENV_PREFIX>/bin/python
58# _PyRun_AnyFileObject in <CONDA_ENV_PREFIX>/bin/python
59# Py_RunMain in <CONDA_ENV_PREFIX>/bin/python
60# Py_BytesMain in <CONDA_ENV_PREFIX>/bin/python
61# 0x00007F5FD2B61D90 in /lib/x86_64-linux-gnu/libc.so.6
62# __libc_start_main in /lib/x86_64-linux-gnu/libc.so.6
63# 0x00005637EFED937A in <CONDA_ENV_PREFIX>/bin/python
----------
****

[20:30:13] UFFTYPER: Unrecognized atom type: S_5+6 (2)
[20:30:13] UFFTYPER: Unrecognized atom type: S_5+6 (2)
[20:30:13] 

****
Pre-condition Violation
bad params pointer
Violation occurred on line 79 in file /home/conda/feedstock_root/build_artifacts/rdkit-meta_1745736747213/work/Code/ForceField/UFF/AngleBend.cpp
Failed Expression: at2Params
----------
Stacktrace:
 0# Invar::Invariant::toString[abi:cxx11]() const in <CONDA_ENV_PREFIX>/lib/python3.11/site-packages/rdkit/../../../libRDKitRDGeneral.so.1
 1# Invar::operator<<(std::ostream&, Invar::Invariant const&) in <CONDA_ENV_PREFIX>/lib/python3.11/site-packages/rdkit/../../../libRDKitRDGeneral.so.1
 2# ForceFields::UFF::AngleBendContrib::AngleBendContrib(ForceFields::ForceField*, unsigned int, unsigned int, unsigned int, double, double, ForceFields::UFF::AtomicParams const*, ForceFields::UFF::AtomicParams const*, ForceFields::UFF::AtomicParams const*, unsigned int) in <CONDA_ENV_PREFIX>/lib/python3.11/site-packages/rdkit/ForceField/../../../../libRDKitForceField.so.1
 3# RDKit::UFF::Tools::addTrigonalBipyramidAngles(RDKit::Atom const*, RDKit::ROMol const&, int, std::vector<ForceFields::UFF::AtomicParams const*, std::allocator<ForceFields::UFF::AtomicParams const*> > const&, ForceFields::ForceField*) in <CONDA_ENV_PREFIX>/lib/python3.11/site-packages/rdkit/ForceField/../../../../libRDKitForceFieldHelpers.so.1
 4# RDKit::UFF::Tools::addAngleSpecialCases(RDKit::ROMol const&, int, std::vector<ForceFields::UFF::AtomicParams const*, std::allocator<ForceFields::UFF::AtomicParams const*> > const&, ForceFields::ForceField*) in <CONDA_ENV_PREFIX>/lib/python3.11/site-packages/rdkit/ForceField/../../../../libRDKitForceFieldHelpers.so.1
 5# RDKit::UFF::constructForceField(RDKit::ROMol&, std::vector<ForceFields::UFF::AtomicParams const*, std::allocator<ForceFields::UFF::AtomicParams const*> > const&, double, int, bool) in <CONDA_ENV_PREFIX>/lib/python3.11/site-packages/rdkit/ForceField/../../../../libRDKitForceFieldHelpers.so.1
 6# RDKit::UFF::constructForceField(RDKit::ROMol&, double, int, bool) in <CONDA_ENV_PREFIX>/lib/python3.11/site-packages/rdkit/ForceField/../../../../libRDKitForceFieldHelpers.so.1
 7# RDKit::UFFHelper(RDKit::ROMol&, int, double, int, bool) in <CONDA_ENV_PREFIX>/lib/python3.11/site-packages/rdkit/Chem/rdForceFieldHelpers.so
 8# 0x00007F5FC1F8403D in <CONDA_ENV_PREFIX>/lib/python3.11/site-packages/rdkit/Chem/rdForceFieldHelpers.so
 9# boost::python::objects::function::call(_object*, _object*) const in <CONDA_ENV_PREFIX>/lib/python3.11/site-packages/rdkit/../../../libboost_python311.so.1.86.0
10# 0x00007F5FC3EDD449 in <CONDA_ENV_PREFIX>/lib/python3.11/site-packages/rdkit/../../../libboost_python311.so.1.86.0
11# boost::python::detail::exception_handler::operator()(boost::function_n<void> const&) const in <CONDA_ENV_PREFIX>/lib/python3.11/site-packages/rdkit/../../../libboost_python311.so.1.86.0
12# 0x00007F5FC1C3DC04 in <CONDA_ENV_PREFIX>/lib/python3.11/site-packages/rdkit/Chem/rdSLNParse.so
13# 0x00007F5FC202B354 in <CONDA_ENV_PREFIX>/lib/python3.11/site-packages/rdkit/Chem/rdDepictor.so
14# 0x00007F5FC22C9DD4 in <CONDA_ENV_PREFIX>/lib/python3.11/site-packages/rdkit/Chem/rdChemReactions.so
15# 0x00007F5FC22C9E24 in <CONDA_ENV_PREFIX>/lib/python3.11/site-packages/rdkit/Chem/rdChemReactions.so
16# 0x00007F5FC2442B94 in <CONDA_ENV_PREFIX>/lib/python3.11/site-packages/rdkit/Chem/rdMolChemicalFeatures.so
17# 0x00007F5FC2EBA9B4 in <CONDA_ENV_PREFIX>/lib/python3.11/site-packages/rdkit/Chem/rdmolfiles.so
18# 0x00007F5FC2EBAA04 in <CONDA_ENV_PREFIX>/lib/python3.11/site-packages/rdkit/Chem/rdmolfiles.so
19# 0x00007F5FC2FD4B04 in <CONDA_ENV_PREFIX>/lib/python3.11/site-packages/rdkit/Chem/rdCIPLabeler.so
20# 0x00007F5FC39A9174 in <CONDA_ENV_PREFIX>/lib/python3.11/site-packages/rdkit/Chem/rdchem.so
21# 0x00007F5FC393DAAD in <CONDA_ENV_PREFIX>/lib/python3.11/site-packages/rdkit/Chem/rdchem.so
22# 0x00007F5FC393D6AD in <CONDA_ENV_PREFIX>/lib/python3.11/site-packages/rdkit/Chem/rdchem.so
23# 0x00007F5FC393D2AD in <CONDA_ENV_PREFIX>/lib/python3.11/site-packages/rdkit/Chem/rdchem.so
24# 0x00007F5FC393CEAD in <CONDA_ENV_PREFIX>/lib/python3.11/site-packages/rdkit/Chem/rdchem.so
25# 0x00007F5FC393CAAD in <CONDA_ENV_PREFIX>/lib/python3.11/site-packages/rdkit/Chem/rdchem.so
26# 0x00007F5FC3FB1E54 in <CONDA_ENV_PREFIX>/lib/python3.11/site-packages/rdkit/rdBase.so
27# 0x00007F5FC3FB1EA4 in <CONDA_ENV_PREFIX>/lib/python3.11/site-packages/rdkit/rdBase.so
28# 0x00007F5FC3FB1EF4 in <CONDA_ENV_PREFIX>/lib/python3.11/site-packages/rdkit/rdBase.so
29# 0x00007F5FC3FB1F44 in <CONDA_ENV_PREFIX>/lib/python3.11/site-packages/rdkit/rdBase.so
30# boost::python::handle_exception_impl(boost::function_n<void>) in <CONDA_ENV_PREFIX>/lib/python3.11/site-packages/rdkit/../../../libboost_python311.so.1.86.0
31# 0x00007F5FC3EDA9B3 in <CONDA_ENV_PREFIX>/lib/python3.11/site-packages/rdkit/../../../libboost_python311.so.1.86.0
32# _PyObject_MakeTpCall in <CONDA_ENV_PREFIX>/bin/python
33# _PyEval_EvalFrameDefault in <CONDA_ENV_PREFIX>/bin/python
34# _PyFunction_Vectorcall in <CONDA_ENV_PREFIX>/bin/python
35# 0x00005637EFF5CC50 in <CONDA_ENV_PREFIX>/bin/python
36# 0x00005637EFE72745 in <CONDA_ENV_PREFIX>/bin/python
37# 0x00005637EFEA31AA in <CONDA_ENV_PREFIX>/bin/python
38# PyObject_Vectorcall in <CONDA_ENV_PREFIX>/bin/python
39# _PyEval_EvalFrameDefault in <CONDA_ENV_PREFIX>/bin/python
40# _PyFunction_Vectorcall in <CONDA_ENV_PREFIX>/bin/python
41# _PyEval_EvalFrameDefault in <CONDA_ENV_PREFIX>/bin/python
42# _PyFunction_Vectorcall in <CONDA_ENV_PREFIX>/bin/python
43# _PyEval_EvalFrameDefault in <CONDA_ENV_PREFIX>/bin/python
44# _PyFunction_Vectorcall in <CONDA_ENV_PREFIX>/bin/python
45# 0x00005637EFE5E979 in <CONDA_ENV_PREFIX>/bin/python
46# _PyObject_MakeTpCall in <CONDA_ENV_PREFIX>/bin/python
47# _PyEval_EvalFrameDefault in <CONDA_ENV_PREFIX>/bin/python
48# _PyFunction_Vectorcall in <CONDA_ENV_PREFIX>/bin/python
49# 0x00005637EFE5EA1D in <CONDA_ENV_PREFIX>/bin/python
50# _PyObject_MakeTpCall in <CONDA_ENV_PREFIX>/bin/python
51# _PyEval_EvalFrameDefault in <CONDA_ENV_PREFIX>/bin/python
52# 0x00005637EFEE9B0D in <CONDA_ENV_PREFIX>/bin/python
53# PyEval_EvalCode in <CONDA_ENV_PREFIX>/bin/python
54# 0x00005637EFF071AA in <CONDA_ENV_PREFIX>/bin/python
55# 0x00005637EFF02E33 in <CONDA_ENV_PREFIX>/bin/python
56# 0x00005637EFF183D0 in <CONDA_ENV_PREFIX>/bin/python
57# _PyRun_SimpleFileObject in <CONDA_ENV_PREFIX>/bin/python
58# _PyRun_AnyFileObject in <CONDA_ENV_PREFIX>/bin/python
59# Py_RunMain in <CONDA_ENV_PREFIX>/bin/python
60# Py_BytesMain in <CONDA_ENV_PREFIX>/bin/python
61# 0x00007F5FD2B61D90 in /lib/x86_64-linux-gnu/libc.so.6
62# __libc_start_main in /lib/x86_64-linux-gnu/libc.so.6
63# 0x00005637EFED937A in <CONDA_ENV_PREFIX>/bin/python
----------
****

[20:30:14] UFFTYPER: Unrecognized atom type: S_5+6 (2)
[20:30:14] UFFTYPER: Unrecognized atom type: S_5+6 (2)
[20:30:14] 

****
Pre-condition Violation
bad params pointer
Violation occurred on line 79 in file /home/conda/feedstock_root/build_artifacts/rdkit-meta_1745736747213/work/Code/ForceField/UFF/AngleBend.cpp
Failed Expression: at2Params
----------
Stacktrace:
 0# Invar::Invariant::toString[abi:cxx11]() const in <CONDA_ENV_PREFIX>/lib/python3.11/site-packages/rdkit/../../../libRDKitRDGeneral.so.1
 1# Invar::operator<<(std::ostream&, Invar::Invariant const&) in <CONDA_ENV_PREFIX>/lib/python3.11/site-packages/rdkit/../../../libRDKitRDGeneral.so.1
 2# ForceFields::UFF::AngleBendContrib::AngleBendContrib(ForceFields::ForceField*, unsigned int, unsigned int, unsigned int, double, double, ForceFields::UFF::AtomicParams const*, ForceFields::UFF::AtomicParams const*, ForceFields::UFF::AtomicParams const*, unsigned int) in <CONDA_ENV_PREFIX>/lib/python3.11/site-packages/rdkit/ForceField/../../../../libRDKitForceField.so.1
 3# RDKit::UFF::Tools::addTrigonalBipyramidAngles(RDKit::Atom const*, RDKit::ROMol const&, int, std::vector<ForceFields::UFF::AtomicParams const*, std::allocator<ForceFields::UFF::AtomicParams const*> > const&, ForceFields::ForceField*) in <CONDA_ENV_PREFIX>/lib/python3.11/site-packages/rdkit/ForceField/../../../../libRDKitForceFieldHelpers.so.1
 4# RDKit::UFF::Tools::addAngleSpecialCases(RDKit::ROMol const&, int, std::vector<ForceFields::UFF::AtomicParams const*, std::allocator<ForceFields::UFF::AtomicParams const*> > const&, ForceFields::ForceField*) in <CONDA_ENV_PREFIX>/lib/python3.11/site-packages/rdkit/ForceField/../../../../libRDKitForceFieldHelpers.so.1
 5# RDKit::UFF::constructForceField(RDKit::ROMol&, std::vector<ForceFields::UFF::AtomicParams const*, std::allocator<ForceFields::UFF::AtomicParams const*> > const&, double, int, bool) in <CONDA_ENV_PREFIX>/lib/python3.11/site-packages/rdkit/ForceField/../../../../libRDKitForceFieldHelpers.so.1
 6# RDKit::UFF::constructForceField(RDKit::ROMol&, double, int, bool) in <CONDA_ENV_PREFIX>/lib/python3.11/site-packages/rdkit/ForceField/../../../../libRDKitForceFieldHelpers.so.1
 7# RDKit::UFFHelper(RDKit::ROMol&, int, double, int, bool) in <CONDA_ENV_PREFIX>/lib/python3.11/site-packages/rdkit/Chem/rdForceFieldHelpers.so
 8# 0x00007F5FC1F8403D in <CONDA_ENV_PREFIX>/lib/python3.11/site-packages/rdkit/Chem/rdForceFieldHelpers.so
 9# boost::python::objects::function::call(_object*, _object*) const in <CONDA_ENV_PREFIX>/lib/python3.11/site-packages/rdkit/../../../libboost_python311.so.1.86.0
10# 0x00007F5FC3EDD449 in <CONDA_ENV_PREFIX>/lib/python3.11/site-packages/rdkit/../../../libboost_python311.so.1.86.0
11# boost::python::detail::exception_handler::operator()(boost::function_n<void> const&) const in <CONDA_ENV_PREFIX>/lib/python3.11/site-packages/rdkit/../../../libboost_python311.so.1.86.0
12# 0x00007F5FC1C3DC04 in <CONDA_ENV_PREFIX>/lib/python3.11/site-packages/rdkit/Chem/rdSLNParse.so
13# 0x00007F5FC202B354 in <CONDA_ENV_PREFIX>/lib/python3.11/site-packages/rdkit/Chem/rdDepictor.so
14# 0x00007F5FC22C9DD4 in <CONDA_ENV_PREFIX>/lib/python3.11/site-packages/rdkit/Chem/rdChemReactions.so
15# 0x00007F5FC22C9E24 in <CONDA_ENV_PREFIX>/lib/python3.11/site-packages/rdkit/Chem/rdChemReactions.so
16# 0x00007F5FC2442B94 in <CONDA_ENV_PREFIX>/lib/python3.11/site-packages/rdkit/Chem/rdMolChemicalFeatures.so
17# 0x00007F5FC2EBA9B4 in <CONDA_ENV_PREFIX>/lib/python3.11/site-packages/rdkit/Chem/rdmolfiles.so
18# 0x00007F5FC2EBAA04 in <CONDA_ENV_PREFIX>/lib/python3.11/site-packages/rdkit/Chem/rdmolfiles.so
19# 0x00007F5FC2FD4B04 in <CONDA_ENV_PREFIX>/lib/python3.11/site-packages/rdkit/Chem/rdCIPLabeler.so
20# 0x00007F5FC39A9174 in <CONDA_ENV_PREFIX>/lib/python3.11/site-packages/rdkit/Chem/rdchem.so
21# 0x00007F5FC393DAAD in <CONDA_ENV_PREFIX>/lib/python3.11/site-packages/rdkit/Chem/rdchem.so
22# 0x00007F5FC393D6AD in <CONDA_ENV_PREFIX>/lib/python3.11/site-packages/rdkit/Chem/rdchem.so
23# 0x00007F5FC393D2AD in <CONDA_ENV_PREFIX>/lib/python3.11/site-packages/rdkit/Chem/rdchem.so
24# 0x00007F5FC393CEAD in <CONDA_ENV_PREFIX>/lib/python3.11/site-packages/rdkit/Chem/rdchem.so
25# 0x00007F5FC393CAAD in <CONDA_ENV_PREFIX>/lib/python3.11/site-packages/rdkit/Chem/rdchem.so
26# 0x00007F5FC3FB1E54 in <CONDA_ENV_PREFIX>/lib/python3.11/site-packages/rdkit/rdBase.so
27# 0x00007F5FC3FB1EA4 in <CONDA_ENV_PREFIX>/lib/python3.11/site-packages/rdkit/rdBase.so
28# 0x00007F5FC3FB1EF4 in <CONDA_ENV_PREFIX>/lib/python3.11/site-packages/rdkit/rdBase.so
29# 0x00007F5FC3FB1F44 in <CONDA_ENV_PREFIX>/lib/python3.11/site-packages/rdkit/rdBase.so
30# boost::python::handle_exception_impl(boost::function_n<void>) in <CONDA_ENV_PREFIX>/lib/python3.11/site-packages/rdkit/../../../libboost_python311.so.1.86.0
31# 0x00007F5FC3EDA9B3 in <CONDA_ENV_PREFIX>/lib/python3.11/site-packages/rdkit/../../../libboost_python311.so.1.86.0
32# _PyObject_MakeTpCall in <CONDA_ENV_PREFIX>/bin/python
33# _PyEval_EvalFrameDefault in <CONDA_ENV_PREFIX>/bin/python
34# _PyFunction_Vectorcall in <CONDA_ENV_PREFIX>/bin/python
35# 0x00005637EFF5CC50 in <CONDA_ENV_PREFIX>/bin/python
36# 0x00005637EFE72745 in <CONDA_ENV_PREFIX>/bin/python
37# 0x00005637EFEA31AA in <CONDA_ENV_PREFIX>/bin/python
38# PyObject_Vectorcall in <CONDA_ENV_PREFIX>/bin/python
39# _PyEval_EvalFrameDefault in <CONDA_ENV_PREFIX>/bin/python
40# _PyFunction_Vectorcall in <CONDA_ENV_PREFIX>/bin/python
41# _PyEval_EvalFrameDefault in <CONDA_ENV_PREFIX>/bin/python
42# _PyFunction_Vectorcall in <CONDA_ENV_PREFIX>/bin/python
43# _PyEval_EvalFrameDefault in <CONDA_ENV_PREFIX>/bin/python
44# _PyFunction_Vectorcall in <CONDA_ENV_PREFIX>/bin/python
45# 0x00005637EFE5E979 in <CONDA_ENV_PREFIX>/bin/python
46# _PyObject_MakeTpCall in <CONDA_ENV_PREFIX>/bin/python
47# _PyEval_EvalFrameDefault in <CONDA_ENV_PREFIX>/bin/python
48# _PyFunction_Vectorcall in <CONDA_ENV_PREFIX>/bin/python
49# 0x00005637EFE5EA1D in <CONDA_ENV_PREFIX>/bin/python
50# _PyObject_MakeTpCall in <CONDA_ENV_PREFIX>/bin/python
51# _PyEval_EvalFrameDefault in <CONDA_ENV_PREFIX>/bin/python
52# 0x00005637EFEE9B0D in <CONDA_ENV_PREFIX>/bin/python
53# PyEval_EvalCode in <CONDA_ENV_PREFIX>/bin/python
54# 0x00005637EFF071AA in <CONDA_ENV_PREFIX>/bin/python
55# 0x00005637EFF02E33 in <CONDA_ENV_PREFIX>/bin/python
56# 0x00005637EFF183D0 in <CONDA_ENV_PREFIX>/bin/python
57# _PyRun_SimpleFileObject in <CONDA_ENV_PREFIX>/bin/python
58# _PyRun_AnyFileObject in <CONDA_ENV_PREFIX>/bin/python
59# Py_RunMain in <CONDA_ENV_PREFIX>/bin/python
60# Py_BytesMain in <CONDA_ENV_PREFIX>/bin/python
61# 0x00007F5FD2B61D90 in /lib/x86_64-linux-gnu/libc.so.6
62# __libc_start_main in /lib/x86_64-linux-gnu/libc.so.6
63# 0x00005637EFED937A in <CONDA_ENV_PREFIX>/bin/python
----------
****

[20:30:15] UFFTYPER: Unrecognized atom type: S_5+6 (8)
[20:30:15] UFFTYPER: Unrecognized atom type: S_5+6 (8)
[20:30:15] 

****
Pre-condition Violation
bad params pointer
Violation occurred on line 79 in file /home/conda/feedstock_root/build_artifacts/rdkit-meta_1745736747213/work/Code/ForceField/UFF/AngleBend.cpp
Failed Expression: at2Params
----------
Stacktrace:
 0# Invar::Invariant::toString[abi:cxx11]() const in <CONDA_ENV_PREFIX>/lib/python3.11/site-packages/rdkit/../../../libRDKitRDGeneral.so.1
 1# Invar::operator<<(std::ostream&, Invar::Invariant const&) in <CONDA_ENV_PREFIX>/lib/python3.11/site-packages/rdkit/../../../libRDKitRDGeneral.so.1
 2# ForceFields::UFF::AngleBendContrib::AngleBendContrib(ForceFields::ForceField*, unsigned int, unsigned int, unsigned int, double, double, ForceFields::UFF::AtomicParams const*, ForceFields::UFF::AtomicParams const*, ForceFields::UFF::AtomicParams const*, unsigned int) in <CONDA_ENV_PREFIX>/lib/python3.11/site-packages/rdkit/ForceField/../../../../libRDKitForceField.so.1
 3# RDKit::UFF::Tools::addTrigonalBipyramidAngles(RDKit::Atom const*, RDKit::ROMol const&, int, std::vector<ForceFields::UFF::AtomicParams const*, std::allocator<ForceFields::UFF::AtomicParams const*> > const&, ForceFields::ForceField*) in <CONDA_ENV_PREFIX>/lib/python3.11/site-packages/rdkit/ForceField/../../../../libRDKitForceFieldHelpers.so.1
 4# RDKit::UFF::Tools::addAngleSpecialCases(RDKit::ROMol const&, int, std::vector<ForceFields::UFF::AtomicParams const*, std::allocator<ForceFields::UFF::AtomicParams const*> > const&, ForceFields::ForceField*) in <CONDA_ENV_PREFIX>/lib/python3.11/site-packages/rdkit/ForceField/../../../../libRDKitForceFieldHelpers.so.1
 5# RDKit::UFF::constructForceField(RDKit::ROMol&, std::vector<ForceFields::UFF::AtomicParams const*, std::allocator<ForceFields::UFF::AtomicParams const*> > const&, double, int, bool) in <CONDA_ENV_PREFIX>/lib/python3.11/site-packages/rdkit/ForceField/../../../../libRDKitForceFieldHelpers.so.1
 6# RDKit::UFF::constructForceField(RDKit::ROMol&, double, int, bool) in <CONDA_ENV_PREFIX>/lib/python3.11/site-packages/rdkit/ForceField/../../../../libRDKitForceFieldHelpers.so.1
 7# RDKit::UFFHelper(RDKit::ROMol&, int, double, int, bool) in <CONDA_ENV_PREFIX>/lib/python3.11/site-packages/rdkit/Chem/rdForceFieldHelpers.so
 8# 0x00007F5FC1F8403D in <CONDA_ENV_PREFIX>/lib/python3.11/site-packages/rdkit/Chem/rdForceFieldHelpers.so
 9# boost::python::objects::function::call(_object*, _object*) const in <CONDA_ENV_PREFIX>/lib/python3.11/site-packages/rdkit/../../../libboost_python311.so.1.86.0
10# 0x00007F5FC3EDD449 in <CONDA_ENV_PREFIX>/lib/python3.11/site-packages/rdkit/../../../libboost_python311.so.1.86.0
11# boost::python::detail::exception_handler::operator()(boost::function_n<void> const&) const in <CONDA_ENV_PREFIX>/lib/python3.11/site-packages/rdkit/../../../libboost_python311.so.1.86.0
12# 0x00007F5FC1C3DC04 in <CONDA_ENV_PREFIX>/lib/python3.11/site-packages/rdkit/Chem/rdSLNParse.so
13# 0x00007F5FC202B354 in <CONDA_ENV_PREFIX>/lib/python3.11/site-packages/rdkit/Chem/rdDepictor.so
14# 0x00007F5FC22C9DD4 in <CONDA_ENV_PREFIX>/lib/python3.11/site-packages/rdkit/Chem/rdChemReactions.so
15# 0x00007F5FC22C9E24 in <CONDA_ENV_PREFIX>/lib/python3.11/site-packages/rdkit/Chem/rdChemReactions.so
16# 0x00007F5FC2442B94 in <CONDA_ENV_PREFIX>/lib/python3.11/site-packages/rdkit/Chem/rdMolChemicalFeatures.so
17# 0x00007F5FC2EBA9B4 in <CONDA_ENV_PREFIX>/lib/python3.11/site-packages/rdkit/Chem/rdmolfiles.so
18# 0x00007F5FC2EBAA04 in <CONDA_ENV_PREFIX>/lib/python3.11/site-packages/rdkit/Chem/rdmolfiles.so
19# 0x00007F5FC2FD4B04 in <CONDA_ENV_PREFIX>/lib/python3.11/site-packages/rdkit/Chem/rdCIPLabeler.so
20# 0x00007F5FC39A9174 in <CONDA_ENV_PREFIX>/lib/python3.11/site-packages/rdkit/Chem/rdchem.so
21# 0x00007F5FC393DAAD in <CONDA_ENV_PREFIX>/lib/python3.11/site-packages/rdkit/Chem/rdchem.so
22# 0x00007F5FC393D6AD in <CONDA_ENV_PREFIX>/lib/python3.11/site-packages/rdkit/Chem/rdchem.so
23# 0x00007F5FC393D2AD in <CONDA_ENV_PREFIX>/lib/python3.11/site-packages/rdkit/Chem/rdchem.so
24# 0x00007F5FC393CEAD in <CONDA_ENV_PREFIX>/lib/python3.11/site-packages/rdkit/Chem/rdchem.so
25# 0x00007F5FC393CAAD in <CONDA_ENV_PREFIX>/lib/python3.11/site-packages/rdkit/Chem/rdchem.so
26# 0x00007F5FC3FB1E54 in <CONDA_ENV_PREFIX>/lib/python3.11/site-packages/rdkit/rdBase.so
27# 0x00007F5FC3FB1EA4 in <CONDA_ENV_PREFIX>/lib/python3.11/site-packages/rdkit/rdBase.so
28# 0x00007F5FC3FB1EF4 in <CONDA_ENV_PREFIX>/lib/python3.11/site-packages/rdkit/rdBase.so
29# 0x00007F5FC3FB1F44 in <CONDA_ENV_PREFIX>/lib/python3.11/site-packages/rdkit/rdBase.so
30# boost::python::handle_exception_impl(boost::function_n<void>) in <CONDA_ENV_PREFIX>/lib/python3.11/site-packages/rdkit/../../../libboost_python311.so.1.86.0
31# 0x00007F5FC3EDA9B3 in <CONDA_ENV_PREFIX>/lib/python3.11/site-packages/rdkit/../../../libboost_python311.so.1.86.0
32# _PyObject_MakeTpCall in <CONDA_ENV_PREFIX>/bin/python
33# _PyEval_EvalFrameDefault in <CONDA_ENV_PREFIX>/bin/python
34# _PyFunction_Vectorcall in <CONDA_ENV_PREFIX>/bin/python
35# 0x00005637EFF5CC50 in <CONDA_ENV_PREFIX>/bin/python
36# 0x00005637EFE72745 in <CONDA_ENV_PREFIX>/bin/python
37# 0x00005637EFEA31AA in <CONDA_ENV_PREFIX>/bin/python
38# PyObject_Vectorcall in <CONDA_ENV_PREFIX>/bin/python
39# _PyEval_EvalFrameDefault in <CONDA_ENV_PREFIX>/bin/python
40# _PyFunction_Vectorcall in <CONDA_ENV_PREFIX>/bin/python
41# _PyEval_EvalFrameDefault in <CONDA_ENV_PREFIX>/bin/python
42# _PyFunction_Vectorcall in <CONDA_ENV_PREFIX>/bin/python
43# _PyEval_EvalFrameDefault in <CONDA_ENV_PREFIX>/bin/python
44# _PyFunction_Vectorcall in <CONDA_ENV_PREFIX>/bin/python
45# 0x00005637EFE5E979 in <CONDA_ENV_PREFIX>/bin/python
46# _PyObject_MakeTpCall in <CONDA_ENV_PREFIX>/bin/python
47# _PyEval_EvalFrameDefault in <CONDA_ENV_PREFIX>/bin/python
48# _PyFunction_Vectorcall in <CONDA_ENV_PREFIX>/bin/python
49# 0x00005637EFE5EA1D in <CONDA_ENV_PREFIX>/bin/python
50# _PyObject_MakeTpCall in <CONDA_ENV_PREFIX>/bin/python
51# _PyEval_EvalFrameDefault in <CONDA_ENV_PREFIX>/bin/python
52# 0x00005637EFEE9B0D in <CONDA_ENV_PREFIX>/bin/python
53# PyEval_EvalCode in <CONDA_ENV_PREFIX>/bin/python
54# 0x00005637EFF071AA in <CONDA_ENV_PREFIX>/bin/python
55# 0x00005637EFF02E33 in <CONDA_ENV_PREFIX>/bin/python
56# 0x00005637EFF183D0 in <CONDA_ENV_PREFIX>/bin/python
57# _PyRun_SimpleFileObject in <CONDA_ENV_PREFIX>/bin/python
58# _PyRun_AnyFileObject in <CONDA_ENV_PREFIX>/bin/python
59# Py_RunMain in <CONDA_ENV_PREFIX>/bin/python
60# Py_BytesMain in <CONDA_ENV_PREFIX>/bin/python
61# 0x00007F5FD2B61D90 in /lib/x86_64-linux-gnu/libc.so.6
62# __libc_start_main in /lib/x86_64-linux-gnu/libc.so.6
63# 0x00005637EFED937A in <CONDA_ENV_PREFIX>/bin/python
----------
****

[20:30:16] UFFTYPER: Unrecognized atom type: S_5+6 (2)
[20:30:16] UFFTYPER: Unrecognized atom type: S_5+6 (2)
[20:30:16] 

****
Pre-condition Violation
bad params pointer
Violation occurred on line 79 in file /home/conda/feedstock_root/build_artifacts/rdkit-meta_1745736747213/work/Code/ForceField/UFF/AngleBend.cpp
Failed Expression: at2Params
----------
Stacktrace:
 0# Invar::Invariant::toString[abi:cxx11]() const in <CONDA_ENV_PREFIX>/lib/python3.11/site-packages/rdkit/../../../libRDKitRDGeneral.so.1
 1# Invar::operator<<(std::ostream&, Invar::Invariant const&) in <CONDA_ENV_PREFIX>/lib/python3.11/site-packages/rdkit/../../../libRDKitRDGeneral.so.1
 2# ForceFields::UFF::AngleBendContrib::AngleBendContrib(ForceFields::ForceField*, unsigned int, unsigned int, unsigned int, double, double, ForceFields::UFF::AtomicParams const*, ForceFields::UFF::AtomicParams const*, ForceFields::UFF::AtomicParams const*, unsigned int) in <CONDA_ENV_PREFIX>/lib/python3.11/site-packages/rdkit/ForceField/../../../../libRDKitForceField.so.1
 3# RDKit::UFF::Tools::addTrigonalBipyramidAngles(RDKit::Atom const*, RDKit::ROMol const&, int, std::vector<ForceFields::UFF::AtomicParams const*, std::allocator<ForceFields::UFF::AtomicParams const*> > const&, ForceFields::ForceField*) in <CONDA_ENV_PREFIX>/lib/python3.11/site-packages/rdkit/ForceField/../../../../libRDKitForceFieldHelpers.so.1
 4# RDKit::UFF::Tools::addAngleSpecialCases(RDKit::ROMol const&, int, std::vector<ForceFields::UFF::AtomicParams const*, std::allocator<ForceFields::UFF::AtomicParams const*> > const&, ForceFields::ForceField*) in <CONDA_ENV_PREFIX>/lib/python3.11/site-packages/rdkit/ForceField/../../../../libRDKitForceFieldHelpers.so.1
 5# RDKit::UFF::constructForceField(RDKit::ROMol&, std::vector<ForceFields::UFF::AtomicParams const*, std::allocator<ForceFields::UFF::AtomicParams const*> > const&, double, int, bool) in <CONDA_ENV_PREFIX>/lib/python3.11/site-packages/rdkit/ForceField/../../../../libRDKitForceFieldHelpers.so.1
 6# RDKit::UFF::constructForceField(RDKit::ROMol&, double, int, bool) in <CONDA_ENV_PREFIX>/lib/python3.11/site-packages/rdkit/ForceField/../../../../libRDKitForceFieldHelpers.so.1
 7# RDKit::UFFHelper(RDKit::ROMol&, int, double, int, bool) in <CONDA_ENV_PREFIX>/lib/python3.11/site-packages/rdkit/Chem/rdForceFieldHelpers.so
 8# 0x00007F5FC1F8403D in <CONDA_ENV_PREFIX>/lib/python3.11/site-packages/rdkit/Chem/rdForceFieldHelpers.so
 9# boost::python::objects::function::call(_object*, _object*) const in <CONDA_ENV_PREFIX>/lib/python3.11/site-packages/rdkit/../../../libboost_python311.so.1.86.0
10# 0x00007F5FC3EDD449 in <CONDA_ENV_PREFIX>/lib/python3.11/site-packages/rdkit/../../../libboost_python311.so.1.86.0
11# boost::python::detail::exception_handler::operator()(boost::function_n<void> const&) const in <CONDA_ENV_PREFIX>/lib/python3.11/site-packages/rdkit/../../../libboost_python311.so.1.86.0
12# 0x00007F5FC1C3DC04 in <CONDA_ENV_PREFIX>/lib/python3.11/site-packages/rdkit/Chem/rdSLNParse.so
13# 0x00007F5FC202B354 in <CONDA_ENV_PREFIX>/lib/python3.11/site-packages/rdkit/Chem/rdDepictor.so
14# 0x00007F5FC22C9DD4 in <CONDA_ENV_PREFIX>/lib/python3.11/site-packages/rdkit/Chem/rdChemReactions.so
15# 0x00007F5FC22C9E24 in <CONDA_ENV_PREFIX>/lib/python3.11/site-packages/rdkit/Chem/rdChemReactions.so
16# 0x00007F5FC2442B94 in <CONDA_ENV_PREFIX>/lib/python3.11/site-packages/rdkit/Chem/rdMolChemicalFeatures.so
17# 0x00007F5FC2EBA9B4 in <CONDA_ENV_PREFIX>/lib/python3.11/site-packages/rdkit/Chem/rdmolfiles.so
18# 0x00007F5FC2EBAA04 in <CONDA_ENV_PREFIX>/lib/python3.11/site-packages/rdkit/Chem/rdmolfiles.so
19# 0x00007F5FC2FD4B04 in <CONDA_ENV_PREFIX>/lib/python3.11/site-packages/rdkit/Chem/rdCIPLabeler.so
20# 0x00007F5FC39A9174 in <CONDA_ENV_PREFIX>/lib/python3.11/site-packages/rdkit/Chem/rdchem.so
21# 0x00007F5FC393DAAD in <CONDA_ENV_PREFIX>/lib/python3.11/site-packages/rdkit/Chem/rdchem.so
22# 0x00007F5FC393D6AD in <CONDA_ENV_PREFIX>/lib/python3.11/site-packages/rdkit/Chem/rdchem.so
23# 0x00007F5FC393D2AD in <CONDA_ENV_PREFIX>/lib/python3.11/site-packages/rdkit/Chem/rdchem.so
24# 0x00007F5FC393CEAD in <CONDA_ENV_PREFIX>/lib/python3.11/site-packages/rdkit/Chem/rdchem.so
25# 0x00007F5FC393CAAD in <CONDA_ENV_PREFIX>/lib/python3.11/site-packages/rdkit/Chem/rdchem.so
26# 0x00007F5FC3FB1E54 in <CONDA_ENV_PREFIX>/lib/python3.11/site-packages/rdkit/rdBase.so
27# 0x00007F5FC3FB1EA4 in <CONDA_ENV_PREFIX>/lib/python3.11/site-packages/rdkit/rdBase.so
28# 0x00007F5FC3FB1EF4 in <CONDA_ENV_PREFIX>/lib/python3.11/site-packages/rdkit/rdBase.so
29# 0x00007F5FC3FB1F44 in <CONDA_ENV_PREFIX>/lib/python3.11/site-packages/rdkit/rdBase.so
30# boost::python::handle_exception_impl(boost::function_n<void>) in <CONDA_ENV_PREFIX>/lib/python3.11/site-packages/rdkit/../../../libboost_python311.so.1.86.0
31# 0x00007F5FC3EDA9B3 in <CONDA_ENV_PREFIX>/lib/python3.11/site-packages/rdkit/../../../libboost_python311.so.1.86.0
32# _PyObject_MakeTpCall in <CONDA_ENV_PREFIX>/bin/python
33# _PyEval_EvalFrameDefault in <CONDA_ENV_PREFIX>/bin/python
34# _PyFunction_Vectorcall in <CONDA_ENV_PREFIX>/bin/python
35# 0x00005637EFF5CC50 in <CONDA_ENV_PREFIX>/bin/python
36# 0x00005637EFE72745 in <CONDA_ENV_PREFIX>/bin/python
37# 0x00005637EFEA31AA in <CONDA_ENV_PREFIX>/bin/python
38# PyObject_Vectorcall in <CONDA_ENV_PREFIX>/bin/python
39# _PyEval_EvalFrameDefault in <CONDA_ENV_PREFIX>/bin/python
40# _PyFunction_Vectorcall in <CONDA_ENV_PREFIX>/bin/python
41# _PyEval_EvalFrameDefault in <CONDA_ENV_PREFIX>/bin/python
42# _PyFunction_Vectorcall in <CONDA_ENV_PREFIX>/bin/python
43# _PyEval_EvalFrameDefault in <CONDA_ENV_PREFIX>/bin/python
44# _PyFunction_Vectorcall in <CONDA_ENV_PREFIX>/bin/python
45# 0x00005637EFE5E979 in <CONDA_ENV_PREFIX>/bin/python
46# _PyObject_MakeTpCall in <CONDA_ENV_PREFIX>/bin/python
47# _PyEval_EvalFrameDefault in <CONDA_ENV_PREFIX>/bin/python
48# _PyFunction_Vectorcall in <CONDA_ENV_PREFIX>/bin/python
49# 0x00005637EFE5EA1D in <CONDA_ENV_PREFIX>/bin/python
50# _PyObject_MakeTpCall in <CONDA_ENV_PREFIX>/bin/python
51# _PyEval_EvalFrameDefault in <CONDA_ENV_PREFIX>/bin/python
52# 0x00005637EFEE9B0D in <CONDA_ENV_PREFIX>/bin/python
53# PyEval_EvalCode in <CONDA_ENV_PREFIX>/bin/python
54# 0x00005637EFF071AA in <CONDA_ENV_PREFIX>/bin/python
55# 0x00005637EFF02E33 in <CONDA_ENV_PREFIX>/bin/python
56# 0x00005637EFF183D0 in <CONDA_ENV_PREFIX>/bin/python
57# _PyRun_SimpleFileObject in <CONDA_ENV_PREFIX>/bin/python
58# _PyRun_AnyFileObject in <CONDA_ENV_PREFIX>/bin/python
59# Py_RunMain in <CONDA_ENV_PREFIX>/bin/python
60# Py_BytesMain in <CONDA_ENV_PREFIX>/bin/python
61# 0x00007F5FD2B61D90 in /lib/x86_64-linux-gnu/libc.so.6
62# __libc_start_main in /lib/x86_64-linux-gnu/libc.so.6
63# 0x00005637EFED937A in <CONDA_ENV_PREFIX>/bin/python
----------
****

[20:30:16] UFFTYPER: Unrecognized atom type: S_5+6 (2)
[20:30:16] UFFTYPER: Unrecognized atom type: S_5+6 (2)
[20:30:16] UFFTYPER: Unrecognized atom type: S_5+6 (2)
[20:30:16] 

****
Pre-condition Violation
bad params pointer
Violation occurred on line 79 in file /home/conda/feedstock_root/build_artifacts/rdkit-meta_1745736747213/work/Code/ForceField/UFF/AngleBend.cpp
Failed Expression: at2Params
----------
Stacktrace:
 0# Invar::Invariant::toString[abi:cxx11]() const in <CONDA_ENV_PREFIX>/lib/python3.11/site-packages/rdkit/../../../libRDKitRDGeneral.so.1
 1# Invar::operator<<(std::ostream&, Invar::Invariant const&) in <CONDA_ENV_PREFIX>/lib/python3.11/site-packages/rdkit/../../../libRDKitRDGeneral.so.1
 2# ForceFields::UFF::AngleBendContrib::AngleBendContrib(ForceFields::ForceField*, unsigned int, unsigned int, unsigned int, double, double, ForceFields::UFF::AtomicParams const*, ForceFields::UFF::AtomicParams const*, ForceFields::UFF::AtomicParams const*, unsigned int) in <CONDA_ENV_PREFIX>/lib/python3.11/site-packages/rdkit/ForceField/../../../../libRDKitForceField.so.1
 3# RDKit::UFF::Tools::addTrigonalBipyramidAngles(RDKit::Atom const*, RDKit::ROMol const&, int, std::vector<ForceFields::UFF::AtomicParams const*, std::allocator<ForceFields::UFF::AtomicParams const*> > const&, ForceFields::ForceField*) in <CONDA_ENV_PREFIX>/lib/python3.11/site-packages/rdkit/ForceField/../../../../libRDKitForceFieldHelpers.so.1
 4# RDKit::UFF::Tools::addAngleSpecialCases(RDKit::ROMol const&, int, std::vector<ForceFields::UFF::AtomicParams const*, std::allocator<ForceFields::UFF::AtomicParams const*> > const&, ForceFields::ForceField*) in <CONDA_ENV_PREFIX>/lib/python3.11/site-packages/rdkit/ForceField/../../../../libRDKitForceFieldHelpers.so.1
 5# RDKit::UFF::constructForceField(RDKit::ROMol&, std::vector<ForceFields::UFF::AtomicParams const*, std::allocator<ForceFields::UFF::AtomicParams const*> > const&, double, int, bool) in <CONDA_ENV_PREFIX>/lib/python3.11/site-packages/rdkit/ForceField/../../../../libRDKitForceFieldHelpers.so.1
 6# RDKit::UFF::constructForceField(RDKit::ROMol&, double, int, bool) in <CONDA_ENV_PREFIX>/lib/python3.11/site-packages/rdkit/ForceField/../../../../libRDKitForceFieldHelpers.so.1
 7# RDKit::UFFHelper(RDKit::ROMol&, int, double, int, bool) in <CONDA_ENV_PREFIX>/lib/python3.11/site-packages/rdkit/Chem/rdForceFieldHelpers.so
 8# 0x00007F5FC1F8403D in <CONDA_ENV_PREFIX>/lib/python3.11/site-packages/rdkit/Chem/rdForceFieldHelpers.so
 9# boost::python::objects::function::call(_object*, _object*) const in <CONDA_ENV_PREFIX>/lib/python3.11/site-packages/rdkit/../../../libboost_python311.so.1.86.0
10# 0x00007F5FC3EDD449 in <CONDA_ENV_PREFIX>/lib/python3.11/site-packages/rdkit/../../../libboost_python311.so.1.86.0
11# boost::python::detail::exception_handler::operator()(boost::function_n<void> const&) const in <CONDA_ENV_PREFIX>/lib/python3.11/site-packages/rdkit/../../../libboost_python311.so.1.86.0
12# 0x00007F5FC1C3DC04 in <CONDA_ENV_PREFIX>/lib/python3.11/site-packages/rdkit/Chem/rdSLNParse.so
13# 0x00007F5FC202B354 in <CONDA_ENV_PREFIX>/lib/python3.11/site-packages/rdkit/Chem/rdDepictor.so
14# 0x00007F5FC22C9DD4 in <CONDA_ENV_PREFIX>/lib/python3.11/site-packages/rdkit/Chem/rdChemReactions.so
15# 0x00007F5FC22C9E24 in <CONDA_ENV_PREFIX>/lib/python3.11/site-packages/rdkit/Chem/rdChemReactions.so
16# 0x00007F5FC2442B94 in <CONDA_ENV_PREFIX>/lib/python3.11/site-packages/rdkit/Chem/rdMolChemicalFeatures.so
17# 0x00007F5FC2EBA9B4 in <CONDA_ENV_PREFIX>/lib/python3.11/site-packages/rdkit/Chem/rdmolfiles.so
18# 0x00007F5FC2EBAA04 in <CONDA_ENV_PREFIX>/lib/python3.11/site-packages/rdkit/Chem/rdmolfiles.so
19# 0x00007F5FC2FD4B04 in <CONDA_ENV_PREFIX>/lib/python3.11/site-packages/rdkit/Chem/rdCIPLabeler.so
20# 0x00007F5FC39A9174 in <CONDA_ENV_PREFIX>/lib/python3.11/site-packages/rdkit/Chem/rdchem.so
21# 0x00007F5FC393DAAD in <CONDA_ENV_PREFIX>/lib/python3.11/site-packages/rdkit/Chem/rdchem.so
22# 0x00007F5FC393D6AD in <CONDA_ENV_PREFIX>/lib/python3.11/site-packages/rdkit/Chem/rdchem.so
23# 0x00007F5FC393D2AD in <CONDA_ENV_PREFIX>/lib/python3.11/site-packages/rdkit/Chem/rdchem.so
24# 0x00007F5FC393CEAD in <CONDA_ENV_PREFIX>/lib/python3.11/site-packages/rdkit/Chem/rdchem.so
25# 0x00007F5FC393CAAD in <CONDA_ENV_PREFIX>/lib/python3.11/site-packages/rdkit/Chem/rdchem.so
26# 0x00007F5FC3FB1E54 in <CONDA_ENV_PREFIX>/lib/python3.11/site-packages/rdkit/rdBase.so
27# 0x00007F5FC3FB1EA4 in <CONDA_ENV_PREFIX>/lib/python3.11/site-packages/rdkit/rdBase.so
28# 0x00007F5FC3FB1EF4 in <CONDA_ENV_PREFIX>/lib/python3.11/site-packages/rdkit/rdBase.so
29# 0x00007F5FC3FB1F44 in <CONDA_ENV_PREFIX>/lib/python3.11/site-packages/rdkit/rdBase.so
30# boost::python::handle_exception_impl(boost::function_n<void>) in <CONDA_ENV_PREFIX>/lib/python3.11/site-packages/rdkit/../../../libboost_python311.so.1.86.0
31# 0x00007F5FC3EDA9B3 in <CONDA_ENV_PREFIX>/lib/python3.11/site-packages/rdkit/../../../libboost_python311.so.1.86.0
32# _PyObject_MakeTpCall in <CONDA_ENV_PREFIX>/bin/python
33# _PyEval_EvalFrameDefault in <CONDA_ENV_PREFIX>/bin/python
34# _PyFunction_Vectorcall in <CONDA_ENV_PREFIX>/bin/python
35# 0x00005637EFF5CC50 in <CONDA_ENV_PREFIX>/bin/python
36# 0x00005637EFE72745 in <CONDA_ENV_PREFIX>/bin/python
37# 0x00005637EFEA31AA in <CONDA_ENV_PREFIX>/bin/python
38# PyObject_Vectorcall in <CONDA_ENV_PREFIX>/bin/python
39# _PyEval_EvalFrameDefault in <CONDA_ENV_PREFIX>/bin/python
40# _PyFunction_Vectorcall in <CONDA_ENV_PREFIX>/bin/python
41# _PyEval_EvalFrameDefault in <CONDA_ENV_PREFIX>/bin/python
42# _PyFunction_Vectorcall in <CONDA_ENV_PREFIX>/bin/python
43# _PyEval_EvalFrameDefault in <CONDA_ENV_PREFIX>/bin/python
44# _PyFunction_Vectorcall in <CONDA_ENV_PREFIX>/bin/python
45# 0x00005637EFE5E979 in <CONDA_ENV_PREFIX>/bin/python
46# _PyObject_MakeTpCall in <CONDA_ENV_PREFIX>/bin/python
47# _PyEval_EvalFrameDefault in <CONDA_ENV_PREFIX>/bin/python
48# _PyFunction_Vectorcall in <CONDA_ENV_PREFIX>/bin/python
49# 0x00005637EFE5EA1D in <CONDA_ENV_PREFIX>/bin/python
50# _PyObject_MakeTpCall in <CONDA_ENV_PREFIX>/bin/python
51# _PyEval_EvalFrameDefault in <CONDA_ENV_PREFIX>/bin/python
52# 0x00005637EFEE9B0D in <CONDA_ENV_PREFIX>/bin/python
53# PyEval_EvalCode in <CONDA_ENV_PREFIX>/bin/python
54# 0x00005637EFF071AA in <CONDA_ENV_PREFIX>/bin/python
55# 0x00005637EFF02E33 in <CONDA_ENV_PREFIX>/bin/python
56# 0x00005637EFF183D0 in <CONDA_ENV_PREFIX>/bin/python
57# _PyRun_SimpleFileObject in <CONDA_ENV_PREFIX>/bin/python
58# _PyRun_AnyFileObject in <CONDA_ENV_PREFIX>/bin/python
59# Py_RunMain in <CONDA_ENV_PREFIX>/bin/python
60# Py_BytesMain in <CONDA_ENV_PREFIX>/bin/python
61# 0x00007F5FD2B61D90 in /lib/x86_64-linux-gnu/libc.so.6
62# __libc_start_main in /lib/x86_64-linux-gnu/libc.so.6
63# 0x00005637EFED937A in <CONDA_ENV_PREFIX>/bin/python
----------
****

[20:30:16] UFFTYPER: Unrecognized atom type: S_5+6 (2)
[20:30:16] 

****
Pre-condition Violation
bad params pointer
Violation occurred on line 79 in file /home/conda/feedstock_root/build_artifacts/rdkit-meta_1745736747213/work/Code/ForceField/UFF/AngleBend.cpp
Failed Expression: at2Params
----------
Stacktrace:
 0# Invar::Invariant::toString[abi:cxx11]() const in <CONDA_ENV_PREFIX>/lib/python3.11/site-packages/rdkit/../../../libRDKitRDGeneral.so.1
 1# Invar::operator<<(std::ostream&, Invar::Invariant const&) in <CONDA_ENV_PREFIX>/lib/python3.11/site-packages/rdkit/../../../libRDKitRDGeneral.so.1
 2# ForceFields::UFF::AngleBendContrib::AngleBendContrib(ForceFields::ForceField*, unsigned int, unsigned int, unsigned int, double, double, ForceFields::UFF::AtomicParams const*, ForceFields::UFF::AtomicParams const*, ForceFields::UFF::AtomicParams const*, unsigned int) in <CONDA_ENV_PREFIX>/lib/python3.11/site-packages/rdkit/ForceField/../../../../libRDKitForceField.so.1
 3# RDKit::UFF::Tools::addTrigonalBipyramidAngles(RDKit::Atom const*, RDKit::ROMol const&, int, std::vector<ForceFields::UFF::AtomicParams const*, std::allocator<ForceFields::UFF::AtomicParams const*> > const&, ForceFields::ForceField*) in <CONDA_ENV_PREFIX>/lib/python3.11/site-packages/rdkit/ForceField/../../../../libRDKitForceFieldHelpers.so.1
 4# RDKit::UFF::Tools::addAngleSpecialCases(RDKit::ROMol const&, int, std::vector<ForceFields::UFF::AtomicParams const*, std::allocator<ForceFields::UFF::AtomicParams const*> > const&, ForceFields::ForceField*) in <CONDA_ENV_PREFIX>/lib/python3.11/site-packages/rdkit/ForceField/../../../../libRDKitForceFieldHelpers.so.1
 5# RDKit::UFF::constructForceField(RDKit::ROMol&, std::vector<ForceFields::UFF::AtomicParams const*, std::allocator<ForceFields::UFF::AtomicParams const*> > const&, double, int, bool) in <CONDA_ENV_PREFIX>/lib/python3.11/site-packages/rdkit/ForceField/../../../../libRDKitForceFieldHelpers.so.1
 6# RDKit::UFF::constructForceField(RDKit::ROMol&, double, int, bool) in <CONDA_ENV_PREFIX>/lib/python3.11/site-packages/rdkit/ForceField/../../../../libRDKitForceFieldHelpers.so.1
 7# RDKit::UFFHelper(RDKit::ROMol&, int, double, int, bool) in <CONDA_ENV_PREFIX>/lib/python3.11/site-packages/rdkit/Chem/rdForceFieldHelpers.so
 8# 0x00007F5FC1F8403D in <CONDA_ENV_PREFIX>/lib/python3.11/site-packages/rdkit/Chem/rdForceFieldHelpers.so
 9# boost::python::objects::function::call(_object*, _object*) const in <CONDA_ENV_PREFIX>/lib/python3.11/site-packages/rdkit/../../../libboost_python311.so.1.86.0
10# 0x00007F5FC3EDD449 in <CONDA_ENV_PREFIX>/lib/python3.11/site-packages/rdkit/../../../libboost_python311.so.1.86.0
11# boost::python::detail::exception_handler::operator()(boost::function_n<void> const&) const in <CONDA_ENV_PREFIX>/lib/python3.11/site-packages/rdkit/../../../libboost_python311.so.1.86.0
12# 0x00007F5FC1C3DC04 in <CONDA_ENV_PREFIX>/lib/python3.11/site-packages/rdkit/Chem/rdSLNParse.so
13# 0x00007F5FC202B354 in <CONDA_ENV_PREFIX>/lib/python3.11/site-packages/rdkit/Chem/rdDepictor.so
14# 0x00007F5FC22C9DD4 in <CONDA_ENV_PREFIX>/lib/python3.11/site-packages/rdkit/Chem/rdChemReactions.so
15# 0x00007F5FC22C9E24 in <CONDA_ENV_PREFIX>/lib/python3.11/site-packages/rdkit/Chem/rdChemReactions.so
16# 0x00007F5FC2442B94 in <CONDA_ENV_PREFIX>/lib/python3.11/site-packages/rdkit/Chem/rdMolChemicalFeatures.so
17# 0x00007F5FC2EBA9B4 in <CONDA_ENV_PREFIX>/lib/python3.11/site-packages/rdkit/Chem/rdmolfiles.so
18# 0x00007F5FC2EBAA04 in <CONDA_ENV_PREFIX>/lib/python3.11/site-packages/rdkit/Chem/rdmolfiles.so
19# 0x00007F5FC2FD4B04 in <CONDA_ENV_PREFIX>/lib/python3.11/site-packages/rdkit/Chem/rdCIPLabeler.so
20# 0x00007F5FC39A9174 in <CONDA_ENV_PREFIX>/lib/python3.11/site-packages/rdkit/Chem/rdchem.so
21# 0x00007F5FC393DAAD in <CONDA_ENV_PREFIX>/lib/python3.11/site-packages/rdkit/Chem/rdchem.so
22# 0x00007F5FC393D6AD in <CONDA_ENV_PREFIX>/lib/python3.11/site-packages/rdkit/Chem/rdchem.so
23# 0x00007F5FC393D2AD in <CONDA_ENV_PREFIX>/lib/python3.11/site-packages/rdkit/Chem/rdchem.so
24# 0x00007F5FC393CEAD in <CONDA_ENV_PREFIX>/lib/python3.11/site-packages/rdkit/Chem/rdchem.so
25# 0x00007F5FC393CAAD in <CONDA_ENV_PREFIX>/lib/python3.11/site-packages/rdkit/Chem/rdchem.so
26# 0x00007F5FC3FB1E54 in <CONDA_ENV_PREFIX>/lib/python3.11/site-packages/rdkit/rdBase.so
27# 0x00007F5FC3FB1EA4 in <CONDA_ENV_PREFIX>/lib/python3.11/site-packages/rdkit/rdBase.so
28# 0x00007F5FC3FB1EF4 in <CONDA_ENV_PREFIX>/lib/python3.11/site-packages/rdkit/rdBase.so
29# 0x00007F5FC3FB1F44 in <CONDA_ENV_PREFIX>/lib/python3.11/site-packages/rdkit/rdBase.so
30# boost::python::handle_exception_impl(boost::function_n<void>) in <CONDA_ENV_PREFIX>/lib/python3.11/site-packages/rdkit/../../../libboost_python311.so.1.86.0
31# 0x00007F5FC3EDA9B3 in <CONDA_ENV_PREFIX>/lib/python3.11/site-packages/rdkit/../../../libboost_python311.so.1.86.0
32# _PyObject_MakeTpCall in <CONDA_ENV_PREFIX>/bin/python
33# _PyEval_EvalFrameDefault in <CONDA_ENV_PREFIX>/bin/python
34# _PyFunction_Vectorcall in <CONDA_ENV_PREFIX>/bin/python
35# 0x00005637EFF5CC50 in <CONDA_ENV_PREFIX>/bin/python
36# 0x00005637EFE72745 in <CONDA_ENV_PREFIX>/bin/python
37# 0x00005637EFEA31AA in <CONDA_ENV_PREFIX>/bin/python
38# PyObject_Vectorcall in <CONDA_ENV_PREFIX>/bin/python
39# _PyEval_EvalFrameDefault in <CONDA_ENV_PREFIX>/bin/python
40# _PyFunction_Vectorcall in <CONDA_ENV_PREFIX>/bin/python
41# _PyEval_EvalFrameDefault in <CONDA_ENV_PREFIX>/bin/python
42# _PyFunction_Vectorcall in <CONDA_ENV_PREFIX>/bin/python
43# _PyEval_EvalFrameDefault in <CONDA_ENV_PREFIX>/bin/python
44# _PyFunction_Vectorcall in <CONDA_ENV_PREFIX>/bin/python
45# 0x00005637EFE5E979 in <CONDA_ENV_PREFIX>/bin/python
46# _PyObject_MakeTpCall in <CONDA_ENV_PREFIX>/bin/python
47# _PyEval_EvalFrameDefault in <CONDA_ENV_PREFIX>/bin/python
48# _PyFunction_Vectorcall in <CONDA_ENV_PREFIX>/bin/python
49# 0x00005637EFE5EA1D in <CONDA_ENV_PREFIX>/bin/python
50# _PyObject_MakeTpCall in <CONDA_ENV_PREFIX>/bin/python
51# _PyEval_EvalFrameDefault in <CONDA_ENV_PREFIX>/bin/python
52# 0x00005637EFEE9B0D in <CONDA_ENV_PREFIX>/bin/python
53# PyEval_EvalCode in <CONDA_ENV_PREFIX>/bin/python
54# 0x00005637EFF071AA in <CONDA_ENV_PREFIX>/bin/python
55# 0x00005637EFF02E33 in <CONDA_ENV_PREFIX>/bin/python
56# 0x00005637EFF183D0 in <CONDA_ENV_PREFIX>/bin/python
57# _PyRun_SimpleFileObject in <CONDA_ENV_PREFIX>/bin/python
58# _PyRun_AnyFileObject in <CONDA_ENV_PREFIX>/bin/python
59# Py_RunMain in <CONDA_ENV_PREFIX>/bin/python
60# Py_BytesMain in <CONDA_ENV_PREFIX>/bin/python
61# 0x00007F5FD2B61D90 in /lib/x86_64-linux-gnu/libc.so.6
62# __libc_start_main in /lib/x86_64-linux-gnu/libc.so.6
63# 0x00005637EFED937A in <CONDA_ENV_PREFIX>/bin/python
----------
****

[20:30:17] UFFTYPER: Unrecognized atom type: S_5+6 (13)
[20:30:17] UFFTYPER: Unrecognized atom type: S_5+6 (13)
[20:30:17] 

****
Pre-condition Violation
bad params pointer
Violation occurred on line 79 in file /home/conda/feedstock_root/build_artifacts/rdkit-meta_1745736747213/work/Code/ForceField/UFF/AngleBend.cpp
Failed Expression: at2Params
----------
Stacktrace:
 0# Invar::Invariant::toString[abi:cxx11]() const in <CONDA_ENV_PREFIX>/lib/python3.11/site-packages/rdkit/../../../libRDKitRDGeneral.so.1
 1# Invar::operator<<(std::ostream&, Invar::Invariant const&) in <CONDA_ENV_PREFIX>/lib/python3.11/site-packages/rdkit/../../../libRDKitRDGeneral.so.1
 2# ForceFields::UFF::AngleBendContrib::AngleBendContrib(ForceFields::ForceField*, unsigned int, unsigned int, unsigned int, double, double, ForceFields::UFF::AtomicParams const*, ForceFields::UFF::AtomicParams const*, ForceFields::UFF::AtomicParams const*, unsigned int) in <CONDA_ENV_PREFIX>/lib/python3.11/site-packages/rdkit/ForceField/../../../../libRDKitForceField.so.1
 3# RDKit::UFF::Tools::addTrigonalBipyramidAngles(RDKit::Atom const*, RDKit::ROMol const&, int, std::vector<ForceFields::UFF::AtomicParams const*, std::allocator<ForceFields::UFF::AtomicParams const*> > const&, ForceFields::ForceField*) in <CONDA_ENV_PREFIX>/lib/python3.11/site-packages/rdkit/ForceField/../../../../libRDKitForceFieldHelpers.so.1
 4# RDKit::UFF::Tools::addAngleSpecialCases(RDKit::ROMol const&, int, std::vector<ForceFields::UFF::AtomicParams const*, std::allocator<ForceFields::UFF::AtomicParams const*> > const&, ForceFields::ForceField*) in <CONDA_ENV_PREFIX>/lib/python3.11/site-packages/rdkit/ForceField/../../../../libRDKitForceFieldHelpers.so.1
 5# RDKit::UFF::constructForceField(RDKit::ROMol&, std::vector<ForceFields::UFF::AtomicParams const*, std::allocator<ForceFields::UFF::AtomicParams const*> > const&, double, int, bool) in <CONDA_ENV_PREFIX>/lib/python3.11/site-packages/rdkit/ForceField/../../../../libRDKitForceFieldHelpers.so.1
 6# RDKit::UFF::constructForceField(RDKit::ROMol&, double, int, bool) in <CONDA_ENV_PREFIX>/lib/python3.11/site-packages/rdkit/ForceField/../../../../libRDKitForceFieldHelpers.so.1
 7# RDKit::UFFHelper(RDKit::ROMol&, int, double, int, bool) in <CONDA_ENV_PREFIX>/lib/python3.11/site-packages/rdkit/Chem/rdForceFieldHelpers.so
 8# 0x00007F5FC1F8403D in <CONDA_ENV_PREFIX>/lib/python3.11/site-packages/rdkit/Chem/rdForceFieldHelpers.so
 9# boost::python::objects::function::call(_object*, _object*) const in <CONDA_ENV_PREFIX>/lib/python3.11/site-packages/rdkit/../../../libboost_python311.so.1.86.0
10# 0x00007F5FC3EDD449 in <CONDA_ENV_PREFIX>/lib/python3.11/site-packages/rdkit/../../../libboost_python311.so.1.86.0
11# boost::python::detail::exception_handler::operator()(boost::function_n<void> const&) const in <CONDA_ENV_PREFIX>/lib/python3.11/site-packages/rdkit/../../../libboost_python311.so.1.86.0
12# 0x00007F5FC1C3DC04 in <CONDA_ENV_PREFIX>/lib/python3.11/site-packages/rdkit/Chem/rdSLNParse.so
13# 0x00007F5FC202B354 in <CONDA_ENV_PREFIX>/lib/python3.11/site-packages/rdkit/Chem/rdDepictor.so
14# 0x00007F5FC22C9DD4 in <CONDA_ENV_PREFIX>/lib/python3.11/site-packages/rdkit/Chem/rdChemReactions.so
15# 0x00007F5FC22C9E24 in <CONDA_ENV_PREFIX>/lib/python3.11/site-packages/rdkit/Chem/rdChemReactions.so
16# 0x00007F5FC2442B94 in <CONDA_ENV_PREFIX>/lib/python3.11/site-packages/rdkit/Chem/rdMolChemicalFeatures.so
17# 0x00007F5FC2EBA9B4 in <CONDA_ENV_PREFIX>/lib/python3.11/site-packages/rdkit/Chem/rdmolfiles.so
18# 0x00007F5FC2EBAA04 in <CONDA_ENV_PREFIX>/lib/python3.11/site-packages/rdkit/Chem/rdmolfiles.so
19# 0x00007F5FC2FD4B04 in <CONDA_ENV_PREFIX>/lib/python3.11/site-packages/rdkit/Chem/rdCIPLabeler.so
20# 0x00007F5FC39A9174 in <CONDA_ENV_PREFIX>/lib/python3.11/site-packages/rdkit/Chem/rdchem.so
21# 0x00007F5FC393DAAD in <CONDA_ENV_PREFIX>/lib/python3.11/site-packages/rdkit/Chem/rdchem.so
22# 0x00007F5FC393D6AD in <CONDA_ENV_PREFIX>/lib/python3.11/site-packages/rdkit/Chem/rdchem.so
23# 0x00007F5FC393D2AD in <CONDA_ENV_PREFIX>/lib/python3.11/site-packages/rdkit/Chem/rdchem.so
24# 0x00007F5FC393CEAD in <CONDA_ENV_PREFIX>/lib/python3.11/site-packages/rdkit/Chem/rdchem.so
25# 0x00007F5FC393CAAD in <CONDA_ENV_PREFIX>/lib/python3.11/site-packages/rdkit/Chem/rdchem.so
26# 0x00007F5FC3FB1E54 in <CONDA_ENV_PREFIX>/lib/python3.11/site-packages/rdkit/rdBase.so
27# 0x00007F5FC3FB1EA4 in <CONDA_ENV_PREFIX>/lib/python3.11/site-packages/rdkit/rdBase.so
28# 0x00007F5FC3FB1EF4 in <CONDA_ENV_PREFIX>/lib/python3.11/site-packages/rdkit/rdBase.so
29# 0x00007F5FC3FB1F44 in <CONDA_ENV_PREFIX>/lib/python3.11/site-packages/rdkit/rdBase.so
30# boost::python::handle_exception_impl(boost::function_n<void>) in <CONDA_ENV_PREFIX>/lib/python3.11/site-packages/rdkit/../../../libboost_python311.so.1.86.0
31# 0x00007F5FC3EDA9B3 in <CONDA_ENV_PREFIX>/lib/python3.11/site-packages/rdkit/../../../libboost_python311.so.1.86.0
32# _PyObject_MakeTpCall in <CONDA_ENV_PREFIX>/bin/python
33# _PyEval_EvalFrameDefault in <CONDA_ENV_PREFIX>/bin/python
34# _PyFunction_Vectorcall in <CONDA_ENV_PREFIX>/bin/python
35# 0x00005637EFF5CC50 in <CONDA_ENV_PREFIX>/bin/python
36# 0x00005637EFE72745 in <CONDA_ENV_PREFIX>/bin/python
37# 0x00005637EFEA31AA in <CONDA_ENV_PREFIX>/bin/python
38# PyObject_Vectorcall in <CONDA_ENV_PREFIX>/bin/python
39# _PyEval_EvalFrameDefault in <CONDA_ENV_PREFIX>/bin/python
40# _PyFunction_Vectorcall in <CONDA_ENV_PREFIX>/bin/python
41# _PyEval_EvalFrameDefault in <CONDA_ENV_PREFIX>/bin/python
42# _PyFunction_Vectorcall in <CONDA_ENV_PREFIX>/bin/python
43# _PyEval_EvalFrameDefault in <CONDA_ENV_PREFIX>/bin/python
44# _PyFunction_Vectorcall in <CONDA_ENV_PREFIX>/bin/python
45# 0x00005637EFE5E979 in <CONDA_ENV_PREFIX>/bin/python
46# _PyObject_MakeTpCall in <CONDA_ENV_PREFIX>/bin/python
47# _PyEval_EvalFrameDefault in <CONDA_ENV_PREFIX>/bin/python
48# _PyFunction_Vectorcall in <CONDA_ENV_PREFIX>/bin/python
49# 0x00005637EFE5EA1D in <CONDA_ENV_PREFIX>/bin/python
50# _PyObject_MakeTpCall in <CONDA_ENV_PREFIX>/bin/python
51# _PyEval_EvalFrameDefault in <CONDA_ENV_PREFIX>/bin/python
52# 0x00005637EFEE9B0D in <CONDA_ENV_PREFIX>/bin/python
53# PyEval_EvalCode in <CONDA_ENV_PREFIX>/bin/python
54# 0x00005637EFF071AA in <CONDA_ENV_PREFIX>/bin/python
55# 0x00005637EFF02E33 in <CONDA_ENV_PREFIX>/bin/python
56# 0x00005637EFF183D0 in <CONDA_ENV_PREFIX>/bin/python
57# _PyRun_SimpleFileObject in <CONDA_ENV_PREFIX>/bin/python
58# _PyRun_AnyFileObject in <CONDA_ENV_PREFIX>/bin/python
59# Py_RunMain in <CONDA_ENV_PREFIX>/bin/python
60# Py_BytesMain in <CONDA_ENV_PREFIX>/bin/python
61# 0x00007F5FD2B61D90 in /lib/x86_64-linux-gnu/libc.so.6
62# __libc_start_main in /lib/x86_64-linux-gnu/libc.so.6
63# 0x00005637EFED937A in <CONDA_ENV_PREFIX>/bin/python
----------
****

[20:30:17] UFFTYPER: Unrecognized atom type: S_5+6 (8)
[20:30:17] UFFTYPER: Unrecognized atom type: S_5+6 (2)
[20:30:17] UFFTYPER: Unrecognized atom type: S_5+6 (8)
[20:30:17] 

****
Pre-condition Violation
bad params pointer
Violation occurred on line 79 in file /home/conda/feedstock_root/build_artifacts/rdkit-meta_1745736747213/work/Code/ForceField/UFF/AngleBend.cpp
Failed Expression: at2Params
----------
Stacktrace:
 0# Invar::Invariant::toString[abi:cxx11]() const in <CONDA_ENV_PREFIX>/lib/python3.11/site-packages/rdkit/../../../libRDKitRDGeneral.so.1
 1# Invar::operator<<(std::ostream&, Invar::Invariant const&) in <CONDA_ENV_PREFIX>/lib/python3.11/site-packages/rdkit/../../../libRDKitRDGeneral.so.1
 2# ForceFields::UFF::AngleBendContrib::AngleBendContrib(ForceFields::ForceField*, unsigned int, unsigned int, unsigned int, double, double, ForceFields::UFF::AtomicParams const*, ForceFields::UFF::AtomicParams const*, ForceFields::UFF::AtomicParams const*, unsigned int) in <CONDA_ENV_PREFIX>/lib/python3.11/site-packages/rdkit/ForceField/../../../../libRDKitForceField.so.1
 3# RDKit::UFF::Tools::addTrigonalBipyramidAngles(RDKit::Atom const*, RDKit::ROMol const&, int, std::vector<ForceFields::UFF::AtomicParams const*, std::allocator<ForceFields::UFF::AtomicParams const*> > const&, ForceFields::ForceField*) in <CONDA_ENV_PREFIX>/lib/python3.11/site-packages/rdkit/ForceField/../../../../libRDKitForceFieldHelpers.so.1
 4# RDKit::UFF::Tools::addAngleSpecialCases(RDKit::ROMol const&, int, std::vector<ForceFields::UFF::AtomicParams const*, std::allocator<ForceFields::UFF::AtomicParams const*> > const&, ForceFields::ForceField*) in <CONDA_ENV_PREFIX>/lib/python3.11/site-packages/rdkit/ForceField/../../../../libRDKitForceFieldHelpers.so.1
 5# RDKit::UFF::constructForceField(RDKit::ROMol&, std::vector<ForceFields::UFF::AtomicParams const*, std::allocator<ForceFields::UFF::AtomicParams const*> > const&, double, int, bool) in <CONDA_ENV_PREFIX>/lib/python3.11/site-packages/rdkit/ForceField/../../../../libRDKitForceFieldHelpers.so.1
 6# RDKit::UFF::constructForceField(RDKit::ROMol&, double, int, bool) in <CONDA_ENV_PREFIX>/lib/python3.11/site-packages/rdkit/ForceField/../../../../libRDKitForceFieldHelpers.so.1
 7# RDKit::UFFHelper(RDKit::ROMol&, int, double, int, bool) in <CONDA_ENV_PREFIX>/lib/python3.11/site-packages/rdkit/Chem/rdForceFieldHelpers.so
 8# 0x00007F5FC1F8403D in <CONDA_ENV_PREFIX>/lib/python3.11/site-packages/rdkit/Chem/rdForceFieldHelpers.so
 9# boost::python::objects::function::call(_object*, _object*) const in <CONDA_ENV_PREFIX>/lib/python3.11/site-packages/rdkit/../../../libboost_python311.so.1.86.0
10# 0x00007F5FC3EDD449 in <CONDA_ENV_PREFIX>/lib/python3.11/site-packages/rdkit/../../../libboost_python311.so.1.86.0
11# boost::python::detail::exception_handler::operator()(boost::function_n<void> const&) const in <CONDA_ENV_PREFIX>/lib/python3.11/site-packages/rdkit/../../../libboost_python311.so.1.86.0
12# 0x00007F5FC1C3DC04 in <CONDA_ENV_PREFIX>/lib/python3.11/site-packages/rdkit/Chem/rdSLNParse.so
13# 0x00007F5FC202B354 in <CONDA_ENV_PREFIX>/lib/python3.11/site-packages/rdkit/Chem/rdDepictor.so
14# 0x00007F5FC22C9DD4 in <CONDA_ENV_PREFIX>/lib/python3.11/site-packages/rdkit/Chem/rdChemReactions.so
15# 0x00007F5FC22C9E24 in <CONDA_ENV_PREFIX>/lib/python3.11/site-packages/rdkit/Chem/rdChemReactions.so
16# 0x00007F5FC2442B94 in <CONDA_ENV_PREFIX>/lib/python3.11/site-packages/rdkit/Chem/rdMolChemicalFeatures.so
17# 0x00007F5FC2EBA9B4 in <CONDA_ENV_PREFIX>/lib/python3.11/site-packages/rdkit/Chem/rdmolfiles.so
18# 0x00007F5FC2EBAA04 in <CONDA_ENV_PREFIX>/lib/python3.11/site-packages/rdkit/Chem/rdmolfiles.so
19# 0x00007F5FC2FD4B04 in <CONDA_ENV_PREFIX>/lib/python3.11/site-packages/rdkit/Chem/rdCIPLabeler.so
20# 0x00007F5FC39A9174 in <CONDA_ENV_PREFIX>/lib/python3.11/site-packages/rdkit/Chem/rdchem.so
21# 0x00007F5FC393DAAD in <CONDA_ENV_PREFIX>/lib/python3.11/site-packages/rdkit/Chem/rdchem.so
22# 0x00007F5FC393D6AD in <CONDA_ENV_PREFIX>/lib/python3.11/site-packages/rdkit/Chem/rdchem.so
23# 0x00007F5FC393D2AD in <CONDA_ENV_PREFIX>/lib/python3.11/site-packages/rdkit/Chem/rdchem.so
24# 0x00007F5FC393CEAD in <CONDA_ENV_PREFIX>/lib/python3.11/site-packages/rdkit/Chem/rdchem.so
25# 0x00007F5FC393CAAD in <CONDA_ENV_PREFIX>/lib/python3.11/site-packages/rdkit/Chem/rdchem.so
26# 0x00007F5FC3FB1E54 in <CONDA_ENV_PREFIX>/lib/python3.11/site-packages/rdkit/rdBase.so
27# 0x00007F5FC3FB1EA4 in <CONDA_ENV_PREFIX>/lib/python3.11/site-packages/rdkit/rdBase.so
28# 0x00007F5FC3FB1EF4 in <CONDA_ENV_PREFIX>/lib/python3.11/site-packages/rdkit/rdBase.so
29# 0x00007F5FC3FB1F44 in <CONDA_ENV_PREFIX>/lib/python3.11/site-packages/rdkit/rdBase.so
30# boost::python::handle_exception_impl(boost::function_n<void>) in <CONDA_ENV_PREFIX>/lib/python3.11/site-packages/rdkit/../../../libboost_python311.so.1.86.0
31# 0x00007F5FC3EDA9B3 in <CONDA_ENV_PREFIX>/lib/python3.11/site-packages/rdkit/../../../libboost_python311.so.1.86.0
32# _PyObject_MakeTpCall in <CONDA_ENV_PREFIX>/bin/python
33# _PyEval_EvalFrameDefault in <CONDA_ENV_PREFIX>/bin/python
34# _PyFunction_Vectorcall in <CONDA_ENV_PREFIX>/bin/python
35# 0x00005637EFF5CC50 in <CONDA_ENV_PREFIX>/bin/python
36# 0x00005637EFE72745 in <CONDA_ENV_PREFIX>/bin/python
37# 0x00005637EFEA31AA in <CONDA_ENV_PREFIX>/bin/python
38# PyObject_Vectorcall in <CONDA_ENV_PREFIX>/bin/python
39# _PyEval_EvalFrameDefault in <CONDA_ENV_PREFIX>/bin/python
40# _PyFunction_Vectorcall in <CONDA_ENV_PREFIX>/bin/python
41# _PyEval_EvalFrameDefault in <CONDA_ENV_PREFIX>/bin/python
42# _PyFunction_Vectorcall in <CONDA_ENV_PREFIX>/bin/python
43# _PyEval_EvalFrameDefault in <CONDA_ENV_PREFIX>/bin/python
44# _PyFunction_Vectorcall in <CONDA_ENV_PREFIX>/bin/python
45# 0x00005637EFE5E979 in <CONDA_ENV_PREFIX>/bin/python
46# _PyObject_MakeTpCall in <CONDA_ENV_PREFIX>/bin/python
47# _PyEval_EvalFrameDefault in <CONDA_ENV_PREFIX>/bin/python
48# _PyFunction_Vectorcall in <CONDA_ENV_PREFIX>/bin/python
49# 0x00005637EFE5EA1D in <CONDA_ENV_PREFIX>/bin/python
50# _PyObject_MakeTpCall in <CONDA_ENV_PREFIX>/bin/python
51# _PyEval_EvalFrameDefault in <CONDA_ENV_PREFIX>/bin/python
52# 0x00005637EFEE9B0D in <CONDA_ENV_PREFIX>/bin/python
53# PyEval_EvalCode in <CONDA_ENV_PREFIX>/bin/python
54# 0x00005637EFF071AA in <CONDA_ENV_PREFIX>/bin/python
55# 0x00005637EFF02E33 in <CONDA_ENV_PREFIX>/bin/python
56# 0x00005637EFF183D0 in <CONDA_ENV_PREFIX>/bin/python
57# _PyRun_SimpleFileObject in <CONDA_ENV_PREFIX>/bin/python
58# _PyRun_AnyFileObject in <CONDA_ENV_PREFIX>/bin/python
59# Py_RunMain in <CONDA_ENV_PREFIX>/bin/python
60# Py_BytesMain in <CONDA_ENV_PREFIX>/bin/python
61# 0x00007F5FD2B61D90 in /lib/x86_64-linux-gnu/libc.so.6
62# __libc_start_main in /lib/x86_64-linux-gnu/libc.so.6
63# 0x00005637EFED937A in <CONDA_ENV_PREFIX>/bin/python
----------
****

[20:30:17] UFFTYPER: Unrecognized atom type: S_5+6 (2)
[20:30:17] 

****
Pre-condition Violation
bad params pointer
Violation occurred on line 79 in file /home/conda/feedstock_root/build_artifacts/rdkit-meta_1745736747213/work/Code/ForceField/UFF/AngleBend.cpp
Failed Expression: at2Params
----------
Stacktrace:
 0# Invar::Invariant::toString[abi:cxx11]() const in <CONDA_ENV_PREFIX>/lib/python3.11/site-packages/rdkit/../../../libRDKitRDGeneral.so.1
 1# Invar::operator<<(std::ostream&, Invar::Invariant const&) in <CONDA_ENV_PREFIX>/lib/python3.11/site-packages/rdkit/../../../libRDKitRDGeneral.so.1
 2# ForceFields::UFF::AngleBendContrib::AngleBendContrib(ForceFields::ForceField*, unsigned int, unsigned int, unsigned int, double, double, ForceFields::UFF::AtomicParams const*, ForceFields::UFF::AtomicParams const*, ForceFields::UFF::AtomicParams const*, unsigned int) in <CONDA_ENV_PREFIX>/lib/python3.11/site-packages/rdkit/ForceField/../../../../libRDKitForceField.so.1
 3# RDKit::UFF::Tools::addTrigonalBipyramidAngles(RDKit::Atom const*, RDKit::ROMol const&, int, std::vector<ForceFields::UFF::AtomicParams const*, std::allocator<ForceFields::UFF::AtomicParams const*> > const&, ForceFields::ForceField*) in <CONDA_ENV_PREFIX>/lib/python3.11/site-packages/rdkit/ForceField/../../../../libRDKitForceFieldHelpers.so.1
 4# RDKit::UFF::Tools::addAngleSpecialCases(RDKit::ROMol const&, int, std::vector<ForceFields::UFF::AtomicParams const*, std::allocator<ForceFields::UFF::AtomicParams const*> > const&, ForceFields::ForceField*) in <CONDA_ENV_PREFIX>/lib/python3.11/site-packages/rdkit/ForceField/../../../../libRDKitForceFieldHelpers.so.1
 5# RDKit::UFF::constructForceField(RDKit::ROMol&, std::vector<ForceFields::UFF::AtomicParams const*, std::allocator<ForceFields::UFF::AtomicParams const*> > const&, double, int, bool) in <CONDA_ENV_PREFIX>/lib/python3.11/site-packages/rdkit/ForceField/../../../../libRDKitForceFieldHelpers.so.1
 6# RDKit::UFF::constructForceField(RDKit::ROMol&, double, int, bool) in <CONDA_ENV_PREFIX>/lib/python3.11/site-packages/rdkit/ForceField/../../../../libRDKitForceFieldHelpers.so.1
 7# RDKit::UFFHelper(RDKit::ROMol&, int, double, int, bool) in <CONDA_ENV_PREFIX>/lib/python3.11/site-packages/rdkit/Chem/rdForceFieldHelpers.so
 8# 0x00007F5FC1F8403D in <CONDA_ENV_PREFIX>/lib/python3.11/site-packages/rdkit/Chem/rdForceFieldHelpers.so
 9# boost::python::objects::function::call(_object*, _object*) const in <CONDA_ENV_PREFIX>/lib/python3.11/site-packages/rdkit/../../../libboost_python311.so.1.86.0
10# 0x00007F5FC3EDD449 in <CONDA_ENV_PREFIX>/lib/python3.11/site-packages/rdkit/../../../libboost_python311.so.1.86.0
11# boost::python::detail::exception_handler::operator()(boost::function_n<void> const&) const in <CONDA_ENV_PREFIX>/lib/python3.11/site-packages/rdkit/../../../libboost_python311.so.1.86.0
12# 0x00007F5FC1C3DC04 in <CONDA_ENV_PREFIX>/lib/python3.11/site-packages/rdkit/Chem/rdSLNParse.so
13# 0x00007F5FC202B354 in <CONDA_ENV_PREFIX>/lib/python3.11/site-packages/rdkit/Chem/rdDepictor.so
14# 0x00007F5FC22C9DD4 in <CONDA_ENV_PREFIX>/lib/python3.11/site-packages/rdkit/Chem/rdChemReactions.so
15# 0x00007F5FC22C9E24 in <CONDA_ENV_PREFIX>/lib/python3.11/site-packages/rdkit/Chem/rdChemReactions.so
16# 0x00007F5FC2442B94 in <CONDA_ENV_PREFIX>/lib/python3.11/site-packages/rdkit/Chem/rdMolChemicalFeatures.so
17# 0x00007F5FC2EBA9B4 in <CONDA_ENV_PREFIX>/lib/python3.11/site-packages/rdkit/Chem/rdmolfiles.so
18# 0x00007F5FC2EBAA04 in <CONDA_ENV_PREFIX>/lib/python3.11/site-packages/rdkit/Chem/rdmolfiles.so
19# 0x00007F5FC2FD4B04 in <CONDA_ENV_PREFIX>/lib/python3.11/site-packages/rdkit/Chem/rdCIPLabeler.so
20# 0x00007F5FC39A9174 in <CONDA_ENV_PREFIX>/lib/python3.11/site-packages/rdkit/Chem/rdchem.so
21# 0x00007F5FC393DAAD in <CONDA_ENV_PREFIX>/lib/python3.11/site-packages/rdkit/Chem/rdchem.so
22# 0x00007F5FC393D6AD in <CONDA_ENV_PREFIX>/lib/python3.11/site-packages/rdkit/Chem/rdchem.so
23# 0x00007F5FC393D2AD in <CONDA_ENV_PREFIX>/lib/python3.11/site-packages/rdkit/Chem/rdchem.so
24# 0x00007F5FC393CEAD in <CONDA_ENV_PREFIX>/lib/python3.11/site-packages/rdkit/Chem/rdchem.so
25# 0x00007F5FC393CAAD in <CONDA_ENV_PREFIX>/lib/python3.11/site-packages/rdkit/Chem/rdchem.so
26# 0x00007F5FC3FB1E54 in <CONDA_ENV_PREFIX>/lib/python3.11/site-packages/rdkit/rdBase.so
27# 0x00007F5FC3FB1EA4 in <CONDA_ENV_PREFIX>/lib/python3.11/site-packages/rdkit/rdBase.so
28# 0x00007F5FC3FB1EF4 in <CONDA_ENV_PREFIX>/lib/python3.11/site-packages/rdkit/rdBase.so
29# 0x00007F5FC3FB1F44 in <CONDA_ENV_PREFIX>/lib/python3.11/site-packages/rdkit/rdBase.so
30# boost::python::handle_exception_impl(boost::function_n<void>) in <CONDA_ENV_PREFIX>/lib/python3.11/site-packages/rdkit/../../../libboost_python311.so.1.86.0
31# 0x00007F5FC3EDA9B3 in <CONDA_ENV_PREFIX>/lib/python3.11/site-packages/rdkit/../../../libboost_python311.so.1.86.0
32# _PyObject_MakeTpCall in <CONDA_ENV_PREFIX>/bin/python
33# _PyEval_EvalFrameDefault in <CONDA_ENV_PREFIX>/bin/python
34# _PyFunction_Vectorcall in <CONDA_ENV_PREFIX>/bin/python
35# 0x00005637EFF5CC50 in <CONDA_ENV_PREFIX>/bin/python
36# 0x00005637EFE72745 in <CONDA_ENV_PREFIX>/bin/python
37# 0x00005637EFEA31AA in <CONDA_ENV_PREFIX>/bin/python
38# PyObject_Vectorcall in <CONDA_ENV_PREFIX>/bin/python
39# _PyEval_EvalFrameDefault in <CONDA_ENV_PREFIX>/bin/python
40# _PyFunction_Vectorcall in <CONDA_ENV_PREFIX>/bin/python
41# _PyEval_EvalFrameDefault in <CONDA_ENV_PREFIX>/bin/python
42# _PyFunction_Vectorcall in <CONDA_ENV_PREFIX>/bin/python
43# _PyEval_EvalFrameDefault in <CONDA_ENV_PREFIX>/bin/python
44# _PyFunction_Vectorcall in <CONDA_ENV_PREFIX>/bin/python
45# 0x00005637EFE5E979 in <CONDA_ENV_PREFIX>/bin/python
46# _PyObject_MakeTpCall in <CONDA_ENV_PREFIX>/bin/python
47# _PyEval_EvalFrameDefault in <CONDA_ENV_PREFIX>/bin/python
48# _PyFunction_Vectorcall in <CONDA_ENV_PREFIX>/bin/python
49# 0x00005637EFE5EA1D in <CONDA_ENV_PREFIX>/bin/python
50# _PyObject_MakeTpCall in <CONDA_ENV_PREFIX>/bin/python
51# _PyEval_EvalFrameDefault in <CONDA_ENV_PREFIX>/bin/python
52# 0x00005637EFEE9B0D in <CONDA_ENV_PREFIX>/bin/python
53# PyEval_EvalCode in <CONDA_ENV_PREFIX>/bin/python
54# 0x00005637EFF071AA in <CONDA_ENV_PREFIX>/bin/python
55# 0x00005637EFF02E33 in <CONDA_ENV_PREFIX>/bin/python
56# 0x00005637EFF183D0 in <CONDA_ENV_PREFIX>/bin/python
57# _PyRun_SimpleFileObject in <CONDA_ENV_PREFIX>/bin/python
58# _PyRun_AnyFileObject in <CONDA_ENV_PREFIX>/bin/python
59# Py_RunMain in <CONDA_ENV_PREFIX>/bin/python
60# Py_BytesMain in <CONDA_ENV_PREFIX>/bin/python
61# 0x00007F5FD2B61D90 in /lib/x86_64-linux-gnu/libc.so.6
62# __libc_start_main in /lib/x86_64-linux-gnu/libc.so.6
63# 0x00005637EFED937A in <CONDA_ENV_PREFIX>/bin/python
----------
****

[20:30:17] UFFTYPER: Unrecognized atom type: S_5+6 (2)
[20:30:17] UFFTYPER: Unrecognized atom type: S_5+6 (2)
[20:30:17] 

****
Pre-condition Violation
bad params pointer
Violation occurred on line 79 in file /home/conda/feedstock_root/build_artifacts/rdkit-meta_1745736747213/work/Code/ForceField/UFF/AngleBend.cpp
Failed Expression: at2Params
----------
Stacktrace:
 0# Invar::Invariant::toString[abi:cxx11]() const in <CONDA_ENV_PREFIX>/lib/python3.11/site-packages/rdkit/../../../libRDKitRDGeneral.so.1
 1# Invar::operator<<(std::ostream&, Invar::Invariant const&) in <CONDA_ENV_PREFIX>/lib/python3.11/site-packages/rdkit/../../../libRDKitRDGeneral.so.1
 2# ForceFields::UFF::AngleBendContrib::AngleBendContrib(ForceFields::ForceField*, unsigned int, unsigned int, unsigned int, double, double, ForceFields::UFF::AtomicParams const*, ForceFields::UFF::AtomicParams const*, ForceFields::UFF::AtomicParams const*, unsigned int) in <CONDA_ENV_PREFIX>/lib/python3.11/site-packages/rdkit/ForceField/../../../../libRDKitForceField.so.1
 3# RDKit::UFF::Tools::addTrigonalBipyramidAngles(RDKit::Atom const*, RDKit::ROMol const&, int, std::vector<ForceFields::UFF::AtomicParams const*, std::allocator<ForceFields::UFF::AtomicParams const*> > const&, ForceFields::ForceField*) in <CONDA_ENV_PREFIX>/lib/python3.11/site-packages/rdkit/ForceField/../../../../libRDKitForceFieldHelpers.so.1
 4# RDKit::UFF::Tools::addAngleSpecialCases(RDKit::ROMol const&, int, std::vector<ForceFields::UFF::AtomicParams const*, std::allocator<ForceFields::UFF::AtomicParams const*> > const&, ForceFields::ForceField*) in <CONDA_ENV_PREFIX>/lib/python3.11/site-packages/rdkit/ForceField/../../../../libRDKitForceFieldHelpers.so.1
 5# RDKit::UFF::constructForceField(RDKit::ROMol&, std::vector<ForceFields::UFF::AtomicParams const*, std::allocator<ForceFields::UFF::AtomicParams const*> > const&, double, int, bool) in <CONDA_ENV_PREFIX>/lib/python3.11/site-packages/rdkit/ForceField/../../../../libRDKitForceFieldHelpers.so.1
 6# RDKit::UFF::constructForceField(RDKit::ROMol&, double, int, bool) in <CONDA_ENV_PREFIX>/lib/python3.11/site-packages/rdkit/ForceField/../../../../libRDKitForceFieldHelpers.so.1
 7# RDKit::UFFHelper(RDKit::ROMol&, int, double, int, bool) in <CONDA_ENV_PREFIX>/lib/python3.11/site-packages/rdkit/Chem/rdForceFieldHelpers.so
 8# 0x00007F5FC1F8403D in <CONDA_ENV_PREFIX>/lib/python3.11/site-packages/rdkit/Chem/rdForceFieldHelpers.so
 9# boost::python::objects::function::call(_object*, _object*) const in <CONDA_ENV_PREFIX>/lib/python3.11/site-packages/rdkit/../../../libboost_python311.so.1.86.0
10# 0x00007F5FC3EDD449 in <CONDA_ENV_PREFIX>/lib/python3.11/site-packages/rdkit/../../../libboost_python311.so.1.86.0
11# boost::python::detail::exception_handler::operator()(boost::function_n<void> const&) const in <CONDA_ENV_PREFIX>/lib/python3.11/site-packages/rdkit/../../../libboost_python311.so.1.86.0
12# 0x00007F5FC1C3DC04 in <CONDA_ENV_PREFIX>/lib/python3.11/site-packages/rdkit/Chem/rdSLNParse.so
13# 0x00007F5FC202B354 in <CONDA_ENV_PREFIX>/lib/python3.11/site-packages/rdkit/Chem/rdDepictor.so
14# 0x00007F5FC22C9DD4 in <CONDA_ENV_PREFIX>/lib/python3.11/site-packages/rdkit/Chem/rdChemReactions.so
15# 0x00007F5FC22C9E24 in <CONDA_ENV_PREFIX>/lib/python3.11/site-packages/rdkit/Chem/rdChemReactions.so
16# 0x00007F5FC2442B94 in <CONDA_ENV_PREFIX>/lib/python3.11/site-packages/rdkit/Chem/rdMolChemicalFeatures.so
17# 0x00007F5FC2EBA9B4 in <CONDA_ENV_PREFIX>/lib/python3.11/site-packages/rdkit/Chem/rdmolfiles.so
18# 0x00007F5FC2EBAA04 in <CONDA_ENV_PREFIX>/lib/python3.11/site-packages/rdkit/Chem/rdmolfiles.so
19# 0x00007F5FC2FD4B04 in <CONDA_ENV_PREFIX>/lib/python3.11/site-packages/rdkit/Chem/rdCIPLabeler.so
20# 0x00007F5FC39A9174 in <CONDA_ENV_PREFIX>/lib/python3.11/site-packages/rdkit/Chem/rdchem.so
21# 0x00007F5FC393DAAD in <CONDA_ENV_PREFIX>/lib/python3.11/site-packages/rdkit/Chem/rdchem.so
22# 0x00007F5FC393D6AD in <CONDA_ENV_PREFIX>/lib/python3.11/site-packages/rdkit/Chem/rdchem.so
23# 0x00007F5FC393D2AD in <CONDA_ENV_PREFIX>/lib/python3.11/site-packages/rdkit/Chem/rdchem.so
24# 0x00007F5FC393CEAD in <CONDA_ENV_PREFIX>/lib/python3.11/site-packages/rdkit/Chem/rdchem.so
25# 0x00007F5FC393CAAD in <CONDA_ENV_PREFIX>/lib/python3.11/site-packages/rdkit/Chem/rdchem.so
26# 0x00007F5FC3FB1E54 in <CONDA_ENV_PREFIX>/lib/python3.11/site-packages/rdkit/rdBase.so
27# 0x00007F5FC3FB1EA4 in <CONDA_ENV_PREFIX>/lib/python3.11/site-packages/rdkit/rdBase.so
28# 0x00007F5FC3FB1EF4 in <CONDA_ENV_PREFIX>/lib/python3.11/site-packages/rdkit/rdBase.so
29# 0x00007F5FC3FB1F44 in <CONDA_ENV_PREFIX>/lib/python3.11/site-packages/rdkit/rdBase.so
30# boost::python::handle_exception_impl(boost::function_n<void>) in <CONDA_ENV_PREFIX>/lib/python3.11/site-packages/rdkit/../../../libboost_python311.so.1.86.0
31# 0x00007F5FC3EDA9B3 in <CONDA_ENV_PREFIX>/lib/python3.11/site-packages/rdkit/../../../libboost_python311.so.1.86.0
32# _PyObject_MakeTpCall in <CONDA_ENV_PREFIX>/bin/python
33# _PyEval_EvalFrameDefault in <CONDA_ENV_PREFIX>/bin/python
34# _PyFunction_Vectorcall in <CONDA_ENV_PREFIX>/bin/python
35# 0x00005637EFF5CC50 in <CONDA_ENV_PREFIX>/bin/python
36# 0x00005637EFE72745 in <CONDA_ENV_PREFIX>/bin/python
37# 0x00005637EFEA31AA in <CONDA_ENV_PREFIX>/bin/python
38# PyObject_Vectorcall in <CONDA_ENV_PREFIX>/bin/python
39# _PyEval_EvalFrameDefault in <CONDA_ENV_PREFIX>/bin/python
40# _PyFunction_Vectorcall in <CONDA_ENV_PREFIX>/bin/python
41# _PyEval_EvalFrameDefault in <CONDA_ENV_PREFIX>/bin/python
42# _PyFunction_Vectorcall in <CONDA_ENV_PREFIX>/bin/python
43# _PyEval_EvalFrameDefault in <CONDA_ENV_PREFIX>/bin/python
44# _PyFunction_Vectorcall in <CONDA_ENV_PREFIX>/bin/python
45# 0x00005637EFE5E979 in <CONDA_ENV_PREFIX>/bin/python
46# _PyObject_MakeTpCall in <CONDA_ENV_PREFIX>/bin/python
47# _PyEval_EvalFrameDefault in <CONDA_ENV_PREFIX>/bin/python
48# _PyFunction_Vectorcall in <CONDA_ENV_PREFIX>/bin/python
49# 0x00005637EFE5EA1D in <CONDA_ENV_PREFIX>/bin/python
50# _PyObject_MakeTpCall in <CONDA_ENV_PREFIX>/bin/python
51# _PyEval_EvalFrameDefault in <CONDA_ENV_PREFIX>/bin/python
52# 0x00005637EFEE9B0D in <CONDA_ENV_PREFIX>/bin/python
53# PyEval_EvalCode in <CONDA_ENV_PREFIX>/bin/python
54# 0x00005637EFF071AA in <CONDA_ENV_PREFIX>/bin/python
55# 0x00005637EFF02E33 in <CONDA_ENV_PREFIX>/bin/python
56# 0x00005637EFF183D0 in <CONDA_ENV_PREFIX>/bin/python
57# _PyRun_SimpleFileObject in <CONDA_ENV_PREFIX>/bin/python
58# _PyRun_AnyFileObject in <CONDA_ENV_PREFIX>/bin/python
59# Py_RunMain in <CONDA_ENV_PREFIX>/bin/python
60# Py_BytesMain in <CONDA_ENV_PREFIX>/bin/python
61# 0x00007F5FD2B61D90 in /lib/x86_64-linux-gnu/libc.so.6
62# __libc_start_main in /lib/x86_64-linux-gnu/libc.so.6
63# 0x00005637EFED937A in <CONDA_ENV_PREFIX>/bin/python
----------
****

[20:30:18] UFFTYPER: Unrecognized atom type: S_5+6 (2)
[20:30:18] UFFTYPER: Unrecognized atom type: S_5+6 (2)
[20:30:18] 

****
Pre-condition Violation
bad params pointer
Violation occurred on line 79 in file /home/conda/feedstock_root/build_artifacts/rdkit-meta_1745736747213/work/Code/ForceField/UFF/AngleBend.cpp
Failed Expression: at2Params
----------
Stacktrace:
 0# Invar::Invariant::toString[abi:cxx11]() const in <CONDA_ENV_PREFIX>/lib/python3.11/site-packages/rdkit/../../../libRDKitRDGeneral.so.1
 1# Invar::operator<<(std::ostream&, Invar::Invariant const&) in <CONDA_ENV_PREFIX>/lib/python3.11/site-packages/rdkit/../../../libRDKitRDGeneral.so.1
 2# ForceFields::UFF::AngleBendContrib::AngleBendContrib(ForceFields::ForceField*, unsigned int, unsigned int, unsigned int, double, double, ForceFields::UFF::AtomicParams const*, ForceFields::UFF::AtomicParams const*, ForceFields::UFF::AtomicParams const*, unsigned int) in <CONDA_ENV_PREFIX>/lib/python3.11/site-packages/rdkit/ForceField/../../../../libRDKitForceField.so.1
 3# RDKit::UFF::Tools::addTrigonalBipyramidAngles(RDKit::Atom const*, RDKit::ROMol const&, int, std::vector<ForceFields::UFF::AtomicParams const*, std::allocator<ForceFields::UFF::AtomicParams const*> > const&, ForceFields::ForceField*) in <CONDA_ENV_PREFIX>/lib/python3.11/site-packages/rdkit/ForceField/../../../../libRDKitForceFieldHelpers.so.1
 4# RDKit::UFF::Tools::addAngleSpecialCases(RDKit::ROMol const&, int, std::vector<ForceFields::UFF::AtomicParams const*, std::allocator<ForceFields::UFF::AtomicParams const*> > const&, ForceFields::ForceField*) in <CONDA_ENV_PREFIX>/lib/python3.11/site-packages/rdkit/ForceField/../../../../libRDKitForceFieldHelpers.so.1
 5# RDKit::UFF::constructForceField(RDKit::ROMol&, std::vector<ForceFields::UFF::AtomicParams const*, std::allocator<ForceFields::UFF::AtomicParams const*> > const&, double, int, bool) in <CONDA_ENV_PREFIX>/lib/python3.11/site-packages/rdkit/ForceField/../../../../libRDKitForceFieldHelpers.so.1
 6# RDKit::UFF::constructForceField(RDKit::ROMol&, double, int, bool) in <CONDA_ENV_PREFIX>/lib/python3.11/site-packages/rdkit/ForceField/../../../../libRDKitForceFieldHelpers.so.1
 7# RDKit::UFFHelper(RDKit::ROMol&, int, double, int, bool) in <CONDA_ENV_PREFIX>/lib/python3.11/site-packages/rdkit/Chem/rdForceFieldHelpers.so
 8# 0x00007F5FC1F8403D in <CONDA_ENV_PREFIX>/lib/python3.11/site-packages/rdkit/Chem/rdForceFieldHelpers.so
 9# boost::python::objects::function::call(_object*, _object*) const in <CONDA_ENV_PREFIX>/lib/python3.11/site-packages/rdkit/../../../libboost_python311.so.1.86.0
10# 0x00007F5FC3EDD449 in <CONDA_ENV_PREFIX>/lib/python3.11/site-packages/rdkit/../../../libboost_python311.so.1.86.0
11# boost::python::detail::exception_handler::operator()(boost::function_n<void> const&) const in <CONDA_ENV_PREFIX>/lib/python3.11/site-packages/rdkit/../../../libboost_python311.so.1.86.0
12# 0x00007F5FC1C3DC04 in <CONDA_ENV_PREFIX>/lib/python3.11/site-packages/rdkit/Chem/rdSLNParse.so
13# 0x00007F5FC202B354 in <CONDA_ENV_PREFIX>/lib/python3.11/site-packages/rdkit/Chem/rdDepictor.so
14# 0x00007F5FC22C9DD4 in <CONDA_ENV_PREFIX>/lib/python3.11/site-packages/rdkit/Chem/rdChemReactions.so
15# 0x00007F5FC22C9E24 in <CONDA_ENV_PREFIX>/lib/python3.11/site-packages/rdkit/Chem/rdChemReactions.so
16# 0x00007F5FC2442B94 in <CONDA_ENV_PREFIX>/lib/python3.11/site-packages/rdkit/Chem/rdMolChemicalFeatures.so
17# 0x00007F5FC2EBA9B4 in <CONDA_ENV_PREFIX>/lib/python3.11/site-packages/rdkit/Chem/rdmolfiles.so
18# 0x00007F5FC2EBAA04 in <CONDA_ENV_PREFIX>/lib/python3.11/site-packages/rdkit/Chem/rdmolfiles.so
19# 0x00007F5FC2FD4B04 in <CONDA_ENV_PREFIX>/lib/python3.11/site-packages/rdkit/Chem/rdCIPLabeler.so
20# 0x00007F5FC39A9174 in <CONDA_ENV_PREFIX>/lib/python3.11/site-packages/rdkit/Chem/rdchem.so
21# 0x00007F5FC393DAAD in <CONDA_ENV_PREFIX>/lib/python3.11/site-packages/rdkit/Chem/rdchem.so
22# 0x00007F5FC393D6AD in <CONDA_ENV_PREFIX>/lib/python3.11/site-packages/rdkit/Chem/rdchem.so
23# 0x00007F5FC393D2AD in <CONDA_ENV_PREFIX>/lib/python3.11/site-packages/rdkit/Chem/rdchem.so
24# 0x00007F5FC393CEAD in <CONDA_ENV_PREFIX>/lib/python3.11/site-packages/rdkit/Chem/rdchem.so
25# 0x00007F5FC393CAAD in <CONDA_ENV_PREFIX>/lib/python3.11/site-packages/rdkit/Chem/rdchem.so
26# 0x00007F5FC3FB1E54 in <CONDA_ENV_PREFIX>/lib/python3.11/site-packages/rdkit/rdBase.so
27# 0x00007F5FC3FB1EA4 in <CONDA_ENV_PREFIX>/lib/python3.11/site-packages/rdkit/rdBase.so
28# 0x00007F5FC3FB1EF4 in <CONDA_ENV_PREFIX>/lib/python3.11/site-packages/rdkit/rdBase.so
29# 0x00007F5FC3FB1F44 in <CONDA_ENV_PREFIX>/lib/python3.11/site-packages/rdkit/rdBase.so
30# boost::python::handle_exception_impl(boost::function_n<void>) in <CONDA_ENV_PREFIX>/lib/python3.11/site-packages/rdkit/../../../libboost_python311.so.1.86.0
31# 0x00007F5FC3EDA9B3 in <CONDA_ENV_PREFIX>/lib/python3.11/site-packages/rdkit/../../../libboost_python311.so.1.86.0
32# _PyObject_MakeTpCall in <CONDA_ENV_PREFIX>/bin/python
33# _PyEval_EvalFrameDefault in <CONDA_ENV_PREFIX>/bin/python
34# _PyFunction_Vectorcall in <CONDA_ENV_PREFIX>/bin/python
35# 0x00005637EFF5CC50 in <CONDA_ENV_PREFIX>/bin/python
36# 0x00005637EFE72745 in <CONDA_ENV_PREFIX>/bin/python
37# 0x00005637EFEA31AA in <CONDA_ENV_PREFIX>/bin/python
38# PyObject_Vectorcall in <CONDA_ENV_PREFIX>/bin/python
39# _PyEval_EvalFrameDefault in <CONDA_ENV_PREFIX>/bin/python
40# _PyFunction_Vectorcall in <CONDA_ENV_PREFIX>/bin/python
41# _PyEval_EvalFrameDefault in <CONDA_ENV_PREFIX>/bin/python
42# _PyFunction_Vectorcall in <CONDA_ENV_PREFIX>/bin/python
43# _PyEval_EvalFrameDefault in <CONDA_ENV_PREFIX>/bin/python
44# _PyFunction_Vectorcall in <CONDA_ENV_PREFIX>/bin/python
45# 0x00005637EFE5E979 in <CONDA_ENV_PREFIX>/bin/python
46# _PyObject_MakeTpCall in <CONDA_ENV_PREFIX>/bin/python
47# _PyEval_EvalFrameDefault in <CONDA_ENV_PREFIX>/bin/python
48# _PyFunction_Vectorcall in <CONDA_ENV_PREFIX>/bin/python
49# 0x00005637EFE5EA1D in <CONDA_ENV_PREFIX>/bin/python
50# _PyObject_MakeTpCall in <CONDA_ENV_PREFIX>/bin/python
51# _PyEval_EvalFrameDefault in <CONDA_ENV_PREFIX>/bin/python
52# 0x00005637EFEE9B0D in <CONDA_ENV_PREFIX>/bin/python
53# PyEval_EvalCode in <CONDA_ENV_PREFIX>/bin/python
54# 0x00005637EFF071AA in <CONDA_ENV_PREFIX>/bin/python
55# 0x00005637EFF02E33 in <CONDA_ENV_PREFIX>/bin/python
56# 0x00005637EFF183D0 in <CONDA_ENV_PREFIX>/bin/python
57# _PyRun_SimpleFileObject in <CONDA_ENV_PREFIX>/bin/python
58# _PyRun_AnyFileObject in <CONDA_ENV_PREFIX>/bin/python
59# Py_RunMain in <CONDA_ENV_PREFIX>/bin/python
60# Py_BytesMain in <CONDA_ENV_PREFIX>/bin/python
61# 0x00007F5FD2B61D90 in /lib/x86_64-linux-gnu/libc.so.6
62# __libc_start_main in /lib/x86_64-linux-gnu/libc.so.6
63# 0x00005637EFED937A in <CONDA_ENV_PREFIX>/bin/python
----------
****

[20:30:18] UFFTYPER: Unrecognized atom type: S_5+6 (2)
[20:30:18] UFFTYPER: Unrecognized atom type: S_5+6 (2)
[20:30:18] 

****
Pre-condition Violation
bad params pointer
Violation occurred on line 79 in file /home/conda/feedstock_root/build_artifacts/rdkit-meta_1745736747213/work/Code/ForceField/UFF/AngleBend.cpp
Failed Expression: at2Params
----------
Stacktrace:
 0# Invar::Invariant::toString[abi:cxx11]() const in <CONDA_ENV_PREFIX>/lib/python3.11/site-packages/rdkit/../../../libRDKitRDGeneral.so.1
 1# Invar::operator<<(std::ostream&, Invar::Invariant const&) in <CONDA_ENV_PREFIX>/lib/python3.11/site-packages/rdkit/../../../libRDKitRDGeneral.so.1
 2# ForceFields::UFF::AngleBendContrib::AngleBendContrib(ForceFields::ForceField*, unsigned int, unsigned int, unsigned int, double, double, ForceFields::UFF::AtomicParams const*, ForceFields::UFF::AtomicParams const*, ForceFields::UFF::AtomicParams const*, unsigned int) in <CONDA_ENV_PREFIX>/lib/python3.11/site-packages/rdkit/ForceField/../../../../libRDKitForceField.so.1
 3# RDKit::UFF::Tools::addTrigonalBipyramidAngles(RDKit::Atom const*, RDKit::ROMol const&, int, std::vector<ForceFields::UFF::AtomicParams const*, std::allocator<ForceFields::UFF::AtomicParams const*> > const&, ForceFields::ForceField*) in <CONDA_ENV_PREFIX>/lib/python3.11/site-packages/rdkit/ForceField/../../../../libRDKitForceFieldHelpers.so.1
 4# RDKit::UFF::Tools::addAngleSpecialCases(RDKit::ROMol const&, int, std::vector<ForceFields::UFF::AtomicParams const*, std::allocator<ForceFields::UFF::AtomicParams const*> > const&, ForceFields::ForceField*) in <CONDA_ENV_PREFIX>/lib/python3.11/site-packages/rdkit/ForceField/../../../../libRDKitForceFieldHelpers.so.1
 5# RDKit::UFF::constructForceField(RDKit::ROMol&, std::vector<ForceFields::UFF::AtomicParams const*, std::allocator<ForceFields::UFF::AtomicParams const*> > const&, double, int, bool) in <CONDA_ENV_PREFIX>/lib/python3.11/site-packages/rdkit/ForceField/../../../../libRDKitForceFieldHelpers.so.1
 6# RDKit::UFF::constructForceField(RDKit::ROMol&, double, int, bool) in <CONDA_ENV_PREFIX>/lib/python3.11/site-packages/rdkit/ForceField/../../../../libRDKitForceFieldHelpers.so.1
 7# RDKit::UFFHelper(RDKit::ROMol&, int, double, int, bool) in <CONDA_ENV_PREFIX>/lib/python3.11/site-packages/rdkit/Chem/rdForceFieldHelpers.so
 8# 0x00007F5FC1F8403D in <CONDA_ENV_PREFIX>/lib/python3.11/site-packages/rdkit/Chem/rdForceFieldHelpers.so
 9# boost::python::objects::function::call(_object*, _object*) const in <CONDA_ENV_PREFIX>/lib/python3.11/site-packages/rdkit/../../../libboost_python311.so.1.86.0
10# 0x00007F5FC3EDD449 in <CONDA_ENV_PREFIX>/lib/python3.11/site-packages/rdkit/../../../libboost_python311.so.1.86.0
11# boost::python::detail::exception_handler::operator()(boost::function_n<void> const&) const in <CONDA_ENV_PREFIX>/lib/python3.11/site-packages/rdkit/../../../libboost_python311.so.1.86.0
12# 0x00007F5FC1C3DC04 in <CONDA_ENV_PREFIX>/lib/python3.11/site-packages/rdkit/Chem/rdSLNParse.so
13# 0x00007F5FC202B354 in <CONDA_ENV_PREFIX>/lib/python3.11/site-packages/rdkit/Chem/rdDepictor.so
14# 0x00007F5FC22C9DD4 in <CONDA_ENV_PREFIX>/lib/python3.11/site-packages/rdkit/Chem/rdChemReactions.so
15# 0x00007F5FC22C9E24 in <CONDA_ENV_PREFIX>/lib/python3.11/site-packages/rdkit/Chem/rdChemReactions.so
16# 0x00007F5FC2442B94 in <CONDA_ENV_PREFIX>/lib/python3.11/site-packages/rdkit/Chem/rdMolChemicalFeatures.so
17# 0x00007F5FC2EBA9B4 in <CONDA_ENV_PREFIX>/lib/python3.11/site-packages/rdkit/Chem/rdmolfiles.so
18# 0x00007F5FC2EBAA04 in <CONDA_ENV_PREFIX>/lib/python3.11/site-packages/rdkit/Chem/rdmolfiles.so
19# 0x00007F5FC2FD4B04 in <CONDA_ENV_PREFIX>/lib/python3.11/site-packages/rdkit/Chem/rdCIPLabeler.so
20# 0x00007F5FC39A9174 in <CONDA_ENV_PREFIX>/lib/python3.11/site-packages/rdkit/Chem/rdchem.so
21# 0x00007F5FC393DAAD in <CONDA_ENV_PREFIX>/lib/python3.11/site-packages/rdkit/Chem/rdchem.so
22# 0x00007F5FC393D6AD in <CONDA_ENV_PREFIX>/lib/python3.11/site-packages/rdkit/Chem/rdchem.so
23# 0x00007F5FC393D2AD in <CONDA_ENV_PREFIX>/lib/python3.11/site-packages/rdkit/Chem/rdchem.so
24# 0x00007F5FC393CEAD in <CONDA_ENV_PREFIX>/lib/python3.11/site-packages/rdkit/Chem/rdchem.so
25# 0x00007F5FC393CAAD in <CONDA_ENV_PREFIX>/lib/python3.11/site-packages/rdkit/Chem/rdchem.so
26# 0x00007F5FC3FB1E54 in <CONDA_ENV_PREFIX>/lib/python3.11/site-packages/rdkit/rdBase.so
27# 0x00007F5FC3FB1EA4 in <CONDA_ENV_PREFIX>/lib/python3.11/site-packages/rdkit/rdBase.so
28# 0x00007F5FC3FB1EF4 in <CONDA_ENV_PREFIX>/lib/python3.11/site-packages/rdkit/rdBase.so
29# 0x00007F5FC3FB1F44 in <CONDA_ENV_PREFIX>/lib/python3.11/site-packages/rdkit/rdBase.so
30# boost::python::handle_exception_impl(boost::function_n<void>) in <CONDA_ENV_PREFIX>/lib/python3.11/site-packages/rdkit/../../../libboost_python311.so.1.86.0
31# 0x00007F5FC3EDA9B3 in <CONDA_ENV_PREFIX>/lib/python3.11/site-packages/rdkit/../../../libboost_python311.so.1.86.0
32# _PyObject_MakeTpCall in <CONDA_ENV_PREFIX>/bin/python
33# _PyEval_EvalFrameDefault in <CONDA_ENV_PREFIX>/bin/python
34# _PyFunction_Vectorcall in <CONDA_ENV_PREFIX>/bin/python
35# 0x00005637EFF5CC50 in <CONDA_ENV_PREFIX>/bin/python
36# 0x00005637EFE72745 in <CONDA_ENV_PREFIX>/bin/python
37# 0x00005637EFEA31AA in <CONDA_ENV_PREFIX>/bin/python
38# PyObject_Vectorcall in <CONDA_ENV_PREFIX>/bin/python
39# _PyEval_EvalFrameDefault in <CONDA_ENV_PREFIX>/bin/python
40# _PyFunction_Vectorcall in <CONDA_ENV_PREFIX>/bin/python
41# _PyEval_EvalFrameDefault in <CONDA_ENV_PREFIX>/bin/python
42# _PyFunction_Vectorcall in <CONDA_ENV_PREFIX>/bin/python
43# _PyEval_EvalFrameDefault in <CONDA_ENV_PREFIX>/bin/python
44# _PyFunction_Vectorcall in <CONDA_ENV_PREFIX>/bin/python
45# 0x00005637EFE5E979 in <CONDA_ENV_PREFIX>/bin/python
46# _PyObject_MakeTpCall in <CONDA_ENV_PREFIX>/bin/python
47# _PyEval_EvalFrameDefault in <CONDA_ENV_PREFIX>/bin/python
48# _PyFunction_Vectorcall in <CONDA_ENV_PREFIX>/bin/python
49# 0x00005637EFE5EA1D in <CONDA_ENV_PREFIX>/bin/python
50# _PyObject_MakeTpCall in <CONDA_ENV_PREFIX>/bin/python
51# _PyEval_EvalFrameDefault in <CONDA_ENV_PREFIX>/bin/python
52# 0x00005637EFEE9B0D in <CONDA_ENV_PREFIX>/bin/python
53# PyEval_EvalCode in <CONDA_ENV_PREFIX>/bin/python
54# 0x00005637EFF071AA in <CONDA_ENV_PREFIX>/bin/python
55# 0x00005637EFF02E33 in <CONDA_ENV_PREFIX>/bin/python
56# 0x00005637EFF183D0 in <CONDA_ENV_PREFIX>/bin/python
57# _PyRun_SimpleFileObject in <CONDA_ENV_PREFIX>/bin/python
58# _PyRun_AnyFileObject in <CONDA_ENV_PREFIX>/bin/python
59# Py_RunMain in <CONDA_ENV_PREFIX>/bin/python
60# Py_BytesMain in <CONDA_ENV_PREFIX>/bin/python
61# 0x00007F5FD2B61D90 in /lib/x86_64-linux-gnu/libc.so.6
62# __libc_start_main in /lib/x86_64-linux-gnu/libc.so.6
63# 0x00005637EFED937A in <CONDA_ENV_PREFIX>/bin/python
----------
****

[20:30:18] UFFTYPER: Unrecognized atom type: S_5+6 (2)
[20:30:18] UFFTYPER: Unrecognized atom type: S_5+6 (2)
[20:30:18] 

****
Pre-condition Violation
bad params pointer
Violation occurred on line 79 in file /home/conda/feedstock_root/build_artifacts/rdkit-meta_1745736747213/work/Code/ForceField/UFF/AngleBend.cpp
Failed Expression: at2Params
----------
Stacktrace:
 0# Invar::Invariant::toString[abi:cxx11]() const in <CONDA_ENV_PREFIX>/lib/python3.11/site-packages/rdkit/../../../libRDKitRDGeneral.so.1
 1# Invar::operator<<(std::ostream&, Invar::Invariant const&) in <CONDA_ENV_PREFIX>/lib/python3.11/site-packages/rdkit/../../../libRDKitRDGeneral.so.1
 2# ForceFields::UFF::AngleBendContrib::AngleBendContrib(ForceFields::ForceField*, unsigned int, unsigned int, unsigned int, double, double, ForceFields::UFF::AtomicParams const*, ForceFields::UFF::AtomicParams const*, ForceFields::UFF::AtomicParams const*, unsigned int) in <CONDA_ENV_PREFIX>/lib/python3.11/site-packages/rdkit/ForceField/../../../../libRDKitForceField.so.1
 3# RDKit::UFF::Tools::addTrigonalBipyramidAngles(RDKit::Atom const*, RDKit::ROMol const&, int, std::vector<ForceFields::UFF::AtomicParams const*, std::allocator<ForceFields::UFF::AtomicParams const*> > const&, ForceFields::ForceField*) in <CONDA_ENV_PREFIX>/lib/python3.11/site-packages/rdkit/ForceField/../../../../libRDKitForceFieldHelpers.so.1
 4# RDKit::UFF::Tools::addAngleSpecialCases(RDKit::ROMol const&, int, std::vector<ForceFields::UFF::AtomicParams const*, std::allocator<ForceFields::UFF::AtomicParams const*> > const&, ForceFields::ForceField*) in <CONDA_ENV_PREFIX>/lib/python3.11/site-packages/rdkit/ForceField/../../../../libRDKitForceFieldHelpers.so.1
 5# RDKit::UFF::constructForceField(RDKit::ROMol&, std::vector<ForceFields::UFF::AtomicParams const*, std::allocator<ForceFields::UFF::AtomicParams const*> > const&, double, int, bool) in <CONDA_ENV_PREFIX>/lib/python3.11/site-packages/rdkit/ForceField/../../../../libRDKitForceFieldHelpers.so.1
 6# RDKit::UFF::constructForceField(RDKit::ROMol&, double, int, bool) in <CONDA_ENV_PREFIX>/lib/python3.11/site-packages/rdkit/ForceField/../../../../libRDKitForceFieldHelpers.so.1
 7# RDKit::UFFHelper(RDKit::ROMol&, int, double, int, bool) in <CONDA_ENV_PREFIX>/lib/python3.11/site-packages/rdkit/Chem/rdForceFieldHelpers.so
 8# 0x00007F5FC1F8403D in <CONDA_ENV_PREFIX>/lib/python3.11/site-packages/rdkit/Chem/rdForceFieldHelpers.so
 9# boost::python::objects::function::call(_object*, _object*) const in <CONDA_ENV_PREFIX>/lib/python3.11/site-packages/rdkit/../../../libboost_python311.so.1.86.0
10# 0x00007F5FC3EDD449 in <CONDA_ENV_PREFIX>/lib/python3.11/site-packages/rdkit/../../../libboost_python311.so.1.86.0
11# boost::python::detail::exception_handler::operator()(boost::function_n<void> const&) const in <CONDA_ENV_PREFIX>/lib/python3.11/site-packages/rdkit/../../../libboost_python311.so.1.86.0
12# 0x00007F5FC1C3DC04 in <CONDA_ENV_PREFIX>/lib/python3.11/site-packages/rdkit/Chem/rdSLNParse.so
13# 0x00007F5FC202B354 in <CONDA_ENV_PREFIX>/lib/python3.11/site-packages/rdkit/Chem/rdDepictor.so
14# 0x00007F5FC22C9DD4 in <CONDA_ENV_PREFIX>/lib/python3.11/site-packages/rdkit/Chem/rdChemReactions.so
15# 0x00007F5FC22C9E24 in <CONDA_ENV_PREFIX>/lib/python3.11/site-packages/rdkit/Chem/rdChemReactions.so
16# 0x00007F5FC2442B94 in <CONDA_ENV_PREFIX>/lib/python3.11/site-packages/rdkit/Chem/rdMolChemicalFeatures.so
17# 0x00007F5FC2EBA9B4 in <CONDA_ENV_PREFIX>/lib/python3.11/site-packages/rdkit/Chem/rdmolfiles.so
18# 0x00007F5FC2EBAA04 in <CONDA_ENV_PREFIX>/lib/python3.11/site-packages/rdkit/Chem/rdmolfiles.so
19# 0x00007F5FC2FD4B04 in <CONDA_ENV_PREFIX>/lib/python3.11/site-packages/rdkit/Chem/rdCIPLabeler.so
20# 0x00007F5FC39A9174 in <CONDA_ENV_PREFIX>/lib/python3.11/site-packages/rdkit/Chem/rdchem.so
21# 0x00007F5FC393DAAD in <CONDA_ENV_PREFIX>/lib/python3.11/site-packages/rdkit/Chem/rdchem.so
22# 0x00007F5FC393D6AD in <CONDA_ENV_PREFIX>/lib/python3.11/site-packages/rdkit/Chem/rdchem.so
23# 0x00007F5FC393D2AD in <CONDA_ENV_PREFIX>/lib/python3.11/site-packages/rdkit/Chem/rdchem.so
24# 0x00007F5FC393CEAD in <CONDA_ENV_PREFIX>/lib/python3.11/site-packages/rdkit/Chem/rdchem.so
25# 0x00007F5FC393CAAD in <CONDA_ENV_PREFIX>/lib/python3.11/site-packages/rdkit/Chem/rdchem.so
26# 0x00007F5FC3FB1E54 in <CONDA_ENV_PREFIX>/lib/python3.11/site-packages/rdkit/rdBase.so
27# 0x00007F5FC3FB1EA4 in <CONDA_ENV_PREFIX>/lib/python3.11/site-packages/rdkit/rdBase.so
28# 0x00007F5FC3FB1EF4 in <CONDA_ENV_PREFIX>/lib/python3.11/site-packages/rdkit/rdBase.so
29# 0x00007F5FC3FB1F44 in <CONDA_ENV_PREFIX>/lib/python3.11/site-packages/rdkit/rdBase.so
30# boost::python::handle_exception_impl(boost::function_n<void>) in <CONDA_ENV_PREFIX>/lib/python3.11/site-packages/rdkit/../../../libboost_python311.so.1.86.0
31# 0x00007F5FC3EDA9B3 in <CONDA_ENV_PREFIX>/lib/python3.11/site-packages/rdkit/../../../libboost_python311.so.1.86.0
32# _PyObject_MakeTpCall in <CONDA_ENV_PREFIX>/bin/python
33# _PyEval_EvalFrameDefault in <CONDA_ENV_PREFIX>/bin/python
34# _PyFunction_Vectorcall in <CONDA_ENV_PREFIX>/bin/python
35# 0x00005637EFF5CC50 in <CONDA_ENV_PREFIX>/bin/python
36# 0x00005637EFE72745 in <CONDA_ENV_PREFIX>/bin/python
37# 0x00005637EFEA31AA in <CONDA_ENV_PREFIX>/bin/python
38# PyObject_Vectorcall in <CONDA_ENV_PREFIX>/bin/python
39# _PyEval_EvalFrameDefault in <CONDA_ENV_PREFIX>/bin/python
40# _PyFunction_Vectorcall in <CONDA_ENV_PREFIX>/bin/python
41# _PyEval_EvalFrameDefault in <CONDA_ENV_PREFIX>/bin/python
42# _PyFunction_Vectorcall in <CONDA_ENV_PREFIX>/bin/python
43# _PyEval_EvalFrameDefault in <CONDA_ENV_PREFIX>/bin/python
44# _PyFunction_Vectorcall in <CONDA_ENV_PREFIX>/bin/python
45# 0x00005637EFE5E979 in <CONDA_ENV_PREFIX>/bin/python
46# _PyObject_MakeTpCall in <CONDA_ENV_PREFIX>/bin/python
47# _PyEval_EvalFrameDefault in <CONDA_ENV_PREFIX>/bin/python
48# _PyFunction_Vectorcall in <CONDA_ENV_PREFIX>/bin/python
49# 0x00005637EFE5EA1D in <CONDA_ENV_PREFIX>/bin/python
50# _PyObject_MakeTpCall in <CONDA_ENV_PREFIX>/bin/python
51# _PyEval_EvalFrameDefault in <CONDA_ENV_PREFIX>/bin/python
52# 0x00005637EFEE9B0D in <CONDA_ENV_PREFIX>/bin/python
53# PyEval_EvalCode in <CONDA_ENV_PREFIX>/bin/python
54# 0x00005637EFF071AA in <CONDA_ENV_PREFIX>/bin/python
55# 0x00005637EFF02E33 in <CONDA_ENV_PREFIX>/bin/python
56# 0x00005637EFF183D0 in <CONDA_ENV_PREFIX>/bin/python
57# _PyRun_SimpleFileObject in <CONDA_ENV_PREFIX>/bin/python
58# _PyRun_AnyFileObject in <CONDA_ENV_PREFIX>/bin/python
59# Py_RunMain in <CONDA_ENV_PREFIX>/bin/python
60# Py_BytesMain in <CONDA_ENV_PREFIX>/bin/python
61# 0x00007F5FD2B61D90 in /lib/x86_64-linux-gnu/libc.so.6
62# __libc_start_main in /lib/x86_64-linux-gnu/libc.so.6
63# 0x00005637EFED937A in <CONDA_ENV_PREFIX>/bin/python
----------
****

[20:30:18] UFFTYPER: Unrecognized atom type: S_5+6 (2)
[20:30:18] UFFTYPER: Unrecognized atom type: S_5+6 (2)
[20:30:18] 

****
Pre-condition Violation
bad params pointer
Violation occurred on line 79 in file /home/conda/feedstock_root/build_artifacts/rdkit-meta_1745736747213/work/Code/ForceField/UFF/AngleBend.cpp
Failed Expression: at2Params
----------
Stacktrace:
 0# Invar::Invariant::toString[abi:cxx11]() const in <CONDA_ENV_PREFIX>/lib/python3.11/site-packages/rdkit/../../../libRDKitRDGeneral.so.1
 1# Invar::operator<<(std::ostream&, Invar::Invariant const&) in <CONDA_ENV_PREFIX>/lib/python3.11/site-packages/rdkit/../../../libRDKitRDGeneral.so.1
 2# ForceFields::UFF::AngleBendContrib::AngleBendContrib(ForceFields::ForceField*, unsigned int, unsigned int, unsigned int, double, double, ForceFields::UFF::AtomicParams const*, ForceFields::UFF::AtomicParams const*, ForceFields::UFF::AtomicParams const*, unsigned int) in <CONDA_ENV_PREFIX>/lib/python3.11/site-packages/rdkit/ForceField/../../../../libRDKitForceField.so.1
 3# RDKit::UFF::Tools::addTrigonalBipyramidAngles(RDKit::Atom const*, RDKit::ROMol const&, int, std::vector<ForceFields::UFF::AtomicParams const*, std::allocator<ForceFields::UFF::AtomicParams const*> > const&, ForceFields::ForceField*) in <CONDA_ENV_PREFIX>/lib/python3.11/site-packages/rdkit/ForceField/../../../../libRDKitForceFieldHelpers.so.1
 4# RDKit::UFF::Tools::addAngleSpecialCases(RDKit::ROMol const&, int, std::vector<ForceFields::UFF::AtomicParams const*, std::allocator<ForceFields::UFF::AtomicParams const*> > const&, ForceFields::ForceField*) in <CONDA_ENV_PREFIX>/lib/python3.11/site-packages/rdkit/ForceField/../../../../libRDKitForceFieldHelpers.so.1
 5# RDKit::UFF::constructForceField(RDKit::ROMol&, std::vector<ForceFields::UFF::AtomicParams const*, std::allocator<ForceFields::UFF::AtomicParams const*> > const&, double, int, bool) in <CONDA_ENV_PREFIX>/lib/python3.11/site-packages/rdkit/ForceField/../../../../libRDKitForceFieldHelpers.so.1
 6# RDKit::UFF::constructForceField(RDKit::ROMol&, double, int, bool) in <CONDA_ENV_PREFIX>/lib/python3.11/site-packages/rdkit/ForceField/../../../../libRDKitForceFieldHelpers.so.1
 7# RDKit::UFFHelper(RDKit::ROMol&, int, double, int, bool) in <CONDA_ENV_PREFIX>/lib/python3.11/site-packages/rdkit/Chem/rdForceFieldHelpers.so
 8# 0x00007F5FC1F8403D in <CONDA_ENV_PREFIX>/lib/python3.11/site-packages/rdkit/Chem/rdForceFieldHelpers.so
 9# boost::python::objects::function::call(_object*, _object*) const in <CONDA_ENV_PREFIX>/lib/python3.11/site-packages/rdkit/../../../libboost_python311.so.1.86.0
10# 0x00007F5FC3EDD449 in <CONDA_ENV_PREFIX>/lib/python3.11/site-packages/rdkit/../../../libboost_python311.so.1.86.0
11# boost::python::detail::exception_handler::operator()(boost::function_n<void> const&) const in <CONDA_ENV_PREFIX>/lib/python3.11/site-packages/rdkit/../../../libboost_python311.so.1.86.0
12# 0x00007F5FC1C3DC04 in <CONDA_ENV_PREFIX>/lib/python3.11/site-packages/rdkit/Chem/rdSLNParse.so
13# 0x00007F5FC202B354 in <CONDA_ENV_PREFIX>/lib/python3.11/site-packages/rdkit/Chem/rdDepictor.so
14# 0x00007F5FC22C9DD4 in <CONDA_ENV_PREFIX>/lib/python3.11/site-packages/rdkit/Chem/rdChemReactions.so
15# 0x00007F5FC22C9E24 in <CONDA_ENV_PREFIX>/lib/python3.11/site-packages/rdkit/Chem/rdChemReactions.so
16# 0x00007F5FC2442B94 in <CONDA_ENV_PREFIX>/lib/python3.11/site-packages/rdkit/Chem/rdMolChemicalFeatures.so
17# 0x00007F5FC2EBA9B4 in <CONDA_ENV_PREFIX>/lib/python3.11/site-packages/rdkit/Chem/rdmolfiles.so
18# 0x00007F5FC2EBAA04 in <CONDA_ENV_PREFIX>/lib/python3.11/site-packages/rdkit/Chem/rdmolfiles.so
19# 0x00007F5FC2FD4B04 in <CONDA_ENV_PREFIX>/lib/python3.11/site-packages/rdkit/Chem/rdCIPLabeler.so
20# 0x00007F5FC39A9174 in <CONDA_ENV_PREFIX>/lib/python3.11/site-packages/rdkit/Chem/rdchem.so
21# 0x00007F5FC393DAAD in <CONDA_ENV_PREFIX>/lib/python3.11/site-packages/rdkit/Chem/rdchem.so
22# 0x00007F5FC393D6AD in <CONDA_ENV_PREFIX>/lib/python3.11/site-packages/rdkit/Chem/rdchem.so
23# 0x00007F5FC393D2AD in <CONDA_ENV_PREFIX>/lib/python3.11/site-packages/rdkit/Chem/rdchem.so
24# 0x00007F5FC393CEAD in <CONDA_ENV_PREFIX>/lib/python3.11/site-packages/rdkit/Chem/rdchem.so
25# 0x00007F5FC393CAAD in <CONDA_ENV_PREFIX>/lib/python3.11/site-packages/rdkit/Chem/rdchem.so
26# 0x00007F5FC3FB1E54 in <CONDA_ENV_PREFIX>/lib/python3.11/site-packages/rdkit/rdBase.so
27# 0x00007F5FC3FB1EA4 in <CONDA_ENV_PREFIX>/lib/python3.11/site-packages/rdkit/rdBase.so
28# 0x00007F5FC3FB1EF4 in <CONDA_ENV_PREFIX>/lib/python3.11/site-packages/rdkit/rdBase.so
29# 0x00007F5FC3FB1F44 in <CONDA_ENV_PREFIX>/lib/python3.11/site-packages/rdkit/rdBase.so
30# boost::python::handle_exception_impl(boost::function_n<void>) in <CONDA_ENV_PREFIX>/lib/python3.11/site-packages/rdkit/../../../libboost_python311.so.1.86.0
31# 0x00007F5FC3EDA9B3 in <CONDA_ENV_PREFIX>/lib/python3.11/site-packages/rdkit/../../../libboost_python311.so.1.86.0
32# _PyObject_MakeTpCall in <CONDA_ENV_PREFIX>/bin/python
33# _PyEval_EvalFrameDefault in <CONDA_ENV_PREFIX>/bin/python
34# _PyFunction_Vectorcall in <CONDA_ENV_PREFIX>/bin/python
35# 0x00005637EFF5CC50 in <CONDA_ENV_PREFIX>/bin/python
36# 0x00005637EFE72745 in <CONDA_ENV_PREFIX>/bin/python
37# 0x00005637EFEA31AA in <CONDA_ENV_PREFIX>/bin/python
38# PyObject_Vectorcall in <CONDA_ENV_PREFIX>/bin/python
39# _PyEval_EvalFrameDefault in <CONDA_ENV_PREFIX>/bin/python
40# _PyFunction_Vectorcall in <CONDA_ENV_PREFIX>/bin/python
41# _PyEval_EvalFrameDefault in <CONDA_ENV_PREFIX>/bin/python
42# _PyFunction_Vectorcall in <CONDA_ENV_PREFIX>/bin/python
43# _PyEval_EvalFrameDefault in <CONDA_ENV_PREFIX>/bin/python
44# _PyFunction_Vectorcall in <CONDA_ENV_PREFIX>/bin/python
45# 0x00005637EFE5E979 in <CONDA_ENV_PREFIX>/bin/python
46# _PyObject_MakeTpCall in <CONDA_ENV_PREFIX>/bin/python
47# _PyEval_EvalFrameDefault in <CONDA_ENV_PREFIX>/bin/python
48# _PyFunction_Vectorcall in <CONDA_ENV_PREFIX>/bin/python
49# 0x00005637EFE5EA1D in <CONDA_ENV_PREFIX>/bin/python
50# _PyObject_MakeTpCall in <CONDA_ENV_PREFIX>/bin/python
51# _PyEval_EvalFrameDefault in <CONDA_ENV_PREFIX>/bin/python
52# 0x00005637EFEE9B0D in <CONDA_ENV_PREFIX>/bin/python
53# PyEval_EvalCode in <CONDA_ENV_PREFIX>/bin/python
54# 0x00005637EFF071AA in <CONDA_ENV_PREFIX>/bin/python
55# 0x00005637EFF02E33 in <CONDA_ENV_PREFIX>/bin/python
56# 0x00005637EFF183D0 in <CONDA_ENV_PREFIX>/bin/python
57# _PyRun_SimpleFileObject in <CONDA_ENV_PREFIX>/bin/python
58# _PyRun_AnyFileObject in <CONDA_ENV_PREFIX>/bin/python
59# Py_RunMain in <CONDA_ENV_PREFIX>/bin/python
60# Py_BytesMain in <CONDA_ENV_PREFIX>/bin/python
61# 0x00007F5FD2B61D90 in /lib/x86_64-linux-gnu/libc.so.6
62# __libc_start_main in /lib/x86_64-linux-gnu/libc.so.6
63# 0x00005637EFED937A in <CONDA_ENV_PREFIX>/bin/python
----------
****

[20:30:19] UFFTYPER: Unrecognized atom type: S_5+6 (2)
[20:30:19] UFFTYPER: Unrecognized atom type: S_5+6 (2)
[20:30:19] 

****
Pre-condition Violation
bad params pointer
Violation occurred on line 79 in file /home/conda/feedstock_root/build_artifacts/rdkit-meta_1745736747213/work/Code/ForceField/UFF/AngleBend.cpp
Failed Expression: at2Params
----------
Stacktrace:
 0# Invar::Invariant::toString[abi:cxx11]() const in <CONDA_ENV_PREFIX>/lib/python3.11/site-packages/rdkit/../../../libRDKitRDGeneral.so.1
 1# Invar::operator<<(std::ostream&, Invar::Invariant const&) in <CONDA_ENV_PREFIX>/lib/python3.11/site-packages/rdkit/../../../libRDKitRDGeneral.so.1
 2# ForceFields::UFF::AngleBendContrib::AngleBendContrib(ForceFields::ForceField*, unsigned int, unsigned int, unsigned int, double, double, ForceFields::UFF::AtomicParams const*, ForceFields::UFF::AtomicParams const*, ForceFields::UFF::AtomicParams const*, unsigned int) in <CONDA_ENV_PREFIX>/lib/python3.11/site-packages/rdkit/ForceField/../../../../libRDKitForceField.so.1
 3# RDKit::UFF::Tools::addTrigonalBipyramidAngles(RDKit::Atom const*, RDKit::ROMol const&, int, std::vector<ForceFields::UFF::AtomicParams const*, std::allocator<ForceFields::UFF::AtomicParams const*> > const&, ForceFields::ForceField*) in <CONDA_ENV_PREFIX>/lib/python3.11/site-packages/rdkit/ForceField/../../../../libRDKitForceFieldHelpers.so.1
 4# RDKit::UFF::Tools::addAngleSpecialCases(RDKit::ROMol const&, int, std::vector<ForceFields::UFF::AtomicParams const*, std::allocator<ForceFields::UFF::AtomicParams const*> > const&, ForceFields::ForceField*) in <CONDA_ENV_PREFIX>/lib/python3.11/site-packages/rdkit/ForceField/../../../../libRDKitForceFieldHelpers.so.1
 5# RDKit::UFF::constructForceField(RDKit::ROMol&, std::vector<ForceFields::UFF::AtomicParams const*, std::allocator<ForceFields::UFF::AtomicParams const*> > const&, double, int, bool) in <CONDA_ENV_PREFIX>/lib/python3.11/site-packages/rdkit/ForceField/../../../../libRDKitForceFieldHelpers.so.1
 6# RDKit::UFF::constructForceField(RDKit::ROMol&, double, int, bool) in <CONDA_ENV_PREFIX>/lib/python3.11/site-packages/rdkit/ForceField/../../../../libRDKitForceFieldHelpers.so.1
 7# RDKit::UFFHelper(RDKit::ROMol&, int, double, int, bool) in <CONDA_ENV_PREFIX>/lib/python3.11/site-packages/rdkit/Chem/rdForceFieldHelpers.so
 8# 0x00007F5FC1F8403D in <CONDA_ENV_PREFIX>/lib/python3.11/site-packages/rdkit/Chem/rdForceFieldHelpers.so
 9# boost::python::objects::function::call(_object*, _object*) const in <CONDA_ENV_PREFIX>/lib/python3.11/site-packages/rdkit/../../../libboost_python311.so.1.86.0
10# 0x00007F5FC3EDD449 in <CONDA_ENV_PREFIX>/lib/python3.11/site-packages/rdkit/../../../libboost_python311.so.1.86.0
11# boost::python::detail::exception_handler::operator()(boost::function_n<void> const&) const in <CONDA_ENV_PREFIX>/lib/python3.11/site-packages/rdkit/../../../libboost_python311.so.1.86.0
12# 0x00007F5FC1C3DC04 in <CONDA_ENV_PREFIX>/lib/python3.11/site-packages/rdkit/Chem/rdSLNParse.so
13# 0x00007F5FC202B354 in <CONDA_ENV_PREFIX>/lib/python3.11/site-packages/rdkit/Chem/rdDepictor.so
14# 0x00007F5FC22C9DD4 in <CONDA_ENV_PREFIX>/lib/python3.11/site-packages/rdkit/Chem/rdChemReactions.so
15# 0x00007F5FC22C9E24 in <CONDA_ENV_PREFIX>/lib/python3.11/site-packages/rdkit/Chem/rdChemReactions.so
16# 0x00007F5FC2442B94 in <CONDA_ENV_PREFIX>/lib/python3.11/site-packages/rdkit/Chem/rdMolChemicalFeatures.so
17# 0x00007F5FC2EBA9B4 in <CONDA_ENV_PREFIX>/lib/python3.11/site-packages/rdkit/Chem/rdmolfiles.so
18# 0x00007F5FC2EBAA04 in <CONDA_ENV_PREFIX>/lib/python3.11/site-packages/rdkit/Chem/rdmolfiles.so
19# 0x00007F5FC2FD4B04 in <CONDA_ENV_PREFIX>/lib/python3.11/site-packages/rdkit/Chem/rdCIPLabeler.so
20# 0x00007F5FC39A9174 in <CONDA_ENV_PREFIX>/lib/python3.11/site-packages/rdkit/Chem/rdchem.so
21# 0x00007F5FC393DAAD in <CONDA_ENV_PREFIX>/lib/python3.11/site-packages/rdkit/Chem/rdchem.so
22# 0x00007F5FC393D6AD in <CONDA_ENV_PREFIX>/lib/python3.11/site-packages/rdkit/Chem/rdchem.so
23# 0x00007F5FC393D2AD in <CONDA_ENV_PREFIX>/lib/python3.11/site-packages/rdkit/Chem/rdchem.so
24# 0x00007F5FC393CEAD in <CONDA_ENV_PREFIX>/lib/python3.11/site-packages/rdkit/Chem/rdchem.so
25# 0x00007F5FC393CAAD in <CONDA_ENV_PREFIX>/lib/python3.11/site-packages/rdkit/Chem/rdchem.so
26# 0x00007F5FC3FB1E54 in <CONDA_ENV_PREFIX>/lib/python3.11/site-packages/rdkit/rdBase.so
27# 0x00007F5FC3FB1EA4 in <CONDA_ENV_PREFIX>/lib/python3.11/site-packages/rdkit/rdBase.so
28# 0x00007F5FC3FB1EF4 in <CONDA_ENV_PREFIX>/lib/python3.11/site-packages/rdkit/rdBase.so
29# 0x00007F5FC3FB1F44 in <CONDA_ENV_PREFIX>/lib/python3.11/site-packages/rdkit/rdBase.so
30# boost::python::handle_exception_impl(boost::function_n<void>) in <CONDA_ENV_PREFIX>/lib/python3.11/site-packages/rdkit/../../../libboost_python311.so.1.86.0
31# 0x00007F5FC3EDA9B3 in <CONDA_ENV_PREFIX>/lib/python3.11/site-packages/rdkit/../../../libboost_python311.so.1.86.0
32# _PyObject_MakeTpCall in <CONDA_ENV_PREFIX>/bin/python
33# _PyEval_EvalFrameDefault in <CONDA_ENV_PREFIX>/bin/python
34# _PyFunction_Vectorcall in <CONDA_ENV_PREFIX>/bin/python
35# 0x00005637EFF5CC50 in <CONDA_ENV_PREFIX>/bin/python
36# 0x00005637EFE72745 in <CONDA_ENV_PREFIX>/bin/python
37# 0x00005637EFEA31AA in <CONDA_ENV_PREFIX>/bin/python
38# PyObject_Vectorcall in <CONDA_ENV_PREFIX>/bin/python
39# _PyEval_EvalFrameDefault in <CONDA_ENV_PREFIX>/bin/python
40# _PyFunction_Vectorcall in <CONDA_ENV_PREFIX>/bin/python
41# _PyEval_EvalFrameDefault in <CONDA_ENV_PREFIX>/bin/python
42# _PyFunction_Vectorcall in <CONDA_ENV_PREFIX>/bin/python
43# _PyEval_EvalFrameDefault in <CONDA_ENV_PREFIX>/bin/python
44# _PyFunction_Vectorcall in <CONDA_ENV_PREFIX>/bin/python
45# 0x00005637EFE5E979 in <CONDA_ENV_PREFIX>/bin/python
46# _PyObject_MakeTpCall in <CONDA_ENV_PREFIX>/bin/python
47# _PyEval_EvalFrameDefault in <CONDA_ENV_PREFIX>/bin/python
48# _PyFunction_Vectorcall in <CONDA_ENV_PREFIX>/bin/python
49# 0x00005637EFE5EA1D in <CONDA_ENV_PREFIX>/bin/python
50# _PyObject_MakeTpCall in <CONDA_ENV_PREFIX>/bin/python
51# _PyEval_EvalFrameDefault in <CONDA_ENV_PREFIX>/bin/python
52# 0x00005637EFEE9B0D in <CONDA_ENV_PREFIX>/bin/python
53# PyEval_EvalCode in <CONDA_ENV_PREFIX>/bin/python
54# 0x00005637EFF071AA in <CONDA_ENV_PREFIX>/bin/python
55# 0x00005637EFF02E33 in <CONDA_ENV_PREFIX>/bin/python
56# 0x00005637EFF183D0 in <CONDA_ENV_PREFIX>/bin/python
57# _PyRun_SimpleFileObject in <CONDA_ENV_PREFIX>/bin/python
58# _PyRun_AnyFileObject in <CONDA_ENV_PREFIX>/bin/python
59# Py_RunMain in <CONDA_ENV_PREFIX>/bin/python
60# Py_BytesMain in <CONDA_ENV_PREFIX>/bin/python
61# 0x00007F5FD2B61D90 in /lib/x86_64-linux-gnu/libc.so.6
62# __libc_start_main in /lib/x86_64-linux-gnu/libc.so.6
63# 0x00005637EFED937A in <CONDA_ENV_PREFIX>/bin/python
----------
****

[20:30:19] UFFTYPER: Unrecognized atom type: S_5+6 (2)
[20:30:19] UFFTYPER: Unrecognized atom type: S_5+6 (2)
[20:30:19] 

****
Pre-condition Violation
bad params pointer
Violation occurred on line 79 in file /home/conda/feedstock_root/build_artifacts/rdkit-meta_1745736747213/work/Code/ForceField/UFF/AngleBend.cpp
Failed Expression: at2Params
----------
Stacktrace:
 0# Invar::Invariant::toString[abi:cxx11]() const in <CONDA_ENV_PREFIX>/lib/python3.11/site-packages/rdkit/../../../libRDKitRDGeneral.so.1
 1# Invar::operator<<(std::ostream&, Invar::Invariant const&) in <CONDA_ENV_PREFIX>/lib/python3.11/site-packages/rdkit/../../../libRDKitRDGeneral.so.1
 2# ForceFields::UFF::AngleBendContrib::AngleBendContrib(ForceFields::ForceField*, unsigned int, unsigned int, unsigned int, double, double, ForceFields::UFF::AtomicParams const*, ForceFields::UFF::AtomicParams const*, ForceFields::UFF::AtomicParams const*, unsigned int) in <CONDA_ENV_PREFIX>/lib/python3.11/site-packages/rdkit/ForceField/../../../../libRDKitForceField.so.1
 3# RDKit::UFF::Tools::addTrigonalBipyramidAngles(RDKit::Atom const*, RDKit::ROMol const&, int, std::vector<ForceFields::UFF::AtomicParams const*, std::allocator<ForceFields::UFF::AtomicParams const*> > const&, ForceFields::ForceField*) in <CONDA_ENV_PREFIX>/lib/python3.11/site-packages/rdkit/ForceField/../../../../libRDKitForceFieldHelpers.so.1
 4# RDKit::UFF::Tools::addAngleSpecialCases(RDKit::ROMol const&, int, std::vector<ForceFields::UFF::AtomicParams const*, std::allocator<ForceFields::UFF::AtomicParams const*> > const&, ForceFields::ForceField*) in <CONDA_ENV_PREFIX>/lib/python3.11/site-packages/rdkit/ForceField/../../../../libRDKitForceFieldHelpers.so.1
 5# RDKit::UFF::constructForceField(RDKit::ROMol&, std::vector<ForceFields::UFF::AtomicParams const*, std::allocator<ForceFields::UFF::AtomicParams const*> > const&, double, int, bool) in <CONDA_ENV_PREFIX>/lib/python3.11/site-packages/rdkit/ForceField/../../../../libRDKitForceFieldHelpers.so.1
 6# RDKit::UFF::constructForceField(RDKit::ROMol&, double, int, bool) in <CONDA_ENV_PREFIX>/lib/python3.11/site-packages/rdkit/ForceField/../../../../libRDKitForceFieldHelpers.so.1
 7# RDKit::UFFHelper(RDKit::ROMol&, int, double, int, bool) in <CONDA_ENV_PREFIX>/lib/python3.11/site-packages/rdkit/Chem/rdForceFieldHelpers.so
 8# 0x00007F5FC1F8403D in <CONDA_ENV_PREFIX>/lib/python3.11/site-packages/rdkit/Chem/rdForceFieldHelpers.so
 9# boost::python::objects::function::call(_object*, _object*) const in <CONDA_ENV_PREFIX>/lib/python3.11/site-packages/rdkit/../../../libboost_python311.so.1.86.0
10# 0x00007F5FC3EDD449 in <CONDA_ENV_PREFIX>/lib/python3.11/site-packages/rdkit/../../../libboost_python311.so.1.86.0
11# boost::python::detail::exception_handler::operator()(boost::function_n<void> const&) const in <CONDA_ENV_PREFIX>/lib/python3.11/site-packages/rdkit/../../../libboost_python311.so.1.86.0
12# 0x00007F5FC1C3DC04 in <CONDA_ENV_PREFIX>/lib/python3.11/site-packages/rdkit/Chem/rdSLNParse.so
13# 0x00007F5FC202B354 in <CONDA_ENV_PREFIX>/lib/python3.11/site-packages/rdkit/Chem/rdDepictor.so
14# 0x00007F5FC22C9DD4 in <CONDA_ENV_PREFIX>/lib/python3.11/site-packages/rdkit/Chem/rdChemReactions.so
15# 0x00007F5FC22C9E24 in <CONDA_ENV_PREFIX>/lib/python3.11/site-packages/rdkit/Chem/rdChemReactions.so
16# 0x00007F5FC2442B94 in <CONDA_ENV_PREFIX>/lib/python3.11/site-packages/rdkit/Chem/rdMolChemicalFeatures.so
17# 0x00007F5FC2EBA9B4 in <CONDA_ENV_PREFIX>/lib/python3.11/site-packages/rdkit/Chem/rdmolfiles.so
18# 0x00007F5FC2EBAA04 in <CONDA_ENV_PREFIX>/lib/python3.11/site-packages/rdkit/Chem/rdmolfiles.so
19# 0x00007F5FC2FD4B04 in <CONDA_ENV_PREFIX>/lib/python3.11/site-packages/rdkit/Chem/rdCIPLabeler.so
20# 0x00007F5FC39A9174 in <CONDA_ENV_PREFIX>/lib/python3.11/site-packages/rdkit/Chem/rdchem.so
21# 0x00007F5FC393DAAD in <CONDA_ENV_PREFIX>/lib/python3.11/site-packages/rdkit/Chem/rdchem.so
22# 0x00007F5FC393D6AD in <CONDA_ENV_PREFIX>/lib/python3.11/site-packages/rdkit/Chem/rdchem.so
23# 0x00007F5FC393D2AD in <CONDA_ENV_PREFIX>/lib/python3.11/site-packages/rdkit/Chem/rdchem.so
24# 0x00007F5FC393CEAD in <CONDA_ENV_PREFIX>/lib/python3.11/site-packages/rdkit/Chem/rdchem.so
25# 0x00007F5FC393CAAD in <CONDA_ENV_PREFIX>/lib/python3.11/site-packages/rdkit/Chem/rdchem.so
26# 0x00007F5FC3FB1E54 in <CONDA_ENV_PREFIX>/lib/python3.11/site-packages/rdkit/rdBase.so
27# 0x00007F5FC3FB1EA4 in <CONDA_ENV_PREFIX>/lib/python3.11/site-packages/rdkit/rdBase.so
28# 0x00007F5FC3FB1EF4 in <CONDA_ENV_PREFIX>/lib/python3.11/site-packages/rdkit/rdBase.so
29# 0x00007F5FC3FB1F44 in <CONDA_ENV_PREFIX>/lib/python3.11/site-packages/rdkit/rdBase.so
30# boost::python::handle_exception_impl(boost::function_n<void>) in <CONDA_ENV_PREFIX>/lib/python3.11/site-packages/rdkit/../../../libboost_python311.so.1.86.0
31# 0x00007F5FC3EDA9B3 in <CONDA_ENV_PREFIX>/lib/python3.11/site-packages/rdkit/../../../libboost_python311.so.1.86.0
32# _PyObject_MakeTpCall in <CONDA_ENV_PREFIX>/bin/python
33# _PyEval_EvalFrameDefault in <CONDA_ENV_PREFIX>/bin/python
34# _PyFunction_Vectorcall in <CONDA_ENV_PREFIX>/bin/python
35# 0x00005637EFF5CC50 in <CONDA_ENV_PREFIX>/bin/python
36# 0x00005637EFE72745 in <CONDA_ENV_PREFIX>/bin/python
37# 0x00005637EFEA31AA in <CONDA_ENV_PREFIX>/bin/python
38# PyObject_Vectorcall in <CONDA_ENV_PREFIX>/bin/python
39# _PyEval_EvalFrameDefault in <CONDA_ENV_PREFIX>/bin/python
40# _PyFunction_Vectorcall in <CONDA_ENV_PREFIX>/bin/python
41# _PyEval_EvalFrameDefault in <CONDA_ENV_PREFIX>/bin/python
42# _PyFunction_Vectorcall in <CONDA_ENV_PREFIX>/bin/python
43# _PyEval_EvalFrameDefault in <CONDA_ENV_PREFIX>/bin/python
44# _PyFunction_Vectorcall in <CONDA_ENV_PREFIX>/bin/python
45# 0x00005637EFE5E979 in <CONDA_ENV_PREFIX>/bin/python
46# _PyObject_MakeTpCall in <CONDA_ENV_PREFIX>/bin/python
47# _PyEval_EvalFrameDefault in <CONDA_ENV_PREFIX>/bin/python
48# _PyFunction_Vectorcall in <CONDA_ENV_PREFIX>/bin/python
49# 0x00005637EFE5EA1D in <CONDA_ENV_PREFIX>/bin/python
50# _PyObject_MakeTpCall in <CONDA_ENV_PREFIX>/bin/python
51# _PyEval_EvalFrameDefault in <CONDA_ENV_PREFIX>/bin/python
52# 0x00005637EFEE9B0D in <CONDA_ENV_PREFIX>/bin/python
53# PyEval_EvalCode in <CONDA_ENV_PREFIX>/bin/python
54# 0x00005637EFF071AA in <CONDA_ENV_PREFIX>/bin/python
55# 0x00005637EFF02E33 in <CONDA_ENV_PREFIX>/bin/python
56# 0x00005637EFF183D0 in <CONDA_ENV_PREFIX>/bin/python
57# _PyRun_SimpleFileObject in <CONDA_ENV_PREFIX>/bin/python
58# _PyRun_AnyFileObject in <CONDA_ENV_PREFIX>/bin/python
59# Py_RunMain in <CONDA_ENV_PREFIX>/bin/python
60# Py_BytesMain in <CONDA_ENV_PREFIX>/bin/python
61# 0x00007F5FD2B61D90 in /lib/x86_64-linux-gnu/libc.so.6
62# __libc_start_main in /lib/x86_64-linux-gnu/libc.so.6
63# 0x00005637EFED937A in <CONDA_ENV_PREFIX>/bin/python
----------
****

[20:30:19] UFFTYPER: Unrecognized atom type: S_5+6 (2)
[20:30:19] UFFTYPER: Unrecognized atom type: S_5+6 (2)
[20:30:19] 

****
Pre-condition Violation
bad params pointer
Violation occurred on line 79 in file /home/conda/feedstock_root/build_artifacts/rdkit-meta_1745736747213/work/Code/ForceField/UFF/AngleBend.cpp
Failed Expression: at2Params
----------
Stacktrace:
 0# Invar::Invariant::toString[abi:cxx11]() const in <CONDA_ENV_PREFIX>/lib/python3.11/site-packages/rdkit/../../../libRDKitRDGeneral.so.1
 1# Invar::operator<<(std::ostream&, Invar::Invariant const&) in <CONDA_ENV_PREFIX>/lib/python3.11/site-packages/rdkit/../../../libRDKitRDGeneral.so.1
 2# ForceFields::UFF::AngleBendContrib::AngleBendContrib(ForceFields::ForceField*, unsigned int, unsigned int, unsigned int, double, double, ForceFields::UFF::AtomicParams const*, ForceFields::UFF::AtomicParams const*, ForceFields::UFF::AtomicParams const*, unsigned int) in <CONDA_ENV_PREFIX>/lib/python3.11/site-packages/rdkit/ForceField/../../../../libRDKitForceField.so.1
 3# RDKit::UFF::Tools::addTrigonalBipyramidAngles(RDKit::Atom const*, RDKit::ROMol const&, int, std::vector<ForceFields::UFF::AtomicParams const*, std::allocator<ForceFields::UFF::AtomicParams const*> > const&, ForceFields::ForceField*) in <CONDA_ENV_PREFIX>/lib/python3.11/site-packages/rdkit/ForceField/../../../../libRDKitForceFieldHelpers.so.1
 4# RDKit::UFF::Tools::addAngleSpecialCases(RDKit::ROMol const&, int, std::vector<ForceFields::UFF::AtomicParams const*, std::allocator<ForceFields::UFF::AtomicParams const*> > const&, ForceFields::ForceField*) in <CONDA_ENV_PREFIX>/lib/python3.11/site-packages/rdkit/ForceField/../../../../libRDKitForceFieldHelpers.so.1
 5# RDKit::UFF::constructForceField(RDKit::ROMol&, std::vector<ForceFields::UFF::AtomicParams const*, std::allocator<ForceFields::UFF::AtomicParams const*> > const&, double, int, bool) in <CONDA_ENV_PREFIX>/lib/python3.11/site-packages/rdkit/ForceField/../../../../libRDKitForceFieldHelpers.so.1
 6# RDKit::UFF::constructForceField(RDKit::ROMol&, double, int, bool) in <CONDA_ENV_PREFIX>/lib/python3.11/site-packages/rdkit/ForceField/../../../../libRDKitForceFieldHelpers.so.1
 7# RDKit::UFFHelper(RDKit::ROMol&, int, double, int, bool) in <CONDA_ENV_PREFIX>/lib/python3.11/site-packages/rdkit/Chem/rdForceFieldHelpers.so
 8# 0x00007F5FC1F8403D in <CONDA_ENV_PREFIX>/lib/python3.11/site-packages/rdkit/Chem/rdForceFieldHelpers.so
 9# boost::python::objects::function::call(_object*, _object*) const in <CONDA_ENV_PREFIX>/lib/python3.11/site-packages/rdkit/../../../libboost_python311.so.1.86.0
10# 0x00007F5FC3EDD449 in <CONDA_ENV_PREFIX>/lib/python3.11/site-packages/rdkit/../../../libboost_python311.so.1.86.0
11# boost::python::detail::exception_handler::operator()(boost::function_n<void> const&) const in <CONDA_ENV_PREFIX>/lib/python3.11/site-packages/rdkit/../../../libboost_python311.so.1.86.0
12# 0x00007F5FC1C3DC04 in <CONDA_ENV_PREFIX>/lib/python3.11/site-packages/rdkit/Chem/rdSLNParse.so
13# 0x00007F5FC202B354 in <CONDA_ENV_PREFIX>/lib/python3.11/site-packages/rdkit/Chem/rdDepictor.so
14# 0x00007F5FC22C9DD4 in <CONDA_ENV_PREFIX>/lib/python3.11/site-packages/rdkit/Chem/rdChemReactions.so
15# 0x00007F5FC22C9E24 in <CONDA_ENV_PREFIX>/lib/python3.11/site-packages/rdkit/Chem/rdChemReactions.so
16# 0x00007F5FC2442B94 in <CONDA_ENV_PREFIX>/lib/python3.11/site-packages/rdkit/Chem/rdMolChemicalFeatures.so
17# 0x00007F5FC2EBA9B4 in <CONDA_ENV_PREFIX>/lib/python3.11/site-packages/rdkit/Chem/rdmolfiles.so
18# 0x00007F5FC2EBAA04 in <CONDA_ENV_PREFIX>/lib/python3.11/site-packages/rdkit/Chem/rdmolfiles.so
19# 0x00007F5FC2FD4B04 in <CONDA_ENV_PREFIX>/lib/python3.11/site-packages/rdkit/Chem/rdCIPLabeler.so
20# 0x00007F5FC39A9174 in <CONDA_ENV_PREFIX>/lib/python3.11/site-packages/rdkit/Chem/rdchem.so
21# 0x00007F5FC393DAAD in <CONDA_ENV_PREFIX>/lib/python3.11/site-packages/rdkit/Chem/rdchem.so
22# 0x00007F5FC393D6AD in <CONDA_ENV_PREFIX>/lib/python3.11/site-packages/rdkit/Chem/rdchem.so
23# 0x00007F5FC393D2AD in <CONDA_ENV_PREFIX>/lib/python3.11/site-packages/rdkit/Chem/rdchem.so
24# 0x00007F5FC393CEAD in <CONDA_ENV_PREFIX>/lib/python3.11/site-packages/rdkit/Chem/rdchem.so
25# 0x00007F5FC393CAAD in <CONDA_ENV_PREFIX>/lib/python3.11/site-packages/rdkit/Chem/rdchem.so
26# 0x00007F5FC3FB1E54 in <CONDA_ENV_PREFIX>/lib/python3.11/site-packages/rdkit/rdBase.so
27# 0x00007F5FC3FB1EA4 in <CONDA_ENV_PREFIX>/lib/python3.11/site-packages/rdkit/rdBase.so
28# 0x00007F5FC3FB1EF4 in <CONDA_ENV_PREFIX>/lib/python3.11/site-packages/rdkit/rdBase.so
29# 0x00007F5FC3FB1F44 in <CONDA_ENV_PREFIX>/lib/python3.11/site-packages/rdkit/rdBase.so
30# boost::python::handle_exception_impl(boost::function_n<void>) in <CONDA_ENV_PREFIX>/lib/python3.11/site-packages/rdkit/../../../libboost_python311.so.1.86.0
31# 0x00007F5FC3EDA9B3 in <CONDA_ENV_PREFIX>/lib/python3.11/site-packages/rdkit/../../../libboost_python311.so.1.86.0
32# _PyObject_MakeTpCall in <CONDA_ENV_PREFIX>/bin/python
33# _PyEval_EvalFrameDefault in <CONDA_ENV_PREFIX>/bin/python
34# _PyFunction_Vectorcall in <CONDA_ENV_PREFIX>/bin/python
35# 0x00005637EFF5CC50 in <CONDA_ENV_PREFIX>/bin/python
36# 0x00005637EFE72745 in <CONDA_ENV_PREFIX>/bin/python
37# 0x00005637EFEA31AA in <CONDA_ENV_PREFIX>/bin/python
38# PyObject_Vectorcall in <CONDA_ENV_PREFIX>/bin/python
39# _PyEval_EvalFrameDefault in <CONDA_ENV_PREFIX>/bin/python
40# _PyFunction_Vectorcall in <CONDA_ENV_PREFIX>/bin/python
41# _PyEval_EvalFrameDefault in <CONDA_ENV_PREFIX>/bin/python
42# _PyFunction_Vectorcall in <CONDA_ENV_PREFIX>/bin/python
43# _PyEval_EvalFrameDefault in <CONDA_ENV_PREFIX>/bin/python
44# _PyFunction_Vectorcall in <CONDA_ENV_PREFIX>/bin/python
45# 0x00005637EFE5E979 in <CONDA_ENV_PREFIX>/bin/python
46# _PyObject_MakeTpCall in <CONDA_ENV_PREFIX>/bin/python
47# _PyEval_EvalFrameDefault in <CONDA_ENV_PREFIX>/bin/python
48# _PyFunction_Vectorcall in <CONDA_ENV_PREFIX>/bin/python
49# 0x00005637EFE5EA1D in <CONDA_ENV_PREFIX>/bin/python
50# _PyObject_MakeTpCall in <CONDA_ENV_PREFIX>/bin/python
51# _PyEval_EvalFrameDefault in <CONDA_ENV_PREFIX>/bin/python
52# 0x00005637EFEE9B0D in <CONDA_ENV_PREFIX>/bin/python
53# PyEval_EvalCode in <CONDA_ENV_PREFIX>/bin/python
54# 0x00005637EFF071AA in <CONDA_ENV_PREFIX>/bin/python
55# 0x00005637EFF02E33 in <CONDA_ENV_PREFIX>/bin/python
56# 0x00005637EFF183D0 in <CONDA_ENV_PREFIX>/bin/python
57# _PyRun_SimpleFileObject in <CONDA_ENV_PREFIX>/bin/python
58# _PyRun_AnyFileObject in <CONDA_ENV_PREFIX>/bin/python
59# Py_RunMain in <CONDA_ENV_PREFIX>/bin/python
60# Py_BytesMain in <CONDA_ENV_PREFIX>/bin/python
61# 0x00007F5FD2B61D90 in /lib/x86_64-linux-gnu/libc.so.6
62# __libc_start_main in /lib/x86_64-linux-gnu/libc.so.6
63# 0x00005637EFED937A in <CONDA_ENV_PREFIX>/bin/python
----------
****

[20:30:19] UFFTYPER: Unrecognized atom type: S_5+6 (2)
[20:30:19] UFFTYPER: Unrecognized atom type: S_5+6 (2)
[20:30:19] 

****
Pre-condition Violation
bad params pointer
Violation occurred on line 79 in file /home/conda/feedstock_root/build_artifacts/rdkit-meta_1745736747213/work/Code/ForceField/UFF/AngleBend.cpp
Failed Expression: at2Params
----------
Stacktrace:
 0# Invar::Invariant::toString[abi:cxx11]() const in <CONDA_ENV_PREFIX>/lib/python3.11/site-packages/rdkit/../../../libRDKitRDGeneral.so.1
 1# Invar::operator<<(std::ostream&, Invar::Invariant const&) in <CONDA_ENV_PREFIX>/lib/python3.11/site-packages/rdkit/../../../libRDKitRDGeneral.so.1
 2# ForceFields::UFF::AngleBendContrib::AngleBendContrib(ForceFields::ForceField*, unsigned int, unsigned int, unsigned int, double, double, ForceFields::UFF::AtomicParams const*, ForceFields::UFF::AtomicParams const*, ForceFields::UFF::AtomicParams const*, unsigned int) in <CONDA_ENV_PREFIX>/lib/python3.11/site-packages/rdkit/ForceField/../../../../libRDKitForceField.so.1
 3# RDKit::UFF::Tools::addTrigonalBipyramidAngles(RDKit::Atom const*, RDKit::ROMol const&, int, std::vector<ForceFields::UFF::AtomicParams const*, std::allocator<ForceFields::UFF::AtomicParams const*> > const&, ForceFields::ForceField*) in <CONDA_ENV_PREFIX>/lib/python3.11/site-packages/rdkit/ForceField/../../../../libRDKitForceFieldHelpers.so.1
 4# RDKit::UFF::Tools::addAngleSpecialCases(RDKit::ROMol const&, int, std::vector<ForceFields::UFF::AtomicParams const*, std::allocator<ForceFields::UFF::AtomicParams const*> > const&, ForceFields::ForceField*) in <CONDA_ENV_PREFIX>/lib/python3.11/site-packages/rdkit/ForceField/../../../../libRDKitForceFieldHelpers.so.1
 5# RDKit::UFF::constructForceField(RDKit::ROMol&, std::vector<ForceFields::UFF::AtomicParams const*, std::allocator<ForceFields::UFF::AtomicParams const*> > const&, double, int, bool) in <CONDA_ENV_PREFIX>/lib/python3.11/site-packages/rdkit/ForceField/../../../../libRDKitForceFieldHelpers.so.1
 6# RDKit::UFF::constructForceField(RDKit::ROMol&, double, int, bool) in <CONDA_ENV_PREFIX>/lib/python3.11/site-packages/rdkit/ForceField/../../../../libRDKitForceFieldHelpers.so.1
 7# RDKit::UFFHelper(RDKit::ROMol&, int, double, int, bool) in <CONDA_ENV_PREFIX>/lib/python3.11/site-packages/rdkit/Chem/rdForceFieldHelpers.so
 8# 0x00007F5FC1F8403D in <CONDA_ENV_PREFIX>/lib/python3.11/site-packages/rdkit/Chem/rdForceFieldHelpers.so
 9# boost::python::objects::function::call(_object*, _object*) const in <CONDA_ENV_PREFIX>/lib/python3.11/site-packages/rdkit/../../../libboost_python311.so.1.86.0
10# 0x00007F5FC3EDD449 in <CONDA_ENV_PREFIX>/lib/python3.11/site-packages/rdkit/../../../libboost_python311.so.1.86.0
11# boost::python::detail::exception_handler::operator()(boost::function_n<void> const&) const in <CONDA_ENV_PREFIX>/lib/python3.11/site-packages/rdkit/../../../libboost_python311.so.1.86.0
12# 0x00007F5FC1C3DC04 in <CONDA_ENV_PREFIX>/lib/python3.11/site-packages/rdkit/Chem/rdSLNParse.so
13# 0x00007F5FC202B354 in <CONDA_ENV_PREFIX>/lib/python3.11/site-packages/rdkit/Chem/rdDepictor.so
14# 0x00007F5FC22C9DD4 in <CONDA_ENV_PREFIX>/lib/python3.11/site-packages/rdkit/Chem/rdChemReactions.so
15# 0x00007F5FC22C9E24 in <CONDA_ENV_PREFIX>/lib/python3.11/site-packages/rdkit/Chem/rdChemReactions.so
16# 0x00007F5FC2442B94 in <CONDA_ENV_PREFIX>/lib/python3.11/site-packages/rdkit/Chem/rdMolChemicalFeatures.so
17# 0x00007F5FC2EBA9B4 in <CONDA_ENV_PREFIX>/lib/python3.11/site-packages/rdkit/Chem/rdmolfiles.so
18# 0x00007F5FC2EBAA04 in <CONDA_ENV_PREFIX>/lib/python3.11/site-packages/rdkit/Chem/rdmolfiles.so
19# 0x00007F5FC2FD4B04 in <CONDA_ENV_PREFIX>/lib/python3.11/site-packages/rdkit/Chem/rdCIPLabeler.so
20# 0x00007F5FC39A9174 in <CONDA_ENV_PREFIX>/lib/python3.11/site-packages/rdkit/Chem/rdchem.so
21# 0x00007F5FC393DAAD in <CONDA_ENV_PREFIX>/lib/python3.11/site-packages/rdkit/Chem/rdchem.so
22# 0x00007F5FC393D6AD in <CONDA_ENV_PREFIX>/lib/python3.11/site-packages/rdkit/Chem/rdchem.so
23# 0x00007F5FC393D2AD in <CONDA_ENV_PREFIX>/lib/python3.11/site-packages/rdkit/Chem/rdchem.so
24# 0x00007F5FC393CEAD in <CONDA_ENV_PREFIX>/lib/python3.11/site-packages/rdkit/Chem/rdchem.so
25# 0x00007F5FC393CAAD in <CONDA_ENV_PREFIX>/lib/python3.11/site-packages/rdkit/Chem/rdchem.so
26# 0x00007F5FC3FB1E54 in <CONDA_ENV_PREFIX>/lib/python3.11/site-packages/rdkit/rdBase.so
27# 0x00007F5FC3FB1EA4 in <CONDA_ENV_PREFIX>/lib/python3.11/site-packages/rdkit/rdBase.so
28# 0x00007F5FC3FB1EF4 in <CONDA_ENV_PREFIX>/lib/python3.11/site-packages/rdkit/rdBase.so
29# 0x00007F5FC3FB1F44 in <CONDA_ENV_PREFIX>/lib/python3.11/site-packages/rdkit/rdBase.so
30# boost::python::handle_exception_impl(boost::function_n<void>) in <CONDA_ENV_PREFIX>/lib/python3.11/site-packages/rdkit/../../../libboost_python311.so.1.86.0
31# 0x00007F5FC3EDA9B3 in <CONDA_ENV_PREFIX>/lib/python3.11/site-packages/rdkit/../../../libboost_python311.so.1.86.0
32# _PyObject_MakeTpCall in <CONDA_ENV_PREFIX>/bin/python
33# _PyEval_EvalFrameDefault in <CONDA_ENV_PREFIX>/bin/python
34# _PyFunction_Vectorcall in <CONDA_ENV_PREFIX>/bin/python
35# 0x00005637EFF5CC50 in <CONDA_ENV_PREFIX>/bin/python
36# 0x00005637EFE72745 in <CONDA_ENV_PREFIX>/bin/python
37# 0x00005637EFEA31AA in <CONDA_ENV_PREFIX>/bin/python
38# PyObject_Vectorcall in <CONDA_ENV_PREFIX>/bin/python
39# _PyEval_EvalFrameDefault in <CONDA_ENV_PREFIX>/bin/python
40# _PyFunction_Vectorcall in <CONDA_ENV_PREFIX>/bin/python
41# _PyEval_EvalFrameDefault in <CONDA_ENV_PREFIX>/bin/python
42# _PyFunction_Vectorcall in <CONDA_ENV_PREFIX>/bin/python
43# _PyEval_EvalFrameDefault in <CONDA_ENV_PREFIX>/bin/python
44# _PyFunction_Vectorcall in <CONDA_ENV_PREFIX>/bin/python
45# 0x00005637EFE5E979 in <CONDA_ENV_PREFIX>/bin/python
46# _PyObject_MakeTpCall in <CONDA_ENV_PREFIX>/bin/python
47# _PyEval_EvalFrameDefault in <CONDA_ENV_PREFIX>/bin/python
48# _PyFunction_Vectorcall in <CONDA_ENV_PREFIX>/bin/python
49# 0x00005637EFE5EA1D in <CONDA_ENV_PREFIX>/bin/python
50# _PyObject_MakeTpCall in <CONDA_ENV_PREFIX>/bin/python
51# _PyEval_EvalFrameDefault in <CONDA_ENV_PREFIX>/bin/python
52# 0x00005637EFEE9B0D in <CONDA_ENV_PREFIX>/bin/python
53# PyEval_EvalCode in <CONDA_ENV_PREFIX>/bin/python
54# 0x00005637EFF071AA in <CONDA_ENV_PREFIX>/bin/python
55# 0x00005637EFF02E33 in <CONDA_ENV_PREFIX>/bin/python
56# 0x00005637EFF183D0 in <CONDA_ENV_PREFIX>/bin/python
57# _PyRun_SimpleFileObject in <CONDA_ENV_PREFIX>/bin/python
58# _PyRun_AnyFileObject in <CONDA_ENV_PREFIX>/bin/python
59# Py_RunMain in <CONDA_ENV_PREFIX>/bin/python
60# Py_BytesMain in <CONDA_ENV_PREFIX>/bin/python
61# 0x00007F5FD2B61D90 in /lib/x86_64-linux-gnu/libc.so.6
62# __libc_start_main in /lib/x86_64-linux-gnu/libc.so.6
63# 0x00005637EFED937A in <CONDA_ENV_PREFIX>/bin/python
----------
****

[20:30:20] UFFTYPER: Unrecognized atom type: S_5+6 (2)
[20:30:20] UFFTYPER: Unrecognized atom type: S_5+6 (2)
[20:30:20] 

****
Pre-condition Violation
bad params pointer
Violation occurred on line 79 in file /home/conda/feedstock_root/build_artifacts/rdkit-meta_1745736747213/work/Code/ForceField/UFF/AngleBend.cpp
Failed Expression: at2Params
----------
Stacktrace:
 0# Invar::Invariant::toString[abi:cxx11]() const in <CONDA_ENV_PREFIX>/lib/python3.11/site-packages/rdkit/../../../libRDKitRDGeneral.so.1
 1# Invar::operator<<(std::ostream&, Invar::Invariant const&) in <CONDA_ENV_PREFIX>/lib/python3.11/site-packages/rdkit/../../../libRDKitRDGeneral.so.1
 2# ForceFields::UFF::AngleBendContrib::AngleBendContrib(ForceFields::ForceField*, unsigned int, unsigned int, unsigned int, double, double, ForceFields::UFF::AtomicParams const*, ForceFields::UFF::AtomicParams const*, ForceFields::UFF::AtomicParams const*, unsigned int) in <CONDA_ENV_PREFIX>/lib/python3.11/site-packages/rdkit/ForceField/../../../../libRDKitForceField.so.1
 3# RDKit::UFF::Tools::addTrigonalBipyramidAngles(RDKit::Atom const*, RDKit::ROMol const&, int, std::vector<ForceFields::UFF::AtomicParams const*, std::allocator<ForceFields::UFF::AtomicParams const*> > const&, ForceFields::ForceField*) in <CONDA_ENV_PREFIX>/lib/python3.11/site-packages/rdkit/ForceField/../../../../libRDKitForceFieldHelpers.so.1
 4# RDKit::UFF::Tools::addAngleSpecialCases(RDKit::ROMol const&, int, std::vector<ForceFields::UFF::AtomicParams const*, std::allocator<ForceFields::UFF::AtomicParams const*> > const&, ForceFields::ForceField*) in <CONDA_ENV_PREFIX>/lib/python3.11/site-packages/rdkit/ForceField/../../../../libRDKitForceFieldHelpers.so.1
 5# RDKit::UFF::constructForceField(RDKit::ROMol&, std::vector<ForceFields::UFF::AtomicParams const*, std::allocator<ForceFields::UFF::AtomicParams const*> > const&, double, int, bool) in <CONDA_ENV_PREFIX>/lib/python3.11/site-packages/rdkit/ForceField/../../../../libRDKitForceFieldHelpers.so.1
 6# RDKit::UFF::constructForceField(RDKit::ROMol&, double, int, bool) in <CONDA_ENV_PREFIX>/lib/python3.11/site-packages/rdkit/ForceField/../../../../libRDKitForceFieldHelpers.so.1
 7# RDKit::UFFHelper(RDKit::ROMol&, int, double, int, bool) in <CONDA_ENV_PREFIX>/lib/python3.11/site-packages/rdkit/Chem/rdForceFieldHelpers.so
 8# 0x00007F5FC1F8403D in <CONDA_ENV_PREFIX>/lib/python3.11/site-packages/rdkit/Chem/rdForceFieldHelpers.so
 9# boost::python::objects::function::call(_object*, _object*) const in <CONDA_ENV_PREFIX>/lib/python3.11/site-packages/rdkit/../../../libboost_python311.so.1.86.0
10# 0x00007F5FC3EDD449 in <CONDA_ENV_PREFIX>/lib/python3.11/site-packages/rdkit/../../../libboost_python311.so.1.86.0
11# boost::python::detail::exception_handler::operator()(boost::function_n<void> const&) const in <CONDA_ENV_PREFIX>/lib/python3.11/site-packages/rdkit/../../../libboost_python311.so.1.86.0
12# 0x00007F5FC1C3DC04 in <CONDA_ENV_PREFIX>/lib/python3.11/site-packages/rdkit/Chem/rdSLNParse.so
13# 0x00007F5FC202B354 in <CONDA_ENV_PREFIX>/lib/python3.11/site-packages/rdkit/Chem/rdDepictor.so
14# 0x00007F5FC22C9DD4 in <CONDA_ENV_PREFIX>/lib/python3.11/site-packages/rdkit/Chem/rdChemReactions.so
15# 0x00007F5FC22C9E24 in <CONDA_ENV_PREFIX>/lib/python3.11/site-packages/rdkit/Chem/rdChemReactions.so
16# 0x00007F5FC2442B94 in <CONDA_ENV_PREFIX>/lib/python3.11/site-packages/rdkit/Chem/rdMolChemicalFeatures.so
17# 0x00007F5FC2EBA9B4 in <CONDA_ENV_PREFIX>/lib/python3.11/site-packages/rdkit/Chem/rdmolfiles.so
18# 0x00007F5FC2EBAA04 in <CONDA_ENV_PREFIX>/lib/python3.11/site-packages/rdkit/Chem/rdmolfiles.so
19# 0x00007F5FC2FD4B04 in <CONDA_ENV_PREFIX>/lib/python3.11/site-packages/rdkit/Chem/rdCIPLabeler.so
20# 0x00007F5FC39A9174 in <CONDA_ENV_PREFIX>/lib/python3.11/site-packages/rdkit/Chem/rdchem.so
21# 0x00007F5FC393DAAD in <CONDA_ENV_PREFIX>/lib/python3.11/site-packages/rdkit/Chem/rdchem.so
22# 0x00007F5FC393D6AD in <CONDA_ENV_PREFIX>/lib/python3.11/site-packages/rdkit/Chem/rdchem.so
23# 0x00007F5FC393D2AD in <CONDA_ENV_PREFIX>/lib/python3.11/site-packages/rdkit/Chem/rdchem.so
24# 0x00007F5FC393CEAD in <CONDA_ENV_PREFIX>/lib/python3.11/site-packages/rdkit/Chem/rdchem.so
25# 0x00007F5FC393CAAD in <CONDA_ENV_PREFIX>/lib/python3.11/site-packages/rdkit/Chem/rdchem.so
26# 0x00007F5FC3FB1E54 in <CONDA_ENV_PREFIX>/lib/python3.11/site-packages/rdkit/rdBase.so
27# 0x00007F5FC3FB1EA4 in <CONDA_ENV_PREFIX>/lib/python3.11/site-packages/rdkit/rdBase.so
28# 0x00007F5FC3FB1EF4 in <CONDA_ENV_PREFIX>/lib/python3.11/site-packages/rdkit/rdBase.so
29# 0x00007F5FC3FB1F44 in <CONDA_ENV_PREFIX>/lib/python3.11/site-packages/rdkit/rdBase.so
30# boost::python::handle_exception_impl(boost::function_n<void>) in <CONDA_ENV_PREFIX>/lib/python3.11/site-packages/rdkit/../../../libboost_python311.so.1.86.0
31# 0x00007F5FC3EDA9B3 in <CONDA_ENV_PREFIX>/lib/python3.11/site-packages/rdkit/../../../libboost_python311.so.1.86.0
32# _PyObject_MakeTpCall in <CONDA_ENV_PREFIX>/bin/python
33# _PyEval_EvalFrameDefault in <CONDA_ENV_PREFIX>/bin/python
34# _PyFunction_Vectorcall in <CONDA_ENV_PREFIX>/bin/python
35# 0x00005637EFF5CC50 in <CONDA_ENV_PREFIX>/bin/python
36# 0x00005637EFE72745 in <CONDA_ENV_PREFIX>/bin/python
37# 0x00005637EFEA31AA in <CONDA_ENV_PREFIX>/bin/python
38# PyObject_Vectorcall in <CONDA_ENV_PREFIX>/bin/python
39# _PyEval_EvalFrameDefault in <CONDA_ENV_PREFIX>/bin/python
40# _PyFunction_Vectorcall in <CONDA_ENV_PREFIX>/bin/python
41# _PyEval_EvalFrameDefault in <CONDA_ENV_PREFIX>/bin/python
42# _PyFunction_Vectorcall in <CONDA_ENV_PREFIX>/bin/python
43# _PyEval_EvalFrameDefault in <CONDA_ENV_PREFIX>/bin/python
44# _PyFunction_Vectorcall in <CONDA_ENV_PREFIX>/bin/python
45# 0x00005637EFE5E979 in <CONDA_ENV_PREFIX>/bin/python
46# _PyObject_MakeTpCall in <CONDA_ENV_PREFIX>/bin/python
47# _PyEval_EvalFrameDefault in <CONDA_ENV_PREFIX>/bin/python
48# _PyFunction_Vectorcall in <CONDA_ENV_PREFIX>/bin/python
49# 0x00005637EFE5EA1D in <CONDA_ENV_PREFIX>/bin/python
50# _PyObject_MakeTpCall in <CONDA_ENV_PREFIX>/bin/python
51# _PyEval_EvalFrameDefault in <CONDA_ENV_PREFIX>/bin/python
52# 0x00005637EFEE9B0D in <CONDA_ENV_PREFIX>/bin/python
53# PyEval_EvalCode in <CONDA_ENV_PREFIX>/bin/python
54# 0x00005637EFF071AA in <CONDA_ENV_PREFIX>/bin/python
55# 0x00005637EFF02E33 in <CONDA_ENV_PREFIX>/bin/python
56# 0x00005637EFF183D0 in <CONDA_ENV_PREFIX>/bin/python
57# _PyRun_SimpleFileObject in <CONDA_ENV_PREFIX>/bin/python
58# _PyRun_AnyFileObject in <CONDA_ENV_PREFIX>/bin/python
59# Py_RunMain in <CONDA_ENV_PREFIX>/bin/python
60# Py_BytesMain in <CONDA_ENV_PREFIX>/bin/python
61# 0x00007F5FD2B61D90 in /lib/x86_64-linux-gnu/libc.so.6
62# __libc_start_main in /lib/x86_64-linux-gnu/libc.so.6
63# 0x00005637EFED937A in <CONDA_ENV_PREFIX>/bin/python
----------
****

[20:30:20] UFFTYPER: Unrecognized atom type: S_5+6 (2)
[20:30:20] UFFTYPER: Unrecognized atom type: S_5+6 (2)
[20:30:20] UFFTYPER: Unrecognized atom type: S_5+6 (2)
[20:30:20] 

****
Pre-condition Violation
bad params pointer
Violation occurred on line 79 in file /home/conda/feedstock_root/build_artifacts/rdkit-meta_1745736747213/work/Code/ForceField/UFF/AngleBend.cpp
Failed Expression: at2Params
----------
Stacktrace:
 0# Invar::Invariant::toString[abi:cxx11]() const in <CONDA_ENV_PREFIX>/lib/python3.11/site-packages/rdkit/../../../libRDKitRDGeneral.so.1
 1# Invar::operator<<(std::ostream&, Invar::Invariant const&) in <CONDA_ENV_PREFIX>/lib/python3.11/site-packages/rdkit/../../../libRDKitRDGeneral.so.1
 2# ForceFields::UFF::AngleBendContrib::AngleBendContrib(ForceFields::ForceField*, unsigned int, unsigned int, unsigned int, double, double, ForceFields::UFF::AtomicParams const*, ForceFields::UFF::AtomicParams const*, ForceFields::UFF::AtomicParams const*, unsigned int) in <CONDA_ENV_PREFIX>/lib/python3.11/site-packages/rdkit/ForceField/../../../../libRDKitForceField.so.1
 3# RDKit::UFF::Tools::addTrigonalBipyramidAngles(RDKit::Atom const*, RDKit::ROMol const&, int, std::vector<ForceFields::UFF::AtomicParams const*, std::allocator<ForceFields::UFF::AtomicParams const*> > const&, ForceFields::ForceField*) in <CONDA_ENV_PREFIX>/lib/python3.11/site-packages/rdkit/ForceField/../../../../libRDKitForceFieldHelpers.so.1
 4# RDKit::UFF::Tools::addAngleSpecialCases(RDKit::ROMol const&, int, std::vector<ForceFields::UFF::AtomicParams const*, std::allocator<ForceFields::UFF::AtomicParams const*> > const&, ForceFields::ForceField*) in <CONDA_ENV_PREFIX>/lib/python3.11/site-packages/rdkit/ForceField/../../../../libRDKitForceFieldHelpers.so.1
 5# RDKit::UFF::constructForceField(RDKit::ROMol&, std::vector<ForceFields::UFF::AtomicParams const*, std::allocator<ForceFields::UFF::AtomicParams const*> > const&, double, int, bool) in <CONDA_ENV_PREFIX>/lib/python3.11/site-packages/rdkit/ForceField/../../../../libRDKitForceFieldHelpers.so.1
 6# RDKit::UFF::constructForceField(RDKit::ROMol&, double, int, bool) in <CONDA_ENV_PREFIX>/lib/python3.11/site-packages/rdkit/ForceField/../../../../libRDKitForceFieldHelpers.so.1
 7# RDKit::UFFHelper(RDKit::ROMol&, int, double, int, bool) in <CONDA_ENV_PREFIX>/lib/python3.11/site-packages/rdkit/Chem/rdForceFieldHelpers.so
 8# 0x00007F5FC1F8403D in <CONDA_ENV_PREFIX>/lib/python3.11/site-packages/rdkit/Chem/rdForceFieldHelpers.so
 9# boost::python::objects::function::call(_object*, _object*) const in <CONDA_ENV_PREFIX>/lib/python3.11/site-packages/rdkit/../../../libboost_python311.so.1.86.0
10# 0x00007F5FC3EDD449 in <CONDA_ENV_PREFIX>/lib/python3.11/site-packages/rdkit/../../../libboost_python311.so.1.86.0
11# boost::python::detail::exception_handler::operator()(boost::function_n<void> const&) const in <CONDA_ENV_PREFIX>/lib/python3.11/site-packages/rdkit/../../../libboost_python311.so.1.86.0
12# 0x00007F5FC1C3DC04 in <CONDA_ENV_PREFIX>/lib/python3.11/site-packages/rdkit/Chem/rdSLNParse.so
13# 0x00007F5FC202B354 in <CONDA_ENV_PREFIX>/lib/python3.11/site-packages/rdkit/Chem/rdDepictor.so
14# 0x00007F5FC22C9DD4 in <CONDA_ENV_PREFIX>/lib/python3.11/site-packages/rdkit/Chem/rdChemReactions.so
15# 0x00007F5FC22C9E24 in <CONDA_ENV_PREFIX>/lib/python3.11/site-packages/rdkit/Chem/rdChemReactions.so
16# 0x00007F5FC2442B94 in <CONDA_ENV_PREFIX>/lib/python3.11/site-packages/rdkit/Chem/rdMolChemicalFeatures.so
17# 0x00007F5FC2EBA9B4 in <CONDA_ENV_PREFIX>/lib/python3.11/site-packages/rdkit/Chem/rdmolfiles.so
18# 0x00007F5FC2EBAA04 in <CONDA_ENV_PREFIX>/lib/python3.11/site-packages/rdkit/Chem/rdmolfiles.so
19# 0x00007F5FC2FD4B04 in <CONDA_ENV_PREFIX>/lib/python3.11/site-packages/rdkit/Chem/rdCIPLabeler.so
20# 0x00007F5FC39A9174 in <CONDA_ENV_PREFIX>/lib/python3.11/site-packages/rdkit/Chem/rdchem.so
21# 0x00007F5FC393DAAD in <CONDA_ENV_PREFIX>/lib/python3.11/site-packages/rdkit/Chem/rdchem.so
22# 0x00007F5FC393D6AD in <CONDA_ENV_PREFIX>/lib/python3.11/site-packages/rdkit/Chem/rdchem.so
23# 0x00007F5FC393D2AD in <CONDA_ENV_PREFIX>/lib/python3.11/site-packages/rdkit/Chem/rdchem.so
24# 0x00007F5FC393CEAD in <CONDA_ENV_PREFIX>/lib/python3.11/site-packages/rdkit/Chem/rdchem.so
25# 0x00007F5FC393CAAD in <CONDA_ENV_PREFIX>/lib/python3.11/site-packages/rdkit/Chem/rdchem.so
26# 0x00007F5FC3FB1E54 in <CONDA_ENV_PREFIX>/lib/python3.11/site-packages/rdkit/rdBase.so
27# 0x00007F5FC3FB1EA4 in <CONDA_ENV_PREFIX>/lib/python3.11/site-packages/rdkit/rdBase.so
28# 0x00007F5FC3FB1EF4 in <CONDA_ENV_PREFIX>/lib/python3.11/site-packages/rdkit/rdBase.so
29# 0x00007F5FC3FB1F44 in <CONDA_ENV_PREFIX>/lib/python3.11/site-packages/rdkit/rdBase.so
30# boost::python::handle_exception_impl(boost::function_n<void>) in <CONDA_ENV_PREFIX>/lib/python3.11/site-packages/rdkit/../../../libboost_python311.so.1.86.0
31# 0x00007F5FC3EDA9B3 in <CONDA_ENV_PREFIX>/lib/python3.11/site-packages/rdkit/../../../libboost_python311.so.1.86.0
32# _PyObject_MakeTpCall in <CONDA_ENV_PREFIX>/bin/python
33# _PyEval_EvalFrameDefault in <CONDA_ENV_PREFIX>/bin/python
34# _PyFunction_Vectorcall in <CONDA_ENV_PREFIX>/bin/python
35# 0x00005637EFF5CC50 in <CONDA_ENV_PREFIX>/bin/python
36# 0x00005637EFE72745 in <CONDA_ENV_PREFIX>/bin/python
37# 0x00005637EFEA31AA in <CONDA_ENV_PREFIX>/bin/python
38# PyObject_Vectorcall in <CONDA_ENV_PREFIX>/bin/python
39# _PyEval_EvalFrameDefault in <CONDA_ENV_PREFIX>/bin/python
40# _PyFunction_Vectorcall in <CONDA_ENV_PREFIX>/bin/python
41# _PyEval_EvalFrameDefault in <CONDA_ENV_PREFIX>/bin/python
42# _PyFunction_Vectorcall in <CONDA_ENV_PREFIX>/bin/python
43# _PyEval_EvalFrameDefault in <CONDA_ENV_PREFIX>/bin/python
44# _PyFunction_Vectorcall in <CONDA_ENV_PREFIX>/bin/python
45# 0x00005637EFE5E979 in <CONDA_ENV_PREFIX>/bin/python
46# _PyObject_MakeTpCall in <CONDA_ENV_PREFIX>/bin/python
47# _PyEval_EvalFrameDefault in <CONDA_ENV_PREFIX>/bin/python
48# _PyFunction_Vectorcall in <CONDA_ENV_PREFIX>/bin/python
49# 0x00005637EFE5EA1D in <CONDA_ENV_PREFIX>/bin/python
50# _PyObject_MakeTpCall in <CONDA_ENV_PREFIX>/bin/python
51# _PyEval_EvalFrameDefault in <CONDA_ENV_PREFIX>/bin/python
52# 0x00005637EFEE9B0D in <CONDA_ENV_PREFIX>/bin/python
53# PyEval_EvalCode in <CONDA_ENV_PREFIX>/bin/python
54# 0x00005637EFF071AA in <CONDA_ENV_PREFIX>/bin/python
55# 0x00005637EFF02E33 in <CONDA_ENV_PREFIX>/bin/python
56# 0x00005637EFF183D0 in <CONDA_ENV_PREFIX>/bin/python
57# _PyRun_SimpleFileObject in <CONDA_ENV_PREFIX>/bin/python
58# _PyRun_AnyFileObject in <CONDA_ENV_PREFIX>/bin/python
59# Py_RunMain in <CONDA_ENV_PREFIX>/bin/python
60# Py_BytesMain in <CONDA_ENV_PREFIX>/bin/python
61# 0x00007F5FD2B61D90 in /lib/x86_64-linux-gnu/libc.so.6
62# __libc_start_main in /lib/x86_64-linux-gnu/libc.so.6
63# 0x00005637EFED937A in <CONDA_ENV_PREFIX>/bin/python
----------
****

[20:30:20] UFFTYPER: Unrecognized atom type: S_5+6 (2)
[20:30:20] 

****
Pre-condition Violation
bad params pointer
Violation occurred on line 79 in file /home/conda/feedstock_root/build_artifacts/rdkit-meta_1745736747213/work/Code/ForceField/UFF/AngleBend.cpp
Failed Expression: at2Params
----------
Stacktrace:
 0# Invar::Invariant::toString[abi:cxx11]() const in <CONDA_ENV_PREFIX>/lib/python3.11/site-packages/rdkit/../../../libRDKitRDGeneral.so.1
 1# Invar::operator<<(std::ostream&, Invar::Invariant const&) in <CONDA_ENV_PREFIX>/lib/python3.11/site-packages/rdkit/../../../libRDKitRDGeneral.so.1
 2# ForceFields::UFF::AngleBendContrib::AngleBendContrib(ForceFields::ForceField*, unsigned int, unsigned int, unsigned int, double, double, ForceFields::UFF::AtomicParams const*, ForceFields::UFF::AtomicParams const*, ForceFields::UFF::AtomicParams const*, unsigned int) in <CONDA_ENV_PREFIX>/lib/python3.11/site-packages/rdkit/ForceField/../../../../libRDKitForceField.so.1
 3# RDKit::UFF::Tools::addTrigonalBipyramidAngles(RDKit::Atom const*, RDKit::ROMol const&, int, std::vector<ForceFields::UFF::AtomicParams const*, std::allocator<ForceFields::UFF::AtomicParams const*> > const&, ForceFields::ForceField*) in <CONDA_ENV_PREFIX>/lib/python3.11/site-packages/rdkit/ForceField/../../../../libRDKitForceFieldHelpers.so.1
 4# RDKit::UFF::Tools::addAngleSpecialCases(RDKit::ROMol const&, int, std::vector<ForceFields::UFF::AtomicParams const*, std::allocator<ForceFields::UFF::AtomicParams const*> > const&, ForceFields::ForceField*) in <CONDA_ENV_PREFIX>/lib/python3.11/site-packages/rdkit/ForceField/../../../../libRDKitForceFieldHelpers.so.1
 5# RDKit::UFF::constructForceField(RDKit::ROMol&, std::vector<ForceFields::UFF::AtomicParams const*, std::allocator<ForceFields::UFF::AtomicParams const*> > const&, double, int, bool) in <CONDA_ENV_PREFIX>/lib/python3.11/site-packages/rdkit/ForceField/../../../../libRDKitForceFieldHelpers.so.1
 6# RDKit::UFF::constructForceField(RDKit::ROMol&, double, int, bool) in <CONDA_ENV_PREFIX>/lib/python3.11/site-packages/rdkit/ForceField/../../../../libRDKitForceFieldHelpers.so.1
 7# RDKit::UFFHelper(RDKit::ROMol&, int, double, int, bool) in <CONDA_ENV_PREFIX>/lib/python3.11/site-packages/rdkit/Chem/rdForceFieldHelpers.so
 8# 0x00007F5FC1F8403D in <CONDA_ENV_PREFIX>/lib/python3.11/site-packages/rdkit/Chem/rdForceFieldHelpers.so
 9# boost::python::objects::function::call(_object*, _object*) const in <CONDA_ENV_PREFIX>/lib/python3.11/site-packages/rdkit/../../../libboost_python311.so.1.86.0
10# 0x00007F5FC3EDD449 in <CONDA_ENV_PREFIX>/lib/python3.11/site-packages/rdkit/../../../libboost_python311.so.1.86.0
11# boost::python::detail::exception_handler::operator()(boost::function_n<void> const&) const in <CONDA_ENV_PREFIX>/lib/python3.11/site-packages/rdkit/../../../libboost_python311.so.1.86.0
12# 0x00007F5FC1C3DC04 in <CONDA_ENV_PREFIX>/lib/python3.11/site-packages/rdkit/Chem/rdSLNParse.so
13# 0x00007F5FC202B354 in <CONDA_ENV_PREFIX>/lib/python3.11/site-packages/rdkit/Chem/rdDepictor.so
14# 0x00007F5FC22C9DD4 in <CONDA_ENV_PREFIX>/lib/python3.11/site-packages/rdkit/Chem/rdChemReactions.so
15# 0x00007F5FC22C9E24 in <CONDA_ENV_PREFIX>/lib/python3.11/site-packages/rdkit/Chem/rdChemReactions.so
16# 0x00007F5FC2442B94 in <CONDA_ENV_PREFIX>/lib/python3.11/site-packages/rdkit/Chem/rdMolChemicalFeatures.so
17# 0x00007F5FC2EBA9B4 in <CONDA_ENV_PREFIX>/lib/python3.11/site-packages/rdkit/Chem/rdmolfiles.so
18# 0x00007F5FC2EBAA04 in <CONDA_ENV_PREFIX>/lib/python3.11/site-packages/rdkit/Chem/rdmolfiles.so
19# 0x00007F5FC2FD4B04 in <CONDA_ENV_PREFIX>/lib/python3.11/site-packages/rdkit/Chem/rdCIPLabeler.so
20# 0x00007F5FC39A9174 in <CONDA_ENV_PREFIX>/lib/python3.11/site-packages/rdkit/Chem/rdchem.so
21# 0x00007F5FC393DAAD in <CONDA_ENV_PREFIX>/lib/python3.11/site-packages/rdkit/Chem/rdchem.so
22# 0x00007F5FC393D6AD in <CONDA_ENV_PREFIX>/lib/python3.11/site-packages/rdkit/Chem/rdchem.so
23# 0x00007F5FC393D2AD in <CONDA_ENV_PREFIX>/lib/python3.11/site-packages/rdkit/Chem/rdchem.so
24# 0x00007F5FC393CEAD in <CONDA_ENV_PREFIX>/lib/python3.11/site-packages/rdkit/Chem/rdchem.so
25# 0x00007F5FC393CAAD in <CONDA_ENV_PREFIX>/lib/python3.11/site-packages/rdkit/Chem/rdchem.so
26# 0x00007F5FC3FB1E54 in <CONDA_ENV_PREFIX>/lib/python3.11/site-packages/rdkit/rdBase.so
27# 0x00007F5FC3FB1EA4 in <CONDA_ENV_PREFIX>/lib/python3.11/site-packages/rdkit/rdBase.so
28# 0x00007F5FC3FB1EF4 in <CONDA_ENV_PREFIX>/lib/python3.11/site-packages/rdkit/rdBase.so
29# 0x00007F5FC3FB1F44 in <CONDA_ENV_PREFIX>/lib/python3.11/site-packages/rdkit/rdBase.so
30# boost::python::handle_exception_impl(boost::function_n<void>) in <CONDA_ENV_PREFIX>/lib/python3.11/site-packages/rdkit/../../../libboost_python311.so.1.86.0
31# 0x00007F5FC3EDA9B3 in <CONDA_ENV_PREFIX>/lib/python3.11/site-packages/rdkit/../../../libboost_python311.so.1.86.0
32# _PyObject_MakeTpCall in <CONDA_ENV_PREFIX>/bin/python
33# _PyEval_EvalFrameDefault in <CONDA_ENV_PREFIX>/bin/python
34# _PyFunction_Vectorcall in <CONDA_ENV_PREFIX>/bin/python
35# 0x00005637EFF5CC50 in <CONDA_ENV_PREFIX>/bin/python
36# 0x00005637EFE72745 in <CONDA_ENV_PREFIX>/bin/python
37# 0x00005637EFEA31AA in <CONDA_ENV_PREFIX>/bin/python
38# PyObject_Vectorcall in <CONDA_ENV_PREFIX>/bin/python
39# _PyEval_EvalFrameDefault in <CONDA_ENV_PREFIX>/bin/python
40# _PyFunction_Vectorcall in <CONDA_ENV_PREFIX>/bin/python
41# _PyEval_EvalFrameDefault in <CONDA_ENV_PREFIX>/bin/python
42# _PyFunction_Vectorcall in <CONDA_ENV_PREFIX>/bin/python
43# _PyEval_EvalFrameDefault in <CONDA_ENV_PREFIX>/bin/python
44# _PyFunction_Vectorcall in <CONDA_ENV_PREFIX>/bin/python
45# 0x00005637EFE5E979 in <CONDA_ENV_PREFIX>/bin/python
46# _PyObject_MakeTpCall in <CONDA_ENV_PREFIX>/bin/python
47# _PyEval_EvalFrameDefault in <CONDA_ENV_PREFIX>/bin/python
48# _PyFunction_Vectorcall in <CONDA_ENV_PREFIX>/bin/python
49# 0x00005637EFE5EA1D in <CONDA_ENV_PREFIX>/bin/python
50# _PyObject_MakeTpCall in <CONDA_ENV_PREFIX>/bin/python
51# _PyEval_EvalFrameDefault in <CONDA_ENV_PREFIX>/bin/python
52# 0x00005637EFEE9B0D in <CONDA_ENV_PREFIX>/bin/python
53# PyEval_EvalCode in <CONDA_ENV_PREFIX>/bin/python
54# 0x00005637EFF071AA in <CONDA_ENV_PREFIX>/bin/python
55# 0x00005637EFF02E33 in <CONDA_ENV_PREFIX>/bin/python
56# 0x00005637EFF183D0 in <CONDA_ENV_PREFIX>/bin/python
57# _PyRun_SimpleFileObject in <CONDA_ENV_PREFIX>/bin/python
58# _PyRun_AnyFileObject in <CONDA_ENV_PREFIX>/bin/python
59# Py_RunMain in <CONDA_ENV_PREFIX>/bin/python
60# Py_BytesMain in <CONDA_ENV_PREFIX>/bin/python
61# 0x00007F5FD2B61D90 in /lib/x86_64-linux-gnu/libc.so.6
62# __libc_start_main in /lib/x86_64-linux-gnu/libc.so.6
63# 0x00005637EFED937A in <CONDA_ENV_PREFIX>/bin/python
----------
****

[20:30:21] UFFTYPER: Unrecognized atom type: S_5+6 (2)
[20:30:21] UFFTYPER: Unrecognized atom type: S_5+6 (2)
[20:30:21] 

****
Pre-condition Violation
bad params pointer
Violation occurred on line 79 in file /home/conda/feedstock_root/build_artifacts/rdkit-meta_1745736747213/work/Code/ForceField/UFF/AngleBend.cpp
Failed Expression: at2Params
----------
Stacktrace:
 0# Invar::Invariant::toString[abi:cxx11]() const in <CONDA_ENV_PREFIX>/lib/python3.11/site-packages/rdkit/../../../libRDKitRDGeneral.so.1
 1# Invar::operator<<(std::ostream&, Invar::Invariant const&) in <CONDA_ENV_PREFIX>/lib/python3.11/site-packages/rdkit/../../../libRDKitRDGeneral.so.1
 2# ForceFields::UFF::AngleBendContrib::AngleBendContrib(ForceFields::ForceField*, unsigned int, unsigned int, unsigned int, double, double, ForceFields::UFF::AtomicParams const*, ForceFields::UFF::AtomicParams const*, ForceFields::UFF::AtomicParams const*, unsigned int) in <CONDA_ENV_PREFIX>/lib/python3.11/site-packages/rdkit/ForceField/../../../../libRDKitForceField.so.1
 3# RDKit::UFF::Tools::addTrigonalBipyramidAngles(RDKit::Atom const*, RDKit::ROMol const&, int, std::vector<ForceFields::UFF::AtomicParams const*, std::allocator<ForceFields::UFF::AtomicParams const*> > const&, ForceFields::ForceField*) in <CONDA_ENV_PREFIX>/lib/python3.11/site-packages/rdkit/ForceField/../../../../libRDKitForceFieldHelpers.so.1
 4# RDKit::UFF::Tools::addAngleSpecialCases(RDKit::ROMol const&, int, std::vector<ForceFields::UFF::AtomicParams const*, std::allocator<ForceFields::UFF::AtomicParams const*> > const&, ForceFields::ForceField*) in <CONDA_ENV_PREFIX>/lib/python3.11/site-packages/rdkit/ForceField/../../../../libRDKitForceFieldHelpers.so.1
 5# RDKit::UFF::constructForceField(RDKit::ROMol&, std::vector<ForceFields::UFF::AtomicParams const*, std::allocator<ForceFields::UFF::AtomicParams const*> > const&, double, int, bool) in <CONDA_ENV_PREFIX>/lib/python3.11/site-packages/rdkit/ForceField/../../../../libRDKitForceFieldHelpers.so.1
 6# RDKit::UFF::constructForceField(RDKit::ROMol&, double, int, bool) in <CONDA_ENV_PREFIX>/lib/python3.11/site-packages/rdkit/ForceField/../../../../libRDKitForceFieldHelpers.so.1
 7# RDKit::UFFHelper(RDKit::ROMol&, int, double, int, bool) in <CONDA_ENV_PREFIX>/lib/python3.11/site-packages/rdkit/Chem/rdForceFieldHelpers.so
 8# 0x00007F5FC1F8403D in <CONDA_ENV_PREFIX>/lib/python3.11/site-packages/rdkit/Chem/rdForceFieldHelpers.so
 9# boost::python::objects::function::call(_object*, _object*) const in <CONDA_ENV_PREFIX>/lib/python3.11/site-packages/rdkit/../../../libboost_python311.so.1.86.0
10# 0x00007F5FC3EDD449 in <CONDA_ENV_PREFIX>/lib/python3.11/site-packages/rdkit/../../../libboost_python311.so.1.86.0
11# boost::python::detail::exception_handler::operator()(boost::function_n<void> const&) const in <CONDA_ENV_PREFIX>/lib/python3.11/site-packages/rdkit/../../../libboost_python311.so.1.86.0
12# 0x00007F5FC1C3DC04 in <CONDA_ENV_PREFIX>/lib/python3.11/site-packages/rdkit/Chem/rdSLNParse.so
13# 0x00007F5FC202B354 in <CONDA_ENV_PREFIX>/lib/python3.11/site-packages/rdkit/Chem/rdDepictor.so
14# 0x00007F5FC22C9DD4 in <CONDA_ENV_PREFIX>/lib/python3.11/site-packages/rdkit/Chem/rdChemReactions.so
15# 0x00007F5FC22C9E24 in <CONDA_ENV_PREFIX>/lib/python3.11/site-packages/rdkit/Chem/rdChemReactions.so
16# 0x00007F5FC2442B94 in <CONDA_ENV_PREFIX>/lib/python3.11/site-packages/rdkit/Chem/rdMolChemicalFeatures.so
17# 0x00007F5FC2EBA9B4 in <CONDA_ENV_PREFIX>/lib/python3.11/site-packages/rdkit/Chem/rdmolfiles.so
18# 0x00007F5FC2EBAA04 in <CONDA_ENV_PREFIX>/lib/python3.11/site-packages/rdkit/Chem/rdmolfiles.so
19# 0x00007F5FC2FD4B04 in <CONDA_ENV_PREFIX>/lib/python3.11/site-packages/rdkit/Chem/rdCIPLabeler.so
20# 0x00007F5FC39A9174 in <CONDA_ENV_PREFIX>/lib/python3.11/site-packages/rdkit/Chem/rdchem.so
21# 0x00007F5FC393DAAD in <CONDA_ENV_PREFIX>/lib/python3.11/site-packages/rdkit/Chem/rdchem.so
22# 0x00007F5FC393D6AD in <CONDA_ENV_PREFIX>/lib/python3.11/site-packages/rdkit/Chem/rdchem.so
23# 0x00007F5FC393D2AD in <CONDA_ENV_PREFIX>/lib/python3.11/site-packages/rdkit/Chem/rdchem.so
24# 0x00007F5FC393CEAD in <CONDA_ENV_PREFIX>/lib/python3.11/site-packages/rdkit/Chem/rdchem.so
25# 0x00007F5FC393CAAD in <CONDA_ENV_PREFIX>/lib/python3.11/site-packages/rdkit/Chem/rdchem.so
26# 0x00007F5FC3FB1E54 in <CONDA_ENV_PREFIX>/lib/python3.11/site-packages/rdkit/rdBase.so
27# 0x00007F5FC3FB1EA4 in <CONDA_ENV_PREFIX>/lib/python3.11/site-packages/rdkit/rdBase.so
28# 0x00007F5FC3FB1EF4 in <CONDA_ENV_PREFIX>/lib/python3.11/site-packages/rdkit/rdBase.so
29# 0x00007F5FC3FB1F44 in <CONDA_ENV_PREFIX>/lib/python3.11/site-packages/rdkit/rdBase.so
30# boost::python::handle_exception_impl(boost::function_n<void>) in <CONDA_ENV_PREFIX>/lib/python3.11/site-packages/rdkit/../../../libboost_python311.so.1.86.0
31# 0x00007F5FC3EDA9B3 in <CONDA_ENV_PREFIX>/lib/python3.11/site-packages/rdkit/../../../libboost_python311.so.1.86.0
32# _PyObject_MakeTpCall in <CONDA_ENV_PREFIX>/bin/python
33# _PyEval_EvalFrameDefault in <CONDA_ENV_PREFIX>/bin/python
34# _PyFunction_Vectorcall in <CONDA_ENV_PREFIX>/bin/python
35# 0x00005637EFF5CC50 in <CONDA_ENV_PREFIX>/bin/python
36# 0x00005637EFE72745 in <CONDA_ENV_PREFIX>/bin/python
37# 0x00005637EFEA31AA in <CONDA_ENV_PREFIX>/bin/python
38# PyObject_Vectorcall in <CONDA_ENV_PREFIX>/bin/python
39# _PyEval_EvalFrameDefault in <CONDA_ENV_PREFIX>/bin/python
40# _PyFunction_Vectorcall in <CONDA_ENV_PREFIX>/bin/python
41# _PyEval_EvalFrameDefault in <CONDA_ENV_PREFIX>/bin/python
42# _PyFunction_Vectorcall in <CONDA_ENV_PREFIX>/bin/python
43# _PyEval_EvalFrameDefault in <CONDA_ENV_PREFIX>/bin/python
44# _PyFunction_Vectorcall in <CONDA_ENV_PREFIX>/bin/python
45# 0x00005637EFE5E979 in <CONDA_ENV_PREFIX>/bin/python
46# _PyObject_MakeTpCall in <CONDA_ENV_PREFIX>/bin/python
47# _PyEval_EvalFrameDefault in <CONDA_ENV_PREFIX>/bin/python
48# _PyFunction_Vectorcall in <CONDA_ENV_PREFIX>/bin/python
49# 0x00005637EFE5EA1D in <CONDA_ENV_PREFIX>/bin/python
50# _PyObject_MakeTpCall in <CONDA_ENV_PREFIX>/bin/python
51# _PyEval_EvalFrameDefault in <CONDA_ENV_PREFIX>/bin/python
52# 0x00005637EFEE9B0D in <CONDA_ENV_PREFIX>/bin/python
53# PyEval_EvalCode in <CONDA_ENV_PREFIX>/bin/python
54# 0x00005637EFF071AA in <CONDA_ENV_PREFIX>/bin/python
55# 0x00005637EFF02E33 in <CONDA_ENV_PREFIX>/bin/python
56# 0x00005637EFF183D0 in <CONDA_ENV_PREFIX>/bin/python
57# _PyRun_SimpleFileObject in <CONDA_ENV_PREFIX>/bin/python
58# _PyRun_AnyFileObject in <CONDA_ENV_PREFIX>/bin/python
59# Py_RunMain in <CONDA_ENV_PREFIX>/bin/python
60# Py_BytesMain in <CONDA_ENV_PREFIX>/bin/python
61# 0x00007F5FD2B61D90 in /lib/x86_64-linux-gnu/libc.so.6
62# __libc_start_main in /lib/x86_64-linux-gnu/libc.so.6
63# 0x00005637EFED937A in <CONDA_ENV_PREFIX>/bin/python
----------
****

[20:30:21] UFFTYPER: Unrecognized atom type: S_5+6 (2)
[20:30:21] UFFTYPER: Unrecognized atom type: S_5+6 (2)
[20:30:21] 

****
Pre-condition Violation
bad params pointer
Violation occurred on line 79 in file /home/conda/feedstock_root/build_artifacts/rdkit-meta_1745736747213/work/Code/ForceField/UFF/AngleBend.cpp
Failed Expression: at2Params
----------
Stacktrace:
 0# Invar::Invariant::toString[abi:cxx11]() const in <CONDA_ENV_PREFIX>/lib/python3.11/site-packages/rdkit/../../../libRDKitRDGeneral.so.1
 1# Invar::operator<<(std::ostream&, Invar::Invariant const&) in <CONDA_ENV_PREFIX>/lib/python3.11/site-packages/rdkit/../../../libRDKitRDGeneral.so.1
 2# ForceFields::UFF::AngleBendContrib::AngleBendContrib(ForceFields::ForceField*, unsigned int, unsigned int, unsigned int, double, double, ForceFields::UFF::AtomicParams const*, ForceFields::UFF::AtomicParams const*, ForceFields::UFF::AtomicParams const*, unsigned int) in <CONDA_ENV_PREFIX>/lib/python3.11/site-packages/rdkit/ForceField/../../../../libRDKitForceField.so.1
 3# RDKit::UFF::Tools::addTrigonalBipyramidAngles(RDKit::Atom const*, RDKit::ROMol const&, int, std::vector<ForceFields::UFF::AtomicParams const*, std::allocator<ForceFields::UFF::AtomicParams const*> > const&, ForceFields::ForceField*) in <CONDA_ENV_PREFIX>/lib/python3.11/site-packages/rdkit/ForceField/../../../../libRDKitForceFieldHelpers.so.1
 4# RDKit::UFF::Tools::addAngleSpecialCases(RDKit::ROMol const&, int, std::vector<ForceFields::UFF::AtomicParams const*, std::allocator<ForceFields::UFF::AtomicParams const*> > const&, ForceFields::ForceField*) in <CONDA_ENV_PREFIX>/lib/python3.11/site-packages/rdkit/ForceField/../../../../libRDKitForceFieldHelpers.so.1
 5# RDKit::UFF::constructForceField(RDKit::ROMol&, std::vector<ForceFields::UFF::AtomicParams const*, std::allocator<ForceFields::UFF::AtomicParams const*> > const&, double, int, bool) in <CONDA_ENV_PREFIX>/lib/python3.11/site-packages/rdkit/ForceField/../../../../libRDKitForceFieldHelpers.so.1
 6# RDKit::UFF::constructForceField(RDKit::ROMol&, double, int, bool) in <CONDA_ENV_PREFIX>/lib/python3.11/site-packages/rdkit/ForceField/../../../../libRDKitForceFieldHelpers.so.1
 7# RDKit::UFFHelper(RDKit::ROMol&, int, double, int, bool) in <CONDA_ENV_PREFIX>/lib/python3.11/site-packages/rdkit/Chem/rdForceFieldHelpers.so
 8# 0x00007F5FC1F8403D in <CONDA_ENV_PREFIX>/lib/python3.11/site-packages/rdkit/Chem/rdForceFieldHelpers.so
 9# boost::python::objects::function::call(_object*, _object*) const in <CONDA_ENV_PREFIX>/lib/python3.11/site-packages/rdkit/../../../libboost_python311.so.1.86.0
10# 0x00007F5FC3EDD449 in <CONDA_ENV_PREFIX>/lib/python3.11/site-packages/rdkit/../../../libboost_python311.so.1.86.0
11# boost::python::detail::exception_handler::operator()(boost::function_n<void> const&) const in <CONDA_ENV_PREFIX>/lib/python3.11/site-packages/rdkit/../../../libboost_python311.so.1.86.0
12# 0x00007F5FC1C3DC04 in <CONDA_ENV_PREFIX>/lib/python3.11/site-packages/rdkit/Chem/rdSLNParse.so
13# 0x00007F5FC202B354 in <CONDA_ENV_PREFIX>/lib/python3.11/site-packages/rdkit/Chem/rdDepictor.so
14# 0x00007F5FC22C9DD4 in <CONDA_ENV_PREFIX>/lib/python3.11/site-packages/rdkit/Chem/rdChemReactions.so
15# 0x00007F5FC22C9E24 in <CONDA_ENV_PREFIX>/lib/python3.11/site-packages/rdkit/Chem/rdChemReactions.so
16# 0x00007F5FC2442B94 in <CONDA_ENV_PREFIX>/lib/python3.11/site-packages/rdkit/Chem/rdMolChemicalFeatures.so
17# 0x00007F5FC2EBA9B4 in <CONDA_ENV_PREFIX>/lib/python3.11/site-packages/rdkit/Chem/rdmolfiles.so
18# 0x00007F5FC2EBAA04 in <CONDA_ENV_PREFIX>/lib/python3.11/site-packages/rdkit/Chem/rdmolfiles.so
19# 0x00007F5FC2FD4B04 in <CONDA_ENV_PREFIX>/lib/python3.11/site-packages/rdkit/Chem/rdCIPLabeler.so
20# 0x00007F5FC39A9174 in <CONDA_ENV_PREFIX>/lib/python3.11/site-packages/rdkit/Chem/rdchem.so
21# 0x00007F5FC393DAAD in <CONDA_ENV_PREFIX>/lib/python3.11/site-packages/rdkit/Chem/rdchem.so
22# 0x00007F5FC393D6AD in <CONDA_ENV_PREFIX>/lib/python3.11/site-packages/rdkit/Chem/rdchem.so
23# 0x00007F5FC393D2AD in <CONDA_ENV_PREFIX>/lib/python3.11/site-packages/rdkit/Chem/rdchem.so
24# 0x00007F5FC393CEAD in <CONDA_ENV_PREFIX>/lib/python3.11/site-packages/rdkit/Chem/rdchem.so
25# 0x00007F5FC393CAAD in <CONDA_ENV_PREFIX>/lib/python3.11/site-packages/rdkit/Chem/rdchem.so
26# 0x00007F5FC3FB1E54 in <CONDA_ENV_PREFIX>/lib/python3.11/site-packages/rdkit/rdBase.so
27# 0x00007F5FC3FB1EA4 in <CONDA_ENV_PREFIX>/lib/python3.11/site-packages/rdkit/rdBase.so
28# 0x00007F5FC3FB1EF4 in <CONDA_ENV_PREFIX>/lib/python3.11/site-packages/rdkit/rdBase.so
29# 0x00007F5FC3FB1F44 in <CONDA_ENV_PREFIX>/lib/python3.11/site-packages/rdkit/rdBase.so
30# boost::python::handle_exception_impl(boost::function_n<void>) in <CONDA_ENV_PREFIX>/lib/python3.11/site-packages/rdkit/../../../libboost_python311.so.1.86.0
31# 0x00007F5FC3EDA9B3 in <CONDA_ENV_PREFIX>/lib/python3.11/site-packages/rdkit/../../../libboost_python311.so.1.86.0
32# _PyObject_MakeTpCall in <CONDA_ENV_PREFIX>/bin/python
33# _PyEval_EvalFrameDefault in <CONDA_ENV_PREFIX>/bin/python
34# _PyFunction_Vectorcall in <CONDA_ENV_PREFIX>/bin/python
35# 0x00005637EFF5CC50 in <CONDA_ENV_PREFIX>/bin/python
36# 0x00005637EFE72745 in <CONDA_ENV_PREFIX>/bin/python
37# 0x00005637EFEA31AA in <CONDA_ENV_PREFIX>/bin/python
38# PyObject_Vectorcall in <CONDA_ENV_PREFIX>/bin/python
39# _PyEval_EvalFrameDefault in <CONDA_ENV_PREFIX>/bin/python
40# _PyFunction_Vectorcall in <CONDA_ENV_PREFIX>/bin/python
41# _PyEval_EvalFrameDefault in <CONDA_ENV_PREFIX>/bin/python
42# _PyFunction_Vectorcall in <CONDA_ENV_PREFIX>/bin/python
43# _PyEval_EvalFrameDefault in <CONDA_ENV_PREFIX>/bin/python
44# _PyFunction_Vectorcall in <CONDA_ENV_PREFIX>/bin/python
45# 0x00005637EFE5E979 in <CONDA_ENV_PREFIX>/bin/python
46# _PyObject_MakeTpCall in <CONDA_ENV_PREFIX>/bin/python
47# _PyEval_EvalFrameDefault in <CONDA_ENV_PREFIX>/bin/python
48# _PyFunction_Vectorcall in <CONDA_ENV_PREFIX>/bin/python
49# 0x00005637EFE5EA1D in <CONDA_ENV_PREFIX>/bin/python
50# _PyObject_MakeTpCall in <CONDA_ENV_PREFIX>/bin/python
51# _PyEval_EvalFrameDefault in <CONDA_ENV_PREFIX>/bin/python
52# 0x00005637EFEE9B0D in <CONDA_ENV_PREFIX>/bin/python
53# PyEval_EvalCode in <CONDA_ENV_PREFIX>/bin/python
54# 0x00005637EFF071AA in <CONDA_ENV_PREFIX>/bin/python
55# 0x00005637EFF02E33 in <CONDA_ENV_PREFIX>/bin/python
56# 0x00005637EFF183D0 in <CONDA_ENV_PREFIX>/bin/python
57# _PyRun_SimpleFileObject in <CONDA_ENV_PREFIX>/bin/python
58# _PyRun_AnyFileObject in <CONDA_ENV_PREFIX>/bin/python
59# Py_RunMain in <CONDA_ENV_PREFIX>/bin/python
60# Py_BytesMain in <CONDA_ENV_PREFIX>/bin/python
61# 0x00007F5FD2B61D90 in /lib/x86_64-linux-gnu/libc.so.6
62# __libc_start_main in /lib/x86_64-linux-gnu/libc.so.6
63# 0x00005637EFED937A in <CONDA_ENV_PREFIX>/bin/python
----------
****

[20:30:22] UFFTYPER: Unrecognized atom type: S_5+6 (2)
[20:30:22] UFFTYPER: Unrecognized atom type: S_5+6 (2)
[20:30:22] 

****
Pre-condition Violation
bad params pointer
Violation occurred on line 79 in file /home/conda/feedstock_root/build_artifacts/rdkit-meta_1745736747213/work/Code/ForceField/UFF/AngleBend.cpp
Failed Expression: at2Params
----------
Stacktrace:
 0# Invar::Invariant::toString[abi:cxx11]() const in <CONDA_ENV_PREFIX>/lib/python3.11/site-packages/rdkit/../../../libRDKitRDGeneral.so.1
 1# Invar::operator<<(std::ostream&, Invar::Invariant const&) in <CONDA_ENV_PREFIX>/lib/python3.11/site-packages/rdkit/../../../libRDKitRDGeneral.so.1
 2# ForceFields::UFF::AngleBendContrib::AngleBendContrib(ForceFields::ForceField*, unsigned int, unsigned int, unsigned int, double, double, ForceFields::UFF::AtomicParams const*, ForceFields::UFF::AtomicParams const*, ForceFields::UFF::AtomicParams const*, unsigned int) in <CONDA_ENV_PREFIX>/lib/python3.11/site-packages/rdkit/ForceField/../../../../libRDKitForceField.so.1
 3# RDKit::UFF::Tools::addTrigonalBipyramidAngles(RDKit::Atom const*, RDKit::ROMol const&, int, std::vector<ForceFields::UFF::AtomicParams const*, std::allocator<ForceFields::UFF::AtomicParams const*> > const&, ForceFields::ForceField*) in <CONDA_ENV_PREFIX>/lib/python3.11/site-packages/rdkit/ForceField/../../../../libRDKitForceFieldHelpers.so.1
 4# RDKit::UFF::Tools::addAngleSpecialCases(RDKit::ROMol const&, int, std::vector<ForceFields::UFF::AtomicParams const*, std::allocator<ForceFields::UFF::AtomicParams const*> > const&, ForceFields::ForceField*) in <CONDA_ENV_PREFIX>/lib/python3.11/site-packages/rdkit/ForceField/../../../../libRDKitForceFieldHelpers.so.1
 5# RDKit::UFF::constructForceField(RDKit::ROMol&, std::vector<ForceFields::UFF::AtomicParams const*, std::allocator<ForceFields::UFF::AtomicParams const*> > const&, double, int, bool) in <CONDA_ENV_PREFIX>/lib/python3.11/site-packages/rdkit/ForceField/../../../../libRDKitForceFieldHelpers.so.1
 6# RDKit::UFF::constructForceField(RDKit::ROMol&, double, int, bool) in <CONDA_ENV_PREFIX>/lib/python3.11/site-packages/rdkit/ForceField/../../../../libRDKitForceFieldHelpers.so.1
 7# RDKit::UFFHelper(RDKit::ROMol&, int, double, int, bool) in <CONDA_ENV_PREFIX>/lib/python3.11/site-packages/rdkit/Chem/rdForceFieldHelpers.so
 8# 0x00007F5FC1F8403D in <CONDA_ENV_PREFIX>/lib/python3.11/site-packages/rdkit/Chem/rdForceFieldHelpers.so
 9# boost::python::objects::function::call(_object*, _object*) const in <CONDA_ENV_PREFIX>/lib/python3.11/site-packages/rdkit/../../../libboost_python311.so.1.86.0
10# 0x00007F5FC3EDD449 in <CONDA_ENV_PREFIX>/lib/python3.11/site-packages/rdkit/../../../libboost_python311.so.1.86.0
11# boost::python::detail::exception_handler::operator()(boost::function_n<void> const&) const in <CONDA_ENV_PREFIX>/lib/python3.11/site-packages/rdkit/../../../libboost_python311.so.1.86.0
12# 0x00007F5FC1C3DC04 in <CONDA_ENV_PREFIX>/lib/python3.11/site-packages/rdkit/Chem/rdSLNParse.so
13# 0x00007F5FC202B354 in <CONDA_ENV_PREFIX>/lib/python3.11/site-packages/rdkit/Chem/rdDepictor.so
14# 0x00007F5FC22C9DD4 in <CONDA_ENV_PREFIX>/lib/python3.11/site-packages/rdkit/Chem/rdChemReactions.so
15# 0x00007F5FC22C9E24 in <CONDA_ENV_PREFIX>/lib/python3.11/site-packages/rdkit/Chem/rdChemReactions.so
16# 0x00007F5FC2442B94 in <CONDA_ENV_PREFIX>/lib/python3.11/site-packages/rdkit/Chem/rdMolChemicalFeatures.so
17# 0x00007F5FC2EBA9B4 in <CONDA_ENV_PREFIX>/lib/python3.11/site-packages/rdkit/Chem/rdmolfiles.so
18# 0x00007F5FC2EBAA04 in <CONDA_ENV_PREFIX>/lib/python3.11/site-packages/rdkit/Chem/rdmolfiles.so
19# 0x00007F5FC2FD4B04 in <CONDA_ENV_PREFIX>/lib/python3.11/site-packages/rdkit/Chem/rdCIPLabeler.so
20# 0x00007F5FC39A9174 in <CONDA_ENV_PREFIX>/lib/python3.11/site-packages/rdkit/Chem/rdchem.so
21# 0x00007F5FC393DAAD in <CONDA_ENV_PREFIX>/lib/python3.11/site-packages/rdkit/Chem/rdchem.so
22# 0x00007F5FC393D6AD in <CONDA_ENV_PREFIX>/lib/python3.11/site-packages/rdkit/Chem/rdchem.so
23# 0x00007F5FC393D2AD in <CONDA_ENV_PREFIX>/lib/python3.11/site-packages/rdkit/Chem/rdchem.so
24# 0x00007F5FC393CEAD in <CONDA_ENV_PREFIX>/lib/python3.11/site-packages/rdkit/Chem/rdchem.so
25# 0x00007F5FC393CAAD in <CONDA_ENV_PREFIX>/lib/python3.11/site-packages/rdkit/Chem/rdchem.so
26# 0x00007F5FC3FB1E54 in <CONDA_ENV_PREFIX>/lib/python3.11/site-packages/rdkit/rdBase.so
27# 0x00007F5FC3FB1EA4 in <CONDA_ENV_PREFIX>/lib/python3.11/site-packages/rdkit/rdBase.so
28# 0x00007F5FC3FB1EF4 in <CONDA_ENV_PREFIX>/lib/python3.11/site-packages/rdkit/rdBase.so
29# 0x00007F5FC3FB1F44 in <CONDA_ENV_PREFIX>/lib/python3.11/site-packages/rdkit/rdBase.so
30# boost::python::handle_exception_impl(boost::function_n<void>) in <CONDA_ENV_PREFIX>/lib/python3.11/site-packages/rdkit/../../../libboost_python311.so.1.86.0
31# 0x00007F5FC3EDA9B3 in <CONDA_ENV_PREFIX>/lib/python3.11/site-packages/rdkit/../../../libboost_python311.so.1.86.0
32# _PyObject_MakeTpCall in <CONDA_ENV_PREFIX>/bin/python
33# _PyEval_EvalFrameDefault in <CONDA_ENV_PREFIX>/bin/python
34# _PyFunction_Vectorcall in <CONDA_ENV_PREFIX>/bin/python
35# 0x00005637EFF5CC50 in <CONDA_ENV_PREFIX>/bin/python
36# 0x00005637EFE72745 in <CONDA_ENV_PREFIX>/bin/python
37# 0x00005637EFEA31AA in <CONDA_ENV_PREFIX>/bin/python
38# PyObject_Vectorcall in <CONDA_ENV_PREFIX>/bin/python
39# _PyEval_EvalFrameDefault in <CONDA_ENV_PREFIX>/bin/python
40# _PyFunction_Vectorcall in <CONDA_ENV_PREFIX>/bin/python
41# _PyEval_EvalFrameDefault in <CONDA_ENV_PREFIX>/bin/python
42# _PyFunction_Vectorcall in <CONDA_ENV_PREFIX>/bin/python
43# _PyEval_EvalFrameDefault in <CONDA_ENV_PREFIX>/bin/python
44# _PyFunction_Vectorcall in <CONDA_ENV_PREFIX>/bin/python
45# 0x00005637EFE5E979 in <CONDA_ENV_PREFIX>/bin/python
46# _PyObject_MakeTpCall in <CONDA_ENV_PREFIX>/bin/python
47# _PyEval_EvalFrameDefault in <CONDA_ENV_PREFIX>/bin/python
48# _PyFunction_Vectorcall in <CONDA_ENV_PREFIX>/bin/python
49# 0x00005637EFE5EA1D in <CONDA_ENV_PREFIX>/bin/python
50# _PyObject_MakeTpCall in <CONDA_ENV_PREFIX>/bin/python
51# _PyEval_EvalFrameDefault in <CONDA_ENV_PREFIX>/bin/python
52# 0x00005637EFEE9B0D in <CONDA_ENV_PREFIX>/bin/python
53# PyEval_EvalCode in <CONDA_ENV_PREFIX>/bin/python
54# 0x00005637EFF071AA in <CONDA_ENV_PREFIX>/bin/python
55# 0x00005637EFF02E33 in <CONDA_ENV_PREFIX>/bin/python
56# 0x00005637EFF183D0 in <CONDA_ENV_PREFIX>/bin/python
57# _PyRun_SimpleFileObject in <CONDA_ENV_PREFIX>/bin/python
58# _PyRun_AnyFileObject in <CONDA_ENV_PREFIX>/bin/python
59# Py_RunMain in <CONDA_ENV_PREFIX>/bin/python
60# Py_BytesMain in <CONDA_ENV_PREFIX>/bin/python
61# 0x00007F5FD2B61D90 in /lib/x86_64-linux-gnu/libc.so.6
62# __libc_start_main in /lib/x86_64-linux-gnu/libc.so.6
63# 0x00005637EFED937A in <CONDA_ENV_PREFIX>/bin/python
----------
****

[20:30:22] UFFTYPER: Unrecognized atom type: S_5+6 (2)
[20:30:22] UFFTYPER: Unrecognized atom type: S_5+6 (2)
[20:30:22] 

****
Pre-condition Violation
bad params pointer
Violation occurred on line 79 in file /home/conda/feedstock_root/build_artifacts/rdkit-meta_1745736747213/work/Code/ForceField/UFF/AngleBend.cpp
Failed Expression: at2Params
----------
Stacktrace:
 0# Invar::Invariant::toString[abi:cxx11]() const in <CONDA_ENV_PREFIX>/lib/python3.11/site-packages/rdkit/../../../libRDKitRDGeneral.so.1
 1# Invar::operator<<(std::ostream&, Invar::Invariant const&) in <CONDA_ENV_PREFIX>/lib/python3.11/site-packages/rdkit/../../../libRDKitRDGeneral.so.1
 2# ForceFields::UFF::AngleBendContrib::AngleBendContrib(ForceFields::ForceField*, unsigned int, unsigned int, unsigned int, double, double, ForceFields::UFF::AtomicParams const*, ForceFields::UFF::AtomicParams const*, ForceFields::UFF::AtomicParams const*, unsigned int) in <CONDA_ENV_PREFIX>/lib/python3.11/site-packages/rdkit/ForceField/../../../../libRDKitForceField.so.1
 3# RDKit::UFF::Tools::addTrigonalBipyramidAngles(RDKit::Atom const*, RDKit::ROMol const&, int, std::vector<ForceFields::UFF::AtomicParams const*, std::allocator<ForceFields::UFF::AtomicParams const*> > const&, ForceFields::ForceField*) in <CONDA_ENV_PREFIX>/lib/python3.11/site-packages/rdkit/ForceField/../../../../libRDKitForceFieldHelpers.so.1
 4# RDKit::UFF::Tools::addAngleSpecialCases(RDKit::ROMol const&, int, std::vector<ForceFields::UFF::AtomicParams const*, std::allocator<ForceFields::UFF::AtomicParams const*> > const&, ForceFields::ForceField*) in <CONDA_ENV_PREFIX>/lib/python3.11/site-packages/rdkit/ForceField/../../../../libRDKitForceFieldHelpers.so.1
 5# RDKit::UFF::constructForceField(RDKit::ROMol&, std::vector<ForceFields::UFF::AtomicParams const*, std::allocator<ForceFields::UFF::AtomicParams const*> > const&, double, int, bool) in <CONDA_ENV_PREFIX>/lib/python3.11/site-packages/rdkit/ForceField/../../../../libRDKitForceFieldHelpers.so.1
 6# RDKit::UFF::constructForceField(RDKit::ROMol&, double, int, bool) in <CONDA_ENV_PREFIX>/lib/python3.11/site-packages/rdkit/ForceField/../../../../libRDKitForceFieldHelpers.so.1
 7# RDKit::UFFHelper(RDKit::ROMol&, int, double, int, bool) in <CONDA_ENV_PREFIX>/lib/python3.11/site-packages/rdkit/Chem/rdForceFieldHelpers.so
 8# 0x00007F5FC1F8403D in <CONDA_ENV_PREFIX>/lib/python3.11/site-packages/rdkit/Chem/rdForceFieldHelpers.so
 9# boost::python::objects::function::call(_object*, _object*) const in <CONDA_ENV_PREFIX>/lib/python3.11/site-packages/rdkit/../../../libboost_python311.so.1.86.0
10# 0x00007F5FC3EDD449 in <CONDA_ENV_PREFIX>/lib/python3.11/site-packages/rdkit/../../../libboost_python311.so.1.86.0
11# boost::python::detail::exception_handler::operator()(boost::function_n<void> const&) const in <CONDA_ENV_PREFIX>/lib/python3.11/site-packages/rdkit/../../../libboost_python311.so.1.86.0
12# 0x00007F5FC1C3DC04 in <CONDA_ENV_PREFIX>/lib/python3.11/site-packages/rdkit/Chem/rdSLNParse.so
13# 0x00007F5FC202B354 in <CONDA_ENV_PREFIX>/lib/python3.11/site-packages/rdkit/Chem/rdDepictor.so
14# 0x00007F5FC22C9DD4 in <CONDA_ENV_PREFIX>/lib/python3.11/site-packages/rdkit/Chem/rdChemReactions.so
15# 0x00007F5FC22C9E24 in <CONDA_ENV_PREFIX>/lib/python3.11/site-packages/rdkit/Chem/rdChemReactions.so
16# 0x00007F5FC2442B94 in <CONDA_ENV_PREFIX>/lib/python3.11/site-packages/rdkit/Chem/rdMolChemicalFeatures.so
17# 0x00007F5FC2EBA9B4 in <CONDA_ENV_PREFIX>/lib/python3.11/site-packages/rdkit/Chem/rdmolfiles.so
18# 0x00007F5FC2EBAA04 in <CONDA_ENV_PREFIX>/lib/python3.11/site-packages/rdkit/Chem/rdmolfiles.so
19# 0x00007F5FC2FD4B04 in <CONDA_ENV_PREFIX>/lib/python3.11/site-packages/rdkit/Chem/rdCIPLabeler.so
20# 0x00007F5FC39A9174 in <CONDA_ENV_PREFIX>/lib/python3.11/site-packages/rdkit/Chem/rdchem.so
21# 0x00007F5FC393DAAD in <CONDA_ENV_PREFIX>/lib/python3.11/site-packages/rdkit/Chem/rdchem.so
22# 0x00007F5FC393D6AD in <CONDA_ENV_PREFIX>/lib/python3.11/site-packages/rdkit/Chem/rdchem.so
23# 0x00007F5FC393D2AD in <CONDA_ENV_PREFIX>/lib/python3.11/site-packages/rdkit/Chem/rdchem.so
24# 0x00007F5FC393CEAD in <CONDA_ENV_PREFIX>/lib/python3.11/site-packages/rdkit/Chem/rdchem.so
25# 0x00007F5FC393CAAD in <CONDA_ENV_PREFIX>/lib/python3.11/site-packages/rdkit/Chem/rdchem.so
26# 0x00007F5FC3FB1E54 in <CONDA_ENV_PREFIX>/lib/python3.11/site-packages/rdkit/rdBase.so
27# 0x00007F5FC3FB1EA4 in <CONDA_ENV_PREFIX>/lib/python3.11/site-packages/rdkit/rdBase.so
28# 0x00007F5FC3FB1EF4 in <CONDA_ENV_PREFIX>/lib/python3.11/site-packages/rdkit/rdBase.so
29# 0x00007F5FC3FB1F44 in <CONDA_ENV_PREFIX>/lib/python3.11/site-packages/rdkit/rdBase.so
30# boost::python::handle_exception_impl(boost::function_n<void>) in <CONDA_ENV_PREFIX>/lib/python3.11/site-packages/rdkit/../../../libboost_python311.so.1.86.0
31# 0x00007F5FC3EDA9B3 in <CONDA_ENV_PREFIX>/lib/python3.11/site-packages/rdkit/../../../libboost_python311.so.1.86.0
32# _PyObject_MakeTpCall in <CONDA_ENV_PREFIX>/bin/python
33# _PyEval_EvalFrameDefault in <CONDA_ENV_PREFIX>/bin/python
34# _PyFunction_Vectorcall in <CONDA_ENV_PREFIX>/bin/python
35# 0x00005637EFF5CC50 in <CONDA_ENV_PREFIX>/bin/python
36# 0x00005637EFE72745 in <CONDA_ENV_PREFIX>/bin/python
37# 0x00005637EFEA31AA in <CONDA_ENV_PREFIX>/bin/python
38# PyObject_Vectorcall in <CONDA_ENV_PREFIX>/bin/python
39# _PyEval_EvalFrameDefault in <CONDA_ENV_PREFIX>/bin/python
40# _PyFunction_Vectorcall in <CONDA_ENV_PREFIX>/bin/python
41# _PyEval_EvalFrameDefault in <CONDA_ENV_PREFIX>/bin/python
42# _PyFunction_Vectorcall in <CONDA_ENV_PREFIX>/bin/python
43# _PyEval_EvalFrameDefault in <CONDA_ENV_PREFIX>/bin/python
44# _PyFunction_Vectorcall in <CONDA_ENV_PREFIX>/bin/python
45# 0x00005637EFE5E979 in <CONDA_ENV_PREFIX>/bin/python
46# _PyObject_MakeTpCall in <CONDA_ENV_PREFIX>/bin/python
47# _PyEval_EvalFrameDefault in <CONDA_ENV_PREFIX>/bin/python
48# _PyFunction_Vectorcall in <CONDA_ENV_PREFIX>/bin/python
49# 0x00005637EFE5EA1D in <CONDA_ENV_PREFIX>/bin/python
50# _PyObject_MakeTpCall in <CONDA_ENV_PREFIX>/bin/python
51# _PyEval_EvalFrameDefault in <CONDA_ENV_PREFIX>/bin/python
52# 0x00005637EFEE9B0D in <CONDA_ENV_PREFIX>/bin/python
53# PyEval_EvalCode in <CONDA_ENV_PREFIX>/bin/python
54# 0x00005637EFF071AA in <CONDA_ENV_PREFIX>/bin/python
55# 0x00005637EFF02E33 in <CONDA_ENV_PREFIX>/bin/python
56# 0x00005637EFF183D0 in <CONDA_ENV_PREFIX>/bin/python
57# _PyRun_SimpleFileObject in <CONDA_ENV_PREFIX>/bin/python
58# _PyRun_AnyFileObject in <CONDA_ENV_PREFIX>/bin/python
59# Py_RunMain in <CONDA_ENV_PREFIX>/bin/python
60# Py_BytesMain in <CONDA_ENV_PREFIX>/bin/python
61# 0x00007F5FD2B61D90 in /lib/x86_64-linux-gnu/libc.so.6
62# __libc_start_main in /lib/x86_64-linux-gnu/libc.so.6
63# 0x00005637EFED937A in <CONDA_ENV_PREFIX>/bin/python
----------
****

[20:30:22] UFFTYPER: Unrecognized atom type: S_5+6 (2)
[20:30:22] UFFTYPER: Unrecognized atom type: S_5+6 (2)
[20:30:22] 

****
Pre-condition Violation
bad params pointer
Violation occurred on line 79 in file /home/conda/feedstock_root/build_artifacts/rdkit-meta_1745736747213/work/Code/ForceField/UFF/AngleBend.cpp
Failed Expression: at2Params
----------
Stacktrace:
 0# Invar::Invariant::toString[abi:cxx11]() const in <CONDA_ENV_PREFIX>/lib/python3.11/site-packages/rdkit/../../../libRDKitRDGeneral.so.1
 1# Invar::operator<<(std::ostream&, Invar::Invariant const&) in <CONDA_ENV_PREFIX>/lib/python3.11/site-packages/rdkit/../../../libRDKitRDGeneral.so.1
 2# ForceFields::UFF::AngleBendContrib::AngleBendContrib(ForceFields::ForceField*, unsigned int, unsigned int, unsigned int, double, double, ForceFields::UFF::AtomicParams const*, ForceFields::UFF::AtomicParams const*, ForceFields::UFF::AtomicParams const*, unsigned int) in <CONDA_ENV_PREFIX>/lib/python3.11/site-packages/rdkit/ForceField/../../../../libRDKitForceField.so.1
 3# RDKit::UFF::Tools::addTrigonalBipyramidAngles(RDKit::Atom const*, RDKit::ROMol const&, int, std::vector<ForceFields::UFF::AtomicParams const*, std::allocator<ForceFields::UFF::AtomicParams const*> > const&, ForceFields::ForceField*) in <CONDA_ENV_PREFIX>/lib/python3.11/site-packages/rdkit/ForceField/../../../../libRDKitForceFieldHelpers.so.1
 4# RDKit::UFF::Tools::addAngleSpecialCases(RDKit::ROMol const&, int, std::vector<ForceFields::UFF::AtomicParams const*, std::allocator<ForceFields::UFF::AtomicParams const*> > const&, ForceFields::ForceField*) in <CONDA_ENV_PREFIX>/lib/python3.11/site-packages/rdkit/ForceField/../../../../libRDKitForceFieldHelpers.so.1
 5# RDKit::UFF::constructForceField(RDKit::ROMol&, std::vector<ForceFields::UFF::AtomicParams const*, std::allocator<ForceFields::UFF::AtomicParams const*> > const&, double, int, bool) in <CONDA_ENV_PREFIX>/lib/python3.11/site-packages/rdkit/ForceField/../../../../libRDKitForceFieldHelpers.so.1
 6# RDKit::UFF::constructForceField(RDKit::ROMol&, double, int, bool) in <CONDA_ENV_PREFIX>/lib/python3.11/site-packages/rdkit/ForceField/../../../../libRDKitForceFieldHelpers.so.1
 7# RDKit::UFFHelper(RDKit::ROMol&, int, double, int, bool) in <CONDA_ENV_PREFIX>/lib/python3.11/site-packages/rdkit/Chem/rdForceFieldHelpers.so
 8# 0x00007F5FC1F8403D in <CONDA_ENV_PREFIX>/lib/python3.11/site-packages/rdkit/Chem/rdForceFieldHelpers.so
 9# boost::python::objects::function::call(_object*, _object*) const in <CONDA_ENV_PREFIX>/lib/python3.11/site-packages/rdkit/../../../libboost_python311.so.1.86.0
10# 0x00007F5FC3EDD449 in <CONDA_ENV_PREFIX>/lib/python3.11/site-packages/rdkit/../../../libboost_python311.so.1.86.0
11# boost::python::detail::exception_handler::operator()(boost::function_n<void> const&) const in <CONDA_ENV_PREFIX>/lib/python3.11/site-packages/rdkit/../../../libboost_python311.so.1.86.0
12# 0x00007F5FC1C3DC04 in <CONDA_ENV_PREFIX>/lib/python3.11/site-packages/rdkit/Chem/rdSLNParse.so
13# 0x00007F5FC202B354 in <CONDA_ENV_PREFIX>/lib/python3.11/site-packages/rdkit/Chem/rdDepictor.so
14# 0x00007F5FC22C9DD4 in <CONDA_ENV_PREFIX>/lib/python3.11/site-packages/rdkit/Chem/rdChemReactions.so
15# 0x00007F5FC22C9E24 in <CONDA_ENV_PREFIX>/lib/python3.11/site-packages/rdkit/Chem/rdChemReactions.so
16# 0x00007F5FC2442B94 in <CONDA_ENV_PREFIX>/lib/python3.11/site-packages/rdkit/Chem/rdMolChemicalFeatures.so
17# 0x00007F5FC2EBA9B4 in <CONDA_ENV_PREFIX>/lib/python3.11/site-packages/rdkit/Chem/rdmolfiles.so
18# 0x00007F5FC2EBAA04 in <CONDA_ENV_PREFIX>/lib/python3.11/site-packages/rdkit/Chem/rdmolfiles.so
19# 0x00007F5FC2FD4B04 in <CONDA_ENV_PREFIX>/lib/python3.11/site-packages/rdkit/Chem/rdCIPLabeler.so
20# 0x00007F5FC39A9174 in <CONDA_ENV_PREFIX>/lib/python3.11/site-packages/rdkit/Chem/rdchem.so
21# 0x00007F5FC393DAAD in <CONDA_ENV_PREFIX>/lib/python3.11/site-packages/rdkit/Chem/rdchem.so
22# 0x00007F5FC393D6AD in <CONDA_ENV_PREFIX>/lib/python3.11/site-packages/rdkit/Chem/rdchem.so
23# 0x00007F5FC393D2AD in <CONDA_ENV_PREFIX>/lib/python3.11/site-packages/rdkit/Chem/rdchem.so
24# 0x00007F5FC393CEAD in <CONDA_ENV_PREFIX>/lib/python3.11/site-packages/rdkit/Chem/rdchem.so
25# 0x00007F5FC393CAAD in <CONDA_ENV_PREFIX>/lib/python3.11/site-packages/rdkit/Chem/rdchem.so
26# 0x00007F5FC3FB1E54 in <CONDA_ENV_PREFIX>/lib/python3.11/site-packages/rdkit/rdBase.so
27# 0x00007F5FC3FB1EA4 in <CONDA_ENV_PREFIX>/lib/python3.11/site-packages/rdkit/rdBase.so
28# 0x00007F5FC3FB1EF4 in <CONDA_ENV_PREFIX>/lib/python3.11/site-packages/rdkit/rdBase.so
29# 0x00007F5FC3FB1F44 in <CONDA_ENV_PREFIX>/lib/python3.11/site-packages/rdkit/rdBase.so
30# boost::python::handle_exception_impl(boost::function_n<void>) in <CONDA_ENV_PREFIX>/lib/python3.11/site-packages/rdkit/../../../libboost_python311.so.1.86.0
31# 0x00007F5FC3EDA9B3 in <CONDA_ENV_PREFIX>/lib/python3.11/site-packages/rdkit/../../../libboost_python311.so.1.86.0
32# _PyObject_MakeTpCall in <CONDA_ENV_PREFIX>/bin/python
33# _PyEval_EvalFrameDefault in <CONDA_ENV_PREFIX>/bin/python
34# _PyFunction_Vectorcall in <CONDA_ENV_PREFIX>/bin/python
35# 0x00005637EFF5CC50 in <CONDA_ENV_PREFIX>/bin/python
36# 0x00005637EFE72745 in <CONDA_ENV_PREFIX>/bin/python
37# 0x00005637EFEA31AA in <CONDA_ENV_PREFIX>/bin/python
38# PyObject_Vectorcall in <CONDA_ENV_PREFIX>/bin/python
39# _PyEval_EvalFrameDefault in <CONDA_ENV_PREFIX>/bin/python
40# _PyFunction_Vectorcall in <CONDA_ENV_PREFIX>/bin/python
41# _PyEval_EvalFrameDefault in <CONDA_ENV_PREFIX>/bin/python
42# _PyFunction_Vectorcall in <CONDA_ENV_PREFIX>/bin/python
43# _PyEval_EvalFrameDefault in <CONDA_ENV_PREFIX>/bin/python
44# _PyFunction_Vectorcall in <CONDA_ENV_PREFIX>/bin/python
45# 0x00005637EFE5E979 in <CONDA_ENV_PREFIX>/bin/python
46# _PyObject_MakeTpCall in <CONDA_ENV_PREFIX>/bin/python
47# _PyEval_EvalFrameDefault in <CONDA_ENV_PREFIX>/bin/python
48# _PyFunction_Vectorcall in <CONDA_ENV_PREFIX>/bin/python
49# 0x00005637EFE5EA1D in <CONDA_ENV_PREFIX>/bin/python
50# _PyObject_MakeTpCall in <CONDA_ENV_PREFIX>/bin/python
51# _PyEval_EvalFrameDefault in <CONDA_ENV_PREFIX>/bin/python
52# 0x00005637EFEE9B0D in <CONDA_ENV_PREFIX>/bin/python
53# PyEval_EvalCode in <CONDA_ENV_PREFIX>/bin/python
54# 0x00005637EFF071AA in <CONDA_ENV_PREFIX>/bin/python
55# 0x00005637EFF02E33 in <CONDA_ENV_PREFIX>/bin/python
56# 0x00005637EFF183D0 in <CONDA_ENV_PREFIX>/bin/python
57# _PyRun_SimpleFileObject in <CONDA_ENV_PREFIX>/bin/python
58# _PyRun_AnyFileObject in <CONDA_ENV_PREFIX>/bin/python
59# Py_RunMain in <CONDA_ENV_PREFIX>/bin/python
60# Py_BytesMain in <CONDA_ENV_PREFIX>/bin/python
61# 0x00007F5FD2B61D90 in /lib/x86_64-linux-gnu/libc.so.6
62# __libc_start_main in /lib/x86_64-linux-gnu/libc.so.6
63# 0x00005637EFED937A in <CONDA_ENV_PREFIX>/bin/python
----------
****

[20:30:23] UFFTYPER: Unrecognized atom type: S_5+6 (2)
[20:30:23] UFFTYPER: Unrecognized atom type: S_5+6 (2)
[20:30:23] 

****
Pre-condition Violation
bad params pointer
Violation occurred on line 79 in file /home/conda/feedstock_root/build_artifacts/rdkit-meta_1745736747213/work/Code/ForceField/UFF/AngleBend.cpp
Failed Expression: at2Params
----------
Stacktrace:
 0# Invar::Invariant::toString[abi:cxx11]() const in <CONDA_ENV_PREFIX>/lib/python3.11/site-packages/rdkit/../../../libRDKitRDGeneral.so.1
 1# Invar::operator<<(std::ostream&, Invar::Invariant const&) in <CONDA_ENV_PREFIX>/lib/python3.11/site-packages/rdkit/../../../libRDKitRDGeneral.so.1
 2# ForceFields::UFF::AngleBendContrib::AngleBendContrib(ForceFields::ForceField*, unsigned int, unsigned int, unsigned int, double, double, ForceFields::UFF::AtomicParams const*, ForceFields::UFF::AtomicParams const*, ForceFields::UFF::AtomicParams const*, unsigned int) in <CONDA_ENV_PREFIX>/lib/python3.11/site-packages/rdkit/ForceField/../../../../libRDKitForceField.so.1
 3# RDKit::UFF::Tools::addTrigonalBipyramidAngles(RDKit::Atom const*, RDKit::ROMol const&, int, std::vector<ForceFields::UFF::AtomicParams const*, std::allocator<ForceFields::UFF::AtomicParams const*> > const&, ForceFields::ForceField*) in <CONDA_ENV_PREFIX>/lib/python3.11/site-packages/rdkit/ForceField/../../../../libRDKitForceFieldHelpers.so.1
 4# RDKit::UFF::Tools::addAngleSpecialCases(RDKit::ROMol const&, int, std::vector<ForceFields::UFF::AtomicParams const*, std::allocator<ForceFields::UFF::AtomicParams const*> > const&, ForceFields::ForceField*) in <CONDA_ENV_PREFIX>/lib/python3.11/site-packages/rdkit/ForceField/../../../../libRDKitForceFieldHelpers.so.1
 5# RDKit::UFF::constructForceField(RDKit::ROMol&, std::vector<ForceFields::UFF::AtomicParams const*, std::allocator<ForceFields::UFF::AtomicParams const*> > const&, double, int, bool) in <CONDA_ENV_PREFIX>/lib/python3.11/site-packages/rdkit/ForceField/../../../../libRDKitForceFieldHelpers.so.1
 6# RDKit::UFF::constructForceField(RDKit::ROMol&, double, int, bool) in <CONDA_ENV_PREFIX>/lib/python3.11/site-packages/rdkit/ForceField/../../../../libRDKitForceFieldHelpers.so.1
 7# RDKit::UFFHelper(RDKit::ROMol&, int, double, int, bool) in <CONDA_ENV_PREFIX>/lib/python3.11/site-packages/rdkit/Chem/rdForceFieldHelpers.so
 8# 0x00007F5FC1F8403D in <CONDA_ENV_PREFIX>/lib/python3.11/site-packages/rdkit/Chem/rdForceFieldHelpers.so
 9# boost::python::objects::function::call(_object*, _object*) const in <CONDA_ENV_PREFIX>/lib/python3.11/site-packages/rdkit/../../../libboost_python311.so.1.86.0
10# 0x00007F5FC3EDD449 in <CONDA_ENV_PREFIX>/lib/python3.11/site-packages/rdkit/../../../libboost_python311.so.1.86.0
11# boost::python::detail::exception_handler::operator()(boost::function_n<void> const&) const in <CONDA_ENV_PREFIX>/lib/python3.11/site-packages/rdkit/../../../libboost_python311.so.1.86.0
12# 0x00007F5FC1C3DC04 in <CONDA_ENV_PREFIX>/lib/python3.11/site-packages/rdkit/Chem/rdSLNParse.so
13# 0x00007F5FC202B354 in <CONDA_ENV_PREFIX>/lib/python3.11/site-packages/rdkit/Chem/rdDepictor.so
14# 0x00007F5FC22C9DD4 in <CONDA_ENV_PREFIX>/lib/python3.11/site-packages/rdkit/Chem/rdChemReactions.so
15# 0x00007F5FC22C9E24 in <CONDA_ENV_PREFIX>/lib/python3.11/site-packages/rdkit/Chem/rdChemReactions.so
16# 0x00007F5FC2442B94 in <CONDA_ENV_PREFIX>/lib/python3.11/site-packages/rdkit/Chem/rdMolChemicalFeatures.so
17# 0x00007F5FC2EBA9B4 in <CONDA_ENV_PREFIX>/lib/python3.11/site-packages/rdkit/Chem/rdmolfiles.so
18# 0x00007F5FC2EBAA04 in <CONDA_ENV_PREFIX>/lib/python3.11/site-packages/rdkit/Chem/rdmolfiles.so
19# 0x00007F5FC2FD4B04 in <CONDA_ENV_PREFIX>/lib/python3.11/site-packages/rdkit/Chem/rdCIPLabeler.so
20# 0x00007F5FC39A9174 in <CONDA_ENV_PREFIX>/lib/python3.11/site-packages/rdkit/Chem/rdchem.so
21# 0x00007F5FC393DAAD in <CONDA_ENV_PREFIX>/lib/python3.11/site-packages/rdkit/Chem/rdchem.so
22# 0x00007F5FC393D6AD in <CONDA_ENV_PREFIX>/lib/python3.11/site-packages/rdkit/Chem/rdchem.so
23# 0x00007F5FC393D2AD in <CONDA_ENV_PREFIX>/lib/python3.11/site-packages/rdkit/Chem/rdchem.so
24# 0x00007F5FC393CEAD in <CONDA_ENV_PREFIX>/lib/python3.11/site-packages/rdkit/Chem/rdchem.so
25# 0x00007F5FC393CAAD in <CONDA_ENV_PREFIX>/lib/python3.11/site-packages/rdkit/Chem/rdchem.so
26# 0x00007F5FC3FB1E54 in <CONDA_ENV_PREFIX>/lib/python3.11/site-packages/rdkit/rdBase.so
27# 0x00007F5FC3FB1EA4 in <CONDA_ENV_PREFIX>/lib/python3.11/site-packages/rdkit/rdBase.so
28# 0x00007F5FC3FB1EF4 in <CONDA_ENV_PREFIX>/lib/python3.11/site-packages/rdkit/rdBase.so
29# 0x00007F5FC3FB1F44 in <CONDA_ENV_PREFIX>/lib/python3.11/site-packages/rdkit/rdBase.so
30# boost::python::handle_exception_impl(boost::function_n<void>) in <CONDA_ENV_PREFIX>/lib/python3.11/site-packages/rdkit/../../../libboost_python311.so.1.86.0
31# 0x00007F5FC3EDA9B3 in <CONDA_ENV_PREFIX>/lib/python3.11/site-packages/rdkit/../../../libboost_python311.so.1.86.0
32# _PyObject_MakeTpCall in <CONDA_ENV_PREFIX>/bin/python
33# _PyEval_EvalFrameDefault in <CONDA_ENV_PREFIX>/bin/python
34# _PyFunction_Vectorcall in <CONDA_ENV_PREFIX>/bin/python
35# 0x00005637EFF5CC50 in <CONDA_ENV_PREFIX>/bin/python
36# 0x00005637EFE72745 in <CONDA_ENV_PREFIX>/bin/python
37# 0x00005637EFEA31AA in <CONDA_ENV_PREFIX>/bin/python
38# PyObject_Vectorcall in <CONDA_ENV_PREFIX>/bin/python
39# _PyEval_EvalFrameDefault in <CONDA_ENV_PREFIX>/bin/python
40# _PyFunction_Vectorcall in <CONDA_ENV_PREFIX>/bin/python
41# _PyEval_EvalFrameDefault in <CONDA_ENV_PREFIX>/bin/python
42# _PyFunction_Vectorcall in <CONDA_ENV_PREFIX>/bin/python
43# _PyEval_EvalFrameDefault in <CONDA_ENV_PREFIX>/bin/python
44# _PyFunction_Vectorcall in <CONDA_ENV_PREFIX>/bin/python
45# 0x00005637EFE5E979 in <CONDA_ENV_PREFIX>/bin/python
46# _PyObject_MakeTpCall in <CONDA_ENV_PREFIX>/bin/python
47# _PyEval_EvalFrameDefault in <CONDA_ENV_PREFIX>/bin/python
48# _PyFunction_Vectorcall in <CONDA_ENV_PREFIX>/bin/python
49# 0x00005637EFE5EA1D in <CONDA_ENV_PREFIX>/bin/python
50# _PyObject_MakeTpCall in <CONDA_ENV_PREFIX>/bin/python
51# _PyEval_EvalFrameDefault in <CONDA_ENV_PREFIX>/bin/python
52# 0x00005637EFEE9B0D in <CONDA_ENV_PREFIX>/bin/python
53# PyEval_EvalCode in <CONDA_ENV_PREFIX>/bin/python
54# 0x00005637EFF071AA in <CONDA_ENV_PREFIX>/bin/python
55# 0x00005637EFF02E33 in <CONDA_ENV_PREFIX>/bin/python
56# 0x00005637EFF183D0 in <CONDA_ENV_PREFIX>/bin/python
57# _PyRun_SimpleFileObject in <CONDA_ENV_PREFIX>/bin/python
58# _PyRun_AnyFileObject in <CONDA_ENV_PREFIX>/bin/python
59# Py_RunMain in <CONDA_ENV_PREFIX>/bin/python
60# Py_BytesMain in <CONDA_ENV_PREFIX>/bin/python
61# 0x00007F5FD2B61D90 in /lib/x86_64-linux-gnu/libc.so.6
62# __libc_start_main in /lib/x86_64-linux-gnu/libc.so.6
63# 0x00005637EFED937A in <CONDA_ENV_PREFIX>/bin/python
----------
****

[20:30:23] UFFTYPER: Unrecognized atom type: S_5+6 (2)
[20:30:23] UFFTYPER: Unrecognized atom type: S_5+6 (2)
[20:30:23] UFFTYPER: Unrecognized atom type: S_5+6 (2)
[20:30:23] 

****
Pre-condition Violation
bad params pointer
Violation occurred on line 79 in file /home/conda/feedstock_root/build_artifacts/rdkit-meta_1745736747213/work/Code/ForceField/UFF/AngleBend.cpp
Failed Expression: at2Params
----------
Stacktrace:
 0# Invar::Invariant::toString[abi:cxx11]() const in <CONDA_ENV_PREFIX>/lib/python3.11/site-packages/rdkit/../../../libRDKitRDGeneral.so.1
 1# Invar::operator<<(std::ostream&, Invar::Invariant const&) in <CONDA_ENV_PREFIX>/lib/python3.11/site-packages/rdkit/../../../libRDKitRDGeneral.so.1
 2# ForceFields::UFF::AngleBendContrib::AngleBendContrib(ForceFields::ForceField*, unsigned int, unsigned int, unsigned int, double, double, ForceFields::UFF::AtomicParams const*, ForceFields::UFF::AtomicParams const*, ForceFields::UFF::AtomicParams const*, unsigned int) in <CONDA_ENV_PREFIX>/lib/python3.11/site-packages/rdkit/ForceField/../../../../libRDKitForceField.so.1
 3# RDKit::UFF::Tools::addTrigonalBipyramidAngles(RDKit::Atom const*, RDKit::ROMol const&, int, std::vector<ForceFields::UFF::AtomicParams const*, std::allocator<ForceFields::UFF::AtomicParams const*> > const&, ForceFields::ForceField*) in <CONDA_ENV_PREFIX>/lib/python3.11/site-packages/rdkit/ForceField/../../../../libRDKitForceFieldHelpers.so.1
 4# RDKit::UFF::Tools::addAngleSpecialCases(RDKit::ROMol const&, int, std::vector<ForceFields::UFF::AtomicParams const*, std::allocator<ForceFields::UFF::AtomicParams const*> > const&, ForceFields::ForceField*) in <CONDA_ENV_PREFIX>/lib/python3.11/site-packages/rdkit/ForceField/../../../../libRDKitForceFieldHelpers.so.1
 5# RDKit::UFF::constructForceField(RDKit::ROMol&, std::vector<ForceFields::UFF::AtomicParams const*, std::allocator<ForceFields::UFF::AtomicParams const*> > const&, double, int, bool) in <CONDA_ENV_PREFIX>/lib/python3.11/site-packages/rdkit/ForceField/../../../../libRDKitForceFieldHelpers.so.1
 6# RDKit::UFF::constructForceField(RDKit::ROMol&, double, int, bool) in <CONDA_ENV_PREFIX>/lib/python3.11/site-packages/rdkit/ForceField/../../../../libRDKitForceFieldHelpers.so.1
 7# RDKit::UFFHelper(RDKit::ROMol&, int, double, int, bool) in <CONDA_ENV_PREFIX>/lib/python3.11/site-packages/rdkit/Chem/rdForceFieldHelpers.so
 8# 0x00007F5FC1F8403D in <CONDA_ENV_PREFIX>/lib/python3.11/site-packages/rdkit/Chem/rdForceFieldHelpers.so
 9# boost::python::objects::function::call(_object*, _object*) const in <CONDA_ENV_PREFIX>/lib/python3.11/site-packages/rdkit/../../../libboost_python311.so.1.86.0
10# 0x00007F5FC3EDD449 in <CONDA_ENV_PREFIX>/lib/python3.11/site-packages/rdkit/../../../libboost_python311.so.1.86.0
11# boost::python::detail::exception_handler::operator()(boost::function_n<void> const&) const in <CONDA_ENV_PREFIX>/lib/python3.11/site-packages/rdkit/../../../libboost_python311.so.1.86.0
12# 0x00007F5FC1C3DC04 in <CONDA_ENV_PREFIX>/lib/python3.11/site-packages/rdkit/Chem/rdSLNParse.so
13# 0x00007F5FC202B354 in <CONDA_ENV_PREFIX>/lib/python3.11/site-packages/rdkit/Chem/rdDepictor.so
14# 0x00007F5FC22C9DD4 in <CONDA_ENV_PREFIX>/lib/python3.11/site-packages/rdkit/Chem/rdChemReactions.so
15# 0x00007F5FC22C9E24 in <CONDA_ENV_PREFIX>/lib/python3.11/site-packages/rdkit/Chem/rdChemReactions.so
16# 0x00007F5FC2442B94 in <CONDA_ENV_PREFIX>/lib/python3.11/site-packages/rdkit/Chem/rdMolChemicalFeatures.so
17# 0x00007F5FC2EBA9B4 in <CONDA_ENV_PREFIX>/lib/python3.11/site-packages/rdkit/Chem/rdmolfiles.so
18# 0x00007F5FC2EBAA04 in <CONDA_ENV_PREFIX>/lib/python3.11/site-packages/rdkit/Chem/rdmolfiles.so
19# 0x00007F5FC2FD4B04 in <CONDA_ENV_PREFIX>/lib/python3.11/site-packages/rdkit/Chem/rdCIPLabeler.so
20# 0x00007F5FC39A9174 in <CONDA_ENV_PREFIX>/lib/python3.11/site-packages/rdkit/Chem/rdchem.so
21# 0x00007F5FC393DAAD in <CONDA_ENV_PREFIX>/lib/python3.11/site-packages/rdkit/Chem/rdchem.so
22# 0x00007F5FC393D6AD in <CONDA_ENV_PREFIX>/lib/python3.11/site-packages/rdkit/Chem/rdchem.so
23# 0x00007F5FC393D2AD in <CONDA_ENV_PREFIX>/lib/python3.11/site-packages/rdkit/Chem/rdchem.so
24# 0x00007F5FC393CEAD in <CONDA_ENV_PREFIX>/lib/python3.11/site-packages/rdkit/Chem/rdchem.so
25# 0x00007F5FC393CAAD in <CONDA_ENV_PREFIX>/lib/python3.11/site-packages/rdkit/Chem/rdchem.so
26# 0x00007F5FC3FB1E54 in <CONDA_ENV_PREFIX>/lib/python3.11/site-packages/rdkit/rdBase.so
27# 0x00007F5FC3FB1EA4 in <CONDA_ENV_PREFIX>/lib/python3.11/site-packages/rdkit/rdBase.so
28# 0x00007F5FC3FB1EF4 in <CONDA_ENV_PREFIX>/lib/python3.11/site-packages/rdkit/rdBase.so
29# 0x00007F5FC3FB1F44 in <CONDA_ENV_PREFIX>/lib/python3.11/site-packages/rdkit/rdBase.so
30# boost::python::handle_exception_impl(boost::function_n<void>) in <CONDA_ENV_PREFIX>/lib/python3.11/site-packages/rdkit/../../../libboost_python311.so.1.86.0
31# 0x00007F5FC3EDA9B3 in <CONDA_ENV_PREFIX>/lib/python3.11/site-packages/rdkit/../../../libboost_python311.so.1.86.0
32# _PyObject_MakeTpCall in <CONDA_ENV_PREFIX>/bin/python
33# _PyEval_EvalFrameDefault in <CONDA_ENV_PREFIX>/bin/python
34# _PyFunction_Vectorcall in <CONDA_ENV_PREFIX>/bin/python
35# 0x00005637EFF5CC50 in <CONDA_ENV_PREFIX>/bin/python
36# 0x00005637EFE72745 in <CONDA_ENV_PREFIX>/bin/python
37# 0x00005637EFEA31AA in <CONDA_ENV_PREFIX>/bin/python
38# PyObject_Vectorcall in <CONDA_ENV_PREFIX>/bin/python
39# _PyEval_EvalFrameDefault in <CONDA_ENV_PREFIX>/bin/python
40# _PyFunction_Vectorcall in <CONDA_ENV_PREFIX>/bin/python
41# _PyEval_EvalFrameDefault in <CONDA_ENV_PREFIX>/bin/python
42# _PyFunction_Vectorcall in <CONDA_ENV_PREFIX>/bin/python
43# _PyEval_EvalFrameDefault in <CONDA_ENV_PREFIX>/bin/python
44# _PyFunction_Vectorcall in <CONDA_ENV_PREFIX>/bin/python
45# 0x00005637EFE5E979 in <CONDA_ENV_PREFIX>/bin/python
46# _PyObject_MakeTpCall in <CONDA_ENV_PREFIX>/bin/python
47# _PyEval_EvalFrameDefault in <CONDA_ENV_PREFIX>/bin/python
48# _PyFunction_Vectorcall in <CONDA_ENV_PREFIX>/bin/python
49# 0x00005637EFE5EA1D in <CONDA_ENV_PREFIX>/bin/python
50# _PyObject_MakeTpCall in <CONDA_ENV_PREFIX>/bin/python
51# _PyEval_EvalFrameDefault in <CONDA_ENV_PREFIX>/bin/python
52# 0x00005637EFEE9B0D in <CONDA_ENV_PREFIX>/bin/python
53# PyEval_EvalCode in <CONDA_ENV_PREFIX>/bin/python
54# 0x00005637EFF071AA in <CONDA_ENV_PREFIX>/bin/python
55# 0x00005637EFF02E33 in <CONDA_ENV_PREFIX>/bin/python
56# 0x00005637EFF183D0 in <CONDA_ENV_PREFIX>/bin/python
57# _PyRun_SimpleFileObject in <CONDA_ENV_PREFIX>/bin/python
58# _PyRun_AnyFileObject in <CONDA_ENV_PREFIX>/bin/python
59# Py_RunMain in <CONDA_ENV_PREFIX>/bin/python
60# Py_BytesMain in <CONDA_ENV_PREFIX>/bin/python
61# 0x00007F5FD2B61D90 in /lib/x86_64-linux-gnu/libc.so.6
62# __libc_start_main in /lib/x86_64-linux-gnu/libc.so.6
63# 0x00005637EFED937A in <CONDA_ENV_PREFIX>/bin/python
----------
****

[20:30:23] UFFTYPER: Unrecognized atom type: S_5+6 (2)
[20:30:23] 

****
Pre-condition Violation
bad params pointer
Violation occurred on line 79 in file /home/conda/feedstock_root/build_artifacts/rdkit-meta_1745736747213/work/Code/ForceField/UFF/AngleBend.cpp
Failed Expression: at2Params
----------
Stacktrace:
 0# Invar::Invariant::toString[abi:cxx11]() const in <CONDA_ENV_PREFIX>/lib/python3.11/site-packages/rdkit/../../../libRDKitRDGeneral.so.1
 1# Invar::operator<<(std::ostream&, Invar::Invariant const&) in <CONDA_ENV_PREFIX>/lib/python3.11/site-packages/rdkit/../../../libRDKitRDGeneral.so.1
 2# ForceFields::UFF::AngleBendContrib::AngleBendContrib(ForceFields::ForceField*, unsigned int, unsigned int, unsigned int, double, double, ForceFields::UFF::AtomicParams const*, ForceFields::UFF::AtomicParams const*, ForceFields::UFF::AtomicParams const*, unsigned int) in <CONDA_ENV_PREFIX>/lib/python3.11/site-packages/rdkit/ForceField/../../../../libRDKitForceField.so.1
 3# RDKit::UFF::Tools::addTrigonalBipyramidAngles(RDKit::Atom const*, RDKit::ROMol const&, int, std::vector<ForceFields::UFF::AtomicParams const*, std::allocator<ForceFields::UFF::AtomicParams const*> > const&, ForceFields::ForceField*) in <CONDA_ENV_PREFIX>/lib/python3.11/site-packages/rdkit/ForceField/../../../../libRDKitForceFieldHelpers.so.1
 4# RDKit::UFF::Tools::addAngleSpecialCases(RDKit::ROMol const&, int, std::vector<ForceFields::UFF::AtomicParams const*, std::allocator<ForceFields::UFF::AtomicParams const*> > const&, ForceFields::ForceField*) in <CONDA_ENV_PREFIX>/lib/python3.11/site-packages/rdkit/ForceField/../../../../libRDKitForceFieldHelpers.so.1
 5# RDKit::UFF::constructForceField(RDKit::ROMol&, std::vector<ForceFields::UFF::AtomicParams const*, std::allocator<ForceFields::UFF::AtomicParams const*> > const&, double, int, bool) in <CONDA_ENV_PREFIX>/lib/python3.11/site-packages/rdkit/ForceField/../../../../libRDKitForceFieldHelpers.so.1
 6# RDKit::UFF::constructForceField(RDKit::ROMol&, double, int, bool) in <CONDA_ENV_PREFIX>/lib/python3.11/site-packages/rdkit/ForceField/../../../../libRDKitForceFieldHelpers.so.1
 7# RDKit::UFFHelper(RDKit::ROMol&, int, double, int, bool) in <CONDA_ENV_PREFIX>/lib/python3.11/site-packages/rdkit/Chem/rdForceFieldHelpers.so
 8# 0x00007F5FC1F8403D in <CONDA_ENV_PREFIX>/lib/python3.11/site-packages/rdkit/Chem/rdForceFieldHelpers.so
 9# boost::python::objects::function::call(_object*, _object*) const in <CONDA_ENV_PREFIX>/lib/python3.11/site-packages/rdkit/../../../libboost_python311.so.1.86.0
10# 0x00007F5FC3EDD449 in <CONDA_ENV_PREFIX>/lib/python3.11/site-packages/rdkit/../../../libboost_python311.so.1.86.0
11# boost::python::detail::exception_handler::operator()(boost::function_n<void> const&) const in <CONDA_ENV_PREFIX>/lib/python3.11/site-packages/rdkit/../../../libboost_python311.so.1.86.0
12# 0x00007F5FC1C3DC04 in <CONDA_ENV_PREFIX>/lib/python3.11/site-packages/rdkit/Chem/rdSLNParse.so
13# 0x00007F5FC202B354 in <CONDA_ENV_PREFIX>/lib/python3.11/site-packages/rdkit/Chem/rdDepictor.so
14# 0x00007F5FC22C9DD4 in <CONDA_ENV_PREFIX>/lib/python3.11/site-packages/rdkit/Chem/rdChemReactions.so
15# 0x00007F5FC22C9E24 in <CONDA_ENV_PREFIX>/lib/python3.11/site-packages/rdkit/Chem/rdChemReactions.so
16# 0x00007F5FC2442B94 in <CONDA_ENV_PREFIX>/lib/python3.11/site-packages/rdkit/Chem/rdMolChemicalFeatures.so
17# 0x00007F5FC2EBA9B4 in <CONDA_ENV_PREFIX>/lib/python3.11/site-packages/rdkit/Chem/rdmolfiles.so
18# 0x00007F5FC2EBAA04 in <CONDA_ENV_PREFIX>/lib/python3.11/site-packages/rdkit/Chem/rdmolfiles.so
19# 0x00007F5FC2FD4B04 in <CONDA_ENV_PREFIX>/lib/python3.11/site-packages/rdkit/Chem/rdCIPLabeler.so
20# 0x00007F5FC39A9174 in <CONDA_ENV_PREFIX>/lib/python3.11/site-packages/rdkit/Chem/rdchem.so
21# 0x00007F5FC393DAAD in <CONDA_ENV_PREFIX>/lib/python3.11/site-packages/rdkit/Chem/rdchem.so
22# 0x00007F5FC393D6AD in <CONDA_ENV_PREFIX>/lib/python3.11/site-packages/rdkit/Chem/rdchem.so
23# 0x00007F5FC393D2AD in <CONDA_ENV_PREFIX>/lib/python3.11/site-packages/rdkit/Chem/rdchem.so
24# 0x00007F5FC393CEAD in <CONDA_ENV_PREFIX>/lib/python3.11/site-packages/rdkit/Chem/rdchem.so
25# 0x00007F5FC393CAAD in <CONDA_ENV_PREFIX>/lib/python3.11/site-packages/rdkit/Chem/rdchem.so
26# 0x00007F5FC3FB1E54 in <CONDA_ENV_PREFIX>/lib/python3.11/site-packages/rdkit/rdBase.so
27# 0x00007F5FC3FB1EA4 in <CONDA_ENV_PREFIX>/lib/python3.11/site-packages/rdkit/rdBase.so
28# 0x00007F5FC3FB1EF4 in <CONDA_ENV_PREFIX>/lib/python3.11/site-packages/rdkit/rdBase.so
29# 0x00007F5FC3FB1F44 in <CONDA_ENV_PREFIX>/lib/python3.11/site-packages/rdkit/rdBase.so
30# boost::python::handle_exception_impl(boost::function_n<void>) in <CONDA_ENV_PREFIX>/lib/python3.11/site-packages/rdkit/../../../libboost_python311.so.1.86.0
31# 0x00007F5FC3EDA9B3 in <CONDA_ENV_PREFIX>/lib/python3.11/site-packages/rdkit/../../../libboost_python311.so.1.86.0
32# _PyObject_MakeTpCall in <CONDA_ENV_PREFIX>/bin/python
33# _PyEval_EvalFrameDefault in <CONDA_ENV_PREFIX>/bin/python
34# _PyFunction_Vectorcall in <CONDA_ENV_PREFIX>/bin/python
35# 0x00005637EFF5CC50 in <CONDA_ENV_PREFIX>/bin/python
36# 0x00005637EFE72745 in <CONDA_ENV_PREFIX>/bin/python
37# 0x00005637EFEA31AA in <CONDA_ENV_PREFIX>/bin/python
38# PyObject_Vectorcall in <CONDA_ENV_PREFIX>/bin/python
39# _PyEval_EvalFrameDefault in <CONDA_ENV_PREFIX>/bin/python
40# _PyFunction_Vectorcall in <CONDA_ENV_PREFIX>/bin/python
41# _PyEval_EvalFrameDefault in <CONDA_ENV_PREFIX>/bin/python
42# _PyFunction_Vectorcall in <CONDA_ENV_PREFIX>/bin/python
43# _PyEval_EvalFrameDefault in <CONDA_ENV_PREFIX>/bin/python
44# _PyFunction_Vectorcall in <CONDA_ENV_PREFIX>/bin/python
45# 0x00005637EFE5E979 in <CONDA_ENV_PREFIX>/bin/python
46# _PyObject_MakeTpCall in <CONDA_ENV_PREFIX>/bin/python
47# _PyEval_EvalFrameDefault in <CONDA_ENV_PREFIX>/bin/python
48# _PyFunction_Vectorcall in <CONDA_ENV_PREFIX>/bin/python
49# 0x00005637EFE5EA1D in <CONDA_ENV_PREFIX>/bin/python
50# _PyObject_MakeTpCall in <CONDA_ENV_PREFIX>/bin/python
51# _PyEval_EvalFrameDefault in <CONDA_ENV_PREFIX>/bin/python
52# 0x00005637EFEE9B0D in <CONDA_ENV_PREFIX>/bin/python
53# PyEval_EvalCode in <CONDA_ENV_PREFIX>/bin/python
54# 0x00005637EFF071AA in <CONDA_ENV_PREFIX>/bin/python
55# 0x00005637EFF02E33 in <CONDA_ENV_PREFIX>/bin/python
56# 0x00005637EFF183D0 in <CONDA_ENV_PREFIX>/bin/python
57# _PyRun_SimpleFileObject in <CONDA_ENV_PREFIX>/bin/python
58# _PyRun_AnyFileObject in <CONDA_ENV_PREFIX>/bin/python
59# Py_RunMain in <CONDA_ENV_PREFIX>/bin/python
60# Py_BytesMain in <CONDA_ENV_PREFIX>/bin/python
61# 0x00007F5FD2B61D90 in /lib/x86_64-linux-gnu/libc.so.6
62# __libc_start_main in /lib/x86_64-linux-gnu/libc.so.6
63# 0x00005637EFED937A in <CONDA_ENV_PREFIX>/bin/python
----------
****

[20:30:24] UFFTYPER: Unrecognized atom type: S_5+6 (2)
[20:30:24] UFFTYPER: Unrecognized atom type: S_5+6 (2)
[20:30:24] 

****
Pre-condition Violation
bad params pointer
Violation occurred on line 79 in file /home/conda/feedstock_root/build_artifacts/rdkit-meta_1745736747213/work/Code/ForceField/UFF/AngleBend.cpp
Failed Expression: at2Params
----------
Stacktrace:
 0# Invar::Invariant::toString[abi:cxx11]() const in <CONDA_ENV_PREFIX>/lib/python3.11/site-packages/rdkit/../../../libRDKitRDGeneral.so.1
 1# Invar::operator<<(std::ostream&, Invar::Invariant const&) in <CONDA_ENV_PREFIX>/lib/python3.11/site-packages/rdkit/../../../libRDKitRDGeneral.so.1
 2# ForceFields::UFF::AngleBendContrib::AngleBendContrib(ForceFields::ForceField*, unsigned int, unsigned int, unsigned int, double, double, ForceFields::UFF::AtomicParams const*, ForceFields::UFF::AtomicParams const*, ForceFields::UFF::AtomicParams const*, unsigned int) in <CONDA_ENV_PREFIX>/lib/python3.11/site-packages/rdkit/ForceField/../../../../libRDKitForceField.so.1
 3# RDKit::UFF::Tools::addTrigonalBipyramidAngles(RDKit::Atom const*, RDKit::ROMol const&, int, std::vector<ForceFields::UFF::AtomicParams const*, std::allocator<ForceFields::UFF::AtomicParams const*> > const&, ForceFields::ForceField*) in <CONDA_ENV_PREFIX>/lib/python3.11/site-packages/rdkit/ForceField/../../../../libRDKitForceFieldHelpers.so.1
 4# RDKit::UFF::Tools::addAngleSpecialCases(RDKit::ROMol const&, int, std::vector<ForceFields::UFF::AtomicParams const*, std::allocator<ForceFields::UFF::AtomicParams const*> > const&, ForceFields::ForceField*) in <CONDA_ENV_PREFIX>/lib/python3.11/site-packages/rdkit/ForceField/../../../../libRDKitForceFieldHelpers.so.1
 5# RDKit::UFF::constructForceField(RDKit::ROMol&, std::vector<ForceFields::UFF::AtomicParams const*, std::allocator<ForceFields::UFF::AtomicParams const*> > const&, double, int, bool) in <CONDA_ENV_PREFIX>/lib/python3.11/site-packages/rdkit/ForceField/../../../../libRDKitForceFieldHelpers.so.1
 6# RDKit::UFF::constructForceField(RDKit::ROMol&, double, int, bool) in <CONDA_ENV_PREFIX>/lib/python3.11/site-packages/rdkit/ForceField/../../../../libRDKitForceFieldHelpers.so.1
 7# RDKit::UFFHelper(RDKit::ROMol&, int, double, int, bool) in <CONDA_ENV_PREFIX>/lib/python3.11/site-packages/rdkit/Chem/rdForceFieldHelpers.so
 8# 0x00007F5FC1F8403D in <CONDA_ENV_PREFIX>/lib/python3.11/site-packages/rdkit/Chem/rdForceFieldHelpers.so
 9# boost::python::objects::function::call(_object*, _object*) const in <CONDA_ENV_PREFIX>/lib/python3.11/site-packages/rdkit/../../../libboost_python311.so.1.86.0
10# 0x00007F5FC3EDD449 in <CONDA_ENV_PREFIX>/lib/python3.11/site-packages/rdkit/../../../libboost_python311.so.1.86.0
11# boost::python::detail::exception_handler::operator()(boost::function_n<void> const&) const in <CONDA_ENV_PREFIX>/lib/python3.11/site-packages/rdkit/../../../libboost_python311.so.1.86.0
12# 0x00007F5FC1C3DC04 in <CONDA_ENV_PREFIX>/lib/python3.11/site-packages/rdkit/Chem/rdSLNParse.so
13# 0x00007F5FC202B354 in <CONDA_ENV_PREFIX>/lib/python3.11/site-packages/rdkit/Chem/rdDepictor.so
14# 0x00007F5FC22C9DD4 in <CONDA_ENV_PREFIX>/lib/python3.11/site-packages/rdkit/Chem/rdChemReactions.so
15# 0x00007F5FC22C9E24 in <CONDA_ENV_PREFIX>/lib/python3.11/site-packages/rdkit/Chem/rdChemReactions.so
16# 0x00007F5FC2442B94 in <CONDA_ENV_PREFIX>/lib/python3.11/site-packages/rdkit/Chem/rdMolChemicalFeatures.so
17# 0x00007F5FC2EBA9B4 in <CONDA_ENV_PREFIX>/lib/python3.11/site-packages/rdkit/Chem/rdmolfiles.so
18# 0x00007F5FC2EBAA04 in <CONDA_ENV_PREFIX>/lib/python3.11/site-packages/rdkit/Chem/rdmolfiles.so
19# 0x00007F5FC2FD4B04 in <CONDA_ENV_PREFIX>/lib/python3.11/site-packages/rdkit/Chem/rdCIPLabeler.so
20# 0x00007F5FC39A9174 in <CONDA_ENV_PREFIX>/lib/python3.11/site-packages/rdkit/Chem/rdchem.so
21# 0x00007F5FC393DAAD in <CONDA_ENV_PREFIX>/lib/python3.11/site-packages/rdkit/Chem/rdchem.so
22# 0x00007F5FC393D6AD in <CONDA_ENV_PREFIX>/lib/python3.11/site-packages/rdkit/Chem/rdchem.so
23# 0x00007F5FC393D2AD in <CONDA_ENV_PREFIX>/lib/python3.11/site-packages/rdkit/Chem/rdchem.so
24# 0x00007F5FC393CEAD in <CONDA_ENV_PREFIX>/lib/python3.11/site-packages/rdkit/Chem/rdchem.so
25# 0x00007F5FC393CAAD in <CONDA_ENV_PREFIX>/lib/python3.11/site-packages/rdkit/Chem/rdchem.so
26# 0x00007F5FC3FB1E54 in <CONDA_ENV_PREFIX>/lib/python3.11/site-packages/rdkit/rdBase.so
27# 0x00007F5FC3FB1EA4 in <CONDA_ENV_PREFIX>/lib/python3.11/site-packages/rdkit/rdBase.so
28# 0x00007F5FC3FB1EF4 in <CONDA_ENV_PREFIX>/lib/python3.11/site-packages/rdkit/rdBase.so
29# 0x00007F5FC3FB1F44 in <CONDA_ENV_PREFIX>/lib/python3.11/site-packages/rdkit/rdBase.so
30# boost::python::handle_exception_impl(boost::function_n<void>) in <CONDA_ENV_PREFIX>/lib/python3.11/site-packages/rdkit/../../../libboost_python311.so.1.86.0
31# 0x00007F5FC3EDA9B3 in <CONDA_ENV_PREFIX>/lib/python3.11/site-packages/rdkit/../../../libboost_python311.so.1.86.0
32# _PyObject_MakeTpCall in <CONDA_ENV_PREFIX>/bin/python
33# _PyEval_EvalFrameDefault in <CONDA_ENV_PREFIX>/bin/python
34# _PyFunction_Vectorcall in <CONDA_ENV_PREFIX>/bin/python
35# 0x00005637EFF5CC50 in <CONDA_ENV_PREFIX>/bin/python
36# 0x00005637EFE72745 in <CONDA_ENV_PREFIX>/bin/python
37# 0x00005637EFEA31AA in <CONDA_ENV_PREFIX>/bin/python
38# PyObject_Vectorcall in <CONDA_ENV_PREFIX>/bin/python
39# _PyEval_EvalFrameDefault in <CONDA_ENV_PREFIX>/bin/python
40# _PyFunction_Vectorcall in <CONDA_ENV_PREFIX>/bin/python
41# _PyEval_EvalFrameDefault in <CONDA_ENV_PREFIX>/bin/python
42# _PyFunction_Vectorcall in <CONDA_ENV_PREFIX>/bin/python
43# _PyEval_EvalFrameDefault in <CONDA_ENV_PREFIX>/bin/python
44# _PyFunction_Vectorcall in <CONDA_ENV_PREFIX>/bin/python
45# 0x00005637EFE5E979 in <CONDA_ENV_PREFIX>/bin/python
46# _PyObject_MakeTpCall in <CONDA_ENV_PREFIX>/bin/python
47# _PyEval_EvalFrameDefault in <CONDA_ENV_PREFIX>/bin/python
48# _PyFunction_Vectorcall in <CONDA_ENV_PREFIX>/bin/python
49# 0x00005637EFE5EA1D in <CONDA_ENV_PREFIX>/bin/python
50# _PyObject_MakeTpCall in <CONDA_ENV_PREFIX>/bin/python
51# _PyEval_EvalFrameDefault in <CONDA_ENV_PREFIX>/bin/python
52# 0x00005637EFEE9B0D in <CONDA_ENV_PREFIX>/bin/python
53# PyEval_EvalCode in <CONDA_ENV_PREFIX>/bin/python
54# 0x00005637EFF071AA in <CONDA_ENV_PREFIX>/bin/python
55# 0x00005637EFF02E33 in <CONDA_ENV_PREFIX>/bin/python
56# 0x00005637EFF183D0 in <CONDA_ENV_PREFIX>/bin/python
57# _PyRun_SimpleFileObject in <CONDA_ENV_PREFIX>/bin/python
58# _PyRun_AnyFileObject in <CONDA_ENV_PREFIX>/bin/python
59# Py_RunMain in <CONDA_ENV_PREFIX>/bin/python
60# Py_BytesMain in <CONDA_ENV_PREFIX>/bin/python
61# 0x00007F5FD2B61D90 in /lib/x86_64-linux-gnu/libc.so.6
62# __libc_start_main in /lib/x86_64-linux-gnu/libc.so.6
63# 0x00005637EFED937A in <CONDA_ENV_PREFIX>/bin/python
----------
****

[20:30:24] UFFTYPER: Unrecognized atom type: S_5+6 (12)
[20:30:24] UFFTYPER: Unrecognized atom type: S_5+6 (12)
[20:30:24] 

****
Pre-condition Violation
bad params pointer
Violation occurred on line 79 in file /home/conda/feedstock_root/build_artifacts/rdkit-meta_1745736747213/work/Code/ForceField/UFF/AngleBend.cpp
Failed Expression: at2Params
----------
Stacktrace:
 0# Invar::Invariant::toString[abi:cxx11]() const in <CONDA_ENV_PREFIX>/lib/python3.11/site-packages/rdkit/../../../libRDKitRDGeneral.so.1
 1# Invar::operator<<(std::ostream&, Invar::Invariant const&) in <CONDA_ENV_PREFIX>/lib/python3.11/site-packages/rdkit/../../../libRDKitRDGeneral.so.1
 2# ForceFields::UFF::AngleBendContrib::AngleBendContrib(ForceFields::ForceField*, unsigned int, unsigned int, unsigned int, double, double, ForceFields::UFF::AtomicParams const*, ForceFields::UFF::AtomicParams const*, ForceFields::UFF::AtomicParams const*, unsigned int) in <CONDA_ENV_PREFIX>/lib/python3.11/site-packages/rdkit/ForceField/../../../../libRDKitForceField.so.1
 3# RDKit::UFF::Tools::addTrigonalBipyramidAngles(RDKit::Atom const*, RDKit::ROMol const&, int, std::vector<ForceFields::UFF::AtomicParams const*, std::allocator<ForceFields::UFF::AtomicParams const*> > const&, ForceFields::ForceField*) in <CONDA_ENV_PREFIX>/lib/python3.11/site-packages/rdkit/ForceField/../../../../libRDKitForceFieldHelpers.so.1
 4# RDKit::UFF::Tools::addAngleSpecialCases(RDKit::ROMol const&, int, std::vector<ForceFields::UFF::AtomicParams const*, std::allocator<ForceFields::UFF::AtomicParams const*> > const&, ForceFields::ForceField*) in <CONDA_ENV_PREFIX>/lib/python3.11/site-packages/rdkit/ForceField/../../../../libRDKitForceFieldHelpers.so.1
 5# RDKit::UFF::constructForceField(RDKit::ROMol&, std::vector<ForceFields::UFF::AtomicParams const*, std::allocator<ForceFields::UFF::AtomicParams const*> > const&, double, int, bool) in <CONDA_ENV_PREFIX>/lib/python3.11/site-packages/rdkit/ForceField/../../../../libRDKitForceFieldHelpers.so.1
 6# RDKit::UFF::constructForceField(RDKit::ROMol&, double, int, bool) in <CONDA_ENV_PREFIX>/lib/python3.11/site-packages/rdkit/ForceField/../../../../libRDKitForceFieldHelpers.so.1
 7# RDKit::UFFHelper(RDKit::ROMol&, int, double, int, bool) in <CONDA_ENV_PREFIX>/lib/python3.11/site-packages/rdkit/Chem/rdForceFieldHelpers.so
 8# 0x00007F5FC1F8403D in <CONDA_ENV_PREFIX>/lib/python3.11/site-packages/rdkit/Chem/rdForceFieldHelpers.so
 9# boost::python::objects::function::call(_object*, _object*) const in <CONDA_ENV_PREFIX>/lib/python3.11/site-packages/rdkit/../../../libboost_python311.so.1.86.0
10# 0x00007F5FC3EDD449 in <CONDA_ENV_PREFIX>/lib/python3.11/site-packages/rdkit/../../../libboost_python311.so.1.86.0
11# boost::python::detail::exception_handler::operator()(boost::function_n<void> const&) const in <CONDA_ENV_PREFIX>/lib/python3.11/site-packages/rdkit/../../../libboost_python311.so.1.86.0
12# 0x00007F5FC1C3DC04 in <CONDA_ENV_PREFIX>/lib/python3.11/site-packages/rdkit/Chem/rdSLNParse.so
13# 0x00007F5FC202B354 in <CONDA_ENV_PREFIX>/lib/python3.11/site-packages/rdkit/Chem/rdDepictor.so
14# 0x00007F5FC22C9DD4 in <CONDA_ENV_PREFIX>/lib/python3.11/site-packages/rdkit/Chem/rdChemReactions.so
15# 0x00007F5FC22C9E24 in <CONDA_ENV_PREFIX>/lib/python3.11/site-packages/rdkit/Chem/rdChemReactions.so
16# 0x00007F5FC2442B94 in <CONDA_ENV_PREFIX>/lib/python3.11/site-packages/rdkit/Chem/rdMolChemicalFeatures.so
17# 0x00007F5FC2EBA9B4 in <CONDA_ENV_PREFIX>/lib/python3.11/site-packages/rdkit/Chem/rdmolfiles.so
18# 0x00007F5FC2EBAA04 in <CONDA_ENV_PREFIX>/lib/python3.11/site-packages/rdkit/Chem/rdmolfiles.so
19# 0x00007F5FC2FD4B04 in <CONDA_ENV_PREFIX>/lib/python3.11/site-packages/rdkit/Chem/rdCIPLabeler.so
20# 0x00007F5FC39A9174 in <CONDA_ENV_PREFIX>/lib/python3.11/site-packages/rdkit/Chem/rdchem.so
21# 0x00007F5FC393DAAD in <CONDA_ENV_PREFIX>/lib/python3.11/site-packages/rdkit/Chem/rdchem.so
22# 0x00007F5FC393D6AD in <CONDA_ENV_PREFIX>/lib/python3.11/site-packages/rdkit/Chem/rdchem.so
23# 0x00007F5FC393D2AD in <CONDA_ENV_PREFIX>/lib/python3.11/site-packages/rdkit/Chem/rdchem.so
24# 0x00007F5FC393CEAD in <CONDA_ENV_PREFIX>/lib/python3.11/site-packages/rdkit/Chem/rdchem.so
25# 0x00007F5FC393CAAD in <CONDA_ENV_PREFIX>/lib/python3.11/site-packages/rdkit/Chem/rdchem.so
26# 0x00007F5FC3FB1E54 in <CONDA_ENV_PREFIX>/lib/python3.11/site-packages/rdkit/rdBase.so
27# 0x00007F5FC3FB1EA4 in <CONDA_ENV_PREFIX>/lib/python3.11/site-packages/rdkit/rdBase.so
28# 0x00007F5FC3FB1EF4 in <CONDA_ENV_PREFIX>/lib/python3.11/site-packages/rdkit/rdBase.so
29# 0x00007F5FC3FB1F44 in <CONDA_ENV_PREFIX>/lib/python3.11/site-packages/rdkit/rdBase.so
30# boost::python::handle_exception_impl(boost::function_n<void>) in <CONDA_ENV_PREFIX>/lib/python3.11/site-packages/rdkit/../../../libboost_python311.so.1.86.0
31# 0x00007F5FC3EDA9B3 in <CONDA_ENV_PREFIX>/lib/python3.11/site-packages/rdkit/../../../libboost_python311.so.1.86.0
32# _PyObject_MakeTpCall in <CONDA_ENV_PREFIX>/bin/python
33# _PyEval_EvalFrameDefault in <CONDA_ENV_PREFIX>/bin/python
34# _PyFunction_Vectorcall in <CONDA_ENV_PREFIX>/bin/python
35# 0x00005637EFF5CC50 in <CONDA_ENV_PREFIX>/bin/python
36# 0x00005637EFE72745 in <CONDA_ENV_PREFIX>/bin/python
37# 0x00005637EFEA31AA in <CONDA_ENV_PREFIX>/bin/python
38# PyObject_Vectorcall in <CONDA_ENV_PREFIX>/bin/python
39# _PyEval_EvalFrameDefault in <CONDA_ENV_PREFIX>/bin/python
40# _PyFunction_Vectorcall in <CONDA_ENV_PREFIX>/bin/python
41# _PyEval_EvalFrameDefault in <CONDA_ENV_PREFIX>/bin/python
42# _PyFunction_Vectorcall in <CONDA_ENV_PREFIX>/bin/python
43# _PyEval_EvalFrameDefault in <CONDA_ENV_PREFIX>/bin/python
44# _PyFunction_Vectorcall in <CONDA_ENV_PREFIX>/bin/python
45# 0x00005637EFE5E979 in <CONDA_ENV_PREFIX>/bin/python
46# _PyObject_MakeTpCall in <CONDA_ENV_PREFIX>/bin/python
47# _PyEval_EvalFrameDefault in <CONDA_ENV_PREFIX>/bin/python
48# _PyFunction_Vectorcall in <CONDA_ENV_PREFIX>/bin/python
49# 0x00005637EFE5EA1D in <CONDA_ENV_PREFIX>/bin/python
50# _PyObject_MakeTpCall in <CONDA_ENV_PREFIX>/bin/python
51# _PyEval_EvalFrameDefault in <CONDA_ENV_PREFIX>/bin/python
52# 0x00005637EFEE9B0D in <CONDA_ENV_PREFIX>/bin/python
53# PyEval_EvalCode in <CONDA_ENV_PREFIX>/bin/python
54# 0x00005637EFF071AA in <CONDA_ENV_PREFIX>/bin/python
55# 0x00005637EFF02E33 in <CONDA_ENV_PREFIX>/bin/python
56# 0x00005637EFF183D0 in <CONDA_ENV_PREFIX>/bin/python
57# _PyRun_SimpleFileObject in <CONDA_ENV_PREFIX>/bin/python
58# _PyRun_AnyFileObject in <CONDA_ENV_PREFIX>/bin/python
59# Py_RunMain in <CONDA_ENV_PREFIX>/bin/python
60# Py_BytesMain in <CONDA_ENV_PREFIX>/bin/python
61# 0x00007F5FD2B61D90 in /lib/x86_64-linux-gnu/libc.so.6
62# __libc_start_main in /lib/x86_64-linux-gnu/libc.so.6
63# 0x00005637EFED937A in <CONDA_ENV_PREFIX>/bin/python
----------
****

[20:30:24] UFFTYPER: Unrecognized atom type: S_5+6 (14)
[20:30:24] UFFTYPER: Unrecognized atom type: S_5+6 (14)
[20:30:24] 

****
Pre-condition Violation
bad params pointer
Violation occurred on line 79 in file /home/conda/feedstock_root/build_artifacts/rdkit-meta_1745736747213/work/Code/ForceField/UFF/AngleBend.cpp
Failed Expression: at2Params
----------
Stacktrace:
 0# Invar::Invariant::toString[abi:cxx11]() const in <CONDA_ENV_PREFIX>/lib/python3.11/site-packages/rdkit/../../../libRDKitRDGeneral.so.1
 1# Invar::operator<<(std::ostream&, Invar::Invariant const&) in <CONDA_ENV_PREFIX>/lib/python3.11/site-packages/rdkit/../../../libRDKitRDGeneral.so.1
 2# ForceFields::UFF::AngleBendContrib::AngleBendContrib(ForceFields::ForceField*, unsigned int, unsigned int, unsigned int, double, double, ForceFields::UFF::AtomicParams const*, ForceFields::UFF::AtomicParams const*, ForceFields::UFF::AtomicParams const*, unsigned int) in <CONDA_ENV_PREFIX>/lib/python3.11/site-packages/rdkit/ForceField/../../../../libRDKitForceField.so.1
 3# RDKit::UFF::Tools::addTrigonalBipyramidAngles(RDKit::Atom const*, RDKit::ROMol const&, int, std::vector<ForceFields::UFF::AtomicParams const*, std::allocator<ForceFields::UFF::AtomicParams const*> > const&, ForceFields::ForceField*) in <CONDA_ENV_PREFIX>/lib/python3.11/site-packages/rdkit/ForceField/../../../../libRDKitForceFieldHelpers.so.1
 4# RDKit::UFF::Tools::addAngleSpecialCases(RDKit::ROMol const&, int, std::vector<ForceFields::UFF::AtomicParams const*, std::allocator<ForceFields::UFF::AtomicParams const*> > const&, ForceFields::ForceField*) in <CONDA_ENV_PREFIX>/lib/python3.11/site-packages/rdkit/ForceField/../../../../libRDKitForceFieldHelpers.so.1
 5# RDKit::UFF::constructForceField(RDKit::ROMol&, std::vector<ForceFields::UFF::AtomicParams const*, std::allocator<ForceFields::UFF::AtomicParams const*> > const&, double, int, bool) in <CONDA_ENV_PREFIX>/lib/python3.11/site-packages/rdkit/ForceField/../../../../libRDKitForceFieldHelpers.so.1
 6# RDKit::UFF::constructForceField(RDKit::ROMol&, double, int, bool) in <CONDA_ENV_PREFIX>/lib/python3.11/site-packages/rdkit/ForceField/../../../../libRDKitForceFieldHelpers.so.1
 7# RDKit::UFFHelper(RDKit::ROMol&, int, double, int, bool) in <CONDA_ENV_PREFIX>/lib/python3.11/site-packages/rdkit/Chem/rdForceFieldHelpers.so
 8# 0x00007F5FC1F8403D in <CONDA_ENV_PREFIX>/lib/python3.11/site-packages/rdkit/Chem/rdForceFieldHelpers.so
 9# boost::python::objects::function::call(_object*, _object*) const in <CONDA_ENV_PREFIX>/lib/python3.11/site-packages/rdkit/../../../libboost_python311.so.1.86.0
10# 0x00007F5FC3EDD449 in <CONDA_ENV_PREFIX>/lib/python3.11/site-packages/rdkit/../../../libboost_python311.so.1.86.0
11# boost::python::detail::exception_handler::operator()(boost::function_n<void> const&) const in <CONDA_ENV_PREFIX>/lib/python3.11/site-packages/rdkit/../../../libboost_python311.so.1.86.0
12# 0x00007F5FC1C3DC04 in <CONDA_ENV_PREFIX>/lib/python3.11/site-packages/rdkit/Chem/rdSLNParse.so
13# 0x00007F5FC202B354 in <CONDA_ENV_PREFIX>/lib/python3.11/site-packages/rdkit/Chem/rdDepictor.so
14# 0x00007F5FC22C9DD4 in <CONDA_ENV_PREFIX>/lib/python3.11/site-packages/rdkit/Chem/rdChemReactions.so
15# 0x00007F5FC22C9E24 in <CONDA_ENV_PREFIX>/lib/python3.11/site-packages/rdkit/Chem/rdChemReactions.so
16# 0x00007F5FC2442B94 in <CONDA_ENV_PREFIX>/lib/python3.11/site-packages/rdkit/Chem/rdMolChemicalFeatures.so
17# 0x00007F5FC2EBA9B4 in <CONDA_ENV_PREFIX>/lib/python3.11/site-packages/rdkit/Chem/rdmolfiles.so
18# 0x00007F5FC2EBAA04 in <CONDA_ENV_PREFIX>/lib/python3.11/site-packages/rdkit/Chem/rdmolfiles.so
19# 0x00007F5FC2FD4B04 in <CONDA_ENV_PREFIX>/lib/python3.11/site-packages/rdkit/Chem/rdCIPLabeler.so
20# 0x00007F5FC39A9174 in <CONDA_ENV_PREFIX>/lib/python3.11/site-packages/rdkit/Chem/rdchem.so
21# 0x00007F5FC393DAAD in <CONDA_ENV_PREFIX>/lib/python3.11/site-packages/rdkit/Chem/rdchem.so
22# 0x00007F5FC393D6AD in <CONDA_ENV_PREFIX>/lib/python3.11/site-packages/rdkit/Chem/rdchem.so
23# 0x00007F5FC393D2AD in <CONDA_ENV_PREFIX>/lib/python3.11/site-packages/rdkit/Chem/rdchem.so
24# 0x00007F5FC393CEAD in <CONDA_ENV_PREFIX>/lib/python3.11/site-packages/rdkit/Chem/rdchem.so
25# 0x00007F5FC393CAAD in <CONDA_ENV_PREFIX>/lib/python3.11/site-packages/rdkit/Chem/rdchem.so
26# 0x00007F5FC3FB1E54 in <CONDA_ENV_PREFIX>/lib/python3.11/site-packages/rdkit/rdBase.so
27# 0x00007F5FC3FB1EA4 in <CONDA_ENV_PREFIX>/lib/python3.11/site-packages/rdkit/rdBase.so
28# 0x00007F5FC3FB1EF4 in <CONDA_ENV_PREFIX>/lib/python3.11/site-packages/rdkit/rdBase.so
29# 0x00007F5FC3FB1F44 in <CONDA_ENV_PREFIX>/lib/python3.11/site-packages/rdkit/rdBase.so
30# boost::python::handle_exception_impl(boost::function_n<void>) in <CONDA_ENV_PREFIX>/lib/python3.11/site-packages/rdkit/../../../libboost_python311.so.1.86.0
31# 0x00007F5FC3EDA9B3 in <CONDA_ENV_PREFIX>/lib/python3.11/site-packages/rdkit/../../../libboost_python311.so.1.86.0
32# _PyObject_MakeTpCall in <CONDA_ENV_PREFIX>/bin/python
33# _PyEval_EvalFrameDefault in <CONDA_ENV_PREFIX>/bin/python
34# _PyFunction_Vectorcall in <CONDA_ENV_PREFIX>/bin/python
35# 0x00005637EFF5CC50 in <CONDA_ENV_PREFIX>/bin/python
36# 0x00005637EFE72745 in <CONDA_ENV_PREFIX>/bin/python
37# 0x00005637EFEA31AA in <CONDA_ENV_PREFIX>/bin/python
38# PyObject_Vectorcall in <CONDA_ENV_PREFIX>/bin/python
39# _PyEval_EvalFrameDefault in <CONDA_ENV_PREFIX>/bin/python
40# _PyFunction_Vectorcall in <CONDA_ENV_PREFIX>/bin/python
41# _PyEval_EvalFrameDefault in <CONDA_ENV_PREFIX>/bin/python
42# _PyFunction_Vectorcall in <CONDA_ENV_PREFIX>/bin/python
43# _PyEval_EvalFrameDefault in <CONDA_ENV_PREFIX>/bin/python
44# _PyFunction_Vectorcall in <CONDA_ENV_PREFIX>/bin/python
45# 0x00005637EFE5E979 in <CONDA_ENV_PREFIX>/bin/python
46# _PyObject_MakeTpCall in <CONDA_ENV_PREFIX>/bin/python
47# _PyEval_EvalFrameDefault in <CONDA_ENV_PREFIX>/bin/python
48# _PyFunction_Vectorcall in <CONDA_ENV_PREFIX>/bin/python
49# 0x00005637EFE5EA1D in <CONDA_ENV_PREFIX>/bin/python
50# _PyObject_MakeTpCall in <CONDA_ENV_PREFIX>/bin/python
51# _PyEval_EvalFrameDefault in <CONDA_ENV_PREFIX>/bin/python
52# 0x00005637EFEE9B0D in <CONDA_ENV_PREFIX>/bin/python
53# PyEval_EvalCode in <CONDA_ENV_PREFIX>/bin/python
54# 0x00005637EFF071AA in <CONDA_ENV_PREFIX>/bin/python
55# 0x00005637EFF02E33 in <CONDA_ENV_PREFIX>/bin/python
56# 0x00005637EFF183D0 in <CONDA_ENV_PREFIX>/bin/python
57# _PyRun_SimpleFileObject in <CONDA_ENV_PREFIX>/bin/python
58# _PyRun_AnyFileObject in <CONDA_ENV_PREFIX>/bin/python
59# Py_RunMain in <CONDA_ENV_PREFIX>/bin/python
60# Py_BytesMain in <CONDA_ENV_PREFIX>/bin/python
61# 0x00007F5FD2B61D90 in /lib/x86_64-linux-gnu/libc.so.6
62# __libc_start_main in /lib/x86_64-linux-gnu/libc.so.6
63# 0x00005637EFED937A in <CONDA_ENV_PREFIX>/bin/python
----------
****

[20:30:25] UFFTYPER: Unrecognized atom type: S_5+6 (14)
[20:30:25] UFFTYPER: Unrecognized atom type: S_5+6 (14)
[20:30:25] 

****
Pre-condition Violation
bad params pointer
Violation occurred on line 79 in file /home/conda/feedstock_root/build_artifacts/rdkit-meta_1745736747213/work/Code/ForceField/UFF/AngleBend.cpp
Failed Expression: at2Params
----------
Stacktrace:
 0# Invar::Invariant::toString[abi:cxx11]() const in <CONDA_ENV_PREFIX>/lib/python3.11/site-packages/rdkit/../../../libRDKitRDGeneral.so.1
 1# Invar::operator<<(std::ostream&, Invar::Invariant const&) in <CONDA_ENV_PREFIX>/lib/python3.11/site-packages/rdkit/../../../libRDKitRDGeneral.so.1
 2# ForceFields::UFF::AngleBendContrib::AngleBendContrib(ForceFields::ForceField*, unsigned int, unsigned int, unsigned int, double, double, ForceFields::UFF::AtomicParams const*, ForceFields::UFF::AtomicParams const*, ForceFields::UFF::AtomicParams const*, unsigned int) in <CONDA_ENV_PREFIX>/lib/python3.11/site-packages/rdkit/ForceField/../../../../libRDKitForceField.so.1
 3# RDKit::UFF::Tools::addTrigonalBipyramidAngles(RDKit::Atom const*, RDKit::ROMol const&, int, std::vector<ForceFields::UFF::AtomicParams const*, std::allocator<ForceFields::UFF::AtomicParams const*> > const&, ForceFields::ForceField*) in <CONDA_ENV_PREFIX>/lib/python3.11/site-packages/rdkit/ForceField/../../../../libRDKitForceFieldHelpers.so.1
 4# RDKit::UFF::Tools::addAngleSpecialCases(RDKit::ROMol const&, int, std::vector<ForceFields::UFF::AtomicParams const*, std::allocator<ForceFields::UFF::AtomicParams const*> > const&, ForceFields::ForceField*) in <CONDA_ENV_PREFIX>/lib/python3.11/site-packages/rdkit/ForceField/../../../../libRDKitForceFieldHelpers.so.1
 5# RDKit::UFF::constructForceField(RDKit::ROMol&, std::vector<ForceFields::UFF::AtomicParams const*, std::allocator<ForceFields::UFF::AtomicParams const*> > const&, double, int, bool) in <CONDA_ENV_PREFIX>/lib/python3.11/site-packages/rdkit/ForceField/../../../../libRDKitForceFieldHelpers.so.1
 6# RDKit::UFF::constructForceField(RDKit::ROMol&, double, int, bool) in <CONDA_ENV_PREFIX>/lib/python3.11/site-packages/rdkit/ForceField/../../../../libRDKitForceFieldHelpers.so.1
 7# RDKit::UFFHelper(RDKit::ROMol&, int, double, int, bool) in <CONDA_ENV_PREFIX>/lib/python3.11/site-packages/rdkit/Chem/rdForceFieldHelpers.so
 8# 0x00007F5FC1F8403D in <CONDA_ENV_PREFIX>/lib/python3.11/site-packages/rdkit/Chem/rdForceFieldHelpers.so
 9# boost::python::objects::function::call(_object*, _object*) const in <CONDA_ENV_PREFIX>/lib/python3.11/site-packages/rdkit/../../../libboost_python311.so.1.86.0
10# 0x00007F5FC3EDD449 in <CONDA_ENV_PREFIX>/lib/python3.11/site-packages/rdkit/../../../libboost_python311.so.1.86.0
11# boost::python::detail::exception_handler::operator()(boost::function_n<void> const&) const in <CONDA_ENV_PREFIX>/lib/python3.11/site-packages/rdkit/../../../libboost_python311.so.1.86.0
12# 0x00007F5FC1C3DC04 in <CONDA_ENV_PREFIX>/lib/python3.11/site-packages/rdkit/Chem/rdSLNParse.so
13# 0x00007F5FC202B354 in <CONDA_ENV_PREFIX>/lib/python3.11/site-packages/rdkit/Chem/rdDepictor.so
14# 0x00007F5FC22C9DD4 in <CONDA_ENV_PREFIX>/lib/python3.11/site-packages/rdkit/Chem/rdChemReactions.so
15# 0x00007F5FC22C9E24 in <CONDA_ENV_PREFIX>/lib/python3.11/site-packages/rdkit/Chem/rdChemReactions.so
16# 0x00007F5FC2442B94 in <CONDA_ENV_PREFIX>/lib/python3.11/site-packages/rdkit/Chem/rdMolChemicalFeatures.so
17# 0x00007F5FC2EBA9B4 in <CONDA_ENV_PREFIX>/lib/python3.11/site-packages/rdkit/Chem/rdmolfiles.so
18# 0x00007F5FC2EBAA04 in <CONDA_ENV_PREFIX>/lib/python3.11/site-packages/rdkit/Chem/rdmolfiles.so
19# 0x00007F5FC2FD4B04 in <CONDA_ENV_PREFIX>/lib/python3.11/site-packages/rdkit/Chem/rdCIPLabeler.so
20# 0x00007F5FC39A9174 in <CONDA_ENV_PREFIX>/lib/python3.11/site-packages/rdkit/Chem/rdchem.so
21# 0x00007F5FC393DAAD in <CONDA_ENV_PREFIX>/lib/python3.11/site-packages/rdkit/Chem/rdchem.so
22# 0x00007F5FC393D6AD in <CONDA_ENV_PREFIX>/lib/python3.11/site-packages/rdkit/Chem/rdchem.so
23# 0x00007F5FC393D2AD in <CONDA_ENV_PREFIX>/lib/python3.11/site-packages/rdkit/Chem/rdchem.so
24# 0x00007F5FC393CEAD in <CONDA_ENV_PREFIX>/lib/python3.11/site-packages/rdkit/Chem/rdchem.so
25# 0x00007F5FC393CAAD in <CONDA_ENV_PREFIX>/lib/python3.11/site-packages/rdkit/Chem/rdchem.so
26# 0x00007F5FC3FB1E54 in <CONDA_ENV_PREFIX>/lib/python3.11/site-packages/rdkit/rdBase.so
27# 0x00007F5FC3FB1EA4 in <CONDA_ENV_PREFIX>/lib/python3.11/site-packages/rdkit/rdBase.so
28# 0x00007F5FC3FB1EF4 in <CONDA_ENV_PREFIX>/lib/python3.11/site-packages/rdkit/rdBase.so
29# 0x00007F5FC3FB1F44 in <CONDA_ENV_PREFIX>/lib/python3.11/site-packages/rdkit/rdBase.so
30# boost::python::handle_exception_impl(boost::function_n<void>) in <CONDA_ENV_PREFIX>/lib/python3.11/site-packages/rdkit/../../../libboost_python311.so.1.86.0
31# 0x00007F5FC3EDA9B3 in <CONDA_ENV_PREFIX>/lib/python3.11/site-packages/rdkit/../../../libboost_python311.so.1.86.0
32# _PyObject_MakeTpCall in <CONDA_ENV_PREFIX>/bin/python
33# _PyEval_EvalFrameDefault in <CONDA_ENV_PREFIX>/bin/python
34# _PyFunction_Vectorcall in <CONDA_ENV_PREFIX>/bin/python
35# 0x00005637EFF5CC50 in <CONDA_ENV_PREFIX>/bin/python
36# 0x00005637EFE72745 in <CONDA_ENV_PREFIX>/bin/python
37# 0x00005637EFEA31AA in <CONDA_ENV_PREFIX>/bin/python
38# PyObject_Vectorcall in <CONDA_ENV_PREFIX>/bin/python
39# _PyEval_EvalFrameDefault in <CONDA_ENV_PREFIX>/bin/python
40# _PyFunction_Vectorcall in <CONDA_ENV_PREFIX>/bin/python
41# _PyEval_EvalFrameDefault in <CONDA_ENV_PREFIX>/bin/python
42# _PyFunction_Vectorcall in <CONDA_ENV_PREFIX>/bin/python
43# _PyEval_EvalFrameDefault in <CONDA_ENV_PREFIX>/bin/python
44# _PyFunction_Vectorcall in <CONDA_ENV_PREFIX>/bin/python
45# 0x00005637EFE5E979 in <CONDA_ENV_PREFIX>/bin/python
46# _PyObject_MakeTpCall in <CONDA_ENV_PREFIX>/bin/python
47# _PyEval_EvalFrameDefault in <CONDA_ENV_PREFIX>/bin/python
48# _PyFunction_Vectorcall in <CONDA_ENV_PREFIX>/bin/python
49# 0x00005637EFE5EA1D in <CONDA_ENV_PREFIX>/bin/python
50# _PyObject_MakeTpCall in <CONDA_ENV_PREFIX>/bin/python
51# _PyEval_EvalFrameDefault in <CONDA_ENV_PREFIX>/bin/python
52# 0x00005637EFEE9B0D in <CONDA_ENV_PREFIX>/bin/python
53# PyEval_EvalCode in <CONDA_ENV_PREFIX>/bin/python
54# 0x00005637EFF071AA in <CONDA_ENV_PREFIX>/bin/python
55# 0x00005637EFF02E33 in <CONDA_ENV_PREFIX>/bin/python
56# 0x00005637EFF183D0 in <CONDA_ENV_PREFIX>/bin/python
57# _PyRun_SimpleFileObject in <CONDA_ENV_PREFIX>/bin/python
58# _PyRun_AnyFileObject in <CONDA_ENV_PREFIX>/bin/python
59# Py_RunMain in <CONDA_ENV_PREFIX>/bin/python
60# Py_BytesMain in <CONDA_ENV_PREFIX>/bin/python
61# 0x00007F5FD2B61D90 in /lib/x86_64-linux-gnu/libc.so.6
62# __libc_start_main in /lib/x86_64-linux-gnu/libc.so.6
63# 0x00005637EFED937A in <CONDA_ENV_PREFIX>/bin/python
----------
****

[20:30:25] UFFTYPER: Unrecognized atom type: S_5+6 (2)
[20:30:25] UFFTYPER: Unrecognized atom type: S_5+6 (2)
[20:30:25] 

****
Pre-condition Violation
bad params pointer
Violation occurred on line 79 in file /home/conda/feedstock_root/build_artifacts/rdkit-meta_1745736747213/work/Code/ForceField/UFF/AngleBend.cpp
Failed Expression: at2Params
----------
Stacktrace:
 0# Invar::Invariant::toString[abi:cxx11]() const in <CONDA_ENV_PREFIX>/lib/python3.11/site-packages/rdkit/../../../libRDKitRDGeneral.so.1
 1# Invar::operator<<(std::ostream&, Invar::Invariant const&) in <CONDA_ENV_PREFIX>/lib/python3.11/site-packages/rdkit/../../../libRDKitRDGeneral.so.1
 2# ForceFields::UFF::AngleBendContrib::AngleBendContrib(ForceFields::ForceField*, unsigned int, unsigned int, unsigned int, double, double, ForceFields::UFF::AtomicParams const*, ForceFields::UFF::AtomicParams const*, ForceFields::UFF::AtomicParams const*, unsigned int) in <CONDA_ENV_PREFIX>/lib/python3.11/site-packages/rdkit/ForceField/../../../../libRDKitForceField.so.1
 3# RDKit::UFF::Tools::addTrigonalBipyramidAngles(RDKit::Atom const*, RDKit::ROMol const&, int, std::vector<ForceFields::UFF::AtomicParams const*, std::allocator<ForceFields::UFF::AtomicParams const*> > const&, ForceFields::ForceField*) in <CONDA_ENV_PREFIX>/lib/python3.11/site-packages/rdkit/ForceField/../../../../libRDKitForceFieldHelpers.so.1
 4# RDKit::UFF::Tools::addAngleSpecialCases(RDKit::ROMol const&, int, std::vector<ForceFields::UFF::AtomicParams const*, std::allocator<ForceFields::UFF::AtomicParams const*> > const&, ForceFields::ForceField*) in <CONDA_ENV_PREFIX>/lib/python3.11/site-packages/rdkit/ForceField/../../../../libRDKitForceFieldHelpers.so.1
 5# RDKit::UFF::constructForceField(RDKit::ROMol&, std::vector<ForceFields::UFF::AtomicParams const*, std::allocator<ForceFields::UFF::AtomicParams const*> > const&, double, int, bool) in <CONDA_ENV_PREFIX>/lib/python3.11/site-packages/rdkit/ForceField/../../../../libRDKitForceFieldHelpers.so.1
 6# RDKit::UFF::constructForceField(RDKit::ROMol&, double, int, bool) in <CONDA_ENV_PREFIX>/lib/python3.11/site-packages/rdkit/ForceField/../../../../libRDKitForceFieldHelpers.so.1
 7# RDKit::UFFHelper(RDKit::ROMol&, int, double, int, bool) in <CONDA_ENV_PREFIX>/lib/python3.11/site-packages/rdkit/Chem/rdForceFieldHelpers.so
 8# 0x00007F5FC1F8403D in <CONDA_ENV_PREFIX>/lib/python3.11/site-packages/rdkit/Chem/rdForceFieldHelpers.so
 9# boost::python::objects::function::call(_object*, _object*) const in <CONDA_ENV_PREFIX>/lib/python3.11/site-packages/rdkit/../../../libboost_python311.so.1.86.0
10# 0x00007F5FC3EDD449 in <CONDA_ENV_PREFIX>/lib/python3.11/site-packages/rdkit/../../../libboost_python311.so.1.86.0
11# boost::python::detail::exception_handler::operator()(boost::function_n<void> const&) const in <CONDA_ENV_PREFIX>/lib/python3.11/site-packages/rdkit/../../../libboost_python311.so.1.86.0
12# 0x00007F5FC1C3DC04 in <CONDA_ENV_PREFIX>/lib/python3.11/site-packages/rdkit/Chem/rdSLNParse.so
13# 0x00007F5FC202B354 in <CONDA_ENV_PREFIX>/lib/python3.11/site-packages/rdkit/Chem/rdDepictor.so
14# 0x00007F5FC22C9DD4 in <CONDA_ENV_PREFIX>/lib/python3.11/site-packages/rdkit/Chem/rdChemReactions.so
15# 0x00007F5FC22C9E24 in <CONDA_ENV_PREFIX>/lib/python3.11/site-packages/rdkit/Chem/rdChemReactions.so
16# 0x00007F5FC2442B94 in <CONDA_ENV_PREFIX>/lib/python3.11/site-packages/rdkit/Chem/rdMolChemicalFeatures.so
17# 0x00007F5FC2EBA9B4 in <CONDA_ENV_PREFIX>/lib/python3.11/site-packages/rdkit/Chem/rdmolfiles.so
18# 0x00007F5FC2EBAA04 in <CONDA_ENV_PREFIX>/lib/python3.11/site-packages/rdkit/Chem/rdmolfiles.so
19# 0x00007F5FC2FD4B04 in <CONDA_ENV_PREFIX>/lib/python3.11/site-packages/rdkit/Chem/rdCIPLabeler.so
20# 0x00007F5FC39A9174 in <CONDA_ENV_PREFIX>/lib/python3.11/site-packages/rdkit/Chem/rdchem.so
21# 0x00007F5FC393DAAD in <CONDA_ENV_PREFIX>/lib/python3.11/site-packages/rdkit/Chem/rdchem.so
22# 0x00007F5FC393D6AD in <CONDA_ENV_PREFIX>/lib/python3.11/site-packages/rdkit/Chem/rdchem.so
23# 0x00007F5FC393D2AD in <CONDA_ENV_PREFIX>/lib/python3.11/site-packages/rdkit/Chem/rdchem.so
24# 0x00007F5FC393CEAD in <CONDA_ENV_PREFIX>/lib/python3.11/site-packages/rdkit/Chem/rdchem.so
25# 0x00007F5FC393CAAD in <CONDA_ENV_PREFIX>/lib/python3.11/site-packages/rdkit/Chem/rdchem.so
26# 0x00007F5FC3FB1E54 in <CONDA_ENV_PREFIX>/lib/python3.11/site-packages/rdkit/rdBase.so
27# 0x00007F5FC3FB1EA4 in <CONDA_ENV_PREFIX>/lib/python3.11/site-packages/rdkit/rdBase.so
28# 0x00007F5FC3FB1EF4 in <CONDA_ENV_PREFIX>/lib/python3.11/site-packages/rdkit/rdBase.so
29# 0x00007F5FC3FB1F44 in <CONDA_ENV_PREFIX>/lib/python3.11/site-packages/rdkit/rdBase.so
30# boost::python::handle_exception_impl(boost::function_n<void>) in <CONDA_ENV_PREFIX>/lib/python3.11/site-packages/rdkit/../../../libboost_python311.so.1.86.0
31# 0x00007F5FC3EDA9B3 in <CONDA_ENV_PREFIX>/lib/python3.11/site-packages/rdkit/../../../libboost_python311.so.1.86.0
32# _PyObject_MakeTpCall in <CONDA_ENV_PREFIX>/bin/python
33# _PyEval_EvalFrameDefault in <CONDA_ENV_PREFIX>/bin/python
34# _PyFunction_Vectorcall in <CONDA_ENV_PREFIX>/bin/python
35# 0x00005637EFF5CC50 in <CONDA_ENV_PREFIX>/bin/python
36# 0x00005637EFE72745 in <CONDA_ENV_PREFIX>/bin/python
37# 0x00005637EFEA31AA in <CONDA_ENV_PREFIX>/bin/python
38# PyObject_Vectorcall in <CONDA_ENV_PREFIX>/bin/python
39# _PyEval_EvalFrameDefault in <CONDA_ENV_PREFIX>/bin/python
40# _PyFunction_Vectorcall in <CONDA_ENV_PREFIX>/bin/python
41# _PyEval_EvalFrameDefault in <CONDA_ENV_PREFIX>/bin/python
42# _PyFunction_Vectorcall in <CONDA_ENV_PREFIX>/bin/python
43# _PyEval_EvalFrameDefault in <CONDA_ENV_PREFIX>/bin/python
44# _PyFunction_Vectorcall in <CONDA_ENV_PREFIX>/bin/python
45# 0x00005637EFE5E979 in <CONDA_ENV_PREFIX>/bin/python
46# _PyObject_MakeTpCall in <CONDA_ENV_PREFIX>/bin/python
47# _PyEval_EvalFrameDefault in <CONDA_ENV_PREFIX>/bin/python
48# _PyFunction_Vectorcall in <CONDA_ENV_PREFIX>/bin/python
49# 0x00005637EFE5EA1D in <CONDA_ENV_PREFIX>/bin/python
50# _PyObject_MakeTpCall in <CONDA_ENV_PREFIX>/bin/python
51# _PyEval_EvalFrameDefault in <CONDA_ENV_PREFIX>/bin/python
52# 0x00005637EFEE9B0D in <CONDA_ENV_PREFIX>/bin/python
53# PyEval_EvalCode in <CONDA_ENV_PREFIX>/bin/python
54# 0x00005637EFF071AA in <CONDA_ENV_PREFIX>/bin/python
55# 0x00005637EFF02E33 in <CONDA_ENV_PREFIX>/bin/python
56# 0x00005637EFF183D0 in <CONDA_ENV_PREFIX>/bin/python
57# _PyRun_SimpleFileObject in <CONDA_ENV_PREFIX>/bin/python
58# _PyRun_AnyFileObject in <CONDA_ENV_PREFIX>/bin/python
59# Py_RunMain in <CONDA_ENV_PREFIX>/bin/python
60# Py_BytesMain in <CONDA_ENV_PREFIX>/bin/python
61# 0x00007F5FD2B61D90 in /lib/x86_64-linux-gnu/libc.so.6
62# __libc_start_main in /lib/x86_64-linux-gnu/libc.so.6
63# 0x00005637EFED937A in <CONDA_ENV_PREFIX>/bin/python
----------
****

[20:30:25] UFFTYPER: Unrecognized atom type: S_5+6 (2)
[20:30:25] UFFTYPER: Unrecognized atom type: S_5+6 (2)
[20:30:25] 

****
Pre-condition Violation
bad params pointer
Violation occurred on line 79 in file /home/conda/feedstock_root/build_artifacts/rdkit-meta_1745736747213/work/Code/ForceField/UFF/AngleBend.cpp
Failed Expression: at2Params
----------
Stacktrace:
 0# Invar::Invariant::toString[abi:cxx11]() const in <CONDA_ENV_PREFIX>/lib/python3.11/site-packages/rdkit/../../../libRDKitRDGeneral.so.1
 1# Invar::operator<<(std::ostream&, Invar::Invariant const&) in <CONDA_ENV_PREFIX>/lib/python3.11/site-packages/rdkit/../../../libRDKitRDGeneral.so.1
 2# ForceFields::UFF::AngleBendContrib::AngleBendContrib(ForceFields::ForceField*, unsigned int, unsigned int, unsigned int, double, double, ForceFields::UFF::AtomicParams const*, ForceFields::UFF::AtomicParams const*, ForceFields::UFF::AtomicParams const*, unsigned int) in <CONDA_ENV_PREFIX>/lib/python3.11/site-packages/rdkit/ForceField/../../../../libRDKitForceField.so.1
 3# RDKit::UFF::Tools::addTrigonalBipyramidAngles(RDKit::Atom const*, RDKit::ROMol const&, int, std::vector<ForceFields::UFF::AtomicParams const*, std::allocator<ForceFields::UFF::AtomicParams const*> > const&, ForceFields::ForceField*) in <CONDA_ENV_PREFIX>/lib/python3.11/site-packages/rdkit/ForceField/../../../../libRDKitForceFieldHelpers.so.1
 4# RDKit::UFF::Tools::addAngleSpecialCases(RDKit::ROMol const&, int, std::vector<ForceFields::UFF::AtomicParams const*, std::allocator<ForceFields::UFF::AtomicParams const*> > const&, ForceFields::ForceField*) in <CONDA_ENV_PREFIX>/lib/python3.11/site-packages/rdkit/ForceField/../../../../libRDKitForceFieldHelpers.so.1
 5# RDKit::UFF::constructForceField(RDKit::ROMol&, std::vector<ForceFields::UFF::AtomicParams const*, std::allocator<ForceFields::UFF::AtomicParams const*> > const&, double, int, bool) in <CONDA_ENV_PREFIX>/lib/python3.11/site-packages/rdkit/ForceField/../../../../libRDKitForceFieldHelpers.so.1
 6# RDKit::UFF::constructForceField(RDKit::ROMol&, double, int, bool) in <CONDA_ENV_PREFIX>/lib/python3.11/site-packages/rdkit/ForceField/../../../../libRDKitForceFieldHelpers.so.1
 7# RDKit::UFFHelper(RDKit::ROMol&, int, double, int, bool) in <CONDA_ENV_PREFIX>/lib/python3.11/site-packages/rdkit/Chem/rdForceFieldHelpers.so
 8# 0x00007F5FC1F8403D in <CONDA_ENV_PREFIX>/lib/python3.11/site-packages/rdkit/Chem/rdForceFieldHelpers.so
 9# boost::python::objects::function::call(_object*, _object*) const in <CONDA_ENV_PREFIX>/lib/python3.11/site-packages/rdkit/../../../libboost_python311.so.1.86.0
10# 0x00007F5FC3EDD449 in <CONDA_ENV_PREFIX>/lib/python3.11/site-packages/rdkit/../../../libboost_python311.so.1.86.0
11# boost::python::detail::exception_handler::operator()(boost::function_n<void> const&) const in <CONDA_ENV_PREFIX>/lib/python3.11/site-packages/rdkit/../../../libboost_python311.so.1.86.0
12# 0x00007F5FC1C3DC04 in <CONDA_ENV_PREFIX>/lib/python3.11/site-packages/rdkit/Chem/rdSLNParse.so
13# 0x00007F5FC202B354 in <CONDA_ENV_PREFIX>/lib/python3.11/site-packages/rdkit/Chem/rdDepictor.so
14# 0x00007F5FC22C9DD4 in <CONDA_ENV_PREFIX>/lib/python3.11/site-packages/rdkit/Chem/rdChemReactions.so
15# 0x00007F5FC22C9E24 in <CONDA_ENV_PREFIX>/lib/python3.11/site-packages/rdkit/Chem/rdChemReactions.so
16# 0x00007F5FC2442B94 in <CONDA_ENV_PREFIX>/lib/python3.11/site-packages/rdkit/Chem/rdMolChemicalFeatures.so
17# 0x00007F5FC2EBA9B4 in <CONDA_ENV_PREFIX>/lib/python3.11/site-packages/rdkit/Chem/rdmolfiles.so
18# 0x00007F5FC2EBAA04 in <CONDA_ENV_PREFIX>/lib/python3.11/site-packages/rdkit/Chem/rdmolfiles.so
19# 0x00007F5FC2FD4B04 in <CONDA_ENV_PREFIX>/lib/python3.11/site-packages/rdkit/Chem/rdCIPLabeler.so
20# 0x00007F5FC39A9174 in <CONDA_ENV_PREFIX>/lib/python3.11/site-packages/rdkit/Chem/rdchem.so
21# 0x00007F5FC393DAAD in <CONDA_ENV_PREFIX>/lib/python3.11/site-packages/rdkit/Chem/rdchem.so
22# 0x00007F5FC393D6AD in <CONDA_ENV_PREFIX>/lib/python3.11/site-packages/rdkit/Chem/rdchem.so
23# 0x00007F5FC393D2AD in <CONDA_ENV_PREFIX>/lib/python3.11/site-packages/rdkit/Chem/rdchem.so
24# 0x00007F5FC393CEAD in <CONDA_ENV_PREFIX>/lib/python3.11/site-packages/rdkit/Chem/rdchem.so
25# 0x00007F5FC393CAAD in <CONDA_ENV_PREFIX>/lib/python3.11/site-packages/rdkit/Chem/rdchem.so
26# 0x00007F5FC3FB1E54 in <CONDA_ENV_PREFIX>/lib/python3.11/site-packages/rdkit/rdBase.so
27# 0x00007F5FC3FB1EA4 in <CONDA_ENV_PREFIX>/lib/python3.11/site-packages/rdkit/rdBase.so
28# 0x00007F5FC3FB1EF4 in <CONDA_ENV_PREFIX>/lib/python3.11/site-packages/rdkit/rdBase.so
29# 0x00007F5FC3FB1F44 in <CONDA_ENV_PREFIX>/lib/python3.11/site-packages/rdkit/rdBase.so
30# boost::python::handle_exception_impl(boost::function_n<void>) in <CONDA_ENV_PREFIX>/lib/python3.11/site-packages/rdkit/../../../libboost_python311.so.1.86.0
31# 0x00007F5FC3EDA9B3 in <CONDA_ENV_PREFIX>/lib/python3.11/site-packages/rdkit/../../../libboost_python311.so.1.86.0
32# _PyObject_MakeTpCall in <CONDA_ENV_PREFIX>/bin/python
33# _PyEval_EvalFrameDefault in <CONDA_ENV_PREFIX>/bin/python
34# _PyFunction_Vectorcall in <CONDA_ENV_PREFIX>/bin/python
35# 0x00005637EFF5CC50 in <CONDA_ENV_PREFIX>/bin/python
36# 0x00005637EFE72745 in <CONDA_ENV_PREFIX>/bin/python
37# 0x00005637EFEA31AA in <CONDA_ENV_PREFIX>/bin/python
38# PyObject_Vectorcall in <CONDA_ENV_PREFIX>/bin/python
39# _PyEval_EvalFrameDefault in <CONDA_ENV_PREFIX>/bin/python
40# _PyFunction_Vectorcall in <CONDA_ENV_PREFIX>/bin/python
41# _PyEval_EvalFrameDefault in <CONDA_ENV_PREFIX>/bin/python
42# _PyFunction_Vectorcall in <CONDA_ENV_PREFIX>/bin/python
43# _PyEval_EvalFrameDefault in <CONDA_ENV_PREFIX>/bin/python
44# _PyFunction_Vectorcall in <CONDA_ENV_PREFIX>/bin/python
45# 0x00005637EFE5E979 in <CONDA_ENV_PREFIX>/bin/python
46# _PyObject_MakeTpCall in <CONDA_ENV_PREFIX>/bin/python
47# _PyEval_EvalFrameDefault in <CONDA_ENV_PREFIX>/bin/python
48# _PyFunction_Vectorcall in <CONDA_ENV_PREFIX>/bin/python
49# 0x00005637EFE5EA1D in <CONDA_ENV_PREFIX>/bin/python
50# _PyObject_MakeTpCall in <CONDA_ENV_PREFIX>/bin/python
51# _PyEval_EvalFrameDefault in <CONDA_ENV_PREFIX>/bin/python
52# 0x00005637EFEE9B0D in <CONDA_ENV_PREFIX>/bin/python
53# PyEval_EvalCode in <CONDA_ENV_PREFIX>/bin/python
54# 0x00005637EFF071AA in <CONDA_ENV_PREFIX>/bin/python
55# 0x00005637EFF02E33 in <CONDA_ENV_PREFIX>/bin/python
56# 0x00005637EFF183D0 in <CONDA_ENV_PREFIX>/bin/python
57# _PyRun_SimpleFileObject in <CONDA_ENV_PREFIX>/bin/python
58# _PyRun_AnyFileObject in <CONDA_ENV_PREFIX>/bin/python
59# Py_RunMain in <CONDA_ENV_PREFIX>/bin/python
60# Py_BytesMain in <CONDA_ENV_PREFIX>/bin/python
61# 0x00007F5FD2B61D90 in /lib/x86_64-linux-gnu/libc.so.6
62# __libc_start_main in /lib/x86_64-linux-gnu/libc.so.6
63# 0x00005637EFED937A in <CONDA_ENV_PREFIX>/bin/python
----------
****

[21:25:30] UFFTYPER: Unrecognized charge state for atom: 17
[21:25:30] UFFTYPER: Unrecognized charge state for atom: 17
[21:25:31] UFFTYPER: Unrecognized charge state for atom: 18
[21:25:31] UFFTYPER: Unrecognized charge state for atom: 18
[21:25:33] UFFTYPER: Unrecognized charge state for atom: 19
[21:25:33] UFFTYPER: Unrecognized charge state for atom: 19
[21:25:34] UFFTYPER: Unrecognized charge state for atom: 20
[21:25:34] UFFTYPER: Unrecognized charge state for atom: 20
[21:25:35] UFFTYPER: Unrecognized charge state for atom: 19
[21:25:35] UFFTYPER: Unrecognized charge state for atom: 19
[21:25:36] UFFTYPER: Unrecognized charge state for atom: 18
[21:25:36] UFFTYPER: Unrecognized charge state for atom: 18
[21:25:37] UFFTYPER: Unrecognized charge state for atom: 18
[21:25:37] UFFTYPER: Unrecognized charge state for atom: 18
[21:25:38] UFFTYPER: Unrecognized charge state for atom: 20
[21:25:38] UFFTYPER: Unrecognized charge state for atom: 20
[21:25:39] UFFTYPER: Unrecognized charge state for atom: 20
[21:25:39] UFFTYPER: Unrecognized charge state for atom: 20
[21:25:40] UFFTYPER: Unrecognized charge state for atom: 19
[21:25:40] UFFTYPER: Unrecognized charge state for atom: 19
[21:25:42] UFFTYPER: Unrecognized charge state for atom: 19
[21:25:42] UFFTYPER: Unrecognized charge state for atom: 19
[21:42:36] Explicit valence for atom # 2 P, 7, is greater than permitted
[21:42:36] Explicit valence for atom # 12 P, 7, is greater than permitted
[21:42:36] Explicit valence for atom # 2 P, 7, is greater than permitted
[21:42:36] Explicit valence for atom # 2 P, 7, is greater than permitted
[21:42:36] Explicit valence for atom # 2 P, 7, is greater than permitted
[21:42:36] Explicit valence for atom # 2 P, 7, is greater than permitted
[21:42:36] Explicit valence for atom # 10 P, 7, is greater than permitted
[21:42:36] Explicit valence for atom # 2 P, 7, is greater than permitted
[21:42:36] Explicit valence for atom # 11 P, 7, is greater than permitted
[21:42:36] Explicit valence for atom # 11 P, 7, is greater than permitted
[21:42:36] Explicit valence for atom # 15 P, 7, is greater than permitted
[21:42:36] Explicit valence for atom # 2 P, 7, is greater than permitted
[21:42:36] Explicit valence for atom # 14 P, 7, is greater than permitted
[21:42:36] Explicit valence for atom # 2 P, 7, is greater than permitted
[21:42:36] Explicit valence for atom # 2 P, 7, is greater than permitted
[21:42:36] Explicit valence for atom # 2 P, 7, is greater than permitted
[21:42:36] Explicit valence for atom # 2 P, 7, is greater than permitted
[21:42:36] Explicit valence for atom # 12 P, 7, is greater than permitted
[21:42:36] Explicit valence for atom # 2 P, 7, is greater than permitted
[21:42:36] Explicit valence for atom # 11 P, 7, is greater than permitted
[21:42:36] Explicit valence for atom # 2 P, 7, is greater than permitted
[21:42:36] Explicit valence for atom # 2 P, 7, is greater than permitted
[21:42:36] Explicit valence for atom # 2 P, 7, is greater than permitted
[21:42:36] Explicit valence for atom # 2 P, 7, is greater than permitted
[21:42:36] Explicit valence for atom # 2 P, 7, is greater than permitted
[21:42:36] Explicit valence for atom # 2 P, 7, is greater than permitted
[21:42:36] Explicit valence for atom # 2 P, 7, is greater than permitted
[21:42:36] Explicit valence for atom # 2 P, 7, is greater than permitted
[21:42:36] Explicit valence for atom # 2 P, 7, is greater than permitted
[21:42:36] Explicit valence for atom # 2 P, 7, is greater than permitted
[21:42:36] Explicit valence for atom # 2 P, 7, is greater than permitted
[21:42:36] Explicit valence for atom # 2 P, 7, is greater than permitted
[21:42:36] Explicit valence for atom # 12 P, 7, is greater than permitted
[21:42:36] Explicit valence for atom # 2 P, 7, is greater than permitted
[21:42:36] Explicit valence for atom # 2 P, 7, is greater than permitted
[21:42:36] Explicit valence for atom # 2 P, 7, is greater than permitted
[21:42:36] Explicit valence for atom # 2 P, 7, is greater than permitted
[21:42:36] Explicit valence for atom # 2 P, 7, is greater than permitted
[21:42:36] Explicit valence for atom # 2 P, 7, is greater than permitted
[21:42:36] Explicit valence for atom # 2 P, 7, is greater than permitted
[21:42:36] Explicit valence for atom # 2 P, 7, is greater than permitted
[21:42:36] Explicit valence for atom # 2 P, 7, is greater than permitted
[21:42:36] Explicit valence for atom # 2 P, 7, is greater than permitted
[21:42:36] Explicit valence for atom # 2 P, 7, is greater than permitted
[21:42:36] Explicit valence for atom # 2 P, 7, is greater than permitted
[21:42:36] Explicit valence for atom # 2 P, 7, is greater than permitted
[21:42:36] Explicit valence for atom # 11 P, 7, is greater than permitted
[21:42:36] Explicit valence for atom # 2 P, 7, is greater than permitted
[21:42:36] Explicit valence for atom # 2 P, 7, is greater than permitted
[21:42:36] Explicit valence for atom # 2 P, 7, is greater than permitted
[21:42:36] Explicit valence for atom # 2 P, 7, is greater than permitted
[21:42:36] Explicit valence for atom # 10 P, 7, is greater than permitted
[21:42:36] Explicit valence for atom # 2 P, 7, is greater than permitted
[21:42:36] Explicit valence for atom # 2 P, 7, is greater than permitted
[21:42:36] Explicit valence for atom # 2 P, 7, is greater than permitted
[21:42:36] Explicit valence for atom # 10 P, 7, is greater than permitted
[21:42:36] Explicit valence for atom # 2 P, 7, is greater than permitted
[21:42:36] Explicit valence for atom # 2 P, 7, is greater than permitted
[21:42:36] Explicit valence for atom # 2 P, 7, is greater than permitted
[21:42:36] Explicit valence for atom # 2 P, 7, is greater than permitted
[21:42:36] Explicit valence for atom # 2 P, 7, is greater than permitted
[21:42:36] Explicit valence for atom # 2 P, 7, is greater than permitted
[21:42:36] Explicit valence for atom # 2 P, 7, is greater than permitted
[21:42:36] Explicit valence for atom # 2 P, 7, is greater than permitted
[21:42:36] Explicit valence for atom # 2 P, 7, is greater than permitted
[21:42:36] Explicit valence for atom # 2 P, 7, is greater than permitted
[21:42:36] Explicit valence for atom # 13 P, 7, is greater than permitted
[21:42:36] Explicit valence for atom # 11 P, 7, is greater than permitted
[21:42:36] Explicit valence for atom # 2 P, 7, is greater than permitted
[21:42:36] Explicit valence for atom # 2 P, 7, is greater than permitted
[21:42:36] Explicit valence for atom # 2 P, 7, is greater than permitted
[21:42:36] Explicit valence for atom # 2 P, 7, is greater than permitted
[21:42:36] Explicit valence for atom # 2 P, 7, is greater than permitted
[21:42:36] Explicit valence for atom # 2 P, 7, is greater than permitted
[21:42:36] Explicit valence for atom # 15 P, 7, is greater than permitted
[21:42:36] Explicit valence for atom # 2 P, 7, is greater than permitted
[21:42:36] Explicit valence for atom # 2 P, 7, is greater than permitted
[21:42:36] Explicit valence for atom # 2 P, 7, is greater than permitted
[21:42:36] Explicit valence for atom # 2 P, 7, is greater than permitted
[21:42:36] Explicit valence for atom # 2 P, 7, is greater than permitted
[21:42:36] Explicit valence for atom # 2 P, 7, is greater than permitted
[21:42:36] Explicit valence for atom # 14 P, 7, is greater than permitted
[21:42:36] Explicit valence for atom # 9 P, 7, is greater than permitted
[21:42:36] Explicit valence for atom # 2 P, 7, is greater than permitted
[21:42:36] Explicit valence for atom # 2 P, 7, is greater than permitted
[21:42:36] Explicit valence for atom # 2 P, 7, is greater than permitted
[21:42:36] Explicit valence for atom # 2 P, 7, is greater than permitted
[21:42:36] Explicit valence for atom # 2 P, 7, is greater than permitted
[21:42:36] Explicit valence for atom # 2 P, 7, is greater than permitted
[21:42:36] Explicit valence for atom # 2 P, 7, is greater than permitted
[21:42:36] Explicit valence for atom # 2 P, 7, is greater than permitted
[21:42:36] Explicit valence for atom # 16 P, 7, is greater than permitted
[21:42:36] Explicit valence for atom # 2 P, 7, is greater than permitted
[21:42:37] Explicit valence for atom # 2 P, 7, is greater than permitted
[21:42:37] Explicit valence for atom # 11 P, 7, is greater than permitted
[21:42:37] Explicit valence for atom # 2 P, 7, is greater than permitted
[21:42:37] Explicit valence for atom # 2 P, 7, is greater than permitted
[21:42:37] Explicit valence for atom # 2 P, 7, is greater than permitted
[21:42:37] Explicit valence for atom # 2 P, 7, is greater than permitted
[21:42:37] Explicit valence for atom # 2 P, 7, is greater than permitted
