INPUT-MOL-SMI,GEN-MOL-SMI,OLD-FRAG,NEW-FRAG,USED-REPLACEMENT-SMILES,USED-REPLACEMENT-FREQ,LOGP,MW,QED,SA,QED_DIFF,SA_DIFF,INPUT-MOL-IDX,GEN-MOL-IDX,INPUT-MOL-DOCKED-SCORE,GEN-MOL-DOCKED-SCORE
O=C(O)Cc1cc(O)ccc1O,CC(C)Cc1cc(O)ccc1O,[*]CC(=O)O,[*]CC(C)C,[*:1]-[CH2]-[CH0](=[OH0])-[OH1]>>[*:1]-[CH2]-[CH1](-[CH3])-[CH3],10,2.2963000000000013,166.099379688,0.6616439084091741,2.0349088691001445,0.093131620090567,0.0449088691001442,0,0,-6.8,-6.5
O=C(O)Cc1cc(O)ccc1O,COc1cc(O)ccc1O,[*]CC(=O)O,[*]OC,[*:1]-[CH2]-[CH0](=[OH0])-[OH1]>>[*:1]-[OH0]-[CH3],17,1.1063999999999996,140.047344116,0.5742022454827616,1.7060437256498735,0.0056899571641545,-0.2839562743501265,0,1,-6.8,-5.7
O=C(O)Cc1cc(O)ccc1O,CC(C)c1cc(O)ccc1O,[*]CC(=O)O,[*]C(C)C,[*:1]-[CH2]-[CH0](=[OH0])-[OH1]>>[*:1]-[CH1](-[CH3])-[CH3],14,2.2212000000000014,152.083729624,0.605576181424497,1.936310681124816,0.0370638931058899,-0.0536893188751843,0,2,-6.8,-6.2
O=C(O)Cc1cc(O)ccc1O,CCCc1cc(O)ccc1O,[*]CC(=O)O,[*]CCC,[*:1]-[CH2]-[CH0](=[OH0])-[OH1]>>[*:1]-[CH2]-[CH2]-[CH3],14,2.050300000000001,152.083729624,0.6365511553701243,1.9304434132203063,0.0680388670515173,-0.0595565867796938,0,3,-6.8,-6.3
O=C(O)Cc1cc(O)ccc1O,NC(=O)c1cc(O)ccc1O,[*]CC(=O)O,[*]C(N)=O,[*:1]-[CH2]-[CH0](=[OH0])-[OH1]>>[*:1]-[CH0](-[NH2])=[OH0],32,0.1967000000000002,153.042593084,0.5035860093648233,1.9167255352362207,-0.0649262789537836,-0.073274464763779,0,4,-6.8,-6.8
O=C(O)Cc1cc(O)ccc1O,CCc1cc(O)ccc1O,[*]CC(=O)O,[*]CC,[*:1]-[CH2]-[CH0](=[OH0])-[OH1]>>[*:1]-[CH2]-[CH3],24,1.6601999999999997,138.06807956,0.579216457405964,1.89631039231654,0.0107041690873569,-0.0936896076834603,0,5,-6.8,-5.9
O=C(O)Cc1cc(O)ccc1O,O=C(O)c1cc(O)ccc1O,[*]CC(=O)O,[*]C(=O)O,[*:1]-[CH2]-[CH0](=[OH0])-[OH1]>>[*:1]-[CH0](=[OH0])-[OH1],212,0.7959999999999998,154.026608672,0.5224912248827285,1.8040464901433813,-0.0460210634358785,-0.1859535098566187,0,6,-6.8,-7.1
O=C(O)Cc1cc(O)ccc1O,OCc1cc(O)ccc1O,[*]CC(=O)O,[*]CO,[*:1]-[CH2]-[CH0](=[OH0])-[OH1]>>[*:1]-[CH2]-[OH1],49,0.5900999999999998,140.047344116,0.5001414116338732,2.006910392316538,-0.0683708766847338,0.0169103923165376,0,7,-6.8,-6.1
O=C(O)Cc1cc(O)ccc1O,Oc1ccc(O)c(C(F)(F)F)c1,[*]CC(=O)O,[*]C(F)(F)F,[*:1]-[CH2]-[CH0](=[OH0])-[OH1]>>[*:1]-[CH0](-[FH0])(-[FH0])-[FH0],11,2.116600000000001,178.02416406,0.5970710872533654,2.142296400117514,0.0285587989347584,0.152296400117514,0,8,-6.8,-6.7
O=C(O)Cc1cc(O)ccc1O,CNC(=O)c1cc(O)ccc1O,[*]CC(=O)O,[*]C(=O)NC,[*:1]-[CH2]-[CH0](=[OH0])-[OH1]>>[*:1]-[CH0](=[OH0])-[NH1]-[CH3],15,0.4573999999999998,167.058243148,0.5319277356612161,1.907827138330916,-0.0365845526573909,-0.0821728616690844,0,9,-6.8,-6.8
O=C(O)Cc1cc(O)ccc1O,CC(=O)Nc1cc(O)ccc1O,[*]CC(=O)O,[*]NC(C)=O,[*:1]-[CH2]-[CH0](=[OH0])-[OH1]>>[*:1]-[NH1]-[CH0](-[CH3])=[OH0],14,1.0561999999999998,167.058243148,0.4322954186862058,1.897797330638607,-0.1362168696324012,-0.0922026693613933,0,10,-6.8,-6.9
O=C(O)Cc1cc(O)ccc1O,NCCc1cc(O)ccc1O,[*]CC(=O)O,[*]CCN,[*:1]-[CH2]-[CH0](=[OH0])-[OH1]>>[*:1]-[CH2]-[CH2]-[NH2],10,0.599,153.078978592,0.544872838506118,2.1082603362972296,-0.023639449812489,0.1182603362972294,0,11,-6.8,-6.1
O=C(O)Cc1cc(O)ccc1O,CC(=O)c1cc(O)ccc1O,[*]CC(=O)O,[*]C(C)=O,[*:1]-[CH2]-[CH0](=[OH0])-[OH1]>>[*:1]-[CH0](-[CH3])=[OH0],12,1.3003999999999996,152.047344116,0.4706994269669802,1.9058539171990847,-0.0978128613516267,-0.084146082800915,0,12,-6.8,-6.1
O=C(O)Cc1cc(O)ccc1O,OCCc1cc(O)ccc1O,[*]CC(=O)O,[*]CCO,[*:1]-[CH2]-[CH0](=[OH0])-[OH1]>>[*:1]-[CH2]-[CH2]-[OH1],53,0.6325999999999998,154.06299418,0.5474482257756463,2.1012818747587687,-0.0210640625429606,0.1112818747587685,0,13,-6.8,-6.1
O=C(O)Cc1cc(O)ccc1O,NC(=O)Cc1cc(O)ccc1O,[*]CC(=O)O,[*]CC(N)=O,[*:1]-[CH2]-[CH0](=[OH0])-[OH1]>>[*:1]-[CH2]-[CH0](-[NH2])=[OH0],47,0.1255999999999999,167.058243148,0.5470450065736828,2.1194482921770685,-0.0214672817449241,0.1294482921770683,0,14,-6.8,-6.4
O=C(O)Cc1cc(O)ccc1O,COCCc1cc(O)ccc1O,[*]CC(=O)O,[*]CCOC,[*:1]-[CH2]-[CH0](=[OH0])-[OH1]>>[*:1]-[CH2]-[CH2]-[OH0]-[CH3],16,1.2866999999999995,168.078644244,0.6683862916890089,2.0499429600092363,0.0998740033704018,0.059942960009236,0,15,-6.8,-6.0
O=C(O)Cc1cc(O)ccc1O,CNC(=O)Cc1cc(O)ccc1O,[*]CC(=O)O,[*]CC(=O)NC,[*:1]-[CH2]-[CH0](=[OH0])-[OH1]>>[*:1]-[CH2]-[CH0](=[OH0])-[NH1]-[CH3],27,0.3862999999999997,181.073893212,0.5777686753838451,2.097901728030804,0.0092563870652381,0.1079017280308036,0,16,-6.8,-6.1
O=C(O)Cc1cc(O)ccc1O,CN(C)C(=O)Cc1cc(O)ccc1O,[*]CC(=O)O,[*]CC(=O)N(C)C,[*:1]-[CH2]-[CH0](=[OH0])-[OH1]>>[*:1]-[CH2]-[CH0](=[OH0])-[NH0](-[CH3])-[CH3],28,0.7284999999999999,195.089543276,0.6837090363060172,2.132700544112096,0.1151967479874102,0.1427005441120954,0,17,-6.8,-5.1
O=C(O)Cc1cc(O)ccc1O,COC(=O)c1cc(O)ccc1O,[*]CC(=O)O,[*]C(=O)OC,[*:1]-[CH2]-[CH0](=[OH0])-[OH1]>>[*:1]-[CH0](=[OH0])-[OH0]-[CH3],22,0.8843999999999996,168.042258736,0.4822615792668556,1.8142141575616844,-0.0862507090517513,-0.1757858424383158,0,18,-6.8,-6.3
O=C(O)Cc1cc(O)ccc1O,N#CCc1cc(O)ccc1O,[*]CC(=O)O,[*]CC#N,[*:1]-[CH2]-[CH0](=[OH0])-[OH1]>>[*:1]-[CH2]-[CH0]#[NH0],18,1.1638799999999998,149.047678464,0.5887343973668014,2.370566490143382,0.0202221090481944,0.3805664901433818,0,19,-6.8,-5.9
O=C(O)Cc1cc(O)ccc1O,Oc1ccc(O)c(-c2ccccc2)c1,[*]CC(=O)O,[*]c1ccccc1,[*:1]-[CH2]-[CH0](=[OH0])-[OH1]>>[*:1]-[cH0]1:[cH1]:[cH1]:[cH1]:[cH1]:[cH1]:1,14,2.764800000000001,186.06807956,0.6720991704899665,1.6072721241536758,0.1035868821713594,-0.3827278758463244,0,20,-6.8,-6.7
O=C(O)Cc1cc(O)ccc1O,CN(C)CCc1cc(O)ccc1O,[*]CC(=O)O,[*]CCN(C)C,[*:1]-[CH2]-[CH0](=[OH0])-[OH1]>>[*:1]-[CH2]-[CH2]-[NH0](-[CH3])-[CH3],12,1.2019,181.11027872,0.688575285107803,2.0858041456132206,0.1200629967891959,0.0958041456132203,0,21,-6.8,-5.7
O=C(O)Cc1cc(O)ccc1O,CS(=O)(=O)Nc1cc(O)ccc1O,[*]CC(=O)O,[*]NS(C)(=O)=O,[*:1]-[CH2]-[CH0](=[OH0])-[OH1]>>[*:1]-[NH1]-[SH0](-[CH3])(=[OH0])=[OH0],10,0.4692999999999999,203.025228768,0.4813675795016514,2.0942166730857483,-0.0871447088169555,0.1042166730857481,0,22,-6.8,-7.0
O=C(O)Cc1cc(O)ccc1O,OCCCc1cc(O)ccc1O,[*]CC(=O)O,[*]CCCO,[*:1]-[CH2]-[CH0](=[OH0])-[OH1]>>[*:1]-[CH2]-[CH2]-[CH2]-[OH1],15,1.0227,168.078644244,0.5904230896794621,2.071043659309936,0.0219108013608551,0.0810436593099357,0,23,-6.8,-6.5
O=C(O)Cc1cc(O)ccc1O,O=C(O)COc1cc(O)ccc1O,[*]CC(=O)O,[*]OCC(=O)O,[*:1]-[CH2]-[CH0](=[OH0])-[OH1]>>[*:1]-[OH0]-[CH2]-[CH0](=[OH0])-[OH1],50,0.5611999999999999,184.037173356,0.5972637451820915,1.9061404093494847,0.0287514568634844,-0.0838595906505155,0,24,-6.8,-7.2
O=C(O)Cc1cc(O)ccc1O,COC(=O)Cc1cc(O)ccc1O,[*]CC(=O)O,[*]CC(=O)OC,[*:1]-[CH2]-[CH0](=[OH0])-[OH1]>>[*:1]-[CH2]-[CH0](=[OH0])-[OH0]-[CH3],48,0.8132999999999999,182.0579088,0.5243941199262746,2.017530739019815,-0.0441181683923324,0.0275307390198147,0,25,-6.8,-6.2
O=C(O)Cc1cc(O)ccc1O,CC(C)(C)c1cc(O)ccc1O,[*]CC(=O)O,[*]C(C)(C)C,[*:1]-[CH2]-[CH0](=[OH0])-[OH1]>>[*:1]-[CH0](-[CH3])(-[CH3])-[CH3],10,2.3953000000000007,166.099379688,0.5808370712927262,2.06755843485697,0.0123247829741192,0.0775584348569697,0,26,-6.8,-5.7
O=C(O)Cc1cc(O)ccc1O,O=C(O)CCc1cc(O)ccc1O,[*]CC(=O)O,[*]CCC(=O)O,[*:1]-[CH2]-[CH0](=[OH0])-[OH1]>>[*:1]-[CH2]-[CH2]-[CH0](=[OH0])-[OH1],137,1.1149999999999998,182.0579088,0.6118016661800426,1.9641557939648704,0.0432893778614356,-0.0258442060351296,0,27,-6.8,-7.0
O=C(O)Cc1cc(O)ccc1O,O=C(O)C1(c2cc(O)ccc2O)CC1,[*]CC(=O)O,[*]C1(C(=O)O)CC1,[*:1]-[CH2]-[CH0](=[OH0])-[OH1]>>[*:1]-[CH0]1(-[CH0](=[OH0])-[OH1])-[CH2]-[CH2]-1,11,1.2139999999999995,194.0579088,0.618255766267887,2.4434269474385,0.04974347794928,0.4534269474384995,0,28,-6.8,-6.4
O=C(O)Cc1cc(O)ccc1O,CC(C)(C(=O)O)c1cc(O)ccc1O,[*]CC(=O)O,[*]C(C)(C)C(=O)O,[*:1]-[CH2]-[CH0](=[OH0])-[OH1]>>[*:1]-[CH0](-[CH3])(-[CH3])-[CH0](=[OH0])-[OH1],24,1.4599999999999995,196.073558864,0.6255703597185182,2.3827844318459857,0.0570580713999111,0.3927844318459854,0,29,-6.8,-6.1
O=C(O)Cc1cc(O)ccc1O,Oc1ccc(O)c(Cc2ccccc2)c1,[*]CC(=O)O,[*]Cc1ccccc1,[*:1]-[CH2]-[CH0](=[OH0])-[OH1]>>[*:1]-[CH2]-[cH0]1:[cH1]:[cH1]:[cH1]:[cH1]:[cH1]:1,22,2.688600000000002,200.083729624,0.7315509798896028,1.6835109363352228,0.1630386915709958,-0.3064890636647774,0,30,-6.8,-5.8
O=C(O)Cc1cc(O)ccc1O,Oc1ccc(O)c(CCN2CCOCC2)c1,[*]CC(=O)O,[*]CCN1CCOCC1,[*:1]-[CH2]-[CH0](=[OH0])-[OH1]>>[*:1]-[CH2]-[CH2]-[NH0]1-[CH2]-[CH2]-[OH0]-[CH2]-[CH2]-1,14,0.9724999999999996,223.120843404,0.749768570618721,2.0715899469202395,0.181256282300114,0.0815899469202392,0,31,-6.8,-6.2
O=C(O)Cc1cc(O)ccc1O,O=C(Cc1cc(O)ccc1O)N1CCOCC1,[*]CC(=O)O,[*]CC(=O)N1CCOCC1,[*:1]-[CH2]-[CH0](=[OH0])-[OH1]>>[*:1]-[CH2]-[CH0](=[OH0])-[NH0]1-[CH2]-[CH2]-[OH0]-[CH2]-[CH2]-1,19,0.4990999999999997,237.10010796,0.7347608886060509,2.093440620302095,0.1662486002874439,0.103440620302095,0,32,-6.8,-5.5
O=C(O)Cc1cc(O)ccc1O,Oc1ccc(O)c(Cc2nn[nH]n2)c1,[*]CC(=O)O,[*]Cc1nn[nH]n1,[*:1]-[CH2]-[CH0](=[OH0])-[OH1]>>[*:1]-[CH2]-[cH0]1:[nH0]:[nH0]:[nH1]:[nH0]:1,10,0.2016999999999997,192.064725496,0.5906689434872371,2.553289816461369,0.02215665516863,0.5632898164613689,0,33,-6.8,-7.1
O=C(O)Cc1cc(O)ccc1O,O=C(O)c1ccc(-c2cc(O)ccc2O)cc1,[*]CC(=O)O,[*]c1ccc(C(=O)O)cc1,[*:1]-[CH2]-[CH0](=[OH0])-[OH1]>>[*:1]-[cH0]1:[cH1]:[cH1]:[cH0](-[CH0](=[OH0])-[OH1]):[cH1]:[cH1]:1,13,2.463000000000001,230.0579088,0.6923286849352486,1.751209298698166,0.1238163966166415,-0.2387907013018342,0,34,-6.8,-5.2
O=C(O)Cc1cc(O)ccc1O,O=C(O)CCCc1cc(O)ccc1O,[*]CC(=O)O,[*]CCCC(=O)O,[*:1]-[CH2]-[CH0](=[OH0])-[OH1]>>[*:1]-[CH2]-[CH2]-[CH2]-[CH0](=[OH0])-[OH1],29,1.5050999999999997,196.073558864,0.6375860676138865,1.9735724885261483,0.0690737792952794,-0.0164275114738519,0,35,-6.8,-6.1
O=C(O)Cc1cc(O)ccc1O,CCOC(=O)Cc1cc(O)ccc1O,[*]CC(=O)O,[*]CC(=O)OCC,[*:1]-[CH2]-[CH0](=[OH0])-[OH1]>>[*:1]-[CH2]-[CH0](=[OH0])-[OH0]-[CH2]-[CH3],43,1.2033999999999998,196.073558864,0.5628014885660872,1.9845983994573209,-0.0057107997525197,-0.0054016005426795,0,36,-6.8,-6.2
O=C(O)Cc1cc(O)ccc1O,CC(C(=O)O)c1cc(O)ccc1O,[*]CC(=O)O,[*]C(C)C(=O)O,[*:1]-[CH2]-[CH0](=[OH0])-[OH1]>>[*:1]-[CH1](-[CH3])-[CH0](=[OH0])-[OH1],32,1.2858999999999998,182.0579088,0.601955813506057,2.6378337711544297,0.0334435251874499,0.6478337711544295,0,37,-6.8,-6.5
O=C(O)Cc1cc(O)ccc1O,O=C(Cc1cc(O)ccc1O)N1CCCCC1,[*]CC(=O)O,[*]CC(=O)N1CCCCC1,[*:1]-[CH2]-[CH0](=[OH0])-[OH1]>>[*:1]-[CH2]-[CH0](=[OH0])-[NH0]1-[CH2]-[CH2]-[CH2]-[CH2]-[CH2]-1,10,1.6527999999999998,235.120843404,0.7661886592994531,1.9831300433790169,0.1976763709808461,-0.0068699566209833,0,38,-6.8,-5.2
O=C(O)Cc1cc(O)ccc1O,CC(C)(C)OC(=O)Cc1cc(O)ccc1O,[*]CC(=O)O,[*]CC(=O)OC(C)(C)C,[*:1]-[CH2]-[CH0](=[OH0])-[OH1]>>[*:1]-[CH2]-[CH0](=[OH0])-[OH0]-[CH0](-[CH3])(-[CH3])-[CH3],11,1.982,224.104858992,0.5951308741062452,2.1291308929307498,0.0266185857876382,0.1391308929307495,0,39,-6.8,-5.0
O=C(O)Cc1cc(O)ccc1O,Oc1ccc(O)c(-c2nnn[nH]2)c1,[*]CC(=O)O,[*]c1nnn[nH]1,[*:1]-[CH2]-[CH0](=[OH0])-[OH1]>>[*:1]-[cH0]1:[nH0]:[nH0]:[nH0]:[nH1]:1,15,0.2778999999999998,178.049075432,0.5448694414196934,2.783824365393441,-0.0236428468989136,0.7938243653934407,0,40,-6.8,-7.7
O=C(O)Cc1cc(O)ccc1O,Oc1ccc(O)c(Cc2nnn[nH]2)c1,[*]CC(=O)O,[*]Cc1nnn[nH]1,[*:1]-[CH2]-[CH0](=[OH0])-[OH1]>>[*:1]-[CH2]-[cH0]1:[nH0]:[nH0]:[nH0]:[nH1]:1,12,0.2016999999999997,192.064725496,0.5906689434872371,2.790914047230599,0.02215665516863,0.8009140472305987,0,41,-6.8,-7.9
NC(=O)[C@H]1[C@@H](CO)[C@H](O)[C@H]2[C@H](CO)[C@](O)(CO)[C@H](O)[C@@]21O,OC[C@H]1[C@H](O)[C@H]2[C@H](CO)[C@](O)(CO)[C@H](O)[C@]2(O)[C@H]1C1CC1,[*]C(N)=O,[*]C1CC1,[*:1]-[CH0](-[NH2])=[OH0]>>[*:1]-[CH1]1-[CH2]-[CH2]-1,17,-2.9506999999999977,304.152203108,0.2942730682333737,5.214423878257248,0.0404362371340314,-0.0155761217427512,1,0,-6.3,-4.1
NC(=O)[C@H]1[C@@H](CO)[C@H](O)[C@H]2[C@H](CO)[C@](O)(CO)[C@H](O)[C@@]21O,CO[C@H]1[C@@H](CO)[C@H](O)[C@H]2[C@H](CO)[C@](O)(CO)[C@H](O)[C@]12O,[*]C(N)=O,[*]OC,[*:1]-[CH0](-[NH2])=[OH0]>>[*:1]-[OH0]-[CH3],254,-3.961899999999998,294.131467664,0.2773544400297579,5.253475246331095,0.0235176089304156,0.0234752463310954,1,1,-6.3,-5.7
NC(=O)[C@H]1[C@@H](CO)[C@H](O)[C@H]2[C@H](CO)[C@](O)(CO)[C@H](O)[C@@]21O,CO[C@H]1[C@H](O)[C@H]2[C@H](CO)[C@](O)(CO)[C@H](O)[C@]2(O)[C@H]1C(N)=O,[*]CO,[*]OC,[*:1]-[CH2]-[OH1]>>[*:1]-[OH0]-[CH3],353,-4.468899999999994,307.126716632,0.272019713040057,5.190010171963541,0.0181828819407147,-0.0399898280364583,1,2,-6.3,-5.5
NC(=O)[C@H]1[C@@H](CO)[C@H](O)[C@H]2[C@H](CO)[C@](O)(CO)[C@H](O)[C@@]21O,CC[C@H]1[C@@H](CO)[C@H](O)[C@H]2[C@H](CO)[C@](O)(CO)[C@H](O)[C@]12O,[*]C(N)=O,[*]CC,[*:1]-[CH0](-[NH2])=[OH0]>>[*:1]-[CH2]-[CH3],52,-2.9506999999999977,292.152203108,0.2935601211107526,5.247169920887307,0.0397232900114102,0.0171699208873077,1,3,-6.3,-6.4
NC(=O)[C@H]1[C@@H](CO)[C@H](O)[C@H]2[C@H](CO)[C@](O)(CO)[C@H](O)[C@@]21O,CCCC[C@@]1(O)[C@@H](CO)[C@@H]2[C@@H](O)[C@H](CO)[C@H](C(N)=O)[C@@]2(O)[C@H]1O,[*]CO,[*]CCCC,[*:1]-[CH2]-[OH1]>>[*:1]-[CH2]-[CH2]-[CH2]-[CH3],19,-2.677499999999998,333.17875220400003,0.2782114040227578,5.096870939889822,0.0243745729234155,-0.1331290601101775,1,4,-6.3,-3.8
NC(=O)[C@H]1[C@@H](CO)[C@H](O)[C@H]2[C@H](CO)[C@](O)(CO)[C@H](O)[C@@]21O,CSC[C@H]1[C@H](O)[C@H]2[C@H](CO)[C@](O)(CO)[C@H](O)[C@]2(O)[C@H]1C(N)=O,[*]CO,[*]CSC,[*:1]-[CH2]-[OH1]>>[*:1]-[CH2]-[SH0]-[CH3],15,-3.504699999999998,337.11952307599995,0.2713757011960097,5.341825131390195,0.0175388700966674,0.1118251313901952,1,5,-6.3,-4.9
NC(=O)[C@H]1[C@@H](CO)[C@H](O)[C@H]2[C@H](CO)[C@](O)(CO)[C@H](O)[C@@]21O,CC[C@H]1[C@H](O)[C@H]2[C@H](CO)[C@](O)(CO)[C@H](O)[C@]2(O)[C@H]1C(N)=O,[*]CO,[*]CC,[*:1]-[CH2]-[OH1]>>[*:1]-[CH2]-[CH3],141,-3.457699999999998,305.147452076,0.2834858970391524,5.208299915553287,0.02964906593981,-0.0217000844467127,1,6,-6.3,-6.2
NC(=O)[C@H]1[C@@H](CO)[C@H](O)[C@H]2[C@H](CO)[C@](O)(CO)[C@H](O)[C@@]21O,CC(C)C[C@H]1[C@H](O)[C@H]2[C@H](CO)[C@](O)(CO)[C@H](O)[C@]2(O)[C@H]1C(N)=O,[*]CO,[*]CC(C)C,[*:1]-[CH2]-[OH1]>>[*:1]-[CH2]-[CH1](-[CH3])-[CH3],19,-2.821599999999997,333.178752204,0.2849460572298279,5.162242699994124,0.0311092261304856,-0.0677573000058755,1,7,-6.3,-4.0
NC(=O)[C@H]1[C@@H](CO)[C@H](O)[C@H]2[C@H](CO)[C@](O)(CO)[C@H](O)[C@@]21O,CC(C)[C@H]1[C@@H](CO)[C@H](O)[C@H]2[C@H](CO)[C@](O)(CO)[C@H](O)[C@]12O,[*]C(N)=O,[*]C(C)C,[*:1]-[CH0](-[NH2])=[OH0]>>[*:1]-[CH1](-[CH3])-[CH3],25,-2.704699999999997,306.167853172,0.2994051371102738,5.2458845309379,0.0455683060109314,0.0158845309379005,1,8,-6.3,-4.5
NC(=O)[C@H]1[C@@H](CO)[C@H](O)[C@H]2[C@H](CO)[C@](O)(CO)[C@H](O)[C@@]21O,OC[C@H]1[C@H](O)[C@H]2[C@H](CO)[C@](O)(CO)[C@H](O)[C@]2(O)[C@H]1CO,[*]C(N)=O,[*]CO,[*:1]-[CH0](-[NH2])=[OH0]>>[*:1]-[CH2]-[OH1],246,-4.368399999999996,294.131467664,0.2577683171301376,5.286109565857722,0.0039314860307953,0.0561095658577226,1,9,-6.3,-6.1
NC(=O)[C@H]1[C@@H](CO)[C@H](O)[C@H]2[C@H](CO)[C@](O)(CO)[C@H](O)[C@@]21O,CN(C)C(=O)C[C@H]1[C@@H](CO)[C@H](O)[C@H]2[C@H](CO)[C@](O)(CO)[C@H](O)[C@]12O,[*]C(N)=O,[*]CC(=O)N(C)C,[*:1]-[CH0](-[NH2])=[OH0]>>[*:1]-[CH2]-[CH0](=[OH0])-[NH0](-[CH3])-[CH3],10,-3.882399999999997,349.17366682399995,0.2650229282846824,5.15288124137747,0.0111860971853401,-0.0771187586225297,1,10,-6.3,-3.3
NC(=O)[C@H]1[C@@H](CO)[C@H](O)[C@H]2[C@H](CO)[C@](O)(CO)[C@H](O)[C@@]21O,NC[C@H]1[C@@H](CO)[C@H](O)[C@H]2[C@H](CO)[C@](O)(CO)[C@H](O)[C@]12O,[*]C(N)=O,[*]CN,[*:1]-[CH0](-[NH2])=[OH0]>>[*:1]-[CH2]-[NH2],69,-4.401999999999995,293.14745207600004,0.2568953611059542,5.348241518520444,0.0030585300066118,0.1182415185204446,1,11,-6.3,-6.3
NC(=O)[C@H]1[C@@H](CO)[C@H](O)[C@H]2[C@H](CO)[C@](O)(CO)[C@H](O)[C@@]21O,CN[C@H]1[C@@H](CO)[C@H](O)[C@H]2[C@H](CO)[C@](O)(CO)[C@H](O)[C@]12O,[*]C(N)=O,[*]NC,[*:1]-[CH0](-[NH2])=[OH0]>>[*:1]-[NH1]-[CH3],27,-4.388899999999995,293.14745207600004,0.2584650932334408,5.338895364674289,0.0046282621340985,0.1088953646742894,1,12,-6.3,-4.4
NC(=O)[C@H]1[C@@H](CO)[C@H](O)[C@H]2[C@H](CO)[C@](O)(CO)[C@H](O)[C@@]21O,CN(C)[C@H]1[C@@H]2[C@@H](O)[C@H](CO)[C@H](C(N)=O)[C@@]2(O)[C@@H](O)[C@@]1(O)CO,[*]CO,[*]N(C)C,[*:1]-[CH2]-[OH1]>>[*:1]-[NH0](-[CH3])-[CH3],70,-4.553699999999994,320.158351108,0.2716136252262395,5.217435787839009,0.0177767941268972,-0.0125642121609903,1,13,-6.3,-4.1
NC(=O)[C@H]1[C@@H](CO)[C@H](O)[C@H]2[C@H](CO)[C@](O)(CO)[C@H](O)[C@@]21O,NC(=O)[C@H]1[C@@H](CO)[C@H](O)[C@H]2[C@H](C3CC3)[C@](O)(CO)[C@H](O)[C@]12O,[*]CO,[*]C1CC1,[*:1]-[CH2]-[OH1]>>[*:1]-[CH1]1-[CH2]-[CH2]-1,61,-3.457699999999997,317.14745207600004,0.2830258723486219,5.143915009932703,0.0291890412492796,-0.0860849900672962,1,14,-6.3,-2.6
NC(=O)[C@H]1[C@@H](CO)[C@H](O)[C@H]2[C@H](CO)[C@](O)(CO)[C@H](O)[C@@]21O,CC(C)(C)[C@H]1[C@@H](CO)[C@H](O)[C@H]2[C@H](CO)[C@](O)(CO)[C@H](O)[C@@]21O,[*]C(N)=O,[*]C(C)(C)C,[*:1]-[CH0](-[NH2])=[OH0]>>[*:1]-[CH0](-[CH3])(-[CH3])-[CH3],19,-2.314599999999998,320.183503236,0.3095351284428717,5.2166717768499975,0.0556982973435293,-0.013328223150002,1,15,-6.3,-2.5
NC(=O)[C@H]1[C@@H](CO)[C@H](O)[C@H]2[C@H](CO)[C@](O)(CO)[C@H](O)[C@@]21O,CN[C@@]1(O)[C@@H](CO)[C@@H]2[C@@H](O)[C@H](CO)[C@H](C(N)=O)[C@@]2(O)[C@H]1O,[*]CO,[*]NC,[*:1]-[CH2]-[OH1]>>[*:1]-[NH1]-[CH3],31,-4.690799999999994,306.142701044,0.238811254265602,5.347222992476363,-0.0150255768337402,0.1172229924763632,1,16,-6.3,-3.9
NC(=O)[C@H]1[C@@H](CO)[C@H](O)[C@H]2[C@H](CO)[C@](O)(CO)[C@H](O)[C@@]21O,NC[C@@]1(O)[C@@H](CO)[C@@H]2[C@@H](O)[C@H](CO)[C@H](C(N)=O)[C@@]2(O)[C@H]1O,[*]CO,[*]CN,[*:1]-[CH2]-[OH1]>>[*:1]-[CH2]-[NH2],150,-4.908999999999994,306.142701044,0.2531615611077611,5.308148633502004,-0.0006752699915811,0.0781486335020043,1,17,-6.3,-6.5
NC(=O)[C@H]1[C@@H](CO)[C@H](O)[C@H]2[C@H](CO)[C@](O)(CO)[C@H](O)[C@@]21O,CCO[C@H]1[C@@H]2[C@@H](O)[C@H](CO)[C@H](C(N)=O)[C@@]2(O)[C@@H](O)[C@@]1(O)CO,[*]CO,[*]OCC,[*:1]-[CH2]-[OH1]>>[*:1]-[OH0]-[CH2]-[CH3],66,-4.078799999999995,321.142366696,0.2674775741870382,5.161956305479263,0.0136407430876959,-0.0680436945207363,1,18,-6.3,-4.6
NC(=O)[C@H]1[C@@H](CO)[C@H](O)[C@H]2[C@H](CO)[C@](O)(CO)[C@H](O)[C@@]21O,CN(C)[C@H]1[C@@H](CO)[C@H](O)[C@H]2[C@H](CO)[C@](O)(CO)[C@H](O)[C@]12O,[*]C(N)=O,[*]N(C)C,[*:1]-[CH0](-[NH2])=[OH0]>>[*:1]-[NH0](-[CH3])-[CH3],61,-4.046699999999997,307.16310214,0.2778566045067395,5.292499915553286,0.0240197734073971,0.0624999155532863,1,19,-6.3,-4.0
NC(=O)[C@H]1[C@@H](CO)[C@H](O)[C@H]2[C@H](CO)[C@](O)(CO)[C@H](O)[C@@]21O,NC(=O)[C@H]1[C@@H](CO)[C@H](O)[C@H]2[C@H](CO)[C@](O)(C(N)=O)[C@H](O)[C@]12O,[*]CO,[*]C(N)=O,[*:1]-[CH2]-[OH1]>>[*:1]-[CH0](-[NH2])=[OH0],246,-5.382399999999994,320.12196559999995,0.2499244588894594,5.204101447179669,-0.0039123722098828,-0.0258985528203306,1,20,-6.3,-6.0
NC(=O)[C@H]1[C@@H](CO)[C@H](O)[C@H]2[C@H](CO)[C@](O)(CO)[C@H](O)[C@@]21O,O=C(O)[C@H]1[C@@H](CO)[C@H](O)[C@H]2[C@H](CO)[C@](O)(CO)[C@H](O)[C@]12O,[*]C(N)=O,[*]C(=O)O,[*:1]-[CH0](-[NH2])=[OH0]>>[*:1]-[CH0](=[OH0])-[OH1],426,-4.276099999999996,308.11073222,0.2549581710409386,5.166069146322515,0.0011213399415963,-0.0639308536774843,1,21,-6.3,-6.4
NC(=O)[C@H]1[C@@H](CO)[C@H](O)[C@H]2[C@H](CO)[C@](O)(CO)[C@H](O)[C@@]21O,OC[C@H]1[C@H](O)[C@H]2[C@H](CO)[C@](O)(CO)[C@H](O)[C@]2(O)[C@H]1N1CCCC1,[*]C(N)=O,[*]N1CCCC1,[*:1]-[CH0](-[NH2])=[OH0]>>[*:1]-[NH0]1-[CH2]-[CH2]-[CH2]-[CH2]-1,13,-3.5124999999999966,333.178752204,0.2804553232284043,5.075428905150368,0.026618492129062,-0.1545710948496319,1,22,-6.3,-2.5
NC(=O)[C@H]1[C@@H](CO)[C@H](O)[C@H]2[C@H](CO)[C@](O)(CO)[C@H](O)[C@@]21O,CC(C)[C@H]1[C@@H]2[C@@H](O)[C@H](CO)[C@H](C(N)=O)[C@@]2(O)[C@@H](O)[C@@]1(O)CO,[*]CO,[*]C(C)C,[*:1]-[CH2]-[OH1]>>[*:1]-[CH1](-[CH3])-[CH3],91,-3.2116999999999964,319.16310214000003,0.286363211816203,5.172485238388459,0.0325263807168607,-0.0575147616115403,1,23,-6.3,-3.3
NC(=O)[C@H]1[C@@H](CO)[C@H](O)[C@H]2[C@H](CO)[C@](O)(CO)[C@H](O)[C@@]21O,NC(=O)[C@H]1[C@@H](C(=O)O)[C@H](O)[C@H]2[C@H](CO)[C@](O)(CO)[C@H](O)[C@]12O,[*]CO,[*]C(=O)O,[*:1]-[CH2]-[OH1]>>[*:1]-[CH0](=[OH0])-[OH1],242,-4.783099999999994,321.105981188,0.2498429577687698,5.115654194432415,-0.0039938733305724,-0.1143458055675843,1,24,-6.3,-4.7
NC(=O)[C@H]1[C@@H](CO)[C@H](O)[C@H]2[C@H](CO)[C@](O)(CO)[C@H](O)[C@@]21O,OC[C@H]1[C@H](O)[C@H]2[C@H](CO)[C@](O)(CO)[C@H](O)[C@]2(O)[C@H]1C(F)F,[*]C(N)=O,[*]C(F)F,[*:1]-[CH0](-[NH2])=[OH0]>>[*:1]-[CH1](-[FH0])-[FH0],12,-3.0955999999999992,314.11770942,0.2913822701738953,5.439074274527645,0.0375454390745529,0.2090742745276452,1,25,-6.3,-6.1
NC(=O)[C@H]1[C@@H](CO)[C@H](O)[C@H]2[C@H](CO)[C@](O)(CO)[C@H](O)[C@@]21O,CNC(=O)[C@H]1[C@@H](CO)[C@H](O)[C@H]2[C@H](CO)[C@](O)(CO)[C@H](O)[C@]12O,[*]C(N)=O,[*]C(=O)NC,[*:1]-[CH0](-[NH2])=[OH0]>>[*:1]-[CH0](=[OH0])-[NH1]-[CH3],405,-4.614699999999995,321.142366696,0.2554271503336344,5.163362783212056,0.001590319234292,-0.0666372167879432,1,26,-6.3,-3.9
NC(=O)[C@H]1[C@@H](CO)[C@H](O)[C@H]2[C@H](CO)[C@](O)(CO)[C@H](O)[C@@]21O,CN(C)C(=O)[C@H]1[C@@H](CO)[C@H](O)[C@H]2[C@H](CO)[C@](O)(CO)[C@H](O)[C@]12O,[*]C(N)=O,[*]C(=O)N(C)C,[*:1]-[CH0](-[NH2])=[OH0]>>[*:1]-[CH0](=[OH0])-[NH0](-[CH3])-[CH3],237,-4.272499999999995,335.15801676,0.2715012393230638,5.16537803245827,0.0176644082237215,-0.0646219675417292,1,27,-6.3,-3.2
NC(=O)[C@H]1[C@@H](CO)[C@H](O)[C@H]2[C@H](CO)[C@](O)(CO)[C@H](O)[C@@]21O,COC[C@@]1(O)[C@@H](CO)[C@@H]2[C@@H](O)[C@H](CO)[C@H](C(N)=O)[C@@]2(O)[C@H]1O,[*]CO,[*]COC,[*:1]-[CH2]-[OH1]>>[*:1]-[CH2]-[OH0]-[CH3],258,-4.221299999999994,321.142366696,0.2665499566836725,5.24754982774647,0.0127131255843302,0.0175498277464702,1,28,-6.3,-5.2
NC(=O)[C@H]1[C@@H](CO)[C@H](O)[C@H]2[C@H](CO)[C@](O)(CO)[C@H](O)[C@@]21O,CCO[C@H]1[C@@H](CO)[C@H](O)[C@H]2[C@H](CO)[C@](O)(CO)[C@H](O)[C@]12O,[*]C(N)=O,[*]OCC,[*:1]-[CH0](-[NH2])=[OH0]>>[*:1]-[OH0]-[CH2]-[CH3],37,-3.571799999999998,308.147117728,0.2754575418807628,5.23312122091459,0.0216207107814205,0.0031212209145907,1,29,-6.3,-5.4
NC(=O)[C@H]1[C@@H](CO)[C@H](O)[C@H]2[C@H](CO)[C@](O)(CO)[C@H](O)[C@@]21O,NC(=O)[C@H]1[C@@H](CF)[C@H](O)[C@H]2[C@H](CO)[C@](O)(CO)[C@H](O)[C@]12O,[*]CO,[*]CF,[*:1]-[CH2]-[OH1]>>[*:1]-[CH2]-[FH0],60,-3.898199999999999,309.12238019999995,0.2787364105821439,5.371648633502004,0.0248995794828016,0.1416486335020046,1,30,-6.3,-6.2
NC(=O)[C@H]1[C@@H](CO)[C@H](O)[C@H]2[C@H](CO)[C@](O)(CO)[C@H](O)[C@@]21O,OC[C@H]1[C@H](O)[C@H]2[C@H](CO)[C@](O)(CO)[C@H](O)[C@]2(O)[C@H]1N1CCCCC1,[*]C(N)=O,[*]N1CCCCC1,[*:1]-[CH0](-[NH2])=[OH0]>>[*:1]-[NH0]1-[CH2]-[CH2]-[CH2]-[CH2]-[CH2]-1,11,-3.1223999999999963,347.194402268,0.2828077768308124,5.01002988806577,0.0289709457314701,-0.2199701119342298,1,31,-6.3,-3.7
NC(=O)[C@H]1[C@@H](CO)[C@H](O)[C@H]2[C@H](CO)[C@](O)(CO)[C@H](O)[C@@]21O,N#CC[C@H]1[C@@H](CO)[C@H](O)[C@H]2[C@H](CO)[C@](O)(CO)[C@H](O)[C@]12O,[*]C(N)=O,[*]CC#N,[*:1]-[CH0](-[NH2])=[OH0]>>[*:1]-[CH2]-[CH0]#[NH0],22,-3.4470199999999984,303.131802012,0.2814987680438761,5.393643458676829,0.0276619369445337,0.1636434586768294,1,32,-6.3,-5.5
NC(=O)[C@H]1[C@@H](CO)[C@H](O)[C@H]2[C@H](CO)[C@](O)(CO)[C@H](O)[C@@]21O,CN1CCN([C@H]2[C@@H](CO)[C@H](O)[C@H]3[C@H](CO)[C@](O)(CO)[C@H](O)[C@]23O)CC1,[*]C(N)=O,[*]N1CCN(C)CC1,[*:1]-[CH0](-[NH2])=[OH0]>>[*:1]-[NH0]1-[CH2]-[CH2]-[NH0](-[CH3])-[CH2]-[CH2]-1,19,-4.360899999999993,362.2053012999999,0.2633834336830654,5.046381966812493,0.009546602583723,-0.1836180331875061,1,33,-6.3,-3.8
NC(=O)[C@H]1[C@@H](CO)[C@H](O)[C@H]2[C@H](CO)[C@](O)(CO)[C@H](O)[C@@]21O,CC(=O)N[C@H]1[C@@H](CO)[C@H](O)[C@H]2[C@H](CO)[C@](O)(CO)[C@H](O)[C@]12O,[*]C(N)=O,[*]NC(C)=O,[*:1]-[CH0](-[NH2])=[OH0]>>[*:1]-[NH1]-[CH0](-[CH3])=[OH0],174,-4.472199999999995,321.142366696,0.2560184477453308,5.184088289284931,0.0021816166459884,-0.0459117107150683,1,34,-6.3,-3.8
NC(=O)[C@H]1[C@@H](CO)[C@H](O)[C@H]2[C@H](CO)[C@](O)(CO)[C@H](O)[C@@]21O,N#CC[C@@]1(O)[C@@H](CO)[C@@H]2[C@@H](O)[C@H](CO)[C@H](C(N)=O)[C@@]2(O)[C@H]1O,[*]CO,[*]CC#N,[*:1]-[CH2]-[OH1]>>[*:1]-[CH2]-[CH0]#[NH0],35,-3.9540199999999968,316.12705098,0.2732751958497272,5.355872904669546,0.0194383647503849,0.1258729046695466,1,35,-6.3,-4.9
NC(=O)[C@H]1[C@@H](CO)[C@H](O)[C@H]2[C@H](CO)[C@](O)(CO)[C@H](O)[C@@]21O,OCC[C@H]1[C@@H](CO)[C@H](O)[C@H]2[C@H](CO)[C@](O)(CO)[C@H](O)[C@]12O,[*]C(N)=O,[*]CCO,[*:1]-[CH0](-[NH2])=[OH0]>>[*:1]-[CH2]-[CH2]-[OH1],23,-3.978299999999998,308.147117728,0.2548844753188149,5.27440289923627,0.0010476442194726,0.0444028992362701,1,36,-6.3,-7.0
NC(=O)[C@H]1[C@@H](CO)[C@H](O)[C@H]2[C@H](CO)[C@](O)(CO)[C@H](O)[C@@]21O,CCN[C@H]1[C@H](O)[C@H]2[C@H](CO)[C@](O)(CO)[C@H](O)[C@]2(O)[C@H]1C(N)=O,[*]CO,[*]NCC,[*:1]-[CH2]-[OH1]>>[*:1]-[NH1]-[CH2]-[CH3],10,-4.5057999999999945,320.1583511079999,0.2497095179541955,5.232170880378048,-0.0041273131451467,0.0021708803780482,1,37,-6.3,-4.7
NC(=O)[C@H]1[C@@H](CO)[C@H](O)[C@H]2[C@H](CO)[C@](O)(CO)[C@H](O)[C@@]21O,CNC(=O)[C@H]1[C@H](O)[C@H]2[C@H](CO)[C@](O)(CO)[C@H](O)[C@]2(O)[C@H]1C(N)=O,[*]CO,[*]C(=O)NC,[*:1]-[CH2]-[OH1]>>[*:1]-[CH0](=[OH0])-[NH1]-[CH3],106,-5.121699999999994,334.13761566399995,0.2498334152341622,5.124792374048883,-0.00400341586518,-0.1052076259511167,1,38,-6.3,-2.5
NC(=O)[C@H]1[C@@H](CO)[C@H](O)[C@H]2[C@H](CO)[C@](O)(CO)[C@H](O)[C@@]21O,COC[C@H]1[C@@H](CO)[C@H](O)[C@H]2[C@H](CO)[C@](O)(CO)[C@H](O)[C@]12O,[*]C(N)=O,[*]COC,[*:1]-[CH0](-[NH2])=[OH0]>>[*:1]-[CH2]-[OH0]-[CH3],42,-3.714299999999997,308.147117728,0.2739268800357389,5.2415296125229816,0.0200900489363966,0.011529612522982,1,39,-6.3,-5.6
NC(=O)[C@H]1[C@@H](CO)[C@H](O)[C@H]2[C@H](CO)[C@](O)(CO)[C@H](O)[C@@]21O,CC(=O)N[C@H]1[C@@H]2[C@@H](O)[C@H](CO)[C@H](C(N)=O)[C@@]2(O)[C@@H](O)[C@@]1(O)CO,[*]CO,[*]NC(C)=O,[*:1]-[CH2]-[OH1]>>[*:1]-[NH1]-[CH0](-[CH3])=[OH0],71,-4.979199999999994,334.137615664,0.250163756431022,5.119246872093211,-0.0036730746683202,-0.1107531279067881,1,40,-6.3,-4.2
NC(=O)[C@H]1[C@@H](CO)[C@H](O)[C@H]2[C@H](CO)[C@](O)(CO)[C@H](O)[C@@]21O,CN(C)C(=O)[C@@]1(O)[C@@H](CO)[C@@H]2[C@@H](O)[C@H](CO)[C@H](C(N)=O)[C@@]2(O)[C@H]1O,[*]CO,[*]C(=O)N(C)C,[*:1]-[CH2]-[OH1]>>[*:1]-[CH0](=[OH0])-[NH0](-[CH3])-[CH3],100,-4.7794999999999925,348.153265728,0.2637295058642416,5.185901499279272,0.0098926747648993,-0.0440985007207279,1,41,-6.3,-2.5
NC(=O)[C@H]1[C@@H](CO)[C@H](O)[C@H]2[C@H](CO)[C@](O)(CO)[C@H](O)[C@@]21O,CN(C)C[C@H]1[C@@H]2[C@@H](O)[C@H](CO)[C@H](C(N)=O)[C@@]2(O)[C@@H](O)[C@@]1(O)CO,[*]CO,[*]CN(C)C,[*:1]-[CH2]-[OH1]>>[*:1]-[CH2]-[NH0](-[CH3])-[CH3],100,-4.306099999999993,334.174001172,0.2648577478841183,5.179102152406119,0.011020916784776,-0.0508978475938803,1,42,-6.3,-3.7
NC(=O)[C@H]1[C@@H](CO)[C@H](O)[C@H]2[C@H](CO)[C@](O)(CO)[C@H](O)[C@@]21O,NC(=O)[C@H]1[C@@H](CCO)[C@H](O)[C@H]2[C@H](CO)[C@](O)(CO)[C@H](O)[C@]12O,[*]CO,[*]CCO,[*:1]-[CH2]-[OH1]>>[*:1]-[CH2]-[CH2]-[OH1],158,-4.485299999999993,321.142366696,0.2488652982613894,5.2279198682323,-0.0049715328379528,-0.0020801317676992,1,43,-6.3,-6.1
NC(=O)[C@H]1[C@@H](CO)[C@H](O)[C@H]2[C@H](CO)[C@](O)(CO)[C@H](O)[C@@]21O,O=C([C@H]1[C@@H](CO)[C@H](O)[C@H]2[C@H](CO)[C@](O)(CO)[C@H](O)[C@]12O)N1CCC1,[*]C(N)=O,[*]C(=O)N1CCC1,[*:1]-[CH0](-[NH2])=[OH0]>>[*:1]-[CH0](=[OH0])-[NH0]1-[CH2]-[CH2]-[CH2]-1,20,-4.1283999999999965,347.15801675999995,0.2696718370864225,4.998663091785127,0.0158350059870802,-0.2313369082148728,1,44,-6.3,-2.4
NC(=O)[C@H]1[C@@H](CO)[C@H](O)[C@H]2[C@H](CO)[C@](O)(CO)[C@H](O)[C@@]21O,CN1CCN([C@@]2(O)[C@@H](CO)[C@@H]3[C@@H](O)[C@H](CO)[C@H](C(N)=O)[C@@]3(O)[C@H]2O)CC1,[*]CO,[*]N1CCN(C)CC1,[*:1]-[CH2]-[OH1]>>[*:1]-[NH0]1-[CH2]-[CH2]-[NH0](-[CH3])-[CH2]-[CH2]-1,20,-4.662799999999992,375.200550268,0.2550565416361314,5.108156576112091,0.0012197105367891,-0.1218434238879089,1,45,-6.3,-0.8
NC(=O)[C@H]1[C@@H](CO)[C@H](O)[C@H]2[C@H](CO)[C@](O)(CO)[C@H](O)[C@@]21O,OC[C@H]1[C@H](O)[C@H]2[C@H](CO)[C@](O)(CO)[C@H](O)[C@]2(O)[C@H]1OC(F)F,[*]C(N)=O,[*]OC(F)F,[*:1]-[CH0](-[NH2])=[OH0]>>[*:1]-[OH0]-[CH1](-[FH0])-[FH0],12,-3.3690999999999987,330.11262404,0.2759655947992928,5.417361973495458,0.0221287636999504,0.1873619734954585,1,46,-6.3,-5.0
NC(=O)[C@H]1[C@@H](CO)[C@H](O)[C@H]2[C@H](CO)[C@](O)(CO)[C@H](O)[C@@]21O,NC(=O)[C@H]1[C@@H](C(F)F)[C@H](O)[C@H]2[C@H](CO)[C@](O)(CO)[C@H](O)[C@]12O,[*]CO,[*]C(F)F,[*:1]-[CH2]-[OH1]>>[*:1]-[CH1](-[FH0])-[FH0],42,-3.6026,327.112958388,0.2801281528201099,5.364538809817031,0.0262913217207676,0.1345388098170312,1,47,-6.3,-6.0
NC(=O)[C@H]1[C@@H](CO)[C@H](O)[C@H]2[C@H](CO)[C@](O)(CO)[C@H](O)[C@@]21O,O=C1COCCN1[C@H]1[C@@H](CO)[C@H](O)[C@H]2[C@H](CO)[C@](O)(CO)[C@H](O)[C@]12O,[*]C(N)=O,[*]N1CCOCC1=O,[*:1]-[CH0](-[NH2])=[OH0]>>[*:1]-[NH0]1-[CH2]-[CH2]-[OH0]-[CH2]-[CH0]-1=[OH0],10,-4.749499999999993,363.15293138,0.2589381363591961,5.22283983133603,0.0051013052598538,-0.0071601686639697,1,48,-6.3,-3.8
NC(=O)[C@H]1[C@@H](CO)[C@H](O)[C@H]2[C@H](CO)[C@](O)(CO)[C@H](O)[C@@]21O,CNC[C@H]1[C@@H](CO)[C@H](O)[C@H]2[C@H](CO)[C@](O)(CO)[C@H](O)[C@]12O,[*]C(N)=O,[*]CNC,[*:1]-[CH0](-[NH2])=[OH0]>>[*:1]-[CH2]-[NH1]-[CH3],18,-4.141299999999997,307.16310214,0.2546582863324972,5.327660241893612,0.0008214552331549,0.0976602418936121,1,49,-6.3,-5.6
NC(=O)[C@H]1[C@@H](CO)[C@H](O)[C@H]2[C@H](CO)[C@](O)(CO)[C@H](O)[C@@]21O,CC(=O)N(C)[C@H]1[C@@H](CO)[C@H](O)[C@H]2[C@H](CO)[C@](O)(CO)[C@H](O)[C@]12O,[*]C(N)=O,[*]N(C)C(C)=O,[*:1]-[CH0](-[NH2])=[OH0]>>[*:1]-[NH0](-[CH3])-[CH0](-[CH3])=[OH0],15,-4.129999999999996,335.15801676,0.2723987911895402,5.262188462705989,0.0185619600901979,0.0321884627059896,1,50,-6.3,-3.1
NC(=O)[C@H]1[C@@H](CO)[C@H](O)[C@H]2[C@H](CO)[C@](O)(CO)[C@H](O)[C@@]21O,CNC[C@H]1[C@@H]2[C@@H](O)[C@H](CO)[C@H](C(N)=O)[C@@]2(O)[C@@H](O)[C@@]1(O)CO,[*]CO,[*]CNC,[*:1]-[CH2]-[OH1]>>[*:1]-[CH2]-[NH1]-[CH3],38,-4.648299999999994,320.158351108,0.2491531778288085,5.274396791309222,-0.0046836532705337,0.0443967913092224,1,51,-6.3,-5.4
NC(=O)[C@H]1[C@@H](CO)[C@H](O)[C@H]2[C@H](CO)[C@](O)(CO)[C@H](O)[C@@]21O,CCC[C@H]1[C@@H]2[C@@H](O)[C@H](CO)[C@H](C(N)=O)[C@@]2(O)[C@@H](O)[C@@]1(O)CO,[*]CO,[*]CCC,[*:1]-[CH2]-[OH1]>>[*:1]-[CH2]-[CH2]-[CH3],44,-3.067599999999997,319.16310214000003,0.2823830409886012,5.141587884426631,0.0285462098892588,-0.0884121155733685,1,52,-6.3,-3.7
NC(=O)[C@H]1[C@@H](CO)[C@H](O)[C@H]2[C@H](CO)[C@](O)(CO)[C@H](O)[C@@]21O,NC(=O)C[C@H]1[C@@H]2[C@@H](O)[C@H](CO)[C@H](C(N)=O)[C@@]2(O)[C@@H](O)[C@@]1(O)CO,[*]CO,[*]CC(N)=O,[*:1]-[CH2]-[OH1]>>[*:1]-[CH2]-[CH0](-[NH2])=[OH0],21,-4.992299999999995,334.137615664,0.2433650770830948,5.154714147190996,-0.0104717540162474,-0.0752858528090039,1,53,-6.3,-5.1
NC(=O)[C@H]1[C@@H](CO)[C@H](O)[C@H]2[C@H](CO)[C@](O)(CO)[C@H](O)[C@@]21O,OC[C@H]1[C@H](O)[C@H]2[C@H](CO)[C@](O)(CO)[C@H](O)[C@]2(O)[C@H]1N1CCOCC1,[*]C(N)=O,[*]N1CCOCC1,[*:1]-[CH0](-[NH2])=[OH0]>>[*:1]-[NH0]1-[CH2]-[CH2]-[OH0]-[CH2]-[CH2]-1,40,-4.276099999999993,349.17366682399995,0.267099284228098,5.104224207592397,0.0132624531287556,-0.1257757924076026,1,54,-6.3,-1.2
NC(=O)[C@H]1[C@@H](CO)[C@H](O)[C@H]2[C@H](CO)[C@](O)(CO)[C@H](O)[C@@]21O,CNC(=O)C[C@H]1[C@@H](CO)[C@H](O)[C@H]2[C@H](CO)[C@](O)(CO)[C@H](O)[C@]12O,[*]C(N)=O,[*]CC(=O)NC,[*:1]-[CH0](-[NH2])=[OH0]>>[*:1]-[CH2]-[CH0](=[OH0])-[NH1]-[CH3],12,-4.224599999999995,335.15801676,0.2496703961837886,5.172196324505206,-0.0041664349155536,-0.0578036754947932,1,55,-6.3,-3.5
NC(=O)[C@H]1[C@@H](CO)[C@H](O)[C@H]2[C@H](CO)[C@](O)(CO)[C@H](O)[C@@]21O,CCOC[C@H]1[C@H](O)[C@H]2[C@H](CO)[C@](O)(CO)[C@H](O)[C@]2(O)[C@H]1C(N)=O,[*]CO,[*]COCC,[*:1]-[CH2]-[OH1]>>[*:1]-[CH2]-[OH0]-[CH2]-[CH3],20,-3.831199999999997,335.15801675999995,0.2583063892127178,5.166657862966746,0.0044695581133755,-0.0633421370332536,1,56,-6.3,-4.6
NC(=O)[C@H]1[C@@H](CO)[C@H](O)[C@H]2[C@H](CO)[C@](O)(CO)[C@H](O)[C@@]21O,NC(=O)[C@H]1[C@@H](CO)[C@H](O)[C@H]2[C@H](N3CCOCC3)[C@](O)(CO)[C@H](O)[C@]12O,[*]CO,[*]N1CCOCC1,[*:1]-[CH2]-[OH1]>>[*:1]-[NH0]1-[CH2]-[CH2]-[OH0]-[CH2]-[CH2]-1,42,-4.783099999999992,362.168915792,0.2585203946488822,5.0552703709456726,0.0046835635495399,-0.1747296290543269,1,57,-6.3,-3.9
NC(=O)[C@H]1[C@@H](CO)[C@H](O)[C@H]2[C@H](CO)[C@](O)(CO)[C@H](O)[C@@]21O,NC(=O)C[C@H]1[C@@H](CO)[C@H](O)[C@H]2[C@H](CO)[C@](O)(CO)[C@H](O)[C@]12O,[*]C(N)=O,[*]CC(N)=O,[*:1]-[CH0](-[NH2])=[OH0]>>[*:1]-[CH2]-[CH0](-[NH2])=[OH0],26,-4.485299999999995,321.142366696,0.2488652982613894,5.199581406693838,-0.0049715328379528,-0.0304185933061615,1,58,-6.3,-6.6
NC(=O)[C@H]1[C@@H](CO)[C@H](O)[C@H]2[C@H](CO)[C@](O)(CO)[C@H](O)[C@@]21O,NC(=O)[C@H]1[C@@H](CC(=O)O)[C@H](O)[C@H]2[C@H](CO)[C@](O)(CO)[C@H](O)[C@]12O,[*]CO,[*]CC(=O)O,[*:1]-[CH2]-[OH1]>>[*:1]-[CH2]-[CH0](=[OH0])-[OH1],49,-4.392999999999995,335.121631252,0.2439260293104959,5.126965516161008,-0.0099108017888463,-0.103034483838992,1,59,-6.3,-5.8
NC(=O)[C@H]1[C@@H](CO)[C@H](O)[C@H]2[C@H](CO)[C@](O)(CO)[C@H](O)[C@@]21O,NC(=O)[C@H]1[C@@H](CO)[C@H](O)[C@H]2[C@H](CO)[C@](O)(C(F)(F)F)[C@H](O)[C@]12O,[*]CO,[*]C(F)(F)F,[*:1]-[CH2]-[OH1]>>[*:1]-[CH0](-[FH0])(-[FH0])-[FH0],176,-3.3053999999999992,345.10353657599995,0.2813520358495265,5.227032584452156,0.0275152047501842,-0.0029674155478431,1,60,-6.3,-4.7
NC(=O)[C@H]1[C@@H](CO)[C@H](O)[C@H]2[C@H](CO)[C@](O)(CO)[C@H](O)[C@@]21O,O=C(O)C[C@H]1[C@@H](CO)[C@H](O)[C@H]2[C@H](CO)[C@](O)(CO)[C@H](O)[C@]12O,[*]C(N)=O,[*]CC(=O)O,[*:1]-[CH0](-[NH2])=[OH0]>>[*:1]-[CH2]-[CH0](=[OH0])-[OH1],32,-3.8859999999999983,322.126382284,0.2510629450927741,5.162352256896268,-0.0027738860065681,-0.0676477431037314,1,61,-6.3,-6.1
NC(=O)[C@H]1[C@@H](CO)[C@H](O)[C@H]2[C@H](CO)[C@](O)(CO)[C@H](O)[C@@]21O,OCCO[C@H]1[C@@H](CO)[C@H](O)[C@H]2[C@H](CO)[C@](O)(CO)[C@H](O)[C@]12O,[*]C(N)=O,[*]OCCO,[*:1]-[CH0](-[NH2])=[OH0]>>[*:1]-[OH0]-[CH2]-[CH2]-[OH1],14,-4.599399999999995,324.142032348,0.2392535328567366,5.242511394129269,-0.0145832982426056,0.0125113941292696,1,62,-6.3,-4.1
NC(=O)[C@H]1[C@@H](CO)[C@H](O)[C@H]2[C@H](CO)[C@](O)(CO)[C@H](O)[C@@]21O,CCNC(=O)[C@H]1[C@@H](CO)[C@H](O)[C@H]2[C@H](CO)[C@](O)(CO)[C@H](O)[C@]12O,[*]C(N)=O,[*]C(=O)NCC,[*:1]-[CH0](-[NH2])=[OH0]>>[*:1]-[CH0](=[OH0])-[NH1]-[CH2]-[CH3],105,-4.224599999999995,335.15801676,0.2496703961837886,5.077232478351361,-0.0041664349155536,-0.1527675216486388,1,63,-6.3,-3.6
NC(=O)[C@H]1[C@@H](CO)[C@H](O)[C@H]2[C@H](CO)[C@](O)(CO)[C@H](O)[C@@]21O,COCC[C@H]1[C@H](O)[C@H]2[C@H](CO)[C@](O)(CO)[C@H](O)[C@]2(O)[C@H]1C(N)=O,[*]CO,[*]CCOC,[*:1]-[CH2]-[OH1]>>[*:1]-[CH2]-[CH2]-[OH0]-[CH3],13,-3.831199999999997,335.15801675999995,0.2583063892127178,5.14706324758213,0.0044695581133755,-0.0829367524178694,1,64,-6.3,-4.1
NC(=O)[C@H]1[C@@H](CO)[C@H](O)[C@H]2[C@H](CO)[C@](O)(CO)[C@H](O)[C@@]21O,CN(C)C[C@H]1[C@@H](CO)[C@H](O)[C@H]2[C@H](CO)[C@](O)(CO)[C@H](O)[C@]12O,[*]C(N)=O,[*]CN(C)C,[*:1]-[CH0](-[NH2])=[OH0]>>[*:1]-[CH2]-[NH0](-[CH3])-[CH3],35,-3.7990999999999966,321.178752204,0.2729664682251061,5.224825131390194,0.0191296371257638,-0.0051748686098056,1,65,-6.3,-4.8
NC(=O)[C@H]1[C@@H](CO)[C@H](O)[C@H]2[C@H](CO)[C@](O)(CO)[C@H](O)[C@@]21O,CC(=O)NC[C@H]1[C@@H](CO)[C@H](O)[C@H]2[C@H](CO)[C@](O)(CO)[C@H](O)[C@]12O,[*]C(N)=O,[*]CNC(C)=O,[*:1]-[CH0](-[NH2])=[OH0]>>[*:1]-[CH2]-[NH1]-[CH0](-[CH3])=[OH0],28,-4.224599999999995,335.15801676,0.2496703961837886,5.172992478351361,-0.0041664349155536,-0.0570075216486385,1,66,-6.3,-4.0
NC(=O)[C@H]1[C@@H](CO)[C@H](O)[C@H]2[C@H](CO)[C@](O)(CO)[C@H](O)[C@@]21O,NC(=O)[C@H]1[C@@H](CO)[C@H](O)[C@H]2[C@H](N3CCCC3)[C@](O)(CO)[C@H](O)[C@]12O,[*]CO,[*]N1CCCC1,[*:1]-[CH2]-[OH1]>>[*:1]-[NH0]1-[CH2]-[CH2]-[CH2]-[CH2]-1,11,-4.019499999999995,346.174001172,0.2700413450164697,5.022501278598314,0.0162045139171274,-0.2074987214016852,1,67,-6.3,-2.6
NC(=O)[C@H]1[C@@H](CO)[C@H](O)[C@H]2[C@H](CO)[C@](O)(CO)[C@H](O)[C@@]21O,NC(=O)[C@H]1[C@@H](N2CCCC2=O)[C@H](O)[C@H]2[C@H](CO)[C@](O)(CO)[C@H](O)[C@]12O,[*]CO,[*]N1CCCC1=O,[*:1]-[CH2]-[OH1]>>[*:1]-[NH0]1-[CH2]-[CH2]-[CH2]-[CH0]-1=[OH0],10,-4.492899999999994,360.1532657279999,0.2613700739762866,5.089141563931791,0.0075332428769443,-0.1408584360682088,1,68,-6.3,-1.7
NC(=O)[C@H]1[C@@H](CO)[C@H](O)[C@H]2[C@H](CO)[C@](O)(CO)[C@H](O)[C@@]21O,O=C([C@H]1[C@@H](CO)[C@H](O)[C@H]2[C@H](CO)[C@](O)(CO)[C@H](O)[C@]12O)N1CCCC1,[*]C(N)=O,[*]C(=O)N1CCCC1,[*:1]-[CH0](-[NH2])=[OH0]>>[*:1]-[CH0](=[OH0])-[NH0]1-[CH2]-[CH2]-[CH2]-[CH2]-1,56,-3.738299999999997,361.173666824,0.2686905006882721,4.9141098657791975,0.0148536695889298,-0.315890134220802,1,69,-6.3,-2.2
NC(=O)[C@H]1[C@@H](CO)[C@H](O)[C@H]2[C@H](CO)[C@](O)(CO)[C@H](O)[C@@]21O,CC(C)O[C@H]1[C@@H](CO)[C@H](O)[C@H]2[C@H](CO)[C@](O)(CO)[C@H](O)[C@]12O,[*]C(N)=O,[*]OC(C)C,[*:1]-[CH0](-[NH2])=[OH0]>>[*:1]-[OH0]-[CH1](-[CH3])-[CH3],14,-3.1832999999999974,322.16276779199995,0.2797835970468235,5.245837277139183,0.0259467659474811,0.015837277139183,1,70,-6.3,-3.1
NC(=O)[C@H]1[C@@H](CO)[C@H](O)[C@H]2[C@H](CO)[C@](O)(CO)[C@H](O)[C@@]21O,NC(=O)[C@H]1[C@@H](CO)[C@H](O)[C@H]2[C@H](C(=O)NC3CC3)[C@](O)(CO)[C@H](O)[C@]12O,[*]CO,[*]C(=O)NC1CC1,[*:1]-[CH2]-[OH1]>>[*:1]-[CH0](=[OH0])-[NH1]-[CH1]1-[CH2]-[CH2]-1,14,-4.589099999999994,360.15326572799995,0.2397762033837396,4.981388438595589,-0.0140606277156026,-0.2486115614044104,1,71,-6.3,-5.2
NC(=O)[C@H]1[C@@H](CO)[C@H](O)[C@H]2[C@H](CO)[C@](O)(CO)[C@H](O)[C@@]21O,OC[C@H]1[C@H](O)[C@H]2[C@H](CO)[C@](O)(CO)[C@H](O)[C@]2(O)[C@H]1C(F)(F)F,[*]C(N)=O,[*]C(F)(F)F,[*:1]-[CH0](-[NH2])=[OH0]>>[*:1]-[CH0](-[FH0])(-[FH0])-[FH0],163,-2.798399999999999,332.108287608,0.295959042980883,5.308761062564283,0.0421222118815406,0.0787610625642836,1,72,-6.3,-6.4
NC(=O)[C@H]1[C@@H](CO)[C@H](O)[C@H]2[C@H](CO)[C@](O)(CO)[C@H](O)[C@@]21O,NC(=O)[C@H]1[C@@H](OC(F)F)[C@H](O)[C@H]2[C@H](CO)[C@](O)(CO)[C@H](O)[C@]12O,[*]CO,[*]OC(F)F,[*:1]-[CH2]-[OH1]>>[*:1]-[OH0]-[CH1](-[FH0])-[FH0],13,-3.876099999999999,343.107873008,0.2652922681203475,5.373143091128414,0.0114554370210052,0.1431430911284144,1,73,-6.3,-6.8
NC(=O)[C@H]1[C@@H](CO)[C@H](O)[C@H]2[C@H](CO)[C@](O)(CO)[C@H](O)[C@@]21O,CCNC(=O)[C@@]1(O)[C@@H](CO)[C@@H]2[C@@H](O)[C@H](CO)[C@H](C(N)=O)[C@@]2(O)[C@H]1O,[*]CO,[*]C(=O)NCC,[*:1]-[CH2]-[OH1]>>[*:1]-[CH0](=[OH0])-[NH1]-[CH2]-[CH3],41,-4.731599999999993,348.153265728,0.242469023985954,5.104482233933302,-0.0113678071133882,-0.1255177660666975,1,74,-6.3,-4.1
NC(=O)[C@H]1[C@@H](CO)[C@H](O)[C@H]2[C@H](CO)[C@](O)(CO)[C@H](O)[C@@]21O,CC(C)(C)[C@H]1[C@H](O)[C@H]2[C@H](CO)[C@](O)(CO)[C@H](O)[C@]2(O)[C@H]1C(N)=O,[*]CO,[*]C(C)(C)C,[*:1]-[CH2]-[OH1]>>[*:1]-[CH0](-[CH3])(-[CH3])-[CH3],32,-2.821599999999997,333.178752204,0.2925121527207868,5.190810568537036,0.0386753216214444,-0.0391894314629635,1,75,-6.3,-2.4
NC(=O)[C@H]1[C@@H](CO)[C@H](O)[C@H]2[C@H](CO)[C@](O)(CO)[C@H](O)[C@@]21O,NC(=O)[C@H]1[C@@H](CO)[C@H](O)[C@H]2[C@H](CO)[C@](O)(CCCO)[C@H](O)[C@]12O,[*]CO,[*]CCCO,[*:1]-[CH2]-[OH1]>>[*:1]-[CH2]-[CH2]-[CH2]-[OH1],32,-4.095199999999993,335.15801676,0.2405695397905568,5.188110170659053,-0.0132672913087854,-0.0418898293409464,1,76,-6.3,-3.3
NC(=O)[C@H]1[C@@H](CO)[C@H](O)[C@H]2[C@H](CO)[C@](O)(CO)[C@H](O)[C@@]21O,NC(=O)[C@H]1[C@@H](CO)[C@H](O)[C@H]2[C@H](CO)[C@](O)(Cc3ccc(O)cc3)[C@H](O)[C@]12O,[*]CO,[*]Cc1ccc(O)cc1,[*:1]-[CH2]-[OH1]>>[*:1]-[CH2]-[cH0]1:[cH1]:[cH1]:[cH0](-[OH1]):[cH1]:[cH1]:1,10,-2.919399999999999,383.15801676,0.2656506573507177,4.851734821061703,0.0118138262513754,-0.3782651789382969,1,77,-6.3,-4.5
NC(=O)[C@H]1[C@@H](CO)[C@H](O)[C@H]2[C@H](CO)[C@](O)(CO)[C@H](O)[C@@]21O,OC[C@H]1[C@H](O)[C@H]2[C@H](CO)[C@](O)(CO)[C@H](O)[C@]2(O)[C@H]1N1CCNCC1,[*]C(N)=O,[*]N1CCNCC1,[*:1]-[CH0](-[NH2])=[OH0]>>[*:1]-[NH0]1-[CH2]-[CH2]-[NH1]-[CH2]-[CH2]-1,10,-4.703099999999994,348.1896512359999,0.2499315616399312,5.193120775639735,-0.003905269459411,-0.0368792243602644,1,78,-6.3,-2.1
NC(=O)[C@H]1[C@@H](CO)[C@H](O)[C@H]2[C@H](CO)[C@](O)(CO)[C@H](O)[C@@]21O,NC(=O)[C@H]1[C@@H](CO)[C@H](O)[C@H]2[C@H](C(=O)N3CCCC3)[C@](O)(CO)[C@H](O)[C@]12O,[*]CO,[*]C(=O)N1CCCC1,[*:1]-[CH2]-[OH1]>>[*:1]-[CH0](=[OH0])-[NH0]1-[CH2]-[CH2]-[CH2]-[CH2]-1,17,-4.245299999999994,374.168915792,0.2578015245154864,4.8740702884866725,0.003964693416144,-0.3559297115133271,1,79,-6.3,-3.6
NC(=O)[C@H]1[C@@H](CO)[C@H](O)[C@H]2[C@H](CO)[C@](O)(CO)[C@H](O)[C@@]21O,NC(=O)[C@H]1[C@@H](CO)[C@H](O)[C@H]2[C@H](CO)[C@](O)(CN3CCCC3)[C@H](O)[C@]12O,[*]CO,[*]CN1CCCC1,[*:1]-[CH2]-[OH1]>>[*:1]-[CH2]-[NH0]1-[CH2]-[CH2]-[CH2]-[CH2]-1,27,-3.771899999999996,360.189651236,0.2621235976139524,5.008532368649462,0.0082867665146101,-0.2214676313505377,1,80,-6.3,-4.0
NC(=O)[C@H]1[C@@H](CO)[C@H](O)[C@H]2[C@H](CO)[C@](O)(CO)[C@H](O)[C@@]21O,NC(=O)[C@H]1[C@@H](CO)[C@H](O)[C@H]2[C@H](CO)[C@](O)(C(=O)N3CCOCC3)[C@H](O)[C@]12O,[*]CO,[*]C(=O)N1CCOCC1,[*:1]-[CH2]-[OH1]>>[*:1]-[CH0](=[OH0])-[NH0]1-[CH2]-[CH2]-[OH0]-[CH2]-[CH2]-1,26,-5.008899999999993,390.163830412,0.2458725968815392,4.997638667215548,-0.007964234217803,-0.2323613327844516,1,81,-6.3,-3.2
NC(=O)[C@H]1[C@@H](CO)[C@H](O)[C@H]2[C@H](CO)[C@](O)(CO)[C@H](O)[C@@]21O,CC(C)O[C@H]1[C@@H]2[C@@H](O)[C@H](CO)[C@H](C(N)=O)[C@@]2(O)[C@@H](O)[C@@]1(O)CO,[*]CO,[*]OC(C)C,[*:1]-[CH2]-[OH1]>>[*:1]-[OH0]-[CH1](-[CH3])-[CH3],22,-3.690299999999996,335.15801676,0.2686960459222496,5.178902673918504,0.0148592148229073,-0.0510973260814955,1,82,-6.3,-3.0
NC(=O)[C@H]1[C@@H](CO)[C@H](O)[C@H]2[C@H](CO)[C@](O)(CO)[C@H](O)[C@@]21O,CC(C)(O)[C@H]1[C@@H](CO)[C@H](O)[C@H]2[C@H](CO)[C@](O)(CO)[C@H](O)[C@@]21O,[*]C(N)=O,[*]C(C)(C)O,[*:1]-[CH0](-[NH2])=[OH0]>>[*:1]-[CH0](-[CH3])(-[CH3])-[OH1],28,-3.5897999999999977,322.16276779199995,0.2632940560528655,5.308867381245603,0.0094572249535232,0.0788673812456037,1,83,-6.3,-3.4
NC(=O)[C@H]1[C@@H](CO)[C@H](O)[C@H]2[C@H](CO)[C@](O)(CO)[C@H](O)[C@@]21O,CCN(C)C(=O)[C@H]1[C@@H](CO)[C@H](O)[C@H]2[C@H](CO)[C@](O)(CO)[C@H](O)[C@]12O,[*]C(N)=O,[*]C(=O)N(C)CC,[*:1]-[CH0](-[NH2])=[OH0]>>[*:1]-[CH0](=[OH0])-[NH0](-[CH3])-[CH2]-[CH3],12,-3.882399999999997,349.17366682399995,0.2650229282846824,5.147394144603277,0.0111860971853401,-0.0826058553967223,1,84,-6.3,-2.8
NC(=O)[C@H]1[C@@H](CO)[C@H](O)[C@H]2[C@H](CO)[C@](O)(CO)[C@H](O)[C@@]21O,C[C@H](O)[C@H]1[C@@H]2[C@@H](O)[C@H](CO)[C@H](C(N)=O)[C@@]2(O)[C@@H](O)[C@@]1(O)CO,[*]CO,[*][C@H](C)O,[*:1]-[CH2]-[OH1]>>[*:1]-[C@H1](-[CH3])-[OH1],30,-4.486899999999994,321.142366696,0.2544754301144798,5.292882972571372,0.0006385990151375,0.0628829725713728,1,85,-6.3,-4.6
NC(=O)[C@H]1[C@@H](CO)[C@H](O)[C@H]2[C@H](CO)[C@](O)(CO)[C@H](O)[C@@]21O,C[C@@H](O)[C@@]1(O)[C@@H](CO)[C@@H]2[C@@H](O)[C@H](CO)[C@H](C(N)=O)[C@@]2(O)[C@H]1O,[*]CO,[*][C@@H](C)O,[*:1]-[CH2]-[OH1]>>[*:1]-[C@@H1](-[CH3])-[OH1],25,-4.486899999999994,321.142366696,0.2544754301144797,5.3262447857581865,0.0006385990151374,0.0962447857581869,1,86,-6.3,-3.6
NC(=O)[C@H]1[C@@H](CO)[C@H](O)[C@H]2[C@H](CO)[C@](O)(CO)[C@H](O)[C@@]21O,O=C([C@H]1[C@@H](CO)[C@H](O)[C@H]2[C@H](CO)[C@](O)(CO)[C@H](O)[C@]12O)N1CCOCC1,[*]C(N)=O,[*]C(=O)N1CCOCC1,[*:1]-[CH0](-[NH2])=[OH0]>>[*:1]-[CH0](=[OH0])-[NH0]1-[CH2]-[CH2]-[OH0]-[CH2]-[CH2]-1,91,-4.501899999999994,377.1685814439999,0.2549395091878853,4.941094502533495,0.001102678088543,-0.2889054974665042,1,87,-6.3,-3.4
NC(=O)[C@H]1[C@@H](CO)[C@H](O)[C@H]2[C@H](CO)[C@](O)(CO)[C@H](O)[C@@]21O,CC(C)(O)[C@H]1[C@H](O)[C@H]2[C@H](CO)[C@](O)(CO)[C@H](O)[C@]2(O)[C@H]1C(N)=O,[*]CO,[*]C(C)(C)O,[*:1]-[CH2]-[OH1]>>[*:1]-[CH0](-[CH3])(-[CH3])-[OH1],77,-4.0967999999999964,335.15801675999995,0.2546153538024575,5.25367449426648,0.0007785227031151,0.0236744942664808,1,88,-6.3,-3.1
NC(=O)[C@H]1[C@@H](CO)[C@H](O)[C@H]2[C@H](CO)[C@](O)(CO)[C@H](O)[C@@]21O,OC[C@H]1[C@H](O)[C@H]2[C@H](CO)[C@](O)(CO)[C@H](O)[C@]2(O)[C@H]1OC(F)(F)F,[*]C(N)=O,[*]OC(F)(F)F,[*:1]-[CH0](-[NH2])=[OH0]>>[*:1]-[OH0]-[CH0](-[FH0])(-[FH0])-[FH0],44,-3.0718999999999994,348.103202228,0.2827376058321008,5.355110235848101,0.0289007747327585,0.1251102358481013,1,89,-6.3,-4.3
NC(=O)[C@H]1[C@@H](CO)[C@H](O)[C@H]2[C@H](CO)[C@](O)(CO)[C@H](O)[C@@]21O,CCC[C@H]1[C@@H](CO)[C@H](O)[C@H]2[C@H](CO)[C@](O)(CO)[C@H](O)[C@]12O,[*]C(N)=O,[*]CCC,[*:1]-[CH0](-[NH2])=[OH0]>>[*:1]-[CH2]-[CH2]-[CH3],10,-2.560599999999998,306.167853172,0.2960909575091869,5.19002192021529,0.0422541264098446,-0.0399780797847091,1,90,-6.3,-5.8
NC(=O)[C@H]1[C@@H](CO)[C@H](O)[C@H]2[C@H](CO)[C@](O)(CO)[C@H](O)[C@@]21O,CS(=O)(=O)C[C@H]1[C@@H](CO)[C@H](O)[C@H]2[C@H](CO)[C@](O)(CO)[C@H](O)[C@]12O,[*]C(N)=O,[*]CS(C)(=O)=O,[*:1]-[CH0](-[NH2])=[OH0]>>[*:1]-[CH2]-[SH0](-[CH3])(=[OH0])=[OH0],11,-4.316099999999995,356.1141033479999,0.2566907402595754,5.297855216291386,0.0028539091602331,0.0678552162913863,1,91,-6.3,-1.3
NC(=O)[C@H]1[C@@H](CO)[C@H](O)[C@H]2[C@H](CO)[C@](O)(CO)[C@H](O)[C@@]21O,CC(=O)[C@H]1[C@@H](CO)[C@H](O)[C@H]2[C@H](CO)[C@](O)(CO)[C@H](O)[C@]12O,[*]C(N)=O,[*]C(C)=O,[*:1]-[CH0](-[NH2])=[OH0]>>[*:1]-[CH0](-[CH3])=[OH0],156,-3.7716999999999983,306.131467664,0.2786495832422893,5.201812736066106,0.0248127521429469,-0.0281872639338933,1,92,-6.3,-6.3
NC(=O)[C@H]1[C@@H](CO)[C@H](O)[C@H]2[C@H](CO)[C@](O)(CO)[C@H](O)[C@@]21O,O=C(NC1CC1)[C@H]1[C@@H](CO)[C@H](O)[C@H]2[C@H](CO)[C@](O)(CO)[C@H](O)[C@]12O,[*]C(N)=O,[*]C(=O)NC1CC1,[*:1]-[CH0](-[NH2])=[OH0]>>[*:1]-[CH0](=[OH0])-[NH1]-[CH1]1-[CH2]-[CH2]-1,80,-4.082099999999997,347.15801675999995,0.248018451978415,5.030482872004908,-0.0058183791209273,-0.1995171279950911,1,93,-6.3,-3.2
NC(=O)[C@H]1[C@@H](CO)[C@H](O)[C@H]2[C@H](CO)[C@](O)(CO)[C@H](O)[C@@]21O,CC(=O)[C@H]1[C@@H]2[C@@H](O)[C@H](CO)[C@H](C(N)=O)[C@@]2(O)[C@@H](O)[C@@]1(O)CO,[*]CO,[*]C(C)=O,[*:1]-[CH2]-[OH1]>>[*:1]-[CH0](-[CH3])=[OH0],116,-4.278699999999994,319.126716632,0.2715357551549971,5.129987436190657,0.0176989240556548,-0.1000125638093427,1,94,-6.3,-4.7
NC(=O)[C@H]1[C@@H](CO)[C@H](O)[C@H]2[C@H](CO)[C@](O)(CO)[C@H](O)[C@@]21O,NC(=O)[C@H]1[C@@H](CO)[C@H](O)[C@H]2[C@H](CO)[C@](O)(OCCO)[C@H](O)[C@]12O,[*]CO,[*]OCCO,[*:1]-[CH2]-[OH1]>>[*:1]-[OH0]-[CH2]-[CH2]-[OH1],42,-4.901299999999994,337.137281316,0.2191334087670344,5.26652324758213,-0.0347034223323078,0.0365232475821306,1,95,-6.3,-3.2
NC(=O)[C@H]1[C@@H](CO)[C@H](O)[C@H]2[C@H](CO)[C@](O)(CO)[C@H](O)[C@@]21O,COC(=O)N[C@H]1[C@@H](CO)[C@H](O)[C@H]2[C@H](CO)[C@](O)(CO)[C@H](O)[C@]12O,[*]C(N)=O,[*]NC(=O)OC,[*:1]-[CH0](-[NH2])=[OH0]>>[*:1]-[NH1]-[CH0](=[OH0])-[OH0]-[CH3],11,-4.252299999999996,337.137281316,0.2519190821534683,5.173135555274438,-0.0019177489458739,-0.0568644447255612,1,96,-6.3,-3.8
NC(=O)[C@H]1[C@@H](CO)[C@H](O)[C@H]2[C@H](CO)[C@](O)(CO)[C@H](O)[C@@]21O,CN1CCN(C[C@H]2[C@@H](CO)[C@H](O)[C@H]3[C@H](CO)[C@](O)(CO)[C@H](O)[C@]23O)CC1,[*]C(N)=O,[*]CN1CCN(C)CC1,[*:1]-[CH0](-[NH2])=[OH0]>>[*:1]-[CH2]-[NH0]1-[CH2]-[CH2]-[NH0](-[CH3])-[CH2]-[CH2]-1,16,-4.113299999999994,376.2209513639999,0.2541151392887674,4.987188348687341,0.000278308189425,-0.2428116513126585,1,97,-6.3,-3.8
NC(=O)[C@H]1[C@@H](CO)[C@H](O)[C@H]2[C@H](CO)[C@](O)(CO)[C@H](O)[C@@]21O,O=C1CCCN1[C@H]1[C@@H](CO)[C@H](O)[C@H]2[C@H](CO)[C@](O)(CO)[C@H](O)[C@]12O,[*]C(N)=O,[*]N1CCCC1=O,[*:1]-[CH0](-[NH2])=[OH0]>>[*:1]-[NH0]1-[CH2]-[CH2]-[CH2]-[CH0]-1=[OH0],15,-3.985899999999997,347.15801675999995,0.2707004377531786,5.128251278598315,0.0168636066538362,-0.1017487214016847,1,98,-6.3,-3.9
NC(=O)[C@H]1[C@@H](CO)[C@H](O)[C@H]2[C@H](CO)[C@](O)(CO)[C@H](O)[C@@]21O,COC(=O)[C@H]1[C@@H](CO)[C@H](O)[C@H]2[C@H](CO)[C@](O)(CO)[C@H](O)[C@]12O,[*]C(N)=O,[*]C(=O)OC,[*:1]-[CH0](-[NH2])=[OH0]>>[*:1]-[CH0](=[OH0])-[OH0]-[CH3],299,-4.187699999999997,322.126382284,0.2537970866979909,5.113606507908413,-3.974440135140478e-05,-0.1163934920915865,1,99,-6.3,-5.7
C[C@@H]1[C@@H](O)[C@H](C(N)=O)[C@H](C)C[C@@H](O)[C@H]1[C@@H](O)P(=O)(O)O,C[C@H]1[C@H]([C@@H](O)P(=O)(O)O)[C@H](O)C[C@@H](C)[C@@H](C2CC2)[C@@H]1O,[*]C(N)=O,[*]C1CC1,[*:1]-[CH0](-[NH2])=[OH0]>>[*:1]-[CH1]1-[CH2]-[CH2]-1,17,0.5225999999999997,308.13887515,0.3831151995754393,4.841000573760374,0.1074644671351021,-0.0289994262396264,2,0,-5.1,-3.1
C[C@@H]1[C@@H](O)[C@H](C(N)=O)[C@H](C)C[C@@H](O)[C@H]1[C@@H](O)P(=O)(O)O,CO[C@@H]1[C@H](C)C[C@@H](O)[C@@H]([C@@H](O)P(=O)(O)O)[C@H](C)[C@H]1O,[*]C(N)=O,[*]OC,[*:1]-[CH0](-[NH2])=[OH0]>>[*:1]-[OH0]-[CH3],254,-0.4885999999999997,298.118139706,0.3512497325839421,4.802752387051823,0.0755990001436048,-0.0672476129481767,2,1,-5.1,-5.7
C[C@@H]1[C@@H](O)[C@H](C(N)=O)[C@H](C)C[C@@H](O)[C@H]1[C@@H](O)P(=O)(O)O,CC[C@@H]1[C@H](C)C[C@@H](O)[C@@H]([C@@H](O)P(=O)(O)O)[C@H](C)[C@H]1O,[*]C(N)=O,[*]CC,[*:1]-[CH0](-[NH2])=[OH0]>>[*:1]-[CH2]-[CH3],52,0.5225999999999997,296.13887515,0.3826652811901136,4.878989887051823,0.1070145487497764,0.0089898870518227,2,2,-5.1,-5.2
C[C@@H]1[C@@H](O)[C@H](C(N)=O)[C@H](C)C[C@@H](O)[C@H]1[C@@H](O)P(=O)(O)O,CC(C)[C@@H]1[C@H](C)C[C@@H](O)[C@@H]([C@@H](O)P(=O)(O)O)[C@H](C)[C@H]1O,[*]C(N)=O,[*]C(C)C,[*:1]-[CH0](-[NH2])=[OH0]>>[*:1]-[CH1](-[CH3])-[CH3],25,0.7685999999999997,310.154525214,0.3880000297267839,4.9246290081495125,0.1123492972864467,0.0546290081495124,2,3,-5.1,-2.8
C[C@@H]1[C@@H](O)[C@H](C(N)=O)[C@H](C)C[C@@H](O)[C@H]1[C@@H](O)P(=O)(O)O,C[C@H]1[C@H]([C@@H](O)P(=O)(O)O)[C@H](O)C[C@@H](C)[C@@H](CO)[C@@H]1O,[*]C(N)=O,[*]CO,[*:1]-[CH0](-[NH2])=[OH0]>>[*:1]-[CH2]-[OH1],246,-0.8950999999999998,298.118139706,0.293223542402632,4.901680271667208,0.0175728099622947,0.0316802716672075,2,4,-5.1,-5.4
C[C@@H]1[C@@H](O)[C@H](C(N)=O)[C@H](C)C[C@@H](O)[C@H]1[C@@H](O)P(=O)(O)O,C[C@H]1[C@H]([C@@H](O)P(=O)(O)O)[C@H](O)C[C@@H](C)[C@@H](CC(=O)N(C)C)[C@@H]1O,[*]C(N)=O,[*]CC(=O)N(C)C,[*:1]-[CH0](-[NH2])=[OH0]>>[*:1]-[CH2]-[CH0](=[OH0])-[NH0](-[CH3])-[CH3],10,-0.4091,353.1603388659999,0.3419937995282058,4.858396731089999,0.0663430670878685,-0.0116032689100009,2,5,-5.1,-2.5
C[C@@H]1[C@@H](O)[C@H](C(N)=O)[C@H](C)C[C@@H](O)[C@H]1[C@@H](O)P(=O)(O)O,C[C@H]1[C@H]([C@@H](O)P(=O)(O)O)[C@H](O)C[C@@H](C)[C@@H](CN)[C@@H]1O,[*]C(N)=O,[*]CN,[*:1]-[CH0](-[NH2])=[OH0]>>[*:1]-[CH2]-[NH2],69,-0.9287,297.134124118,0.2914971463163378,4.9697427716672085,0.0158464138760006,0.0997427716672083,2,6,-5.1,-5.3
C[C@@H]1[C@@H](O)[C@H](C(N)=O)[C@H](C)C[C@@H](O)[C@H]1[C@@H](O)P(=O)(O)O,CN[C@@H]1[C@H](C)C[C@@H](O)[C@@H]([C@@H](O)P(=O)(O)O)[C@H](C)[C@H]1O,[*]C(N)=O,[*]NC,[*:1]-[CH0](-[NH2])=[OH0]>>[*:1]-[NH1]-[CH3],27,-0.9156000000000002,297.134124118,0.2934311716243609,4.963673540897977,0.0177804391840236,0.0936735408979769,2,7,-5.1,-4.8
C[C@@H]1[C@@H](O)[C@H](C(N)=O)[C@H](C)C[C@@H](O)[C@H]1[C@@H](O)P(=O)(O)O,C[C@H]1[C@H]([C@@H](O)P(=O)(O)O)[C@H](O)C[C@@H](C)[C@@H](C(C)(C)C)[C@@H]1O,[*]C(N)=O,[*]C(C)(C)C,[*:1]-[CH0](-[NH2])=[OH0]>>[*:1]-[CH0](-[CH3])(-[CH3])-[CH3],19,1.1586999999999996,324.170175278,0.3841345157782779,4.924633602421014,0.1084837833379406,0.0546336024210134,2,8,-5.1,-1.2
C[C@@H]1[C@@H](O)[C@H](C(N)=O)[C@H](C)C[C@@H](O)[C@H]1[C@@H](O)P(=O)(O)O,C[C@H]1[C@H]([C@@H](O)P(=O)(O)O)[C@H](O)C[C@@H](C)[C@@H](N(C)C)[C@@H]1O,[*]C(N)=O,[*]N(C)C,[*:1]-[CH0](-[NH2])=[OH0]>>[*:1]-[NH0](-[CH3])-[CH3],61,-0.5734000000000004,311.149774182,0.3492857960376429,4.933069623534129,0.0736350635973057,0.0630696235341288,2,9,-5.1,-2.6
C[C@@H]1[C@@H](O)[C@H](C(N)=O)[C@H](C)C[C@@H](O)[C@H]1[C@@H](O)P(=O)(O)O,C[C@H]1[C@H]([C@@H](O)P(=O)(O)O)[C@H](O)C[C@@H](C)[C@@H](C(=O)O)[C@@H]1O,[*]C(N)=O,[*]C(=O)O,[*:1]-[CH0](-[NH2])=[OH0]>>[*:1]-[CH0](=[OH0])-[OH1],426,-0.8028,312.09740426199994,0.2919963066074634,4.779870238918745,0.0163455741671262,-0.090129761081255,2,10,-5.1,-4.3
C[C@@H]1[C@@H](O)[C@H](C(N)=O)[C@H](C)C[C@@H](O)[C@H]1[C@@H](O)P(=O)(O)O,C[C@H]1[C@H]([C@@H](O)P(=O)(O)O)[C@H](O)C[C@@H](C)[C@@H](N2CCCC2)[C@@H]1O,[*]C(N)=O,[*]N1CCCC1,[*:1]-[CH0](-[NH2])=[OH0]>>[*:1]-[NH0]1-[CH2]-[CH2]-[CH2]-[CH2]-1,13,-0.0391999999999997,337.165424246,0.3618027473971308,4.741895434666317,0.0861520149567935,-0.1281045653336834,2,11,-5.1,-1.3
C[C@@H]1[C@@H](O)[C@H](C(N)=O)[C@H](C)C[C@@H](O)[C@H]1[C@@H](O)P(=O)(O)O,C[C@H]1[C@H]([C@@H](O)P(=O)(O)O)[C@H](O)C[C@@H](C)[C@@H](C(F)F)[C@@H]1O,[*]C(N)=O,[*]C(F)F,[*:1]-[CH0](-[NH2])=[OH0]>>[*:1]-[CH1](-[FH0])-[FH0],12,0.3776999999999997,318.10438146199994,0.3791079724606062,5.117791161995667,0.1034572400202689,0.2477911619956669,2,12,-5.1,-3.5
C[C@@H]1[C@@H](O)[C@H](C(N)=O)[C@H](C)C[C@@H](O)[C@H]1[C@@H](O)P(=O)(O)O,CNC(=O)[C@@H]1[C@H](C)C[C@@H](O)[C@@H]([C@@H](O)P(=O)(O)O)[C@H](C)[C@H]1O,[*]C(N)=O,[*]C(=O)NC,[*:1]-[CH0](-[NH2])=[OH0]>>[*:1]-[CH0](=[OH0])-[NH1]-[CH3],405,-1.1414000000000004,325.1290387379999,0.2837241675560283,4.797927579198953,0.008073435115691,-0.0720724208010468,2,13,-5.1,-3.9
C[C@@H]1[C@@H](O)[C@H](C(N)=O)[C@H](C)C[C@@H](O)[C@H]1[C@@H](O)P(=O)(O)O,C[C@H]1[C@H]([C@@H](O)P(=O)(O)O)[C@H](O)C[C@@H](C)[C@@H](C(=O)N(C)C)[C@@H]1O,[*]C(N)=O,[*]C(=O)N(C)C,[*:1]-[CH0](-[NH2])=[OH0]>>[*:1]-[CH0](=[OH0])-[NH0](-[CH3])-[CH3],237,-0.7992000000000004,339.1446888019999,0.3350499504600914,4.808322639874902,0.0593992180197541,-0.0616773601250981,2,14,-5.1,-2.9
C[C@@H]1[C@@H](O)[C@H](C(N)=O)[C@H](C)C[C@@H](O)[C@H]1[C@@H](O)P(=O)(O)O,CCO[C@@H]1[C@H](C)C[C@@H](O)[C@@H]([C@@H](O)P(=O)(O)O)[C@H](C)[C@H]1O,[*]C(N)=O,[*]OCC,[*:1]-[CH0](-[NH2])=[OH0]>>[*:1]-[OH0]-[CH2]-[CH3],37,-0.0985,312.13378977,0.3621741397671703,4.827846727606526,0.0865234073268331,-0.0421532723934738,2,15,-5.1,-2.9
C[C@@H]1[C@@H](O)[C@H](C(N)=O)[C@H](C)C[C@@H](O)[C@H]1[C@@H](O)P(=O)(O)O,C[C@H]1[C@H]([C@@H](O)P(=O)(O)O)[C@H](O)C[C@@H](C)[C@@H](N2CCCCC2)[C@@H]1O,[*]C(N)=O,[*]N1CCCCC1,[*:1]-[CH0](-[NH2])=[OH0]>>[*:1]-[NH0]1-[CH2]-[CH2]-[CH2]-[CH2]-[CH2]-1,11,0.3509,351.18107431,0.3673588620915425,4.681500688127874,0.0917081296512052,-0.1884993118721265,2,16,-5.1,-1.2
C[C@@H]1[C@@H](O)[C@H](C(N)=O)[C@H](C)C[C@@H](O)[C@H]1[C@@H](O)P(=O)(O)O,C[C@H]1[C@H]([C@@H](O)P(=O)(O)O)[C@H](O)C[C@@H](C)[C@@H](CC#N)[C@@H]1O,[*]C(N)=O,[*]CC#N,[*:1]-[CH0](-[NH2])=[OH0]>>[*:1]-[CH2]-[CH0]#[NH0],22,0.0262799999999999,307.118474054,0.3653912034005626,5.064542655208337,0.0897404709602254,0.1945426552083367,2,17,-5.1,-3.2
C[C@@H]1[C@@H](O)[C@H](C(N)=O)[C@H](C)C[C@@H](O)[C@H]1[C@@H](O)P(=O)(O)O,C[C@H]1[C@H]([C@@H](O)P(=O)(O)O)[C@H](O)C[C@@H](C)[C@@H](N2CCN(C)CC2)[C@@H]1O,[*]C(N)=O,[*]N1CCN(C)CC1,[*:1]-[CH0](-[NH2])=[OH0]>>[*:1]-[NH0]1-[CH2]-[CH2]-[NH0](-[CH3])-[CH2]-[CH2]-1,19,-0.8875999999999984,366.1919733419999,0.3219389584816072,4.725260698066776,0.04628822604127,-0.1447393019332246,2,18,-5.1,-1.6
C[C@@H]1[C@@H](O)[C@H](C(N)=O)[C@H](C)C[C@@H](O)[C@H]1[C@@H](O)P(=O)(O)O,CC(=O)N[C@@H]1[C@H](C)C[C@@H](O)[C@@H]([C@@H](O)P(=O)(O)O)[C@H](C)[C@H]1O,[*]C(N)=O,[*]NC(C)=O,[*:1]-[CH0](-[NH2])=[OH0]>>[*:1]-[NH1]-[CH0](-[CH3])=[OH0],174,-0.9989000000000006,325.1290387379999,0.2879733043891458,4.7715780871815365,0.0123225719488086,-0.0984219128184635,2,19,-5.1,-3.4
C[C@@H]1[C@@H](O)[C@H](C(N)=O)[C@H](C)C[C@@H](O)[C@H]1[C@@H](O)P(=O)(O)O,C[C@H]1[C@H]([C@@H](O)P(=O)(O)O)[C@H](O)C[C@@H](C)[C@@H](CCO)[C@@H]1O,[*]C(N)=O,[*]CCO,[*:1]-[CH0](-[NH2])=[OH0]>>[*:1]-[CH2]-[CH2]-[OH1],23,-0.5050000000000001,312.13378977,0.3036286188431057,4.908803288692501,0.0279778864027684,0.0388032886925007,2,20,-5.1,-2.8
C[C@@H]1[C@@H](O)[C@H](C(N)=O)[C@H](C)C[C@@H](O)[C@H]1[C@@H](O)P(=O)(O)O,COC[C@@H]1[C@H](C)C[C@@H](O)[C@@H]([C@@H](O)P(=O)(O)O)[C@H](C)[C@H]1O,[*]C(N)=O,[*]COC,[*:1]-[CH0](-[NH2])=[OH0]>>[*:1]-[CH2]-[OH0]-[CH3],42,-0.2409999999999999,312.13378977,0.3578790592513721,4.879373424439105,0.0822283268110349,0.0093734244391052,2,21,-5.1,-2.6
C[C@@H]1[C@@H](O)[C@H](C(N)=O)[C@H](C)C[C@@H](O)[C@H]1[C@@H](O)P(=O)(O)O,C[C@H]1[C@H]([C@@H](O)P(=O)(O)O)[C@H](O)C[C@@H](C)[C@@H](C(=O)N2CCC2)[C@@H]1O,[*]C(N)=O,[*]C(=O)N1CCC1,[*:1]-[CH0](-[NH2])=[OH0]>>[*:1]-[CH0](=[OH0])-[NH0]1-[CH2]-[CH2]-[CH2]-1,20,-0.6551,351.1446888019999,0.3361321261215321,4.6516270822117,0.0604813936811948,-0.2183729177883,2,22,-5.1,-2.2
C[C@@H]1[C@@H](O)[C@H](C(N)=O)[C@H](C)C[C@@H](O)[C@H]1[C@@H](O)P(=O)(O)O,C[C@H]1[C@H]([C@@H](O)P(=O)(O)O)[C@H](O)C[C@@H](C)[C@@H](OC(F)F)[C@@H]1O,[*]C(N)=O,[*]OC(F)F,[*:1]-[CH0](-[NH2])=[OH0]>>[*:1]-[OH0]-[CH1](-[FH0])-[FH0],12,0.1041999999999997,334.099296082,0.3644530377181564,5.046199567587923,0.0888023052778192,0.1761995675879228,2,23,-5.1,-2.8
C[C@@H]1[C@@H](O)[C@H](C(N)=O)[C@H](C)C[C@@H](O)[C@H]1[C@@H](O)P(=O)(O)O,C[C@H]1[C@H]([C@@H](O)P(=O)(O)O)[C@H](O)C[C@@H](C)[C@@H](N2CCOCC2=O)[C@@H]1O,[*]C(N)=O,[*]N1CCOCC1=O,[*:1]-[CH0](-[NH2])=[OH0]>>[*:1]-[NH0]1-[CH2]-[CH2]-[OH0]-[CH2]-[CH0]-1=[OH0],10,-1.2761999999999998,367.139603422,0.3061366204941401,4.921821137627215,0.0304858880538028,0.0518211376272148,2,24,-5.1,-3.4
C[C@@H]1[C@@H](O)[C@H](C(N)=O)[C@H](C)C[C@@H](O)[C@H]1[C@@H](O)P(=O)(O)O,CNC[C@@H]1[C@H](C)C[C@@H](O)[C@@H]([C@@H](O)P(=O)(O)O)[C@H](C)[C@H]1O,[*]C(N)=O,[*]CNC,[*:1]-[CH0](-[NH2])=[OH0]>>[*:1]-[CH2]-[NH1]-[CH3],18,-0.6680000000000004,311.149774182,0.2998527356235715,4.940369804529603,0.0242020031832343,0.0703698045296032,2,25,-5.1,-3.4
C[C@@H]1[C@@H](O)[C@H](C(N)=O)[C@H](C)C[C@@H](O)[C@H]1[C@@H](O)P(=O)(O)O,CC(=O)N(C)[C@@H]1[C@H](C)C[C@@H](O)[C@@H]([C@@H](O)P(=O)(O)O)[C@H](C)[C@H]1O,[*]C(N)=O,[*]N(C)C(C)=O,[*:1]-[CH0](-[NH2])=[OH0]>>[*:1]-[NH0](-[CH3])-[CH0](-[CH3])=[OH0],15,-0.6567000000000003,339.1446888019999,0.3398276679446374,4.925002919595182,0.0641769355043002,0.0550029195951822,2,26,-5.1,-2.0
C[C@@H]1[C@@H](O)[C@H](C(N)=O)[C@H](C)C[C@@H](O)[C@H]1[C@@H](O)P(=O)(O)O,C[C@H]1[C@H]([C@@H](O)P(=O)(O)O)[C@H](O)C[C@@H](C)[C@@H](N2CCOCC2)[C@@H]1O,[*]C(N)=O,[*]N1CCOCC1,[*:1]-[CH0](-[NH2])=[OH0]>>[*:1]-[NH0]1-[CH2]-[CH2]-[OH0]-[CH2]-[CH2]-1,40,-0.8028,353.1603388659999,0.3291574876965686,4.781871684344772,0.0535067552562313,-0.0881283156552283,2,27,-5.1,-2.1
C[C@@H]1[C@@H](O)[C@H](C(N)=O)[C@H](C)C[C@@H](O)[C@H]1[C@@H](O)P(=O)(O)O,CNC(=O)C[C@@H]1[C@H](C)C[C@@H](O)[C@@H]([C@@H](O)P(=O)(O)O)[C@H](C)[C@H]1O,[*]C(N)=O,[*]CC(=O)NC,[*:1]-[CH0](-[NH2])=[OH0]>>[*:1]-[CH2]-[CH0](=[OH0])-[NH1]-[CH3],12,-0.7513000000000003,339.1446888019999,0.2915481390979784,4.844110317197581,0.0158974066576412,-0.0258896828024193,2,28,-5.1,-2.4
C[C@@H]1[C@@H](O)[C@H](C(N)=O)[C@H](C)C[C@@H](O)[C@H]1[C@@H](O)P(=O)(O)O,C[C@H]1[C@H]([C@@H](O)P(=O)(O)O)[C@H](O)C[C@@H](C)[C@@H](CC(N)=O)[C@@H]1O,[*]C(N)=O,[*]CC(N)=O,[*:1]-[CH0](-[NH2])=[OH0]>>[*:1]-[CH2]-[CH0](-[NH2])=[OH0],26,-1.012000000000001,325.1290387379999,0.2848214828134537,4.8848997127258045,0.0091707503731165,0.0148997127258043,2,29,-5.1,-4.3
C[C@@H]1[C@@H](O)[C@H](C(N)=O)[C@H](C)C[C@@H](O)[C@H]1[C@@H](O)P(=O)(O)O,C[C@H]1[C@H]([C@@H](O)P(=O)(O)O)[C@H](O)C[C@@H](C)[C@@H](CC(=O)O)[C@@H]1O,[*]C(N)=O,[*]CC(=O)O,[*:1]-[CH0](-[NH2])=[OH0]>>[*:1]-[CH2]-[CH0](=[OH0])-[OH1],32,-0.4126999999999996,326.11305432599994,0.3006181481703347,4.7997432540901,0.0249674157299975,-0.0702567459099006,2,30,-5.1,-5.8
C[C@@H]1[C@@H](O)[C@H](C(N)=O)[C@H](C)C[C@@H](O)[C@H]1[C@@H](O)P(=O)(O)O,C[C@H]1[C@H]([C@@H](O)P(=O)(O)O)[C@H](O)C[C@@H](C)[C@@H](OCCO)[C@@H]1O,[*]C(N)=O,[*]OCCO,[*:1]-[CH0](-[NH2])=[OH0]>>[*:1]-[OH0]-[CH2]-[CH2]-[OH1],14,-1.1261,328.12870438999994,0.2744215239050566,4.843175910113322,-0.0012292085352805,-0.026824089886678,2,31,-5.1,-2.4
C[C@@H]1[C@@H](O)[C@H](C(N)=O)[C@H](C)C[C@@H](O)[C@H]1[C@@H](O)P(=O)(O)O,CCNC(=O)[C@@H]1[C@H](C)C[C@@H](O)[C@@H]([C@@H](O)P(=O)(O)O)[C@H](C)[C@H]1O,[*]C(N)=O,[*]C(=O)NCC,[*:1]-[CH0](-[NH2])=[OH0]>>[*:1]-[CH0](=[OH0])-[NH1]-[CH2]-[CH3],105,-0.7513000000000003,339.1446888019999,0.2915481390979784,4.719848504010767,0.0158974066576412,-0.1501514959892329,2,32,-5.1,-3.3
C[C@@H]1[C@@H](O)[C@H](C(N)=O)[C@H](C)C[C@@H](O)[C@H]1[C@@H](O)P(=O)(O)O,C[C@H]1[C@H]([C@@H](O)P(=O)(O)O)[C@H](O)C[C@@H](C)[C@@H](CN(C)C)[C@@H]1O,[*]C(N)=O,[*]CN(C)C,[*:1]-[CH0](-[NH2])=[OH0]>>[*:1]-[CH2]-[NH0](-[CH3])-[CH3],35,-0.3258000000000001,325.165424246,0.3544485269221356,4.870196664830303,0.0787977944817983,0.0001966648303026,2,33,-5.1,-1.8
C[C@@H]1[C@@H](O)[C@H](C(N)=O)[C@H](C)C[C@@H](O)[C@H]1[C@@H](O)P(=O)(O)O,CC(=O)NC[C@@H]1[C@H](C)C[C@@H](O)[C@@H]([C@@H](O)P(=O)(O)O)[C@H](C)[C@H]1O,[*]C(N)=O,[*]CNC(C)=O,[*:1]-[CH0](-[NH2])=[OH0]>>[*:1]-[CH2]-[NH1]-[CH0](-[CH3])=[OH0],28,-0.7513000000000003,339.1446888019999,0.2915481390979784,4.773329273241536,0.0158974066576412,-0.0966707267584645,2,34,-5.1,-3.1
C[C@@H]1[C@@H](O)[C@H](C(N)=O)[C@H](C)C[C@@H](O)[C@H]1[C@@H](O)P(=O)(O)O,C[C@H]1[C@H]([C@@H](O)P(=O)(O)O)[C@H](O)C[C@@H](C)[C@@H](C(=O)N2CCCC2)[C@@H]1O,[*]C(N)=O,[*]C(=O)N1CCCC1,[*:1]-[CH0](-[NH2])=[OH0]>>[*:1]-[CH0](=[OH0])-[NH0]1-[CH2]-[CH2]-[CH2]-[CH2]-1,56,-0.2650000000000002,365.1603388659999,0.3428328283142329,4.575238720044797,0.0671820958738956,-0.2947612799552033,2,35,-5.1,-0.1
C[C@@H]1[C@@H](O)[C@H](C(N)=O)[C@H](C)C[C@@H](O)[C@H]1[C@@H](O)P(=O)(O)O,CC(C)O[C@@H]1[C@H](C)C[C@@H](O)[C@@H]([C@@H](O)P(=O)(O)O)[C@H](C)[C@H]1O,[*]C(N)=O,[*]OC(C)C,[*:1]-[CH0](-[NH2])=[OH0]>>[*:1]-[OH0]-[CH1](-[CH3])-[CH3],14,0.2899999999999996,326.149439834,0.3709729949941128,4.853866040737414,0.0953222625537756,-0.0161339592625857,2,36,-5.1,-3.5
C[C@@H]1[C@@H](O)[C@H](C(N)=O)[C@H](C)C[C@@H](O)[C@H]1[C@@H](O)P(=O)(O)O,C[C@H]1[C@H]([C@@H](O)P(=O)(O)O)[C@H](O)C[C@@H](C)[C@@H](C(F)(F)F)[C@@H]1O,[*]C(N)=O,[*]C(F)(F)F,[*:1]-[CH0](-[NH2])=[OH0]>>[*:1]-[CH0](-[FH0])(-[FH0])-[FH0],163,0.6748999999999994,336.0949596499999,0.3737104666715956,5.00025224147427,0.0980597342312584,0.1302522414742695,2,37,-5.1,-2.8
C[C@@H]1[C@@H](O)[C@H](C(N)=O)[C@H](C)C[C@@H](O)[C@H]1[C@@H](O)P(=O)(O)O,C[C@H]1[C@H]([C@@H](O)P(=O)(O)O)[C@H](O)C[C@@H](C)[C@@H](N2CCNCC2)[C@@H]1O,[*]C(N)=O,[*]N1CCNCC1,[*:1]-[CH0](-[NH2])=[OH0]>>[*:1]-[NH0]1-[CH2]-[CH2]-[NH1]-[CH2]-[CH2]-1,10,-1.229799999999999,352.1763232779999,0.2747348631761271,4.876597535542755,-0.0009158692642101,0.0065975355427552,2,38,-5.1,-1.5
C[C@@H]1[C@@H](O)[C@H](C(N)=O)[C@H](C)C[C@@H](O)[C@H]1[C@@H](O)P(=O)(O)O,C[C@H]1[C@H]([C@@H](O)P(=O)(O)O)[C@H](O)C[C@@H](C)[C@@H](C(C)(C)O)[C@@H]1O,[*]C(N)=O,[*]C(C)(C)O,[*:1]-[CH0](-[NH2])=[OH0]>>[*:1]-[CH0](-[CH3])(-[CH3])-[OH1],28,-0.1164999999999998,326.149439834,0.3139697825683686,4.994751058042316,0.0383190501280314,0.1247510580423156,2,39,-5.1,-1.6
C[C@@H]1[C@@H](O)[C@H](C(N)=O)[C@H](C)C[C@@H](O)[C@H]1[C@@H](O)P(=O)(O)O,CCN(C)C(=O)[C@@H]1[C@H](C)C[C@@H](O)[C@@H]([C@@H](O)P(=O)(O)O)[C@H](C)[C@H]1O,[*]C(N)=O,[*]C(=O)N(C)CC,[*:1]-[CH0](-[NH2])=[OH0]>>[*:1]-[CH0](=[OH0])-[NH0](-[CH3])-[CH2]-[CH3],12,-0.4091000000000004,353.1603388659999,0.3419937995282058,4.804833601116525,0.0663430670878685,-0.0651663988834752,2,40,-5.1,-2.3
C[C@@H]1[C@@H](O)[C@H](C(N)=O)[C@H](C)C[C@@H](O)[C@H]1[C@@H](O)P(=O)(O)O,C[C@H]1[C@H]([C@@H](O)P(=O)(O)O)[C@H](O)C[C@@H](C)[C@@H](C(=O)N2CCOCC2)[C@@H]1O,[*]C(N)=O,[*]C(=O)N1CCOCC1,[*:1]-[CH0](-[NH2])=[OH0]>>[*:1]-[CH0](=[OH0])-[NH0]1-[CH2]-[CH2]-[OH0]-[CH2]-[CH2]-1,91,-1.0286,381.1552534859999,0.3079406915156015,4.612628980403249,0.0322899590752643,-0.2573710195967509,2,41,-5.1,0.7
C[C@@H]1[C@@H](O)[C@H](C(N)=O)[C@H](C)C[C@@H](O)[C@H]1[C@@H](O)P(=O)(O)O,C[C@H]1[C@H]([C@@H](O)P(=O)(O)O)[C@H](O)C[C@@H](C)[C@@H](OC(F)(F)F)[C@@H]1O,[*]C(N)=O,[*]OC(F)(F)F,[*:1]-[CH0](-[NH2])=[OH0]>>[*:1]-[OH0]-[CH0](-[FH0])(-[FH0])-[FH0],44,0.4013999999999996,352.08987426999994,0.367455833722717,4.986895227287489,0.0918051012823798,0.1168952272874888,2,42,-5.1,-4.7
C[C@@H]1[C@@H](O)[C@H](C(N)=O)[C@H](C)C[C@@H](O)[C@H]1[C@@H](O)P(=O)(O)O,CCC[C@@H]1[C@H](C)C[C@@H](O)[C@@H]([C@@H](O)P(=O)(O)O)[C@H](C)[C@H]1O,[*]C(N)=O,[*]CCC,[*:1]-[CH0](-[NH2])=[OH0]>>[*:1]-[CH2]-[CH2]-[CH3],10,0.9126999999999996,310.154525214,0.3889992301995371,4.836105551135939,0.1133484977591998,-0.0338944488640606,2,43,-5.1,-2.2
C[C@@H]1[C@@H](O)[C@H](C(N)=O)[C@H](C)C[C@@H](O)[C@H]1[C@@H](O)P(=O)(O)O,C[C@H]1[C@H]([C@@H](O)P(=O)(O)O)[C@H](O)C[C@@H](C)[C@@H](CS(C)(=O)=O)[C@@H]1O,[*]C(N)=O,[*]CS(C)(=O)=O,[*:1]-[CH0](-[NH2])=[OH0]>>[*:1]-[CH2]-[SH0](-[CH3])(=[OH0])=[OH0],11,-0.8428000000000002,360.10077539,0.3212378772968141,4.944143339175602,0.0455871448564768,0.0741433391756016,2,44,-5.1,-0.4
C[C@@H]1[C@@H](O)[C@H](C(N)=O)[C@H](C)C[C@@H](O)[C@H]1[C@@H](O)P(=O)(O)O,CC(=O)[C@@H]1[C@H](C)C[C@@H](O)[C@@H]([C@@H](O)P(=O)(O)O)[C@H](C)[C@H]1O,[*]C(N)=O,[*]C(C)=O,[*:1]-[CH0](-[NH2])=[OH0]>>[*:1]-[CH0](-[CH3])=[OH0],156,-0.2984,310.118139706,0.3565731428042418,4.853099777380281,0.0809224103639045,-0.0169002226197187,2,45,-5.1,-3.0
C[C@@H]1[C@@H](O)[C@H](C(N)=O)[C@H](C)C[C@@H](O)[C@H]1[C@@H](O)P(=O)(O)O,C[C@H]1[C@H]([C@@H](O)P(=O)(O)O)[C@H](O)C[C@@H](C)[C@@H](C(=O)NC2CC2)[C@@H]1O,[*]C(N)=O,[*]C(=O)NC1CC1,[*:1]-[CH0](-[NH2])=[OH0]>>[*:1]-[CH0](=[OH0])-[NH1]-[CH1]1-[CH2]-[CH2]-1,80,-0.6088000000000007,351.1446888019999,0.2924023519802745,4.679326430321218,0.0167516195399373,-0.1906735696787818,2,46,-5.1,-3.3
C[C@@H]1[C@@H](O)[C@H](C(N)=O)[C@H](C)C[C@@H](O)[C@H]1[C@@H](O)P(=O)(O)O,COC(=O)N[C@@H]1[C@H](C)C[C@@H](O)[C@@H]([C@@H](O)P(=O)(O)O)[C@H](C)[C@H]1O,[*]C(N)=O,[*]NC(=O)OC,[*:1]-[CH0](-[NH2])=[OH0]>>[*:1]-[NH1]-[CH0](=[OH0])-[OH0]-[CH3],11,-0.7790000000000001,341.12395335799994,0.2882664341881085,4.790278449065712,0.0126157017477713,-0.0797215509342885,2,47,-5.1,-3.5
C[C@@H]1[C@@H](O)[C@H](C(N)=O)[C@H](C)C[C@@H](O)[C@H]1[C@@H](O)P(=O)(O)O,C[C@H]1[C@H]([C@@H](O)P(=O)(O)O)[C@H](O)C[C@@H](C)[C@@H](CN2CCN(C)CC2)[C@@H]1O,[*]C(N)=O,[*]CN1CCN(C)CC1,[*:1]-[CH0](-[NH2])=[OH0]>>[*:1]-[CH2]-[NH0]1-[CH2]-[CH2]-[NH0](-[CH3])-[CH2]-[CH2]-1,16,-0.6399999999999986,380.2076234059999,0.3222560284428593,4.645060448934719,0.0466052960025221,-0.2249395510652814,2,48,-5.1,-0.8
C[C@@H]1[C@@H](O)[C@H](C(N)=O)[C@H](C)C[C@@H](O)[C@H]1[C@@H](O)P(=O)(O)O,C[C@H]1[C@H]([C@@H](O)P(=O)(O)O)[C@H](O)C[C@@H](C)[C@@H](N2CCCC2=O)[C@@H]1O,[*]C(N)=O,[*]N1CCCC1=O,[*:1]-[CH0](-[NH2])=[OH0]>>[*:1]-[NH0]1-[CH2]-[CH2]-[CH2]-[CH0]-1=[OH0],15,-0.5126000000000004,351.1446888019999,0.3407688323380768,4.813136678039601,0.0651180998977396,-0.0568633219603986,2,49,-5.1,-3.0
C[C@@H]1[C@@H](O)[C@H](C(N)=O)[C@H](C)C[C@@H](O)[C@H]1[C@@H](O)P(=O)(O)O,COC(=O)[C@@H]1[C@H](C)C[C@@H](O)[C@@H]([C@@H](O)P(=O)(O)O)[C@H](C)[C@H]1O,[*]C(N)=O,[*]C(=O)OC,[*:1]-[CH0](-[NH2])=[OH0]>>[*:1]-[CH0](=[OH0])-[OH0]-[CH3],299,-0.7144000000000001,326.11305432599994,0.2596532240334264,4.744685198937706,-0.0159975084069108,-0.1253148010622942,2,50,-5.1,-2.3
C[C@@H]1[C@@H](O)[C@H](C(N)=O)[C@H](C)C[C@@H](O)[C@H]1[C@@H](O)P(=O)(O)O,C[C@H]1[C@H]([C@@H](O)P(=O)(O)O)[C@H](O)C[C@@H](C)[C@@H](CN2CCCC2)[C@@H]1O,[*]C(N)=O,[*]CN1CCCC1,[*:1]-[CH0](-[NH2])=[OH0]>>[*:1]-[CH2]-[NH0]1-[CH2]-[CH2]-[CH2]-[CH2]-1,11,0.2084,351.18107431,0.362472723177162,4.65906083945196,0.0868219907368247,-0.2109391605480404,2,51,-5.1,-2.3
C[C@@H]1[C@@H](O)[C@H](C(N)=O)[C@H](C)C[C@@H](O)[C@H]1[C@@H](O)P(=O)(O)O,CC(C)NC(=O)[C@@H]1[C@H](C)C[C@@H](O)[C@@H]([C@@H](O)P(=O)(O)O)[C@H](C)[C@H]1O,[*]C(N)=O,[*]C(=O)NC(C)C,[*:1]-[CH0](-[NH2])=[OH0]>>[*:1]-[CH0](=[OH0])-[NH1]-[CH1](-[CH3])-[CH3],57,-0.3628000000000007,353.1603388659999,0.298569244704109,4.703930948596631,0.0229185122637718,-0.1660690514033689,2,52,-5.1,-1.5
C[C@@H]1[C@@H](O)[C@H](C(N)=O)[C@H](C)C[C@@H](O)[C@H]1[C@@H](O)P(=O)(O)O,C[C@H]1[C@H]([C@@H](O)P(=O)(O)O)[C@H](O)C[C@@H](C)[C@@H](C(=O)N2CCCCC2)[C@@H]1O,[*]C(N)=O,[*]C(=O)N1CCCCC1,[*:1]-[CH0](-[NH2])=[OH0]>>[*:1]-[CH0](=[OH0])-[NH0]1-[CH2]-[CH2]-[CH2]-[CH2]-[CH2]-1,37,0.1250999999999996,379.1759889299999,0.3468199804130162,4.532403106277375,0.0711692479726789,-0.3375968937226252,2,53,-5.1,-3.7
C[C@@H]1[C@@H](O)[C@H](C(N)=O)[C@H](C)C[C@@H](O)[C@H]1[C@@H](O)P(=O)(O)O,C[C@H]1[C@H]([C@@H](O)P(=O)(O)O)[C@H](O)C[C@@H](C)[C@@H](C(=O)NC(C)(C)C)[C@@H]1O,[*]C(N)=O,[*]C(=O)NC(C)(C)C,[*:1]-[CH0](-[NH2])=[OH0]>>[*:1]-[CH0](=[OH0])-[NH1]-[CH0](-[CH3])(-[CH3])-[CH3],21,0.0272999999999995,367.1759889299999,0.3044607855013782,4.751386632132709,0.0288100530610409,-0.1186133678672911,2,54,-5.1,-2.2
C[C@@H]1[C@@H](O)[C@H](C(N)=O)[C@H](C)C[C@@H](O)[C@H]1[C@@H](O)P(=O)(O)O,CCCNC(=O)[C@@H]1[C@H](C)C[C@@H](O)[C@@H]([C@@H](O)P(=O)(O)O)[C@H](C)[C@H]1O,[*]C(N)=O,[*]C(=O)NCCC,[*:1]-[CH0](-[NH2])=[OH0]>>[*:1]-[CH0](=[OH0])-[NH1]-[CH2]-[CH2]-[CH3],31,-0.3612000000000004,353.1603388659999,0.2920210383230708,4.6266570691738895,0.0163703058827335,-0.2433429308261105,2,55,-5.1,-3.4
C[C@@H]1[C@@H](O)[C@H](C(N)=O)[C@H](C)C[C@@H](O)[C@H]1[C@@H](O)P(=O)(O)O,CC(O)[C@@H]1[C@H](C)C[C@@H](O)[C@@H]([C@@H](O)P(=O)(O)O)[C@H](C)[C@H]1O,[*]C(N)=O,[*]C(C)O,[*:1]-[CH0](-[NH2])=[OH0]>>[*:1]-[CH1](-[CH3])-[OH1],28,-0.5065999999999999,312.13378977,0.3047649689977811,5.038334346922811,0.0291142365574439,0.1683343469228111,2,56,-5.1,-2.8
C[C@@H]1[C@@H](O)[C@H](C(N)=O)[C@H](C)C[C@@H](O)[C@H]1[C@@H](O)P(=O)(O)O,C[C@H]1[C@H]([C@@H](O)P(=O)(O)O)[C@H](O)C[C@@H](C)[C@@H](OCC(=O)O)[C@@H]1O,[*]C(N)=O,[*]OCC(=O)O,[*:1]-[CH0](-[NH2])=[OH0]>>[*:1]-[OH0]-[CH2]-[CH0](=[OH0])-[OH1],11,-1.0338000000000005,342.107968946,0.2703947618905192,4.768114712801975,-0.005255970549818,-0.1018852871980247,2,57,-5.1,-3.6
C[C@@H]1[C@@H](O)[C@H](C(N)=O)[C@H](C)C[C@@H](O)[C@H]1[C@@H](O)P(=O)(O)O,C[C@H]1[C@H]([C@@H](O)P(=O)(O)O)[C@H](O)C[C@@H](C)[C@@H](C(=O)N2CC(O)C2)[C@@H]1O,[*]C(N)=O,[*]C(=O)N1CC(O)C1,[*:1]-[CH0](-[NH2])=[OH0]>>[*:1]-[CH0](=[OH0])-[NH0]1-[CH2]-[CH1](-[OH1])-[CH2]-1,17,-1.6843000000000004,367.139603422,0.2547374921473714,4.8062149045160645,-0.0209132402929658,-0.0637850954839356,2,58,-5.1,-1.4
C[C@@H]1[C@@H](O)[C@H](C(N)=O)[C@H](C)C[C@@H](O)[C@H]1[C@@H](O)P(=O)(O)O,C[C@H]1[C@H]([C@@H](O)P(=O)(O)O)[C@H](O)C[C@@H](C)[C@@H](C(=O)N2CCN(C)CC2)[C@@H]1O,[*]C(N)=O,[*]C(=O)N1CCN(C)CC1,[*:1]-[CH0](-[NH2])=[OH0]>>[*:1]-[CH0](=[OH0])-[NH0]1-[CH2]-[CH2]-[NH0](-[CH3])-[CH2]-[CH2]-1,31,-1.1133999999999975,394.1868879619999,0.2995830612380525,4.575076485027166,0.0239323287977153,-0.294923514972834,2,59,-5.1,-0.3
C[C@@H]1[C@@H](O)[C@H](C(N)=O)[C@H](C)C[C@@H](O)[C@H]1[C@@H](O)P(=O)(O)O,CCOC(=O)[C@@H]1[C@H](C)C[C@@H](O)[C@@H]([C@@H](O)P(=O)(O)O)[C@H](C)[C@H]1O,[*]C(N)=O,[*]C(=O)OCC,[*:1]-[CH0](-[NH2])=[OH0]>>[*:1]-[CH0](=[OH0])-[OH0]-[CH2]-[CH3],152,-0.3242999999999998,340.12870438999994,0.2658524823230631,4.664842185329447,-0.0097982501172741,-0.205157814670553,2,60,-5.1,-2.6
C[C@@H]1[C@@H](O)[C@H](C(N)=O)[C@H](C)C[C@@H](O)[C@H]1[C@@H](O)P(=O)(O)O,C[C@H]1[C@H]([C@@H](O)P(=O)(O)O)[C@H](O)C[C@@H](C)[C@@H](NS(C)(=O)=O)[C@@H]1O,[*]C(N)=O,[*]NS(C)(=O)=O,[*:1]-[CH0](-[NH2])=[OH0]>>[*:1]-[NH1]-[SH0](-[CH3])(=[OH0])=[OH0],101,-1.5857999999999992,361.0960243579999,0.2577094722962914,4.892288234280498,-0.0179412601440457,0.0222882342804977,2,61,-5.1,-4.6
C[C@@H]1[C@@H](O)[C@H](C(N)=O)[C@H](C)C[C@@H](O)[C@H]1[C@@H](O)P(=O)(O)O,C[C@H]1[C@H]([C@@H](O)P(=O)(O)O)[C@H](O)C[C@@H](C)[C@@H](NC(N)=O)[C@@H]1O,[*]C(N)=O,[*]NC(N)=O,[*:1]-[CH0](-[NH2])=[OH0]>>[*:1]-[NH1]-[CH0](-[NH2])=[OH0],23,-1.4667000000000003,326.124287706,0.2447559384722055,4.908856171361508,-0.0308947939681316,0.038856171361508,2,62,-5.1,-4.1
C[C@@H]1[C@@H](O)[C@H](C(N)=O)[C@H](C)C[C@@H](O)[C@H]1[C@@H](O)P(=O)(O)O,C[C@H]1[C@H]([C@@H](O)P(=O)(O)O)[C@H](O)C[C@@H](C)[C@@H](NC=O)[C@@H]1O,[*]C(N)=O,[*]NC=O,[*:1]-[CH0](-[NH2])=[OH0]>>[*:1]-[NH1]-[CH1]=[OH0],10,-1.3890000000000005,311.1133886739999,0.2126872414686859,5.094748990049965,-0.0629634909716512,0.2247489900499646,2,63,-5.1,-5.8
C[C@@H]1[C@@H](O)[C@H](C(N)=O)[C@H](C)C[C@@H](O)[C@H]1[C@@H](O)P(=O)(O)O,C[C@H]1[C@H]([C@@H](O)P(=O)(O)O)[C@H](O)C[C@@H](C)[C@@H](C(=O)NC2CCC2)[C@@H]1O,[*]C(N)=O,[*]C(=O)NC1CCC1,[*:1]-[CH0](-[NH2])=[OH0]>>[*:1]-[CH0](=[OH0])-[NH1]-[CH1]1-[CH2]-[CH2]-[CH2]-1,15,-0.2187000000000004,365.1603388659999,0.298077814122998,4.637593133373404,0.0224270816826607,-0.2324068666265963,2,64,-5.1,-2.5
C[C@@H]1[C@@H](O)[C@H](C(N)=O)[C@H](C)C[C@@H](O)[C@H]1[C@@H](O)P(=O)(O)O,C[C@H]1[C@H]([C@@H](O)P(=O)(O)O)[C@H](O)C[C@@H](C)[C@@H](C(=O)NCC2CC2)[C@@H]1O,[*]C(N)=O,[*]C(=O)NCC1CC1,[*:1]-[CH0](-[NH2])=[OH0]>>[*:1]-[CH0](=[OH0])-[NH1]-[CH2]-[CH1]1-[CH2]-[CH2]-1,10,-0.3612000000000004,365.1603388659999,0.2878760939942107,4.661819436102932,0.0122253615538734,-0.2081805638970681,2,65,-5.1,-2.8
C[C@@H]1[C@@H](O)[C@H](C(N)=O)[C@H](C)C[C@@H](O)[C@H]1[C@@H](O)P(=O)(O)O,C[C@H]1[C@H]([C@@H](O)P(=O)(O)O)[C@H](O)C[C@@H](C)[C@@H](CN2CCOCC2)[C@@H]1O,[*]C(N)=O,[*]CN1CCOCC1,[*:1]-[CH0](-[NH2])=[OH0]>>[*:1]-[CH2]-[NH0]1-[CH2]-[CH2]-[OH0]-[CH2]-[CH2]-1,23,-0.5552000000000001,367.1759889299999,0.3303156028697719,4.679229997517325,0.0546648704294346,-0.190770002482675,2,66,-5.1,-1.6
C[C@@H]1[C@@H](O)[C@H](C(N)=O)[C@H](C)C[C@@H](O)[C@H]1[C@@H](O)P(=O)(O)O,C[C@H]1[C@H]([C@@H](O)P(=O)(O)O)[C@H](O)C[C@@H](C)[C@@H](C(=O)N2CCNCC2)[C@@H]1O,[*]C(N)=O,[*]C(=O)N1CCNCC1,[*:1]-[CH0](-[NH2])=[OH0]>>[*:1]-[CH0](=[OH0])-[NH0]1-[CH2]-[CH2]-[NH1]-[CH2]-[CH2]-1,14,-1.4555999999999982,380.171237898,0.2569462473703837,4.716726882501151,-0.0187044850699534,-0.1532731174988493,2,67,-5.1,-1.7
C[C@@H]1[C@@H](O)[C@H](C(N)=O)[C@H](C)C[C@@H](O)[C@H]1[C@@H](O)P(=O)(O)O,C[C@H]1[C@H]([C@@H](O)P(=O)(O)O)[C@H](O)C[C@@H](C)[C@@H](C(=O)NC2COC2)[C@@H]1O,[*]C(N)=O,[*]C(=O)NC1COC1,[*:1]-[CH0](-[NH2])=[OH0]>>[*:1]-[CH0](=[OH0])-[NH1]-[CH1]1-[CH2]-[OH0]-[CH2]-1,11,-1.3723999999999994,367.139603422,0.2623967839583471,4.845068815755539,-0.01325394848199,-0.024931184244461,2,68,-5.1,-2.4
C[C@@H]1[C@@H](O)[C@H](C(N)=O)[C@H](C)C[C@@H](O)[C@H]1[C@@H](O)P(=O)(O)O,CC(C)CNC(=O)[C@@H]1[C@H](C)C[C@@H](O)[C@@H]([C@@H](O)P(=O)(O)O)[C@H](C)[C@H]1O,[*]C(N)=O,[*]C(=O)NCC(C)C,[*:1]-[CH0](-[NH2])=[OH0]>>[*:1]-[CH0](=[OH0])-[NH1]-[CH2]-[CH1](-[CH3])-[CH3],12,-0.1152000000000004,367.1759889299999,0.2932568216924403,4.656272407668649,0.0176060892521031,-0.2137275923313515,2,69,-5.1,-2.7
C[C@@H]1[C@@H](O)[C@H](C(N)=O)[C@H](C)C[C@@H](O)[C@H]1[C@@H](O)P(=O)(O)O,C[C@H]1[C@H]([C@@H](O)P(=O)(O)O)[C@H](O)C[C@@H](C)[C@@H](OCCN(C)C)[C@@H]1O,[*]C(N)=O,[*]OCCN(C)C,[*:1]-[CH0](-[NH2])=[OH0]>>[*:1]-[OH0]-[CH2]-[CH2]-[NH0](-[CH3])-[CH3],11,-0.5568,355.1759889299999,0.3166597850739988,4.767127473345989,0.0410090526336616,-0.1028725266540107,2,70,-5.1,-1.8
C[C@@H]1[C@@H](O)[C@H](C(N)=O)[C@H](C)C[C@@H](O)[C@H]1[C@@H](O)P(=O)(O)O,C[C@H]1[C@H]([C@@H](O)P(=O)(O)O)[C@H](O)C[C@@H](C)[C@@H](CCC(=O)O)[C@@H]1O,[*]C(N)=O,[*]CCC(=O)O,[*:1]-[CH0](-[NH2])=[OH0]>>[*:1]-[CH2]-[CH2]-[CH0](=[OH0])-[OH1],10,-0.0225999999999998,340.12870438999994,0.301103407151361,4.757658394120657,0.0254526747110238,-0.1123416058793429,2,71,-5.1,-1.9
C[C@@H]1[C@@H](O)[C@H](C(N)=O)[C@H](C)C[C@@H](O)[C@H]1[C@@H](O)P(=O)(O)O,C[C@H]1[C@H]([C@@H](O)P(=O)(O)O)[C@H](O)C[C@@H](C)[C@@H](C(=O)NC2CCCC2)[C@@H]1O,[*]C(N)=O,[*]C(=O)NC1CCCC1,[*:1]-[CH0](-[NH2])=[OH0]>>[*:1]-[CH0](=[OH0])-[NH1]-[CH1]1-[CH2]-[CH2]-[CH2]-[CH2]-1,16,0.1713999999999994,379.1759889299999,0.3013449151366042,4.57305835103262,0.025694182696267,-0.2969416489673797,2,72,-5.1,-2.6
C[C@@H]1[C@@H](O)[C@H](C(N)=O)[C@H](C)C[C@@H](O)[C@H]1[C@@H](O)P(=O)(O)O,COCCO[C@@H]1[C@H](C)C[C@@H](O)[C@@H]([C@@H](O)P(=O)(O)O)[C@H](C)[C@H]1O,[*]C(N)=O,[*]OCCOC,[*:1]-[CH0](-[NH2])=[OH0]>>[*:1]-[OH0]-[CH2]-[CH2]-[OH0]-[CH3],10,-0.4720000000000002,342.14435445399994,0.2481495003155928,4.738295727839569,-0.0275012321247443,-0.1317042721604311,2,73,-5.1,-3.0
C[C@@H]1[C@@H](O)[C@H](C(N)=O)[C@H](C)C[C@@H](O)[C@H]1[C@@H](O)P(=O)(O)O,CS[C@@H]1[C@H](C)C[C@@H](O)[C@@H]([C@@H](O)P(=O)(O)O)[C@H](C)[C@H]1O,[*]C(N)=O,[*]SC,[*:1]-[CH0](-[NH2])=[OH0]>>[*:1]-[SH0]-[CH3],34,0.2279999999999998,314.095296086,0.3735944388327076,5.117559117821054,0.0979437063923703,0.2475591178210541,2,74,-5.1,-2.3
C[C@@H]1[C@@H](O)[C@H](C(N)=O)[C@H](C)C[C@@H](O)[C@H]1[C@@H](O)P(=O)(O)O,C[C@H]1[C@H]([C@@H](O)P(=O)(O)O)[C@H](O)C[C@@H](C)[C@@H](n2cccn2)[C@@H]1O,[*]C(N)=O,[*]n1cccn1,[*:1]-[CH0](-[NH2])=[OH0]>>[*:1]-[nH0]1:[cH1]:[cH1]:[cH1]:[nH0]:1,15,-0.0658000000000003,334.129373086,0.3855584491312194,5.002145832544303,0.1099077166908821,0.1321458325443023,2,75,-5.1,-3.6
C[C@@H]1[C@@H](O)[C@H](C(N)=O)[C@H](C)C[C@@H](O)[C@H]1[C@@H](O)P(=O)(O)O,CCN(CC)C(=O)[C@@H]1[C@H](C)C[C@@H](O)[C@@H]([C@@H](O)P(=O)(O)O)[C@H](C)[C@H]1O,[*]C(N)=O,[*]C(=O)N(CC)CC,[*:1]-[CH0](-[NH2])=[OH0]>>[*:1]-[CH0](=[OH0])-[NH0](-[CH2]-[CH3])-[CH2]-[CH3],41,-0.0190000000000002,367.1759889299999,0.3399313776079706,4.700625497202066,0.0642806451676334,-0.1693745027979343,2,76,-5.1,-1.7
C[C@@H]1[C@@H](O)[C@H](C(N)=O)[C@H](C)C[C@@H](O)[C@H]1[C@@H](O)P(=O)(O)O,C[C@H]1[C@H]([C@@H](O)P(=O)(O)O)[C@H](O)C[C@@H](C)[C@@H](C(=O)NC2CCCCC2)[C@@H]1O,[*]C(N)=O,[*]C(=O)NC1CCCCC1,[*:1]-[CH0](-[NH2])=[OH0]>>[*:1]-[CH0](=[OH0])-[NH1]-[CH1]1-[CH2]-[CH2]-[CH2]-[CH2]-[CH2]-1,12,0.5614999999999997,393.1916389939999,0.3020371168983188,4.535015625298659,0.0263863844579815,-0.3349843747013414,2,77,-5.1,-1.7
C[C@@H]1[C@@H](O)[C@H](C(N)=O)[C@H](C)C[C@@H](O)[C@H]1[C@@H](O)P(=O)(O)O,C[C@H]1[C@H]([C@@H](O)P(=O)(O)O)[C@H](O)C[C@@H](C)[C@@H](C(=O)N2CCC(O)CC2)[C@@H]1O,[*]C(N)=O,[*]C(=O)N1CCC(O)CC1,[*:1]-[CH0](-[NH2])=[OH0]>>[*:1]-[CH0](=[OH0])-[NH0]1-[CH2]-[CH2]-[CH1](-[OH1])-[CH2]-[CH2]-1,16,-0.9041,395.1709035499999,0.2648031133640748,4.655864720321284,-0.0108476190762623,-0.2141352796787163,2,78,-5.1,-1.8
C[C@@H]1[C@@H](O)[C@H](C(N)=O)[C@H](C)C[C@@H](O)[C@H]1[C@@H](O)P(=O)(O)O,C[C@H]1[C@H]([C@@H](O)P(=O)(O)O)[C@H](O)C[C@@H](C)[C@@H](C(=O)NS(C)(=O)=O)[C@@H]1O,[*]C(N)=O,[*]C(=O)NS(C)(=O)=O,[*:1]-[CH0](-[NH2])=[OH0]>>[*:1]-[CH0](=[OH0])-[NH1]-[SH0](-[CH3])(=[OH0])=[OH0],14,-1.8115999999999983,389.0909389779999,0.2383322117240998,4.872083555209633,-0.0373185207162374,0.0020835552096327,2,79,-5.1,-2.8
C[C@@H]1[C@@H](O)[C@H](C(N)=O)[C@H](C)C[C@@H](O)[C@H]1[C@@H](O)P(=O)(O)O,CC(C)OC(=O)[C@@H]1[C@H](C)C[C@@H](O)[C@@H]([C@@H](O)P(=O)(O)O)[C@H](C)[C@H]1O,[*]C(N)=O,[*]C(=O)OC(C)C,[*:1]-[CH0](-[NH2])=[OH0]>>[*:1]-[CH0](=[OH0])-[OH0]-[CH1](-[CH3])-[CH3],11,0.0642000000000001,354.14435445399994,0.270799001599761,4.735543150188143,-0.0048517308405761,-0.1344568498118574,2,80,-5.1,-2.7
C[C@@H]1[C@@H](O)[C@H](C(N)=O)[C@H](C)C[C@@H](O)[C@H]1[C@@H](O)P(=O)(O)O,C[C@H]1[C@H]([C@@H](O)P(=O)(O)O)[C@H](O)C[C@@H](C)[C@@H](C(=O)NC2CCOCC2)[C@@H]1O,[*]C(N)=O,[*]C(=O)NC1CCOCC1,[*:1]-[CH0](-[NH2])=[OH0]>>[*:1]-[CH0](=[OH0])-[NH1]-[CH1]1-[CH2]-[CH2]-[OH0]-[CH2]-[CH2]-1,17,-0.592200000000001,395.1709035499999,0.2723542764471914,4.679699906235115,-0.0032964559931457,-0.1903000937648853,2,81,-5.1,-1.4
C[C@@H]1[C@@H](O)[C@H](C(N)=O)[C@H](C)C[C@@H](O)[C@H]1[C@@H](O)P(=O)(O)O,C[C@H]1[C@H]([C@@H](O)P(=O)(O)O)[C@H](O)C[C@@H](C)[C@@H](c2ccccc2)[C@@H]1O,[*]C(N)=O,[*]c1ccccc1,[*:1]-[CH0](-[NH2])=[OH0]>>[*:1]-[cH0]1:[cH1]:[cH1]:[cH1]:[cH1]:[cH1]:1,54,1.2801999999999998,344.13887514999993,0.4163655725862324,4.421381394306941,0.1407148401458952,-0.448618605693059,2,82,-5.1,-3.0
C[C@@H]1[C@@H](O)[C@H](C(N)=O)[C@H](C)C[C@@H](O)[C@H]1[C@@H](O)P(=O)(O)O,CONC(=O)[C@@H]1[C@H](C)C[C@@H](O)[C@@H]([C@@H](O)P(=O)(O)O)[C@H](C)[C@H]1O,[*]C(N)=O,[*]C(=O)NOC,[*:1]-[CH0](-[NH2])=[OH0]>>[*:1]-[CH0](=[OH0])-[NH1]-[OH0]-[CH3],16,-1.2098,341.12395335799994,0.2112243530779519,4.940758943571206,-0.0644263793623852,0.0707589435712057,2,83,-5.1,-2.3
C[C@@H]1[C@@H](O)[C@H](C(N)=O)[C@H](C)C[C@@H](O)[C@H]1[C@@H](O)P(=O)(O)O,C[C@H]1[C@H]([C@@H](O)P(=O)(O)O)[C@H](O)C[C@@H](C)[C@@H](C(=O)NCC#N)[C@@H]1O,[*]C(N)=O,[*]C(=O)NCC#N,[*:1]-[CH0](-[NH2])=[OH0]>>[*:1]-[CH0](=[OH0])-[NH1]-[CH2]-[CH0]#[NH0],12,-1.2476200000000006,350.124287706,0.2073535261050111,4.88707271454547,-0.068297206335326,0.0170727145454696,2,84,-5.1,-2.8
C[C@@H]1[C@@H](O)[C@H](C(N)=O)[C@H](C)C[C@@H](O)[C@H]1[C@@H](O)P(=O)(O)O,C[C@H]1[C@H]([C@@H](O)P(=O)(O)O)[C@H](O)C[C@@H](C)[C@@H](C(=O)NCCF)[C@@H]1O,[*]C(N)=O,[*]C(=O)NCCF,[*:1]-[CH0](-[NH2])=[OH0]>>[*:1]-[CH0](=[OH0])-[NH1]-[CH2]-[CH2]-[FH0],13,-0.8017000000000003,357.13526698999993,0.2787072696034478,4.857143900986147,0.0030565371631106,-0.0128560990138533,2,85,-5.1,-2.8
C[C@@H]1[C@@H](O)[C@H](C(N)=O)[C@H](C)C[C@@H](O)[C@H]1[C@@H](O)P(=O)(O)O,C[C@H]1[C@H]([C@@H](O)P(=O)(O)O)[C@H](O)C[C@@H](C)[C@@H](c2ccncc2)[C@@H]1O,[*]C(N)=O,[*]c1ccncc1,[*:1]-[CH0](-[NH2])=[OH0]>>[*:1]-[cH0]1:[cH1]:[cH1]:[nH0]:[cH1]:[cH1]:1,23,0.6751999999999998,345.134124118,0.401908944900671,4.657962226589412,0.1262582124603338,-0.2120377734105885,2,86,-5.1,-2.5
C[C@@H]1[C@@H](O)[C@H](C(N)=O)[C@H](C)C[C@@H](O)[C@H]1[C@@H](O)P(=O)(O)O,C[C@H]1[C@H]([C@@H](O)P(=O)(O)O)[C@H](O)C[C@@H](C)[C@@H](c2cccnc2)[C@@H]1O,[*]C(N)=O,[*]c1cccnc1,[*:1]-[CH0](-[NH2])=[OH0]>>[*:1]-[cH0]1:[cH1]:[cH1]:[cH1]:[nH0]:[cH1]:1,26,0.6751999999999998,345.134124118,0.401908944900671,4.660604345126613,0.1262582124603338,-0.2093956548733873,2,87,-5.1,-2.6
C[C@@H]1[C@@H](O)[C@H](C(N)=O)[C@H](C)C[C@@H](O)[C@H]1[C@@H](O)P(=O)(O)O,C[C@H]1[C@H]([C@@H](O)P(=O)(O)O)[C@H](O)C[C@@H](C)[C@@H](C(=O)NCCN)[C@@H]1O,[*]C(N)=O,[*]C(=O)NCCN,[*:1]-[CH0](-[NH2])=[OH0]>>[*:1]-[CH0](=[OH0])-[NH1]-[CH2]-[CH2]-[NH2],14,-1.812499999999999,354.155587834,0.2232775041367048,4.745370237361636,-0.0523732283036323,-0.1246297626383645,2,88,-5.1,-3.9
C[C@@H]1[C@@H](O)[C@H](C(N)=O)[C@H](C)C[C@@H](O)[C@H]1[C@@H](O)P(=O)(O)O,C[C@H]1[C@H]([C@@H](O)P(=O)(O)O)[C@H](O)C[C@@H](C)[C@@H](C(=O)NCCO)[C@@H]1O,[*]C(N)=O,[*]C(=O)NCCO,[*:1]-[CH0](-[NH2])=[OH0]>>[*:1]-[CH0](=[OH0])-[NH1]-[CH2]-[CH2]-[OH1],112,-1.778899999999999,355.13960342199994,0.2243396595206398,4.706957721064373,-0.0513110729196974,-0.1630422789356274,2,89,-5.1,-4.3
C[C@@H]1[C@@H](O)[C@H](C(N)=O)[C@H](C)C[C@@H](O)[C@H]1[C@@H](O)P(=O)(O)O,C[C@H]1[C@H]([C@@H](O)P(=O)(O)O)[C@H](O)C[C@@H](C)[C@@H](OCc2ccccc2)[C@@H]1O,[*]C(N)=O,[*]OCc1ccccc1,[*:1]-[CH0](-[NH2])=[OH0]>>[*:1]-[OH0]-[CH2]-[cH0]1:[cH1]:[cH1]:[cH1]:[cH1]:[cH1]:1,15,1.0817999999999994,374.149439834,0.3854298102649288,4.335484903584546,0.1097790778245915,-0.5345150964154541,2,90,-5.1,-2.8
C[C@@H]1[C@@H](O)[C@H](C(N)=O)[C@H](C)C[C@@H](O)[C@H]1[C@@H](O)P(=O)(O)O,C[C@H]1[C@H]([C@@H](O)P(=O)(O)O)[C@H](O)C[C@@H](C)[C@@H](C(=O)NCCN(C)C)[C@@H]1O,[*]C(N)=O,[*]C(=O)NCCN(C)C,[*:1]-[CH0](-[NH2])=[OH0]>>[*:1]-[CH0](=[OH0])-[NH1]-[CH2]-[CH2]-[NH0](-[CH3])-[CH3],38,-1.209599999999998,382.186887962,0.2474025768070539,4.649745064319333,-0.0282481556332832,-0.2202549356806669,2,91,-5.1,-2.6
C[C@@H]1[C@@H](O)[C@H](C(N)=O)[C@H](C)C[C@@H](O)[C@H]1[C@@H](O)P(=O)(O)O,C[C@H]1[C@H]([C@@H](O)P(=O)(O)O)[C@H](O)C[C@@H](C)[C@@H](c2ccccn2)[C@@H]1O,[*]C(N)=O,[*]c1ccccn1,[*:1]-[CH0](-[NH2])=[OH0]>>[*:1]-[cH0]1:[cH1]:[cH1]:[cH1]:[cH1]:[nH0]:1,16,0.6751999999999998,345.134124118,0.401908944900671,4.678297913852969,0.1262582124603338,-0.1917020861470311,2,92,-5.1,-2.8
C[C@@H]1[C@@H](O)[C@H](C(N)=O)[C@H](C)C[C@@H](O)[C@H]1[C@@H](O)P(=O)(O)O,C[C@H]1[C@H]([C@@H](O)P(=O)(O)O)[C@H](O)C[C@@H](C)[C@@H](n2ccnc2)[C@@H]1O,[*]C(N)=O,[*]n1ccnc1,[*:1]-[CH0](-[NH2])=[OH0]>>[*:1]-[nH0]1:[cH1]:[cH1]:[nH0]:[cH1]:1,11,-0.0658000000000003,334.129373086,0.3855584491312194,5.003544771536345,0.1099077166908821,0.1335447715363447,2,93,-5.1,-1.8
C[C@@H]1[C@@H](O)[C@H](C(N)=O)[C@H](C)C[C@@H](O)[C@H]1[C@@H](O)P(=O)(O)O,C[C@H]1[C@H]([C@@H](O)P(=O)(O)O)[C@H](O)C[C@@H](C)[C@@H](Oc2ccccc2)[C@@H]1O,[*]C(N)=O,[*]Oc1ccccc1,[*:1]-[CH0](-[NH2])=[OH0]>>[*:1]-[OH0]-[cH0]1:[cH1]:[cH1]:[cH1]:[cH1]:[cH1]:1,20,0.944,360.13378977,0.3993835145157917,4.414472064825016,0.1237327820754544,-0.4555279351749837,2,94,-5.1,-3.3
C[C@@H]1[C@@H](O)[C@H](C(N)=O)[C@H](C)C[C@@H](O)[C@H]1[C@@H](O)P(=O)(O)O,C[C@H]1[C@H]([C@@H](O)P(=O)(O)O)[C@H](O)C[C@@H](C)[C@@H](C(=O)NCC(F)(F)F)[C@@H]1O,[*]C(N)=O,[*]C(=O)NCC(F)(F)F,[*:1]-[CH0](-[NH2])=[OH0]>>[*:1]-[CH0](=[OH0])-[NH1]-[CH2]-[CH0](-[FH0])(-[FH0])-[FH0],14,-0.2089000000000001,393.116423366,0.2861025129110061,4.770336273110542,0.0104517804706689,-0.0996637268894584,2,95,-5.1,-4.9
C[C@@H]1[C@@H](O)[C@H](C(N)=O)[C@H](C)C[C@@H](O)[C@H]1[C@@H](O)P(=O)(O)O,C[C@H]1[C@H]([C@@H](O)P(=O)(O)O)[C@H](O)C[C@@H](C)[C@@H](NC(=O)OC(C)(C)C)[C@@H]1O,[*]C(N)=O,[*]NC(=O)OC(C)(C)C,[*:1]-[CH0](-[NH2])=[OH0]>>[*:1]-[NH1]-[CH0](=[OH0])-[OH0]-[CH0](-[CH3])(-[CH3])-[CH3],17,0.3897,383.1709035499999,0.3018007541250553,4.681380229154499,0.026150021684718,-0.1886197708455013,2,96,-5.1,-1.0
C[C@@H]1[C@@H](O)[C@H](C(N)=O)[C@H](C)C[C@@H](O)[C@H]1[C@@H](O)P(=O)(O)O,C[C@H]1[C@H]([C@@H](O)P(=O)(O)O)[C@H](O)C[C@@H](C)[C@@H](c2cnco2)[C@@H]1O,[*]C(N)=O,[*]c1cnco1,[*:1]-[CH0](-[NH2])=[OH0]>>[*:1]-[cH0]1:[cH1]:[nH0]:[cH1]:[oH0]:1,11,0.2681999999999996,335.1133886739999,0.3908841617241547,5.129742914772418,0.1152334292838174,0.2597429147724179,2,97,-5.1,-3.1
C[C@@H]1[C@@H](O)[C@H](C(N)=O)[C@H](C)C[C@@H](O)[C@H]1[C@@H](O)P(=O)(O)O,COCCNC(=O)[C@@H]1[C@H](C)C[C@@H](O)[C@@H]([C@@H](O)P(=O)(O)O)[C@H](C)[C@H]1O,[*]C(N)=O,[*]C(=O)NCCOC,[*:1]-[CH0](-[NH2])=[OH0]>>[*:1]-[CH0](=[OH0])-[NH1]-[CH2]-[CH2]-[OH0]-[CH3],38,-1.1247999999999994,369.155253486,0.1951679580645019,4.622118939825016,-0.0804827743758352,-0.2478810601749836,2,98,-5.1,-4.5
C[C@@H]1[C@@H](O)[C@H](C(N)=O)[C@H](C)C[C@@H](O)[C@H]1[C@@H](O)P(=O)(O)O,C[C@H]1[C@H]([C@@H](O)P(=O)(O)O)[C@H](O)C[C@@H](C)[C@@H](C(=O)NCCN2CCOCC2)[C@@H]1O,[*]C(N)=O,[*]C(=O)NCCN1CCOCC1,[*:1]-[CH0](-[NH2])=[OH0]>>[*:1]-[CH0](=[OH0])-[NH1]-[CH2]-[CH2]-[NH0]1-[CH2]-[CH2]-[OH0]-[CH2]-[CH2]-1,24,-1.4389999999999978,424.19745264599993,0.2216895235300208,4.541243526651508,-0.0539612089103163,-0.3287564733484922,2,99,-5.1,-4.4
CNC(=O)[C@@H](C[C@H](O)C(O)(O)[C@@H](O)[C@@H](O)[C@H]1C=C2CCON=C2C(C(N)=O)=C1)C(=O)O[C@H]1CC2=C(C=CC(C(=O)O)C=C2)O1,CNC(=O)[C@@H](C[C@H](O)C(O)(O)[C@@H](O)[C@@H](O)[C@H]1C=C2CCON=C2C(C(N)=O)=C1)C(=O)O[C@H]1CC2=C(C=CC(OC)C=C2)O1,[*]C(=O)O,[*]OC,[*:1]-[CH0](=[OH0])-[OH1]>>[*:1]-[OH0]-[CH3],264,-2.068799999999994,605.2220735599999,0.0763692300945598,6.146096605602851,0.0081059212109932,0.1060966056028513,3,0,1.7,-2.3
CNC(=O)[C@@H](C[C@H](O)C(O)(O)[C@@H](O)[C@@H](O)[C@H]1C=C2CCON=C2C(C(N)=O)=C1)C(=O)O[C@H]1CC2=C(C=CC(C(=O)O)C=C2)O1,CCC(=O)[C@@H](C[C@H](O)C(O)(O)[C@@H](O)[C@@H](O)[C@H]1C=C2CCON=C2C(C(N)=O)=C1)C(=O)O[C@H]1CC2=C(C=CC(C(=O)O)C=C2)O1,[*]NC,[*]CC,[*:1]-[NH1]-[CH3]>>[*:1]-[CH2]-[CH3],44,-1.1498999999999966,618.2060891480002,0.0775517081406585,6.070287153726827,0.0092883992570919,0.0302871537268272,3,1,1.7,-1.2
CNC(=O)[C@@H](C[C@H](O)C(O)(O)[C@@H](O)[C@@H](O)[C@H]1C=C2CCON=C2C(C(N)=O)=C1)C(=O)O[C@H]1CC2=C(C=CC(C(=O)O)C=C2)O1,COCC(=O)[C@@H](C[C@H](O)C(O)(O)[C@@H](O)[C@@H](O)[C@H]1C=C2CCON=C2C(C(N)=O)=C1)C(=O)O[C@H]1CC2=C(C=CC(C(=O)O)C=C2)O1,[*]NC,[*]COC,[*:1]-[NH1]-[CH3]>>[*:1]-[CH2]-[OH0]-[CH3],13,-1.9134999999999935,634.2010037680001,0.0662089699543378,6.087034722274318,-0.0020543389292288,0.0470347222743177,3,2,1.7,-1.2
CNC(=O)[C@@H](C[C@H](O)C(O)(O)[C@@H](O)[C@@H](O)[C@H]1C=C2CCON=C2C(C(N)=O)=C1)C(=O)O[C@H]1CC2=C(C=CC(C(=O)O)C=C2)O1,CNC(=O)[C@@H](C[C@H](O)C(O)(O)[C@@H](O)[C@@H](O)[C@H]1C=C2CCON=C2C(C(N)=O)=C1)C(=O)O[C@H]1CC2=C(C=CC(C(C)C)C=C2)O1,[*]C(=O)O,[*]C(C)C,[*:1]-[CH0](=[OH0])-[OH1]>>[*:1]-[CH1](-[CH3])-[CH3],15,-0.8115999999999961,617.2584590679999,0.0860783162284319,6.079223692188366,0.0178150073448653,0.0392236921883659,3,3,1.7,1.6
CNC(=O)[C@@H](C[C@H](O)C(O)(O)[C@@H](O)[C@@H](O)[C@H]1C=C2CCON=C2C(C(N)=O)=C1)C(=O)O[C@H]1CC2=C(C=CC(C(=O)O)C=C2)O1,CCC1C=CC2=C(C=C1)O[C@@H](OC(=O)[C@H](C[C@H](O)C(O)(O)[C@@H](O)[C@@H](O)[C@H]1C=C3CCON=C3C(C(N)=O)=C1)C(=O)NC)C2,[*]C(=O)O,[*]CC,[*:1]-[CH0](=[OH0])-[OH1]>>[*:1]-[CH2]-[CH3],27,-1.0575999999999957,603.2428090039999,0.0854849900059841,6.080847192304286,0.0172216811224175,0.0408471923042856,3,4,1.7,-1.2
CNC(=O)[C@@H](C[C@H](O)C(O)(O)[C@@H](O)[C@@H](O)[C@H]1C=C2CCON=C2C(C(N)=O)=C1)C(=O)O[C@H]1CC2=C(C=CC(C(=O)O)C=C2)O1,CNC(=O)[C@@H](C[C@H](O)C(O)(O)[C@@H](O)[C@@H](O)[C@H]1C=C2CCON=C2C(C(N)=O)=C1)C(=O)O[C@H]1CC2=C(C=CC(CN)C=C2)O1,[*]C(=O)O,[*]CN,[*:1]-[CH0](=[OH0])-[OH1]>>[*:1]-[CH2]-[NH2],41,-2.508899999999993,604.2380579719999,0.0691223200593669,6.13301668382971,0.0008590111758003,0.0930166838297097,3,5,1.7,-2.4
CNC(=O)[C@@H](C[C@H](O)C(O)(O)[C@@H](O)[C@@H](O)[C@H]1C=C2CCON=C2C(C(N)=O)=C1)C(=O)O[C@H]1CC2=C(C=CC(C(=O)O)C=C2)O1,CNC(=O)[C@@H](C[C@H](O)C(O)(O)[C@@H](O)[C@@H](O)[C@H]1C=C2CCON=C2C(C(N)=O)=C1)C(=O)O[C@H]1CC2=C(C=CC(CO)C=C2)O1,[*]C(=O)O,[*]CO,[*:1]-[CH0](=[OH0])-[OH1]>>[*:1]-[CH2]-[OH1],242,-2.4752999999999936,605.2220735599999,0.0692816479587069,6.089267531287337,0.0010183390751403,0.0492675312873371,3,6,1.7,-3.8
CNC(=O)[C@@H](C[C@H](O)C(O)(O)[C@@H](O)[C@@H](O)[C@H]1C=C2CCON=C2C(C(N)=O)=C1)C(=O)O[C@H]1CC2=C(C=CC(C(=O)O)C=C2)O1,CNC(=O)[C@@H](C[C@H](O)C(O)(O)[C@@H](O)[C@@H](O)[C@H]1C=C2CCON=C2C(C(N)=O)=C1)C(=O)O[C@H]1CC2=C(C=CC(C(N)=O)C=C2)O1,[*]C(=O)O,[*]C(N)=O,[*:1]-[CH0](=[OH0])-[OH1]>>[*:1]-[CH0](-[NH2])=[OH0],426,-2.9822999999999924,618.2173225279998,0.0654393274578096,6.093098692188367,-0.0028239814257569,0.0530986921883664,3,7,1.7,-3.1
CNC(=O)[C@@H](C[C@H](O)C(O)(O)[C@@H](O)[C@@H](O)[C@H]1C=C2CCON=C2C(C(N)=O)=C1)C(=O)O[C@H]1CC2=C(C=CC(C(=O)O)C=C2)O1,CC(C)C(=O)[C@@H](C[C@H](O)C(O)(O)[C@@H](O)[C@@H](O)[C@H]1C=C2CCON=C2C(C(N)=O)=C1)C(=O)O[C@H]1CC2=C(C=CC(C(=O)O)C=C2)O1,[*]NC,[*]C(C)C,[*:1]-[NH1]-[CH3]>>[*:1]-[CH1](-[CH3])-[CH3],16,-0.9038999999999966,632.2217392120001,0.0782664589700762,6.082279990320946,0.0100031500865096,0.0422799903209458,3,8,1.7,1.3
CNC(=O)[C@@H](C[C@H](O)C(O)(O)[C@@H](O)[C@@H](O)[C@H]1C=C2CCON=C2C(C(N)=O)=C1)C(=O)O[C@H]1CC2=C(C=CC(C(=O)O)C=C2)O1,CNC(=O)[C@@H](C[C@H](O)C(O)(O)[C@@H](O)[C@@H](O)[C@H]1C=C2CCCN=C2C(C(N)=O)=C1)C(=O)O[C@H]1CC2=C(C=CC(C(=O)O)C=C2)O1,[*]O[*],[*]C[*],[*:1]-[OH0]-[*:2]>>[*:1]-[CH2]-[*:2],222,-1.924499999999992,617.2220735599999,0.0716659856178002,5.968066769111442,0.0034026767342336,-0.0719332308885576,3,9,1.7,0.6
CNC(=O)[C@@H](C[C@H](O)C(O)(O)[C@@H](O)[C@@H](O)[C@H]1C=C2CCON=C2C(C(N)=O)=C1)C(=O)O[C@H]1CC2=C(C=CC(C(=O)O)C=C2)O1,CNC(=O)[C@@H](C[C@H](O)C(O)(O)[C@@H](O)[C@@H](O)[C@H]1C=C2CCON=C2C(C(N)=O)=C1)C(=O)C[C@H]1CC2=C(C=CC(C(=O)O)C=C2)O1,[*]O[*],[*]C[*],[*:1]-[OH0]-[*:2]>>[*:1]-[CH2]-[*:2],222,-1.9244999999999937,617.2220735599998,0.088018643003751,6.062340615265289,0.0197553341201844,0.0223406152652891,3,10,1.7,0.4
CNC(=O)[C@@H](C[C@H](O)C(O)(O)[C@@H](O)[C@@H](O)[C@H]1C=C2CCON=C2C(C(N)=O)=C1)C(=O)O[C@H]1CC2=C(C=CC(C(=O)O)C=C2)O1,CNC(=O)[C@@H](C[C@H](O)C(O)(O)[C@@H](O)[C@@H](O)[C@H]1C=C2CCON=C2C(C(N)=O)=C1)C(=O)N[C@H]1CC2=C(C=CC(C(=O)O)C=C2)O1,[*]O[*],[*]N[*],[*:1]-[OH0]-[*:2]>>[*:1]-[NH1]-[*:2],1876,-2.8099999999999934,618.2173225279998,0.0838712713395396,6.062423692188366,0.015607962455973,0.022423692188366,3,11,1.7,-1.7
CNC(=O)[C@@H](C[C@H](O)C(O)(O)[C@@H](O)[C@@H](O)[C@H]1C=C2CCON=C2C(C(N)=O)=C1)C(=O)O[C@H]1CC2=C(C=CC(C(=O)O)C=C2)O1,CNC(=O)[C@@H](C[C@H](O)C(O)(O)[C@@H](O)[C@@H](O)[C@H]1C=C2CCON=C2C(C(N)=O)=C1)C(=O)N[C@H]1CC2=C(C=CC(C(=O)O)C=C2)O1,[*]O[*],[*]N[*],[*:1]-[OH0]-[*:2]>>[*:1]-[NH1]-[*:2],1876,-2.8099999999999934,618.2173225279998,0.0838712713395396,6.062423692188366,0.015607962455973,0.022423692188366,3,12,1.7,-2.3
CNC(=O)[C@@H](C[C@H](O)C(O)(O)[C@@H](O)[C@@H](O)[C@H]1C=C2CCON=C2C(C(N)=O)=C1)C(=O)O[C@H]1CC2=C(C=CC(C(=O)O)C=C2)O1,CN(C)C(=O)[C@@H](C[C@H](O)C(O)(O)[C@@H](O)[C@@H](O)[C@H]1C=C2CCON=C2C(C(N)=O)=C1)C(=O)O[C@H]1CC2=C(C=CC(C(=O)O)C=C2)O1,[*]NC,[*]N(C)C,[*:1]-[NH1]-[CH3]>>[*:1]-[NH0](-[CH3])-[CH3],1360,-2.040799999999991,633.21698818,0.0735814541329736,6.081698905831664,0.005318145249407,0.0416989058316641,3,13,1.7,-0.5
CNC(=O)[C@@H](C[C@H](O)C(O)(O)[C@@H](O)[C@@H](O)[C@H]1C=C2CCON=C2C(C(N)=O)=C1)C(=O)O[C@H]1CC2=C(C=CC(C(=O)O)C=C2)O1,NC(=O)C1=C[C@@H]([C@H](O)[C@H](O)C(O)(O)[C@@H](O)C[C@H](C(=O)CO)C(=O)O[C@H]2CC3=C(C=CC(C(=O)O)C=C3)O2)C=C2CCON=C21,[*]NC,[*]CO,[*:1]-[NH1]-[CH3]>>[*:1]-[CH2]-[OH1],31,-2.567599999999991,620.1853537040001,0.0632894618402652,6.121684076803751,-0.0049738470433013,0.081684076803751,3,14,1.7,-2.7
CNC(=O)[C@@H](C[C@H](O)C(O)(O)[C@@H](O)[C@@H](O)[C@H]1C=C2CCON=C2C(C(N)=O)=C1)C(=O)O[C@H]1CC2=C(C=CC(C(=O)O)C=C2)O1,NC(=O)C1=C[C@@H]([C@H](O)[C@H](O)C(O)(O)[C@@H](O)C[C@@H](C(=O)O[C@H]2CC3=C(C=CC(C(=O)O)C=C3)O2)C(=O)C2CC2)C=C2CCON=C21,[*]NC,[*]C1CC1,[*:1]-[NH1]-[CH3]>>[*:1]-[CH1]1-[CH2]-[CH2]-1,19,-1.1498999999999966,630.2060891480002,0.0764632375553745,6.068200575932855,0.0081999286718078,0.0282005759328551,3,15,1.7,-2.1
CNC(=O)[C@@H](C[C@H](O)C(O)(O)[C@@H](O)[C@@H](O)[C@H]1C=C2CCON=C2C(C(N)=O)=C1)C(=O)O[C@H]1CC2=C(C=CC(C(=O)O)C=C2)O1,NC(=O)C1=C[C@@H]([C@H](O)[C@H](O)C(O)(O)[C@@H](O)C[C@@H](C(=O)O[C@H]2CC3=C(C=CC(C(=O)O)C=C3)O2)C(=O)C(=O)O)C=C2CCON=C21,[*]NC,[*]C(=O)O,[*:1]-[NH1]-[CH3]>>[*:1]-[CH0](=[OH0])-[OH1],17,-2.475299999999991,634.1646182600001,0.0477253582303002,6.085422613271766,-0.0205379506532663,0.0454226132717661,3,16,1.7,-2.0
CNC(=O)[C@@H](C[C@H](O)C(O)(O)[C@@H](O)[C@@H](O)[C@H]1C=C2CCON=C2C(C(N)=O)=C1)C(=O)O[C@H]1CC2=C(C=CC(C(=O)O)C=C2)O1,CNC(=O)[C@@H](C[C@H](O)C(O)(O)[C@@H](O)[C@@H](O)[C@H]1C=C2CCON=C2C(C(N)=O)=C1)C(=O)O[C@H]1CC2=C(C=CC(NC)C=C2)O1,[*]C(=O)O,[*]NC,[*:1]-[CH0](=[OH0])-[OH1]>>[*:1]-[NH1]-[CH3],17,-2.495799999999994,604.2380579719999,0.069356540732924,6.144059578223452,0.0010932318493574,0.1040595782234516,3,17,1.7,-2.8
CNC(=O)[C@@H](C[C@H](O)C(O)(O)[C@@H](O)[C@@H](O)[C@H]1C=C2CCON=C2C(C(N)=O)=C1)C(=O)O[C@H]1CC2=C(C=CC(C(=O)O)C=C2)O1,NCC(=O)[C@@H](C[C@H](O)C(O)(O)[C@@H](O)[C@@H](O)[C@H]1C=C2CCON=C2C(C(N)=O)=C1)C(=O)O[C@H]1CC2=C(C=CC(C(=O)O)C=C2)O1,[*]NC,[*]CN,[*:1]-[NH1]-[CH3]>>[*:1]-[CH2]-[NH2],20,-2.60119999999999,619.2013381160001,0.0631695544487723,6.137594461419135,-0.0050937544347942,0.0975944614191348,3,18,1.7,-1.1
CNC(=O)[C@@H](C[C@H](O)C(O)(O)[C@@H](O)[C@@H](O)[C@H]1C=C2CCON=C2C(C(N)=O)=C1)C(=O)O[C@H]1CC2=C(C=CC(C(=O)O)C=C2)O1,NC(=O)C(=O)[C@@H](C[C@H](O)C(O)(O)[C@@H](O)[C@@H](O)[C@H]1C=C2CCON=C2C(C(N)=O)=C1)C(=O)O[C@H]1CC2=C(C=CC(C(=O)O)C=C2)O1,[*]NC,[*]C(N)=O,[*:1]-[NH1]-[CH3]>>[*:1]-[CH0](-[NH2])=[OH0],27,-3.0745999999999905,633.180602672,0.0457743961764146,6.10427721604604,-0.0224889127071519,0.0642772160460403,3,19,1.7,-2.8
CNC(=O)[C@@H](C[C@H](O)C(O)(O)[C@@H](O)[C@@H](O)[C@H]1C=C2CCON=C2C(C(N)=O)=C1)C(=O)O[C@H]1CC2=C(C=CC(C(=O)O)C=C2)O1,CNC(=O)[C@@H](C[C@H](O)C(O)(O)[C@@H](O)[C@@H](O)[C@H]1C=C2CCON=C2C(C(N)=O)=C1)C(=O)O[C@H]1CC2=C(C=CC(N(C)C)C=C2)O1,[*]C(=O)O,[*]N(C)C,[*:1]-[CH0](=[OH0])-[OH1]>>[*:1]-[NH0](-[CH3])-[CH3],51,-2.153599999999993,618.2537080359999,0.0745871042723378,6.074243692188365,0.0063237953887712,0.0342436921883653,3,20,1.7,-1.1
CNC(=O)[C@@H](C[C@H](O)C(O)(O)[C@@H](O)[C@@H](O)[C@H]1C=C2CCON=C2C(C(N)=O)=C1)C(=O)O[C@H]1CC2=C(C=CC(C(=O)O)C=C2)O1,CCOC1C=CC2=C(C=C1)O[C@@H](OC(=O)[C@H](C[C@H](O)C(O)(O)[C@@H](O)[C@@H](O)[C@H]1C=C3CCON=C3C(C(N)=O)=C1)C(=O)NC)C2,[*]C(=O)O,[*]OCC,[*:1]-[CH0](=[OH0])-[OH1]>>[*:1]-[OH0]-[CH2]-[CH3],26,-1.678699999999994,619.2377236239998,0.0736543485544348,6.145335434082836,0.0053910396708682,0.1053354340828356,3,21,1.7,-2.6
CNC(=O)[C@@H](C[C@H](O)C(O)(O)[C@@H](O)[C@@H](O)[C@H]1C=C2CCON=C2C(C(N)=O)=C1)C(=O)O[C@H]1CC2=C(C=CC(C(=O)O)C=C2)O1,COC(=O)[C@@H](C[C@H](O)C(O)(O)[C@@H](O)[C@@H](O)[C@H]1C=C2CCON=C2C(C(N)=O)=C1)C(=O)O[C@H]1CC2=C(C=CC(C(=O)O)C=C2)O1,[*]NC,[*]OC,[*:1]-[NH1]-[CH3]>>[*:1]-[OH0]-[CH3],601,-1.9559999999999933,620.1853537040001,0.0751649748048227,6.005135230649905,0.0069016659212561,-0.0348647693500954,3,22,1.7,-3.7
CNC(=O)[C@@H](C[C@H](O)C(O)(O)[C@@H](O)[C@@H](O)[C@H]1C=C2CCON=C2C(C(N)=O)=C1)C(=O)O[C@H]1CC2=C(C=CC(C(=O)O)C=C2)O1,NC(=O)C1=C[C@@H]([C@H](O)[C@H](O)C(O)(O)[C@@H](O)C[C@@H](C(=O)O[C@H]2CC3=C(C=CC(C(=O)O)C=C3)O2)C(=O)N2CCC2)C=C2CCON=C21,[*]NC,[*]N1CCC1,[*:1]-[NH1]-[CH3]>>[*:1]-[NH0]1-[CH2]-[CH2]-[CH2]-1,131,-1.896699999999992,645.2169881799999,0.0737057504740817,5.991422893325691,0.0054424415905151,-0.0485771066743092,3,23,1.7,-2.2
CNC(=O)[C@@H](C[C@H](O)C(O)(O)[C@@H](O)[C@@H](O)[C@H]1C=C2CCON=C2C(C(N)=O)=C1)C(=O)O[C@H]1CC2=C(C=CC(C(=O)O)C=C2)O1,CNC(=O)C1C=CC2=C(C=C1)O[C@@H](OC(=O)[C@H](C[C@H](O)C(O)(O)[C@@H](O)[C@@H](O)[C@H]1C=C3CCON=C3C(C(N)=O)=C1)C(=O)NC)C2,[*]C(=O)O,[*]C(=O)NC,[*:1]-[CH0](=[OH0])-[OH1]>>[*:1]-[CH0](=[OH0])-[NH1]-[CH3],187,-2.7215999999999925,632.2329725919998,0.0656453023197684,6.0891060168334175,-0.0026180065637981,0.0491060168334174,3,24,1.7,1.6
CNC(=O)[C@@H](C[C@H](O)C(O)(O)[C@@H](O)[C@@H](O)[C@H]1C=C2CCON=C2C(C(N)=O)=C1)C(=O)O[C@H]1CC2=C(C=CC(C(=O)O)C=C2)O1,CN(C)CC(=O)[C@@H](C[C@H](O)C(O)(O)[C@@H](O)[C@@H](O)[C@H]1C=C2CCON=C2C(C(N)=O)=C1)C(=O)O[C@H]1CC2=C(C=CC(C(=O)O)C=C2)O1,[*]NC,[*]CN(C)C,[*:1]-[NH1]-[CH3]>>[*:1]-[CH2]-[NH0](-[CH3])-[CH3],14,-1.9982999999999904,647.232638244,0.0648363090687232,6.11546376365536,-0.0034269998148433,0.0754637636553603,3,25,1.7,0.7
CNC(=O)[C@@H](C[C@H](O)C(O)(O)[C@@H](O)[C@@H](O)[C@H]1C=C2CCON=C2C(C(N)=O)=C1)C(=O)O[C@H]1CC2=C(C=CC(C(=O)O)C=C2)O1,CN(C)C(=O)C(=O)[C@@H](C[C@H](O)C(O)(O)[C@@H](O)[C@@H](O)[C@H]1C=C2CCON=C2C(C(N)=O)=C1)C(=O)O[C@H]1CC2=C(C=CC(C(=O)O)C=C2)O1,[*]NC,[*]C(=O)N(C)C,[*:1]-[NH1]-[CH3]>>[*:1]-[CH0](=[OH0])-[NH0](-[CH3])-[CH3],10,-2.4716999999999896,661.2119028,0.0494216131910285,6.135213195797845,-0.018841695692538,0.0952131957978448,3,26,1.7,3.6
CNC(=O)[C@@H](C[C@H](O)C(O)(O)[C@@H](O)[C@@H](O)[C@H]1C=C2CCON=C2C(C(N)=O)=C1)C(=O)O[C@H]1CC2=C(C=CC(C(=O)O)C=C2)O1,CNC(=O)[C@@H](C[C@H](O)C(O)(O)[C@@H](O)[C@@H](O)[C@H]1C=C2CCON=C2C(C(N)=O)=C1)C(=O)O[C@H]1CC2=C(C=CC(C(C)(C)C)C=C2)O1,[*]C(=O)O,[*]C(C)(C)C,[*:1]-[CH0](=[OH0])-[OH1]>>[*:1]-[CH0](-[CH3])(-[CH3])-[CH3],26,-0.4214999999999966,631.2741091319999,0.0929688905665026,6.102674693977944,0.024705581682936,0.0626746939779439,3,27,1.7,0.4
CNC(=O)[C@@H](C[C@H](O)C(O)(O)[C@@H](O)[C@@H](O)[C@H]1C=C2CCON=C2C(C(N)=O)=C1)C(=O)O[C@H]1CC2=C(C=CC(C(=O)O)C=C2)O1,NC(=O)C1=C[C@@H]([C@H](O)[C@H](O)C(O)(O)[C@@H](O)C[C@@H](C(=O)O[C@H]2CC3=C(C=CC(C(=O)O)C=C3)O2)C(=O)N2CCCC2)C=C2CCON=C21,[*]NC,[*]N1CCCC1,[*:1]-[NH1]-[CH3]>>[*:1]-[NH0]1-[CH2]-[CH2]-[CH2]-[CH2]-1,271,-1.5065999999999944,659.232638244,0.0757350181048744,5.955384574449477,0.0074717092213078,-0.0846154255505231,3,28,1.7,-0.7
CNC(=O)[C@@H](C[C@H](O)C(O)(O)[C@@H](O)[C@@H](O)[C@H]1C=C2CCON=C2C(C(N)=O)=C1)C(=O)O[C@H]1CC2=C(C=CC(C(=O)O)C=C2)O1,CNC(=O)[C@@H](C[C@H](O)C(O)(O)[C@@H](O)[C@@H](O)[C@H]1C=C2CCN(C)N=C2C(C(N)=O)=C1)C(=O)O[C@H]1CC2=C(C=CC(C(=O)O)C=C2)O1,[*]O[*],[*]N([*])C,[*:1]-[OH0]-[*:2]>>[*:1]-[NH0](-[*:2])-[CH3],369,-2.46779999999999,632.2329725919999,0.0667969994091988,6.060840015541626,-0.0014663094743677,0.0208400155416264,3,29,1.7,-0.9
CNC(=O)[C@@H](C[C@H](O)C(O)(O)[C@@H](O)[C@@H](O)[C@H]1C=C2CCON=C2C(C(N)=O)=C1)C(=O)O[C@H]1CC2=C(C=CC(C(=O)O)C=C2)O1,CNC(=O)[C@@H](C[C@H](O)C(O)(O)[C@@H](O)[C@@H](O)[C@H]1C=C2CCN(C)N=C2C(C(N)=O)=C1)C(=O)O[C@H]1CC2=C(C=CC(C(=O)O)C=C2)O1,[*]O[*],[*]N([*])C,[*:1]-[OH0]-[*:2]>>[*:1]-[NH0](-[*:2])-[CH3],369,-2.46779999999999,632.2329725919999,0.0667969994091988,6.060840015541626,-0.0014663094743677,0.0208400155416264,3,30,1.7,0.4
CNC(=O)[C@@H](C[C@H](O)C(O)(O)[C@@H](O)[C@@H](O)[C@H]1C=C2CCON=C2C(C(N)=O)=C1)C(=O)O[C@H]1CC2=C(C=CC(C(=O)O)C=C2)O1,CNC(=O)[C@@H](C[C@H](O)C(O)(O)[C@@H](O)[C@@H](O)[C@H]1C=C2CCON=C2C(C(N)=O)=C1)C(=O)O[C@H]1CC2=C(C=CC(C(=O)N(C)C)C=C2)O1,[*]C(=O)O,[*]C(=O)N(C)C,[*:1]-[CH0](=[OH0])-[OH1]>>[*:1]-[CH0](=[OH0])-[NH0](-[CH3])-[CH3],153,-2.3793999999999933,646.2486226559998,0.0706297382553201,6.107622409809205,0.0023664293717535,0.0676224098092053,3,31,1.7,0.1
CNC(=O)[C@@H](C[C@H](O)C(O)(O)[C@@H](O)[C@@H](O)[C@H]1C=C2CCON=C2C(C(N)=O)=C1)C(=O)O[C@H]1CC2=C(C=CC(C(=O)O)C=C2)O1,CNC(=O)[C@@H](C[C@H](O)C(O)(O)[C@@H](O)[C@@H](O)[C@H]1C=C2CCON=C2C(C(N)=O)=C1)C(=O)O[C@H]1CC2=C(C=CC(CN(C)C)C=C2)O1,[*]C(=O)O,[*]CN(C)C,[*:1]-[CH0](=[OH0])-[OH1]>>[*:1]-[CH2]-[NH0](-[CH3])-[CH3],24,-1.9059999999999928,632.2693580999999,0.070985933899863,6.1029577991973945,0.0027226250162964,0.0629577991973944,3,32,1.7,3.4
CNC(=O)[C@@H](C[C@H](O)C(O)(O)[C@@H](O)[C@@H](O)[C@H]1C=C2CCON=C2C(C(N)=O)=C1)C(=O)O[C@H]1CC2=C(C=CC(C(=O)O)C=C2)O1,CNC(=O)[C@@H](C[C@H](O)C(O)(O)[C@@H](O)[C@@H](O)[C@H]1C=C2CCON=C2C(C(N)=O)=C1)C(=O)O[C@H]1CC2=C(C=CC(NC(C)=O)C=C2)O1,[*]C(=O)O,[*]NC(C)=O,[*:1]-[CH0](=[OH0])-[OH1]>>[*:1]-[NH1]-[CH0](-[CH3])=[OH0],88,-2.579099999999994,632.2329725919998,0.0663694149319504,6.101254609703962,-0.0018938939516161,0.0612546097039619,3,33,1.7,-0.2
CNC(=O)[C@@H](C[C@H](O)C(O)(O)[C@@H](O)[C@@H](O)[C@H]1C=C2CCON=C2C(C(N)=O)=C1)C(=O)O[C@H]1CC2=C(C=CC(C(=O)O)C=C2)O1,CNC(=O)[C@@H](C[C@H](O)C(O)(O)[C@@H](O)[C@@H](O)[C@H]1C=C2CCON=C2C(C(N)=O)=C1)C(=O)O[C@H]1CC2=C(C=CC(N3CCN(C)CC3)C=C2)O1,[*]C(=O)O,[*]N1CCN(C)CC1,[*:1]-[CH0](=[OH0])-[OH1]>>[*:1]-[NH0]1-[CH2]-[CH2]-[NH0](-[CH3])-[CH2]-[CH2]-1,14,-2.467799999999992,673.2959071959998,0.0685150392353088,6.076282253923318,0.0002517303517422,0.0362822539233178,3,34,1.7,7.2
CNC(=O)[C@@H](C[C@H](O)C(O)(O)[C@@H](O)[C@@H](O)[C@H]1C=C2CCON=C2C(C(N)=O)=C1)C(=O)O[C@H]1CC2=C(C=CC(C(=O)O)C=C2)O1,CC(=O)NC(=O)[C@@H](C[C@H](O)C(O)(O)[C@@H](O)[C@@H](O)[C@H]1C=C2CCON=C2C(C(N)=O)=C1)C(=O)O[C@H]1CC2=C(C=CC(C(=O)O)C=C2)O1,[*]NC,[*]NC(C)=O,[*:1]-[NH1]-[CH3]>>[*:1]-[NH1]-[CH0](-[CH3])=[OH0],122,-2.4662999999999906,647.196252736,0.0655638690473898,6.089574779039975,-0.0026994398361767,0.0495747790399745,3,35,1.7,2.8
CNC(=O)[C@@H](C[C@H](O)C(O)(O)[C@@H](O)[C@@H](O)[C@H]1C=C2CCON=C2C(C(N)=O)=C1)C(=O)O[C@H]1CC2=C(C=CC(C(=O)O)C=C2)O1,CNC(=O)[C@@H](C[C@H](O)C(O)(O)[C@@H](O)[C@@H](O)[C@H]1C=C2CCON=C2C(C(N)=O)=C1)C(=O)O[C@H]1CC2=C(C=CC(CCO)C=C2)O1,[*]C(=O)O,[*]CCO,[*:1]-[CH0](=[OH0])-[OH1]>>[*:1]-[CH2]-[CH2]-[OH1],26,-2.085199999999994,619.2377236239998,0.0665537611586991,6.086890933129244,-0.0017095477248675,0.0468909331292435,3,36,1.7,0.2
CNC(=O)[C@@H](C[C@H](O)C(O)(O)[C@@H](O)[C@@H](O)[C@H]1C=C2CCON=C2C(C(N)=O)=C1)C(=O)O[C@H]1CC2=C(C=CC(C(=O)O)C=C2)O1,CNC(=O)[C@@H](C[C@H](O)C(O)(O)[C@@H](O)[C@@H](O)[C@H]1C=C2CCON=C2C(C(N)=O)=C1)C(=O)CC[C@H]1CC2=C(C=CC(C(=O)O)C=C2)O1,[*]O[*],[*]CC[*],[*:1]-[OH0]-[*:2]>>[*:1]-[CH2]-[CH2]-[*:2],35,-1.534399999999993,631.2377236240001,0.0850295149537037,6.02301370914111,0.0167662060701371,-0.01698629085889,3,37,1.7,2.3
CNC(=O)[C@@H](C[C@H](O)C(O)(O)[C@@H](O)[C@@H](O)[C@H]1C=C2CCON=C2C(C(N)=O)=C1)C(=O)O[C@H]1CC2=C(C=CC(C(=O)O)C=C2)O1,CNC(=O)[C@@H](C[C@H](O)C(O)(O)[C@@H](O)[C@@H](O)[C@H]1C=C2CCCCN=C2C(C(N)=O)=C1)C(=O)O[C@H]1CC2=C(C=CC(C(=O)O)C=C2)O1,[*]O[*],[*]CC[*],[*:1]-[OH0]-[*:2]>>[*:1]-[CH2]-[CH2]-[*:2],35,-1.5343999999999922,631.237723624,0.0733607958119519,5.947564553418784,0.0050974869283853,-0.0924354465812156,3,38,1.7,-1.5
CNC(=O)[C@@H](C[C@H](O)C(O)(O)[C@@H](O)[C@@H](O)[C@H]1C=C2CCON=C2C(C(N)=O)=C1)C(=O)O[C@H]1CC2=C(C=CC(C(=O)O)C=C2)O1,CC(=O)N(C)C(=O)[C@@H](C[C@H](O)C(O)(O)[C@@H](O)[C@@H](O)[C@H]1C=C2CCON=C2C(C(N)=O)=C1)C(=O)O[C@H]1CC2=C(C=CC(C(=O)O)C=C2)O1,[*]NC,[*]N(C)C(C)=O,[*:1]-[NH1]-[CH3]>>[*:1]-[NH0](-[CH3])-[CH0](-[CH3])=[OH0],27,-2.1240999999999906,661.2119028,0.0708395125809715,6.148555654913532,0.0025762036974049,0.1085556549135322,3,39,1.7,-0.7
CNC(=O)[C@@H](C[C@H](O)C(O)(O)[C@@H](O)[C@@H](O)[C@H]1C=C2CCON=C2C(C(N)=O)=C1)C(=O)O[C@H]1CC2=C(C=CC(C(=O)O)C=C2)O1,CCCC(=O)[C@@H](C[C@H](O)C(O)(O)[C@@H](O)[C@@H](O)[C@H]1C=C2CCON=C2C(C(N)=O)=C1)C(=O)O[C@H]1CC2=C(C=CC(C(=O)O)C=C2)O1,[*]NC,[*]CCC,[*:1]-[NH1]-[CH3]>>[*:1]-[CH2]-[CH2]-[CH3],10,-0.759799999999996,632.2217392120001,0.0749476337593002,6.054518774807152,0.0066843248757336,0.0145187748071515,3,40,1.7,2.9
CNC(=O)[C@@H](C[C@H](O)C(O)(O)[C@@H](O)[C@@H](O)[C@H]1C=C2CCON=C2C(C(N)=O)=C1)C(=O)O[C@H]1CC2=C(C=CC(C(=O)O)C=C2)O1,CNC(=O)[C@@H](C[C@H](O)C(O)(O)[C@@H](O)[C@@H](O)[C@H]1C=C2CCON=C2C(C(N)=O)=C1)C(=O)NCC[C@H]1CC2=C(C=CC(C(=O)O)C=C2)O1,[*]O[*],[*]NCC[*],[*:1]-[OH0]-[*:2]>>[*:1]-[NH1]-[CH2]-[CH2]-[*:2],13,-2.377399999999989,646.2486226560001,0.0750084954969866,5.95256245376525,0.00674518661342,-0.0874375462347503,3,41,1.7,1.4
CNC(=O)[C@@H](C[C@H](O)C(O)(O)[C@@H](O)[C@@H](O)[C@H]1C=C2CCON=C2C(C(N)=O)=C1)C(=O)O[C@H]1CC2=C(C=CC(C(=O)O)C=C2)O1,CNC(=O)[C@@H](C[C@H](O)C(O)(O)[C@@H](O)[C@@H](O)[C@H]1C=C2CCON=C2C(C(N)=O)=C1)C(=O)CCN[C@H]1CC2=C(C=CC(C(=O)O)C=C2)O1,[*]O[*],[*]NCC[*],[*:1]-[OH0]-[*:2]>>[*:1]-[NH1]-[CH2]-[CH2]-[*:2],13,-2.377399999999993,646.2486226559998,0.0705746725323691,6.112414102116899,0.0023113636488025,0.0724141021168991,3,42,1.7,1.8
CNC(=O)[C@@H](C[C@H](O)C(O)(O)[C@@H](O)[C@@H](O)[C@H]1C=C2CCON=C2C(C(N)=O)=C1)C(=O)O[C@H]1CC2=C(C=CC(C(=O)O)C=C2)O1,CNC(=O)C(=O)[C@@H](C[C@H](O)C(O)(O)[C@@H](O)[C@@H](O)[C@H]1C=C2CCON=C2C(C(N)=O)=C1)C(=O)O[C@H]1CC2=C(C=CC(C(=O)O)C=C2)O1,[*]NC,[*]C(=O)NC,[*:1]-[NH1]-[CH3]>>[*:1]-[CH0](=[OH0])-[NH1]-[CH3],18,-2.8138999999999905,647.196252736,0.0459291209277698,6.100855517501514,-0.0223341879557967,0.0608555175015137,3,43,1.7,-0.8
CNC(=O)[C@@H](C[C@H](O)C(O)(O)[C@@H](O)[C@@H](O)[C@H]1C=C2CCON=C2C(C(N)=O)=C1)C(=O)O[C@H]1CC2=C(C=CC(C(=O)O)C=C2)O1,CNC(=O)[C@@H](C[C@H](O)C(O)(O)[C@@H](O)[C@@H](O)[C@H]1C=C2CCC(=O)N(C)N=C2C(C(N)=O)=C1)C(=O)O[C@H]1CC2=C(C=CC(C(=O)O)C=C2)O1,[*]O[*],[*]N(C)C([*])=O,[*:1]-[OH0]-[*:2]>>[*:1]-[NH0](-[CH3])-[CH0](-[*:2])=[OH0],29,-2.5510999999999893,660.2278872119999,0.0644543629036771,5.992000355095239,-0.0038089459798894,-0.0479996449047606,3,44,1.7,4.5
CNC(=O)[C@@H](C[C@H](O)C(O)(O)[C@@H](O)[C@@H](O)[C@H]1C=C2CCON=C2C(C(N)=O)=C1)C(=O)O[C@H]1CC2=C(C=CC(C(=O)O)C=C2)O1,CNC(=O)[C@@H](C[C@H](O)C(O)(O)[C@@H](O)[C@@H](O)[C@H]1C=C2CCON=C2C(C(N)=O)=C1)C(=O)C(=O)N(C)[C@H]1CC2=C(C=CC(C(=O)O)C=C2)O1,[*]O[*],[*]N(C)C([*])=O,[*:1]-[OH0]-[*:2]>>[*:1]-[NH0](-[CH3])-[CH0](-[*:2])=[OH0],29,-2.898699999999992,660.2278872119999,0.0593330109173391,6.1557436621818535,-0.0089302979662275,0.1157436621818535,3,45,1.7,1.0
CNC(=O)[C@@H](C[C@H](O)C(O)(O)[C@@H](O)[C@@H](O)[C@H]1C=C2CCON=C2C(C(N)=O)=C1)C(=O)O[C@H]1CC2=C(C=CC(C(=O)O)C=C2)O1,CNC(=O)[C@@H](C[C@H](O)C(O)(O)[C@@H](O)[C@@H](O)[C@H]1C=C2CCON=C2C(C(N)=O)=C1)C(=O)O[C@H]1CC2=C(C=CC(COC)C=C2)O1,[*]C(=O)O,[*]COC,[*:1]-[CH0](=[OH0])-[OH1]>>[*:1]-[CH2]-[OH0]-[CH3],25,-1.821199999999994,619.2377236239998,0.0725904096596266,6.079602821241132,0.00432710077606,0.0396028212411314,3,46,1.7,0.6
CNC(=O)[C@@H](C[C@H](O)C(O)(O)[C@@H](O)[C@@H](O)[C@H]1C=C2CCON=C2C(C(N)=O)=C1)C(=O)O[C@H]1CC2=C(C=CC(C(=O)O)C=C2)O1,CCN(C)C(=O)[C@@H](C[C@H](O)C(O)(O)[C@@H](O)[C@@H](O)[C@H]1C=C2CCON=C2C(C(N)=O)=C1)C(=O)O[C@H]1CC2=C(C=CC(C(=O)O)C=C2)O1,[*]NC,[*]N(C)CC,[*:1]-[NH1]-[CH3]>>[*:1]-[NH0](-[CH3])-[CH2]-[CH3],71,-1.6506999999999925,647.232638244,0.0712435821877063,6.079366286732283,0.0029802733041397,0.0393662867322825,3,47,1.7,2.1
CNC(=O)[C@@H](C[C@H](O)C(O)(O)[C@@H](O)[C@@H](O)[C@H]1C=C2CCON=C2C(C(N)=O)=C1)C(=O)O[C@H]1CC2=C(C=CC(C(=O)O)C=C2)O1,CCNC(=O)[C@@H](C[C@H](O)C(O)(O)[C@@H](O)[C@@H](O)[C@H]1C=C2CCON=C2C(C(N)=O)=C1)C(=O)O[C@H]1CC2=C(C=CC(C(=O)O)C=C2)O1,[*]NC,[*]NCC,[*:1]-[NH1]-[CH3]>>[*:1]-[NH1]-[CH2]-[CH3],665,-1.992899999999992,633.21698818,0.0657672844678422,6.025515022461935,-0.0024960244157243,-0.0144849775380651,3,48,1.7,-0.5
CNC(=O)[C@@H](C[C@H](O)C(O)(O)[C@@H](O)[C@@H](O)[C@H]1C=C2CCON=C2C(C(N)=O)=C1)C(=O)O[C@H]1CC2=C(C=CC(C(=O)O)C=C2)O1,CNC(=O)[C@@H](C[C@H](O)C(O)(O)[C@@H](O)[C@@H](O)[C@H]1C=C2CCCON=C2C(C(N)=O)=C1)C(=O)O[C@H]1CC2=C(C=CC(C(=O)O)C=C2)O1,[*]O[*],[*]OC[*],[*:1]-[OH0]-[*:2]>>[*:1]-[OH0]-[CH2]-[*:2],780,-1.9928999999999928,633.2169881799999,0.0696272218322385,6.064097386439421,0.0013639129486719,0.0240973864394211,3,49,1.7,-1.8
CNC(=O)[C@@H](C[C@H](O)C(O)(O)[C@@H](O)[C@@H](O)[C@H]1C=C2CCON=C2C(C(N)=O)=C1)C(=O)O[C@H]1CC2=C(C=CC(C(=O)O)C=C2)O1,CNC(=O)[C@@H](C[C@H](O)C(O)(O)[C@@H](O)[C@@H](O)[C@H]1C=C2CCOCN=C2C(C(N)=O)=C1)C(=O)O[C@H]1CC2=C(C=CC(C(=O)O)C=C2)O1,[*]O[*],[*]OC[*],[*:1]-[OH0]-[*:2]>>[*:1]-[OH0]-[CH2]-[*:2],780,-2.34049999999999,633.2169881799999,0.0674128988890449,6.136051232593268,-0.0008504099945216,0.0960512325932683,3,50,1.7,-0.4
CNC(=O)[C@@H](C[C@H](O)C(O)(O)[C@@H](O)[C@@H](O)[C@H]1C=C2CCON=C2C(C(N)=O)=C1)C(=O)O[C@H]1CC2=C(C=CC(C(=O)O)C=C2)O1,CCN1C2=C(C=CC(C(=O)O)C=C2)C[C@@H]1OC(=O)[C@H](C[C@H](O)C(O)(O)[C@@H](O)[C@@H](O)[C@H]1C=C2CCON=C2C(C(N)=O)=C1)C(=O)NC,[*]O[*],[*]N([*])CC,[*:1]-[OH0]-[*:2]>>[*:1]-[NH0](-[*:2])-[CH2]-[CH3],206,-2.077699999999994,646.2486226559998,0.0644026763378642,6.089313363655361,-0.0038606325457023,0.0493133636553606,3,51,1.7,0.7
CNC(=O)[C@@H](C[C@H](O)C(O)(O)[C@@H](O)[C@@H](O)[C@H]1C=C2CCON=C2C(C(N)=O)=C1)C(=O)O[C@H]1CC2=C(C=CC(C(=O)O)C=C2)O1,CCN1C2=C(C=CC(C(=O)O)C=C2)C[C@@H]1OC(=O)[C@H](C[C@H](O)C(O)(O)[C@@H](O)[C@@H](O)[C@H]1C=C2CCON=C2C(C(N)=O)=C1)C(=O)NC,[*]O[*],[*]N([*])CC,[*:1]-[OH0]-[*:2]>>[*:1]-[NH0](-[*:2])-[CH2]-[CH3],206,-2.077699999999993,646.2486226559998,0.0644026763378642,6.089313363655361,-0.0038606325457023,0.0493133636553606,3,52,1.7,1.4
CNC(=O)[C@@H](C[C@H](O)C(O)(O)[C@@H](O)[C@@H](O)[C@H]1C=C2CCON=C2C(C(N)=O)=C1)C(=O)O[C@H]1CC2=C(C=CC(C(=O)O)C=C2)O1,CNC(=O)[C@@H](C[C@H](O)C(O)(O)[C@@H](O)[C@@H](O)[C@H]1C=C2CCON=C2C(C(N)=O)=C1)C(=O)O[C@H]1CC2=C(C=CC(N3CCOCC3)C=C2)O1,[*]C(=O)O,[*]N1CCOCC1,[*:1]-[CH0](=[OH0])-[OH1]>>[*:1]-[NH0]1-[CH2]-[CH2]-[OH0]-[CH2]-[CH2]-1,37,-2.382999999999993,660.2642727199998,0.0696427253133358,6.0910512305766735,0.0013794164297692,0.0510512305766734,3,53,1.7,5.3
CNC(=O)[C@@H](C[C@H](O)C(O)(O)[C@@H](O)[C@@H](O)[C@H]1C=C2CCON=C2C(C(N)=O)=C1)C(=O)O[C@H]1CC2=C(C=CC(C(=O)O)C=C2)O1,CNC(=O)[C@@H](C[C@H](O)C(O)(O)[C@@H](O)[C@@H](O)[C@H]1C=C2CCON=C2C(C(N)=O)=C1)C(=O)O[C@H]1CC2=C(C=CC(C(F)(F)F)C=C2)O1,[*]C(=O)O,[*]C(F)(F)F,[*:1]-[CH0](=[OH0])-[OH1]>>[*:1]-[CH0](-[FH0])(-[FH0])-[FH0],118,-0.9052999999999982,643.1988935039999,0.0875712784371721,6.129489700283115,0.0193079695536055,0.0894897002831145,3,54,1.7,-2.6
CNC(=O)[C@@H](C[C@H](O)C(O)(O)[C@@H](O)[C@@H](O)[C@H]1C=C2CCON=C2C(C(N)=O)=C1)C(=O)O[C@H]1CC2=C(C=CC(C(=O)O)C=C2)O1,CNC(=O)[C@@H](C[C@H](O)C(O)(O)[C@@H](O)[C@@H](O)[C@H]1C=C2CCON=C2C(C(N)=O)=C1)C(=O)O[C@H]1CC2=C(C=CC(CC(N)=O)C=C2)O1,[*]C(=O)O,[*]CC(N)=O,[*:1]-[CH0](=[OH0])-[OH1]>>[*:1]-[CH2]-[CH0](-[NH2])=[OH0],13,-2.592199999999994,632.2329725919998,0.0625322295966143,6.099127029966627,-0.0057310792869522,0.0591270299666266,3,55,1.7,-1.5
CNC(=O)[C@@H](C[C@H](O)C(O)(O)[C@@H](O)[C@@H](O)[C@H]1C=C2CCON=C2C(C(N)=O)=C1)C(=O)O[C@H]1CC2=C(C=CC(C(=O)O)C=C2)O1,NC(=O)C1=C[C@@H]([C@H](O)[C@H](O)C(O)(O)[C@@H](O)C[C@@H](C(=O)O[C@H]2CC3=C(C=CC(C(=O)O)C=C3)O2)C(=O)N2CCCCC2)C=C2CCON=C21,[*]NC,[*]N1CCCCC1,[*:1]-[NH1]-[CH3]>>[*:1]-[NH0]1-[CH2]-[CH2]-[CH2]-[CH2]-[CH2]-1,188,-1.1164999999999936,673.2482883079999,0.0780308538921562,5.939000241199199,0.0097675450085896,-0.1009997588008007,3,56,1.7,4.1
CNC(=O)[C@@H](C[C@H](O)C(O)(O)[C@@H](O)[C@@H](O)[C@H]1C=C2CCON=C2C(C(N)=O)=C1)C(=O)O[C@H]1CC2=C(C=CC(C(=O)O)C=C2)O1,CC(C)(C)C(=O)[C@@H](C[C@H](O)C(O)(O)[C@@H](O)[C@@H](O)[C@H]1C=C2CCON=C2C(C(N)=O)=C1)C(=O)O[C@H]1CC2=C(C=CC(C(=O)O)C=C2)O1,[*]NC,[*]C(C)(C)C,[*:1]-[NH1]-[CH3]>>[*:1]-[CH0](-[CH3])(-[CH3])-[CH3],11,-0.513799999999996,646.237389276,0.0848740333533878,6.091273407327817,0.0166107244698212,0.0512734073278169,3,57,1.7,-1.7
CNC(=O)[C@@H](C[C@H](O)C(O)(O)[C@@H](O)[C@@H](O)[C@H]1C=C2CCON=C2C(C(N)=O)=C1)C(=O)O[C@H]1CC2=C(C=CC(C(=O)O)C=C2)O1,CNC(=O)[C@@H](C[C@H](O)C(O)(O)[C@@H](O)[C@@H](O)[C@H]1C=C2CCON=C2C(C(N)=O)=C1)C(=O)O[C@H]1CC2=C(C=CC(OC(C)C)C=C2)O1,[*]C(=O)O,[*]OC(C)C,[*:1]-[CH0](=[OH0])-[OH1]>>[*:1]-[OH0]-[CH1](-[CH3])-[CH3],12,-1.290199999999995,633.2533736879998,0.0754767607778313,6.163931532780885,0.0072134518942647,0.1239315327808849,3,58,1.7,1.3
CNC(=O)[C@@H](C[C@H](O)C(O)(O)[C@@H](O)[C@@H](O)[C@H]1C=C2CCON=C2C(C(N)=O)=C1)C(=O)O[C@H]1CC2=C(C=CC(C(=O)O)C=C2)O1,NC(=O)C1=C[C@@H]([C@H](O)[C@H](O)C(O)(O)[C@@H](O)C[C@@H](C(=O)O[C@H]2CC3=C(C=CC(C(=O)O)C=C3)O2)C(=O)N2CCOCC2)C=C2CCON=C21,[*]NC,[*]N1CCOCC1,[*:1]-[NH1]-[CH3]>>[*:1]-[NH0]1-[CH2]-[CH2]-[OH0]-[CH2]-[CH2]-1,369,-2.2701999999999893,675.227552864,0.0691794278791824,5.978811577231588,0.0009161189956158,-0.0611884227684118,3,59,1.7,0.6
CNC(=O)[C@@H](C[C@H](O)C(O)(O)[C@@H](O)[C@@H](O)[C@H]1C=C2CCON=C2C(C(N)=O)=C1)C(=O)O[C@H]1CC2=C(C=CC(C(=O)O)C=C2)O1,CNC(=O)[C@@H](C[C@H](O)C(O)(O)[C@@H](O)[C@@H](O)[C@H]1C=C2CCCN(C)N=C2C(C(N)=O)=C1)C(=O)O[C@H]1CC2=C(C=CC(C(=O)O)C=C2)O1,[*]O[*],[*]N(C)C[*],[*:1]-[OH0]-[*:2]>>[*:1]-[NH0](-[CH3])-[CH2]-[*:2],24,-2.0776999999999903,646.248622656,0.0681825237008062,6.042148932886128,-8.078518276032065e-05,0.0021489328861283,3,60,1.7,1.4
CNC(=O)[C@@H](C[C@H](O)C(O)(O)[C@@H](O)[C@@H](O)[C@H]1C=C2CCON=C2C(C(N)=O)=C1)C(=O)O[C@H]1CC2=C(C=CC(C(=O)O)C=C2)O1,CNC(=O)[C@@H](C[C@H](O)C(O)(O)[C@@H](O)[C@@H](O)[C@H]1C=C2CCON=C2C(C(N)=O)=C1)C(=O)O[C@H]1CC2=C(C=CC(C(=O)O)C=C2)N(C)C1,[*]O[*],[*]N(C)C[*],[*:1]-[OH0]-[*:2]>>[*:1]-[NH0](-[CH3])-[CH2]-[*:2],24,-2.425299999999993,646.2486226559998,0.0660702420555059,6.049655763655361,-0.0021930668280606,0.0096557636553606,3,61,1.7,-2.4
CNC(=O)[C@@H](C[C@H](O)C(O)(O)[C@@H](O)[C@@H](O)[C@H]1C=C2CCON=C2C(C(N)=O)=C1)C(=O)O[C@H]1CC2=C(C=CC(C(=O)O)C=C2)O1,CNC(=O)[C@@H](C[C@H](O)C(O)(O)[C@@H](O)[C@@H](O)[C@H]1C=C2CCON=C2C(C(N)=O)=C1)C(=O)O[C@H]1CC2=C(C=CC(OC(F)(F)F)C=C2)O1,[*]C(=O)O,[*]OC(F)(F)F,[*:1]-[CH0](=[OH0])-[OH1]>>[*:1]-[OH0]-[CH0](-[FH0])(-[FH0])-[FH0],36,-1.178799999999998,659.1938081239998,0.0788378928814915,6.216457609809207,0.0105745839979249,0.1764576098092067,3,62,1.7,0.2
CNC(=O)[C@@H](C[C@H](O)C(O)(O)[C@@H](O)[C@@H](O)[C@H]1C=C2CCON=C2C(C(N)=O)=C1)C(=O)O[C@H]1CC2=C(C=CC(C(=O)O)C=C2)O1,CNC(=O)[C@@H](C[C@H](O)C(O)(O)[C@@H](O)[C@@H](O)[C@H]1C=C2CCNC(=O)N=C2C(C(N)=O)=C1)C(=O)O[C@H]1CC2=C(C=CC(C(=O)O)C=C2)O1,[*]O[*],[*]NC([*])=O,[*:1]-[OH0]-[*:2]>>[*:1]-[NH1]-[CH0](-[*:2])=[OH0],129,-2.6049999999999898,646.212237148,0.0632784106778245,6.074879025193821,-0.004984898205742,0.0348790251938213,3,63,1.7,3.4
CNC(=O)[C@@H](C[C@H](O)C(O)(O)[C@@H](O)[C@@H](O)[C@H]1C=C2CCON=C2C(C(N)=O)=C1)C(=O)O[C@H]1CC2=C(C=CC(C(=O)O)C=C2)O1,CNC(=O)[C@@H](C[C@H](O)C(O)(O)[C@@H](O)[C@@H](O)[C@H]1C=C2CCON=C2C(C(N)=O)=C1)C(=O)NC(=O)[C@H]1CC2=C(C=CC(C(=O)O)C=C2)O1,[*]O[*],[*]NC([*])=O,[*:1]-[OH0]-[*:2]>>[*:1]-[NH1]-[CH0](-[*:2])=[OH0],129,-3.24089999999999,646.212237148,0.078880110243812,5.999499455963053,0.0106168013602454,-0.0405005440369468,3,64,1.7,-1.4
CNC(=O)[C@@H](C[C@H](O)C(O)(O)[C@@H](O)[C@@H](O)[C@H]1C=C2CCON=C2C(C(N)=O)=C1)C(=O)O[C@H]1CC2=C(C=CC(C(=O)O)C=C2)O1,COC(=O)NC(=O)[C@@H](C[C@H](O)C(O)(O)[C@@H](O)[C@@H](O)[C@H]1C=C2CCON=C2C(C(N)=O)=C1)C(=O)O[C@H]1CC2=C(C=CC(C(=O)O)C=C2)O1,[*]NC,[*]NC(=O)OC,[*:1]-[NH1]-[CH3]>>[*:1]-[NH1]-[CH0](=[OH0])-[OH0]-[CH3],29,-2.24639999999999,663.191167356,0.0658137514877224,6.071823738650661,-0.0024495573958441,0.0318237386506607,3,65,1.7,1.3
CNC(=O)[C@@H](C[C@H](O)C(O)(O)[C@@H](O)[C@@H](O)[C@H]1C=C2CCON=C2C(C(N)=O)=C1)C(=O)O[C@H]1CC2=C(C=CC(C(=O)O)C=C2)O1,CN1CCN(C(=O)[C@@H](C[C@H](O)C(O)(O)[C@@H](O)[C@@H](O)[C@H]2C=C3CCON=C3C(C(N)=O)=C2)C(=O)O[C@H]2CC3=C(C=CC(C(=O)O)C=C3)O2)CC1,[*]NC,[*]N1CCN(C)CC1,[*:1]-[NH1]-[CH3]>>[*:1]-[NH0]1-[CH2]-[CH2]-[NH0](-[CH3])-[CH2]-[CH2]-1,186,-2.354999999999987,688.2591873399999,0.0681047981181031,5.969843842609096,-0.0001585107654634,-0.0701561573909037,3,66,1.7,4.8
CNC(=O)[C@@H](C[C@H](O)C(O)(O)[C@@H](O)[C@@H](O)[C@H]1C=C2CCON=C2C(C(N)=O)=C1)C(=O)O[C@H]1CC2=C(C=CC(C(=O)O)C=C2)O1,CNC(=O)[C@@H](C[C@H](O)C(O)(O)[C@@H](O)[C@@H](O)[C@H]1C=C2CCON=C2C(C(N)=O)=C1)C(=O)O[C@H]1CC2=C(C=CC(C(=O)N3CCC3)C=C2)O1,[*]C(=O)O,[*]C(=O)N1CCC1,[*:1]-[CH0](=[OH0])-[OH1]>>[*:1]-[CH0](=[OH0])-[NH0]1-[CH2]-[CH2]-[CH2]-1,12,-2.2352999999999925,658.2486226559998,0.0707569227767013,6.05139774357016,0.0024936138931347,0.0113977435701597,3,67,1.7,-0.7
CNC(=O)[C@@H](C[C@H](O)C(O)(O)[C@@H](O)[C@@H](O)[C@H]1C=C2CCON=C2C(C(N)=O)=C1)C(=O)O[C@H]1CC2=C(C=CC(C(=O)O)C=C2)O1,CNC(=O)[C@@H](C[C@H](O)C(O)(O)[C@@H](O)[C@@H](O)[C@H]1C=C2CCON=C2C(C(N)=O)=C1)C(=O)O[C@H]1CC2=C(C=CC(CC(=O)O)C=C2)O1,[*]C(=O)O,[*]CC(=O)O,[*:1]-[CH0](=[OH0])-[OH1]>>[*:1]-[CH2]-[CH0](=[OH0])-[OH1],212,-1.9928999999999943,633.2169881799999,0.0657672844678422,6.079377686627039,-0.0024960244157243,0.0393776866270387,3,68,1.7,2.9
CNC(=O)[C@@H](C[C@H](O)C(O)(O)[C@@H](O)[C@@H](O)[C@H]1C=C2CCON=C2C(C(N)=O)=C1)C(=O)O[C@H]1CC2=C(C=CC(C(=O)O)C=C2)O1,CCNC(=O)C1C=CC2=C(C=C1)O[C@@H](OC(=O)[C@H](C[C@H](O)C(O)(O)[C@@H](O)[C@@H](O)[C@H]1C=C3CCON=C3C(C(N)=O)=C1)C(=O)NC)C2,[*]C(=O)O,[*]C(=O)NCC,[*:1]-[CH0](=[OH0])-[OH1]>>[*:1]-[CH0](=[OH0])-[NH1]-[CH2]-[CH3],40,-2.331499999999993,646.2486226559998,0.0630847658262209,6.058900915303711,-0.0051785430573457,0.0189009153037114,3,69,1.7,0.7
CNC(=O)[C@@H](C[C@H](O)C(O)(O)[C@@H](O)[C@@H](O)[C@H]1C=C2CCON=C2C(C(N)=O)=C1)C(=O)O[C@H]1CC2=C(C=CC(C(=O)O)C=C2)O1,CNC(=O)[C@@H](C[C@H](O)C(O)(O)[C@@H](O)[C@@H](O)[C@H]1C=C2CCCNN=C2C(C(N)=O)=C1)C(=O)O[C@H]1CC2=C(C=CC(C(=O)O)C=C2)O1,[*]O[*],[*]NC[*],[*:1]-[OH0]-[*:2]>>[*:1]-[NH1]-[CH2]-[*:2],91,-2.4198999999999904,632.2329725919999,0.0652659617038848,6.06456117630809,-0.0029973471796817,0.0245611763080901,3,70,1.7,0.4
CNC(=O)[C@@H](C[C@H](O)C(O)(O)[C@@H](O)[C@@H](O)[C@H]1C=C2CCON=C2C(C(N)=O)=C1)C(=O)O[C@H]1CC2=C(C=CC(C(=O)O)C=C2)O1,CNC(=O)[C@@H](C[C@H](O)C(O)(O)[C@@H](O)[C@@H](O)[C@H]1C=C2CCNCN=C2C(C(N)=O)=C1)C(=O)O[C@H]1CC2=C(C=CC(C(=O)O)C=C2)O1,[*]O[*],[*]NC[*],[*:1]-[OH0]-[*:2]>>[*:1]-[NH1]-[CH2]-[*:2],91,-2.7674999999999894,632.2329725919999,0.0634973552047343,6.109927029966626,-0.0047659536788322,0.0699270299666263,3,71,1.7,-0.5
CNC(=O)[C@@H](C[C@H](O)C(O)(O)[C@@H](O)[C@@H](O)[C@H]1C=C2CCON=C2C(C(N)=O)=C1)C(=O)O[C@H]1CC2=C(C=CC(C(=O)O)C=C2)O1,CNC(=O)[C@@H](C[C@H](O)C(O)(O)[C@@H](O)[C@@H](O)[C@H]1C=C2CCON=C2C(C(N)=O)=C1)C(=O)O[C@H]1CC2=C(C=CC(C(=O)N3CCCCC3)C=C2)O1,[*]C(=O)O,[*]C(=O)N1CCCCC1,[*:1]-[CH0](=[OH0])-[OH1]>>[*:1]-[CH0](=[OH0])-[NH0]1-[CH2]-[CH2]-[CH2]-[CH2]-[CH2]-1,29,-1.455099999999993,686.2799227839998,0.0748934565757052,6.000586519833831,0.0066301476921386,-0.0394134801661687,3,72,1.7,-2.9
CNC(=O)[C@@H](C[C@H](O)C(O)(O)[C@@H](O)[C@@H](O)[C@H]1C=C2CCON=C2C(C(N)=O)=C1)C(=O)O[C@H]1CC2=C(C=CC(C(=O)O)C=C2)O1,CNC(=O)[C@@H](C[C@H](O)C(O)(O)[C@@H](O)[C@@H](O)[C@H]1C=C2CCON=C2C(C(N)=O)=C1)C(=O)O[C@H]1CC2=C(C=CC(C(=O)N3CCCC3)C=C2)O1,[*]C(=O)O,[*]C(=O)N1CCCC1,[*:1]-[CH0](=[OH0])-[OH1]>>[*:1]-[CH0](=[OH0])-[NH0]1-[CH2]-[CH2]-[CH2]-[CH2]-1,20,-1.845199999999993,672.2642727199998,0.0726387138648964,6.016303422228696,0.0043754049813298,-0.0236965777713038,3,73,1.7,6.4
CNC(=O)[C@@H](C[C@H](O)C(O)(O)[C@@H](O)[C@@H](O)[C@H]1C=C2CCON=C2C(C(N)=O)=C1)C(=O)O[C@H]1CC2=C(C=CC(C(=O)O)C=C2)O1,NC(=O)C1=C[C@@H]([C@H](O)[C@H](O)C(O)(O)[C@@H](O)C[C@H](C(=O)NC2CC2)C(=O)O[C@H]2CC3=C(C=CC(C(=O)O)C=C3)O2)C=C2CCON=C21,[*]NC,[*]NC1CC1,[*:1]-[NH1]-[CH3]>>[*:1]-[NH1]-[CH1]1-[CH2]-[CH2]-1,283,-1.8503999999999925,645.2169881799999,0.0658774879463969,6.006567948270744,-0.0023858209371696,-0.0334320517292558,3,74,1.7,-0.9
CNC(=O)[C@@H](C[C@H](O)C(O)(O)[C@@H](O)[C@@H](O)[C@H]1C=C2CCON=C2C(C(N)=O)=C1)C(=O)O[C@H]1CC2=C(C=CC(C(=O)O)C=C2)O1,CNC(=O)[C@@H](C[C@H](O)C(O)(O)[C@@H](O)[C@@H](O)[C@H]1C=C2CCN3CCN(CC3)N=C2C(C(N)=O)=C1)C(=O)O[C@H]1CC2=C(C=CC(C(=O)O)C=C2)O1,[*]O[*],[*]N1CCN([*])CC1,[*:1]-[OH0]-[*:2]>>[*:1]-[NH0]1-[CH2]-[CH2]-[NH0](-[*:2])-[CH2]-[CH2]-1,32,-2.781999999999988,687.2751717519999,0.0620756103886601,7.271527112371064,-0.0061876984949064,1.2315271123710645,3,75,1.7,5.5
CNC(=O)[C@@H](C[C@H](O)C(O)(O)[C@@H](O)[C@@H](O)[C@H]1C=C2CCON=C2C(C(N)=O)=C1)C(=O)O[C@H]1CC2=C(C=CC(C(=O)O)C=C2)O1,CNC(=O)[C@@H](C[C@H](O)C(O)(O)[C@@H](O)[C@@H](O)[C@H]1C=C2CCN3CCN(CC3)N=C2C(C(N)=O)=C1)C(=O)O[C@H]1CC2=C(C=CC(C(=O)O)C=C2)O1,[*]O[*],[*]N1CCN([*])CC1,[*:1]-[OH0]-[*:2]>>[*:1]-[NH0]1-[CH2]-[CH2]-[NH0](-[*:2])-[CH2]-[CH2]-1,32,-2.781999999999988,687.2751717519999,0.0620756103886601,7.271527112371064,-0.0061876984949064,1.2315271123710645,3,76,1.7,8.0
CNC(=O)[C@@H](C[C@H](O)C(O)(O)[C@@H](O)[C@@H](O)[C@H]1C=C2CCON=C2C(C(N)=O)=C1)C(=O)O[C@H]1CC2=C(C=CC(C(=O)O)C=C2)O1,NC(=O)C1=C[C@@H]([C@H](O)[C@H](O)C(O)(O)[C@@H](O)C[C@@H](C(=O)O[C@H]2CC3=C(C=CC(C(=O)O)C=C3)O2)C(=O)C(F)(F)F)C=C2CCON=C21,[*]NC,[*]C(F)(F)F,[*:1]-[NH1]-[CH3]>>[*:1]-[CH0](-[FH0])(-[FH0])-[FH0],28,-0.9975999999999974,658.162173648,0.0800027333616831,6.119806533878686,0.0117394244781165,0.0798065338786857,3,77,1.7,-0.6
CNC(=O)[C@@H](C[C@H](O)C(O)(O)[C@@H](O)[C@@H](O)[C@H]1C=C2CCON=C2C(C(N)=O)=C1)C(=O)O[C@H]1CC2=C(C=CC(C(=O)O)C=C2)O1,CNC(=O)[C@@H](C[C@H](O)C(O)(O)[C@@H](O)[C@@H](O)[C@H]1C=C2CCON=C2C(C(N)=O)=C1)C(=O)O[C@H]1CC2=C(C=CC(N3CCCCC3)C=C2)O1,[*]C(=O)O,[*]N1CCCCC1,[*:1]-[CH0](=[OH0])-[OH1]>>[*:1]-[NH0]1-[CH2]-[CH2]-[CH2]-[CH2]-[CH2]-1,10,-1.2292999999999938,658.2850081639999,0.0785807803608894,6.044313591116897,0.0103174714773228,0.0043135911168965,3,78,1.7,1.4
CNC(=O)[C@@H](C[C@H](O)C(O)(O)[C@@H](O)[C@@H](O)[C@H]1C=C2CCON=C2C(C(N)=O)=C1)C(=O)O[C@H]1CC2=C(C=CC(C(=O)O)C=C2)O1,CC(=O)C(=O)[C@@H](C[C@H](O)C(O)(O)[C@@H](O)[C@@H](O)[C@H]1C=C2CCON=C2C(C(N)=O)=C1)C(=O)O[C@H]1CC2=C(C=CC(C(=O)O)C=C2)O1,[*]NC,[*]C(C)=O,[*:1]-[NH1]-[CH3]>>[*:1]-[CH0](-[CH3])=[OH0],10,-1.9708999999999928,632.185353704,0.0532227881317931,6.108443546436961,-0.0150405207517735,0.0684435464369608,3,79,1.7,-2.4
CNC(=O)[C@@H](C[C@H](O)C(O)(O)[C@@H](O)[C@@H](O)[C@H]1C=C2CCON=C2C(C(N)=O)=C1)C(=O)O[C@H]1CC2=C(C=CC(C(=O)O)C=C2)O1,CNC(=O)[C@@H](C[C@H](O)C(O)(O)[C@@H](O)[C@@H](O)[C@H]1C=C2CCON=C2C(C(N)=O)=C1)C(=O)O[C@H]1CC2=C(C=CC(C(=O)NC3CC3)C=C2)O1,[*]C(=O)O,[*]C(=O)NC1CC1,[*:1]-[CH0](=[OH0])-[OH1]>>[*:1]-[CH0](=[OH0])-[NH1]-[CH1]1-[CH2]-[CH2]-1,32,-2.188999999999994,658.2486226559998,0.0632024381583447,6.046048190797351,-0.0050608707252218,0.006048190797351,3,80,1.7,-0.4
CNC(=O)[C@@H](C[C@H](O)C(O)(O)[C@@H](O)[C@@H](O)[C@H]1C=C2CCON=C2C(C(N)=O)=C1)C(=O)O[C@H]1CC2=C(C=CC(C(=O)O)C=C2)O1,COC(=O)C(=O)[C@@H](C[C@H](O)C(O)(O)[C@@H](O)[C@@H](O)[C@H]1C=C2CCON=C2C(C(N)=O)=C1)C(=O)O[C@H]1CC2=C(C=CC(C(=O)O)C=C2)O1,[*]NC,[*]C(=O)OC,[*:1]-[NH1]-[CH3]>>[*:1]-[CH0](=[OH0])-[OH0]-[CH3],10,-2.38689999999999,648.180268324,0.0503089932679167,6.078228686732283,-0.0179543156156498,0.0382286867322827,3,81,1.7,-3.1
CNC(=O)[C@@H](C[C@H](O)C(O)(O)[C@@H](O)[C@@H](O)[C@H]1C=C2CCON=C2C(C(N)=O)=C1)C(=O)O[C@H]1CC2=C(C=CC(C(=O)O)C=C2)O1,CNC(=O)[C@@H](C[C@H](O)C(O)(O)[C@@H](O)[C@@H](O)[C@H]1C=C2CCON=C2C(C(N)=O)=C1)C(=O)NC(=O)O[C@H]1CC2=C(C=CC(C(=O)O)C=C2)O1,[*]O[*],[*]OC(=O)N[*],[*:1]-[OH0]-[*:2]>>[*:1]-[OH0]-[CH0](=[OH0])-[NH1]-[*:2],32,-2.6733999999999947,662.2071517679999,0.0805335378436892,6.083451262689122,0.0122702289601226,0.0434512626891221,3,82,1.7,-3.0
CNC(=O)[C@@H](C[C@H](O)C(O)(O)[C@@H](O)[C@@H](O)[C@H]1C=C2CCON=C2C(C(N)=O)=C1)C(=O)O[C@H]1CC2=C(C=CC(C(=O)O)C=C2)O1,CNC(=O)[C@@H](C[C@H](O)C(O)(O)[C@@H](O)[C@@H](O)[C@H]1C=C2CCOC(=O)NN=C2C(C(N)=O)=C1)C(=O)O[C@H]1CC2=C(C=CC(C(=O)O)C=C2)O1,[*]O[*],[*]OC(=O)N[*],[*:1]-[OH0]-[*:2]>>[*:1]-[OH0]-[CH0](=[OH0])-[NH1]-[*:2],32,-2.6733999999999893,662.2071517679999,0.0619364102686834,6.083768209804507,-0.0063268986148831,0.0437682098045071,3,83,1.7,3.4
CNC(=O)[C@@H](C[C@H](O)C(O)(O)[C@@H](O)[C@@H](O)[C@H]1C=C2CCON=C2C(C(N)=O)=C1)C(=O)O[C@H]1CC2=C(C=CC(C(=O)O)C=C2)O1,CC(C)NC(=O)[C@@H](C[C@H](O)C(O)(O)[C@@H](O)[C@@H](O)[C@H]1C=C2CCON=C2C(C(N)=O)=C1)C(=O)O[C@H]1CC2=C(C=CC(C(=O)O)C=C2)O1,[*]NC,[*]NC(C)C,[*:1]-[NH1]-[CH3]>>[*:1]-[NH1]-[CH1](-[CH3])-[CH3],338,-1.604399999999993,647.232638244,0.0674256141841363,6.026007640578437,-0.0008376946994302,-0.0139923594215627,3,84,1.7,-2.3
CNC(=O)[C@@H](C[C@H](O)C(O)(O)[C@@H](O)[C@@H](O)[C@H]1C=C2CCON=C2C(C(N)=O)=C1)C(=O)O[C@H]1CC2=C(C=CC(C(=O)O)C=C2)O1,CNC(=O)[C@@H](C[C@H](O)C(O)(O)[C@@H](O)[C@@H](O)[C@H]1C=C2CCON=C2C(C(N)=O)=C1)C(=O)O[C@H]1CC2=C(C=CC(CNC(C)=O)C=C2)O1,[*]C(=O)O,[*]CNC(C)=O,[*:1]-[CH0](=[OH0])-[OH1]>>[*:1]-[CH2]-[NH1]-[CH0](-[CH3])=[OH0],13,-2.331499999999993,646.2486226559998,0.0630847658262209,6.087695420798217,-0.0051785430573457,0.0476954207982167,3,85,1.7,3.3
CNC(=O)[C@@H](C[C@H](O)C(O)(O)[C@@H](O)[C@@H](O)[C@H]1C=C2CCON=C2C(C(N)=O)=C1)C(=O)O[C@H]1CC2=C(C=CC(C(=O)O)C=C2)O1,CNC(=O)[C@@H](C[C@H](O)C(O)(O)[C@@H](O)[C@@H](O)[C@H]1C=C2CCON=C2C(C(N)=O)=C1)C(=O)O[C@H]1CC2=C(C=CC(C(C)(C)O)C=C2)O1,[*]C(=O)O,[*]C(C)(C)O,[*:1]-[CH0](=[OH0])-[OH1]>>[*:1]-[CH0](-[CH3])(-[CH3])-[OH1],20,-1.6966999999999943,633.2533736879998,0.0720570507669887,6.142869397634944,0.0037937418834221,0.1028693976349437,3,86,1.7,1.9
CNC(=O)[C@@H](C[C@H](O)C(O)(O)[C@@H](O)[C@@H](O)[C@H]1C=C2CCON=C2C(C(N)=O)=C1)C(=O)O[C@H]1CC2=C(C=CC(C(=O)O)C=C2)O1,CCCN(CCC)C(=O)[C@@H](C[C@H](O)C(O)(O)[C@@H](O)[C@@H](O)[C@H]1C=C2CCON=C2C(C(N)=O)=C1)C(=O)O[C@H]1CC2=C(C=CC(C(=O)O)C=C2)O1,[*]NC,[*]N(CCC)CCC,[*:1]-[NH1]-[CH3]>>[*:1]-[NH0](-[CH2]-[CH2]-[CH3])-[CH2]-[CH2]-[CH3],14,-0.4803999999999949,689.2795884359999,0.0652040889945658,6.034160115092831,-0.0030592198890007,-0.0058398849071688,3,87,1.7,6.5
CNC(=O)[C@@H](C[C@H](O)C(O)(O)[C@@H](O)[C@@H](O)[C@H]1C=C2CCON=C2C(C(N)=O)=C1)C(=O)O[C@H]1CC2=C(C=CC(C(=O)O)C=C2)O1,CNC(=O)[C@@H](C[C@H](O)C(O)(O)[C@@H](O)[C@@H](O)[C@H]1C=C2CCON=C2C(C(N)=O)=C1)C(=O)O[C@H]1CC2=C(C=CC(C(C)=O)C=C2)O1,[*]C(=O)O,[*]C(C)=O,[*:1]-[CH0](=[OH0])-[OH1]>>[*:1]-[CH0](-[CH3])=[OH0],68,-1.8785999999999945,617.2220735599998,0.0764862687481386,6.0824648460345205,0.008222959864572,0.0424648460345205,3,88,1.7,1.4
CNC(=O)[C@@H](C[C@H](O)C(O)(O)[C@@H](O)[C@@H](O)[C@H]1C=C2CCON=C2C(C(N)=O)=C1)C(=O)O[C@H]1CC2=C(C=CC(C(=O)O)C=C2)O1,CN1CCCN(C(=O)[C@@H](C[C@H](O)C(O)(O)[C@@H](O)[C@@H](O)[C@H]2C=C3CCON=C3C(C(N)=O)=C2)C(=O)O[C@H]2CC3=C(C=CC(C(=O)O)C=C3)O2)CC1,[*]NC,[*]N1CCCN(C)CC1,[*:1]-[NH1]-[CH3]>>[*:1]-[NH0]1-[CH2]-[CH2]-[CH2]-[NH0](-[CH3])-[CH2]-[CH2]-1,12,-1.9648999999999892,702.274837404,0.0700557717828277,5.977607931091576,0.0017924628992611,-0.0623920689084238,3,89,1.7,0.9
CNC(=O)[C@@H](C[C@H](O)C(O)(O)[C@@H](O)[C@@H](O)[C@H]1C=C2CCON=C2C(C(N)=O)=C1)C(=O)O[C@H]1CC2=C(C=CC(C(=O)O)C=C2)O1,CC(C)N(C)C(=O)[C@@H](C[C@H](O)C(O)(O)[C@@H](O)[C@@H](O)[C@H]1C=C2CCON=C2C(C(N)=O)=C1)C(=O)O[C@H]1CC2=C(C=CC(C(=O)O)C=C2)O1,[*]NC,[*]N(C)C(C)C,[*:1]-[NH1]-[CH3]>>[*:1]-[NH0](-[CH3])-[CH1](-[CH3])-[CH3],38,-1.262199999999994,661.2482883079999,0.0732753134785304,6.103204594949873,0.0050120045949638,0.0632045949498731,3,90,1.7,-2.6
CNC(=O)[C@@H](C[C@H](O)C(O)(O)[C@@H](O)[C@@H](O)[C@H]1C=C2CCON=C2C(C(N)=O)=C1)C(=O)O[C@H]1CC2=C(C=CC(C(=O)O)C=C2)O1,CNC(=O)[C@@H](C[C@H](O)C(O)(O)[C@@H](O)[C@@H](O)[C@H]1C=C2CCON=C2C(C(N)=O)=C1)C(=O)O[C@H]1CC2=C(C=CC(OCCO)C=C2)O1,[*]C(=O)O,[*]OCCO,[*:1]-[CH0](=[OH0])-[OH1]>>[*:1]-[OH0]-[CH2]-[CH2]-[OH1],17,-2.7062999999999926,635.232638244,0.0582504368070176,6.171396263761942,-0.0100128720765489,0.1313962637619417,3,91,1.7,-2.0
CNC(=O)[C@@H](C[C@H](O)C(O)(O)[C@@H](O)[C@@H](O)[C@H]1C=C2CCON=C2C(C(N)=O)=C1)C(=O)O[C@H]1CC2=C(C=CC(C(=O)O)C=C2)O1,CCCNC(=O)[C@@H](C[C@H](O)C(O)(O)[C@@H](O)[C@@H](O)[C@H]1C=C2CCON=C2C(C(N)=O)=C1)C(=O)O[C@H]1CC2=C(C=CC(C(=O)O)C=C2)O1,[*]NC,[*]NCCC,[*:1]-[NH1]-[CH3]>>[*:1]-[NH1]-[CH2]-[CH2]-[CH3],220,-1.6027999999999931,647.232638244,0.0636416215759367,5.992685530688327,-0.0046216873076298,-0.0473144693116731,3,92,1.7,4.8
CNC(=O)[C@@H](C[C@H](O)C(O)(O)[C@@H](O)[C@@H](O)[C@H]1C=C2CCON=C2C(C(N)=O)=C1)C(=O)O[C@H]1CC2=C(C=CC(C(=O)O)C=C2)O1,NC(=O)C1=C[C@@H]([C@H](O)[C@H](O)C(O)(O)[C@@H](O)C[C@H](C(=O)NC2CCC2)C(=O)O[C@H]2CC3=C(C=CC(C(=O)O)C=C3)O2)C=C2CCON=C21,[*]NC,[*]NC1CCC1,[*:1]-[NH1]-[CH3]>>[*:1]-[NH1]-[CH1]1-[CH2]-[CH2]-[CH2]-1,55,-1.4602999999999948,659.232638244,0.0677066034983941,5.992496849115777,-0.0005567053851724,-0.0475031508842231,3,93,1.7,-0.1
CNC(=O)[C@@H](C[C@H](O)C(O)(O)[C@@H](O)[C@@H](O)[C@H]1C=C2CCON=C2C(C(N)=O)=C1)C(=O)O[C@H]1CC2=C(C=CC(C(=O)O)C=C2)O1,NC(=O)C1=C[C@@H]([C@H](O)[C@H](O)C(O)(O)[C@@H](O)C[C@H](C(=O)NC2CCCC2)C(=O)O[C@H]2CC3=C(C=CC(C(=O)O)C=C3)O2)C=C2CCON=C21,[*]NC,[*]NC1CCCC1,[*:1]-[NH1]-[CH3]>>[*:1]-[NH1]-[CH1]1-[CH2]-[CH2]-[CH2]-[CH2]-1,88,-1.070199999999994,673.2482883079999,0.0697577983470302,5.961235290360564,0.0014944894634636,-0.0787647096394357,3,94,1.7,0.5
CNC(=O)[C@@H](C[C@H](O)C(O)(O)[C@@H](O)[C@@H](O)[C@H]1C=C2CCON=C2C(C(N)=O)=C1)C(=O)O[C@H]1CC2=C(C=CC(C(=O)O)C=C2)O1,NC(=O)C1=C[C@@H]([C@H](O)[C@H](O)C(O)(O)[C@@H](O)C[C@@H](C(=O)O[C@H]2CC3=C(C=CC(C(=O)O)C=C3)O2)C(=O)N2CC(O)C2)C=C2CCON=C21,[*]NC,[*]N1CC(O)C1,[*:1]-[NH1]-[CH3]>>[*:1]-[NH0]1-[CH2]-[CH1](-[OH1])-[CH2]-1,51,-2.9258999999999897,661.2119028,0.0625667850116084,6.075888882881429,-0.0056965238719581,0.0358888828814292,3,95,1.7,2.9
CNC(=O)[C@@H](C[C@H](O)C(O)(O)[C@@H](O)[C@@H](O)[C@H]1C=C2CCON=C2C(C(N)=O)=C1)C(=O)O[C@H]1CC2=C(C=CC(C(=O)O)C=C2)O1,CNC(=O)[C@@H](C[C@H](O)C(O)(O)[C@@H](O)[C@@H](O)[C@H]1C=C2CCON=C2C(C(N)=O)=C1)C(=O)O[C@H]1CC2=C(C=CC(C(=O)N3CCOCC3)C=C2)O1,[*]C(=O)O,[*]C(=O)N1CCOCC1,[*:1]-[CH0](=[OH0])-[OH1]>>[*:1]-[CH0](=[OH0])-[NH0]1-[CH2]-[CH2]-[OH0]-[CH2]-[CH2]-1,80,-2.6087999999999925,688.2591873399998,0.0667879468259072,6.039519664630212,-0.0014753620576593,-0.0004803353697884,3,96,1.7,8.8
CNC(=O)[C@@H](C[C@H](O)C(O)(O)[C@@H](O)[C@@H](O)[C@H]1C=C2CCON=C2C(C(N)=O)=C1)C(=O)O[C@H]1CC2=C(C=CC(C(=O)O)C=C2)O1,CCN(CC)C(=O)[C@@H](C[C@H](O)C(O)(O)[C@@H](O)[C@@H](O)[C@H]1C=C2CCON=C2C(C(N)=O)=C1)C(=O)O[C@H]1CC2=C(C=CC(C(=O)O)C=C2)O1,[*]NC,[*]N(CC)CC,[*:1]-[NH1]-[CH3]>>[*:1]-[NH0](-[CH2]-[CH3])-[CH2]-[CH3],156,-1.2605999999999942,661.2482883079999,0.0691631839582824,6.03699200788143,0.0008998750747158,-0.0030079921185697,3,97,1.7,2.3
CNC(=O)[C@@H](C[C@H](O)C(O)(O)[C@@H](O)[C@@H](O)[C@H]1C=C2CCON=C2C(C(N)=O)=C1)C(=O)O[C@H]1CC2=C(C=CC(C(=O)O)C=C2)O1,N#CC1CN(C(=O)[C@@H](C[C@H](O)C(O)(O)[C@@H](O)[C@@H](O)[C@H]2C=C3CCON=C3C(C(N)=O)=C2)C(=O)O[C@H]2CC3=C(C=CC(C(=O)O)C=C3)O2)C1,[*]NC,[*]N1CC(C#N)C1,[*:1]-[NH1]-[CH3]>>[*:1]-[NH0]1-[CH2]-[CH1](-[CH0]#[NH0])-[CH2]-1,10,-2.1470199999999906,670.212237148,0.0701446354907212,6.165570992504945,0.0018813266071546,0.1255709925049446,3,98,1.7,1.6
CNC(=O)[C@@H](C[C@H](O)C(O)(O)[C@@H](O)[C@@H](O)[C@H]1C=C2CCON=C2C(C(N)=O)=C1)C(=O)O[C@H]1CC2=C(C=CC(C(=O)O)C=C2)O1,CNC(=O)[C@@H](C[C@H](O)C(O)(O)[C@@H](O)[C@@H](O)[C@H]1C=C2CCC(=O)N=C2C(C(N)=O)=C1)C(=O)O[C@H]1CC2=C(C=CC(C(=O)O)C=C2)O1,[*]O[*],[*]C([*])=O,[*:1]-[OH0]-[*:2]>>[*:1]-[CH0](-[*:2])=[OH0],125,-2.397899999999991,631.201338116,0.0671782556571495,6.017889700283114,-0.001085053226417,-0.0221102997168856,3,99,1.7,1.2
O=C(CO)O[C@H](O)[C@H](O)C[C@@H]1[C@H](O)COC(O)(O)[C@H]1O,CC(=O)O[C@H](O)[C@H](O)C[C@@H]1[C@H](O)COC(O)(O)[C@H]1O,[*]C(=O)CO,[*]C(C)=O,[*:1]-[CH0](=[OH0])-[CH2]-[OH1]>>[*:1]-[CH0](-[CH3])=[OH0],89,-3.374499999999999,282.095082156,0.2285187339351745,4.93542885378884,0.0350215057179776,-0.1145711462111593,4,0,-7.4,-7.1
O=C(CO)O[C@H](O)[C@H](O)C[C@@H]1[C@H](O)COC(O)(O)[C@H]1O,COC(=O)O[C@H](O)[C@H](O)C[C@@H]1[C@H](O)COC(O)(O)[C@H]1O,[*]C(=O)CO,[*]C(=O)OC,[*:1]-[CH0](=[OH0])-[CH2]-[OH1]>>[*:1]-[CH0](=[OH0])-[OH0]-[CH3],30,-3.154599999999999,298.089996776,0.2302317341172834,4.941099479354589,0.0367345059000865,-0.1089005206454105,4,1,-7.4,-6.7
O=C(CO)O[C@H](O)[C@H](O)C[C@@H]1[C@H](O)COC(O)(O)[C@H]1O,CCC(=O)O[C@H](O)[C@H](O)C[C@@H]1[C@H](O)COC(O)(O)[C@H]1O,[*]C(=O)CO,[*]C(=O)CC,[*:1]-[CH0](=[OH0])-[CH2]-[OH1]>>[*:1]-[CH0](=[OH0])-[CH2]-[CH3],33,-2.9843999999999986,296.11073222,0.2298493578409866,4.920934686455181,0.0363521296237897,-0.1290653135448192,4,2,-7.4,-6.9
O=C(CO)O[C@H](O)[C@H](O)C[C@@H]1[C@H](O)COC(O)(O)[C@H]1O,NC(=O)O[C@H](O)[C@H](O)C[C@@H]1[C@H](O)COC(O)(O)[C@H]1O,[*]C(=O)CO,[*]C(N)=O,[*:1]-[CH0](=[OH0])-[CH2]-[OH1]>>[*:1]-[CH0](-[NH2])=[OH0],26,-3.8423,283.09033112400004,0.2537769431167276,5.000282542956814,0.0602797148995307,-0.0497174570431857,4,3,-7.4,-7.4
O=C(CO)O[C@H](O)[C@H](O)C[C@@H]1[C@H](O)COC(O)(O)[C@H]1O,CNC(=O)O[C@H](O)[C@H](O)C[C@@H]1[C@H](O)COC(O)(O)[C@H]1O,[*]C(=O)CO,[*]C(=O)NC,[*:1]-[CH0](=[OH0])-[CH2]-[OH1]>>[*:1]-[CH0](=[OH0])-[NH1]-[CH3],20,-3.5815999999999995,297.105981188,0.2592272919438392,4.985082319591276,0.0657300637266423,-0.0649176804087243,4,4,-7.4,-7.6
O=C(CO)O[C@H](O)[C@H](O)C[C@@H]1[C@H](O)COC(O)(O)[C@H]1O,CN(C)C(=O)O[C@H](O)[C@H](O)C[C@@H]1[C@H](O)COC(O)(O)[C@H]1O,[*]C(=O)CO,[*]C(=O)N(C)C,[*:1]-[CH0](=[OH0])-[CH2]-[OH1]>>[*:1]-[CH0](=[OH0])-[NH0](-[CH3])-[CH3],20,-3.2393999999999985,311.121631252,0.2930875412771036,4.9454171466043935,0.0995903130599067,-0.1045828533956063,4,5,-7.4,-7.4
O=C(CO)O[C@H](O)[C@H](O)C[C@@H]1[C@H](O)COC(O)(O)[C@H]1O,O=C(CO)O[C@H](O)[C@H](O)C[C@@H]1[C@H](O)CCC(O)(O)[C@H]1O,[*]O[*],[*]C[*],[*:1]-[OH0]-[*:2]>>[*:1]-[CH2]-[*:2],222,-3.5959999999999988,296.11073222,0.2000954023709397,4.9087447456267785,0.0065981741537428,-0.1412552543732212,4,6,-7.4,-7.3
O=C(CO)O[C@H](O)[C@H](O)C[C@@H]1[C@H](O)COC(O)(O)[C@H]1O,O=C(CO)C[C@H](O)[C@H](O)C[C@@H]1[C@H](O)COC(O)(O)[C@H]1O,[*]O[*],[*]C[*],[*:1]-[OH0]-[*:2]>>[*:1]-[CH2]-[*:2],222,-3.9436,296.11073222,0.2418549098117945,5.030774627283583,0.0483576815945976,-0.0192253727164173,4,7,-7.4,-6.9
O=C(CO)O[C@H](O)[C@H](O)C[C@@H]1[C@H](O)COC(O)(O)[C@H]1O,O=C(CO)N[C@H](O)[C@H](O)C[C@@H]1[C@H](O)COC(O)(O)[C@H]1O,[*]O[*],[*]N[*],[*:1]-[OH0]-[*:2]>>[*:1]-[NH1]-[*:2],1876,-4.829099999999994,297.105981188,0.2308351226853627,4.976412497106068,0.0373378944681658,-0.0735875028939316,4,8,-7.4,-7.3
O=C(CO)O[C@H](O)[C@H](O)C[C@@H]1[C@H](O)COC(O)(O)[C@H]1O,O=C(CO)O[C@H](O)[C@H](O)C[C@@H]1[C@H](O)CNC(O)(O)[C@H]1O,[*]O[*],[*]N[*],[*:1]-[OH0]-[*:2]>>[*:1]-[NH1]-[*:2],1876,-4.829099999999996,297.105981188,0.1810125942871458,5.140966047401926,-0.012484633930051,0.0909660474019258,4,9,-7.4,-7.4
O=C(CO)O[C@H](O)[C@H](O)C[C@@H]1[C@H](O)COC(O)(O)[C@H]1O,NCC(=O)O[C@H](O)[C@H](O)C[C@@H]1[C@H](O)COC(O)(O)[C@H]1O,[*]C(=O)CO,[*]C(=O)CN,[*:1]-[CH0](=[OH0])-[CH2]-[OH1]>>[*:1]-[CH0](=[OH0])-[CH2]-[NH2],21,-4.435699999999996,297.105981188,0.1928752818324398,5.027731136159323,-0.000621946384757,-0.0222688638406767,4,10,-7.4,-6.9
O=C(CO)O[C@H](O)[C@H](O)C[C@@H]1[C@H](O)COC(O)(O)[C@H]1O,O=C(O[C@H](O)[C@H](O)C[C@@H]1[C@H](O)COC(O)(O)[C@H]1O)C1CC1,[*]C(=O)CO,[*]C(=O)C1CC1,[*:1]-[CH0](=[OH0])-[CH2]-[OH1]>>[*:1]-[CH0](=[OH0])-[CH1]1-[CH2]-[CH2]-1,21,-2.9843999999999986,308.11073222,0.230121624576723,4.816688848236096,0.0366243963595261,-0.2333111517639041,4,11,-7.4,-6.9
O=C(CO)O[C@H](O)[C@H](O)C[C@@H]1[C@H](O)COC(O)(O)[C@H]1O,CC(C)C(=O)O[C@H](O)[C@H](O)C[C@@H]1[C@H](O)COC(O)(O)[C@H]1O,[*]C(=O)CO,[*]C(=O)C(C)C,[*:1]-[CH0](=[OH0])-[CH2]-[OH1]>>[*:1]-[CH0](=[OH0])-[CH1](-[CH3])-[CH3],16,-2.738399999999998,310.126382284,0.2340104938461246,4.86371458250183,0.0405132656289277,-0.18628541749817,4,12,-7.4,-6.9
O=C(CO)O[C@H](O)[C@H](O)C[C@@H]1[C@H](O)COC(O)(O)[C@H]1O,OCCO[C@H](O)[C@H](O)C[C@@H]1[C@H](O)COC(O)(O)[C@H]1O,[*]C(=O)CO,[*]CCO,[*:1]-[CH0](=[OH0])-[CH2]-[OH1]>>[*:1]-[CH2]-[CH2]-[OH1],25,-3.9287,284.11073222,0.241554230949937,5.035010674824946,0.0480570027327401,-0.0149893251750539,4,13,-7.4,-6.6
O=C(CO)O[C@H](O)[C@H](O)C[C@@H]1[C@H](O)COC(O)(O)[C@H]1O,CS(=O)(=O)O[C@H](O)[C@H](O)C[C@@H]1[C@H](O)COC(O)(O)[C@H]1O,[*]C(=O)CO,[*]S(C)(=O)=O,[*:1]-[CH0](=[OH0])-[CH2]-[OH1]>>[*:1]-[SH0](-[CH3])(=[OH0])=[OH0],44,-3.961399999999999,318.06206777599994,0.2166160037631407,5.00922929139775,0.0231187755459437,-0.0407707086022499,4,14,-7.4,-6.9
O=C(CO)O[C@H](O)[C@H](O)C[C@@H]1[C@H](O)COC(O)(O)[C@H]1O,CN(C(=O)CO)[C@H](O)[C@H](O)C[C@@H]1[C@H](O)COC(O)(O)[C@H]1O,[*]O[*],[*]N([*])C,[*:1]-[OH0]-[*:2]>>[*:1]-[NH0](-[*:2])-[CH3],369,-4.486899999999996,311.121631252,0.2471056340284093,5.025645351732599,0.0536084058112124,-0.0243546482674004,4,15,-7.4,-6.8
O=C(CO)O[C@H](O)[C@H](O)C[C@@H]1[C@H](O)COC(O)(O)[C@H]1O,CN1C[C@@H](O)[C@@H](C[C@@H](O)[C@@H](O)OC(=O)CO)[C@H](O)C1(O)O,[*]O[*],[*]N([*])C,[*:1]-[OH0]-[*:2]>>[*:1]-[NH0](-[*:2])-[CH3],369,-4.486899999999998,311.121631252,0.193771343624428,5.083668428655676,0.0002741154072311,0.0336684286556758,4,16,-7.4,-6.4
O=C(CO)O[C@H](O)[C@H](O)C[C@@H]1[C@H](O)COC(O)(O)[C@H]1O,O=C(O[C@H](O)[C@H](O)C[C@@H]1[C@H](O)COC(O)(O)[C@H]1O)N1CCOCC1,[*]C(=O)CO,[*]C(=O)N1CCOCC1,[*:1]-[CH0](=[OH0])-[CH2]-[OH1]>>[*:1]-[CH0](=[OH0])-[NH0]1-[CH2]-[CH2]-[OH0]-[CH2]-[CH2]-1,12,-3.4687999999999977,353.132195936,0.2791508568728659,4.650857848899915,0.085653628655669,-0.3991421511000848,4,17,-7.4,-6.2
O=C(CO)O[C@H](O)[C@H](O)C[C@@H]1[C@H](O)COC(O)(O)[C@H]1O,COCC(=O)O[C@H](O)[C@H](O)C[C@@H]1[C@H](O)COC(O)(O)[C@H]1O,[*]C(=O)CO,[*]C(=O)COC,[*:1]-[CH0](=[OH0])-[CH2]-[OH1]>>[*:1]-[CH0](=[OH0])-[CH2]-[OH0]-[CH3],28,-3.747999999999998,312.1056468399999,0.2117241594594051,4.875373883201131,0.0182269312422082,-0.1746261167988692,4,18,-7.4,-7.0
O=C(CO)O[C@H](O)[C@H](O)C[C@@H]1[C@H](O)COC(O)(O)[C@H]1O,CCNC(=O)O[C@H](O)[C@H](O)C[C@@H]1[C@H](O)COC(O)(O)[C@H]1O,[*]C(=O)CO,[*]C(=O)NCC,[*:1]-[CH0](=[OH0])-[CH2]-[OH1]>>[*:1]-[CH0](=[OH0])-[NH1]-[CH2]-[CH3],15,-3.1914999999999982,311.121631252,0.2584967099978965,4.867690526557773,0.0649994817806995,-0.1823094734422268,4,19,-7.4,-7.4
O=C(CO)O[C@H](O)[C@H](O)C[C@@H]1[C@H](O)COC(O)(O)[C@H]1O,N#CCC(=O)O[C@H](O)[C@H](O)C[C@@H]1[C@H](O)COC(O)(O)[C@H]1O,[*]C(=O)CO,[*]C(=O)CC#N,[*:1]-[CH0](=[OH0])-[CH2]-[OH1]>>[*:1]-[CH0](=[OH0])-[CH2]-[CH0]#[NH0],22,-3.48072,307.090331124,0.2202738882524055,5.106206890194137,0.0267766600352086,0.0562068901941374,4,20,-7.4,-6.9
O=C(CO)O[C@H](O)[C@H](O)C[C@@H]1[C@H](O)COC(O)(O)[C@H]1O,O=C(CO)CC[C@H](O)[C@H](O)C[C@@H]1[C@H](O)COC(O)(O)[C@H]1O,[*]O[*],[*]CC[*],[*:1]-[OH0]-[*:2]>>[*:1]-[CH2]-[CH2]-[*:2],35,-3.553499999999999,310.126382284,0.2353090460400401,4.851926051033299,0.0418118178228432,-0.1980739489667007,4,21,-7.4,-6.6
O=C(CO)O[C@H](O)[C@H](O)C[C@@H]1[C@H](O)COC(O)(O)[C@H]1O,O=C(CO)O[C@H](O)[C@H](O)C[C@@H]1[C@H](O)CCCC(O)(O)[C@H]1O,[*]O[*],[*]CC[*],[*:1]-[OH0]-[*:2]>>[*:1]-[CH2]-[CH2]-[*:2],35,-3.2058999999999984,310.126382284,0.1569423480458474,4.83200521187246,-0.0365548801713494,-0.2179947881275401,4,22,-7.4,-7.1
O=C(CO)O[C@H](O)[C@H](O)C[C@@H]1[C@H](O)COC(O)(O)[C@H]1O,O=C(CO)CCN[C@H](O)[C@H](O)C[C@@H]1[C@H](O)COC(O)(O)[C@H]1O,[*]O[*],[*]NCC[*],[*:1]-[OH0]-[*:2]>>[*:1]-[NH1]-[CH2]-[CH2]-[*:2],13,-4.396499999999995,325.137281316,0.2029683338014053,4.983170711829361,0.0094711055842084,-0.0668292881706387,4,23,-7.4,-6.9
O=C(CO)O[C@H](O)[C@H](O)C[C@@H]1[C@H](O)COC(O)(O)[C@H]1O,O=C(CO)CCN[C@H](O)[C@H](O)C[C@@H]1[C@H](O)COC(O)(O)[C@H]1O,[*]O[*],[*]NCC[*],[*:1]-[OH0]-[*:2]>>[*:1]-[NH1]-[CH2]-[CH2]-[*:2],13,-4.396499999999995,325.137281316,0.2029683338014053,4.983170711829361,0.0094711055842084,-0.0668292881706387,4,24,-7.4,-7.2
O=C(CO)O[C@H](O)[C@H](O)C[C@@H]1[C@H](O)COC(O)(O)[C@H]1O,CN(C)CC(=O)O[C@H](O)[C@H](O)C[C@@H]1[C@H](O)COC(O)(O)[C@H]1O,[*]C(=O)CO,[*]C(=O)CN(C)C,[*:1]-[CH0](=[OH0])-[CH2]-[OH1]>>[*:1]-[CH0](=[OH0])-[CH2]-[NH0](-[CH3])-[CH3],23,-3.8327999999999975,325.137281316,0.2107528834688798,4.903990270673422,0.0172556552516829,-0.146009729326578,4,25,-7.4,-7.6
O=C(CO)O[C@H](O)[C@H](O)C[C@@H]1[C@H](O)COC(O)(O)[C@H]1O,CN(C(=O)C(=O)CO)[C@H](O)[C@H](O)C[C@@H]1[C@H](O)COC(O)(O)[C@H]1O,[*]O[*],[*]N(C)C([*])=O,[*:1]-[OH0]-[*:2]>>[*:1]-[NH0](-[CH3])-[CH0](-[*:2])=[OH0],29,-4.9177999999999935,339.116545872,0.1823516873432585,5.142614385630196,-0.0111455408739383,0.0926143856301964,4,26,-7.4,-6.8
O=C(CO)O[C@H](O)[C@H](O)C[C@@H]1[C@H](O)COC(O)(O)[C@H]1O,CN(C(=O)CO)C(=O)[C@H](O)[C@H](O)C[C@@H]1[C@H](O)COC(O)(O)[C@H]1O,[*]O[*],[*]N(C)C([*])=O,[*:1]-[OH0]-[*:2]>>[*:1]-[NH0](-[CH3])-[CH0](-[*:2])=[OH0],29,-4.917799999999993,339.116545872,0.2390319457413581,5.028939809359009,0.0455347175241612,-0.0210601906409904,4,27,-7.4,-6.8
O=C(CO)O[C@H](O)[C@H](O)C[C@@H]1[C@H](O)COC(O)(O)[C@H]1O,O=C(CO)O[C@H](O)[C@H](O)C[C@@H]1[C@H](O)COCC(O)(O)[C@H]1O,[*]O[*],[*]OC[*],[*:1]-[OH0]-[*:2]>>[*:1]-[OH0]-[CH2]-[*:2],780,-4.359599999999999,312.10564684,0.193713018930719,5.007733044040291,0.000215790713522,-0.0422669559597084,4,28,-7.4,-7.6
O=C(CO)O[C@H](O)[C@H](O)C[C@@H]1[C@H](O)COC(O)(O)[C@H]1O,O=C(CO)CO[C@H](O)[C@H](O)C[C@@H]1[C@H](O)COC(O)(O)[C@H]1O,[*]O[*],[*]OC[*],[*:1]-[OH0]-[*:2]>>[*:1]-[OH0]-[CH2]-[*:2],780,-4.359599999999997,312.10564684,0.2271719437953781,5.091960456627703,0.0336747155781812,0.0419604566277032,4,29,-7.4,-7.0
O=C(CO)O[C@H](O)[C@H](O)C[C@@H]1[C@H](O)COC(O)(O)[C@H]1O,CCN1C[C@@H](O)[C@@H](C[C@@H](O)[C@@H](O)OC(=O)CO)[C@H](O)C1(O)O,[*]O[*],[*]N([*])CC,[*:1]-[OH0]-[*:2]>>[*:1]-[NH0](-[*:2])-[CH2]-[CH3],206,-4.0967999999999964,325.137281316,0.1879444566901535,5.051223469053987,-0.0055527715270433,0.0012234690539871,4,30,-7.4,-7.0
O=C(CO)O[C@H](O)[C@H](O)C[C@@H]1[C@H](O)COC(O)(O)[C@H]1O,CCN1C[C@@H](O)[C@@H](C[C@@H](O)[C@@H](O)OC(=O)CO)[C@H](O)C1(O)O,[*]O[*],[*]N([*])CC,[*:1]-[OH0]-[*:2]>>[*:1]-[NH0](-[*:2])-[CH2]-[CH3],206,-4.096799999999997,325.137281316,0.1879444566901535,5.051223469053987,-0.0055527715270433,0.0012234690539871,4,31,-7.4,-7.1
O=C(CO)O[C@H](O)[C@H](O)C[C@@H]1[C@H](O)COC(O)(O)[C@H]1O,CN(CC(=O)CO)[C@H](O)[C@H](O)C[C@@H]1[C@H](O)COC(O)(O)[C@H]1O,[*]O[*],[*]N(C)C[*],[*:1]-[OH0]-[*:2]>>[*:1]-[NH0](-[CH3])-[CH2]-[*:2],24,-4.444399999999995,325.137281316,0.2264244266778379,5.138974076341437,0.032927198460641,0.0889740763414375,4,32,-7.4,-6.4
O=C(CO)O[C@H](O)[C@H](O)C[C@@H]1[C@H](O)COC(O)(O)[C@H]1O,CN(CC(=O)CO)[C@H](O)[C@H](O)C[C@@H]1[C@H](O)COC(O)(O)[C@H]1O,[*]O[*],[*]N(C)C[*],[*:1]-[OH0]-[*:2]>>[*:1]-[NH0](-[CH3])-[CH2]-[*:2],24,-4.444399999999995,325.137281316,0.2264244266778379,5.138974076341437,0.032927198460641,0.0889740763414375,4,33,-7.4,-7.2
O=C(CO)O[C@H](O)[C@H](O)C[C@@H]1[C@H](O)COC(O)(O)[C@H]1O,O=C(CO)O[C@H](O)[C@H](O)C[C@@H]1[C@H](O)CNC(=O)C(O)(O)[C@H]1O,[*]O[*],[*]NC([*])=O,[*:1]-[OH0]-[*:2]>>[*:1]-[NH1]-[CH0](-[*:2])=[OH0],129,-5.259999999999994,325.100895808,0.1784085398175574,5.022440473102572,-0.0150886883996394,-0.027559526897428,4,34,-7.4,-6.8
O=C(CO)O[C@H](O)[C@H](O)C[C@@H]1[C@H](O)COC(O)(O)[C@H]1O,O=C1C[C@@H](O)[C@@H](C[C@@H](O)[C@@H](O)OC(=O)CO)[C@H](O)C(O)(O)N1,[*]O[*],[*]NC([*])=O,[*:1]-[OH0]-[*:2]>>[*:1]-[NH1]-[CH0](-[*:2])=[OH0],129,-4.912399999999994,325.100895808,0.1789643808545595,4.970629137070182,-0.0145328473626373,-0.0793708629298182,4,35,-7.4,-7.0
O=C(CO)O[C@H](O)[C@H](O)C[C@@H]1[C@H](O)COC(O)(O)[C@H]1O,CC(C)(C)C(=O)O[C@H](O)[C@H](O)C[C@@H]1[C@H](O)COC(O)(O)[C@H]1O,[*]C(=O)CO,[*]C(=O)C(C)(C)C,[*:1]-[CH0](=[OH0])-[CH2]-[OH1]>>[*:1]-[CH0](=[OH0])-[CH0](-[CH3])(-[CH3])-[CH3],11,-2.3482999999999987,324.142032348,0.2459726825560947,4.866240198377296,0.0524754543388978,-0.1837598016227035,4,36,-7.4,-5.2
O=C(CO)O[C@H](O)[C@H](O)C[C@@H]1[C@H](O)COC(O)(O)[C@H]1O,O=C(CO)NC[C@H](O)[C@H](O)C[C@@H]1[C@H](O)COC(O)(O)[C@H]1O,[*]O[*],[*]NC[*],[*:1]-[OH0]-[*:2]>>[*:1]-[NH1]-[CH2]-[*:2],91,-4.786599999999993,311.121631252,0.2232761262568859,4.749998218865466,0.029778898039689,-0.3000017811345339,4,37,-7.4,-7.1
O=C(CO)O[C@H](O)[C@H](O)C[C@@H]1[C@H](O)COC(O)(O)[C@H]1O,O=C(CO)O[C@H](O)[C@H](O)C[C@@H]1[C@H](O)CNCC(O)(O)[C@H]1O,[*]O[*],[*]NC[*],[*:1]-[OH0]-[*:2]>>[*:1]-[NH1]-[CH2]-[*:2],91,-4.786599999999996,311.121631252,0.1812247518306006,5.065693044040291,-0.0122724763865962,0.0156930440402911,4,38,-7.4,-7.4
O=C(CO)O[C@H](O)[C@H](O)C[C@@H]1[C@H](O)COC(O)(O)[C@H]1O,O=C(CO)N1CCN([C@H](O)[C@H](O)C[C@@H]2[C@H](O)COC(O)(O)[C@H]2O)CC1,[*]O[*],[*]N1CCN([*])CC1,[*:1]-[OH0]-[*:2]>>[*:1]-[NH0]1-[CH2]-[CH2]-[NH0](-[*:2])-[CH2]-[CH2]-1,32,-4.801099999999991,366.1638304119999,0.2338643170445313,4.656188788372595,0.0403670888273344,-0.3938112116274048,4,39,-7.4,-5.6
O=C(CO)O[C@H](O)[C@H](O)C[C@@H]1[C@H](O)COC(O)(O)[C@H]1O,O=C(CO)N1CCN([C@H](O)[C@H](O)C[C@@H]2[C@H](O)COC(O)(O)[C@H]2O)CC1,[*]O[*],[*]N1CCN([*])CC1,[*:1]-[OH0]-[*:2]>>[*:1]-[NH0]1-[CH2]-[CH2]-[NH0](-[*:2])-[CH2]-[CH2]-1,32,-4.801099999999991,366.1638304119999,0.2338643170445313,4.656188788372595,0.0403670888273344,-0.3938112116274048,4,40,-7.4,-5.8
O=C(CO)O[C@H](O)[C@H](O)C[C@@H]1[C@H](O)COC(O)(O)[C@H]1O,O=C(CO)OC(=O)N[C@H](O)[C@H](O)C[C@@H]1[C@H](O)COC(O)(O)[C@H]1O,[*]O[*],[*]OC(=O)N[*],[*:1]-[OH0]-[*:2]>>[*:1]-[OH0]-[CH0](=[OH0])-[NH1]-[*:2],32,-4.692499999999994,341.09581042799994,0.1353289010409422,5.04221611965888,-0.0581683271762546,-0.0077838803411198,4,41,-7.4,-7.8
O=C(CO)O[C@H](O)[C@H](O)C[C@@H]1[C@H](O)COC(O)(O)[C@H]1O,O=C(CO)NC(=O)O[C@H](O)[C@H](O)C[C@@H]1[C@H](O)COC(O)(O)[C@H]1O,[*]O[*],[*]OC(=O)N[*],[*:1]-[OH0]-[*:2]>>[*:1]-[OH0]-[CH0](=[OH0])-[NH1]-[*:2],32,-4.692499999999995,341.09581042799994,0.2228430741936324,4.93276458119734,0.0293458459764355,-0.11723541880266,4,42,-7.4,-7.8
O=C(CO)O[C@H](O)[C@H](O)C[C@@H]1[C@H](O)COC(O)(O)[C@H]1O,CC(C)(O)C(=O)O[C@H](O)[C@H](O)C[C@@H]1[C@H](O)COC(O)(O)[C@H]1O,[*]C(=O)CO,[*]C(=O)C(C)(C)O,[*:1]-[CH0](=[OH0])-[CH2]-[OH1]>>[*:1]-[CH0](=[OH0])-[CH0](-[CH3])(-[CH3])-[OH1],16,-3.623499999999999,326.121296904,0.1969493394283841,5.05667179178389,0.0034521112111872,0.0066717917838898,4,43,-7.4,-6.5
O=C(CO)O[C@H](O)[C@H](O)C[C@@H]1[C@H](O)COC(O)(O)[C@H]1O,O=C(CO)C(=O)[C@H](O)[C@H](O)C[C@@H]1[C@H](O)COC(O)(O)[C@H]1O,[*]O[*],[*]C([*])=O,[*:1]-[OH0]-[*:2]>>[*:1]-[CH0](-[*:2])=[OH0],125,-4.764599999999995,310.089996776,0.1853943917204137,5.039414582501831,-0.0081028364967831,-0.0105854174981692,4,44,-7.4,-7.1
O=C(CO)O[C@H](O)[C@H](O)C[C@@H]1[C@H](O)COC(O)(O)[C@H]1O,O=C(CO)O[C@H](O)[C@H](O)C[C@@H]1[C@H](O)CC(=O)C(O)(O)[C@H]1O,[*]O[*],[*]C([*])=O,[*:1]-[OH0]-[*:2]>>[*:1]-[CH0](-[*:2])=[OH0],125,-4.416999999999999,310.089996776,0.1929314034192251,4.92284022352747,-0.0005658247979717,-0.1271597764725296,4,45,-7.4,-6.7
O=C(CO)O[C@H](O)[C@H](O)C[C@@H]1[C@H](O)COC(O)(O)[C@H]1O,O=C(CO)OCC[C@H](O)[C@H](O)C[C@@H]1[C@H](O)COC(O)(O)[C@H]1O,[*]O[*],[*]OCC[*],[*:1]-[OH0]-[*:2]>>[*:1]-[OH0]-[CH2]-[CH2]-[*:2],78,-3.969499999999998,326.121296904,0.1802313502188854,4.788431719786921,-0.0132658779983114,-0.261568280213079,4,46,-7.4,-6.6
O=C(CO)O[C@H](O)[C@H](O)C[C@@H]1[C@H](O)COC(O)(O)[C@H]1O,O=C(CO)O[C@H](O)[C@H](O)C[C@@H]1[C@H](O)CCCOC(O)(O)[C@H]1O,[*]O[*],[*]OCC[*],[*:1]-[OH0]-[*:2]>>[*:1]-[OH0]-[CH2]-[CH2]-[*:2],78,-3.621899999999998,326.121296904,0.1969618746199474,4.848261428009733,0.0034646464027505,-0.2017385719902664,4,47,-7.4,-7.2
O=C(CO)O[C@H](O)[C@H](O)C[C@@H]1[C@H](O)COC(O)(O)[C@H]1O,C[C@@H](O)C(=O)O[C@H](O)[C@H](O)C[C@@H]1[C@H](O)COC(O)(O)[C@H]1O,[*]C(=O)CO,[*]C(=O)[C@@H](C)O,[*:1]-[CH0](=[OH0])-[CH2]-[OH1]>>[*:1]-[CH0](=[OH0])-[C@@H1](-[CH3])-[OH1],16,-4.013599999999999,312.10564684,0.1953000368771421,5.0698691117339605,0.0018028086599452,0.0198691117339606,4,48,-7.4,-7.1
O=C(CO)O[C@H](O)[C@H](O)C[C@@H]1[C@H](O)COC(O)(O)[C@H]1O,CC(O)C(=O)O[C@H](O)[C@H](O)C[C@@H]1[C@H](O)COC(O)(O)[C@H]1O,[*]C(=O)CO,[*]C(=O)C(C)O,[*:1]-[CH0](=[OH0])-[CH2]-[OH1]>>[*:1]-[CH0](=[OH0])-[CH1](-[CH3])-[OH1],18,-4.013599999999999,312.10564684,0.1953000368771421,5.0698691117339605,0.0018028086599452,0.0198691117339606,4,49,-7.4,-7.1
O=C(CO)O[C@H](O)[C@H](O)C[C@@H]1[C@H](O)COC(O)(O)[C@H]1O,C[C@H](O)C(=O)O[C@H](O)[C@H](O)C[C@@H]1[C@H](O)COC(O)(O)[C@H]1O,[*]C(=O)CO,[*]C(=O)[C@H](C)O,[*:1]-[CH0](=[OH0])-[CH2]-[OH1]>>[*:1]-[CH0](=[OH0])-[C@H1](-[CH3])-[OH1],20,-4.013599999999999,312.10564684,0.1953000368771421,5.0698691117339605,0.0018028086599452,0.0198691117339606,4,50,-7.4,-7.5
O=C(CO)O[C@H](O)[C@H](O)C[C@@H]1[C@H](O)COC(O)(O)[C@H]1O,CC(=O)OCC(=O)O[C@H](O)[C@H](O)C[C@@H]1[C@H](O)COC(O)(O)[C@H]1O,[*]C(=O)CO,[*]C(=O)COC(C)=O,[*:1]-[CH0](=[OH0])-[CH2]-[OH1]>>[*:1]-[CH0](=[OH0])-[CH2]-[OH0]-[CH0](-[CH3])=[OH0],11,-3.8312999999999984,340.1005614599999,0.205549646128216,4.782058427351187,0.0120524179110191,-0.2679415726488132,4,51,-7.4,-7.4
O=C(CO)O[C@H](O)[C@H](O)C[C@@H]1[C@H](O)COC(O)(O)[C@H]1O,O=C(CO)O[C@H](O)[C@H](O)C[C@@H]1[C@H](O)CNCC(=O)OC(O)(O)[C@H]1O,[*]O[*],[*]OC(=O)CN[*],[*:1]-[OH0]-[*:2]>>[*:1]-[OH0]-[CH0](=[OH0])-[CH2]-[NH1]-[*:2],17,-5.285899999999993,355.11146049199994,0.171837118648295,5.565725518297719,-0.0216601095689018,0.5157255182977192,4,52,-7.4,-6.0
O=C(CO)O[C@H](O)[C@H](O)C[C@@H]1[C@H](O)COC(O)(O)[C@H]1O,O=C1CNC(O)(O)[C@@H](O)[C@H](C[C@@H](O)[C@@H](O)OC(=O)CO)[C@H](O)CO1,[*]O[*],[*]OC(=O)CN[*],[*:1]-[OH0]-[*:2]>>[*:1]-[OH0]-[CH0](=[OH0])-[CH2]-[NH1]-[*:2],17,-5.285899999999993,355.11146049199994,0.171837118648295,5.54408376005596,-0.0216601095689018,0.4940837600559602,4,53,-7.4,-5.1
O=C(CO)O[C@H](O)[C@H](O)C[C@@H]1[C@H](O)COC(O)(O)[C@H]1O,O=C(CO)O[C@H](O)[C@H](O)C[C@@H]1[C@H](O)CSC(O)(O)[C@H]1O,[*]O[*],[*]S[*],[*:1]-[OH0]-[*:2]>>[*:1]-[SH0]-[*:2],682,-3.6855,314.067153156,0.1980890913500469,5.160947112490684,0.00459186313285,0.1109471124906837,4,54,-7.4,-6.9
O=C(CO)O[C@H](O)[C@H](O)C[C@@H]1[C@H](O)COC(O)(O)[C@H]1O,O=C(CO)S[C@H](O)[C@H](O)C[C@@H]1[C@H](O)COC(O)(O)[C@H]1O,[*]O[*],[*]S[*],[*:1]-[OH0]-[*:2]>>[*:1]-[SH0]-[*:2],682,-3.685499999999999,314.067153156,0.250864032197796,5.286390603614944,0.0573668039805991,0.2363906036149439,4,55,-7.4,-6.9
O=C(CO)O[C@H](O)[C@H](O)C[C@@H]1[C@H](O)COC(O)(O)[C@H]1O,O=C(CO)O[C@H](O)[C@H](O)C[C@@H]1[C@H](O)CC(=O)OC(O)(O)[C@H]1O,[*]O[*],[*]OC([*])=O,[*:1]-[OH0]-[*:2]>>[*:1]-[OH0]-[CH0](-[*:2])=[OH0],64,-4.485399999999996,326.084911396,0.1899729950417528,4.93489148524832,-0.003524233175444,-0.1151085147516797,4,56,-7.4,-7.2
O=C(CO)O[C@H](O)[C@H](O)C[C@@H]1[C@H](O)COC(O)(O)[C@H]1O,O=C(CO)O[C@H](O)[C@H](O)C[C@@H]1[C@H](O)CC(=O)OC(O)(O)[C@H]1O,[*]O[*],[*]OC([*])=O,[*:1]-[OH0]-[*:2]>>[*:1]-[OH0]-[CH0](-[*:2])=[OH0],64,-4.485399999999996,326.084911396,0.1899729950417528,4.93489148524832,-0.003524233175444,-0.1151085147516797,4,57,-7.4,-7.0
O=C(CO)O[C@H](O)[C@H](O)C[C@@H]1[C@H](O)COC(O)(O)[C@H]1O,C[C@H](NC(=O)CO)[C@H](O)[C@H](O)C[C@@H]1[C@H](O)COC(O)(O)[C@H]1O,[*]O[*],[*]N[C@H]([*])C,[*:1]-[OH0]-[*:2]>>[*:1]-[NH1]-[C@H1](-[*:2])-[CH3],10,-4.398099999999995,325.137281316,0.2236490638005488,4.909642100850222,0.0301518355833519,-0.1403578991497776,4,58,-7.4,-7.0
O=C(CO)O[C@H](O)[C@H](O)C[C@@H]1[C@H](O)COC(O)(O)[C@H]1O,C[C@@H]1NC[C@@H](O)[C@@H](C[C@@H](O)[C@@H](O)OC(=O)CO)[C@H](O)C1(O)O,[*]O[*],[*]N[C@H]([*])C,[*:1]-[OH0]-[*:2]>>[*:1]-[NH1]-[C@H1](-[*:2])-[CH3],10,-4.398099999999998,325.137281316,0.1815274510709164,5.198472870080991,-0.0119697771462804,0.1484728700809912,4,59,-7.4,-6.1
O=C(CO)O[C@H](O)[C@H](O)C[C@@H]1[C@H](O)COC(O)(O)[C@H]1O,O=C(CO)O[C@H](O)[C@H](O)C[C@@H]1[C@H](O)COCCOC(O)(O)[C@H]1O,[*]O[*],[*]OCCO[*],[*:1]-[OH0]-[*:2]>>[*:1]-[OH0]-[CH2]-[CH2]-[OH0]-[*:2],396,-4.385499999999998,342.11621152399994,0.1888161192957083,5.350627803440784,-0.0046811089214885,0.3006278034407836,4,60,-7.4,-6.5
O=C(CO)O[C@H](O)[C@H](O)C[C@@H]1[C@H](O)COC(O)(O)[C@H]1O,O=C(CO)O[C@H](O)[C@H](O)C[C@@H]1[C@H](O)COCCOC(O)(O)[C@H]1O,[*]O[*],[*]OCCO[*],[*:1]-[OH0]-[*:2]>>[*:1]-[OH0]-[CH2]-[CH2]-[OH0]-[*:2],396,-4.385499999999995,342.11621152399994,0.1888161192957083,5.350627803440784,-0.0046811089214885,0.3006278034407836,4,61,-7.4,-6.8
O=C(CO)O[C@H](O)[C@H](O)C[C@@H]1[C@H](O)COC(O)(O)[C@H]1O,O=C(CO)C(O)[C@H](O)[C@H](O)C[C@@H]1[C@H](O)COC(O)(O)[C@H]1O,[*]O[*],[*]C([*])O,[*:1]-[OH0]-[*:2]>>[*:1]-[CH1](-[*:2])-[OH1],25,-4.972799999999993,312.10564684,0.2205009595601802,4.9693306501955,0.0270037313429833,-0.0806693498045003,4,62,-7.4,-6.6
O=C(CO)O[C@H](O)[C@H](O)C[C@@H]1[C@H](O)COC(O)(O)[C@H]1O,O=C(CO)C(O)[C@H](O)[C@H](O)C[C@@H]1[C@H](O)COC(O)(O)[C@H]1O,[*]O[*],[*]C([*])O,[*:1]-[OH0]-[*:2]>>[*:1]-[CH1](-[*:2])-[OH1],25,-4.972799999999994,312.10564684,0.2205009595601802,4.9693306501955,0.0270037313429833,-0.0806693498045003,4,63,-7.4,-6.5
O=C(CO)O[C@H](O)[C@H](O)C[C@@H]1[C@H](O)COC(O)(O)[C@H]1O,O=C1COC(O)(O)[C@@H](O)[C@H](C[C@@H](O)[C@@H](O)OC(=O)CO)[C@H](O)CN1,[*]O[*],[*]OCC(=O)N[*],[*:1]-[OH0]-[*:2]>>[*:1]-[OH0]-[CH2]-[CH0](=[OH0])-[NH1]-[*:2],22,-5.285899999999993,355.11146049199994,0.1725182479465606,5.510958485330686,-0.0209789802706362,0.4609584853306865,4,64,-7.4,-4.9
O=C(CO)O[C@H](O)[C@H](O)C[C@@H]1[C@H](O)COC(O)(O)[C@H]1O,O=C1COC[C@@H](O)[C@@H](C[C@@H](O)[C@@H](O)OC(=O)CO)[C@H](O)C(O)(O)N1,[*]O[*],[*]OCC(=O)N[*],[*:1]-[OH0]-[*:2]>>[*:1]-[OH0]-[CH2]-[CH0](=[OH0])-[NH1]-[*:2],22,-5.285899999999993,355.11146049199994,0.1725182479465606,5.467050793022993,-0.0209789802706362,0.4170507930229927,4,65,-7.4,-5.6
O=C(CO)O[C@H](O)[C@H](O)C[C@@H]1[C@H](O)COC(O)(O)[C@H]1O,CC1C[C@@H](O)[C@@H](C[C@@H](O)[C@@H](O)OC(=O)CO)[C@H](O)C(O)(O)O1,[*]O[*],[*]OC([*])C,[*:1]-[OH0]-[*:2]>>[*:1]-[OH0]-[CH1](-[*:2])-[CH3],13,-3.6234999999999977,326.121296904,0.1969493394283841,5.0457473640081165,0.0034521112111872,-0.0042526359918833,4,66,-7.4,-7.3
O=C(CO)O[C@H](O)[C@H](O)C[C@@H]1[C@H](O)COC(O)(O)[C@H]1O,CC1OC[C@@H](O)[C@@H](C[C@@H](O)[C@@H](O)OC(=O)CO)[C@H](O)C1(O)O,[*]O[*],[*]OC([*])C,[*:1]-[OH0]-[*:2]>>[*:1]-[OH0]-[CH1](-[*:2])-[CH3],13,-3.9710999999999994,326.121296904,0.1946220830361028,5.086015380202449,0.0011248548189059,0.0360153802024489,4,67,-7.4,-6.2
O=C(CO)O[C@H](O)[C@H](O)C[C@@H]1[C@H](O)COC(O)(O)[C@H]1O,O=C(O[C@H](O)[C@H](O)C[C@@H]1[C@H](O)COC(O)(O)[C@H]1O)c1ccccc1,[*]C(=O)CO,[*]C(=O)c1ccccc1,[*:1]-[CH0](=[OH0])-[CH2]-[OH1]>>[*:1]-[CH0](=[OH0])-[cH0]1:[cH1]:[cH1]:[cH1]:[cH1]:[cH1]:1,12,-2.0806,344.11073221999993,0.2604290399432781,4.3706053045212165,0.0669318117260812,-0.6793946954787833,4,68,-7.4,-7.1
O=C(CO)O[C@H](O)[C@H](O)C[C@@H]1[C@H](O)COC(O)(O)[C@H]1O,CCN1C[C@@H](O)[C@@H](C[C@@H](O)[C@@H](O)OC(=O)CO)[C@H](O)C(O)(O)C1=O,[*]O[*],[*]N(CC)C([*])=O,[*:1]-[OH0]-[*:2]>>[*:1]-[NH0](-[CH2]-[CH3])-[CH0](-[*:2])=[OH0],10,-4.527699999999998,353.132195936,0.1809019299807086,4.906983418665138,-0.0125952982364883,-0.1430165813348614,4,69,-7.4,-6.6
O=C(CO)O[C@H](O)[C@H](O)C[C@@H]1[C@H](O)COC(O)(O)[C@H]1O,CCN1C[C@@H](O)[C@@H](C[C@@H](O)[C@@H](O)OC(=O)CO)[C@H](O)C(O)(O)C1=O,[*]O[*],[*]N(CC)C([*])=O,[*:1]-[OH0]-[*:2]>>[*:1]-[NH0](-[CH2]-[CH3])-[CH0](-[*:2])=[OH0],10,-4.527699999999998,353.132195936,0.1809019299807086,4.906983418665138,-0.0125952982364883,-0.1430165813348614,4,70,-7.4,-6.4
O=C(CO)O[C@H](O)[C@H](O)C[C@@H]1[C@H](O)COC(O)(O)[C@H]1O,CC1C[C@@H](O)[C@@H](C[C@@H](O)[C@@H](O)OC(=O)CO)[C@H](O)C1(O)O,[*]O[*],[*]C([*])C,[*:1]-[OH0]-[*:2]>>[*:1]-[CH1](-[*:2])-[CH3],11,-3.3499999999999983,310.126382284,0.2025321573018758,5.007361419426268,0.0090349290846789,-0.0426385805737314,4,71,-7.4,-6.1
O=C(CO)O[C@H](O)[C@H](O)C[C@@H]1[C@H](O)COC(O)(O)[C@H]1O,CC(C(=O)CO)[C@H](O)[C@H](O)C[C@@H]1[C@H](O)COC(O)(O)[C@H]1O,[*]O[*],[*]C([*])C,[*:1]-[OH0]-[*:2]>>[*:1]-[CH1](-[*:2])-[CH3],11,-3.697599999999999,310.126382284,0.2441001476190471,5.060171675836525,0.0506029194018502,0.0101716758365251,4,72,-7.4,-7.1
O=C(CO)O[C@H](O)[C@H](O)C[C@@H]1[C@H](O)COC(O)(O)[C@H]1O,O=C(CO)SC[C@H](O)[C@H](O)C[C@@H]1[C@H](O)COC(O)(O)[C@H]1O,[*]O[*],[*]CS[*],[*:1]-[OH0]-[*:2]>>[*:1]-[CH2]-[SH0]-[*:2],20,-3.6429999999999993,328.08280322,0.2414569181132355,5.143133323760571,0.0479596898960386,0.0931333237605711,4,73,-7.4,-6.8
O=C(CO)O[C@H](O)[C@H](O)C[C@@H]1[C@H](O)COC(O)(O)[C@H]1O,O=C(CO)O[C@H](O)[C@H](O)C[C@@H]1[C@H](O)CSCC(O)(O)[C@H]1O,[*]O[*],[*]CS[*],[*:1]-[OH0]-[*:2]>>[*:1]-[CH2]-[SH0]-[*:2],20,-3.6429999999999993,328.08280322,0.197346821605888,5.163942834250082,0.0038495933886911,0.1139428342500821,4,74,-7.4,-6.8
O=C(CO)O[C@H](O)[C@H](O)C[C@@H]1[C@H](O)COC(O)(O)[C@H]1O,O=C(CO)NCCO[C@H](O)[C@H](O)C[C@@H]1[C@H](O)COC(O)(O)[C@H]1O,[*]O[*],[*]OCCN[*],[*:1]-[OH0]-[*:2]>>[*:1]-[OH0]-[CH2]-[CH2]-[NH1]-[*:2],18,-4.812499999999993,341.132195936,0.1569810028632613,4.8526445307559785,-0.0365162253539355,-0.1973554692440213,4,75,-7.4,-6.8
O=C(CO)O[C@H](O)[C@H](O)C[C@@H]1[C@H](O)COC(O)(O)[C@H]1O,O=C(CO)O[C@H](O)[C@H](O)C[C@@H]1[C@H](O)CNCCOC(O)(O)[C@H]1O,[*]O[*],[*]OCCN[*],[*:1]-[OH0]-[*:2]>>[*:1]-[OH0]-[CH2]-[CH2]-[NH1]-[*:2],18,-4.812499999999992,341.132195936,0.1768060900261895,5.43989690810661,-0.0166911381910073,0.3898969081066106,4,76,-7.4,-7.3
O=C(CO)O[C@H](O)[C@H](O)C[C@@H]1[C@H](O)COC(O)(O)[C@H]1O,CC1(O)C[C@@H](O)[C@@H](C[C@@H](O)[C@@H](O)OC(=O)CO)[C@H](O)C1(O)O,[*]O[*],[*]C([*])(C)O,[*:1]-[OH0]-[*:2]>>[*:1]-[CH0](-[*:2])(-[CH3])-[OH1],15,-4.235099999999998,326.121296904,0.1814451258460217,5.102001137865837,-0.0120521023711751,0.0520011378658376,4,77,-7.4,-6.5
O=C(CO)O[C@H](O)[C@H](O)C[C@@H]1[C@H](O)COC(O)(O)[C@H]1O,CC1(O)C[C@@H](O)[C@@H](C[C@@H](O)[C@@H](O)OC(=O)CO)[C@H](O)C1(O)O,[*]O[*],[*]C([*])(C)O,[*:1]-[OH0]-[*:2]>>[*:1]-[CH0](-[*:2])(-[CH3])-[OH1],15,-4.235099999999998,326.121296904,0.1814451258460217,5.102001137865837,-0.0120521023711751,0.0520011378658376,4,78,-7.4,-6.5
O=C(CO)O[C@H](O)[C@H](O)C[C@@H]1[C@H](O)COC(O)(O)[C@H]1O,O=C(CO)O[C@H](O)[C@H](O)C[C@@H]1[C@H](O)COCCCOC(O)(O)[C@H]1O,[*]O[*],[*]OCCCO[*],[*:1]-[OH0]-[*:2]>>[*:1]-[OH0]-[CH2]-[CH2]-[CH2]-[OH0]-[*:2],12,-3.995399999999998,356.13186158799994,0.1878951789894827,5.318648423517498,-0.0056020492277141,0.2686484235174982,4,79,-7.4,-5.6
O=C(CO)O[C@H](O)[C@H](O)C[C@@H]1[C@H](O)COC(O)(O)[C@H]1O,O=C(CO)OCCCO[C@H](O)[C@H](O)C[C@@H]1[C@H](O)COC(O)(O)[C@H]1O,[*]O[*],[*]OCCCO[*],[*:1]-[OH0]-[*:2]>>[*:1]-[OH0]-[CH2]-[CH2]-[CH2]-[OH0]-[*:2],12,-3.995399999999997,356.1318615879999,0.1211896221235086,4.862291746828909,-0.0723076060936882,-0.1877082531710909,4,80,-7.4,-6.1
O=C(CO)O[C@H](O)[C@H](O)C[C@@H]1[C@H](O)COC(O)(O)[C@H]1O,O=C(CO)OCC1CCN([C@H](O)[C@H](O)C[C@@H]2[C@H](O)COC(O)(O)[C@H]2O)CC1,[*]O[*],[*]OCC1CCN([*])CC1,[*:1]-[OH0]-[*:2]>>[*:1]-[OH0]-[CH2]-[CH1]1-[CH2]-[CH2]-[NH0](-[*:2])-[CH2]-[CH2]-1,10,-3.6900999999999953,395.1791461279999,0.1665118710237726,4.731753509787556,-0.0269853571934242,-0.3182464902124442,4,81,-7.4,-4.1
O=C(CO)O[C@H](O)[C@H](O)C[C@@H]1[C@H](O)COC(O)(O)[C@H]1O,O=C(CO)OCC1CCN([C@H](O)[C@H](O)C[C@@H]2[C@H](O)COC(O)(O)[C@H]2O)CC1,[*]O[*],[*]OCC1CCN([*])CC1,[*:1]-[OH0]-[*:2]>>[*:1]-[OH0]-[CH2]-[CH1]1-[CH2]-[CH2]-[NH0](-[*:2])-[CH2]-[CH2]-1,10,-3.6900999999999953,395.1791461279999,0.1665118710237726,4.731753509787556,-0.0269853571934242,-0.3182464902124442,4,82,-7.4,-4.6
O=C(CO)O[C@H](O)[C@H](O)C[C@@H]1[C@H](O)COC(O)(O)[C@H]1O,CCCN1C[C@@H](O)[C@@H](C[C@@H](O)[C@@H](O)OC(=O)CO)[C@H](O)C1(O)O,[*]O[*],[*]N([*])CCC,[*:1]-[OH0]-[*:2]>>[*:1]-[NH0](-[*:2])-[CH2]-[CH2]-[CH3],14,-3.706699999999997,339.15293138,0.1807042330758448,4.9793430427358025,-0.012792995141352,-0.0706569572641973,4,83,-7.4,-6.1
O=C(CO)O[C@H](O)[C@H](O)C[C@@H]1[C@H](O)COC(O)(O)[C@H]1O,CCCN1C[C@@H](O)[C@@H](C[C@@H](O)[C@@H](O)OC(=O)CO)[C@H](O)C1(O)O,[*]O[*],[*]N([*])CCC,[*:1]-[OH0]-[*:2]>>[*:1]-[NH0](-[*:2])-[CH2]-[CH2]-[CH3],14,-3.706699999999997,339.15293138,0.1807042330758448,4.9793430427358025,-0.012792995141352,-0.0706569572641973,4,84,-7.4,-6.2
O=C(CO)O[C@H](O)[C@H](O)C[C@@H]1[C@H](O)COC(O)(O)[C@H]1O,O=C(CO)NC(=O)N[C@H](O)[C@H](O)C[C@@H]1[C@H](O)COC(O)(O)[C@H]1O,[*]O[*],[*]NC(=O)N[*],[*:1]-[OH0]-[*:2]>>[*:1]-[NH1]-[CH0](=[OH0])-[NH1]-[*:2],19,-5.119499999999993,340.1117948399999,0.2172379037693617,4.851277658120418,0.0237406755521648,-0.1987223418795816,4,85,-7.4,-7.4
O=C(CO)O[C@H](O)[C@H](O)C[C@@H]1[C@H](O)COC(O)(O)[C@H]1O,O=C(CO)NC(=O)N[C@H](O)[C@H](O)C[C@@H]1[C@H](O)COC(O)(O)[C@H]1O,[*]O[*],[*]NC(=O)N[*],[*:1]-[OH0]-[*:2]>>[*:1]-[NH1]-[CH0](=[OH0])-[NH1]-[*:2],19,-5.119499999999993,340.1117948399999,0.2172379037693617,4.851277658120418,0.0237406755521648,-0.1987223418795816,4,86,-7.4,-7.5
O=C(CO)O[C@H](O)[C@H](O)C[C@@H]1[C@H](O)COC(O)(O)[C@H]1O,CCN(CCNC(=O)CO)[C@H](O)[C@H](O)C[C@@H]1[C@H](O)COC(O)(O)[C@H]1O,[*]O[*],[*]NCCN([*])CC,[*:1]-[OH0]-[*:2]>>[*:1]-[NH1]-[CH2]-[CH2]-[NH0](-[*:2])-[CH2]-[CH3],10,-4.507199999999994,368.1794804759999,0.1845367771450217,4.844542477966582,-0.0089604510721751,-0.2054575220334173,4,87,-7.4,-5.8
O=C(CO)O[C@H](O)[C@H](O)C[C@@H]1[C@H](O)COC(O)(O)[C@H]1O,CCN(CCN[C@H](O)[C@H](O)C[C@@H]1[C@H](O)COC(O)(O)[C@H]1O)C(=O)CO,[*]O[*],[*]NCCN([*])CC,[*:1]-[OH0]-[*:2]>>[*:1]-[NH1]-[CH2]-[CH2]-[NH0](-[*:2])-[CH2]-[CH3],10,-4.507199999999993,368.1794804759999,0.1845367771450217,4.877557163281269,-0.0089604510721751,-0.1724428367187309,4,88,-7.4,-7.0
O=C(CO)O[C@H](O)[C@H](O)C[C@@H]1[C@H](O)COC(O)(O)[C@H]1O,O=C(CO)Oc1ccc(O[C@H](O)[C@H](O)C[C@@H]2[C@H](O)COC(O)(O)[C@H]2O)cc1,[*]O[*],[*]Oc1ccc(O[*])cc1,[*:1]-[OH0]-[*:2]>>[*:1]-[OH0]-[cH0]1:[cH1]:[cH1]:[cH0](-[OH0]-[*:2]):[cH1]:[cH1]:1,15,-2.960899999999999,390.1162115239999,0.1431866230189745,4.507965522432444,-0.0503106051982223,-0.5420344775675554,4,89,-7.4,-6.9
O=C(CO)O[C@H](O)[C@H](O)C[C@@H]1[C@H](O)COC(O)(O)[C@H]1O,O=C(CO)O[C@H](O)[C@H](O)C[C@@H]1[C@H](O)COc2ccc(cc2)OC(O)(O)[C@H]1O,[*]O[*],[*]Oc1ccc(O[*])cc1,[*:1]-[OH0]-[*:2]>>[*:1]-[OH0]-[cH0]1:[cH1]:[cH1]:[cH0](-[OH0]-[*:2]):[cH1]:[cH1]:1,15,-2.9608999999999983,390.1162115239999,0.2010551249969994,6.112221521383033,0.0075578967798025,1.0622215213830328,4,90,-7.4,-5.9
O=C(CO)O[C@H](O)[C@H](O)C[C@@H]1[C@H](O)COC(O)(O)[C@H]1O,O=C(CO)O[C@H](O)[C@H](O)C[C@@H]1[C@H](O)COCCOCCOC(O)(O)[C@H]1O,[*]O[*],[*]OCCOCCO[*],[*:1]-[OH0]-[*:2]>>[*:1]-[OH0]-[CH2]-[CH2]-[OH0]-[CH2]-[CH2]-[OH0]-[*:2],150,-4.368899999999993,386.1424262719999,0.1773265819293859,5.2848057202548775,-0.0161706462878109,0.2348057202548776,4,91,-7.4,-2.8
O=C(CO)O[C@H](O)[C@H](O)C[C@@H]1[C@H](O)COC(O)(O)[C@H]1O,O=C(CO)O[C@H](O)[C@H](O)C[C@@H]1[C@H](O)COCCOCCOC(O)(O)[C@H]1O,[*]O[*],[*]OCCOCCO[*],[*:1]-[OH0]-[*:2]>>[*:1]-[OH0]-[CH2]-[CH2]-[OH0]-[CH2]-[CH2]-[OH0]-[*:2],150,-4.3688999999999965,386.1424262719999,0.1773265819293859,5.2848057202548775,-0.0161706462878109,0.2348057202548776,4,92,-7.4,-2.7
O=C(CO)O[C@H](O)[C@H](O)C[C@@H]1[C@H](O)COC(O)(O)[C@H]1O,O=C(CO)OCC(=O)O[C@H](O)[C@H](O)C[C@@H]1[C@H](O)COC(O)(O)[C@H]1O,[*]O[*],[*]OCC(=O)O[*],[*:1]-[OH0]-[*:2]>>[*:1]-[OH0]-[CH2]-[CH0](=[OH0])-[OH0]-[*:2],24,-4.858899999999993,356.0954760799999,0.1694094318075076,4.856066403422316,-0.0240877964096892,-0.1939335965776836,4,93,-7.4,-7.0
O=C(CO)O[C@H](O)[C@H](O)C[C@@H]1[C@H](O)COC(O)(O)[C@H]1O,O=C(CO)OC(=O)CO[C@H](O)[C@H](O)C[C@@H]1[C@H](O)COC(O)(O)[C@H]1O,[*]O[*],[*]OCC(=O)O[*],[*:1]-[OH0]-[*:2]>>[*:1]-[OH0]-[CH2]-[CH0](=[OH0])-[OH0]-[*:2],24,-4.858899999999993,356.0954760799999,0.130288726321447,5.046855414411327,-0.0632085018957498,-0.0031445855886724,4,94,-7.4,-6.0
O=C(CO)O[C@H](O)[C@H](O)C[C@@H]1[C@H](O)COC(O)(O)[C@H]1O,O=C(CO)O[C@H](O)[C@H](O)C[C@@H]1[C@H](O)CCCCOC(O)(O)[C@H]1O,[*]O[*],[*]OCCC[*],[*:1]-[OH0]-[*:2]>>[*:1]-[OH0]-[CH2]-[CH2]-[CH2]-[*:2],22,-3.2317999999999985,340.136946968,0.1987293612654707,5.203109518447089,0.0052321330482738,0.1531095184470894,4,95,-7.4,-6.0
O=C(CO)O[C@H](O)[C@H](O)C[C@@H]1[C@H](O)COC(O)(O)[C@H]1O,O=C(CO)OCCC[C@H](O)[C@H](O)C[C@@H]1[C@H](O)COC(O)(O)[C@H]1O,[*]O[*],[*]OCCC[*],[*:1]-[OH0]-[*:2]>>[*:1]-[OH0]-[CH2]-[CH2]-[CH2]-[*:2],22,-3.579399999999997,340.1369469679999,0.1327221997307814,4.708329020037189,-0.0607750284864154,-0.341670979962811,4,96,-7.4,-6.4
O=C(CO)O[C@H](O)[C@H](O)C[C@@H]1[C@H](O)COC(O)(O)[C@H]1O,O=C(CO)O[C@H](O)[C@H](O)C[C@@H]1[C@H](O)COCCOCCOCCOC(O)(O)[C@H]1O,[*]O[*],[*]OCCOCCOCCO[*],[*:1]-[OH0]-[*:2]>>[*:1]-[OH0]-[CH2]-[CH2]-[OH0]-[CH2]-[CH2]-[OH0]-[CH2]-[CH2]-[OH0]-[*:2],60,-4.352299999999994,430.1686410199998,0.1628372408487078,5.256498545552114,-0.030659987368489,0.2064985455521144,4,97,-7.4,1.1
O=C(CO)O[C@H](O)[C@H](O)C[C@@H]1[C@H](O)COC(O)(O)[C@H]1O,O=C(CO)OCCOCCOCCO[C@H](O)[C@H](O)C[C@@H]1[C@H](O)COC(O)(O)[C@H]1O,[*]O[*],[*]OCCOCCOCCO[*],[*:1]-[OH0]-[*:2]>>[*:1]-[OH0]-[CH2]-[CH2]-[OH0]-[CH2]-[CH2]-[OH0]-[CH2]-[CH2]-[OH0]-[*:2],60,-4.352299999999993,430.1686410199998,0.0791244366224203,4.782844939092347,-0.1143727915947765,-0.2671550609076529,4,98,-7.4,-5.0
O=C(CO)O[C@H](O)[C@H](O)C[C@@H]1[C@H](O)COC(O)(O)[C@H]1O,CCN(CCOC(=O)CO)[C@H](O)[C@H](O)C[C@@H]1[C@H](O)COC(O)(O)[C@H]1O,[*]O[*],[*]OCCN([*])CC,[*:1]-[OH0]-[*:2]>>[*:1]-[OH0]-[CH2]-[CH2]-[NH0](-[*:2])-[CH2]-[CH3],12,-4.080199999999995,369.163496064,0.155049337443582,4.909776743700848,-0.0384478907736148,-0.1402232562991514,4,99,-7.4,-5.7
O=P(O)(O)O[C@H]1[C@H](O)CO[C@@H]2[C@H](O)[C@H](CO)[C@H](O)N21,CO[C@@H]1[C@H](O)N2[C@@H](OP(=O)(O)O)[C@H](O)CO[C@@H]2[C@@H]1O,[*]CO,[*]OC,[*:1]-[CH2]-[OH1]>>[*:1]-[OH0]-[CH3],353,-2.851099999999997,301.056267722,0.3446170816892691,5.029248998928873,0.0526949910303693,-0.0207510010711269,5,0,-6.1,-5.4
O=P(O)(O)O[C@H]1[C@H](O)CO[C@@H]2[C@H](O)[C@H](CO)[C@H](O)N21,CCCC[C@@H]1[C@H](O)N2[C@@H](OP(=O)(O)O)[C@H](O)CO[C@@H]2[C@@H]1O,[*]CO,[*]CCCC,[*:1]-[CH2]-[OH1]>>[*:1]-[CH2]-[CH2]-[CH2]-[CH3],19,-1.0597000000000003,327.1083032939999,0.399620737660105,4.879738708803558,0.1076986470012051,-0.170261291196442,5,1,-6.1,-4.8
O=P(O)(O)O[C@H]1[C@H](O)CO[C@@H]2[C@H](O)[C@H](CO)[C@H](O)N21,CSC[C@@H]1[C@H](O)N2[C@@H](OP(=O)(O)O)[C@H](O)CO[C@@H]2[C@@H]1O,[*]CO,[*]CSC,[*:1]-[CH2]-[OH1]>>[*:1]-[CH2]-[SH0]-[CH3],15,-1.8869,331.0490741659999,0.371506615818397,5.189489859504066,0.0795845251594972,0.1394898595040663,5,2,-6.1,-5.5
O=P(O)(O)O[C@H]1[C@H](O)CO[C@@H]2[C@H](O)[C@H](CO)[C@H](O)N21,CC[C@@H]1[C@H](O)N2[C@@H](OP(=O)(O)O)[C@H](O)CO[C@@H]2[C@@H]1O,[*]CO,[*]CC,[*:1]-[CH2]-[OH1]>>[*:1]-[CH2]-[CH3],141,-1.8399000000000008,299.07700316599994,0.3801195742432458,5.051566229698103,0.0881974835843459,0.0015662296981036,5,3,-6.1,-5.4
O=P(O)(O)O[C@H]1[C@H](O)CO[C@@H]2[C@H](O)[C@H](CO)[C@H](O)N21,CC(C)C[C@@H]1[C@H](O)N2[C@@H](OP(=O)(O)O)[C@H](O)CO[C@@H]2[C@@H]1O,[*]CO,[*]CC(C)C,[*:1]-[CH2]-[OH1]>>[*:1]-[CH2]-[CH1](-[CH3])-[CH3],19,-1.2038000000000004,327.1083032939999,0.4025166691650222,4.9920862212910695,0.1105945785061224,-0.0579137787089303,5,4,-6.1,-4.3
O=P(O)(O)O[C@H]1[C@H](O)CO[C@@H]2[C@H](O)[C@H](CO)[C@H](O)N21,CN(C)[C@@H]1[C@H](O)N2[C@@H](OP(=O)(O)O)[C@H](O)CO[C@@H]2[C@@H]1O,[*]CO,[*]N(C)C,[*:1]-[CH2]-[OH1]>>[*:1]-[NH0](-[CH3])-[CH3],70,-2.935899999999997,314.087902198,0.343278949537313,5.109677282748455,0.0513568588784132,0.0596772827484555,5,5,-6.1,-4.0
O=P(O)(O)O[C@H]1[C@H](O)CO[C@@H]2[C@H](O)[C@H](CO)[C@H](O)N21,O=P(O)(O)O[C@H]1[C@H](O)CO[C@@H]2[C@H](O)[C@H](C3CC3)[C@H](O)N12,[*]CO,[*]C1CC1,[*:1]-[CH2]-[OH1]>>[*:1]-[CH1]1-[CH2]-[CH2]-1,61,-1.8399000000000008,311.07700316599994,0.3802196287510105,5.076212646151381,0.0882975380921107,0.0262126461513814,5,6,-6.1,-4.2
O=P(O)(O)O[C@H]1[C@H](O)CO[C@@H]2[C@H](O)[C@H](CO)[C@H](O)N21,CN[C@@H]1[C@H](O)N2[C@@H](OP(=O)(O)O)[C@H](O)CO[C@@H]2[C@@H]1O,[*]CO,[*]NC,[*:1]-[CH2]-[OH1]>>[*:1]-[NH1]-[CH3],31,-3.278099999999997,300.072252134,0.2925587491111347,5.117374229698104,0.0006366584522349,0.0673742296981041,5,7,-6.1,-6.3
O=P(O)(O)O[C@H]1[C@H](O)CO[C@@H]2[C@H](O)[C@H](CO)[C@H](O)N21,NC[C@@H]1[C@H](O)N2[C@@H](OP(=O)(O)O)[C@H](O)CO[C@@H]2[C@@H]1O,[*]CO,[*]CN,[*:1]-[CH2]-[OH1]>>[*:1]-[CH2]-[NH2],150,-3.2911999999999977,300.072252134,0.2906606507613518,5.138688998928872,-0.0012614398975479,0.0886889989288723,5,8,-6.1,-6.4
O=P(O)(O)O[C@H]1[C@H](O)CO[C@@H]2[C@H](O)[C@H](CO)[C@H](O)N21,CCO[C@@H]1[C@H](O)N2[C@@H](OP(=O)(O)O)[C@H](O)CO[C@@H]2[C@@H]1O,[*]CO,[*]OCC,[*:1]-[CH2]-[OH1]>>[*:1]-[OH0]-[CH2]-[CH3],66,-2.4609999999999985,315.071917786,0.3534346820124705,5.014257638894486,0.0615125913535707,-0.0357423611055134,5,9,-6.1,-4.3
O=P(O)(O)O[C@H]1[C@H](O)CO[C@@H]2[C@H](O)[C@H](CO)[C@H](O)N21,NC(=O)[C@@H]1[C@H](O)N2[C@@H](OP(=O)(O)O)[C@H](O)CO[C@@H]2[C@@H]1O,[*]CO,[*]C(N)=O,[*:1]-[CH2]-[OH1]>>[*:1]-[CH0](-[NH2])=[OH0],246,-3.7645999999999975,314.05151669,0.2826435535090683,5.093226986890468,-0.0092785371498315,0.0432269868904677,5,10,-6.1,-5.9
O=P(O)(O)O[C@H]1[C@H](O)CO[C@@H]2[C@H](O)[C@H](CO)[C@H](O)N21,CC(C)[C@@H]1[C@H](O)N2[C@@H](OP(=O)(O)O)[C@H](O)CO[C@@H]2[C@@H]1O,[*]CO,[*]C(C)C,[*:1]-[CH2]-[OH1]>>[*:1]-[CH1](-[CH3])-[CH3],91,-1.5939000000000008,313.09265322999994,0.3898068624503077,5.107863969138988,0.0978847717914079,0.0578639691389879,5,11,-6.1,-4.4
O=P(O)(O)O[C@H]1[C@H](O)CO[C@@H]2[C@H](O)[C@H](CO)[C@H](O)N21,O=C(O)[C@@H]1[C@H](O)N2[C@@H](OP(=O)(O)O)[C@H](O)CO[C@@H]2[C@@H]1O,[*]CO,[*]C(=O)O,[*:1]-[CH2]-[OH1]>>[*:1]-[CH0](=[OH0])-[OH1],242,-3.165299999999998,315.03553227799995,0.2894524557938797,5.025567223576859,-0.00246963486502,-0.0244327764231409,5,12,-6.1,-6.4
O=P(O)(O)O[C@H]1[C@H](O)CO[C@@H]2[C@H](O)[C@H](CO)[C@H](O)N21,COC[C@@H]1[C@H](O)N2[C@@H](OP(=O)(O)O)[C@H](O)CO[C@@H]2[C@@H]1O,[*]CO,[*]COC,[*:1]-[CH2]-[OH1]>>[*:1]-[CH2]-[OH0]-[CH3],258,-2.6034999999999977,315.071917786,0.349362064284887,5.0386686693734415,0.0574399736259871,-0.0113313306265583,5,13,-6.1,-3.9
O=P(O)(O)O[C@H]1[C@H](O)CO[C@@H]2[C@H](O)[C@H](CO)[C@H](O)N21,O=P(O)(O)O[C@H]1[C@H](O)CO[C@@H]2[C@H](O)[C@H](CF)[C@H](O)N12,[*]CO,[*]CF,[*:1]-[CH2]-[OH1]>>[*:1]-[CH2]-[FH0],60,-2.2804000000000006,303.05193129,0.3646135730997016,5.227982845082718,0.0726914824408018,0.1779828450827185,5,14,-6.1,-5.1
O=P(O)(O)O[C@H]1[C@H](O)CO[C@@H]2[C@H](O)[C@H](CO)[C@H](O)N21,N#CC[C@@H]1[C@H](O)N2[C@@H](OP(=O)(O)O)[C@H](O)CO[C@@H]2[C@@H]1O,[*]CO,[*]CC#N,[*:1]-[CH2]-[OH1]>>[*:1]-[CH2]-[CH0]#[NH0],35,-2.3362200000000004,310.05660207,0.3567870326940978,5.2168503820004375,0.064864942035198,0.1668503820004376,5,15,-6.1,-4.4
O=P(O)(O)O[C@H]1[C@H](O)CO[C@@H]2[C@H](O)[C@H](CO)[C@H](O)N21,CCN[C@@H]1[C@H](O)N2[C@@H](OP(=O)(O)O)[C@H](O)CO[C@@H]2[C@@H]1O,[*]CO,[*]NCC,[*:1]-[CH2]-[OH1]>>[*:1]-[NH1]-[CH2]-[CH3],10,-2.887999999999997,314.087902198,0.2982041701850413,5.0715598159627024,0.0062820795261415,0.0215598159627026,5,16,-6.1,-5.5
O=P(O)(O)O[C@H]1[C@H](O)CO[C@@H]2[C@H](O)[C@H](CO)[C@H](O)N21,CNC(=O)[C@@H]1[C@H](O)N2[C@@H](OP(=O)(O)O)[C@H](O)CO[C@@H]2[C@@H]1O,[*]CO,[*]C(=O)NC,[*:1]-[CH2]-[OH1]>>[*:1]-[CH0](=[OH0])-[NH1]-[CH3],106,-3.5038999999999976,328.0671667539999,0.2856986499906345,5.026208179333029,-0.0062234406682652,-0.0237918206669709,5,17,-6.1,-4.4
O=P(O)(O)O[C@H]1[C@H](O)CO[C@@H]2[C@H](O)[C@H](CO)[C@H](O)N21,CC(=O)N[C@@H]1[C@H](O)N2[C@@H](OP(=O)(O)O)[C@H](O)CO[C@@H]2[C@@H]1O,[*]CO,[*]NC(C)=O,[*:1]-[CH2]-[OH1]>>[*:1]-[NH1]-[CH0](-[CH3])=[OH0],71,-3.361399999999997,328.0671667539999,0.2875992045888928,4.913022165347014,-0.0043228860700069,-0.1369778346529857,5,18,-6.1,-4.9
O=P(O)(O)O[C@H]1[C@H](O)CO[C@@H]2[C@H](O)[C@H](CO)[C@H](O)N21,CN(C)C(=O)[C@@H]1[C@H](O)N2[C@@H](OP(=O)(O)O)[C@H](O)CO[C@@H]2[C@@H]1O,[*]CO,[*]C(=O)N(C)C,[*:1]-[CH2]-[OH1]>>[*:1]-[CH0](=[OH0])-[NH0](-[CH3])-[CH3],100,-3.1616999999999966,342.0828168179999,0.3311145188713853,5.026408902469655,0.0391924282124855,-0.0235910975303452,5,19,-6.1,-3.3
O=P(O)(O)O[C@H]1[C@H](O)CO[C@@H]2[C@H](O)[C@H](CO)[C@H](O)N21,CN(C)C[C@@H]1[C@H](O)N2[C@@H](OP(=O)(O)O)[C@H](O)CO[C@@H]2[C@@H]1O,[*]CO,[*]CN(C)C,[*:1]-[CH2]-[OH1]>>[*:1]-[CH2]-[NH0](-[CH3])-[CH3],100,-2.688299999999997,328.10355226199994,0.3461304206248159,5.022134892619742,0.0542083299659161,-0.0278651073802578,5,20,-6.1,-3.5
O=P(O)(O)O[C@H]1[C@H](O)CO[C@@H]2[C@H](O)[C@H](CO)[C@H](O)N21,O=P(O)(O)O[C@H]1[C@H](O)CO[C@@H]2[C@H](O)[C@H](CCO)[C@H](O)N12,[*]CO,[*]CCO,[*:1]-[CH2]-[OH1]>>[*:1]-[CH2]-[CH2]-[OH1],158,-2.8674999999999984,315.071917786,0.297543563753308,5.066987972711614,0.0056214730944082,0.0169879727116137,5,21,-6.1,-4.9
O=P(O)(O)O[C@H]1[C@H](O)CO[C@@H]2[C@H](O)[C@H](CO)[C@H](O)N21,CN1CCN([C@@H]2[C@H](O)N3[C@@H](OP(=O)(O)O)[C@H](O)CO[C@@H]3[C@@H]2O)CC1,[*]CO,[*]N1CCN(C)CC1,[*:1]-[CH2]-[OH1]>>[*:1]-[NH0]1-[CH2]-[CH2]-[NH0](-[CH3])-[CH2]-[CH2]-1,20,-3.250099999999995,369.1301013579999,0.3196636737354896,4.875605238092599,0.0277415830765898,-0.1743947619074006,5,22,-6.1,-3.8
O=P(O)(O)O[C@H]1[C@H](O)CO[C@@H]2[C@H](O)[C@H](CO)[C@H](O)N21,O=P(O)(O)O[C@H]1[C@H](O)CO[C@@H]2[C@H](O)[C@H](C(F)F)[C@H](O)N12,[*]CO,[*]C(F)F,[*:1]-[CH2]-[OH1]>>[*:1]-[CH1](-[FH0])-[FH0],42,-1.9848000000000008,321.0425094779999,0.3738311822402679,5.293596809375676,0.0819090915813681,0.2435968093756759,5,23,-6.1,-5.8
O=P(O)(O)O[C@H]1[C@H](O)CO[C@@H]2[C@H](O)[C@H](CO)[C@H](O)N21,CNC[C@@H]1[C@H](O)N2[C@@H](OP(=O)(O)O)[C@H](O)CO[C@@H]2[C@@H]1O,[*]CO,[*]CNC,[*:1]-[CH2]-[OH1]>>[*:1]-[CH2]-[NH1]-[CH3],38,-3.030499999999997,314.087902198,0.2954576814549191,5.097363299271845,0.0035355907960192,0.0473632992718453,5,24,-6.1,-4.3
O=P(O)(O)O[C@H]1[C@H](O)CO[C@@H]2[C@H](O)[C@H](CO)[C@H](O)N21,CCC[C@@H]1[C@H](O)N2[C@@H](OP(=O)(O)O)[C@H](O)CO[C@@H]2[C@@H]1O,[*]CO,[*]CCC,[*:1]-[CH2]-[OH1]>>[*:1]-[CH2]-[CH2]-[CH3],44,-1.4498000000000004,313.09265322999994,0.3941947952249798,4.997033546006243,0.10227270456608,-0.0529664539937568,5,25,-6.1,-4.8
O=P(O)(O)O[C@H]1[C@H](O)CO[C@@H]2[C@H](O)[C@H](CO)[C@H](O)N21,NC(=O)C[C@@H]1[C@H](O)N2[C@@H](OP(=O)(O)O)[C@H](O)CO[C@@H]2[C@@H]1O,[*]CO,[*]CC(N)=O,[*:1]-[CH2]-[OH1]>>[*:1]-[CH2]-[CH0](-[NH2])=[OH0],21,-3.374499999999998,328.0671667539999,0.2846405750210833,5.036303284228133,-0.0072815156378164,-0.013696715771867,5,26,-6.1,-4.2
O=P(O)(O)O[C@H]1[C@H](O)CO[C@@H]2[C@H](O)[C@H](CO)[C@H](O)N21,CCOC[C@@H]1[C@H](O)N2[C@@H](OP(=O)(O)O)[C@H](O)CO[C@@H]2[C@@H]1O,[*]CO,[*]COCC,[*:1]-[CH2]-[OH1]>>[*:1]-[CH2]-[OH0]-[CH2]-[CH3],20,-2.213399999999999,329.0875678499999,0.3512365682195148,4.996135412100262,0.059314477560615,-0.0538645878997376,5,27,-6.1,-4.9
O=P(O)(O)O[C@H]1[C@H](O)CO[C@@H]2[C@H](O)[C@H](CO)[C@H](O)N21,O=P(O)(O)O[C@H]1[C@H](O)CO[C@@H]2[C@H](O)[C@H](N3CCOCC3)[C@H](O)N12,[*]CO,[*]N1CCOCC1,[*:1]-[CH2]-[OH1]>>[*:1]-[NH0]1-[CH2]-[CH2]-[OH0]-[CH2]-[CH2]-1,42,-3.165299999999996,356.0984668819999,0.3256457220500494,4.936818377828739,0.0337236313911496,-0.1131816221712611,5,28,-6.1,-4.0
O=P(O)(O)O[C@H]1[C@H](O)CO[C@@H]2[C@H](O)[C@H](CO)[C@H](O)N21,O=C(O)C[C@@H]1[C@H](O)N2[C@@H](OP(=O)(O)O)[C@H](O)CO[C@@H]2[C@@H]1O,[*]CO,[*]CC(=O)O,[*:1]-[CH2]-[OH1]>>[*:1]-[CH2]-[CH0](=[OH0])-[OH1],49,-2.7751999999999977,329.0511823419999,0.2940012607393452,4.954243424088274,0.0020791700804453,-0.095756575911726,5,29,-6.1,-4.4
O=P(O)(O)O[C@H]1[C@H](O)CO[C@@H]2[C@H](O)[C@H](CO)[C@H](O)N21,O=P(O)(O)O[C@H]1[C@H](O)CO[C@@H]2[C@H](O)[C@H](C(F)(F)F)[C@H](O)N12,[*]CO,[*]C(F)(F)F,[*:1]-[CH2]-[OH1]>>[*:1]-[CH0](-[FH0])(-[FH0])-[FH0],176,-1.6876000000000009,339.0330876659999,0.3728741525167843,5.171966547631397,0.0809520618578845,0.1219665476313975,5,30,-6.1,-6.4
O=P(O)(O)O[C@H]1[C@H](O)CO[C@@H]2[C@H](O)[C@H](CO)[C@H](O)N21,COCC[C@@H]1[C@H](O)N2[C@@H](OP(=O)(O)O)[C@H](O)CO[C@@H]2[C@@H]1O,[*]CO,[*]CCOC,[*:1]-[CH2]-[OH1]>>[*:1]-[CH2]-[CH2]-[OH0]-[CH3],13,-2.213399999999999,329.0875678499999,0.3512365682195148,4.975141181331031,0.059314477560615,-0.0748588186689689,5,31,-6.1,-4.9
O=P(O)(O)O[C@H]1[C@H](O)CO[C@@H]2[C@H](O)[C@H](CO)[C@H](O)N21,O=P(O)(O)O[C@H]1[C@H](O)CO[C@@H]2[C@H](O)[C@H](N3CCCC3)[C@H](O)N12,[*]CO,[*]N1CCCC1,[*:1]-[CH2]-[OH1]>>[*:1]-[NH0]1-[CH2]-[CH2]-[CH2]-[CH2]-1,11,-2.4016999999999977,340.10355226199994,0.3527007876028551,4.908978335668035,0.0607786969439553,-0.1410216643319648,5,32,-6.1,-4.0
O=P(O)(O)O[C@H]1[C@H](O)CO[C@@H]2[C@H](O)[C@H](CO)[C@H](O)N21,O=C1CCCN1[C@@H]1[C@H](O)N2[C@@H](OP(=O)(O)O)[C@H](O)CO[C@@H]2[C@@H]1O,[*]CO,[*]N1CCCC1=O,[*:1]-[CH2]-[OH1]>>[*:1]-[NH0]1-[CH2]-[CH2]-[CH2]-[CH0]-1=[OH0],10,-2.8750999999999967,354.0828168179999,0.3331537848917462,4.970869069072979,0.0412316942328463,-0.0791309309270209,5,33,-6.1,-2.5
O=P(O)(O)O[C@H]1[C@H](O)CO[C@@H]2[C@H](O)[C@H](CO)[C@H](O)N21,O=C(NC1CC1)[C@@H]1[C@H](O)N2[C@@H](OP(=O)(O)O)[C@H](O)CO[C@@H]2[C@@H]1O,[*]CO,[*]C(=O)NC1CC1,[*:1]-[CH2]-[OH1]>>[*:1]-[CH0](=[OH0])-[NH1]-[CH1]1-[CH2]-[CH2]-1,14,-2.971299999999997,354.0828168179999,0.2866015576172013,4.883018774153726,-0.0053205330416984,-0.1669812258462739,5,34,-6.1,-2.8
O=P(O)(O)O[C@H]1[C@H](O)CO[C@@H]2[C@H](O)[C@H](CO)[C@H](O)N21,O=P(O)(O)O[C@H]1[C@H](O)CO[C@@H]2[C@H](O)[C@H](OC(F)F)[C@H](O)N12,[*]CO,[*]OC(F)F,[*:1]-[CH2]-[OH1]>>[*:1]-[OH0]-[CH1](-[FH0])-[FH0],13,-2.2583,337.0374240979999,0.3558216278737562,5.215993633878483,0.0638995372148564,0.1659936338784833,5,35,-6.1,-4.5
O=P(O)(O)O[C@H]1[C@H](O)CO[C@@H]2[C@H](O)[C@H](CO)[C@H](O)N21,CCNC(=O)[C@@H]1[C@H](O)N2[C@@H](OP(=O)(O)O)[C@H](O)CO[C@@H]2[C@@H]1O,[*]CO,[*]C(=O)NCC,[*:1]-[CH2]-[OH1]>>[*:1]-[CH0](=[OH0])-[NH1]-[CH2]-[CH3],41,-3.113799999999997,342.0828168179999,0.2874669162277244,4.935841067763526,-0.0044551744311753,-0.1141589322364735,5,36,-6.1,-4.7
O=P(O)(O)O[C@H]1[C@H](O)CO[C@@H]2[C@H](O)[C@H](CO)[C@H](O)N21,CC(C)(C)[C@@H]1[C@H](O)N2[C@@H](OP(=O)(O)O)[C@H](O)CO[C@@H]2[C@@H]1O,[*]CO,[*]C(C)(C)C,[*:1]-[CH2]-[OH1]>>[*:1]-[CH0](-[CH3])(-[CH3])-[CH3],32,-1.2038000000000004,327.1083032939999,0.3953694486960653,5.099148598913448,0.1034473580371655,0.0491485989134483,5,37,-6.1,-4.0
O=P(O)(O)O[C@H]1[C@H](O)CO[C@@H]2[C@H](O)[C@H](CO)[C@H](O)N21,O=P(O)(O)O[C@H]1[C@H](O)CO[C@@H]2[C@H](O)[C@H](CCCO)[C@H](O)N12,[*]CO,[*]CCCO,[*:1]-[CH2]-[OH1]>>[*:1]-[CH2]-[CH2]-[CH2]-[OH1],32,-2.4773999999999985,329.0875678499999,0.298040253479735,4.965817280232129,0.0061181628208352,-0.0841827197678704,5,38,-6.1,-4.5
O=P(O)(O)O[C@H]1[C@H](O)CO[C@@H]2[C@H](O)[C@H](CO)[C@H](O)N21,O=P(O)(O)O[C@H]1[C@H](O)CO[C@@H]2[C@H](O)[C@H](Cc3ccc(O)cc3)[C@H](O)N12,[*]CO,[*]Cc1ccc(O)cc1,[*:1]-[CH2]-[OH1]>>[*:1]-[CH2]-[cH0]1:[cH1]:[cH1]:[cH0](-[OH1]):[cH1]:[cH1]:1,10,-1.3016000000000003,377.0875678499999,0.3480258620589909,4.648106893390953,0.056103771400091,-0.4018931066090472,5,39,-6.1,-4.0
O=P(O)(O)O[C@H]1[C@H](O)CO[C@@H]2[C@H](O)[C@H](CO)[C@H](O)N21,O=C([C@@H]1[C@H](O)N2[C@@H](OP(=O)(O)O)[C@H](O)CO[C@@H]2[C@@H]1O)N1CCCC1,[*]CO,[*]C(=O)N1CCCC1,[*:1]-[CH2]-[OH1]>>[*:1]-[CH0](=[OH0])-[NH0]1-[CH2]-[CH2]-[CH2]-[CH2]-1,17,-2.6274999999999977,368.0984668819999,0.3334691104536252,4.765551746968338,0.0415470197947254,-0.2844482530316616,5,40,-6.1,-3.2
O=P(O)(O)O[C@H]1[C@H](O)CO[C@@H]2[C@H](O)[C@H](CO)[C@H](O)N21,O=P(O)(O)O[C@H]1[C@H](O)CO[C@@H]2[C@H](O)[C@H](CN3CCCC3)[C@H](O)N12,[*]CO,[*]CN1CCCC1,[*:1]-[CH2]-[OH1]>>[*:1]-[CH2]-[NH0]1-[CH2]-[CH2]-[CH2]-[CH2]-1,27,-2.154099999999998,354.11920232599994,0.3544148393337113,4.79002716903753,0.0624927486748115,-0.2599728309624698,5,41,-6.1,-5.0
O=P(O)(O)O[C@H]1[C@H](O)CO[C@@H]2[C@H](O)[C@H](CO)[C@H](O)N21,O=C([C@@H]1[C@H](O)N2[C@@H](OP(=O)(O)O)[C@H](O)CO[C@@H]2[C@@H]1O)N1CCOCC1,[*]CO,[*]C(=O)N1CCOCC1,[*:1]-[CH2]-[OH1]>>[*:1]-[CH0](=[OH0])-[NH0]1-[CH2]-[CH2]-[OH0]-[CH2]-[CH2]-1,26,-3.391099999999996,384.093381502,0.3075407259675283,4.790767074386428,0.0156186353086285,-0.2592329256135715,5,42,-6.1,-3.3
O=P(O)(O)O[C@H]1[C@H](O)CO[C@@H]2[C@H](O)[C@H](CO)[C@H](O)N21,CC(C)O[C@@H]1[C@H](O)N2[C@@H](OP(=O)(O)O)[C@H](O)CO[C@@H]2[C@@H]1O,[*]CO,[*]OC(C)C,[*:1]-[CH2]-[OH1]>>[*:1]-[OH0]-[CH1](-[CH3])-[CH3],22,-2.072499999999999,329.0875678499999,0.3639398537371452,5.0306540534589015,0.0720177630782454,-0.0193459465410983,5,43,-6.1,-4.3
O=P(O)(O)O[C@H]1[C@H](O)CO[C@@H]2[C@H](O)[C@H](CO)[C@H](O)N21,C[C@H](O)[C@@H]1[C@H](O)N2[C@@H](OP(=O)(O)O)[C@H](O)CO[C@@H]2[C@@H]1O,[*]CO,[*][C@H](C)O,[*:1]-[CH2]-[OH1]>>[*:1]-[C@H1](-[CH3])-[OH1],30,-2.869099999999998,315.071917786,0.2986693807882374,5.22939009690691,0.0067472901293376,0.1793900969069097,5,44,-6.1,-5.0
O=P(O)(O)O[C@H]1[C@H](O)CO[C@@H]2[C@H](O)[C@H](CO)[C@H](O)N21,C[C@@H](O)[C@@H]1[C@H](O)N2[C@@H](OP(=O)(O)O)[C@H](O)CO[C@@H]2[C@@H]1O,[*]CO,[*][C@@H](C)O,[*:1]-[CH2]-[OH1]>>[*:1]-[C@@H1](-[CH3])-[OH1],25,-2.869099999999998,315.071917786,0.2986693807882374,5.22939009690691,0.0067472901293376,0.1793900969069097,5,45,-6.1,-4.6
O=P(O)(O)O[C@H]1[C@H](O)CO[C@@H]2[C@H](O)[C@H](CO)[C@H](O)N21,CC(C)(O)[C@@H]1[C@H](O)N2[C@@H](OP(=O)(O)O)[C@H](O)CO[C@@H]2[C@@H]1O,[*]CO,[*]C(C)(C)O,[*:1]-[CH2]-[OH1]>>[*:1]-[CH0](-[CH3])(-[CH3])-[OH1],77,-2.478999999999999,329.0875678499999,0.3059132785703149,5.166669111733961,0.0139911879114151,0.1166691117339615,5,46,-6.1,-3.5
O=P(O)(O)O[C@H]1[C@H](O)CO[C@@H]2[C@H](O)[C@H](CO)[C@H](O)N21,CC(=O)[C@@H]1[C@H](O)N2[C@@H](OP(=O)(O)O)[C@H](O)CO[C@@H]2[C@@H]1O,[*]CO,[*]C(C)=O,[*:1]-[CH2]-[OH1]>>[*:1]-[CH0](-[CH3])=[OH0],116,-2.660899999999999,313.056267722,0.3481862307851427,5.095980241328337,0.0562641401262429,0.045980241328337,5,47,-6.1,-4.6
O=P(O)(O)O[C@H]1[C@H](O)CO[C@@H]2[C@H](O)[C@H](CO)[C@H](O)N21,O=P(O)(O)O[C@H]1[C@H](O)CO[C@@H]2[C@H](O)[C@H](OCCO)[C@H](O)N12,[*]CO,[*]OCCO,[*:1]-[CH2]-[OH1]>>[*:1]-[OH0]-[CH2]-[CH2]-[OH1],42,-3.4885999999999977,331.0668324059999,0.2764005853442982,5.015754917594768,-0.0155215053146016,-0.0342450824052322,5,48,-6.1,-4.1
O=P(O)(O)O[C@H]1[C@H](O)CO[C@@H]2[C@H](O)[C@H](CO)[C@H](O)N21,CC(=O)NC[C@@H]1[C@H](O)N2[C@@H](OP(=O)(O)O)[C@H](O)CO[C@@H]2[C@@H]1O,[*]CO,[*]CNC(C)=O,[*:1]-[CH2]-[OH1]>>[*:1]-[CH2]-[NH1]-[CH0](-[CH3])=[OH0],48,-3.113799999999997,342.0828168179999,0.2874669162277244,4.917576081026126,-0.0044551744311753,-0.132423918973874,5,49,-6.1,-5.6
O=P(O)(O)O[C@H]1[C@H](O)CO[C@@H]2[C@H](O)[C@H](CO)[C@H](O)N21,O=P(O)(O)O[C@H]1[C@H](O)CO[C@@H]2[C@H](O)[C@H](N3CCNCC3)[C@H](O)N12,[*]CO,[*]N1CCNCC1,[*:1]-[CH2]-[OH1]>>[*:1]-[NH0]1-[CH2]-[CH2]-[NH1]-[CH2]-[CH2]-1,11,-3.592299999999995,355.1144512939999,0.2782335857335732,5.028537059147421,-0.0136885049253265,-0.0214629408525786,5,50,-6.1,-4.2
O=P(O)(O)O[C@H]1[C@H](O)CO[C@@H]2[C@H](O)[C@H](CO)[C@H](O)N21,CCNC[C@@H]1[C@H](O)N2[C@@H](OP(=O)(O)O)[C@H](O)CO[C@@H]2[C@@H]1O,[*]CO,[*]CNCC,[*:1]-[CH2]-[OH1]>>[*:1]-[CH2]-[NH1]-[CH2]-[CH3],14,-2.640399999999998,328.10355226199994,0.2953257721099775,5.021444203309053,0.0034036814510777,-0.0285557966909468,5,51,-6.1,-5.0
O=P(O)(O)O[C@H]1[C@H](O)CO[C@@H]2[C@H](O)[C@H](CO)[C@H](O)N21,NC(=O)CO[C@@H]1[C@H](O)N2[C@@H](OP(=O)(O)O)[C@H](O)CO[C@@H]2[C@@H]1O,[*]CO,[*]OCC(N)=O,[*:1]-[CH2]-[OH1]>>[*:1]-[OH0]-[CH2]-[CH0](-[NH2])=[OH0],13,-3.995599999999997,344.06208137399994,0.2662207780384198,5.003541598267505,-0.0257013126204799,-0.0464584017324947,5,52,-6.1,-3.9
O=P(O)(O)O[C@H]1[C@H](O)CO[C@@H]2[C@H](O)[C@H](CO)[C@H](O)N21,O=P(O)(O)O[C@H]1[C@H](O)CO[C@@H]2[C@H](O)[C@H](CN3CCOCC3)[C@H](O)N12,[*]CO,[*]CN1CCOCC1,[*:1]-[CH2]-[OH1]>>[*:1]-[CH2]-[NH0]1-[CH2]-[CH2]-[OH0]-[CH2]-[CH2]-1,66,-2.917699999999996,370.1141169459999,0.3236141069057464,4.800862957296472,0.0316920162468466,-0.249137042703528,5,53,-6.1,-5.2
O=P(O)(O)O[C@H]1[C@H](O)CO[C@@H]2[C@H](O)[C@H](CO)[C@H](O)N21,CC(C)NC(=O)[C@@H]1[C@H](O)N2[C@@H](OP(=O)(O)O)[C@H](O)CO[C@@H]2[C@@H]1O,[*]CO,[*]C(=O)NC(C)C,[*:1]-[CH2]-[OH1]>>[*:1]-[CH0](=[OH0])-[NH1]-[CH1](-[CH3])-[CH3],16,-2.7252999999999967,356.0984668819999,0.2908750221494702,4.911536289916651,-0.0010470685094295,-0.1384637100833492,5,54,-6.1,-4.0
O=P(O)(O)O[C@H]1[C@H](O)CO[C@@H]2[C@H](O)[C@H](CO)[C@H](O)N21,O=C(O)CC[C@@H]1[C@H](O)N2[C@@H](OP(=O)(O)O)[C@H](O)CO[C@@H]2[C@@H]1O,[*]CO,[*]CCC(=O)O,[*:1]-[CH2]-[OH1]>>[*:1]-[CH2]-[CH2]-[CH0](=[OH0])-[OH1],17,-2.3850999999999987,343.0668324059999,0.2935498916395635,4.902445577047345,0.0016278009806637,-0.1475544229526546,5,55,-6.1,-5.1
O=P(O)(O)O[C@H]1[C@H](O)CO[C@@H]2[C@H](O)[C@H](CO)[C@H](O)N21,O=P(O)(O)O[C@H]1[C@H](O)CO[C@@H]2[C@H](O)[C@H](N3CCCCC3)[C@H](O)N12,[*]CO,[*]N1CCCCC1,[*:1]-[CH2]-[OH1]>>[*:1]-[NH0]1-[CH2]-[CH2]-[CH2]-[CH2]-[CH2]-1,11,-2.011599999999998,354.11920232599994,0.3606608892520025,4.839633762444123,0.0687387985931027,-0.2103662375558768,5,56,-6.1,-3.7
O=P(O)(O)O[C@H]1[C@H](O)CO[C@@H]2[C@H](O)[C@H](CO)[C@H](O)N21,COC(=O)[C@@H]1[C@H](O)N2[C@@H](OP(=O)(O)O)[C@H](O)CO[C@@H]2[C@@H]1O,[*]CO,[*]C(=O)OC,[*:1]-[CH2]-[OH1]>>[*:1]-[CH0](=[OH0])-[OH0]-[CH3],219,-3.076899999999997,329.0511823419999,0.2630769999571606,4.974901885626736,-0.0288450907017391,-0.0750981143732643,5,57,-6.1,-4.7
O=P(O)(O)O[C@H]1[C@H](O)CO[C@@H]2[C@H](O)[C@H](CO)[C@H](O)N21,O=P(O)(O)O[C@H]1[C@H](O)CO[C@@H]2[C@H](O)[C@H](Cc3ccccc3)[C@H](O)N12,[*]CO,[*]Cc1ccccc1,[*:1]-[CH2]-[OH1]>>[*:1]-[CH2]-[cH0]1:[cH1]:[cH1]:[cH1]:[cH1]:[cH1]:1,42,-1.0072,361.0926532299999,0.4268743639762646,4.5406349852685,0.1349522733173648,-0.5093650147314994,5,58,-6.1,-4.0
O=P(O)(O)O[C@H]1[C@H](O)CO[C@@H]2[C@H](O)[C@H](CO)[C@H](O)N21,O=P(O)(O)O[C@H]1[C@H](O)CO[C@@H]2[C@H](O)[C@H](CNC3CC3)[C@H](O)N12,[*]CO,[*]CNC1CC1,[*:1]-[CH2]-[OH1]>>[*:1]-[CH2]-[NH1]-[CH1]1-[CH2]-[CH2]-1,10,-2.497899999999998,340.10355226199994,0.2962579308605901,4.974826771130879,0.0043358402016903,-0.0751732288691213,5,59,-6.1,-3.3
O=P(O)(O)O[C@H]1[C@H](O)CO[C@@H]2[C@H](O)[C@H](CO)[C@H](O)N21,CC(O)[C@@H]1[C@H](O)N2[C@@H](OP(=O)(O)O)[C@H](O)CO[C@@H]2[C@@H]1O,[*]CO,[*]C(C)O,[*:1]-[CH2]-[OH1]>>[*:1]-[CH1](-[CH3])-[OH1],90,-2.869099999999998,315.071917786,0.2986693807882374,5.22939009690691,0.0067472901293376,0.1793900969069097,5,60,-6.1,-5.2
O=P(O)(O)O[C@H]1[C@H](O)CO[C@@H]2[C@H](O)[C@H](CO)[C@H](O)N21,CS[C@@H]1[C@H](O)N2[C@@H](OP(=O)(O)O)[C@H](O)CO[C@@H]2[C@@H]1O,[*]CO,[*]SC,[*:1]-[CH2]-[OH1]>>[*:1]-[SH0]-[CH3],29,-2.134500000000001,317.033424102,0.3664302652958525,5.290113306621182,0.0745081746369527,0.2401133066211818,5,61,-6.1,-4.9
O=P(O)(O)O[C@H]1[C@H](O)CO[C@@H]2[C@H](O)[C@H](CO)[C@H](O)N21,O=P(O)(O)O[C@H]1[C@H](O)CO[C@@H]2[C@H](O)[C@H](c3ccc(F)cc3)[C@H](O)N12,[*]CO,[*]c1ccc(F)cc1,[*:1]-[CH2]-[OH1]>>[*:1]-[cH0]1:[cH1]:[cH1]:[cH0](-[FH0]):[cH1]:[cH1]:1,16,-0.9432000000000004,365.0675813539999,0.429234167973582,4.636955060577806,0.1373120773146822,-0.4130449394221935,5,62,-6.1,-3.0
O=P(O)(O)O[C@H]1[C@H](O)CO[C@@H]2[C@H](O)[C@H](CO)[C@H](O)N21,O=P(O)(O)O[C@H]1[C@H](O)CO[C@@H]2[C@H](O)[C@H](C3CCCCC3)[C@H](O)N12,[*]CO,[*]C1CCCCC1,[*:1]-[CH2]-[OH1]>>[*:1]-[CH1]1-[CH2]-[CH2]-[CH2]-[CH2]-[CH2]-1,11,-0.6696,353.1239533579999,0.417867632748846,4.838818377828739,0.1259455420899462,-0.211181622171261,5,63,-6.1,-3.9
O=P(O)(O)O[C@H]1[C@H](O)CO[C@@H]2[C@H](O)[C@H](CO)[C@H](O)N21,CS(=O)(=O)N[C@@H]1[C@H](O)N2[C@@H](OP(=O)(O)O)[C@H](O)CO[C@@H]2[C@@H]1O,[*]CO,[*]NS(C)(=O)=O,[*:1]-[CH2]-[OH1]>>[*:1]-[NH1]-[SH0](-[CH3])(=[OH0])=[OH0],59,-3.9482999999999966,364.0341523739999,0.2673304770012223,5.02271416562755,-0.0245916136576774,-0.0272858343724502,5,64,-6.1,-4.1
O=P(O)(O)O[C@H]1[C@H](O)CO[C@@H]2[C@H](O)[C@H](CO)[C@H](O)N21,O=P(O)(O)O[C@H]1[C@H](O)CO[C@@H]2[C@H](O)[C@H](CN3CCNCC3)[C@H](O)N12,[*]CO,[*]CN1CCNCC1,[*:1]-[CH2]-[OH1]>>[*:1]-[CH2]-[NH0]1-[CH2]-[CH2]-[NH1]-[CH2]-[CH2]-1,11,-3.344699999999994,369.1301013579999,0.2754405471753681,4.908875544709058,-0.0164815434835316,-0.1411244552909414,5,65,-6.1,-5.1
O=P(O)(O)O[C@H]1[C@H](O)CO[C@@H]2[C@H](O)[C@H](CO)[C@H](O)N21,CS(=O)(=O)C[C@@H]1[C@H](O)N2[C@@H](OP(=O)(O)O)[C@H](O)CO[C@@H]2[C@@H]1O,[*]CO,[*]CS(C)(=O)=O,[*:1]-[CH2]-[OH1]>>[*:1]-[CH2]-[SH0](-[CH3])(=[OH0])=[OH0],19,-3.205299999999997,363.0389034059999,0.3180558021115248,5.086336027975728,0.026133711452625,0.0363360279757278,5,66,-6.1,-3.5
O=P(O)(O)O[C@H]1[C@H](O)CO[C@@H]2[C@H](O)[C@H](CO)[C@H](O)N21,CN1CCN(C[C@@H]2[C@H](O)N3[C@@H](OP(=O)(O)O)[C@H](O)CO[C@@H]3[C@@H]2O)CC1,[*]CO,[*]CN1CCN(C)CC1,[*:1]-[CH2]-[OH1]>>[*:1]-[CH2]-[NH0]1-[CH2]-[CH2]-[NH0](-[CH3])-[CH2]-[CH2]-1,33,-3.0024999999999946,383.14575142199993,0.3165022829187563,4.762622730495025,0.0245801922598565,-0.287377269504975,5,67,-6.1,-4.7
O=P(O)(O)O[C@H]1[C@H](O)CO[C@@H]2[C@H](O)[C@H](CO)[C@H](O)N21,CCOC(=O)[C@@H]1[C@H](O)N2[C@@H](OP(=O)(O)O)[C@H](O)CO[C@@H]2[C@@H]1O,[*]CO,[*]C(=O)OCC,[*:1]-[CH2]-[OH1]>>[*:1]-[CH0](=[OH0])-[OH0]-[CH2]-[CH3],107,-2.6867999999999976,343.0668324059999,0.2663595527447628,4.882731518691909,-0.0255625379141369,-0.1672684813080911,5,68,-6.1,-5.2
O=P(O)(O)O[C@H]1[C@H](O)CO[C@@H]2[C@H](O)[C@H](CO)[C@H](O)N21,COC(=O)C[C@@H]1[C@H](O)N2[C@@H](OP(=O)(O)O)[C@H](O)CO[C@@H]2[C@@H]1O,[*]CO,[*]CC(=O)OC,[*:1]-[CH2]-[OH1]>>[*:1]-[CH2]-[CH0](=[OH0])-[OH0]-[CH3],18,-2.6867999999999976,343.0668324059999,0.2663595527447628,4.902498096941246,-0.0255625379141369,-0.1475019030587541,5,69,-6.1,-5.4
O=P(O)(O)O[C@H]1[C@H](O)CO[C@@H]2[C@H](O)[C@H](CO)[C@H](O)N21,O=P(O)(O)O[C@H]1[C@H](O)CO[C@@H]2[C@H](O)[C@H](CN3CCCCC3)[C@H](O)N12,[*]CO,[*]CN1CCCCC1,[*:1]-[CH2]-[OH1]>>[*:1]-[CH2]-[NH0]1-[CH2]-[CH2]-[CH2]-[CH2]-[CH2]-1,19,-1.7639999999999982,368.13485238999993,0.3619706351058965,4.732162957296471,0.0700485444469967,-0.3178370427035286,5,70,-6.1,-4.0
O=P(O)(O)O[C@H]1[C@H](O)CO[C@@H]2[C@H](O)[C@H](CO)[C@H](O)N21,O=P(O)(O)O[C@H]1[C@H](O)CO[C@@H]2[C@H](O)[C@H](OC(F)(F)F)[C@H](O)N12,[*]CO,[*]OC(F)(F)F,[*:1]-[CH2]-[OH1]>>[*:1]-[OH0]-[CH0](-[FH0])(-[FH0])-[FH0],46,-1.9611,355.02800228599995,0.3612340396436522,5.150992708137672,0.0693119489847524,0.1009927081376718,5,71,-6.1,-5.5
O=P(O)(O)O[C@H]1[C@H](O)CO[C@@H]2[C@H](O)[C@H](CO)[C@H](O)N21,CCOC(=O)C[C@@H]1[C@H](O)N2[C@@H](OP(=O)(O)O)[C@H](O)CO[C@@H]2[C@@H]1O,[*]CO,[*]CC(=O)OCC,[*:1]-[CH2]-[OH1]>>[*:1]-[CH2]-[CH0](=[OH0])-[OH0]-[CH2]-[CH3],26,-2.296699999999998,357.0824824699999,0.2651938072365358,4.8293842218208125,-0.0267282834223639,-0.2206157781791873,5,72,-6.1,-4.0
O=P(O)(O)O[C@H]1[C@H](O)CO[C@@H]2[C@H](O)[C@H](CO)[C@H](O)N21,O=P(O)(O)O[C@H]1[C@H](O)CO[C@@H]2[C@H](O)[C@H](C3CCOCC3)[C@H](O)N12,[*]CO,[*]C1CCOCC1,[*:1]-[CH2]-[OH1]>>[*:1]-[CH1]1-[CH2]-[CH2]-[OH0]-[CH2]-[CH2]-1,19,-1.8232999999999997,355.1032179139999,0.3661781825324861,5.013501894312255,0.0742560918735863,-0.0364981056877447,5,73,-6.1,-5.0
O=P(O)(O)O[C@H]1[C@H](O)CO[C@@H]2[C@H](O)[C@H](CO)[C@H](O)N21,O=P(O)(O)O[C@H]1[C@H](O)CO[C@@H]2[C@H](O)[C@H](CCl)[C@H](O)N12,[*]CO,[*]CCl,[*:1]-[CH2]-[OH1]>>[*:1]-[CH2]-[ClH0],22,-2.0111000000000003,319.02238075,0.2945959312397181,5.192204383544258,0.0026738405808183,0.1422043835442581,5,74,-6.1,-5.2
O=P(O)(O)O[C@H]1[C@H](O)CO[C@@H]2[C@H](O)[C@H](CO)[C@H](O)N21,CN(C)CCO[C@@H]1[C@H](O)N2[C@@H](OP(=O)(O)O)[C@H](O)CO[C@@H]2[C@@H]1O,[*]CO,[*]OCCN(C)C,[*:1]-[CH2]-[OH1]>>[*:1]-[OH0]-[CH2]-[CH2]-[NH0](-[CH3])-[CH3],15,-2.919299999999996,358.1141169459999,0.3104339559709897,4.923347399626613,0.0185118653120899,-0.1266526003733865,5,75,-6.1,-4.2
O=P(O)(O)O[C@H]1[C@H](O)CO[C@@H]2[C@H](O)[C@H](CO)[C@H](O)N21,CCN(CC)C[C@@H]1[C@H](O)N2[C@@H](OP(=O)(O)O)[C@H](O)CO[C@@H]2[C@@H]1O,[*]CO,[*]CN(CC)CC,[*:1]-[CH2]-[OH1]>>[*:1]-[CH2]-[NH0](-[CH2]-[CH3])-[CH2]-[CH3],16,-1.908099999999998,356.13485238999993,0.3421263664019788,4.940616504292438,0.050204275743079,-0.1093834957075614,5,76,-6.1,-5.3
O=P(O)(O)O[C@H]1[C@H](O)CO[C@@H]2[C@H](O)[C@H](CO)[C@H](O)N21,CC(C)NC[C@@H]1[C@H](O)N2[C@@H](OP(=O)(O)O)[C@H](O)CO[C@@H]2[C@@H]1O,[*]CO,[*]CNC(C)C,[*:1]-[CH2]-[OH1]>>[*:1]-[CH2]-[NH1]-[CH1](-[CH3])-[CH3],12,-2.251899999999998,342.11920232599994,0.3021335392172726,5.022045311795356,0.0102114485583728,-0.0279546882046437,5,77,-6.1,-4.2
O=P(O)(O)O[C@H]1[C@H](O)CO[C@@H]2[C@H](O)[C@H](CO)[C@H](O)N21,CCN(CC)C(=O)[C@@H]1[C@H](O)N2[C@@H](OP(=O)(O)O)[C@H](O)CO[C@@H]2[C@@H]1O,[*]CO,[*]C(=O)N(CC)CC,[*:1]-[CH2]-[OH1]>>[*:1]-[CH0](=[OH0])-[NH0](-[CH2]-[CH3])-[CH2]-[CH3],11,-2.3814999999999977,370.1141169459999,0.3305813361818395,4.895548771482286,0.0386592455229397,-0.1544512285177139,5,78,-6.1,-3.8
O=P(O)(O)O[C@H]1[C@H](O)CO[C@@H]2[C@H](O)[C@H](CO)[C@H](O)N21,CC(=O)OC[C@@H]1[C@H](O)N2[C@@H](OP(=O)(O)O)[C@H](O)CO[C@@H]2[C@@H]1O,[*]CO,[*]COC(C)=O,[*:1]-[CH2]-[OH1]>>[*:1]-[CH2]-[OH0]-[CH0](-[CH3])=[OH0],72,-2.6867999999999976,343.0668324059999,0.2663595527447628,4.918535762723739,-0.0255625379141369,-0.1314642372762611,5,79,-6.1,-4.8
O=P(O)(O)O[C@H]1[C@H](O)CO[C@@H]2[C@H](O)[C@H](CO)[C@H](O)N21,CS(=O)(=O)NC[C@@H]1[C@H](O)N2[C@@H](OP(=O)(O)O)[C@H](O)CO[C@@H]2[C@@H]1O,[*]CO,[*]CNS(C)(=O)=O,[*:1]-[CH2]-[OH1]>>[*:1]-[CH2]-[NH1]-[SH0](-[CH3])(=[OH0])=[OH0],16,-3.700699999999996,378.049802438,0.2585199945957258,5.001208597608958,-0.0334020960631739,-0.0487914023910418,5,80,-6.1,-4.9
O=P(O)(O)O[C@H]1[C@H](O)CO[C@@H]2[C@H](O)[C@H](CO)[C@H](O)N21,O=C(NCCO)[C@@H]1[C@H](O)N2[C@@H](OP(=O)(O)O)[C@H](O)CO[C@@H]2[C@@H]1O,[*]CO,[*]C(=O)NCCO,[*:1]-[CH2]-[OH1]>>[*:1]-[CH0](=[OH0])-[NH1]-[CH2]-[CH2]-[OH1],30,-4.141399999999996,358.07773143799994,0.2362427996881656,4.909744120938088,-0.0556792909707341,-0.1402558790619119,5,81,-6.1,-4.0
O=P(O)(O)O[C@H]1[C@H](O)CO[C@@H]2[C@H](O)[C@H](CO)[C@H](O)N21,O=P(O)(O)O[C@H]1[C@H](O)CO[C@@H]2[C@H](O)[C@H](Cn3ccnc3)[C@H](O)N12,[*]CO,[*]Cn1ccnc1,[*:1]-[CH2]-[OH1]>>[*:1]-[CH2]-[nH0]1:[cH1]:[cH1]:[nH0]:[cH1]:1,11,-2.353199999999999,351.0831511659999,0.3718097607906171,5.043051344861706,0.0798876701317173,-0.0069486551382942,5,82,-6.1,-5.5
O=P(O)(O)O[C@H]1[C@H](O)CO[C@@H]2[C@H](O)[C@H](CO)[C@H](O)N21,O=P(O)(O)O[C@H]1[C@H](O)CO[C@@H]2[C@H](O)[C@H](c3ccccc3)[C@H](O)N12,[*]CO,[*]c1ccccc1,[*:1]-[CH2]-[OH1]>>[*:1]-[cH0]1:[cH1]:[cH1]:[cH1]:[cH1]:[cH1]:1,93,-1.0823000000000005,347.0770031659999,0.4317956626154069,4.606970026180387,0.1398735719565071,-0.4430299738196126,5,83,-6.1,-2.4
O=P(O)(O)O[C@H]1[C@H](O)CO[C@@H]2[C@H](O)[C@H](CO)[C@H](O)N21,CCC(O)[C@@H]1[C@H](O)N2[C@@H](OP(=O)(O)O)[C@H](O)CO[C@@H]2[C@@H]1O,[*]CO,[*]C(O)CC,[*:1]-[CH2]-[OH1]>>[*:1]-[CH1](-[OH1])-[CH2]-[CH3],11,-2.478999999999999,329.0875678499999,0.3047267336469625,5.268033952071364,0.0128046429880627,0.2180339520713641,5,84,-6.1,-4.5
O=P(O)(O)O[C@H]1[C@H](O)CO[C@@H]2[C@H](O)[C@H](CO)[C@H](O)N21,O=P(O)(O)O[C@H]1[C@H](O)CO[C@@H]2[C@H](O)[C@H](CCc3ccccc3)[C@H](O)N12,[*]CO,[*]CCc1ccccc1,[*:1]-[CH2]-[OH1]>>[*:1]-[CH2]-[CH2]-[cH0]1:[cH1]:[cH1]:[cH1]:[cH1]:[cH1]:1,12,-0.6171000000000002,375.1083032939999,0.4261052519915966,4.51727460930675,0.1341831613326968,-0.5327253906932494,5,85,-6.1,-5.1
O=P(O)(O)O[C@H]1[C@H](O)CO[C@@H]2[C@H](O)[C@H](CO)[C@H](O)N21,O=P(O)(O)O[C@H]1[C@H](O)CO[C@@H]2[C@H](O)[C@H](COc3ccccc3)[C@H](O)N12,[*]CO,[*]COc1ccccc1,[*:1]-[CH2]-[OH1]>>[*:1]-[CH2]-[OH0]-[cH0]1:[cH1]:[cH1]:[cH1]:[cH1]:[cH1]:1,14,-1.1709000000000005,377.0875678499999,0.397344491997387,4.5223294588050775,0.1054224013384871,-0.5276705411949223,5,86,-6.1,-4.6
O=P(O)(O)O[C@H]1[C@H](O)CO[C@@H]2[C@H](O)[C@H](CO)[C@H](O)N21,CC(C)(C)OC(=O)N[C@@H]1[C@H](O)N2[C@@H](OP(=O)(O)O)[C@H](O)CO[C@@H]2[C@@H]1O,[*]CO,[*]NC(=O)OC(C)(C)C,[*:1]-[CH2]-[OH1]>>[*:1]-[NH1]-[CH0](=[OH0])-[OH0]-[CH0](-[CH3])(-[CH3])-[CH3],11,-1.972799999999999,386.109031566,0.2962978899053269,4.795042841876857,0.0043757992464271,-0.2549571581231431,5,87,-6.1,-3.5
O=P(O)(O)O[C@H]1[C@H](O)CO[C@@H]2[C@H](O)[C@H](CO)[C@H](O)N21,O=P(O)(O)O[C@H]1[C@H](O)CO[C@@H]2[C@H](O)[C@H](c3ccccn3)[C@H](O)N12,[*]CO,[*]c1ccccn1,[*:1]-[CH2]-[OH1]>>[*:1]-[cH0]1:[cH1]:[cH1]:[cH1]:[cH1]:[nH0]:1,18,-1.6873000000000005,348.07225213399994,0.4000147492806942,4.855730465740828,0.1080926586217944,-0.1942695342591722,5,88,-6.1,-3.0
O=P(O)(O)O[C@H]1[C@H](O)CO[C@@H]2[C@H](O)[C@H](CO)[C@H](O)N21,COCCO[C@@H]1[C@H](O)N2[C@@H](OP(=O)(O)O)[C@H](O)CO[C@@H]2[C@@H]1O,[*]CO,[*]OCCOC,[*:1]-[CH2]-[OH1]>>[*:1]-[OH0]-[CH2]-[CH2]-[OH0]-[CH3],24,-2.834499999999996,345.0824824699999,0.2493311054815323,4.902535767219535,-0.0425909851773674,-0.1474642327804645,5,89,-6.1,-4.5
O=P(O)(O)O[C@H]1[C@H](O)CO[C@@H]2[C@H](O)[C@H](CO)[C@H](O)N21,CN(C)CCNC(=O)[C@@H]1[C@H](O)N2[C@@H](OP(=O)(O)O)[C@H](O)CO[C@@H]2[C@@H]1O,[*]CO,[*]C(=O)NCCN(C)C,[*:1]-[CH2]-[OH1]>>[*:1]-[CH0](=[OH0])-[NH1]-[CH2]-[CH2]-[NH0](-[CH3])-[CH3],12,-3.572099999999995,385.1250159779999,0.249755942881607,4.834589781091489,-0.0421661477772928,-0.2154102189085112,5,90,-6.1,-3.5
O=P(O)(O)O[C@H]1[C@H](O)CO[C@@H]2[C@H](O)[C@H](CO)[C@H](O)N21,O=P(O)(O)O[C@H]1[C@H](O)CO[C@@H]2[C@H](O)[C@H](C(O)CO)[C@H](O)N12,[*]CO,[*]C(O)CO,[*:1]-[CH2]-[OH1]>>[*:1]-[CH1](-[OH1])-[CH2]-[OH1],10,-3.896699999999998,331.0668324059999,0.2501488136608103,5.293468077945491,-0.0417732769980894,0.2434680779454909,5,91,-6.1,-4.8
O=P(O)(O)O[C@H]1[C@H](O)CO[C@@H]2[C@H](O)[C@H](CO)[C@H](O)N21,O=P(O)(O)O[C@H]1[C@H](O)CO[C@@H]2[C@H](O)[C@H](c3ccncc3)[C@H](O)N12,[*]CO,[*]c1ccncc1,[*:1]-[CH2]-[OH1]>>[*:1]-[cH0]1:[cH1]:[cH1]:[nH0]:[cH1]:[cH1]:1,25,-1.6873000000000005,348.07225213399994,0.4000147492806942,4.8360403558507175,0.1080926586217944,-0.2139596441492823,5,92,-6.1,-3.9
O=P(O)(O)O[C@H]1[C@H](O)CO[C@@H]2[C@H](O)[C@H](CO)[C@H](O)N21,COCCNC(=O)[C@@H]1[C@H](O)N2[C@@H](OP(=O)(O)O)[C@H](O)CO[C@@H]2[C@@H]1O,[*]CO,[*]C(=O)NCCOC,[*:1]-[CH2]-[OH1]>>[*:1]-[CH0](=[OH0])-[NH1]-[CH2]-[CH2]-[OH0]-[CH3],10,-3.4872999999999963,372.093381502,0.2013298689665438,4.815195234394373,-0.0905922216923559,-0.2348047656056264,5,93,-6.1,-4.8
O=P(O)(O)O[C@H]1[C@H](O)CO[C@@H]2[C@H](O)[C@H](CO)[C@H](O)N21,O=P(O)(O)O[C@H]1[C@H](O)CO[C@@H]2[C@H](O)[C@H](Oc3ccccc3)[C@H](O)N12,[*]CO,[*]Oc1ccccc1,[*:1]-[CH2]-[OH1]>>[*:1]-[OH0]-[cH0]1:[cH1]:[cH1]:[cH1]:[cH1]:[cH1]:1,12,-1.4185,363.0719177859999,0.4035378403455168,4.564341278974794,0.111615749686617,-0.4856587210252057,5,94,-6.1,-5.3
O=P(O)(O)O[C@H]1[C@H](O)CO[C@@H]2[C@H](O)[C@H](CO)[C@H](O)N21,O=P(O)(O)O[C@H]1[C@H](O)CO[C@@H]2[C@H](O)[C@H](c3cccnc3)[C@H](O)N12,[*]CO,[*]c1cccnc1,[*:1]-[CH2]-[OH1]>>[*:1]-[cH0]1:[cH1]:[cH1]:[cH1]:[nH0]:[cH1]:1,22,-1.6873000000000005,348.07225213399994,0.4000147492806942,4.838598597608958,0.1080926586217944,-0.2114014023910417,5,95,-6.1,-2.5
O=P(O)(O)O[C@H]1[C@H](O)CO[C@@H]2[C@H](O)[C@H](CO)[C@H](O)N21,O=P(O)(O)O[C@H]1[C@H](O)CO[C@@H]2[C@H](O)[C@H](OCc3ccccc3)[C@H](O)N12,[*]CO,[*]OCc1ccccc1,[*:1]-[CH2]-[OH1]>>[*:1]-[OH0]-[CH2]-[cH0]1:[cH1]:[cH1]:[cH1]:[cH1]:[cH1]:1,20,-1.2807000000000006,377.0875678499999,0.3927787723435788,4.478487318336851,0.100856681684679,-0.5715126816631484,5,96,-6.1,-4.5
O=P(O)(O)O[C@H]1[C@H](O)CO[C@@H]2[C@H](O)[C@H](CO)[C@H](O)N21,Cn1cc([C@@H]2[C@H](O)N3[C@@H](OP(=O)(O)O)[C@H](O)CO[C@@H]3[C@@H]2O)cn1,[*]CO,[*]c1cnn(C)c1,[*:1]-[CH2]-[OH1]>>[*:1]-[cH0]1:[cH1]:[nH0]:[nH0](-[CH3]):[cH1]:1,17,-2.3487999999999998,351.0831511659999,0.3734013329611149,5.098401078998537,0.0814792423022151,0.0484010789985367,5,97,-6.1,-1.9
O=P(O)(O)O[C@H]1[C@H](O)CO[C@@H]2[C@H](O)[C@H](CO)[C@H](O)N21,O=P(O)(O)O[C@H]1[C@H](O)CO[C@@H]2[C@H](O)[C@H](c3nnn[nH]3)[C@H](O)N12,[*]CO,[*]c1nnn[nH]1,[*:1]-[CH2]-[OH1]>>[*:1]-[cH0]1:[nH0]:[nH0]:[nH0]:[nH1]:1,10,-3.569199999999998,339.0579990379999,0.2969042604760329,5.395839104898806,0.0049821698171331,0.3458391048988058,5,98,-6.1,-5.1
O=P(O)(O)O[C@H]1[C@H](O)CO[C@@H]2[C@H](O)[C@H](CO)[C@H](O)N21,O=P(O)(O)O[C@H]1[C@H](O)CO[C@@H]2[C@H](O)[C@H](COCCO)[C@H](O)N12,[*]CO,[*]COCCO,[*:1]-[CH2]-[OH1]>>[*:1]-[CH2]-[OH0]-[CH2]-[CH2]-[OH1],10,-3.240999999999997,345.0824824699999,0.2111334122850471,4.99091412445552,-0.0807886783738526,-0.05908587554448,5,99,-6.1,-4.9
CCC[C@H]1SC=NC(=O)[C@@]1(O)COP(=O)(O)O,NC(=O)[C@H]1SC=NC(=O)[C@@]1(O)COP(=O)(O)O,[*]CCC,[*]C(N)=O,[*:1]-[CH2]-[CH2]-[CH3]>>[*:1]-[CH0](-[NH2])=[OH0],10,-2.0176,283.986808258,0.4302974296785324,4.771035871592257,-0.1906950010824092,0.081035871592257,6,0,-5.1,-6.0
CCC[C@H]1SC=NC(=O)[C@@]1(O)COP(=O)(O)O,CO[C@H]1SC=NC(=O)[C@@]1(O)COP(=O)(O)O,[*]CCC,[*]OC,[*:1]-[CH2]-[CH2]-[CH3]>>[*:1]-[OH0]-[CH3],143,-0.8990000000000002,270.99155929,0.561546387448281,4.885576806059073,-0.0594460433126606,0.1955768060590728,6,1,-5.1,-5.3
CCC[C@H]1SC=NC(=O)[C@@]1(O)COP(=O)(O)O,CN(C)[C@H]1SC=NC(=O)[C@@]1(O)COP(=O)(O)O,[*]CCC,[*]N(C)C,[*:1]-[CH2]-[CH2]-[CH3]>>[*:1]-[NH0](-[CH3])-[CH3],33,-0.9838000000000005,284.023193766,0.5632004066468381,4.852699857606243,-0.0577920241141035,0.1626998576062428,6,2,-5.1,-5.0
CCC[C@H]1SC=NC(=O)[C@@]1(O)COP(=O)(O)O,O=C1N=CS[C@H](CO)[C@]1(O)COP(=O)(O)O,[*]CCC,[*]CO,[*:1]-[CH2]-[CH2]-[CH3]>>[*:1]-[CH2]-[OH1],44,-1.5106000000000002,270.99155929,0.4527983224403086,4.835341641223908,-0.168194108320633,0.1453416412239079,6,3,-5.1,-6.4
CCC[C@H]1SC=NC(=O)[C@@]1(O)COP(=O)(O)O,CC[C@H]1SC=NC(=O)[C@@]1(O)COP(=O)(O)O,[*]CCC,[*]CC,[*:1]-[CH2]-[CH2]-[CH3]>>[*:1]-[CH2]-[CH3],972,-0.0929,269.012294734,0.6102928410694689,4.795952630234897,-0.0106995896914727,0.1059526302348965,6,4,-5.1,-5.4
CCC[C@H]1SC=NC(=O)[C@@]1(O)COP(=O)(O)O,CN[C@H]1SC=NC(=O)[C@@]1(O)COP(=O)(O)O,[*]CCC,[*]NC,[*:1]-[CH2]-[CH2]-[CH3]>>[*:1]-[NH1]-[CH3],10,-1.3260000000000003,270.007543702,0.4626304245849755,4.941624058806326,-0.1583620061759661,0.2516240588063256,6,5,-5.1,-5.4
CCC[C@H]1SC=NC(=O)[C@@]1(O)COP(=O)(O)O,O=C1N=CS[C@H](CF)[C@]1(O)COP(=O)(O)O,[*]CCC,[*]CF,[*:1]-[CH2]-[CH2]-[CH3]>>[*:1]-[CH2]-[FH0],10,-0.5333999999999999,272.987222858,0.5891309350949473,4.991183399465666,-0.0318614956659943,0.3011833994656658,6,6,-5.1,-6.1
CCC[C@H]1SC=NC(=O)[C@@]1(O)COP(=O)(O)O,CCO[C@H]1SC=NC(=O)[C@@]1(O)COP(=O)(O)O,[*]CCC,[*]OCC,[*:1]-[CH2]-[CH2]-[CH3]>>[*:1]-[OH0]-[CH2]-[CH3],79,-0.5089000000000001,285.007209354,0.5765937412407142,4.783329857606243,-0.0443986895202275,0.0933298576062426,6,7,-5.1,-6.0
CCC[C@H]1SC=NC(=O)[C@@]1(O)COP(=O)(O)O,O=C1N=CS[C@H](C2CC2)[C@]1(O)COP(=O)(O)O,[*]CCC,[*]C1CC1,[*:1]-[CH2]-[CH2]-[CH3]>>[*:1]-[CH1]1-[CH2]-[CH2]-1,182,-0.0929,281.012294734,0.616250987938634,4.73194216529855,-0.0047414428223077,0.0419421652985496,6,8,-5.1,-6.3
CCC[C@H]1SC=NC(=O)[C@@]1(O)COP(=O)(O)O,COC[C@H]1SC=NC(=O)[C@@]1(O)COP(=O)(O)O,[*]CCC,[*]COC,[*:1]-[CH2]-[CH2]-[CH3]>>[*:1]-[CH2]-[OH0]-[CH3],69,-0.8565000000000003,285.007209354,0.5572270028822331,4.762468319144704,-0.0637654278787085,0.0724683191447033,6,9,-5.1,-5.4
CCC[C@H]1SC=NC(=O)[C@@]1(O)COP(=O)(O)O,CN(C)C[C@H]1SC=NC(=O)[C@@]1(O)COP(=O)(O)O,[*]CCC,[*]CN(C)C,[*:1]-[CH2]-[CH2]-[CH3]>>[*:1]-[CH2]-[NH0](-[CH3])-[CH3],13,-0.9413,298.03884383,0.5562167334123825,4.718611140382807,-0.0647756973485591,0.0286111403828064,6,10,-5.1,-5.2
CCC[C@H]1SC=NC(=O)[C@@]1(O)COP(=O)(O)O,CC(=O)N[C@H]1SC=NC(=O)[C@@]1(O)COP(=O)(O)O,[*]CCC,[*]NC(C)=O,[*:1]-[CH2]-[CH2]-[CH3]>>[*:1]-[NH1]-[CH0](-[CH3])=[OH0],14,-1.4093000000000009,298.002458322,0.46303827917984,4.68562488833698,-0.1579541515811016,-0.0043751116630206,6,11,-5.1,-5.0
CCC[C@H]1SC=NC(=O)[C@@]1(O)COP(=O)(O)O,CCC[C@H]1SC=NC(=O)[C@@]1(O)C(=O)OP(=O)(O)O,[*]C[*],[*]C([*])=O,[*:1]-[CH2]-[*:2]>>[*:1]-[CH0](-[*:2])=[OH0],901,-0.1762,297.007209354,0.480532809045619,4.745036672297699,-0.1404596217153226,0.0550366722976987,6,12,-5.1,-4.9
CCC[C@H]1SC=NC(=O)[C@@]1(O)COP(=O)(O)O,CCC(=O)[C@H]1SC=NC(=O)[C@@]1(O)COP(=O)(O)O,[*]C[*],[*]C([*])=O,[*:1]-[CH2]-[*:2]>>[*:1]-[CH0](-[*:2])=[OH0],901,-0.5238,297.007209354,0.5768859735891466,4.727575788500645,-0.044106457171795,0.0375757885006446,6,13,-5.1,-5.4
CCC[C@H]1SC=NC(=O)[C@@]1(O)COP(=O)(O)O,CC(C)[C@H]1SC=NC(=O)[C@@]1(O)COP(=O)(O)O,[*]CCC,[*]C(C)C,[*:1]-[CH2]-[CH2]-[CH3]>>[*:1]-[CH1](-[CH3])-[CH3],476,0.1530999999999999,283.027944798,0.628739183710542,4.754684822641208,0.0077467529496003,0.0646848226412073,6,14,-5.1,-5.5
CCC[C@H]1SC=NC(=O)[C@@]1(O)COP(=O)(O)O,N#CC[C@H]1SC=NC(=O)[C@@]1(O)COP(=O)(O)O,[*]CCC,[*]CC#N,[*:1]-[CH2]-[CH2]-[CH3]>>[*:1]-[CH2]-[CH0]#[NH0],15,-0.5892200000000001,279.991893638,0.5802341526189115,4.948385242221627,-0.0407582781420301,0.2583852422216264,6,15,-5.1,-6.2
CCC[C@H]1SC=NC(=O)[C@@]1(O)COP(=O)(O)O,O=C1N=CS[C@H](CCO)[C@]1(O)COP(=O)(O)O,[*]CCC,[*]CCO,[*:1]-[CH2]-[CH2]-[CH3]>>[*:1]-[CH2]-[CH2]-[OH1],59,-1.1205000000000005,285.007209354,0.4661118725136281,4.7933852422216265,-0.1548805582473135,0.1033852422216261,6,16,-5.1,-6.5
CCC[C@H]1SC=NC(=O)[C@@]1(O)COP(=O)(O)O,O=C1N=CS[C@H](C(F)F)[C@]1(O)COP(=O)(O)O,[*]CCC,[*]C(F)F,[*:1]-[CH2]-[CH2]-[CH3]>>[*:1]-[CH1](-[FH0])-[FH0],12,-0.2378,290.977801046,0.6120033057386882,4.963362095368481,-0.0089891250222534,0.2733620953684808,6,17,-5.1,-5.4
CCC[C@H]1SC=NC(=O)[C@@]1(O)COP(=O)(O)O,O=C1N=CS[C@H](N2CCCC2)[C@]1(O)COP(=O)(O)O,[*]CCC,[*]N1CCCC1,[*:1]-[CH2]-[CH2]-[CH3]>>[*:1]-[NH0]1-[CH2]-[CH2]-[CH2]-[CH2]-1,12,-0.4496,310.03884383,0.597303585909483,4.476073935266534,-0.0236888448514587,-0.2139260647334664,6,18,-5.1,-4.6
CCC[C@H]1SC=NC(=O)[C@@]1(O)COP(=O)(O)O,O=C1N=CS[C@H](C2CCC2)[C@]1(O)COP(=O)(O)O,[*]CCC,[*]C1CCC1,[*:1]-[CH2]-[CH2]-[CH3]>>[*:1]-[CH1]1-[CH2]-[CH2]-[CH2]-1,70,0.2971999999999997,295.027944798,0.6383867021010788,4.625126586372986,0.0173942713401371,-0.0648734136270148,6,19,-5.1,-4.9
CCC[C@H]1SC=NC(=O)[C@@]1(O)COP(=O)(O)O,CC(C)(C)[C@H]1SC=NC(=O)[C@@]1(O)COP(=O)(O)O,[*]CCC,[*]C(C)(C)C,[*:1]-[CH2]-[CH2]-[CH3]>>[*:1]-[CH0](-[CH3])(-[CH3])-[CH3],150,0.5431999999999997,297.043594862,0.6509111417280325,4.755149872326164,0.0299187109670908,0.0651498723261632,6,20,-5.1,-5.4
CCC[C@H]1SC=NC(=O)[C@@]1(O)COP(=O)(O)O,CC(C)O[C@H]1SC=NC(=O)[C@@]1(O)COP(=O)(O)O,[*]CCC,[*]OC(C)C,[*:1]-[CH2]-[CH2]-[CH3]>>[*:1]-[OH0]-[CH1](-[CH3])-[CH3],47,-0.1204000000000001,299.022859418,0.599788942346351,4.768719487354982,-0.0212034884145906,0.0787194873549816,6,21,-5.1,-5.4
CCC[C@H]1SC=NC(=O)[C@@]1(O)COP(=O)(O)O,O=C1N=CS[C@H](C(F)(F)F)[C@]1(O)COP(=O)(O)O,[*]CCC,[*]C(F)(F)F,[*:1]-[CH2]-[CH2]-[CH3]>>[*:1]-[CH0](-[FH0])(-[FH0])-[FH0],135,0.0594,308.96837923399994,0.6310700701605745,4.835331143229173,0.0100776393996327,0.1453311432291721,6,22,-5.1,-6.0
CCC[C@H]1SC=NC(=O)[C@@]1(O)COP(=O)(O)O,O=C1N=CS[C@H](N2CCOCC2)[C@]1(O)COP(=O)(O)O,[*]CCC,[*]N1CCOCC1,[*:1]-[CH2]-[CH2]-[CH3]>>[*:1]-[NH0]1-[CH2]-[CH2]-[OH0]-[CH2]-[CH2]-1,15,-1.2132,326.03375844999994,0.5446922305451426,4.493994735492787,-0.076300200215799,-0.196005264507213,6,23,-5.1,-3.0
CCC[C@H]1SC=NC(=O)[C@@]1(O)COP(=O)(O)O,O=C1N=CS[C@H](CC2CC2)[C@]1(O)COP(=O)(O)O,[*]CCC,[*]CC1CC1,[*:1]-[CH2]-[CH2]-[CH3]>>[*:1]-[CH2]-[CH1]1-[CH2]-[CH2]-1,75,0.2971999999999997,295.027944798,0.62429569758295,4.704211201757602,0.0033032668220083,0.0142112017576012,6,24,-5.1,-4.3
CCC[C@H]1SC=NC(=O)[C@@]1(O)COP(=O)(O)O,O=C1N=CS[C@H](CCF)[C@]1(O)COP(=O)(O)O,[*]CCC,[*]CCF,[*:1]-[CH2]-[CH2]-[CH3]>>[*:1]-[CH2]-[CH2]-[FH0],16,-0.1433000000000001,287.002872922,0.6022308422172956,4.938216011452397,-0.018761588543646,0.2482160114523965,6,25,-5.1,-5.3
CCC[C@H]1SC=NC(=O)[C@@]1(O)COP(=O)(O)O,N#CCC[C@H]1SC=NC(=O)[C@@]1(O)COP(=O)(O)O,[*]CCC,[*]CCC#N,[*:1]-[CH2]-[CH2]-[CH3]>>[*:1]-[CH2]-[CH2]-[CH0]#[NH0],14,-0.19912,294.007543702,0.5919950746399426,4.840644855603754,-0.028997356120999,0.1506448556037538,6,26,-5.1,-6.0
CCC[C@H]1SC=NC(=O)[C@@]1(O)COP(=O)(O)O,CC(C)C[C@H]1SC=NC(=O)[C@@]1(O)COP(=O)(O)O,[*]CCC,[*]CC(C)C,[*:1]-[CH2]-[CH2]-[CH3]>>[*:1]-[CH2]-[CH1](-[CH3])-[CH3],222,0.5431999999999997,297.043594862,0.6340747272111137,4.674580371152036,0.013082296450172,-0.0154196288479644,6,27,-5.1,-5.3
CCC[C@H]1SC=NC(=O)[C@@]1(O)COP(=O)(O)O,CC(C)(C)O[C@H]1SC=NC(=O)[C@@]1(O)COP(=O)(O)O,[*]CCC,[*]OC(C)(C)C,[*:1]-[CH2]-[CH2]-[CH3]>>[*:1]-[OH0]-[CH0](-[CH3])(-[CH3])-[CH3],10,0.2696999999999999,313.03850948199994,0.6314159267318505,4.724490618034316,0.0104234959709088,0.0344906180343151,6,28,-5.1,-3.6
CCC[C@H]1SC=NC(=O)[C@@]1(O)COP(=O)(O)O,CCCO[C@H]1SC=NC(=O)[C@@]1(O)COP(=O)(O)O,[*]CCC,[*]OCCC,[*:1]-[CH2]-[CH2]-[CH3]>>[*:1]-[OH0]-[CH2]-[CH2]-[CH3],32,-0.1188,299.022859418,0.579544903123096,4.698049663296063,-0.0414475276378456,0.0080496632960622,6,29,-5.1,-4.9
CCC[C@H]1SC=NC(=O)[C@@]1(O)COP(=O)(O)O,CC(=O)OC[C@H]1SC=NC(=O)[C@@]1(O)COP(=O)(O)O,[*]C[*],[*]C(=O)O[*],[*:1]-[CH2]-[*:2]>>[*:1]-[CH0](=[OH0])-[OH0]-[*:2],13,-0.9398000000000002,313.0021239739999,0.4324975688668937,4.5948303731363564,-0.1884948618940479,-0.0951696268636439,6,30,-5.1,-4.9
CCC[C@H]1SC=NC(=O)[C@@]1(O)COP(=O)(O)O,COC(=O)C[C@H]1SC=NC(=O)[C@@]1(O)COP(=O)(O)O,[*]C[*],[*]C(=O)O[*],[*:1]-[CH2]-[*:2]>>[*:1]-[CH0](=[OH0])-[OH0]-[*:2],13,-0.9398000000000002,313.0021239739999,0.4324975688668937,4.546856219290204,-0.1884948618940479,-0.1431437807097966,6,31,-5.1,-5.3
CCC[C@H]1SC=NC(=O)[C@@]1(O)COP(=O)(O)O,COCC[C@H]1SC=NC(=O)[C@@]1(O)COP(=O)(O)O,[*]CCC,[*]CCOC,[*:1]-[CH2]-[CH2]-[CH3]>>[*:1]-[CH2]-[CH2]-[OH0]-[CH3],76,-0.4664,299.022859418,0.562136477317336,4.654203509449909,-0.0588559534436057,-0.0357964905500916,6,32,-5.1,-4.6
CCC[C@H]1SC=NC(=O)[C@@]1(O)COP(=O)(O)O,CSC[C@H]1SC=NC(=O)[C@@]1(O)COP(=O)(O)O,[*]CCC,[*]CSC,[*:1]-[CH2]-[CH2]-[CH3]>>[*:1]-[CH2]-[SH0]-[CH3],10,-0.1398999999999999,300.98436573399994,0.6007873192393448,4.916160626837012,-0.0202051115215968,0.2261606268370117,6,33,-5.1,-4.6
CCC[C@H]1SC=NC(=O)[C@@]1(O)COP(=O)(O)O,O=C1N=CS[C@H](N2CCCCC2)[C@]1(O)COP(=O)(O)O,[*]CCC,[*]N1CCCCC1,[*:1]-[CH2]-[CH2]-[CH3]>>[*:1]-[NH0]1-[CH2]-[CH2]-[CH2]-[CH2]-[CH2]-1,10,-0.0595000000000001,324.054493894,0.6153357614320314,4.3826741760522285,-0.0056566693289102,-0.3073258239477718,6,34,-5.1,-4.1
CCC[C@H]1SC=NC(=O)[C@@]1(O)COP(=O)(O)O,O=C1N=CS[C@H](C2CCCC2)[C@]1(O)COP(=O)(O)O,[*]CCC,[*]C1CCCC1,[*:1]-[CH2]-[CH2]-[CH3]>>[*:1]-[CH1]1-[CH2]-[CH2]-[CH2]-[CH2]-1,86,0.6872999999999998,309.0435948619999,0.6539607314832426,4.493820976686653,0.0329683007223009,-0.1961790233133475,6,35,-5.1,-4.5
CCC[C@H]1SC=NC(=O)[C@@]1(O)COP(=O)(O)O,O=C1N=CS[C@H](CC2CCC2)[C@]1(O)COP(=O)(O)O,[*]CCC,[*]CC1CCC1,[*:1]-[CH2]-[CH2]-[CH3]>>[*:1]-[CH2]-[CH1]1-[CH2]-[CH2]-[CH2]-1,18,0.6872999999999998,309.0435948619999,0.6395259639799713,4.603435839199706,0.0185335332190296,-0.086564160800294,6,36,-5.1,-4.4
CCC[C@H]1SC=NC(=O)[C@@]1(O)COP(=O)(O)O,CC(=O)[C@H]1SC=NC(=O)[C@@]1(O)COP(=O)(O)O,[*]CCC,[*]C(C)=O,[*:1]-[CH2]-[CH2]-[CH3]>>[*:1]-[CH0](-[CH3])=[OH0],21,-0.9139000000000002,282.99155929,0.5642542273145394,4.760984822641207,-0.0567382034464022,0.0709848226412068,6,37,-5.1,-5.8
CCC[C@H]1SC=NC(=O)[C@@]1(O)COP(=O)(O)O,CCC(=O)C[C@H]1SC=NC(=O)[C@@]1(O)COP(=O)(O)O,[*]C[*],[*]C(=O)C[*],[*:1]-[CH2]-[*:2]>>[*:1]-[CH0](=[OH0])-[CH2]-[*:2],123,-0.1337000000000002,311.02285941799994,0.5773842535568584,4.710642373136357,-0.0436081772040832,0.0206423731363569,6,38,-5.1,-5.8
CCC[C@H]1SC=NC(=O)[C@@]1(O)COP(=O)(O)O,CCC[C@H]1SC=NC(=O)[C@@]1(O)C(=O)COP(=O)(O)O,[*]C[*],[*]C(=O)C[*],[*:1]-[CH2]-[*:2]>>[*:1]-[CH0](=[OH0])-[CH2]-[*:2],123,-0.1337000000000002,311.02285941799994,0.4559183759620205,4.618908834674819,-0.1650740547989211,-0.0710911653251811,6,39,-5.1,-5.5
CCC[C@H]1SC=NC(=O)[C@@]1(O)COP(=O)(O)O,CCCC[C@H]1SC=NC(=O)[C@@]1(O)COP(=O)(O)O,[*]CCC,[*]CCCC,[*:1]-[CH2]-[CH2]-[CH3]>>[*:1]-[CH2]-[CH2]-[CH2]-[CH3],462,0.6872999999999998,297.043594862,0.6173215398743321,4.563534278680677,-0.0036708908866095,-0.126465721319323,6,40,-5.1,-5.9
CCC[C@H]1SC=NC(=O)[C@@]1(O)COP(=O)(O)O,CC(C)(C)C[C@H]1SC=NC(=O)[C@@]1(O)COP(=O)(O)O,[*]CCC,[*]CC(C)(C)C,[*:1]-[CH2]-[CH2]-[CH3]>>[*:1]-[CH2]-[CH0](-[CH3])(-[CH3])-[CH3],20,0.9332999999999998,311.0592449259999,0.6612501587668045,4.7001637734503285,0.0402577280058628,0.0101637734503281,6,41,-5.1,-4.4
CCC[C@H]1SC=NC(=O)[C@@]1(O)COP(=O)(O)O,CNC(=O)C[C@H]1SC=NC(=O)[C@@]1(O)COP(=O)(O)O,[*]C[*],[*]C(=O)N[*],[*:1]-[CH2]-[*:2]>>[*:1]-[CH0](=[OH0])-[NH1]-[*:2],115,-1.3667999999999998,312.01810838599994,0.4549892085884626,4.647982988520974,-0.166003222172479,-0.0420170114790261,6,42,-5.1,-6.7
CCC[C@H]1SC=NC(=O)[C@@]1(O)COP(=O)(O)O,CCC[C@H]1SC=NC(=O)[C@@]1(O)NC(=O)OP(=O)(O)O,[*]C[*],[*]C(=O)N[*],[*:1]-[CH2]-[*:2]>>[*:1]-[CH0](=[OH0])-[NH1]-[*:2],115,-0.0357000000000005,312.018108386,0.4177788178721152,4.852426988520973,-0.2032136128888265,0.1624269885209726,6,43,-5.1,-6.0
CCC[C@H]1SC=NC(=O)[C@@]1(O)COP(=O)(O)O,CCOC[C@H]1SC=NC(=O)[C@@]1(O)COP(=O)(O)O,[*]CCC,[*]COCC,[*:1]-[CH2]-[CH2]-[CH3]>>[*:1]-[CH2]-[OH0]-[CH2]-[CH3],15,-0.4664,299.022859418,0.562136477317336,4.70707274021914,-0.0588559534436057,0.017072740219139,6,44,-5.1,-5.0
CCC[C@H]1SC=NC(=O)[C@@]1(O)COP(=O)(O)O,Cc1ccc(C[C@H]2SC=NC(=O)[C@@]2(O)COP(=O)(O)O)cc1,[*]CCC,[*]Cc1ccc(C)cc1,[*:1]-[CH2]-[CH2]-[CH3]>>[*:1]-[CH2]-[cH0]1:[cH1]:[cH1]:[cH0](-[CH3]):[cH1]:[cH1]:1,10,1.0482199999999997,345.0435948619999,0.682965969903148,4.124286632952444,0.0619735391422062,-0.5657133670475565,6,45,-5.1,-5.0
CCC[C@H]1SC=NC(=O)[C@@]1(O)COP(=O)(O)O,CCCC[C@H]1SC=NC(=O)[C@@]1(O)COP(=O)(O)O,[*]C[*],[*]CC[*],[*:1]-[CH2]-[*:2]>>[*:1]-[CH2]-[CH2]-[*:2],1929,0.6872999999999998,297.043594862,0.6173215398743321,4.563534278680677,-0.0036708908866095,-0.126465721319323,6,46,-5.1,-5.9
CCC[C@H]1SC=NC(=O)[C@@]1(O)COP(=O)(O)O,CCC[C@H]1SC=NC(=O)[C@@]1(O)CCOP(=O)(O)O,[*]C[*],[*]CC[*],[*:1]-[CH2]-[*:2]>>[*:1]-[CH2]-[CH2]-[*:2],1929,0.6873,297.043594862,0.6173215398743321,4.691798701757601,-0.0036708908866095,0.0017987017576004,6,47,-5.1,-5.5
CCC[C@H]1SC=NC(=O)[C@@]1(O)COP(=O)(O)O,CN(C)CC[C@H]1SC=NC(=O)[C@@]1(O)COP(=O)(O)O,[*]CCC,[*]CCN(C)C,[*:1]-[CH2]-[CH2]-[CH3]>>[*:1]-[CH2]-[CH2]-[NH0](-[CH3])-[CH3],19,-0.5511999999999999,312.054493894,0.5588146884237891,4.651114988520973,-0.0621777423371525,-0.0388850114790271,6,48,-5.1,-5.6
CCC[C@H]1SC=NC(=O)[C@@]1(O)COP(=O)(O)O,O=C1N=CS[C@H](CCCO)[C@]1(O)COP(=O)(O)O,[*]CCC,[*]CCCO,[*:1]-[CH2]-[CH2]-[CH3]>>[*:1]-[CH2]-[CH2]-[CH2]-[OH1],31,-0.7303999999999999,299.022859418,0.471087152338308,4.663959278680679,-0.1499052784226336,-0.0260407213193216,6,49,-5.1,-5.3
CCC[C@H]1SC=NC(=O)[C@@]1(O)COP(=O)(O)O,O=C1N=CS[C@H](CC(F)F)[C@]1(O)COP(=O)(O)O,[*]CCC,[*]CC(F)F,[*:1]-[CH2]-[CH2]-[CH3]>>[*:1]-[CH2]-[CH1](-[FH0])-[FH0],15,0.1523,304.9934511099999,0.6190324775332643,4.912790191119304,-0.0019599532276773,0.2227901911193033,6,50,-5.1,-6.9
CCC[C@H]1SC=NC(=O)[C@@]1(O)COP(=O)(O)O,O=C1N=CS[C@H](C2CCOCC2)[C@]1(O)COP(=O)(O)O,[*]CCC,[*]C1CCOCC1,[*:1]-[CH2]-[CH2]-[CH3]>>[*:1]-[CH1]1-[CH2]-[CH2]-[OH0]-[CH2]-[CH2]-1,25,-0.0763,325.03850948199994,0.6130221153373595,4.599545225003277,-0.0079703154235821,-0.090454774996723,6,51,-5.1,-4.7
CCC[C@H]1SC=NC(=O)[C@@]1(O)COP(=O)(O)O,COC(=O)[C@H]1SC=NC(=O)[C@@]1(O)COP(=O)(O)O,[*]CCC,[*]C(=O)OC,[*:1]-[CH2]-[CH2]-[CH3]>>[*:1]-[CH0](=[OH0])-[OH0]-[CH3],13,-1.3299000000000003,298.9864739099999,0.4245955099767744,4.603691009449909,-0.1963969207841672,-0.0863089905500915,6,52,-5.1,-5.4
CCC[C@H]1SC=NC(=O)[C@@]1(O)COP(=O)(O)O,CCN[C@H]1SC=NC(=O)[C@@]1(O)COP(=O)(O)O,[*]CCC,[*]NCC,[*:1]-[CH2]-[CH2]-[CH3]>>[*:1]-[NH1]-[CH2]-[CH3],13,-0.9359000000000004,284.023193766,0.4762906588773572,4.814920626837012,-0.1447017718835844,0.124920626837012,6,53,-5.1,-5.5
CCC[C@H]1SC=NC(=O)[C@@]1(O)COP(=O)(O)O,CCCC(C)(C)[C@H]1SC=NC(=O)[C@@]1(O)COP(=O)(O)O,[*]C[*],[*]CC([*])(C)C,[*:1]-[CH2]-[*:2]>>[*:1]-[CH2]-[CH0](-[*:2])(-[CH3])-[CH3],12,1.3234,325.0748949899999,0.6305865907621093,4.707843449855349,0.0095941600011676,0.0178434498553485,6,54,-5.1,-4.6
CCC[C@H]1SC=NC(=O)[C@@]1(O)COP(=O)(O)O,CCC(C)(C)C[C@H]1SC=NC(=O)[C@@]1(O)COP(=O)(O)O,[*]C[*],[*]CC([*])(C)C,[*:1]-[CH2]-[*:2]>>[*:1]-[CH2]-[CH0](-[*:2])(-[CH3])-[CH3],12,1.3233999999999997,325.0748949899999,0.6305865907621093,4.747728361097952,0.0095941600011676,0.0577283610979515,6,55,-5.1,-4.1
CCC[C@H]1SC=NC(=O)[C@@]1(O)COP(=O)(O)O,O=C1N=CS[C@H](OC(F)(F)F)[C@]1(O)COP(=O)(O)O,[*]CCC,[*]OC(F)(F)F,[*:1]-[CH2]-[CH2]-[CH3]>>[*:1]-[OH0]-[CH0](-[FH0])(-[FH0])-[FH0],68,-0.009,324.963293854,0.6163331118999719,4.842827195742323,-0.0046593188609698,0.1528271957423221,6,56,-5.1,-7.2
CCC[C@H]1SC=NC(=O)[C@@]1(O)COP(=O)(O)O,O=C(O)C[C@H]1SC=NC(=O)[C@@]1(O)COP(=O)(O)O,[*]CCC,[*]CC(=O)O,[*:1]-[CH2]-[CH2]-[CH3]>>[*:1]-[CH2]-[CH0](=[OH0])-[OH1],14,-1.0282000000000004,298.9864739099999,0.4663519014705257,4.613430452985098,-0.154640529290416,-0.0765695470149028,6,57,-5.1,-6.3
CCC[C@H]1SC=NC(=O)[C@@]1(O)COP(=O)(O)O,CC(C)CO[C@H]1SC=NC(=O)[C@@]1(O)COP(=O)(O)O,[*]CCC,[*]OCC(C)C,[*:1]-[CH2]-[CH2]-[CH3]>>[*:1]-[OH0]-[CH2]-[CH1](-[CH3])-[CH3],12,0.1271999999999998,313.03850948199994,0.5906455944163672,4.678353142367127,-0.0303468363445744,-0.0116468576328729,6,58,-5.1,-5.5
CCC[C@H]1SC=NC(=O)[C@@]1(O)COP(=O)(O)O,C#CC[C@H]1SC=NC(=O)[C@@]1(O)COP(=O)(O)O,[*]CCC,[*]CC#C,[*:1]-[CH2]-[CH2]-[CH3]>>[*:1]-[CH2]-[CH0]#[CH1],12,-0.4796000000000001,278.99664467,0.4697734211617576,5.055757549913934,-0.1512190095991841,0.3657575499139334,6,59,-5.1,-6.0
CCC[C@H]1SC=NC(=O)[C@@]1(O)COP(=O)(O)O,CC[C@H](C)[C@H]1SC=NC(=O)[C@@]1(O)COP(=O)(O)O,[*]CCC,[*][C@@H](C)CC,[*:1]-[CH2]-[CH2]-[CH3]>>[*:1]-[C@@H1](-[CH3])-[CH2]-[CH3],11,0.5431999999999997,297.043594862,0.6340747272111137,4.898770831333087,0.013082296450172,0.2087708313330862,6,60,-5.1,-5.7
CCC[C@H]1SC=NC(=O)[C@@]1(O)COP(=O)(O)O,CCC[C@H]1SC=NC(=O)[C@@]1(O)NC(=O)COP(=O)(O)O,[*]C[*],[*]CC(=O)N[*],[*:1]-[CH2]-[*:2]>>[*:1]-[CH2]-[CH0](=[OH0])-[NH1]-[*:2],29,-0.6291,326.03375845,0.372715284486984,4.617571349821855,-0.2482771462739577,-0.0724286501781454,6,61,-5.1,-5.6
CCC[C@H]1SC=NC(=O)[C@@]1(O)COP(=O)(O)O,CCC(=O)NC[C@H]1SC=NC(=O)[C@@]1(O)COP(=O)(O)O,[*]C[*],[*]CC(=O)N[*],[*:1]-[CH2]-[*:2]>>[*:1]-[CH2]-[CH0](=[OH0])-[NH1]-[*:2],29,-0.9767000000000003,326.03375844999994,0.4557869396583883,4.532190217746384,-0.1652054911025533,-0.1578097822536159,6,62,-5.1,-5.7
CCC[C@H]1SC=NC(=O)[C@@]1(O)COP(=O)(O)O,O=C1N=CS[C@H](C2CCCCC2)[C@]1(O)COP(=O)(O)O,[*]CCC,[*]C1CCCCC1,[*:1]-[CH2]-[CH2]-[CH3]>>[*:1]-[CH1]1-[CH2]-[CH2]-[CH2]-[CH2]-[CH2]-1,86,1.0774,323.0592449259999,0.6627003052630166,4.3994531970312485,0.0417078745020749,-0.2905468029687519,6,63,-5.1,-3.9
CCC[C@H]1SC=NC(=O)[C@@]1(O)COP(=O)(O)O,CCOC(=O)C[C@H]1SC=NC(=O)[C@@]1(O)COP(=O)(O)O,[*]C[*],[*]C(=O)OC[*],[*:1]-[CH2]-[*:2]>>[*:1]-[CH0](=[OH0])-[OH0]-[CH2]-[*:2],52,-0.5497000000000001,327.0177740379999,0.4322137789209142,4.443875268544642,-0.1887786518400274,-0.2461247314553585,6,64,-5.1,-6.3
CCC[C@H]1SC=NC(=O)[C@@]1(O)COP(=O)(O)O,CCCOC(=O)[C@H]1SC=NC(=O)[C@@]1(O)COP(=O)(O)O,[*]C[*],[*]C(=O)OC[*],[*:1]-[CH2]-[*:2]>>[*:1]-[CH0](=[OH0])-[OH0]-[CH2]-[*:2],52,-0.5497000000000003,327.0177740379999,0.4322137789209142,4.465041596556253,-0.1887786518400274,-0.2249584034437477,6,65,-5.1,-6.1
CCC[C@H]1SC=NC(=O)[C@@]1(O)COP(=O)(O)O,CC(=O)COC[C@H]1SC=NC(=O)[C@@]1(O)COP(=O)(O)O,[*]C[*],[*]C(=O)CO[*],[*:1]-[CH2]-[*:2]>>[*:1]-[CH0](=[OH0])-[CH2]-[OH0]-[*:2],14,-0.8973000000000002,327.0177740379999,0.5068700980023235,4.678193991331289,-0.1141223327586181,-0.011806008668711,6,66,-5.1,-5.0
CCC[C@H]1SC=NC(=O)[C@@]1(O)COP(=O)(O)O,CCC[C@H]1SC=NC(=O)[C@@]1(O)OCC(=O)OP(=O)(O)O,[*]C[*],[*]C(=O)CO[*],[*:1]-[CH2]-[*:2]>>[*:1]-[CH0](=[OH0])-[CH2]-[OH0]-[*:2],14,-0.2021000000000006,327.017774038,0.4460000606728484,4.754629985525774,-0.1749923700880932,0.0646299855257739,6,67,-5.1,-5.1
CCC[C@H]1SC=NC(=O)[C@@]1(O)COP(=O)(O)O,CC(C)CC[C@H]1SC=NC(=O)[C@@]1(O)COP(=O)(O)O,[*]CCC,[*]CCC(C)C,[*:1]-[CH2]-[CH2]-[CH3]>>[*:1]-[CH2]-[CH2]-[CH1](-[CH3])-[CH3],61,0.9332999999999998,311.0592449259999,0.624746709851906,4.589829142367126,0.0037542790909642,-0.1001708576328743,6,68,-5.1,-5.6
CCC[C@H]1SC=NC(=O)[C@@]1(O)COP(=O)(O)O,COC(=O)C[C@H]1SC=NC(=O)[C@@]1(O)COP(=O)(O)O,[*]CCC,[*]CC(=O)OC,[*:1]-[CH2]-[CH2]-[CH3]>>[*:1]-[CH2]-[CH0](=[OH0])-[OH0]-[CH3],16,-0.9398000000000002,313.0021239739999,0.4324975688668937,4.546856219290204,-0.1884948618940479,-0.1431437807097966,6,69,-5.1,-5.2
CCC[C@H]1SC=NC(=O)[C@@]1(O)COP(=O)(O)O,O=C1N=CS[C@H](CC(F)(F)F)[C@]1(O)COP(=O)(O)O,[*]CCC,[*]CC(F)(F)F,[*:1]-[CH2]-[CH2]-[CH3]>>[*:1]-[CH2]-[CH0](-[FH0])(-[FH0])-[FH0],47,0.4494999999999998,322.98402929799994,0.6431162051849064,4.798884024627723,0.0221237744239647,0.1088840246277227,6,70,-5.1,-6.8
CCC[C@H]1SC=NC(=O)[C@@]1(O)COP(=O)(O)O,CCC(CC)[C@H]1SC=NC(=O)[C@@]1(O)COP(=O)(O)O,[*]CCC,[*]C(CC)CC,[*:1]-[CH2]-[CH2]-[CH3]>>[*:1]-[CH1](-[CH2]-[CH3])-[CH2]-[CH3],15,0.9332999999999998,311.0592449259999,0.6247467098519061,4.749959911597895,0.0037542790909643,0.059959911597895,6,71,-5.1,-4.9
CCC[C@H]1SC=NC(=O)[C@@]1(O)COP(=O)(O)O,CCC(=O)NC[C@H]1SC=NC(=O)[C@@]1(O)COP(=O)(O)O,[*]C[*],[*]C(=O)NC[*],[*:1]-[CH2]-[*:2]>>[*:1]-[CH0](=[OH0])-[NH1]-[CH2]-[*:2],28,-0.9767000000000003,326.03375844999994,0.4557869396583883,4.532190217746384,-0.1652054911025533,-0.1578097822536159,6,72,-5.1,-5.7
CCC[C@H]1SC=NC(=O)[C@@]1(O)COP(=O)(O)O,CCC[C@H]1SC=NC(=O)[C@@]1(O)CNC(=O)OP(=O)(O)O,[*]C[*],[*]C(=O)NC[*],[*:1]-[CH2]-[*:2]>>[*:1]-[CH0](=[OH0])-[NH1]-[CH2]-[*:2],28,0.0067999999999992,326.03375845,0.5167047782471966,4.751116197427081,-0.104287652513745,0.0611161974270801,6,73,-5.1,-5.3
CCC[C@H]1SC=NC(=O)[C@@]1(O)COP(=O)(O)O,O=C1N=CS[C@H](CC2CCCC2)[C@]1(O)COP(=O)(O)O,[*]CCC,[*]CC1CCCC1,[*:1]-[CH2]-[CH2]-[CH3]>>[*:1]-[CH2]-[CH1]1-[CH2]-[CH2]-[CH2]-[CH2]-1,14,1.0774,323.0592449259999,0.6480726305873183,4.4700434068214605,0.0270801998263766,-0.2199565931785398,6,74,-5.1,-3.7
CCC[C@H]1SC=NC(=O)[C@@]1(O)COP(=O)(O)O,CCC[C@H]1SC=NC(=O)[C@@]1(O)C1(OP(=O)(O)O)CC1,[*]C[*],[*]C1([*])CC1,[*:1]-[CH2]-[*:2]>>[*:1]-[CH0]1(-[*:2])-[CH2]-[CH2]-1,43,0.8297999999999996,309.0435948619999,0.6439028102684116,4.8666580654440486,0.0229103795074698,0.1766580654440481,6,75,-5.1,-4.1
CCC[C@H]1SC=NC(=O)[C@@]1(O)COP(=O)(O)O,CCC[C@H]1SC=NC(=O)[C@@]1(O)C1(OP(=O)(O)O)CC1,[*]C[*],[*]C1([*])CC1,[*:1]-[CH2]-[*:2]>>[*:1]-[CH0]1(-[*:2])-[CH2]-[CH2]-1,43,0.8297999999999996,309.0435948619999,0.6439028102684116,4.8666580654440486,0.0229103795074698,0.1766580654440481,6,76,-5.1,-4.1
CCC[C@H]1SC=NC(=O)[C@@]1(O)COP(=O)(O)O,CS[C@H]1SC=NC(=O)[C@@]1(O)COP(=O)(O)O,[*]CCC,[*]SC,[*:1]-[CH2]-[CH2]-[CH3]>>[*:1]-[SH0]-[CH3],32,-0.1823999999999999,286.96871567,0.6095245372509955,5.008072410454679,-0.0114678935099461,0.3180724104546781,6,77,-5.1,-5.0
CCC[C@H]1SC=NC(=O)[C@@]1(O)COP(=O)(O)O,CCC(C)[C@H]1SC=NC(=O)[C@@]1(O)COP(=O)(O)O,[*]CCC,[*]C(C)CC,[*:1]-[CH2]-[CH2]-[CH3]>>[*:1]-[CH1](-[CH3])-[CH2]-[CH3],28,0.5431999999999997,297.043594862,0.6340747272111137,4.898770831333087,0.013082296450172,0.2087708313330862,6,78,-5.1,-5.8
CCC[C@H]1SC=NC(=O)[C@@]1(O)COP(=O)(O)O,CCCCC(=O)[C@H]1SC=NC(=O)[C@@]1(O)COP(=O)(O)O,[*]C[*],[*]C(=O)CC[*],[*:1]-[CH2]-[*:2]>>[*:1]-[CH0](=[OH0])-[CH2]-[CH2]-[*:2],33,0.2563999999999998,325.03850948199994,0.5674236555299166,4.513672946338547,-0.0535687752310251,-0.1763270536614536,6,79,-5.1,-4.8
CCC[C@H]1SC=NC(=O)[C@@]1(O)COP(=O)(O)O,CCCC(=O)C[C@H]1SC=NC(=O)[C@@]1(O)COP(=O)(O)O,[*]C[*],[*]C(=O)CC[*],[*:1]-[CH2]-[*:2]>>[*:1]-[CH0](=[OH0])-[CH2]-[CH2]-[*:2],33,0.2563999999999998,325.03850948199994,0.5674236555299166,4.598210246773959,-0.0535687752310251,-0.091789753226041,6,80,-5.1,-4.8
CCC[C@H]1SC=NC(=O)[C@@]1(O)COP(=O)(O)O,CC[C@H](C)[C@H]1SC=NC(=O)[C@@]1(O)COP(=O)(O)O,[*]C[*],[*][C@H]([*])C,[*:1]-[CH2]-[*:2]>>[*:1]-[C@H1](-[*:2])-[CH3],224,0.5432,297.043594862,0.6340747272111138,4.898770831333087,0.0130822964501721,0.2087708313330862,6,81,-5.1,-5.8
CCC[C@H]1SC=NC(=O)[C@@]1(O)COP(=O)(O)O,CC[C@H](C)[C@H]1SC=NC(=O)[C@@]1(O)COP(=O)(O)O,[*]C[*],[*][C@H]([*])C,[*:1]-[CH2]-[*:2]>>[*:1]-[C@H1](-[*:2])-[CH3],224,0.5432,297.043594862,0.6340747272111138,4.898770831333087,0.0130822964501721,0.2087708313330862,6,82,-5.1,-5.7
CCC[C@H]1SC=NC(=O)[C@@]1(O)COP(=O)(O)O,CCOC(=O)[C@H]1SC=NC(=O)[C@@]1(O)COP(=O)(O)O,[*]CCC,[*]C(=O)OCC,[*:1]-[CH2]-[CH2]-[CH3]>>[*:1]-[CH0](=[OH0])-[OH0]-[CH2]-[CH3],12,-0.9398000000000002,313.0021239739999,0.4324975688668937,4.481186680828666,-0.1884948618940479,-0.2088133191713348,6,83,-5.1,-6.0
CCC[C@H]1SC=NC(=O)[C@@]1(O)COP(=O)(O)O,O=C1N=CS[C@H](CCN2CCOCC2)[C@]1(O)COP(=O)(O)O,[*]CCC,[*]CCN1CCOCC1,[*:1]-[CH2]-[CH2]-[CH3]>>[*:1]-[CH2]-[CH2]-[NH0]1-[CH2]-[CH2]-[OH0]-[CH2]-[CH2]-1,28,-0.7805999999999995,354.06505857799993,0.526010063030288,4.351846355524952,-0.0949823677306537,-0.3381536444750486,6,84,-5.1,-5.3
CCC[C@H]1SC=NC(=O)[C@@]1(O)COP(=O)(O)O,CC[C@@H](C)[C@H]1SC=NC(=O)[C@@]1(O)COP(=O)(O)O,[*]C[*],[*][C@@H]([*])C,[*:1]-[CH2]-[*:2]>>[*:1]-[C@@H1](-[*:2])-[CH3],308,0.5432,297.043594862,0.6340747272111138,4.898770831333087,0.0130822964501721,0.2087708313330862,6,85,-5.1,-4.4
CCC[C@H]1SC=NC(=O)[C@@]1(O)COP(=O)(O)O,CCC[C@H]1SC=NC(=O)[C@@]1(O)[C@H](C)OP(=O)(O)O,[*]C[*],[*][C@@H]([*])C,[*:1]-[CH2]-[*:2]>>[*:1]-[C@@H1](-[*:2])-[CH3],308,0.6856999999999998,297.043594862,0.6389172249829914,4.968022222495117,0.0179247942220497,0.2780222224951165,6,86,-5.1,-4.5
CCC[C@H]1SC=NC(=O)[C@@]1(O)COP(=O)(O)O,CCC[C@H]1SC=NC(=O)[C@@]1(O)C(C)(C)OP(=O)(O)O,[*]C[*],[*]C([*])(C)C,[*:1]-[CH2]-[*:2]>>[*:1]-[CH0](-[*:2])(-[CH3])-[CH3],77,1.0757999999999996,311.0592449259999,0.6502593715723324,4.802342737343579,0.0292669408113906,0.112342737343579,6,87,-5.1,-3.3
CCC[C@H]1SC=NC(=O)[C@@]1(O)COP(=O)(O)O,CC(C)(C)C[C@H]1SC=NC(=O)[C@@]1(O)COP(=O)(O)O,[*]C[*],[*]C([*])(C)C,[*:1]-[CH2]-[*:2]>>[*:1]-[CH0](-[*:2])(-[CH3])-[CH3],77,0.9332999999999998,311.0592449259999,0.6612501587668045,4.7001637734503285,0.0402577280058628,0.0101637734503281,6,88,-5.1,-4.3
CCC[C@H]1SC=NC(=O)[C@@]1(O)COP(=O)(O)O,O=C1N=CS[C@H](Oc2ccccc2)[C@]1(O)COP(=O)(O)O,[*]CCC,[*]Oc1ccccc1,[*:1]-[CH2]-[CH2]-[CH3]>>[*:1]-[OH0]-[cH0]1:[cH1]:[cH1]:[cH1]:[cH1]:[cH1]:1,19,0.5335999999999996,333.00720935399994,0.6664574303371124,4.151516020866291,0.0454649995761706,-0.5384839791337095,6,89,-5.1,-5.3
CCC[C@H]1SC=NC(=O)[C@@]1(O)COP(=O)(O)O,O=C1N=CS[C@H](c2ccccc2)[C@]1(O)COP(=O)(O)O,[*]CCC,[*]c1ccccc1,[*:1]-[CH2]-[CH2]-[CH3]>>[*:1]-[cH0]1:[cH1]:[cH1]:[cH1]:[cH1]:[cH1]:1,215,0.8697999999999997,317.0122947339999,0.7054093233342673,4.130701868359921,0.0844168925733256,-0.5592981316400794,6,90,-5.1,-3.8
CCC[C@H]1SC=NC(=O)[C@@]1(O)COP(=O)(O)O,O=C1N=CS[C@H](CC2CCCCC2)[C@]1(O)COP(=O)(O)O,[*]CCC,[*]CC1CCCCC1,[*:1]-[CH2]-[CH2]-[CH3]>>[*:1]-[CH2]-[CH1]1-[CH2]-[CH2]-[CH2]-[CH2]-[CH2]-1,32,1.4674999999999998,337.0748949899999,0.6503739802481352,4.385009920070536,0.0293815494871935,-0.3049900799294649,6,91,-5.1,-4.7
CCC[C@H]1SC=NC(=O)[C@@]1(O)COP(=O)(O)O,C=CC[C@H]1SC=NC(=O)[C@@]1(O)COP(=O)(O)O,[*]CCC,[*]CC=C,[*:1]-[CH2]-[CH2]-[CH3]>>[*:1]-[CH2]-[CH1]=[CH2],105,0.0731999999999998,281.012294734,0.4820681917879825,4.903449857606242,-0.1389242389729591,0.2134498576062418,6,92,-5.1,-5.0
CCC[C@H]1SC=NC(=O)[C@@]1(O)COP(=O)(O)O,CC(C)C[C@H]1SC=NC(=O)[C@@]1(O)COP(=O)(O)O,[*]C[*],[*]C([*])C,[*:1]-[CH2]-[*:2]>>[*:1]-[CH1](-[*:2])-[CH3],435,0.5431999999999997,297.043594862,0.6340747272111137,4.674580371152036,0.013082296450172,-0.0154196288479644,6,93,-5.1,-5.3
CCC[C@H]1SC=NC(=O)[C@@]1(O)COP(=O)(O)O,CCC[C@H]1SC=NC(=O)[C@@]1(O)C(C)OP(=O)(O)O,[*]C[*],[*]C([*])C,[*:1]-[CH2]-[*:2]>>[*:1]-[CH1](-[*:2])-[CH3],435,0.6856999999999998,297.043594862,0.6389172249829914,4.968022222495117,0.0179247942220497,0.2780222224951165,6,94,-5.1,-4.3
CCC[C@H]1SC=NC(=O)[C@@]1(O)COP(=O)(O)O,CCC1CCN([C@H]2SC=NC(=O)[C@@]2(O)COP(=O)(O)O)CC1,[*]C[*],[*]N1CCC([*])CC1,[*:1]-[CH2]-[*:2]>>[*:1]-[NH0]1-[CH2]-[CH2]-[CH1](-[*:2])-[CH2]-[CH2]-1,10,0.5765999999999999,352.085794022,0.6146946268622896,4.39370970987552,-0.006297803898652,-0.2962902901244808,6,95,-5.1,-2.5
CCC[C@H]1SC=NC(=O)[C@@]1(O)COP(=O)(O)O,CCN1CCC([C@H]2SC=NC(=O)[C@@]2(O)COP(=O)(O)O)CC1,[*]C[*],[*]N1CCC([*])CC1,[*:1]-[CH2]-[*:2]>>[*:1]-[NH0]1-[CH2]-[CH2]-[CH1](-[*:2])-[CH2]-[CH2]-1,10,0.2289999999999997,352.085794022,0.6016354621143942,4.369442017567829,-0.0193569686465474,-0.3205579824321711,6,96,-5.1,-3.9
CCC[C@H]1SC=NC(=O)[C@@]1(O)COP(=O)(O)O,CCS[C@H]1SC=NC(=O)[C@@]1(O)COP(=O)(O)O,[*]CCC,[*]SCC,[*:1]-[CH2]-[CH2]-[CH3]>>[*:1]-[SH0]-[CH2]-[CH3],15,0.2076999999999998,300.98436573399994,0.6169224526742303,4.924877549913935,-0.0040699780867113,0.2348775499139348,6,97,-5.1,-4.3
CCC[C@H]1SC=NC(=O)[C@@]1(O)COP(=O)(O)O,CS(=O)(=O)CC[C@H]1SC=NC(=O)[C@@]1(O)COP(=O)(O)O,[*]C[*],[*]CS([*])(=O)=O,[*:1]-[CH2]-[*:2]>>[*:1]-[CH2]-[SH0](-[*:2])(=[OH0])=[OH0],19,-1.0682000000000005,346.98984503799994,0.5101852325977273,4.671100550447065,-0.1108071981632143,-0.0188994495529355,6,98,-5.1,-4.9
CCC[C@H]1SC=NC(=O)[C@@]1(O)COP(=O)(O)O,CCC[C@H]1SC=NC(=O)[C@@]1(O)CS(=O)(=O)OP(=O)(O)O,[*]C[*],[*]CS([*])(=O)=O,[*:1]-[CH2]-[*:2]>>[*:1]-[CH2]-[SH0](-[*:2])(=[OH0])=[OH0],19,-0.3730000000000001,346.98984503799994,0.5463857851005812,4.916323923228129,-0.0746066456603604,0.2263239232281284,6,99,-5.1,-4.8
CC[C@@H]1[C@H](C(=O)O)C(=O)O[C@H]([C@@](O)(NC(=O)CCC[C@@H](C)O)[C@H](C)O)C1(O)O,CC[C@@H]1[C@H](OC)C(=O)O[C@H]([C@@](O)(NC(=O)CCC[C@@H](C)O)[C@H](C)O)C1(O)O,[*]C(=O)O,[*]OC,[*:1]-[CH0](=[OH0])-[OH1]>>[*:1]-[OH0]-[CH3],264,-1.6293999999999975,393.199881572,0.1991116502911175,4.892203687572048,0.0708164995047909,0.0222036875720474,7,0,-3.3,-4.8
CC[C@@H]1[C@H](C(=O)O)C(=O)O[C@H]([C@@](O)(NC(=O)CCC[C@@H](C)O)[C@H](C)O)C1(O)O,CC[C@@H]1[C@H](C(=O)O)C(=O)O[C@H]([C@@](O)(CC(=O)CCC[C@@H](C)O)[C@H](C)O)C1(O)O,[*]N[*],[*]C[*],[*:1]-[NH1]-[*:2]>>[*:1]-[CH2]-[*:2],77,-1.0580999999999987,406.1838971599999,0.1485589413927779,4.9098721385285575,0.0202637906064514,0.0398721385285574,7,1,-3.3,-2.8
CC[C@@H]1[C@H](C(=O)O)C(=O)O[C@H]([C@@](O)(NC(=O)CCC[C@@H](C)O)[C@H](C)O)C1(O)O,CC[C@@H]1[C@H](C(=O)O)C(=O)O[C@H]([C@@](O)(CC(=O)CCC[C@@H](C)O)[C@H](C)O)C1(O)O,[*]N[*],[*]C[*],[*:1]-[NH1]-[*:2]>>[*:1]-[CH2]-[*:2],77,-1.0580999999999992,406.1838971599999,0.1485589413927779,4.9098721385285575,0.0202637906064514,0.0398721385285574,7,2,-3.3,-2.8
CC[C@@H]1[C@H](C(=O)O)C(=O)O[C@H]([C@@](O)(NC(=O)CCC[C@@H](C)O)[C@H](C)O)C1(O)O,CC[C@@H]1[C@H](C(C)C)C(=O)O[C@H]([C@@](O)(NC(=O)CCC[C@@H](C)O)[C@H](C)O)C1(O)O,[*]C(=O)O,[*]C(C)C,[*:1]-[CH0](=[OH0])-[OH1]>>[*:1]-[CH1](-[CH3])-[CH3],15,-0.3721999999999996,405.23626708,0.2240121881976174,4.889337523143942,0.0957170374112909,0.0193375231439416,7,3,-3.3,-3.7
CC[C@@H]1[C@H](C(=O)O)C(=O)O[C@H]([C@@](O)(NC(=O)CCC[C@@H](C)O)[C@H](C)O)C1(O)O,CC[C@@H]1C(=O)O[C@H]([C@@](O)(NC(=O)CCC[C@@H](C)O)[C@H](C)O)C(O)(O)[C@@H]1CC,[*]C(=O)O,[*]CC,[*:1]-[CH0](=[OH0])-[OH1]>>[*:1]-[CH2]-[CH3],27,-0.6181999999999994,391.220617016,0.2242811146584125,4.865587423835783,0.095985963872086,-0.004412576164217,7,4,-3.3,-2.7
CC[C@@H]1[C@H](C(=O)O)C(=O)O[C@H]([C@@](O)(NC(=O)CCC[C@@H](C)O)[C@H](C)O)C1(O)O,CO[C@@H]1[C@H](C(=O)O)C(=O)O[C@H]([C@@](O)(NC(=O)CCC[C@@H](C)O)[C@H](C)O)C1(O)O,[*]CC,[*]OC,[*:1]-[CH2]-[CH3]>>[*:1]-[OH0]-[CH3],857,-2.954799999999994,409.15841068399993,0.1164265752116077,4.8622394462208645,-0.0118685755747187,-0.0077605537791356,7,5,-3.3,-4.7
CC[C@@H]1[C@H](C(=O)O)C(=O)O[C@H]([C@@](O)(NC(=O)CCC[C@@H](C)O)[C@H](C)O)C1(O)O,CC[C@@H]1[C@H](CN)C(=O)O[C@H]([C@@](O)(NC(=O)CCC[C@@H](C)O)[C@H](C)O)C1(O)O,[*]C(=O)O,[*]CN,[*:1]-[CH0](=[OH0])-[OH1]>>[*:1]-[CH2]-[NH2],41,-2.069499999999996,392.215865984,0.1710933826590284,4.949514896363256,0.0427982318727019,0.0795148963632561,7,6,-3.3,-3.4
CC[C@@H]1[C@H](C(=O)O)C(=O)O[C@H]([C@@](O)(NC(=O)CCC[C@@H](C)O)[C@H](C)O)C1(O)O,CC[C@@H]1[C@H](CO)C(=O)O[C@H]([C@@](O)(NC(=O)CCC[C@@H](C)O)[C@H](C)O)C1(O)O,[*]C(=O)O,[*]CO,[*:1]-[CH0](=[OH0])-[OH1]>>[*:1]-[CH2]-[OH1],242,-2.035899999999997,393.199881572,0.1717739003219823,4.8888014897698495,0.0434787495356558,0.0188014897698494,7,7,-3.3,-3.5
CC[C@@H]1[C@H](C(=O)O)C(=O)O[C@H]([C@@](O)(NC(=O)CCC[C@@H](C)O)[C@H](C)O)C1(O)O,CC[C@@H]1[C@H](C(=O)O)C(=O)O[C@H]([C@@](O)(CCC(=O)CCC[C@@H](C)O)[C@H](C)O)C1(O)O,[*]N[*],[*]CC[*],[*:1]-[NH1]-[*:2]>>[*:1]-[CH2]-[CH2]-[*:2],11,-0.6679999999999986,420.1995472239999,0.1424097705960749,4.899798207694811,0.0141146198097484,0.0297982076948111,7,8,-3.3,-3.6
CC[C@@H]1[C@H](C(=O)O)C(=O)O[C@H]([C@@](O)(NC(=O)CCC[C@@H](C)O)[C@H](C)O)C1(O)O,CC[C@@H]1[C@H](C(=O)O)C(=O)O[C@H]([C@@](O)(CCC(=O)CCC[C@@H](C)O)[C@H](C)O)C1(O)O,[*]N[*],[*]CC[*],[*:1]-[NH1]-[*:2]>>[*:1]-[CH2]-[CH2]-[*:2],11,-0.6679999999999986,420.1995472239999,0.1424097705960749,4.899798207694811,0.0141146198097484,0.0297982076948111,7,9,-3.3,-3.4
CC[C@@H]1[C@H](C(=O)O)C(=O)O[C@H]([C@@](O)(NC(=O)CCC[C@@H](C)O)[C@H](C)O)C1(O)O,CC[C@@H]1[C@H](C(N)=O)C(=O)O[C@H]([C@@](O)(NC(=O)CCC[C@@H](C)O)[C@H](C)O)C1(O)O,[*]C(=O)O,[*]C(N)=O,[*:1]-[CH0](=[OH0])-[OH1]>>[*:1]-[CH0](-[NH2])=[OH0],426,-2.5428999999999955,406.1951305399999,0.1223177279728891,4.902043292374711,-0.0059774228134373,0.0320432923747109,7,10,-3.3,-4.8
CC[C@@H]1[C@H](C(=O)O)C(=O)O[C@H]([C@@](O)(NC(=O)CCC[C@@H](C)O)[C@H](C)O)C1(O)O,CC[C@@H]1[C@H](NC)C(=O)O[C@H]([C@@](O)(NC(=O)CCC[C@@H](C)O)[C@H](C)O)C1(O)O,[*]C(=O)O,[*]NC,[*:1]-[CH0](=[OH0])-[OH1]>>[*:1]-[NH1]-[CH3],17,-2.056399999999996,392.215865984,0.1723080786416619,4.930945226033586,0.0440129278553353,0.0609452260335858,7,11,-3.3,-4.2
CC[C@@H]1[C@H](C(=O)O)C(=O)O[C@H]([C@@](O)(NC(=O)CCC[C@@H](C)O)[C@H](C)O)C1(O)O,CC[C@@H]1[C@H](N(C)C)C(=O)O[C@H]([C@@](O)(NC(=O)CCC[C@@H](C)O)[C@H](C)O)C1(O)O,[*]C(=O)O,[*]N(C)C,[*:1]-[CH0](=[OH0])-[OH1]>>[*:1]-[NH0](-[CH3])-[CH3],51,-1.7141999999999953,406.2315160479999,0.1934187206549187,4.935497138528556,0.0651235698685922,0.0654971385285563,7,12,-3.3,-2.8
CC[C@@H]1[C@H](C(=O)O)C(=O)O[C@H]([C@@](O)(NC(=O)CCC[C@@H](C)O)[C@H](C)O)C1(O)O,CCO[C@@H]1C(=O)O[C@H]([C@@](O)(NC(=O)CCC[C@@H](C)O)[C@H](C)O)C(O)(O)[C@@H]1CC,[*]C(=O)O,[*]OCC,[*:1]-[CH0](=[OH0])-[OH1]>>[*:1]-[OH0]-[CH2]-[CH3],26,-1.239299999999998,407.215531636,0.1917718823160383,4.902105779202952,0.0634767315297118,0.0321057792029515,7,13,-3.3,-3.5
CC[C@@H]1[C@H](C(=O)O)C(=O)O[C@H]([C@@](O)(NC(=O)CCC[C@@H](C)O)[C@H](C)O)C1(O)O,CC[C@@H]1[C@H](C(=O)O)C(=O)O[C@H]([C@@](O)(OC(=O)CCC[C@@H](C)O)[C@H](C)O)C1(O)O,[*]N[*],[*]O[*],[*:1]-[NH1]-[*:2]>>[*:1]-[OH0]-[*:2],1876,-1.5165999999999988,408.16316171599993,0.1474967706066969,4.876493292374711,0.0192016198203704,0.0064932923747109,7,14,-3.3,-4.8
CC[C@@H]1[C@H](C(=O)O)C(=O)O[C@H]([C@@](O)(NC(=O)CCC[C@@H](C)O)[C@H](C)O)C1(O)O,CC[C@@H]1[C@H](C(=O)O)C(=O)O[C@H]([C@@](O)(OC(=O)CCC[C@@H](C)O)[C@H](C)O)C1(O)O,[*]N[*],[*]O[*],[*:1]-[NH1]-[*:2]>>[*:1]-[OH0]-[*:2],1876,-1.5165999999999982,408.16316171599993,0.1474967706066969,4.876493292374711,0.0192016198203704,0.0064932923747109,7,15,-3.3,-4.6
CC[C@@H]1[C@H](C(=O)O)C(=O)O[C@H]([C@@](O)(NC(=O)CCC[C@@H](C)O)[C@H](C)O)C1(O)O,CC[C@@H]1[C@H](C(=O)NC)C(=O)O[C@H]([C@@](O)(NC(=O)CCC[C@@H](C)O)[C@H](C)O)C1(O)O,[*]C(=O)O,[*]C(=O)NC,[*:1]-[CH0](=[OH0])-[OH1]>>[*:1]-[CH0](=[OH0])-[NH1]-[CH3],187,-2.282199999999996,420.2107806039999,0.1225069059142919,4.895631438464043,-0.0057882448720345,0.0256314384640425,7,16,-3.3,-2.6
CC[C@@H]1[C@H](C(=O)O)C(=O)O[C@H]([C@@](O)(NC(=O)CCC[C@@H](C)O)[C@H](C)O)C1(O)O,CC[C@@H]1[C@H](C(=O)O)C(=O)O[C@H]([C@@](O)(C(=O)NC(=O)CCC[C@@H](C)O)[C@H](C)O)C1(O)O,[*]N[*],[*]NC([*])=O,[*:1]-[NH1]-[*:2]>>[*:1]-[NH1]-[CH0](-[*:2])=[OH0],131,-2.3744999999999976,435.17406074799993,0.1154380628305614,4.853500090140549,-0.012857087955765,-0.0164999098594513,7,17,-3.3,-3.0
CC[C@@H]1[C@H](C(=O)O)C(=O)O[C@H]([C@@](O)(NC(=O)CCC[C@@H](C)O)[C@H](C)O)C1(O)O,CC[C@@H]1[C@H](C(=O)O)C(=O)O[C@H]([C@@](O)(NC(=O)C(=O)CCC[C@@H](C)O)[C@H](C)O)C1(O)O,[*]N[*],[*]NC([*])=O,[*:1]-[NH1]-[*:2]>>[*:1]-[NH1]-[CH0](-[*:2])=[OH0],131,-2.3744999999999945,435.17406074799993,0.083326610516196,4.9966549352953935,-0.0449685402701304,0.1266549352953934,7,18,-3.3,-4.1
CC[C@@H]1[C@H](C(=O)O)C(=O)O[C@H]([C@@](O)(NC(=O)CCC[C@@H](C)O)[C@H](C)O)C1(O)O,CC[C@@H]1[C@H](C(C)(C)C)C(=O)O[C@H]([C@@](O)(NC(=O)CCC[C@@H](C)O)[C@H](C)O)C1(O)O,[*]C(=O)O,[*]C(C)(C)C,[*:1]-[CH0](=[OH0])-[OH1]>>[*:1]-[CH0](-[CH3])(-[CH3])-[CH3],26,0.0179,419.251917144,0.2374013575767243,4.941224577757183,0.1091062067903977,0.0712245777571825,7,19,-3.3,-2.9
CC[C@@H]1[C@H](C(=O)O)C(=O)O[C@H]([C@@](O)(NC(=O)CCC[C@@H](C)O)[C@H](C)O)C1(O)O,C[C@H](O)[C@](O)(NC(=O)CCC[C@@H](C)O)[C@H]1OC(=O)[C@@H](C(=O)O)[C@@H](N(C)C)C1(O)O,[*]CC,[*]N(C)C,[*:1]-[CH2]-[CH3]>>[*:1]-[NH0](-[CH3])-[CH3],121,-3.0395999999999925,422.19004516,0.1132412135590853,4.913438714971319,-0.0150539372272411,0.0434387149713186,7,20,-3.3,-4.0
CC[C@@H]1[C@H](C(=O)O)C(=O)O[C@H]([C@@](O)(NC(=O)CCC[C@@H](C)O)[C@H](C)O)C1(O)O,CC[C@@H]1[C@H](C(=O)O)C(=O)O[C@H]([C@](O)([C@H](C)O)N(C)C(=O)CCC[C@@H](C)O)C1(O)O,[*]N[*],[*]N([*])C,[*:1]-[NH1]-[*:2]>>[*:1]-[NH0](-[*:2])-[CH3],2052,-1.6013999999999973,421.194796192,0.1438151575709748,4.944321251353856,0.0155200067846483,0.0743212513538553,7,21,-3.3,-2.1
CC[C@@H]1[C@H](C(=O)O)C(=O)O[C@H]([C@@](O)(NC(=O)CCC[C@@H](C)O)[C@H](C)O)C1(O)O,CC[C@@H]1[C@H](C(=O)O)C(=O)O[C@H]([C@](O)([C@H](C)O)N(C)C(=O)CCC[C@@H](C)O)C1(O)O,[*]N[*],[*]N([*])C,[*:1]-[NH1]-[*:2]>>[*:1]-[NH0](-[*:2])-[CH3],2052,-1.6013999999999975,421.1947961919999,0.1438151575709748,4.944321251353856,0.0155200067846483,0.0743212513538553,7,22,-3.3,-2.4
CC[C@@H]1[C@H](C(=O)O)C(=O)O[C@H]([C@@](O)(NC(=O)CCC[C@@H](C)O)[C@H](C)O)C1(O)O,C[C@H](O)[C@](O)(NC(=O)CCC[C@@H](C)O)[C@H]1OC(=O)[C@@H](C(=O)O)[C@@H](CO)C1(O)O,[*]CC,[*]CO,[*:1]-[CH2]-[CH3]>>[*:1]-[CH2]-[OH1],141,-3.3612999999999933,409.15841068399993,0.1068561473847572,4.902606753913172,-0.0214390034015692,0.0326067539131722,7,23,-3.3,-3.7
CC[C@@H]1[C@H](C(=O)O)C(=O)O[C@H]([C@@](O)(NC(=O)CCC[C@@H](C)O)[C@H](C)O)C1(O)O,CC[C@@H]1[C@H](C(=O)N(C)C)C(=O)O[C@H]([C@@](O)(NC(=O)CCC[C@@H](C)O)[C@H](C)O)C1(O)O,[*]C(=O)O,[*]C(=O)N(C)C,[*:1]-[CH0](=[OH0])-[OH1]>>[*:1]-[CH0](=[OH0])-[NH0](-[CH3])-[CH3],153,-1.9399999999999955,434.2264306679999,0.136844511420491,4.916021768462226,0.0085493606341645,0.0460217684622259,7,24,-3.3,-1.6
CC[C@@H]1[C@H](C(=O)O)C(=O)O[C@H]([C@@](O)(NC(=O)CCC[C@@H](C)O)[C@H](C)O)C1(O)O,CC[C@@H]1[C@H](CN(C)C)C(=O)O[C@H]([C@@](O)(NC(=O)CCC[C@@H](C)O)[C@H](C)O)C1(O)O,[*]C(=O)O,[*]CN(C)C,[*:1]-[CH0](=[OH0])-[OH1]>>[*:1]-[CH2]-[NH0](-[CH3])-[CH3],24,-1.4665999999999957,420.2471661119999,0.1831871033686373,4.89376128461789,0.0548919525823108,0.0237612846178896,7,25,-3.3,-2.1
CC[C@@H]1[C@H](C(=O)O)C(=O)O[C@H]([C@@](O)(NC(=O)CCC[C@@H](C)O)[C@H](C)O)C1(O)O,CC[C@@H]1[C@H](NC(C)=O)C(=O)O[C@H]([C@@](O)(NC(=O)CCC[C@@H](C)O)[C@H](C)O)C1(O)O,[*]C(=O)O,[*]NC(C)=O,[*:1]-[CH0](=[OH0])-[OH1]>>[*:1]-[NH1]-[CH0](-[CH3])=[OH0],88,-2.139699999999996,420.2107806039999,0.1613892861220195,4.857212976925581,0.033094135335693,-0.0127870230744191,7,26,-3.3,-0.9
CC[C@@H]1[C@H](C(=O)O)C(=O)O[C@H]([C@@](O)(NC(=O)CCC[C@@H](C)O)[C@H](C)O)C1(O)O,C[C@H](O)[C@](O)(NC(=O)CCC[C@@H](C)O)[C@H]1OC(=O)[C@@H](C(=O)O)[C@@H](C(=O)O)C1(O)O,[*]CC,[*]C(=O)O,[*:1]-[CH2]-[CH3]>>[*:1]-[CH0](=[OH0])-[OH1],27,-3.2689999999999944,423.13767524,0.1036560936425786,4.821178423911028,-0.0246390571437478,-0.0488215760889723,7,27,-3.3,-3.8
CC[C@@H]1[C@H](C(=O)O)C(=O)O[C@H]([C@@](O)(NC(=O)CCC[C@@H](C)O)[C@H](C)O)C1(O)O,CC[C@@H]1[C@H](N2CCN(C)CC2)C(=O)O[C@H]([C@@](O)(NC(=O)CCC[C@@H](C)O)[C@H](C)O)C1(O)O,[*]C(=O)O,[*]N1CCN(C)CC1,[*:1]-[CH0](=[OH0])-[OH1]>>[*:1]-[NH0]1-[CH2]-[CH2]-[NH0](-[CH3])-[CH2]-[CH2]-1,14,-2.0283999999999933,461.273715208,0.1667247400317373,4.798299481058211,0.0384295892454108,-0.0717005189417889,7,28,-3.3,-0.3
CC[C@@H]1[C@H](C(=O)O)C(=O)O[C@H]([C@@](O)(NC(=O)CCC[C@@H](C)O)[C@H](C)O)C1(O)O,CC[C@@H]1[C@H](C(=O)O)C(=O)O[C@H]([C@@](O)(OCC(=O)CCC[C@@H](C)O)[C@H](C)O)C1(O)O,[*]N[*],[*]OC[*],[*:1]-[NH1]-[*:2]>>[*:1]-[OH0]-[CH2]-[*:2],105,-1.4740999999999975,422.1788117799999,0.1293079143809669,5.002868976925582,0.0010127635946404,0.1328689769255815,7,29,-3.3,-4.4
CC[C@@H]1[C@H](C(=O)O)C(=O)O[C@H]([C@@](O)(NC(=O)CCC[C@@H](C)O)[C@H](C)O)C1(O)O,CC[C@@H]1[C@H](C(=O)O)C(=O)O[C@H]([C@@](O)(OCC(=O)CCC[C@@H](C)O)[C@H](C)O)C1(O)O,[*]N[*],[*]OC[*],[*:1]-[NH1]-[*:2]>>[*:1]-[OH0]-[CH2]-[*:2],105,-1.4740999999999975,422.1788117799999,0.1293079143809669,5.002868976925582,0.0010127635946404,0.1328689769255815,7,30,-3.3,-4.3
CC[C@@H]1[C@H](C(=O)O)C(=O)O[C@H]([C@@](O)(NC(=O)CCC[C@@H](C)O)[C@H](C)O)C1(O)O,CC[C@@H]1[C@H](CCO)C(=O)O[C@H]([C@@](O)(NC(=O)CCC[C@@H](C)O)[C@H](C)O)C1(O)O,[*]C(=O)O,[*]CCO,[*:1]-[CH0](=[OH0])-[OH1]>>[*:1]-[CH2]-[CH2]-[OH1],26,-1.6457999999999977,407.215531636,0.1651499519567946,4.907374904598105,0.0368548011704681,0.0373749045981046,7,31,-3.3,-4.6
CC[C@@H]1[C@H](C(=O)O)C(=O)O[C@H]([C@@](O)(NC(=O)CCC[C@@H](C)O)[C@H](C)O)C1(O)O,C[C@H](O)[C@](O)(NC(=O)CCC[C@@H](C)O)[C@H]1OC(=O)[C@@H](C(=O)O)[C@@H](CF)C1(O)O,[*]CC,[*]CF,[*:1]-[CH2]-[CH3]>>[*:1]-[CH2]-[FH0],29,-2.384099999999997,411.15407425199993,0.122255595359757,5.015250984682404,-0.0060395554265694,0.1452509846824039,7,32,-3.3,-3.9
CC[C@@H]1[C@H](C(=O)O)C(=O)O[C@H]([C@@](O)(NC(=O)CCC[C@@H](C)O)[C@H](C)O)C1(O)O,C[C@H](O)[C@](O)(NC(=O)CCC[C@@H](C)O)[C@H]1OC(=O)[C@@H](C(=O)O)[C@@H](C(N)=O)C1(O)O,[*]CC,[*]C(N)=O,[*:1]-[CH2]-[CH3]>>[*:1]-[CH0](-[NH2])=[OH0],52,-3.868299999999994,422.15365965199993,0.1015462185029818,4.866713559046163,-0.0267489322833446,-0.0032864409538371,7,33,-3.3,-4.0
CC[C@@H]1[C@H](C(=O)O)C(=O)O[C@H]([C@@](O)(NC(=O)CCC[C@@H](C)O)[C@H](C)O)C1(O)O,C[C@H](O)[C@](O)(NC(=O)CCC[C@@H](C)O)[C@H]1OC(=O)[C@@H](C(=O)O)[C@@H](C2CC2)C1(O)O,[*]CC,[*]C1CC1,[*:1]-[CH2]-[CH3]>>[*:1]-[CH1]1-[CH2]-[CH2]-1,588,-1.9435999999999976,419.179146128,0.1254540865387416,4.862365592310197,-0.0028410642475848,-0.0076344076898031,7,34,-3.3,-4.9
CC[C@@H]1[C@H](C(=O)O)C(=O)O[C@H]([C@@](O)(NC(=O)CCC[C@@H](C)O)[C@H](C)O)C1(O)O,CCN[C@@H]1[C@H](C(=O)O)C(=O)O[C@H]([C@@](O)(NC(=O)CCC[C@@H](C)O)[C@H](C)O)C1(O)O,[*]CC,[*]NCC,[*:1]-[CH2]-[CH3]>>[*:1]-[NH1]-[CH2]-[CH3],19,-2.991699999999994,422.19004516,0.1011416276670307,4.94108374615635,-0.0271535231192957,0.0710837461563498,7,35,-3.3,-4.4
CC[C@@H]1[C@H](C(=O)O)C(=O)O[C@H]([C@@](O)(NC(=O)CCC[C@@H](C)O)[C@H](C)O)C1(O)O,COC[C@@H]1[C@H](C(=O)O)C(=O)O[C@H]([C@@](O)(NC(=O)CCC[C@@H](C)O)[C@H](C)O)C1(O)O,[*]CC,[*]COC,[*:1]-[CH2]-[CH3]>>[*:1]-[CH2]-[OH0]-[CH3],168,-2.7071999999999945,423.17406074799993,0.1093096526552868,4.898369284617889,-0.0189854981310396,0.0283692846178889,7,36,-3.3,-4.9
CC[C@@H]1[C@H](C(=O)O)C(=O)O[C@H]([C@@](O)(NC(=O)CCC[C@@H](C)O)[C@H](C)O)C1(O)O,CCO[C@@H]1[C@H](C(=O)O)C(=O)O[C@H]([C@@](O)(NC(=O)CCC[C@@H](C)O)[C@H](C)O)C1(O)O,[*]CC,[*]OCC,[*:1]-[CH2]-[CH3]>>[*:1]-[OH0]-[CH2]-[CH3],292,-2.5646999999999958,423.17406074799993,0.1105239290894286,4.876076976925582,-0.0177712216968979,0.0060769769255815,7,37,-3.3,-4.9
CC[C@@H]1[C@H](C(=O)O)C(=O)O[C@H]([C@@](O)(NC(=O)CCC[C@@H](C)O)[C@H](C)O)C1(O)O,CC[C@@H]1[C@H](COC)C(=O)O[C@H]([C@@](O)(NC(=O)CCC[C@@H](C)O)[C@H](C)O)C1(O)O,[*]C(=O)O,[*]COC,[*:1]-[CH0](=[OH0])-[OH1]>>[*:1]-[CH2]-[OH0]-[CH3],25,-1.381799999999998,407.215531636,0.1889133599673249,4.893308729677134,0.0606182091809983,0.0233087296771339,7,38,-3.3,-3.1
CC[C@@H]1[C@H](C(=O)O)C(=O)O[C@H]([C@@](O)(NC(=O)CCC[C@@H](C)O)[C@H](C)O)C1(O)O,C[C@H](O)[C@](O)(NC(=O)CCC[C@@H](C)O)[C@H]1OC(=O)[C@@H](C(=O)O)[C@@H](C(=O)N(C)C)C1(O)O,[*]CC,[*]C(=O)N(C)C,[*:1]-[CH2]-[CH3]>>[*:1]-[CH0](=[OH0])-[NH0](-[CH3])-[CH3],18,-3.265399999999992,450.18495977999993,0.1050734786538729,4.866714426971701,-0.0232216721324535,-0.0032855730282994,7,39,-3.3,-3.2
CC[C@@H]1[C@H](C(=O)O)C(=O)O[C@H]([C@@](O)(NC(=O)CCC[C@@H](C)O)[C@H](C)O)C1(O)O,CN[C@@H]1[C@H](C(=O)O)C(=O)O[C@H]([C@@](O)(NC(=O)CCC[C@@H](C)O)[C@H](C)O)C1(O)O,[*]CC,[*]NC,[*:1]-[CH2]-[CH3]>>[*:1]-[NH1]-[CH3],44,-3.381799999999993,408.174395096,0.1072332216219004,4.923931753913173,-0.0210619291644261,0.0539317539131731,7,40,-3.3,-4.0
CC[C@@H]1[C@H](C(=O)O)C(=O)O[C@H]([C@@](O)(NC(=O)CCC[C@@H](C)O)[C@H](C)O)C1(O)O,CC(C)[C@@H]1[C@H](C(=O)O)C(=O)O[C@H]([C@@](O)(NC(=O)CCC[C@@H](C)O)[C@H](C)O)C1(O)O,[*]CC,[*]C(C)C,[*:1]-[CH2]-[CH3]>>[*:1]-[CH1](-[CH3])-[CH3],1233,-1.6975999999999976,421.194796192,0.1281115727803256,4.879422082954687,-0.0001835780060009,0.0094220829546864,7,41,-3.3,-4.8
CC[C@@H]1[C@H](C(=O)O)C(=O)O[C@H]([C@@](O)(NC(=O)CCC[C@@H](C)O)[C@H](C)O)C1(O)O,CSC[C@@H]1[C@H](C(=O)O)C(=O)O[C@H]([C@@](O)(NC(=O)CCC[C@@H](C)O)[C@H](C)O)C1(O)O,[*]CC,[*]CSC,[*:1]-[CH2]-[CH3]>>[*:1]-[CH2]-[SH0]-[CH3],13,-1.9905999999999973,439.151217128,0.113100084626461,5.017826515387121,-0.0151950661598654,0.1478265153871207,7,42,-3.3,-3.9
CC[C@@H]1[C@H](C(=O)O)C(=O)O[C@H]([C@@](O)(NC(=O)CCC[C@@H](C)O)[C@H](C)O)C1(O)O,CC[C@@H]1[C@H](C(=O)O)C(=O)O[C@H]([C@@](O)(CNC(=O)CCC[C@@H](C)O)[C@H](C)O)C1(O)O,[*]N[*],[*]NC[*],[*:1]-[NH1]-[*:2]>>[*:1]-[NH1]-[CH2]-[*:2],1418,-1.901099999999997,421.1947961919999,0.1189067007855318,4.794388361540967,-0.0093884500007946,-0.0756116384590335,7,43,-3.3,-3.8
CC[C@@H]1[C@H](C(=O)O)C(=O)O[C@H]([C@@](O)(NC(=O)CCC[C@@H](C)O)[C@H](C)O)C1(O)O,CC[C@@H]1[C@H](C(=O)O)C(=O)O[C@H]([C@@](O)(NCC(=O)CCC[C@@H](C)O)[C@H](C)O)C1(O)O,[*]N[*],[*]NC[*],[*:1]-[NH1]-[*:2]>>[*:1]-[NH1]-[CH2]-[*:2],1418,-1.901099999999996,421.194796192,0.1118241684992341,5.001067130771736,-0.0164709822870924,0.1310671307717354,7,44,-3.3,-3.8
CC[C@@H]1[C@H](C(=O)O)C(=O)O[C@H]([C@@](O)(NC(=O)CCC[C@@H](C)O)[C@H](C)O)C1(O)O,CCC[C@@H]1[C@H](C(=O)O)C(=O)O[C@H]([C@@](O)(NC(=O)CCC[C@@H](C)O)[C@H](C)O)C1(O)O,[*]CC,[*]CCC,[*:1]-[CH2]-[CH3]>>[*:1]-[CH2]-[CH2]-[CH3],972,-1.553499999999998,421.194796192,0.1232109905300538,4.8605969769255815,-0.0050841602562726,-0.0094030230744186,7,45,-3.3,-4.9
CC[C@@H]1[C@H](C(=O)O)C(=O)O[C@H]([C@@](O)(NC(=O)CCC[C@@H](C)O)[C@H](C)O)C1(O)O,C[C@H](O)[C@](O)(NC(=O)CCC[C@@H](C)O)[C@H]1OC(=O)[C@@H](C(=O)O)[C@@H](CN(C)C)C1(O)O,[*]CC,[*]CN(C)C,[*:1]-[CH2]-[CH3]>>[*:1]-[CH2]-[NH0](-[CH3])-[CH3],21,-2.791999999999994,436.205695224,0.1061088010564526,4.906737652578111,-0.0221863497298739,0.0367376525781111,7,46,-3.3,-3.0
CC[C@@H]1[C@H](C(=O)O)C(=O)O[C@H]([C@@](O)(NC(=O)CCC[C@@H](C)O)[C@H](C)O)C1(O)O,CC[C@@H]1[C@H](N2CCOCC2)C(=O)O[C@H]([C@@](O)(NC(=O)CCC[C@@H](C)O)[C@H](C)O)C1(O)O,[*]C(=O)O,[*]N1CCOCC1,[*:1]-[CH0](=[OH0])-[OH1]>>[*:1]-[NH0]1-[CH2]-[CH2]-[OH0]-[CH2]-[CH2]-1,37,-1.943599999999994,448.2420807319999,0.1722617089733716,4.827987366050312,0.043966558187045,-0.042012633949688,7,47,-3.3,0.3
CC[C@@H]1[C@H](C(=O)O)C(=O)O[C@H]([C@@](O)(NC(=O)CCC[C@@H](C)O)[C@H](C)O)C1(O)O,CC[C@@H]1[C@H](C(F)(F)F)C(=O)O[C@H]([C@@](O)(NC(=O)CCC[C@@H](C)O)[C@H](C)O)C1(O)O,[*]C(=O)O,[*]C(F)(F)F,[*:1]-[CH0](=[OH0])-[OH1]>>[*:1]-[CH0](-[FH0])(-[FH0])-[FH0],118,-0.4659000000000008,431.1767015159999,0.2225831094625257,5.004144120376726,0.0942879586761992,0.1341441203767255,7,48,-3.3,-4.1
CC[C@@H]1[C@H](C(=O)O)C(=O)O[C@H]([C@@](O)(NC(=O)CCC[C@@H](C)O)[C@H](C)O)C1(O)O,CC[C@@H]1[C@H](CC(N)=O)C(=O)O[C@H]([C@@](O)(NC(=O)CCC[C@@H](C)O)[C@H](C)O)C1(O)O,[*]C(=O)O,[*]CC(N)=O,[*:1]-[CH0](=[OH0])-[OH1]>>[*:1]-[CH2]-[CH0](-[NH2])=[OH0],13,-2.152799999999995,420.2107806039999,0.1519008018020947,4.900381592310197,0.0236056510157681,0.0303815923101966,7,49,-3.3,-2.6
CC[C@@H]1[C@H](C(=O)O)C(=O)O[C@H]([C@@](O)(NC(=O)CCC[C@@H](C)O)[C@H](C)O)C1(O)O,CC[C@@H]1[C@H](OC(C)C)C(=O)O[C@H]([C@@](O)(NC(=O)CCC[C@@H](C)O)[C@H](C)O)C1(O)O,[*]C(=O)O,[*]OC(C)C,[*:1]-[CH0](=[OH0])-[OH1]>>[*:1]-[OH0]-[CH1](-[CH3])-[CH3],12,-0.8507999999999987,421.2311817,0.194496057265767,4.923513900002504,0.0662009064794404,0.0535139000025042,7,50,-3.3,-2.6
CC[C@@H]1[C@H](C(=O)O)C(=O)O[C@H]([C@@](O)(NC(=O)CCC[C@@H](C)O)[C@H](C)O)C1(O)O,C[C@H](O)[C@](O)(NC(=O)CCC[C@@H](C)O)[C@H]1OC(=O)[C@@H](C(=O)O)[C@@H](N2CCCC2)C1(O)O,[*]CC,[*]N1CCCC1,[*:1]-[CH2]-[CH3]>>[*:1]-[NH0]1-[CH2]-[CH2]-[CH2]-[CH2]-1,29,-2.505399999999995,448.205695224,0.1117361263949386,4.812887856567729,-0.0165590243913878,-0.0571121434322714,7,51,-3.3,-4.3
CC[C@@H]1[C@H](C(=O)O)C(=O)O[C@H]([C@@](O)(NC(=O)CCC[C@@H](C)O)[C@H](C)O)C1(O)O,C[C@H](O)[C@](O)(NC(=O)CCC[C@@H](C)O)[C@H]1OC(=O)[C@@H](C(=O)O)[C@@H](CN2CCOCC2)C1(O)O,[*]CC,[*]CN1CCOCC1,[*:1]-[CH2]-[CH3]>>[*:1]-[CH2]-[NH0]1-[CH2]-[CH2]-[OH0]-[CH2]-[CH2]-1,13,-3.0213999999999923,478.2162599079999,0.0951256434050096,4.828555289613664,-0.0331695073813168,-0.0414447103863357,7,52,-3.3,-4.0
CC[C@@H]1[C@H](C(=O)O)C(=O)O[C@H]([C@@](O)(NC(=O)CCC[C@@H](C)O)[C@H](C)O)C1(O)O,CC(=O)N[C@@H]1[C@H](C(=O)O)C(=O)O[C@H]([C@@](O)(NC(=O)CCC[C@@H](C)O)[C@H](C)O)C1(O)O,[*]CC,[*]NC(C)=O,[*:1]-[CH2]-[CH3]>>[*:1]-[NH1]-[CH0](-[CH3])=[OH0],35,-3.465099999999993,436.16930971599993,0.1006711344822854,4.860874515714974,-0.027624016304041,-0.0091254842850263,7,53,-3.3,-3.8
CC[C@@H]1[C@H](C(=O)O)C(=O)O[C@H]([C@@](O)(NC(=O)CCC[C@@H](C)O)[C@H](C)O)C1(O)O,CC[C@@H]1[C@H](OC(F)(F)F)C(=O)O[C@H]([C@@](O)(NC(=O)CCC[C@@H](C)O)[C@H](C)O)C1(O)O,[*]C(=O)O,[*]OC(F)(F)F,[*:1]-[CH0](=[OH0])-[OH1]>>[*:1]-[OH0]-[CH0](-[FH0])(-[FH0])-[FH0],36,-0.7394000000000003,447.171616136,0.1971530062666765,5.035113077153536,0.06885785548035,0.1651130771535358,7,54,-3.3,-5.4
CC[C@@H]1[C@H](C(=O)O)C(=O)O[C@H]([C@@](O)(NC(=O)CCC[C@@H](C)O)[C@H](C)O)C1(O)O,CC[C@@H]1[C@H](C(=O)O)C(=O)O[C@H]([C@](O)([C@H](C)O)N(C)CC(=O)CCC[C@@H](C)O)C1(O)O,[*]N[*],[*]N(C)C[*],[*:1]-[NH1]-[*:2]>>[*:1]-[NH0](-[CH3])-[CH2]-[*:2],69,-1.5588999999999968,435.210446256,0.1252187290927411,5.036762028202487,-0.0030764216935854,0.1667620282024868,7,55,-3.3,-2.1
CC[C@@H]1[C@H](C(=O)O)C(=O)O[C@H]([C@@](O)(NC(=O)CCC[C@@H](C)O)[C@H](C)O)C1(O)O,CC[C@@H]1[C@H](C(=O)O)C(=O)O[C@H]([C@](O)([C@H](C)O)N(C)CC(=O)CCC[C@@H](C)O)C1(O)O,[*]N[*],[*]N(C)C[*],[*:1]-[NH1]-[*:2]>>[*:1]-[NH0](-[CH3])-[CH2]-[*:2],69,-1.5588999999999968,435.210446256,0.1252187290927411,5.036762028202487,-0.0030764216935854,0.1667620282024868,7,56,-3.3,-2.0
CC[C@@H]1[C@H](C(=O)O)C(=O)O[C@H]([C@@](O)(NC(=O)CCC[C@@H](C)O)[C@H](C)O)C1(O)O,C[C@H](O)[C@](O)(NC(=O)CCC[C@@H](C)O)[C@H]1OC(=O)[C@@H](C(=O)O)[C@@H](CC(N)=O)C1(O)O,[*]CC,[*]CC(N)=O,[*:1]-[CH2]-[CH3]>>[*:1]-[CH2]-[CH0](-[NH2])=[OH0],25,-3.478199999999993,436.16930971599993,0.0949980223743418,4.888050739491198,-0.0332971284119846,0.0180507394911977,7,57,-3.3,-4.4
CC[C@@H]1[C@H](C(=O)O)C(=O)O[C@H]([C@@](O)(NC(=O)CCC[C@@H](C)O)[C@H](C)O)C1(O)O,C[C@H](O)[C@](O)(NC(=O)CCC[C@@H](C)O)[C@H]1OC(=O)[C@@H](C(=O)O)[C@@H](CC#N)C1(O)O,[*]CC,[*]CC#N,[*:1]-[CH2]-[CH3]>>[*:1]-[CH2]-[CH0]#[NH0],42,-2.439919999999996,418.158745032,0.1184247350167324,5.009919438464043,-0.009870415769594,0.1399194384640427,7,58,-3.3,-3.8
CC[C@@H]1[C@H](C(=O)O)C(=O)O[C@H]([C@@](O)(NC(=O)CCC[C@@H](C)O)[C@H](C)O)C1(O)O,CC[C@@H]1[C@H](C(=O)O)C(=O)O[C@H]([C@@](O)(C(=O)C(=O)CCC[C@@H](C)O)[C@H](C)O)C1(O)O,[*]N[*],[*]C([*])=O,[*:1]-[NH1]-[*:2]>>[*:1]-[CH0](-[*:2])=[OH0],41,-1.8790999999999976,420.1631617159999,0.0999969836513883,4.946559089191693,-0.0282981671349381,0.0765590891916927,7,59,-3.3,-2.7
CC[C@@H]1[C@H](C(=O)O)C(=O)O[C@H]([C@@](O)(NC(=O)CCC[C@@H](C)O)[C@H](C)O)C1(O)O,CC[C@@H]1[C@H](C(=O)O)C(=O)O[C@H]([C@@](O)(C(=O)C(=O)CCC[C@@H](C)O)[C@H](C)O)C1(O)O,[*]N[*],[*]C([*])=O,[*:1]-[NH1]-[*:2]>>[*:1]-[CH0](-[*:2])=[OH0],41,-1.879099999999997,420.1631617159999,0.0999969836513883,4.946559089191693,-0.0282981671349381,0.0765590891916927,7,60,-3.3,-2.7
CC[C@@H]1[C@H](C(=O)O)C(=O)O[C@H]([C@@](O)(NC(=O)CCC[C@@H](C)O)[C@H](C)O)C1(O)O,C[C@H](O)[C@](O)(NC(=O)CCC[C@@H](C)O)[C@H]1OC(=O)[C@@H](C(=O)O)[C@@H](N2CCC2)C1(O)O,[*]CC,[*]N1CCC1,[*:1]-[CH2]-[CH3]>>[*:1]-[NH0]1-[CH2]-[CH2]-[CH2]-1,12,-2.895499999999993,434.19004516,0.111636625902458,4.852258892876275,-0.0166585248838684,-0.017741107123725,7,61,-3.3,-4.2
CC[C@@H]1[C@H](C(=O)O)C(=O)O[C@H]([C@@](O)(NC(=O)CCC[C@@H](C)O)[C@H](C)O)C1(O)O,CC[C@@H]1[C@H](C(=O)N2CCC2)C(=O)O[C@H]([C@@](O)(NC(=O)CCC[C@@H](C)O)[C@H](C)O)C1(O)O,[*]C(=O)O,[*]C(=O)N1CCC1,[*:1]-[CH0](=[OH0])-[OH1]>>[*:1]-[CH0](=[OH0])-[NH0]1-[CH2]-[CH2]-[CH2]-1,12,-1.7958999999999956,446.2264306679999,0.1355056821975637,4.808206972681967,0.0072105314112372,-0.0617930273180329,7,62,-3.3,-0.7
CC[C@@H]1[C@H](C(=O)O)C(=O)O[C@H]([C@@](O)(NC(=O)CCC[C@@H](C)O)[C@H](C)O)C1(O)O,CC[C@@H]1[C@H](CC(=O)O)C(=O)O[C@H]([C@@](O)(NC(=O)CCC[C@@H](C)O)[C@H](C)O)C1(O)O,[*]C(=O)O,[*]CC(=O)O,[*:1]-[CH0](=[OH0])-[OH1]>>[*:1]-[CH2]-[CH0](=[OH0])-[OH1],212,-1.553499999999998,421.194796192,0.1602065235225242,4.84913974615635,0.0319113727361977,-0.0208602538436499,7,63,-3.3,-2.4
CC[C@@H]1[C@H](C(=O)O)C(=O)O[C@H]([C@@](O)(NC(=O)CCC[C@@H](C)O)[C@H](C)O)C1(O)O,C[C@H](O)[C@](O)(NC(=O)CCC[C@@H](C)O)[C@H]1OC(=O)[C@@H](C(=O)O)[C@@H](CC(=O)O)C1(O)O,[*]CC,[*]CC(=O)O,[*:1]-[CH2]-[CH3]>>[*:1]-[CH2]-[CH0](=[OH0])-[OH1],24,-2.878899999999995,437.153325304,0.0978077923471587,4.860491498731957,-0.0304873584391678,-0.0095085012680433,7,64,-3.3,-4.3
CC[C@@H]1[C@H](C(=O)O)C(=O)O[C@H]([C@@](O)(NC(=O)CCC[C@@H](C)O)[C@H](C)O)C1(O)O,CCNC(=O)[C@@H]1C(=O)O[C@H]([C@@](O)(NC(=O)CCC[C@@H](C)O)[C@H](C)O)C(O)(O)[C@@H]1CC,[*]C(=O)O,[*]C(=O)NCC,[*:1]-[CH0](=[OH0])-[OH1]>>[*:1]-[CH0](=[OH0])-[NH1]-[CH2]-[CH3],40,-1.8920999999999952,434.2264306679999,0.1171953941911277,4.850961259740181,-0.0110997565951987,-0.0190387402598188,7,65,-3.3,-1.4
CC[C@@H]1[C@H](C(=O)O)C(=O)O[C@H]([C@@](O)(NC(=O)CCC[C@@H](C)O)[C@H](C)O)C1(O)O,C[C@H](O)[C@](O)(NC(=O)CCC[C@@H](C)O)[C@H]1OC(=O)[C@@H](C(=O)O)[C@@H](C2COC2)C1(O)O,[*]CC,[*]C1COC1,[*:1]-[CH2]-[CH3]>>[*:1]-[CH1]1-[CH2]-[OH0]-[CH2]-1,11,-2.7071999999999945,435.174060748,0.1126729368565287,4.977419247905861,-0.0156222139297977,0.1074192479058613,7,66,-3.3,-4.0
CC[C@@H]1[C@H](C(=O)O)C(=O)O[C@H]([C@@](O)(NC(=O)CCC[C@@H](C)O)[C@H](C)O)C1(O)O,CC[C@@H]1[C@H](C(=O)N2CCCCC2)C(=O)O[C@H]([C@@](O)(NC(=O)CCC[C@@H](C)O)[C@H](C)O)C1(O)O,[*]C(=O)O,[*]C(=O)N1CCCCC1,[*:1]-[CH0](=[OH0])-[OH1]>>[*:1]-[CH0](=[OH0])-[NH0]1-[CH2]-[CH2]-[CH2]-[CH2]-[CH2]-1,29,-1.0156999999999985,474.2577307959999,0.1387106183382253,4.737726093809469,0.0104154675518988,-0.1322739061905311,7,67,-3.3,-0.0
CC[C@@H]1[C@H](C(=O)O)C(=O)O[C@H]([C@@](O)(NC(=O)CCC[C@@H](C)O)[C@H](C)O)C1(O)O,CC[C@@H]1[C@H](C(=O)O)C(=O)O[C@H]([C@@](O)(OC(=O)NC(=O)CCC[C@@H](C)O)[C@H](C)O)C1(O)O,[*]N[*],[*]OC(=O)N[*],[*:1]-[NH1]-[*:2]>>[*:1]-[OH0]-[CH0](=[OH0])-[NH1]-[*:2],45,-1.8069999999999984,451.1689753679999,0.1171226316434888,4.870990412852908,-0.0111725191428376,0.0009904128529081,7,68,-3.3,-4.0
CC[C@@H]1[C@H](C(=O)O)C(=O)O[C@H]([C@@](O)(NC(=O)CCC[C@@H](C)O)[C@H](C)O)C1(O)O,CC[C@@H]1[C@H](C(=O)O)C(=O)O[C@H]([C@@](O)(OC(=O)NC(=O)CCC[C@@H](C)O)[C@H](C)O)C1(O)O,[*]N[*],[*]OC(=O)N[*],[*:1]-[NH1]-[*:2]>>[*:1]-[OH0]-[CH0](=[OH0])-[NH1]-[*:2],45,-1.8069999999999984,451.1689753679999,0.1171226316434888,4.870990412852908,-0.0111725191428376,0.0009904128529081,7,69,-3.3,-3.6
CC[C@@H]1[C@H](C(=O)O)C(=O)O[C@H]([C@@](O)(NC(=O)CCC[C@@H](C)O)[C@H](C)O)C1(O)O,CC[C@@H]1[C@H](C(=O)N2CCCC2)C(=O)O[C@H]([C@@](O)(NC(=O)CCC[C@@H](C)O)[C@H](C)O)C1(O)O,[*]C(=O)O,[*]C(=O)N1CCCC1,[*:1]-[CH0](=[OH0])-[OH1]>>[*:1]-[CH0](=[OH0])-[NH0]1-[CH2]-[CH2]-[CH2]-[CH2]-1,20,-1.4057999999999962,460.2420807319999,0.1370865708187569,4.76133839508536,0.0087914200324304,-0.1086616049146398,7,70,-3.3,-1.9
CC[C@@H]1[C@H](C(=O)O)C(=O)O[C@H]([C@@](O)(NC(=O)CCC[C@@H](C)O)[C@H](C)O)C1(O)O,CC[C@@H]1[C@H](C(=O)O)C(=O)O[C@H]([C@@](O)(CC(=O)NC(=O)CCC[C@@H](C)O)[C@H](C)O)C1(O)O,[*]N[*],[*]NC(=O)C[*],[*:1]-[NH1]-[*:2]>>[*:1]-[NH1]-[CH0](=[OH0])-[CH2]-[*:2],10,-1.9843999999999973,449.1897108119999,0.1102198562056659,4.839192720545214,-0.0180752945806605,-0.0308072794547857,7,71,-3.3,-3.0
CC[C@@H]1[C@H](C(=O)O)C(=O)O[C@H]([C@@](O)(NC(=O)CCC[C@@H](C)O)[C@H](C)O)C1(O)O,CC[C@@H]1[C@H](C(=O)O)C(=O)O[C@H]([C@@](O)(CC(=O)NC(=O)CCC[C@@H](C)O)[C@H](C)O)C1(O)O,[*]N[*],[*]NC(=O)C[*],[*:1]-[NH1]-[*:2]>>[*:1]-[NH1]-[CH0](=[OH0])-[CH2]-[*:2],10,-1.9843999999999973,449.1897108119999,0.1102198562056659,4.839192720545214,-0.0180752945806605,-0.0308072794547857,7,72,-3.3,-3.1
CC[C@@H]1[C@H](C(=O)O)C(=O)O[C@H]([C@@](O)(NC(=O)CCC[C@@H](C)O)[C@H](C)O)C1(O)O,C[C@H](O)[C@](O)(NC(=O)CCC[C@@H](C)O)[C@H]1OC(=O)[C@@H](C(=O)O)[C@@H](C(C)(C)C)C1(O)O,[*]CC,[*]C(C)(C)C,[*:1]-[CH2]-[CH3]>>[*:1]-[CH0](-[CH3])(-[CH3])-[CH3],335,-1.307499999999998,435.210446256,0.1366671363356941,4.8794875132437605,0.0083719855493676,0.0094875132437604,7,73,-3.3,-4.2
CC[C@@H]1[C@H](C(=O)O)C(=O)O[C@H]([C@@](O)(NC(=O)CCC[C@@H](C)O)[C@H](C)O)C1(O)O,C[C@H](O)[C@](O)(NC(=O)CCC[C@@H](C)O)[C@H]1OC(=O)[C@@H](C(=O)O)[C@@H](N2CCCCC2)C1(O)O,[*]CC,[*]N1CCCCC1,[*:1]-[CH2]-[CH3]>>[*:1]-[NH0]1-[CH2]-[CH2]-[CH2]-[CH2]-[CH2]-1,21,-2.115299999999995,462.221345288,0.1123698810277971,4.784195951646447,-0.0159252697585293,-0.0858040483535527,7,74,-3.3,-3.2
CC[C@@H]1[C@H](C(=O)O)C(=O)O[C@H]([C@@](O)(NC(=O)CCC[C@@H](C)O)[C@H](C)O)C1(O)O,C[C@H](O)[C@](O)(NC(=O)CCC[C@@H](C)O)[C@H]1OC(=O)[C@@H](C(=O)O)[C@@H](OCC#N)C1(O)O,[*]CC,[*]OCC#N,[*:1]-[CH2]-[CH3]>>[*:1]-[OH0]-[CH2]-[CH0]#[NH0],10,-3.0610199999999934,434.15365965199993,0.1032554797103568,5.027240549681009,-0.0250396710759696,0.1572405496810089,7,75,-3.3,-3.8
CC[C@@H]1[C@H](C(=O)O)C(=O)O[C@H]([C@@](O)(NC(=O)CCC[C@@H](C)O)[C@H](C)O)C1(O)O,CC[C@@H]1[C@H](N2CCCCC2)C(=O)O[C@H]([C@@](O)(NC(=O)CCC[C@@H](C)O)[C@H](C)O)C1(O)O,[*]C(=O)O,[*]N1CCCCC1,[*:1]-[CH0](=[OH0])-[OH1]>>[*:1]-[NH0]1-[CH2]-[CH2]-[CH2]-[CH2]-[CH2]-1,10,-0.7898999999999976,446.262816176,0.1969989596981139,4.754220730276448,0.0687038089117874,-0.1157792697235517,7,76,-3.3,0.3
CC[C@@H]1[C@H](C(=O)O)C(=O)O[C@H]([C@@](O)(NC(=O)CCC[C@@H](C)O)[C@H](C)O)C1(O)O,CC[C@@H]1[C@H](C(=O)NC2CC2)C(=O)O[C@H]([C@@](O)(NC(=O)CCC[C@@H](C)O)[C@H](C)O)C1(O)O,[*]C(=O)O,[*]C(=O)NC1CC1,[*:1]-[CH0](=[OH0])-[OH1]>>[*:1]-[CH0](=[OH0])-[NH1]-[CH1]1-[CH2]-[CH2]-1,32,-1.7495999999999965,446.2264306679999,0.1160443535177805,4.83394201541701,-0.0122507972685459,-0.0360579845829898,7,77,-3.3,-1.3
CC[C@@H]1[C@H](C(=O)O)C(=O)O[C@H]([C@@](O)(NC(=O)CCC[C@@H](C)O)[C@H](C)O)C1(O)O,C[C@H](O)[C@](O)(NC(=O)CCC[C@@H](C)O)[C@H]1OC(=O)[C@@H](C(=O)O)[C@@H](CC2CC2)C1(O)O,[*]CC,[*]CC1CC1,[*:1]-[CH2]-[CH3]>>[*:1]-[CH2]-[CH1]1-[CH2]-[CH2]-1,98,-1.553499999999998,433.194796192,0.1203475964718138,4.909605046722428,-0.0079475543145126,0.0396050467224275,7,78,-3.3,-5.1
CC[C@@H]1[C@H](C(=O)O)C(=O)O[C@H]([C@@](O)(NC(=O)CCC[C@@H](C)O)[C@H](C)O)C1(O)O,CC[C@@H]1[C@H](C(=O)O)C(=O)O[C@H]([C@](O)([C@H](C)O)N(CC)C(=O)CCC[C@@H](C)O)C1(O)O,[*]N[*],[*]N([*])CC,[*:1]-[NH1]-[*:2]>>[*:1]-[NH0](-[*:2])-[CH2]-[CH3],549,-1.2112999999999978,435.2104462559999,0.1381068153921675,4.942566823407282,0.009811664605841,0.072566823407282,7,79,-3.3,-0.0
CC[C@@H]1[C@H](C(=O)O)C(=O)O[C@H]([C@@](O)(NC(=O)CCC[C@@H](C)O)[C@H](C)O)C1(O)O,CC[C@@H]1[C@H](C(=O)O)C(=O)O[C@H]([C@](O)([C@H](C)O)N(CC)C(=O)CCC[C@@H](C)O)C1(O)O,[*]N[*],[*]N([*])CC,[*:1]-[NH1]-[*:2]>>[*:1]-[NH0](-[*:2])-[CH2]-[CH3],549,-1.2112999999999976,435.210446256,0.1381068153921675,4.942566823407282,0.009811664605841,0.072566823407282,7,80,-3.3,-1.0
CC[C@@H]1[C@H](C(=O)O)C(=O)O[C@H]([C@@](O)(NC(=O)CCC[C@@H](C)O)[C@H](C)O)C1(O)O,C[C@H](O)[C@](O)(NC(=O)CCC[C@@H](C)O)[C@H]1OC(=O)[C@@H](C(=O)O)[C@@H](N2CCOCC2)C1(O)O,[*]CC,[*]N1CCOCC1,[*:1]-[CH2]-[CH3]>>[*:1]-[NH0]1-[CH2]-[CH2]-[OH0]-[CH2]-[CH2]-1,53,-3.2689999999999926,464.2006098439999,0.1019119075480089,4.85622690187269,-0.0263832432383175,-0.0137730981273103,7,81,-3.3,-0.7
CC[C@@H]1[C@H](C(=O)O)C(=O)O[C@H]([C@@](O)(NC(=O)CCC[C@@H](C)O)[C@H](C)O)C1(O)O,CC[C@@H]1[C@H](C(=O)O)C(=O)O[C@H]([C@@](O)(CCOC(=O)CCC[C@@H](C)O)[C@H](C)O)C1(O)O,[*]N[*],[*]OCC[*],[*:1]-[NH1]-[*:2]>>[*:1]-[OH0]-[CH2]-[CH2]-[*:2],17,-1.0839999999999992,436.1944618439999,0.1310545826170901,4.814812147314144,0.0027594318307636,-0.0551878526858562,7,82,-3.3,-3.7
CC[C@@H]1[C@H](C(=O)O)C(=O)O[C@H]([C@@](O)(NC(=O)CCC[C@@H](C)O)[C@H](C)O)C1(O)O,CC[C@@H]1[C@H](C(=O)O)C(=O)O[C@H]([C@@](O)(CCOC(=O)CCC[C@@H](C)O)[C@H](C)O)C1(O)O,[*]N[*],[*]OCC[*],[*:1]-[NH1]-[*:2]>>[*:1]-[OH0]-[CH2]-[CH2]-[*:2],17,-1.0839999999999992,436.1944618439999,0.1310545826170901,4.814812147314144,0.0027594318307636,-0.0551878526858562,7,83,-3.3,-3.9
CC[C@@H]1[C@H](C(=O)O)C(=O)O[C@H]([C@@](O)(NC(=O)CCC[C@@H](C)O)[C@H](C)O)C1(O)O,CNC(=O)[C@@H]1[C@H](C(=O)O)C(=O)O[C@H]([C@@](O)(NC(=O)CCC[C@@H](C)O)[C@H](C)O)C1(O)O,[*]CC,[*]C(=O)NC,[*:1]-[CH2]-[CH3]>>[*:1]-[CH0](=[OH0])-[NH1]-[CH3],25,-3.607599999999993,436.16930971599993,0.1000592122215375,4.845532257972717,-0.0282359385647889,-0.0244677420272827,7,84,-3.3,-4.2
CC[C@@H]1[C@H](C(=O)O)C(=O)O[C@H]([C@@](O)(NC(=O)CCC[C@@H](C)O)[C@H](C)O)C1(O)O,C[C@H](O)[C@](O)(NC(=O)CCC[C@@H](C)O)[C@H]1OC(=O)[C@@H](C(=O)O)[C@@H](CC2CCC2)C1(O)O,[*]CC,[*]CC1CCC1,[*:1]-[CH2]-[CH3]>>[*:1]-[CH2]-[CH1]1-[CH2]-[CH2]-[CH2]-1,17,-1.1633999999999982,447.210446256,0.1218860531400668,4.884039451314446,-0.0064090976462597,0.0140394513144457,7,85,-3.3,-3.6
CC[C@@H]1[C@H](C(=O)O)C(=O)O[C@H]([C@@](O)(NC(=O)CCC[C@@H](C)O)[C@H](C)O)C1(O)O,C[C@H](O)[C@](O)(NC(=O)CCC[C@@H](C)O)[C@H]1OC(=O)[C@@H](C(=O)O)[C@@H](C2CCC2)C1(O)O,[*]CC,[*]C1CCC1,[*:1]-[CH2]-[CH3]>>[*:1]-[CH1]1-[CH2]-[CH2]-[CH2]-1,108,-1.553499999999998,433.194796192,0.1270185130143862,4.838586703527162,-0.0012766377719402,-0.0314132964728379,7,86,-3.3,-4.0
CC[C@@H]1[C@H](C(=O)O)C(=O)O[C@H]([C@@](O)(NC(=O)CCC[C@@H](C)O)[C@H](C)O)C1(O)O,CC[C@@H]1[C@H](CNC(C)=O)C(=O)O[C@H]([C@@](O)(NC(=O)CCC[C@@H](C)O)[C@H](C)O)C1(O)O,[*]C(=O)O,[*]CNC(C)=O,[*:1]-[CH0](=[OH0])-[OH1]>>[*:1]-[CH2]-[NH1]-[CH0](-[CH3])=[OH0],13,-1.8920999999999952,434.2264306679999,0.152384674414517,4.856109188734262,0.0240895236281905,-0.0138908112657381,7,87,-3.3,-3.3
CC[C@@H]1[C@H](C(=O)O)C(=O)O[C@H]([C@@](O)(NC(=O)CCC[C@@H](C)O)[C@H](C)O)C1(O)O,CC[C@@H]1[C@H](C(C)(C)O)C(=O)O[C@H]([C@@](O)(NC(=O)CCC[C@@H](C)O)[C@H](C)O)C1(O)O,[*]C(=O)O,[*]C(C)(C)O,[*:1]-[CH0](=[OH0])-[OH1]>>[*:1]-[CH0](-[CH3])(-[CH3])-[OH1],20,-1.257299999999998,421.2311817,0.1768475691535555,5.004224577757181,0.048552418367229,0.1342245777571813,7,88,-3.3,-3.3
CC[C@@H]1[C@H](C(=O)O)C(=O)O[C@H]([C@@](O)(NC(=O)CCC[C@@H](C)O)[C@H](C)O)C1(O)O,C[C@H](O)[C@](O)(NC(=O)CCC[C@@H](C)O)[C@H]1OC(=O)[C@@H](C(=O)O)[C@@H](N2CCN(C)CC2)C1(O)O,[*]CC,[*]N1CCN(C)CC1,[*:1]-[CH2]-[CH3]>>[*:1]-[NH0]1-[CH2]-[CH2]-[NH0](-[CH3])-[CH2]-[CH2]-1,17,-3.3537999999999903,477.23224432,0.0989633845296062,4.828225068972236,-0.0293317662567202,-0.0417749310277644,7,89,-3.3,-2.0
CC[C@@H]1[C@H](C(=O)O)C(=O)O[C@H]([C@@](O)(NC(=O)CCC[C@@H](C)O)[C@H](C)O)C1(O)O,CC[C@@H]1[C@H](C(C)=O)C(=O)O[C@H]([C@@](O)(NC(=O)CCC[C@@H](C)O)[C@H](C)O)C1(O)O,[*]C(=O)O,[*]C(C)=O,[*:1]-[CH0](=[OH0])-[OH1]>>[*:1]-[CH0](-[CH3])=[OH0],68,-1.439199999999998,405.199881572,0.1524722595806,4.898200984682403,0.0241771087942735,0.0282009846824031,7,90,-3.3,-2.4
CC[C@@H]1[C@H](C(=O)O)C(=O)O[C@H]([C@@](O)(NC(=O)CCC[C@@H](C)O)[C@H](C)O)C1(O)O,C[C@H](O)[C@](O)(NC(=O)CCC[C@@H](C)O)[C@H]1OC(=O)[C@@H](C(=O)O)[C@@H](CCF)C1(O)O,[*]CC,[*]CCF,[*:1]-[CH2]-[CH3]>>[*:1]-[CH2]-[CH2]-[FH0],38,-1.993999999999997,425.16972431599993,0.1169235086779844,5.031059746156352,-0.011371642108342,0.1610597461563516,7,91,-3.3,-4.5
CC[C@@H]1[C@H](C(=O)O)C(=O)O[C@H]([C@@](O)(NC(=O)CCC[C@@H](C)O)[C@H](C)O)C1(O)O,CC(C)C[C@@H]1[C@H](C(=O)O)C(=O)O[C@H]([C@@](O)(NC(=O)CCC[C@@H](C)O)[C@H](C)O)C1(O)O,[*]CC,[*]CC(C)C,[*:1]-[CH2]-[CH3]>>[*:1]-[CH2]-[CH1](-[CH3])-[CH3],232,-1.307499999999998,435.210446256,0.123004229397298,4.879861728502187,-0.0052909213890284,0.0098617285021864,7,92,-3.3,-4.3
CC[C@@H]1[C@H](C(=O)O)C(=O)O[C@H]([C@@](O)(NC(=O)CCC[C@@H](C)O)[C@H](C)O)C1(O)O,CC[C@@H]1[C@H](C(=O)O)C(=O)O[C@H]([C@](O)([C@H](C)O)N2CCN(C(=O)CCC[C@@H](C)O)CC2)C1(O)O,[*]N[*],[*]N1CCN([*])CC1,[*:1]-[NH1]-[*:2]>>[*:1]-[NH0]1-[CH2]-[CH2]-[NH0](-[*:2])-[CH2]-[CH2]-1,225,-1.9155999999999929,476.23699535199984,0.1236635249651641,4.809259021226879,-0.0046316258211623,-0.0607409787731212,7,93,-3.3,-1.2
CC[C@@H]1[C@H](C(=O)O)C(=O)O[C@H]([C@@](O)(NC(=O)CCC[C@@H](C)O)[C@H](C)O)C1(O)O,CC[C@@H]1[C@H](C(=O)O)C(=O)O[C@H]([C@](O)([C@H](C)O)N2CCN(C(=O)CCC[C@@H](C)O)CC2)C1(O)O,[*]N[*],[*]N1CCN([*])CC1,[*:1]-[NH1]-[*:2]>>[*:1]-[NH0]1-[CH2]-[CH2]-[NH0](-[*:2])-[CH2]-[CH2]-1,225,-1.9155999999999929,476.23699535199984,0.1236635249651641,4.809259021226879,-0.0046316258211623,-0.0607409787731212,7,94,-3.3,-0.2
CC[C@@H]1[C@H](C(=O)O)C(=O)O[C@H]([C@@](O)(NC(=O)CCC[C@@H](C)O)[C@H](C)O)C1(O)O,C[C@H](O)[C@](O)(NC(=O)CCC[C@@H](C)O)[C@H]1OC(=O)[C@@H](C(=O)O)[C@@H](CCO)C1(O)O,[*]CC,[*]CCO,[*:1]-[CH2]-[CH3]>>[*:1]-[CH2]-[CH2]-[OH1],125,-2.971199999999994,423.17406074799993,0.1008073079176876,4.922476361540966,-0.0274878428686388,0.0524763615409655,7,95,-3.3,-4.8
CC[C@@H]1[C@H](C(=O)O)C(=O)O[C@H]([C@@](O)(NC(=O)CCC[C@@H](C)O)[C@H](C)O)C1(O)O,C[C@H](O)[C@](O)(NC(=O)CCC[C@@H](C)O)[C@H]1OC(=O)[C@@H](C(=O)O)[C@@H](CCC#N)C1(O)O,[*]CC,[*]CCC#N,[*:1]-[CH2]-[CH3]>>[*:1]-[CH2]-[CH2]-[CH0]#[NH0],19,-2.0498199999999978,432.174395096,0.1131166142658043,5.0144151058940265,-0.0151785365205221,0.1444151058940264,7,96,-3.3,-4.3
CC[C@@H]1[C@H](C(=O)O)C(=O)O[C@H]([C@@](O)(NC(=O)CCC[C@@H](C)O)[C@H](C)O)C1(O)O,CC[C@@H]1[C@H](C(=O)O)C(=O)O[C@H]([C@@](O)(CCN(C)C(=O)CCC[C@@H](C)O)[C@H](C)O)C1(O)O,[*]N[*],[*]N(C)CC[*],[*:1]-[NH1]-[*:2]>>[*:1]-[NH0](-[CH3])-[CH2]-[CH2]-[*:2],10,-1.1687999999999985,449.2260963199999,0.1275243688742276,4.861547335929831,-0.0007707819120988,-0.0084526640701687,7,97,-3.3,-2.9
CC[C@@H]1[C@H](C(=O)O)C(=O)O[C@H]([C@@](O)(NC(=O)CCC[C@@H](C)O)[C@H](C)O)C1(O)O,CC[C@@H]1[C@H](C(=O)O)C(=O)O[C@H]([C@](O)([C@H](C)O)N(C)CCC(=O)CCC[C@@H](C)O)C1(O)O,[*]N[*],[*]N(C)CC[*],[*:1]-[NH1]-[*:2]>>[*:1]-[NH0](-[CH3])-[CH2]-[CH2]-[*:2],10,-1.1687999999999972,449.22609632,0.1197758152126994,5.004939835929831,-0.008519335573627,0.1349398359298304,7,98,-3.3,-2.3
CC[C@@H]1[C@H](C(=O)O)C(=O)O[C@H]([C@@](O)(NC(=O)CCC[C@@H](C)O)[C@H](C)O)C1(O)O,C[C@H](O)[C@](O)(NC(=O)CCC[C@@H](C)O)[C@H]1OC(=O)[C@@H](C(=O)O)[C@@H](CCN)C1(O)O,[*]CC,[*]CCN,[*:1]-[CH2]-[CH3]>>[*:1]-[CH2]-[CH2]-[NH2],17,-3.0047999999999937,422.19004516,0.1006055730471237,4.96725851538712,-0.0276895777392028,0.0972585153871197,7,99,-3.3,-4.4
O=C(O)[C@@H]1[C@@H]([C@H](O)[C@@H](O)[C@H](O)C[C@H](O)C=COP(=O)(O)O)CCCC1(O)O,CO[C@@H]1[C@@H]([C@H](O)[C@@H](O)[C@H](O)C[C@H](O)C=COP(=O)(O)O)CCCC1(O)O,[*]C(=O)O,[*]OC,[*:1]-[CH0](=[OH0])-[OH1]>>[*:1]-[OH0]-[CH3],264,-2.0608999999999997,402.1290983139999,0.1198425183016014,5.180268404596523,0.0107236041719689,0.0402684045965235,8,0,-6.5,-5.6
O=C(O)[C@@H]1[C@@H]([C@H](O)[C@@H](O)[C@H](O)C[C@H](O)C=COP(=O)(O)O)CCCC1(O)O,CC(C)[C@@H]1[C@@H]([C@H](O)[C@@H](O)[C@H](O)C[C@H](O)C=COP(=O)(O)O)CCCC1(O)O,[*]C(=O)O,[*]C(C)C,[*:1]-[CH0](=[OH0])-[OH1]>>[*:1]-[CH1](-[CH3])-[CH3],15,-0.8037000000000003,414.165483822,0.1346638403570374,5.185376215044575,0.0255449262274049,0.0453762150445751,8,1,-6.5,-5.2
O=C(O)[C@@H]1[C@@H]([C@H](O)[C@@H](O)[C@H](O)C[C@H](O)C=COP(=O)(O)O)CCCC1(O)O,CC[C@@H]1[C@@H]([C@H](O)[C@@H](O)[C@H](O)C[C@H](O)C=COP(=O)(O)O)CCCC1(O)O,[*]C(=O)O,[*]CC,[*:1]-[CH0](=[OH0])-[OH1]>>[*:1]-[CH2]-[CH3],27,-1.0497000000000003,400.149833758,0.1346904626175808,5.193232884234533,0.0255715484879483,0.053232884234533,8,2,-6.5,-5.7
O=C(O)[C@@H]1[C@@H]([C@H](O)[C@@H](O)[C@H](O)C[C@H](O)C=COP(=O)(O)O)CCCC1(O)O,NC[C@@H]1[C@@H]([C@H](O)[C@@H](O)[C@H](O)C[C@H](O)C=COP(=O)(O)O)CCCC1(O)O,[*]C(=O)O,[*]CN,[*:1]-[CH0](=[OH0])-[OH1]>>[*:1]-[CH2]-[NH2],41,-2.5009999999999986,401.145082726,0.1117622949043352,5.270522929483401,0.0026433807747027,0.1305229294834013,8,3,-6.5,-5.7
O=C(O)[C@@H]1[C@@H]([C@H](O)[C@@H](O)[C@H](O)C[C@H](O)C=COP(=O)(O)O)CCCC1(O)O,O=P(O)(O)OC=C[C@@H](O)C[C@@H](O)[C@H](O)[C@@H](O)[C@H]1CCCC(O)(O)[C@@H]1CO,[*]C(=O)O,[*]CO,[*:1]-[CH0](=[OH0])-[OH1]>>[*:1]-[CH2]-[OH1],242,-2.4673999999999987,402.1290983139999,0.1120922568356553,5.223010259800143,0.0029733427060228,0.0830102598001429,8,4,-6.5,-6.3
O=C(O)[C@@H]1[C@@H]([C@H](O)[C@@H](O)[C@H](O)C[C@H](O)C=COP(=O)(O)O)CCCC1(O)O,NC(=O)[C@@H]1[C@@H]([C@H](O)[C@@H](O)[C@H](O)C[C@H](O)C=COP(=O)(O)O)CCCC1(O)O,[*]C(=O)O,[*]C(N)=O,[*:1]-[CH0](=[OH0])-[OH1]>>[*:1]-[CH0](-[NH2])=[OH0],426,-2.9743999999999984,415.1243472819999,0.1047197317028058,5.171941489769849,-0.0043991824268266,0.0319414897698493,8,5,-6.5,-6.3
O=C(O)[C@@H]1[C@@H]([C@H](O)[C@@H](O)[C@H](O)C[C@H](O)C=COP(=O)(O)O)CCCC1(O)O,CN[C@@H]1[C@@H]([C@H](O)[C@@H](O)[C@H](O)C[C@H](O)C=COP(=O)(O)O)CCCC1(O)O,[*]C(=O)O,[*]NC,[*:1]-[CH0](=[OH0])-[OH1]>>[*:1]-[NH1]-[CH3],17,-2.487899999999998,401.145082726,0.112420436614514,5.245589671564849,0.0033015224848815,0.1055896715648492,8,6,-6.5,-5.7
O=C(O)[C@@H]1[C@@H]([C@H](O)[C@@H](O)[C@H](O)C[C@H](O)C=COP(=O)(O)O)CCCC1(O)O,CN(C)[C@@H]1[C@@H]([C@H](O)[C@@H](O)[C@H](O)C[C@H](O)C=COP(=O)(O)O)CCCC1(O)O,[*]C(=O)O,[*]N(C)C,[*:1]-[CH0](=[OH0])-[OH1]>>[*:1]-[NH0](-[CH3])-[CH3],51,-2.145699999999999,415.1607327899999,0.1163495999725992,5.221336654605015,0.0072306858429667,0.0813366546050149,8,7,-6.5,-5.6
O=C(O)[C@@H]1[C@@H]([C@H](O)[C@@H](O)[C@H](O)C[C@H](O)C=COP(=O)(O)O)CCCC1(O)O,CCO[C@@H]1[C@@H]([C@H](O)[C@@H](O)[C@H](O)C[C@H](O)C=COP(=O)(O)O)CCCC1(O)O,[*]C(=O)O,[*]OCC,[*:1]-[CH0](=[OH0])-[OH1]>>[*:1]-[OH0]-[CH2]-[CH3],26,-1.6708,416.1447483779999,0.1150698222527382,5.176679911066863,0.0059509081231057,0.0366799110668631,8,8,-6.5,-5.0
O=C(O)[C@@H]1[C@@H]([C@H](O)[C@@H](O)[C@H](O)C[C@H](O)C=COP(=O)(O)O)CCCC1(O)O,CNC(=O)[C@@H]1[C@@H]([C@H](O)[C@@H](O)[C@H](O)C[C@H](O)C=COP(=O)(O)O)CCCC1(O)O,[*]C(=O)O,[*]C(=O)NC,[*:1]-[CH0](=[OH0])-[OH1]>>[*:1]-[CH0](=[OH0])-[NH1]-[CH3],187,-2.7136999999999976,429.1399973459999,0.10418743048737,5.13238818173193,-0.0049314836422624,-0.00761181826807,8,9,-6.5,-5.4
O=C(O)[C@@H]1[C@@H]([C@H](O)[C@@H](O)[C@H](O)C[C@H](O)C=COP(=O)(O)O)CCCC1(O)O,CC(C)(C)[C@@H]1[C@@H]([C@H](O)[C@@H](O)[C@H](O)C[C@H](O)C=COP(=O)(O)O)CCCC1(O)O,[*]C(=O)O,[*]C(C)(C)C,[*:1]-[CH0](=[OH0])-[OH1]>>[*:1]-[CH0](-[CH3])(-[CH3])-[CH3],26,-0.4135999999999999,428.181133886,0.143293437644468,5.173062523143942,0.0341745235148355,0.0330625231439425,8,10,-6.5,-5.0
O=C(O)[C@@H]1[C@@H]([C@H](O)[C@@H](O)[C@H](O)C[C@H](O)C=COP(=O)(O)O)CCCC1(O)O,CN(C)C(=O)[C@@H]1[C@@H]([C@H](O)[C@@H](O)[C@H](O)C[C@H](O)C=COP(=O)(O)O)CCCC1(O)O,[*]C(=O)O,[*]C(=O)N(C)C,[*:1]-[CH0](=[OH0])-[OH1]>>[*:1]-[CH0](=[OH0])-[NH0](-[CH3])-[CH3],153,-2.371499999999998,443.1556474099999,0.1072223018054998,5.143292976925582,-0.0018966123241326,0.0032929769255822,8,11,-6.5,-4.1
O=C(O)[C@@H]1[C@@H]([C@H](O)[C@@H](O)[C@H](O)C[C@H](O)C=COP(=O)(O)O)CCCC1(O)O,CN(C)C[C@@H]1[C@@H]([C@H](O)[C@@H](O)[C@H](O)C[C@H](O)C=COP(=O)(O)O)CCCC1(O)O,[*]C(=O)O,[*]CN(C)C,[*:1]-[CH0](=[OH0])-[OH1]>>[*:1]-[CH2]-[NH0](-[CH3])-[CH3],24,-1.8980999999999983,429.1763828539999,0.1099010228879973,5.196947296589675,0.0007821087583648,0.0569472965896755,8,12,-6.5,-5.2
O=C(O)[C@@H]1[C@@H]([C@H](O)[C@@H](O)[C@H](O)C[C@H](O)C=COP(=O)(O)O)CCCC1(O)O,CC(=O)N[C@@H]1[C@@H]([C@H](O)[C@@H](O)[C@H](O)C[C@H](O)C=COP(=O)(O)O)CCCC1(O)O,[*]C(=O)O,[*]NC(C)=O,[*:1]-[CH0](=[OH0])-[OH1]>>[*:1]-[NH1]-[CH0](-[CH3])=[OH0],88,-2.5711999999999984,429.1399973459999,0.1053411471713435,5.1485711111312975,-0.0037777669582889,0.0085711111312978,8,13,-6.5,-5.2
O=C(O)[C@@H]1[C@@H]([C@H](O)[C@@H](O)[C@H](O)C[C@H](O)C=COP(=O)(O)O)CCCC1(O)O,CN1CCN([C@@H]2[C@@H]([C@H](O)[C@@H](O)[C@H](O)C[C@H](O)C=COP(=O)(O)O)CCCC2(O)O)CC1,[*]C(=O)O,[*]N1CCN(C)CC1,[*:1]-[CH0](=[OH0])-[OH1]>>[*:1]-[NH0]1-[CH2]-[CH2]-[NH0](-[CH3])-[CH2]-[CH2]-1,14,-2.4598999999999966,470.2029319499999,0.1007385025991847,5.066429812760228,-0.0083804115304477,-0.0735701872397713,8,14,-6.5,-3.5
O=C(O)[C@@H]1[C@@H]([C@H](O)[C@@H](O)[C@H](O)C[C@H](O)C=COP(=O)(O)O)CCCC1(O)O,O=P(O)(O)OC=C[C@@H](O)C[C@@H](O)[C@H](O)[C@@H](O)[C@H]1CCCC(O)(O)[C@@H]1CCO,[*]C(=O)O,[*]CCO,[*:1]-[CH0](=[OH0])-[OH1]>>[*:1]-[CH2]-[CH2]-[OH1],26,-2.0773,416.1447483779999,0.1072052483949965,5.225693345519733,-0.0019136657346359,0.0856933455197337,8,15,-6.5,-5.6
O=C(O)[C@@H]1[C@@H]([C@H](O)[C@@H](O)[C@H](O)C[C@H](O)C=COP(=O)(O)O)CCCC1(O)O,COC[C@@H]1[C@@H]([C@H](O)[C@@H](O)[C@H](O)C[C@H](O)C=COP(=O)(O)O)CCCC1(O)O,[*]C(=O)O,[*]COC,[*:1]-[CH0](=[OH0])-[OH1]>>[*:1]-[CH2]-[OH0]-[CH3],25,-1.8133,416.1447483779999,0.113405734226727,5.200228123417892,0.0042868200970945,0.0602281234178923,8,16,-6.5,-5.5
O=C(O)[C@@H]1[C@@H]([C@H](O)[C@@H](O)[C@H](O)C[C@H](O)C=COP(=O)(O)O)CCCC1(O)O,O=P(O)(O)OC=C[C@@H](O)C[C@@H](O)[C@H](O)[C@@H](O)[C@H]1CCCC(O)(O)[C@@H]1N1CCOCC1,[*]C(=O)O,[*]N1CCOCC1,[*:1]-[CH0](=[OH0])-[OH1]>>[*:1]-[NH0]1-[CH2]-[CH2]-[OH0]-[CH2]-[CH2]-1,37,-2.375099999999997,457.1712974739999,0.1040235286011676,5.1052371308775895,-0.0050953855284648,-0.0347628691224102,8,17,-6.5,-4.5
O=C(O)[C@@H]1[C@@H]([C@H](O)[C@@H](O)[C@H](O)C[C@H](O)C=COP(=O)(O)O)CCCC1(O)O,O=P(O)(O)OC=C[C@@H](O)C[C@@H](O)[C@H](O)[C@@H](O)[C@H]1CCCC(O)(O)[C@@H]1C(F)(F)F,[*]C(=O)O,[*]C(F)(F)F,[*:1]-[CH0](=[OH0])-[OH1]>>[*:1]-[CH0](-[FH0])(-[FH0])-[FH0],118,-0.8974000000000006,440.1059182579999,0.1334866489852527,5.244687523143941,0.0243677348556202,0.1046875231439417,8,18,-6.5,-6.1
O=C(O)[C@@H]1[C@@H]([C@H](O)[C@@H](O)[C@H](O)C[C@H](O)C=COP(=O)(O)O)CCCC1(O)O,NC(=O)C[C@@H]1[C@@H]([C@H](O)[C@@H](O)[C@H](O)C[C@H](O)C=COP(=O)(O)O)CCCC1(O)O,[*]C(=O)O,[*]CC(N)=O,[*:1]-[CH0](=[OH0])-[OH1]>>[*:1]-[CH2]-[CH0](-[NH2])=[OH0],13,-2.584299999999999,429.1399973459999,0.0993248424106272,5.177236443059643,-0.0097940717190052,0.0372364430596432,8,19,-6.5,-5.4
O=C(O)[C@@H]1[C@@H]([C@H](O)[C@@H](O)[C@H](O)C[C@H](O)C=COP(=O)(O)O)CCCC1(O)O,CC(C)O[C@@H]1[C@@H]([C@H](O)[C@@H](O)[C@H](O)C[C@H](O)C=COP(=O)(O)O)CCCC1(O)O,[*]C(=O)O,[*]OC(C)C,[*:1]-[CH0](=[OH0])-[OH1]>>[*:1]-[OH0]-[CH1](-[CH3])-[CH3],12,-1.2823,430.1603984419999,0.1166428294079204,5.196786074250369,0.0075239152782879,0.0567860742503691,8,20,-6.5,-5.1
O=C(O)[C@@H]1[C@@H]([C@H](O)[C@@H](O)[C@H](O)C[C@H](O)C=COP(=O)(O)O)CCCC1(O)O,O=P(O)(O)OC=C[C@@H](O)C[C@@H](O)[C@H](O)[C@@H](O)[C@H]1CCCC(O)(O)[C@@H]1OC(F)(F)F,[*]C(=O)O,[*]OC(F)(F)F,[*:1]-[CH0](=[OH0])-[OH1]>>[*:1]-[OH0]-[CH0](-[FH0])(-[FH0])-[FH0],36,-1.1709,456.1008328779999,0.1181848347059645,5.292548976925581,0.009065920576332,0.1525489769255816,8,21,-6.5,-5.6
O=C(O)[C@@H]1[C@@H]([C@H](O)[C@@H](O)[C@H](O)C[C@H](O)C=COP(=O)(O)O)CCCC1(O)O,O=C([C@@H]1[C@@H]([C@H](O)[C@@H](O)[C@H](O)C[C@H](O)C=COP(=O)(O)O)CCCC1(O)O)N1CCC1,[*]C(=O)O,[*]C(=O)N1CCC1,[*:1]-[CH0](=[OH0])-[OH1]>>[*:1]-[CH0](=[OH0])-[NH0]1-[CH2]-[CH2]-[CH2]-1,12,-2.227399999999998,455.1556474099999,0.1059684625069824,5.020345515601163,-0.00315045162265,-0.1196544843988363,8,22,-6.5,-4.5
O=C(O)[C@@H]1[C@@H]([C@H](O)[C@@H](O)[C@H](O)C[C@H](O)C=COP(=O)(O)O)CCCC1(O)O,O=C(O)C[C@@H]1[C@@H]([C@H](O)[C@@H](O)[C@H](O)C[C@H](O)C=COP(=O)(O)O)CCCC1(O)O,[*]C(=O)O,[*]CC(=O)O,[*:1]-[CH0](=[OH0])-[OH1]>>[*:1]-[CH2]-[CH0](=[OH0])-[OH1],212,-1.9849999999999997,430.1240129339999,0.1043225300521915,5.148167106916334,-0.0047963840774409,0.0081671069163347,8,23,-6.5,-6.2
O=C(O)[C@@H]1[C@@H]([C@H](O)[C@@H](O)[C@H](O)C[C@H](O)C=COP(=O)(O)O)CCCC1(O)O,CCNC(=O)[C@@H]1[C@@H]([C@H](O)[C@@H](O)[C@H](O)C[C@H](O)C=COP(=O)(O)O)CCCC1(O)O,[*]C(=O)O,[*]C(=O)NCC,[*:1]-[CH0](=[OH0])-[OH1]>>[*:1]-[CH0](=[OH0])-[NH1]-[CH2]-[CH3],40,-2.3235999999999986,443.1556474099999,0.0990910667984429,5.074356134820318,-0.0100278473311895,-0.0656438651796813,8,24,-6.5,-4.1
O=C(O)[C@@H]1[C@@H]([C@H](O)[C@@H](O)[C@H](O)C[C@H](O)C=COP(=O)(O)O)CCCC1(O)O,O=C([C@@H]1[C@@H]([C@H](O)[C@@H](O)[C@H](O)C[C@H](O)C=COP(=O)(O)O)CCCC1(O)O)N1CCCCC1,[*]C(=O)O,[*]C(=O)N1CCCCC1,[*:1]-[CH0](=[OH0])-[OH1]>>[*:1]-[CH0](=[OH0])-[NH0]1-[CH2]-[CH2]-[CH2]-[CH2]-[CH2]-1,29,-1.4471999999999992,483.1869475379999,0.1080657954709689,4.926539887245731,-0.0010531186586636,-0.2134601127542685,8,25,-6.5,-4.0
O=C(O)[C@@H]1[C@@H]([C@H](O)[C@@H](O)[C@H](O)C[C@H](O)C=COP(=O)(O)O)CCCC1(O)O,O=C([C@@H]1[C@@H]([C@H](O)[C@@H](O)[C@H](O)C[C@H](O)C=COP(=O)(O)O)CCCC1(O)O)N1CCCC1,[*]C(=O)O,[*]C(=O)N1CCCC1,[*:1]-[CH0](=[OH0])-[OH1]>>[*:1]-[CH0](=[OH0])-[NH0]1-[CH2]-[CH2]-[CH2]-[CH2]-1,20,-1.8372999999999988,469.1712974739999,0.1068730445878854,4.959655948070701,-0.002245869541747,-0.1803440519292989,8,26,-6.5,-2.7
O=C(O)[C@@H]1[C@@H]([C@H](O)[C@@H](O)[C@H](O)C[C@H](O)C=COP(=O)(O)O)CCCC1(O)O,O=P(O)(O)OC=C[C@@H](O)C[C@@H](O)[C@H](O)[C@@H](O)[C@H]1CCCC(O)(O)[C@@H]1N1CCCCC1,[*]C(=O)O,[*]N1CCCCC1,[*:1]-[CH0](=[OH0])-[OH1]>>[*:1]-[NH0]1-[CH2]-[CH2]-[CH2]-[CH2]-[CH2]-1,10,-1.221399999999999,455.1920329179999,0.1180390419625811,5.029649096689554,0.0089201278329486,-0.1103509033104455,8,27,-6.5,-4.7
O=C(O)[C@@H]1[C@@H]([C@H](O)[C@@H](O)[C@H](O)C[C@H](O)C=COP(=O)(O)O)CCCC1(O)O,O=C(NC1CC1)[C@@H]1[C@@H]([C@H](O)[C@@H](O)[C@H](O)C[C@H](O)C=COP(=O)(O)O)CCCC1(O)O,[*]C(=O)O,[*]C(=O)NC1CC1,[*:1]-[CH0](=[OH0])-[OH1]>>[*:1]-[CH0](=[OH0])-[NH1]-[CH1]1-[CH2]-[CH2]-1,32,-2.181099999999999,455.1556474099999,0.0979384616435124,5.045720783371369,-0.01118045248612,-0.0942792166286308,8,28,-6.5,-4.3
O=C(O)[C@@H]1[C@@H]([C@H](O)[C@@H](O)[C@H](O)C[C@H](O)C=COP(=O)(O)O)CCCC1(O)O,CC(=O)NC[C@@H]1[C@@H]([C@H](O)[C@@H](O)[C@H](O)C[C@H](O)C=COP(=O)(O)O)CCCC1(O)O,[*]C(=O)O,[*]CNC(C)=O,[*:1]-[CH0](=[OH0])-[OH1]>>[*:1]-[CH2]-[NH1]-[CH0](-[CH3])=[OH0],13,-2.3235999999999986,443.1556474099999,0.0990910667984429,5.165870102431655,-0.0100278473311895,0.0258701024316554,8,29,-6.5,-5.7
O=C(O)[C@@H]1[C@@H]([C@H](O)[C@@H](O)[C@H](O)C[C@H](O)C=COP(=O)(O)O)CCCC1(O)O,CC(C)(O)[C@@H]1[C@@H]([C@H](O)[C@@H](O)[C@H](O)C[C@H](O)C=COP(=O)(O)O)CCCC1(O)O,[*]C(=O)O,[*]C(C)(C)O,[*:1]-[CH0](=[OH0])-[OH1]>>[*:1]-[CH0](-[CH3])(-[CH3])-[OH1],20,-1.6888,430.1603984419999,0.1144670166567366,5.244770215451634,0.0053481025271041,0.1047702154516345,8,30,-6.5,-5.6
O=C(O)[C@@H]1[C@@H]([C@H](O)[C@@H](O)[C@H](O)C[C@H](O)C=COP(=O)(O)O)CCCC1(O)O,CC(=O)[C@@H]1[C@@H]([C@H](O)[C@@H](O)[C@H](O)C[C@H](O)C=COP(=O)(O)O)CCCC1(O)O,[*]C(=O)O,[*]C(C)=O,[*:1]-[CH0](=[OH0])-[OH1]>>[*:1]-[CH0](-[CH3])=[OH0],68,-1.8707,414.1290983139999,0.1191151855400374,5.151377973286333,0.0099962714104049,0.0113779732863337,8,31,-6.5,-5.9
O=C(O)[C@@H]1[C@@H]([C@H](O)[C@@H](O)[C@H](O)C[C@H](O)C=COP(=O)(O)O)CCCC1(O)O,O=P(O)(O)OC=C[C@@H](O)C[C@@H](O)[C@H](O)[C@@H](O)[C@H]1CCCC(O)(O)[C@@H]1OCCO,[*]C(=O)O,[*]OCCO,[*:1]-[CH0](=[OH0])-[OH1]>>[*:1]-[OH0]-[CH2]-[CH2]-[OH1],17,-2.6983999999999977,432.1396629979999,0.092539374913132,5.195190485721905,-0.0165795392165004,0.0551904857219049,8,32,-6.5,-5.5
O=C(O)[C@@H]1[C@@H]([C@H](O)[C@@H](O)[C@H](O)C[C@H](O)C=COP(=O)(O)O)CCCC1(O)O,O=C([C@@H]1[C@@H]([C@H](O)[C@@H](O)[C@H](O)C[C@H](O)C=COP(=O)(O)O)CCCC1(O)O)N1CCOCC1,[*]C(=O)O,[*]C(=O)N1CCOCC1,[*:1]-[CH0](=[OH0])-[OH1]>>[*:1]-[CH0](=[OH0])-[NH0]1-[CH2]-[CH2]-[OH0]-[CH2]-[CH2]-1,80,-2.600899999999997,485.16621209399983,0.0957682079316036,4.988108581342331,-0.0133507061980288,-0.1518914186576685,8,33,-6.5,-2.7
O=C(O)[C@@H]1[C@@H]([C@H](O)[C@@H](O)[C@H](O)C[C@H](O)C=COP(=O)(O)O)CCCC1(O)O,CC(C)NC(=O)[C@@H]1[C@@H]([C@H](O)[C@@H](O)[C@H](O)C[C@H](O)C=COP(=O)(O)O)CCCC1(O)O,[*]C(=O)O,[*]C(=O)NC(C)C,[*:1]-[CH0](=[OH0])-[OH1]>>[*:1]-[CH0](=[OH0])-[NH1]-[CH1](-[CH3])-[CH3],30,-1.935099999999999,457.1712974739999,0.0998594995618293,5.080397354414735,-0.0092594145678031,-0.0596026455852642,8,34,-6.5,-4.2
O=C(O)[C@@H]1[C@@H]([C@H](O)[C@@H](O)[C@H](O)C[C@H](O)C=COP(=O)(O)O)CCCC1(O)O,O=C([C@@H]1[C@@H]([C@H](O)[C@@H](O)[C@H](O)C[C@H](O)C=COP(=O)(O)O)CCCC1(O)O)N1CCNCC1,[*]C(=O)O,[*]C(=O)N1CCNCC1,[*:1]-[CH0](=[OH0])-[OH1]>>[*:1]-[CH0](=[OH0])-[NH0]1-[CH2]-[CH2]-[NH1]-[CH2]-[CH2]-1,11,-3.027899999999996,484.1821965059999,0.0906222087651583,5.067997668998862,-0.0184967053644741,-0.0720023310011379,8,35,-6.5,-4.1
O=C(O)[C@@H]1[C@@H]([C@H](O)[C@@H](O)[C@H](O)C[C@H](O)C=COP(=O)(O)O)CCCC1(O)O,COC(=O)[C@@H]1[C@@H]([C@H](O)[C@@H](O)[C@H](O)C[C@H](O)C=COP(=O)(O)O)CCCC1(O)O,[*]C(=O)O,[*]C(=O)OC,[*:1]-[CH0](=[OH0])-[OH1]>>[*:1]-[CH0](=[OH0])-[OH0]-[CH3],638,-2.2866999999999984,430.1240129339999,0.0839820462535923,5.093537391426343,-0.0251368678760401,-0.0464626085736563,8,36,-6.5,-5.9
O=C(O)[C@@H]1[C@@H]([C@H](O)[C@@H](O)[C@H](O)C[C@H](O)C=COP(=O)(O)O)CCCC1(O)O,O=C(O)CO[C@@H]1[C@@H]([C@H](O)[C@@H](O)[C@H](O)C[C@H](O)C=COP(=O)(O)O)CCCC1(O)O,[*]C(=O)O,[*]OCC(=O)O,[*:1]-[CH0](=[OH0])-[OH1]>>[*:1]-[OH0]-[CH2]-[CH0](=[OH0])-[OH1],48,-2.6060999999999988,446.1189275539999,0.0899861843977819,5.15269439392963,-0.0191327297318505,0.01269439392963,8,37,-6.5,-5.2
O=C(O)[C@@H]1[C@@H]([C@H](O)[C@@H](O)[C@H](O)C[C@H](O)C=COP(=O)(O)O)CCCC1(O)O,O=P(O)(O)OC=C[C@@H](O)C[C@@H](O)[C@H](O)[C@@H](O)[C@H]1CCCC(O)(O)[C@@H]1CN1CCOCC1,[*]C(=O)O,[*]CN1CCOCC1,[*:1]-[CH0](=[OH0])-[OH1]>>[*:1]-[CH2]-[NH0]1-[CH2]-[CH2]-[OH0]-[CH2]-[CH2]-1,19,-2.1274999999999977,471.1869475379999,0.0979011572821103,5.063196044721039,-0.0112177568475221,-0.0768039552789607,8,38,-6.5,-4.6
O=C(O)[C@@H]1[C@@H]([C@H](O)[C@@H](O)[C@H](O)C[C@H](O)C=COP(=O)(O)O)CCCC1(O)O,CS(=O)(=O)N[C@@H]1[C@@H]([C@H](O)[C@@H](O)[C@H](O)C[C@H](O)C=COP(=O)(O)O)CCCC1(O)O,[*]C(=O)O,[*]NS(C)(=O)=O,[*:1]-[CH0](=[OH0])-[OH1]>>[*:1]-[NH1]-[SH0](-[CH3])(=[OH0])=[OH0],55,-3.158099999999997,465.1069829659999,0.0883251312139606,5.234780976925581,-0.0207937829156718,0.0947809769255814,8,39,-6.5,-6.1
O=C(O)[C@@H]1[C@@H]([C@H](O)[C@@H](O)[C@H](O)C[C@H](O)C=COP(=O)(O)O)CCCC1(O)O,NC(=O)N[C@@H]1[C@@H]([C@H](O)[C@@H](O)[C@H](O)C[C@H](O)C=COP(=O)(O)O)CCCC1(O)O,[*]C(=O)O,[*]NC(N)=O,[*:1]-[CH0](=[OH0])-[OH1]>>[*:1]-[NH1]-[CH0](-[NH2])=[OH0],10,-3.038999999999998,430.1352463139999,0.100048775360454,5.227864051068073,-0.0090701387691784,0.087864051068073,8,40,-6.5,-5.6
O=C(O)[C@@H]1[C@@H]([C@H](O)[C@@H](O)[C@H](O)C[C@H](O)C=COP(=O)(O)O)CCCC1(O)O,CN1CCN(C(=O)[C@@H]2[C@@H]([C@H](O)[C@@H](O)[C@H](O)C[C@H](O)C=COP(=O)(O)O)CCCC2(O)O)CC1,[*]C(=O)O,[*]C(=O)N1CCN(C)CC1,[*:1]-[CH0](=[OH0])-[OH1]>>[*:1]-[CH0](=[OH0])-[NH0]1-[CH2]-[CH2]-[NH0](-[CH3])-[CH2]-[CH2]-1,46,-2.6856999999999944,498.1978465699999,0.0927852500797342,4.962022772131147,-0.0163336640498982,-0.1779772278688529,8,41,-6.5,-2.2
O=C(O)[C@@H]1[C@@H]([C@H](O)[C@@H](O)[C@H](O)C[C@H](O)C=COP(=O)(O)O)CCCC1(O)O,CCCNC(=O)[C@@H]1[C@@H]([C@H](O)[C@@H](O)[C@H](O)C[C@H](O)C=COP(=O)(O)O)CCCC1(O)O,[*]C(=O)O,[*]C(=O)NCCC,[*:1]-[CH0](=[OH0])-[OH1]>>[*:1]-[CH0](=[OH0])-[NH1]-[CH2]-[CH2]-[CH3],12,-1.933499999999999,457.1712974739999,0.0944587692453954,5.0053145516284285,-0.014660144884237,-0.1346854483715711,8,42,-6.5,-5.2
O=C(O)[C@@H]1[C@@H]([C@H](O)[C@@H](O)[C@H](O)C[C@H](O)C=COP(=O)(O)O)CCCC1(O)O,O=C(O)CC[C@@H]1[C@@H]([C@H](O)[C@@H](O)[C@H](O)C[C@H](O)C=COP(=O)(O)O)CCCC1(O)O,[*]C(=O)O,[*]CCC(=O)O,[*:1]-[CH0](=[OH0])-[OH1]>>[*:1]-[CH2]-[CH2]-[CH0](=[OH0])-[OH1],69,-1.5948999999999998,444.1396629979999,0.0997932549611972,5.111392774496432,-0.0093256591684352,-0.0286072255035678,8,43,-6.5,-5.5
O=C(O)[C@@H]1[C@@H]([C@H](O)[C@@H](O)[C@H](O)C[C@H](O)C=COP(=O)(O)O)CCCC1(O)O,CC(O)[C@@H]1[C@@H]([C@H](O)[C@@H](O)[C@H](O)C[C@H](O)C=COP(=O)(O)O)CCCC1(O)O,[*]C(=O)O,[*]C(C)O,[*:1]-[CH0](=[OH0])-[OH1]>>[*:1]-[CH1](-[CH3])-[OH1],18,-2.0789,416.1447483779999,0.113130396972839,5.311305724046646,0.0040114828432065,0.171305724046646,8,44,-6.5,-5.5
O=C(O)[C@@H]1[C@@H]([C@H](O)[C@@H](O)[C@H](O)C[C@H](O)C=COP(=O)(O)O)CCCC1(O)O,O=C(NC1CCCCC1)[C@@H]1[C@@H]([C@H](O)[C@@H](O)[C@H](O)C[C@H](O)C=COP(=O)(O)O)CCCC1(O)O,[*]C(=O)O,[*]C(=O)NC1CCCCC1,[*:1]-[CH0](=[OH0])-[OH1]>>[*:1]-[CH0](=[OH0])-[NH1]-[CH1]1-[CH2]-[CH2]-[CH2]-[CH2]-[CH2]-1,10,-1.0108,497.2025976019998,0.1011356334516576,4.932287078330566,-0.0079832806779748,-0.207712921669434,8,45,-6.5,-4.4
O=C(O)[C@@H]1[C@@H]([C@H](O)[C@@H](O)[C@H](O)C[C@H](O)C=COP(=O)(O)O)CCCC1(O)O,CCOC(=O)[C@@H]1[C@@H]([C@H](O)[C@@H](O)[C@H](O)C[C@H](O)C=COP(=O)(O)O)CCCC1(O)O,[*]C(=O)O,[*]C(=O)OCC,[*:1]-[CH0](=[OH0])-[OH1]>>[*:1]-[CH0](=[OH0])-[OH0]-[CH2]-[CH3],288,-1.8965999999999992,444.1396629979999,0.0802821391770508,5.031340142917484,-0.0288367749525816,-0.1086598570825154,8,46,-6.5,-4.9
O=C(O)[C@@H]1[C@@H]([C@H](O)[C@@H](O)[C@H](O)C[C@H](O)C=COP(=O)(O)O)CCCC1(O)O,CS(=O)(=O)NC(=O)[C@@H]1[C@@H]([C@H](O)[C@@H](O)[C@H](O)C[C@H](O)C=COP(=O)(O)O)CCCC1(O)O,[*]C(=O)O,[*]C(=O)NS(C)(=O)=O,[*:1]-[CH0](=[OH0])-[OH1]>>[*:1]-[CH0](=[OH0])-[NH1]-[SH0](-[CH3])(=[OH0])=[OH0],60,-3.383899999999997,493.10189758599984,0.0818782422553695,5.189964259006752,-0.0272406718742629,0.0499642590067521,8,47,-6.5,-5.1
O=C(O)[C@@H]1[C@@H]([C@H](O)[C@@H](O)[C@H](O)C[C@H](O)C=COP(=O)(O)O)CCCC1(O)O,O=P(O)(O)OC=C[C@@H](O)C[C@@H](O)[C@H](O)[C@@H](O)[C@H]1CCCC(O)(O)[C@@H]1c1ccccc1,[*]C(=O)O,[*]c1ccccc1,[*:1]-[CH0](=[OH0])-[OH1]>>[*:1]-[cH0]1:[cH1]:[cH1]:[cH1]:[cH1]:[cH1]:1,60,-0.2921,448.1498337579999,0.1415772619441159,4.831452515492973,0.0324583478144834,-0.3085474845070264,8,48,-6.5,-4.5
O=C(O)[C@@H]1[C@@H]([C@H](O)[C@@H](O)[C@H](O)C[C@H](O)C=COP(=O)(O)O)CCCC1(O)O,CC(C)(C)OC(=O)N[C@@H]1[C@@H]([C@H](O)[C@@H](O)[C@H](O)C[C@H](O)C=COP(=O)(O)O)CCCC1(O)O,[*]C(=O)O,[*]NC(=O)OC(C)(C)C,[*:1]-[CH0](=[OH0])-[OH1]>>[*:1]-[NH1]-[CH0](=[OH0])-[OH0]-[CH0](-[CH3])(-[CH3])-[CH3],15,-1.1825999999999997,487.18186215799983,0.1063394392827051,5.074324922916141,-0.0027794748469273,-0.065675077083859,8,49,-6.5,-5.2
O=C(O)[C@@H]1[C@@H]([C@H](O)[C@@H](O)[C@H](O)C[C@H](O)C=COP(=O)(O)O)CCCC1(O)O,COc1ccc([C@@H]2[C@@H]([C@H](O)[C@@H](O)[C@H](O)C[C@H](O)C=COP(=O)(O)O)CCCC2(O)O)cc1,[*]C(=O)O,[*]c1ccc(OC)cc1,[*:1]-[CH0](=[OH0])-[OH1]>>[*:1]-[cH0]1:[cH1]:[cH1]:[cH0](-[OH0]-[CH3]):[cH1]:[cH1]:1,11,-0.2835000000000001,478.1603984419999,0.1249821940901435,4.8055309427019015,0.0158632799605109,-0.3344690572980981,8,50,-6.5,-3.1
O=C(O)[C@@H]1[C@@H]([C@H](O)[C@@H](O)[C@H](O)C[C@H](O)C=COP(=O)(O)O)CCCC1(O)O,NCCNC(=O)[C@@H]1[C@@H]([C@H](O)[C@@H](O)[C@H](O)C[C@H](O)C=COP(=O)(O)O)CCCC1(O)O,[*]C(=O)O,[*]C(=O)NCCN,[*:1]-[CH0](=[OH0])-[OH1]>>[*:1]-[CH0](=[OH0])-[NH1]-[CH2]-[CH2]-[NH2],13,-3.3847999999999967,458.1665464419999,0.0827672246730908,5.093973753186363,-0.0263516894565416,-0.0460262468136365,8,51,-6.5,-4.5
O=C(O)[C@@H]1[C@@H]([C@H](O)[C@@H](O)[C@H](O)C[C@H](O)C=COP(=O)(O)O)CCCC1(O)O,CN(C)CCO[C@@H]1[C@@H]([C@H](O)[C@@H](O)[C@H](O)C[C@H](O)C=COP(=O)(O)O)CCCC1(O)O,[*]C(=O)O,[*]OCCN(C)C,[*:1]-[CH0](=[OH0])-[OH1]>>[*:1]-[OH0]-[CH2]-[CH2]-[NH0](-[CH3])-[CH3],14,-2.1290999999999976,459.1869475379999,0.0896564889442638,5.142416012193181,-0.0194624251853686,0.0024160121931808,8,52,-6.5,-5.4
O=C(O)[C@@H]1[C@@H]([C@H](O)[C@@H](O)[C@H](O)C[C@H](O)C=COP(=O)(O)O)CCCC1(O)O,CC(C)(C(=O)O)[C@@H]1[C@@H]([C@H](O)[C@@H](O)[C@H](O)C[C@H](O)C=COP(=O)(O)O)CCCC1(O)O,[*]C(=O)O,[*]C(C)(C)C(=O)O,[*:1]-[CH0](=[OH0])-[OH1]>>[*:1]-[CH0](-[CH3])(-[CH3])-[CH0](=[OH0])-[OH1],12,-1.3488999999999998,458.1553130619999,0.1051988710760789,5.245177213017673,-0.0039200430535535,0.1051772130176731,8,53,-6.5,-6.1
O=C(O)[C@@H]1[C@@H]([C@H](O)[C@@H](O)[C@H](O)C[C@H](O)C=COP(=O)(O)O)CCCC1(O)O,CS[C@@H]1[C@@H]([C@H](O)[C@@H](O)[C@H](O)C[C@H](O)C=COP(=O)(O)O)CCCC1(O)O,[*]C(=O)O,[*]SC,[*:1]-[CH0](=[OH0])-[OH1]>>[*:1]-[SH0]-[CH3],25,-1.3443000000000007,418.1062546939999,0.1256317608049193,5.356415915908741,0.0165128466752868,0.2164159159087413,8,54,-6.5,-5.0
O=C(O)[C@@H]1[C@@H]([C@H](O)[C@@H](O)[C@H](O)C[C@H](O)C=COP(=O)(O)O)CCCC1(O)O,COC(=O)C[C@@H]1[C@@H]([C@H](O)[C@@H](O)[C@H](O)C[C@H](O)C=COP(=O)(O)O)CCCC1(O)O,[*]C(=O)O,[*]CC(=O)OC,[*:1]-[CH0](=[OH0])-[OH1]>>[*:1]-[CH2]-[CH0](=[OH0])-[OH0]-[CH3],18,-1.8965999999999992,444.1396629979999,0.0802821391770508,5.120862814982262,-0.0288367749525816,-0.0191371850177377,8,55,-6.5,-6.1
O=C(O)[C@@H]1[C@@H]([C@H](O)[C@@H](O)[C@H](O)C[C@H](O)C=COP(=O)(O)O)CCCC1(O)O,CONC(=O)[C@@H]1[C@@H]([C@H](O)[C@@H](O)[C@H](O)C[C@H](O)C=COP(=O)(O)O)CCCC1(O)O,[*]C(=O)O,[*]C(=O)NOC,[*:1]-[CH0](=[OH0])-[OH1]>>[*:1]-[CH0](=[OH0])-[NH1]-[OH0]-[CH3],13,-2.782099999999997,445.1349119659999,0.0719914752168735,5.256046823079427,-0.0371274389127589,0.1160468230794276,8,56,-6.5,-4.9
O=C(O)[C@@H]1[C@@H]([C@H](O)[C@@H](O)[C@H](O)C[C@H](O)C=COP(=O)(O)O)CCCC1(O)O,O=c1[nH]nc([C@@H]2[C@@H]([C@H](O)[C@@H](O)[C@H](O)C[C@H](O)C=COP(=O)(O)O)CCCC2(O)O)o1,[*]C(=O)O,[*]c1n[nH]c(=O)o1,[*:1]-[CH0](=[OH0])-[OH1]>>[*:1]-[cH0]1:[nH0]:[nH1]:[cH0](=[OH0]):[oH0]:1,13,-2.6157999999999992,456.1145108699999,0.1050244218176934,5.361941895834853,-0.004094492311939,0.2219418958348535,8,57,-6.5,-5.6
O=C(O)[C@@H]1[C@@H]([C@H](O)[C@@H](O)[C@H](O)C[C@H](O)C=COP(=O)(O)O)CCCC1(O)O,CCN(CC)C(=O)[C@@H]1[C@@H]([C@H](O)[C@@H](O)[C@H](O)C[C@H](O)C=COP(=O)(O)O)CCCC1(O)O,[*]C(=O)O,[*]C(=O)N(CC)CC,[*:1]-[CH0](=[OH0])-[OH1]>>[*:1]-[CH0](=[OH0])-[NH0](-[CH2]-[CH3])-[CH2]-[CH3],26,-1.5912999999999988,471.1869475379999,0.0978040543438831,5.061832613707608,-0.0113148597857493,-0.0781673862923915,8,58,-6.5,-4.6
O=C(O)[C@@H]1[C@@H]([C@H](O)[C@@H](O)[C@H](O)C[C@H](O)C=COP(=O)(O)O)CCCC1(O)O,O=C(O)CNC(=O)[C@@H]1[C@@H]([C@H](O)[C@@H](O)[C@H](O)C[C@H](O)C=COP(=O)(O)O)CCCC1(O)O,[*]C(=O)O,[*]C(=O)NCC(=O)O,[*:1]-[CH0](=[OH0])-[OH1]>>[*:1]-[CH0](=[OH0])-[NH1]-[CH2]-[CH0](=[OH0])-[OH1],23,-3.258899999999997,473.1298265859999,0.080400669059892,5.030724921399917,-0.0287182450697404,-0.1092750786000831,8,59,-6.5,-5.4
O=C(O)[C@@H]1[C@@H]([C@H](O)[C@@H](O)[C@H](O)C[C@H](O)C=COP(=O)(O)O)CCCC1(O)O,O=P(O)(O)OC=C[C@@H](O)C[C@@H](O)[C@H](O)[C@@H](O)[C@H]1CCCC(O)(O)[C@@H]1c1ccccn1,[*]C(=O)O,[*]c1ccccn1,[*:1]-[CH0](=[OH0])-[OH1]>>[*:1]-[cH0]1:[cH1]:[cH1]:[cH1]:[cH1]:[nH0]:1,12,-0.8971000000000005,449.1450827259999,0.1319172995087689,5.04017901121947,0.0227983853791364,-0.0998209887805297,8,60,-6.5,-4.2
O=C(O)[C@@H]1[C@@H]([C@H](O)[C@@H](O)[C@H](O)C[C@H](O)C=COP(=O)(O)O)CCCC1(O)O,CN(C)CCNC(=O)[C@@H]1[C@@H]([C@H](O)[C@@H](O)[C@H](O)C[C@H](O)C=COP(=O)(O)O)CCCC1(O)O,[*]C(=O)O,[*]C(=O)NCCN(C)C,[*:1]-[CH0](=[OH0])-[OH1]>>[*:1]-[CH0](=[OH0])-[NH1]-[CH2]-[CH2]-[NH0](-[CH3])-[CH3],35,-2.781899999999995,486.1978465699999,0.0776548090995087,5.025573314283809,-0.0314641050301237,-0.1144266857161904,8,61,-6.5,-4.8
O=C(O)[C@@H]1[C@@H]([C@H](O)[C@@H](O)[C@H](O)C[C@H](O)C=COP(=O)(O)O)CCCC1(O)O,O=C(NS(=O)(=O)C1CC1)[C@@H]1[C@@H]([C@H](O)[C@@H](O)[C@H](O)C[C@H](O)C=COP(=O)(O)O)CCCC1(O)O,[*]C(=O)O,[*]C(=O)NS(=O)(=O)C1CC1,[*:1]-[CH0](=[OH0])-[OH1]>>[*:1]-[CH0](=[OH0])-[NH1]-[SH0](=[OH0])(=[OH0])-[CH1]1-[CH2]-[CH2]-1,14,-2.8512999999999966,519.1175476499999,0.0757810621595107,5.194813465739864,-0.0333378519701217,0.0548134657398637,8,62,-6.5,-4.6
O=C(O)[C@@H]1[C@@H]([C@H](O)[C@@H](O)[C@H](O)C[C@H](O)C=COP(=O)(O)O)CCCC1(O)O,CC(C)OC(=O)[C@@H]1[C@@H]([C@H](O)[C@@H](O)[C@H](O)C[C@H](O)C=COP(=O)(O)O)CCCC1(O)O,[*]C(=O)O,[*]C(=O)OC(C)C,[*:1]-[CH0](=[OH0])-[OH1]>>[*:1]-[CH0](=[OH0])-[OH0]-[CH1](-[CH3])-[CH3],20,-1.5081000000000002,458.1553130619999,0.0811738717865765,5.098968952047871,-0.0279450423430559,-0.0410310479521287,8,63,-6.5,-5.0
O=C(O)[C@@H]1[C@@H]([C@H](O)[C@@H](O)[C@H](O)C[C@H](O)C=COP(=O)(O)O)CCCC1(O)O,O=P(O)(O)OC=C[C@@H](O)C[C@@H](O)[C@H](O)[C@@H](O)[C@H]1CCCC(O)(O)[C@@H]1c1nn[nH]n1,[*]C(=O)O,[*]c1nn[nH]n1,[*:1]-[CH0](=[OH0])-[OH1]>>[*:1]-[cH0]1:[nH0]:[nH0]:[nH1]:[nH0]:1,115,-2.778999999999998,440.13082963,0.1072809753898951,5.318306586393036,-0.0018379387397373,0.1783065863930364,8,64,-6.5,-5.3
O=C(O)[C@@H]1[C@@H]([C@H](O)[C@@H](O)[C@H](O)C[C@H](O)C=COP(=O)(O)O)CCCC1(O)O,O=C(OCCO)[C@@H]1[C@@H]([C@H](O)[C@@H](O)[C@H](O)C[C@H](O)C=COP(=O)(O)O)CCCC1(O)O,[*]C(=O)O,[*]C(=O)OCCO,[*:1]-[CH0](=[OH0])-[OH1]>>[*:1]-[CH0](=[OH0])-[OH0]-[CH2]-[CH2]-[OH1],10,-2.924199999999997,460.1345776179999,0.0650837996230292,5.100201017061728,-0.0440351145066032,-0.0397989829382714,8,65,-6.5,-4.8
O=C(O)[C@@H]1[C@@H]([C@H](O)[C@@H](O)[C@H](O)C[C@H](O)C=COP(=O)(O)O)CCCC1(O)O,COC(=O)CNC(=O)[C@@H]1[C@@H]([C@H](O)[C@@H](O)[C@H](O)C[C@H](O)C=COP(=O)(O)O)CCCC1(O)O,[*]C(=O)O,[*]C(=O)NCC(=O)OC,[*:1]-[CH0](=[OH0])-[OH1]>>[*:1]-[CH0](=[OH0])-[NH1]-[CH2]-[CH0](=[OH0])-[OH0]-[CH3],13,-3.170499999999997,487.1454766499999,0.0604898623714142,5.006071665932161,-0.0486290517582182,-0.1339283340678383,8,66,-6.5,-5.0
O=C(O)[C@@H]1[C@@H]([C@H](O)[C@@H](O)[C@H](O)C[C@H](O)C=COP(=O)(O)O)CCCC1(O)O,O=P(O)(O)OC=C[C@@H](O)C[C@@H](O)[C@H](O)[C@@H](O)[C@H]1CCCC(O)(O)[C@@H]1Oc1ccccc1,[*]C(=O)O,[*]Oc1ccccc1,[*:1]-[CH0](=[OH0])-[OH1]>>[*:1]-[OH0]-[cH0]1:[cH1]:[cH1]:[cH1]:[cH1]:[cH1]:1,20,-0.6282999999999999,464.1447483779999,0.1246405233567727,4.864361978786972,0.0155216092271402,-0.2756380212130276,8,67,-6.5,-4.7
O=C(O)[C@@H]1[C@@H]([C@H](O)[C@@H](O)[C@H](O)C[C@H](O)C=COP(=O)(O)O)CCCC1(O)O,O=C(O)CCC[C@@H]1[C@@H]([C@H](O)[C@@H](O)[C@H](O)C[C@H](O)C=COP(=O)(O)O)CCCC1(O)O,[*]C(=O)O,[*]CCCC(=O)O,[*:1]-[CH0](=[OH0])-[OH1]>>[*:1]-[CH2]-[CH2]-[CH2]-[CH0](=[OH0])-[OH1],15,-1.2048,458.1553130619999,0.0954157082360609,5.0889628476362185,-0.0137032058935715,-0.0510371523637811,8,68,-6.5,-5.0
O=C(O)[C@@H]1[C@@H]([C@H](O)[C@@H](O)[C@H](O)C[C@H](O)C=COP(=O)(O)O)CCCC1(O)O,CC(C)(C)OC(=O)[C@@H]1[C@@H]([C@H](O)[C@@H](O)[C@H](O)C[C@H](O)C=COP(=O)(O)O)CCCC1(O)O,[*]C(=O)O,[*]C(=O)OC(C)(C)C,[*:1]-[CH0](=[OH0])-[OH1]>>[*:1]-[CH0](=[OH0])-[OH0]-[CH0](-[CH3])(-[CH3])-[CH3],25,-1.118,472.1709631259999,0.0866972292116203,5.075305989775983,-0.0224216849180121,-0.0646940102240165,8,69,-6.5,-5.1
O=C(O)[C@@H]1[C@@H]([C@H](O)[C@@H](O)[C@H](O)C[C@H](O)C=COP(=O)(O)O)CCCC1(O)O,CC(C(=O)O)[C@@H]1[C@@H]([C@H](O)[C@@H](O)[C@H](O)C[C@H](O)C=COP(=O)(O)O)CCCC1(O)O,[*]C(=O)O,[*]C(C)C(=O)O,[*:1]-[CH0](=[OH0])-[OH1]>>[*:1]-[CH1](-[CH3])-[CH0](=[OH0])-[OH1],12,-1.7389999999999994,444.1396629979999,0.1039575641794321,5.274471365048533,-0.0051613499502003,0.1344713650485332,8,70,-6.5,-5.9
O=C(O)[C@@H]1[C@@H]([C@H](O)[C@@H](O)[C@H](O)C[C@H](O)C=COP(=O)(O)O)CCCC1(O)O,O=P(O)(O)OC=C[C@@H](O)C[C@@H](O)[C@H](O)[C@@H](O)[C@H]1CCCC(O)(O)[C@@H]1c1cccs1,[*]C(=O)O,[*]c1cccs1,[*:1]-[CH0](=[OH0])-[OH1]>>[*:1]-[cH0]1:[cH1]:[cH1]:[cH1]:[sH0]:1,10,-0.2306000000000004,454.1062546939999,0.140582675659958,5.074607178109012,0.0314637615303255,-0.0653928218909873,8,71,-6.5,-3.8
O=C(O)[C@@H]1[C@@H]([C@H](O)[C@@H](O)[C@H](O)C[C@H](O)C=COP(=O)(O)O)CCCC1(O)O,O=C(NCCO)[C@@H]1[C@@H]([C@H](O)[C@@H](O)[C@H](O)C[C@H](O)C=COP(=O)(O)O)CCCC1(O)O,[*]C(=O)O,[*]C(=O)NCCO,[*:1]-[CH0](=[OH0])-[OH1]>>[*:1]-[CH0](=[OH0])-[NH1]-[CH2]-[CH2]-[OH1],48,-3.3511999999999977,459.1505620299999,0.0828313633591311,5.065285924559293,-0.0262875507705013,-0.0747140754407063,8,72,-6.5,-5.6
O=C(O)[C@@H]1[C@@H]([C@H](O)[C@@H](O)[C@H](O)C[C@H](O)C=COP(=O)(O)O)CCCC1(O)O,COCCNC(=O)[C@@H]1[C@@H]([C@H](O)[C@@H](O)[C@H](O)C[C@H](O)C=COP(=O)(O)O)CCCC1(O)O,[*]C(=O)O,[*]C(=O)NCCOC,[*:1]-[CH0](=[OH0])-[OH1]>>[*:1]-[CH0](=[OH0])-[NH1]-[CH2]-[CH2]-[OH0]-[CH3],26,-2.697099999999997,473.1662120939999,0.0610682308060833,5.001680164260037,-0.0480506833235492,-0.1383198357399626,8,73,-6.5,-4.1
O=C(O)[C@@H]1[C@@H]([C@H](O)[C@@H](O)[C@H](O)C[C@H](O)C=COP(=O)(O)O)CCCC1(O)O,O=C(OCc1ccccc1)[C@@H]1[C@@H]([C@H](O)[C@@H](O)[C@H](O)C[C@H](O)C=COP(=O)(O)O)CCCC1(O)O,[*]C(=O)O,[*]C(=O)OCc1ccccc1,[*:1]-[CH0](=[OH0])-[OH1]>>[*:1]-[CH0](=[OH0])-[OH0]-[CH2]-[cH0]1:[cH1]:[cH1]:[cH1]:[cH1]:[cH1]:1,26,-0.7163000000000002,506.1553130619999,0.0808105526080405,4.772714666222022,-0.0283083615215919,-0.3672853337779775,8,74,-6.5,-5.3
O=C(O)[C@@H]1[C@@H]([C@H](O)[C@@H](O)[C@H](O)C[C@H](O)C=COP(=O)(O)O)CCCC1(O)O,O=P(O)(O)OC=C[C@@H](O)C[C@@H](O)[C@H](O)[C@@H](O)[C@H]1CCCC(O)(O)[C@@H]1c1nnn[nH]1,[*]C(=O)O,[*]c1nnn[nH]1,[*:1]-[CH0](=[OH0])-[OH1]>>[*:1]-[cH0]1:[nH0]:[nH0]:[nH0]:[nH1]:1,179,-2.778999999999998,440.13082963,0.1072809753898951,5.422165166274694,-0.0018379387397373,0.2821651662746944,8,75,-6.5,-6.7
O=C(O)[C@@H]1[C@@H]([C@H](O)[C@@H](O)[C@H](O)C[C@H](O)C=COP(=O)(O)O)CCCC1(O)O,O=C(NCCN1CCOCC1)[C@@H]1[C@@H]([C@H](O)[C@@H](O)[C@H](O)C[C@H](O)C=COP(=O)(O)O)CCCC1(O)O,[*]C(=O)O,[*]C(=O)NCCN1CCOCC1,[*:1]-[CH0](=[OH0])-[OH1]>>[*:1]-[CH0](=[OH0])-[NH1]-[CH2]-[CH2]-[NH0]1-[CH2]-[CH2]-[OH0]-[CH2]-[CH2]-1,24,-3.011299999999995,528.2084112539998,0.069886383647357,4.935617421837408,-0.0392325304822754,-0.2043825781625914,8,76,-6.5,-5.6
O=C(O)[C@@H]1[C@@H]([C@H](O)[C@@H](O)[C@H](O)C[C@H](O)C=COP(=O)(O)O)CCCC1(O)O,COCCO[C@@H]1[C@@H]([C@H](O)[C@@H](O)[C@H](O)C[C@H](O)C=COP(=O)(O)O)CCCC1(O)O,[*]C(=O)O,[*]OCCOC,[*:1]-[CH0](=[OH0])-[OH1]>>[*:1]-[OH0]-[CH2]-[CH2]-[OH0]-[CH3],12,-2.0442999999999985,446.1553130619999,0.070580939587968,5.118086982919587,-0.0385379745416644,-0.0219130170804122,8,77,-6.5,-4.7
O=C(O)[C@@H]1[C@@H]([C@H](O)[C@@H](O)[C@H](O)C[C@H](O)C=COP(=O)(O)O)CCCC1(O)O,O=P(O)(O)OC=C[C@@H](O)C[C@@H](O)[C@H](O)[C@@H](O)[C@H]1CCCC(O)(O)[C@@H]1c1cccnc1,[*]C(=O)O,[*]c1cccnc1,[*:1]-[CH0](=[OH0])-[OH1]>>[*:1]-[cH0]1:[cH1]:[cH1]:[cH1]:[nH0]:[cH1]:1,15,-0.8971000000000005,449.1450827259999,0.1319172995087689,5.003765336005795,0.0227983853791364,-0.1362346639942044,8,78,-6.5,-3.4
O=C(O)[C@@H]1[C@@H]([C@H](O)[C@@H](O)[C@H](O)C[C@H](O)C=COP(=O)(O)O)CCCC1(O)O,O=C(Nc1ccccc1)[C@@H]1[C@@H]([C@H](O)[C@@H](O)[C@H](O)C[C@H](O)C=COP(=O)(O)O)CCCC1(O)O,[*]C(=O)O,[*]C(=O)Nc1ccccc1,[*:1]-[CH0](=[OH0])-[OH1]>>[*:1]-[CH0](=[OH0])-[NH1]-[cH0]1:[cH1]:[cH1]:[cH1]:[cH1]:[cH1]:1,24,-0.8210000000000004,491.1556474099998,0.1118335991309752,4.751837467267473,0.0027146850013427,-0.3881625327325269,8,79,-6.5,-5.5
O=C(O)[C@@H]1[C@@H]([C@H](O)[C@@H](O)[C@H](O)C[C@H](O)C=COP(=O)(O)O)CCCC1(O)O,O=P(O)(O)OC=C[C@@H](O)C[C@@H](O)[C@H](O)[C@@H](O)[C@H]1CCCC(O)(O)[C@@H]1c1ccncc1,[*]C(=O)O,[*]c1ccncc1,[*:1]-[CH0](=[OH0])-[OH1]>>[*:1]-[cH0]1:[cH1]:[cH1]:[nH0]:[cH1]:[cH1]:1,13,-0.8971000000000005,449.1450827259999,0.1319172995087689,5.009618327458786,0.0227983853791364,-0.1303816725412137,8,80,-6.5,-3.7
O=C(O)[C@@H]1[C@@H]([C@H](O)[C@@H](O)[C@H](O)C[C@H](O)C=COP(=O)(O)O)CCCC1(O)O,O=C(N[C@@H]1[C@@H]([C@H](O)[C@@H](O)[C@H](O)C[C@H](O)C=COP(=O)(O)O)CCCC1(O)O)c1ccccc1,[*]C(=O)O,[*]NC(=O)c1ccccc1,[*:1]-[CH0](=[OH0])-[OH1]>>[*:1]-[NH1]-[CH0](=[OH0])-[cH0]1:[cH1]:[cH1]:[cH1]:[cH1]:[cH1]:1,11,-1.2773,491.1556474099998,0.1066574286647705,4.799259766316737,-0.0024614854648619,-0.3407402336832623,8,81,-6.5,-5.7
O=C(O)[C@@H]1[C@@H]([C@H](O)[C@@H](O)[C@H](O)C[C@H](O)C=COP(=O)(O)O)CCCC1(O)O,O=P(O)(O)OC=C[C@@H](O)C[C@@H](O)[C@H](O)[C@@H](O)[C@H]1CCCC(O)(O)[C@@H]1NS(=O)(=O)C(F)(F)F,[*]C(=O)O,[*]NS(=O)(=O)C(F)(F)F,[*:1]-[CH0](=[OH0])-[OH1]>>[*:1]-[NH1]-[SH0](=[OH0])(=[OH0])-[CH0](-[FH0])(-[FH0])-[FH0],13,-2.268099999999999,519.0787175299998,0.0844499905088553,5.29670593288472,-0.0246689236207771,0.1567059328847202,8,82,-6.5,-6.1
O=C(O)[C@@H]1[C@@H]([C@H](O)[C@@H](O)[C@H](O)C[C@H](O)C=COP(=O)(O)O)CCCC1(O)O,O=c1[nH]c([C@@H]2[C@@H]([C@H](O)[C@@H](O)[C@H](O)C[C@H](O)C=COP(=O)(O)O)CCCC2(O)O)no1,[*]C(=O)O,[*]c1noc(=O)[nH]1,[*:1]-[CH0](=[OH0])-[OH1]>>[*:1]-[cH0]1:[nH0]:[oH0]:[cH0](=[OH0]):[nH1]:1,30,-2.6157999999999992,456.1145108699999,0.1050244218176934,5.499740549681008,-0.004094492311939,0.3597405496810086,8,83,-6.5,-5.0
O=C(O)[C@@H]1[C@@H]([C@H](O)[C@@H](O)[C@H](O)C[C@H](O)C=COP(=O)(O)O)CCCC1(O)O,O=C(NCc1ccccc1)[C@@H]1[C@@H]([C@H](O)[C@@H](O)[C@H](O)C[C@H](O)C=COP(=O)(O)O)CCCC1(O)O,[*]C(=O)O,[*]C(=O)NCc1ccccc1,[*:1]-[CH0](=[OH0])-[OH1]>>[*:1]-[CH0](=[OH0])-[NH1]-[CH2]-[cH0]1:[cH1]:[cH1]:[cH1]:[cH1]:[cH1]:1,32,-1.1433,505.1712974739998,0.0993990232781189,4.750073194650115,-0.0097198908515135,-0.3899268053498845,8,84,-6.5,-5.5
O=C(O)[C@@H]1[C@@H]([C@H](O)[C@@H](O)[C@H](O)C[C@H](O)C=COP(=O)(O)O)CCCC1(O)O,O=P(O)(O)OC=C[C@@H](O)C[C@@H](O)[C@H](O)[C@@H](O)[C@H]1CCCC(O)(O)[C@@H]1OCc1ccccc1,[*]C(=O)O,[*]OCc1ccccc1,[*:1]-[CH0](=[OH0])-[OH1]>>[*:1]-[OH0]-[CH2]-[cH0]1:[cH1]:[cH1]:[cH1]:[cH1]:[cH1]:1,17,-0.4905000000000004,478.1603984419999,0.1160044283785834,4.806508630691539,0.0068855142489509,-0.3334913693084607,8,85,-6.5,-5.4
O=C(O)[C@@H]1[C@@H]([C@H](O)[C@@H](O)[C@H](O)C[C@H](O)C=COP(=O)(O)O)CCCC1(O)O,CCCCNC(=O)[C@@H]1[C@@H]([C@H](O)[C@@H](O)[C@H](O)C[C@H](O)C=COP(=O)(O)O)CCCC1(O)O,[*]C(=O)O,[*]C(=O)NCCCC,[*:1]-[CH0](=[OH0])-[OH1]>>[*:1]-[CH0](=[OH0])-[NH1]-[CH2]-[CH2]-[CH2]-[CH3],10,-1.5433999999999988,471.1869475379999,0.0687032575136528,4.96366909484165,-0.0404156566159796,-0.1763309051583492,8,86,-6.5,-4.8
O=C(O)[C@@H]1[C@@H]([C@H](O)[C@@H](O)[C@H](O)C[C@H](O)C=COP(=O)(O)O)CCCC1(O)O,CN(C)CCCNC(=O)[C@@H]1[C@@H]([C@H](O)[C@@H](O)[C@H](O)C[C@H](O)C=COP(=O)(O)O)CCCC1(O)O,[*]C(=O)O,[*]C(=O)NCCCN(C)C,[*:1]-[CH0](=[OH0])-[OH1]>>[*:1]-[CH0](=[OH0])-[NH1]-[CH2]-[CH2]-[CH2]-[NH0](-[CH3])-[CH3],28,-2.391799999999996,500.2134966339999,0.0559405578679823,4.99300225730115,-0.0531783562616501,-0.1469977426988498,8,87,-6.5,-4.6
O=C(O)[C@@H]1[C@@H]([C@H](O)[C@@H](O)[C@H](O)C[C@H](O)C=COP(=O)(O)O)CCCC1(O)O,O=C(NO)[C@@H]1[C@@H]([C@H](O)[C@@H](O)[C@H](O)C[C@H](O)C=COP(=O)(O)O)CCCC1(O)O,[*]C(=O)O,[*]C(=O)NO,[*:1]-[CH0](=[OH0])-[OH1]>>[*:1]-[CH0](=[OH0])-[NH1]-[OH1],63,-2.954299999999998,431.1192619019999,0.057937685815419,5.2347605737235,-0.0511812283142134,0.0947605737234997,8,88,-6.5,-5.7
O=C(O)[C@@H]1[C@@H]([C@H](O)[C@@H](O)[C@H](O)C[C@H](O)C=COP(=O)(O)O)CCCC1(O)O,NNC(=O)[C@@H]1[C@@H]([C@H](O)[C@@H](O)[C@H](O)C[C@H](O)C=COP(=O)(O)O)CCCC1(O)O,[*]C(=O)O,[*]C(=O)NN,[*:1]-[CH0](=[OH0])-[OH1]>>[*:1]-[CH0](=[OH0])-[NH1]-[NH2],12,-3.4697999999999976,430.1352463139999,0.0428121096240363,5.241655199645522,-0.0663068045055961,0.1016551996455223,8,89,-6.5,-6.0
O=P(O)(O)[C@@H]1C[C@H](CO)[C@H](O)O1,CO[C@H]1C[C@@H](P(=O)(O)O)O[C@H]1O,[*]CO,[*]OC,[*:1]-[CH2]-[OH1]>>[*:1]-[OH0]-[CH3],353,-0.7561,198.029324702,0.5046843879861117,4.503479216894197,0.0880621025937096,-0.0065207831058025,9,0,-7.3,-7.3
O=P(O)(O)[C@@H]1C[C@H](CO)[C@H](O)O1,CCCC[C@H]1C[C@@H](P(=O)(O)O)O[C@H]1O,[*]CO,[*]CCCC,[*:1]-[CH2]-[OH1]>>[*:1]-[CH2]-[CH2]-[CH2]-[CH3],19,1.0353,224.081360274,0.6207661433045732,4.249819367863495,0.2041438579121711,-0.260180632136505,9,1,-7.3,-6.2
O=P(O)(O)[C@@H]1C[C@H](CO)[C@H](O)O1,CSC[C@H]1C[C@@H](P(=O)(O)O)O[C@H]1O,[*]CO,[*]CSC,[*:1]-[CH2]-[OH1]>>[*:1]-[CH2]-[SH0]-[CH3],15,0.2080999999999998,228.022131146,0.5983807535323211,4.712574851123561,0.181758468139919,0.2025748511235612,9,2,-7.3,-6.5
O=P(O)(O)[C@@H]1C[C@H](CO)[C@H](O)O1,CC[C@H]1C[C@@H](P(=O)(O)O)O[C@H]1O,[*]CO,[*]CC,[*:1]-[CH2]-[OH1]>>[*:1]-[CH2]-[CH3],141,0.2550999999999997,196.050060146,0.5510357759175181,4.4972305816584655,0.1344134905251159,-0.0127694183415343,9,3,-7.3,-7.3
O=P(O)(O)[C@@H]1C[C@H](CO)[C@H](O)O1,CC(C)C[C@H]1C[C@@H](P(=O)(O)O)O[C@H]1O,[*]CO,[*]CC(C)C,[*:1]-[CH2]-[OH1]>>[*:1]-[CH2]-[CH1](-[CH3])-[CH3],19,0.8911999999999998,224.081360274,0.619562551517311,4.370586727530855,0.2029402661249089,-0.1394132724691452,9,4,-7.3,-6.5
O=P(O)(O)[C@@H]1C[C@H](CO)[C@H](O)O1,CN(C)[C@H]1C[C@@H](P(=O)(O)O)O[C@H]1O,[*]CO,[*]N(C)C,[*:1]-[CH2]-[OH1]>>[*:1]-[NH0](-[CH3])-[CH3],70,-0.8409,211.060959178,0.5157822841466364,4.509347989749641,0.0991599987542343,-0.0006520102503584,9,5,-7.3,-6.8
O=P(O)(O)[C@@H]1C[C@H](CO)[C@H](O)O1,O=P(O)(O)[C@@H]1C[C@H](C2CC2)[C@H](O)O1,[*]CO,[*]C1CC1,[*:1]-[CH2]-[OH1]>>[*:1]-[CH1]1-[CH2]-[CH2]-1,61,0.2550999999999997,208.050060146,0.5662175882369473,4.410891593205009,0.1495953028445452,-0.0991084067949907,9,6,-7.3,-7.3
O=P(O)(O)[C@@H]1C[C@H](CO)[C@H](O)O1,CN[C@H]1C[C@@H](P(=O)(O)O)O[C@H]1O,[*]CO,[*]NC,[*:1]-[CH2]-[OH1]>>[*:1]-[NH1]-[CH3],31,-1.1831,197.045309114,0.4156064710845233,4.665072765281295,-0.0010158143078787,0.1550727652812948,9,7,-7.3,-7.6
O=P(O)(O)[C@@H]1C[C@H](CO)[C@H](O)O1,NC[C@H]1C[C@@H](P(=O)(O)O)O[C@H]1O,[*]CO,[*]CN,[*:1]-[CH2]-[OH1]>>[*:1]-[CH2]-[NH2],150,-1.1962,197.045309114,0.4135507049517887,4.603957628804867,-0.0030715804406133,0.0939576288048673,9,8,-7.3,-7.2
O=P(O)(O)[C@@H]1C[C@H](CO)[C@H](O)O1,CCO[C@H]1C[C@@H](P(=O)(O)O)O[C@H]1O,[*]CO,[*]OCC,[*:1]-[CH2]-[OH1]>>[*:1]-[OH0]-[CH2]-[CH3],66,-0.366,212.044974766,0.5523412151678719,4.440444986870167,0.1357189297754698,-0.0695550131298325,9,9,-7.3,-7.2
O=P(O)(O)[C@@H]1C[C@H](CO)[C@H](O)O1,NC(=O)[C@H]1C[C@@H](P(=O)(O)O)O[C@H]1O,[*]CO,[*]C(N)=O,[*:1]-[CH2]-[OH1]>>[*:1]-[CH0](-[NH2])=[OH0],246,-1.6696000000000002,211.02457367,0.403804652478109,4.531086451288102,-0.0128176329142931,0.0210864512881023,9,10,-7.3,-7.8
O=P(O)(O)[C@@H]1C[C@H](CO)[C@H](O)O1,CC(C)[C@H]1C[C@@H](P(=O)(O)O)O[C@H]1O,[*]CO,[*]C(C)C,[*:1]-[CH2]-[OH1]>>[*:1]-[CH1](-[CH3])-[CH3],91,0.5010999999999997,210.06571021,0.5775519145044726,4.4880836540853055,0.1609296291120705,-0.0219163459146942,9,11,-7.3,-7.1
O=P(O)(O)[C@@H]1C[C@H](CO)[C@H](O)O1,O=C(O)[C@H]1C[C@@H](P(=O)(O)O)O[C@H]1O,[*]CO,[*]C(=O)O,[*:1]-[CH2]-[OH1]>>[*:1]-[CH0](=[OH0])-[OH1],242,-1.0703,212.00858925800003,0.4292487375782092,4.421496241497893,0.0126264521858071,-0.0885037585021066,9,12,-7.3,-7.7
O=P(O)(O)[C@@H]1C[C@H](CO)[C@H](O)O1,COC[C@H]1C[C@@H](P(=O)(O)O)O[C@H]1O,[*]CO,[*]COC,[*:1]-[CH2]-[OH1]>>[*:1]-[CH2]-[OH0]-[CH3],258,-0.5085000000000002,212.044974766,0.545128711968806,4.482557656553425,0.1285064265764038,-0.0274423434465749,9,13,-7.3,-7.1
O=P(O)(O)[C@@H]1C[C@H](CO)[C@H](O)O1,O=P(O)(O)[C@@H]1C[C@H](CF)[C@H](O)O1,[*]CO,[*]CF,[*:1]-[CH2]-[OH1]>>[*:1]-[CH2]-[FH0],60,-0.1854,200.02498827,0.5377565496898131,4.787419167266405,0.121134264297411,0.2774191672664052,9,14,-7.3,-7.5
O=P(O)(O)[C@@H]1C[C@H](CO)[C@H](O)O1,N#CC[C@H]1C[C@@H](P(=O)(O)O)O[C@H]1O,[*]CO,[*]CC#N,[*:1]-[CH2]-[OH1]>>[*:1]-[CH2]-[CH0]#[NH0],35,-0.24122,207.02965905,0.5385824864013236,4.7445065253317065,0.1219602010089214,0.2345065253317066,9,15,-7.3,-7.2
O=P(O)(O)[C@@H]1C[C@H](CO)[C@H](O)O1,CCN[C@H]1C[C@@H](P(=O)(O)O)O[C@H]1O,[*]CO,[*]NCC,[*:1]-[CH2]-[OH1]>>[*:1]-[NH1]-[CH2]-[CH3],10,-0.7929999999999999,211.060959178,0.4563336405379449,4.52701602759415,0.0397113551455428,0.0170160275941499,9,16,-7.3,-7.5
O=P(O)(O)[C@@H]1C[C@H](CO)[C@H](O)O1,CNC(=O)[C@H]1C[C@@H](P(=O)(O)O)O[C@H]1O,[*]CO,[*]C(=O)NC,[*:1]-[CH2]-[OH1]>>[*:1]-[CH0](=[OH0])-[NH1]-[CH3],106,-1.4089,225.040223734,0.4289523874468444,4.455498265992393,0.0123301020544422,-0.0545017340076068,9,17,-7.3,-7.9
O=P(O)(O)[C@@H]1C[C@H](CO)[C@H](O)O1,CC(=O)N[C@H]1C[C@@H](P(=O)(O)O)O[C@H]1O,[*]CO,[*]NC(C)=O,[*:1]-[CH2]-[OH1]>>[*:1]-[NH1]-[CH0](-[CH3])=[OH0],71,-1.2664000000000004,225.040223734,0.4354426101113843,4.387998265992393,0.0188203247189822,-0.1220017340076067,9,18,-7.3,-7.1
O=P(O)(O)[C@@H]1C[C@H](CO)[C@H](O)O1,CN(C)C(=O)[C@H]1C[C@@H](P(=O)(O)O)O[C@H]1O,[*]CO,[*]C(=O)N(C)C,[*:1]-[CH2]-[OH1]>>[*:1]-[CH0](=[OH0])-[NH0](-[CH3])-[CH3],100,-1.0667000000000002,239.055873798,0.5296732568118838,4.402851001533323,0.1130509714194817,-0.1071489984666769,9,19,-7.3,-5.7
O=P(O)(O)[C@@H]1C[C@H](CO)[C@H](O)O1,CN(C)C[C@H]1C[C@@H](P(=O)(O)O)O[C@H]1O,[*]CO,[*]CN(C)C,[*:1]-[CH2]-[OH1]>>[*:1]-[CH2]-[NH0](-[CH3])-[CH3],100,-0.5932999999999997,225.076609242,0.5559058239698447,4.43030211214624,0.1392835385774425,-0.0796978878537597,9,20,-7.3,-6.5
O=P(O)(O)[C@@H]1C[C@H](CO)[C@H](O)O1,O=P(O)(O)[C@@H]1C[C@H](CCO)[C@H](O)O1,[*]CO,[*]CCO,[*:1]-[CH2]-[OH1]>>[*:1]-[CH2]-[CH2]-[OH1],158,-0.7725000000000002,212.044974766,0.4573251601308331,4.528783448408628,0.0407028747384309,0.0187834484086284,9,21,-7.3,-7.1
O=P(O)(O)[C@@H]1C[C@H](CO)[C@H](O)O1,CN1CCN([C@H]2C[C@@H](P(=O)(O)O)O[C@H]2O)CC1,[*]CO,[*]N1CCN(C)CC1,[*:1]-[CH2]-[OH1]>>[*:1]-[NH0]1-[CH2]-[CH2]-[NH0](-[CH3])-[CH2]-[CH2]-1,20,-1.1551,266.103158338,0.5430035692613867,4.114721887558871,0.1263812838689846,-0.3952781124411286,9,22,-7.3,-3.9
O=P(O)(O)[C@@H]1C[C@H](CO)[C@H](O)O1,O=P(O)(O)[C@@H]1C[C@H](C(F)F)[C@H](O)O1,[*]CO,[*]C(F)F,[*:1]-[CH2]-[OH1]>>[*:1]-[CH1](-[FH0])-[FH0],42,0.1101999999999999,218.015566458,0.5723725629572861,4.822434703036356,0.155750277564884,0.3124347030363559,9,23,-7.3,-7.4
O=P(O)(O)[C@@H]1C[C@H](CO)[C@H](O)O1,CNC[C@H]1C[C@@H](P(=O)(O)O)O[C@H]1O,[*]CO,[*]CNC,[*:1]-[CH2]-[OH1]>>[*:1]-[CH2]-[NH1]-[CH3],38,-0.9355,211.060959178,0.4497613393903701,4.551992045693696,0.033139053997968,0.0419920456936964,9,24,-7.3,-7.3
O=P(O)(O)[C@@H]1C[C@H](CO)[C@H](O)O1,CCC[C@H]1C[C@@H](P(=O)(O)O)O[C@H]1O,[*]CO,[*]CCC,[*:1]-[CH2]-[OH1]>>[*:1]-[CH2]-[CH2]-[CH3],44,0.6451999999999998,210.06571021,0.5949795495103332,4.403337294562476,0.178357264117931,-0.1066627054375235,9,25,-7.3,-7.1
O=P(O)(O)[C@@H]1C[C@H](CO)[C@H](O)O1,NC(=O)C[C@H]1C[C@@H](P(=O)(O)O)O[C@H]1O,[*]CO,[*]CC(N)=O,[*:1]-[CH2]-[OH1]>>[*:1]-[CH2]-[CH0](-[NH2])=[OH0],21,-1.2795000000000003,225.040223734,0.4423882614282305,4.458248265992394,0.0257659760358284,-0.0517517340076061,9,26,-7.3,-7.6
O=P(O)(O)[C@@H]1C[C@H](CO)[C@H](O)O1,CCOC[C@H]1C[C@@H](P(=O)(O)O)O[C@H]1O,[*]CO,[*]COCC,[*:1]-[CH2]-[OH1]>>[*:1]-[CH2]-[OH0]-[CH2]-[CH3],20,-0.1184,226.06062483,0.5782275725375509,4.406793588237716,0.1616052871451487,-0.1032064117622839,9,27,-7.3,-6.9
O=P(O)(O)[C@@H]1C[C@H](CO)[C@H](O)O1,O=P(O)(O)[C@@H]1C[C@H](N2CCOCC2)[C@H](O)O1,[*]CO,[*]N1CCOCC1,[*:1]-[CH2]-[OH1]>>[*:1]-[NH0]1-[CH2]-[CH2]-[OH0]-[CH2]-[CH2]-1,42,-1.0703000000000005,253.071523862,0.5386752644035621,4.207055316487748,0.1220529790111599,-0.3029446835122513,9,28,-7.3,-5.6
O=P(O)(O)[C@@H]1C[C@H](CO)[C@H](O)O1,O=C(O)C[C@H]1C[C@@H](P(=O)(O)O)O[C@H]1O,[*]CO,[*]CC(=O)O,[*:1]-[CH2]-[OH1]>>[*:1]-[CH2]-[CH0](=[OH0])-[OH1],49,-0.6802,226.02423932200003,0.4696158007231267,4.328340573684702,0.0529935153307246,-0.1816594263152975,9,29,-7.3,-7.5
O=P(O)(O)[C@@H]1C[C@H](CO)[C@H](O)O1,O=P(O)(O)[C@@H]1C[C@H](C(F)(F)F)[C@H](O)O1,[*]CO,[*]C(F)(F)F,[*:1]-[CH2]-[OH1]>>[*:1]-[CH0](-[FH0])(-[FH0])-[FH0],176,0.4073999999999994,236.006144646,0.5736611661319783,4.590011562695691,0.1570388807395761,0.0800115626956916,9,30,-7.3,-8.0
O=P(O)(O)[C@@H]1C[C@H](CO)[C@H](O)O1,COCC[C@H]1C[C@@H](P(=O)(O)O)O[C@H]1O,[*]CO,[*]CCOC,[*:1]-[CH2]-[OH1]>>[*:1]-[CH2]-[CH2]-[OH0]-[CH3],13,-0.1184,226.06062483,0.5782275725375509,4.378745771189898,0.1616052871451487,-0.1312542288101017,9,31,-7.3,-6.9
O=P(O)(O)[C@@H]1C[C@H](CO)[C@H](O)O1,O=P(O)(O)[C@@H]1C[C@H](N2CCCC2)[C@H](O)O1,[*]CO,[*]N1CCCC1,[*:1]-[CH2]-[OH1]>>[*:1]-[NH0]1-[CH2]-[CH2]-[CH2]-[CH2]-1,11,-0.3067,237.076609242,0.5708248681004529,4.167687853513178,0.1542025827080507,-0.3423121464868215,9,32,-7.3,-6.2
O=P(O)(O)[C@@H]1C[C@H](CO)[C@H](O)O1,O=C1CCCN1[C@H]1C[C@@H](P(=O)(O)O)O[C@H]1O,[*]CO,[*]N1CCCC1=O,[*:1]-[CH2]-[OH1]>>[*:1]-[NH0]1-[CH2]-[CH2]-[CH2]-[CH0]-1=[OH0],10,-0.7801,251.055873798,0.5555902350392623,4.274878051891879,0.1389679496468602,-0.2351219481081203,9,33,-7.3,-6.5
O=P(O)(O)[C@@H]1C[C@H](CO)[C@H](O)O1,O=C(NC1CC1)[C@H]1C[C@@H](P(=O)(O)O)O[C@H]1O,[*]CO,[*]C(=O)NC1CC1,[*:1]-[CH2]-[OH1]>>[*:1]-[CH0](=[OH0])-[NH1]-[CH1]1-[CH2]-[CH2]-1,14,-0.8763000000000003,251.055873798,0.484111612996556,4.175111760044192,0.0674893276041538,-0.3348882399558075,9,34,-7.3,-5.8
O=P(O)(O)[C@@H]1C[C@H](CO)[C@H](O)O1,O=P(O)(O)[C@@H]1C[C@H](OC(F)F)[C@H](O)O1,[*]CO,[*]OC(F)F,[*:1]-[CH2]-[OH1]>>[*:1]-[OH0]-[CH1](-[FH0])-[FH0],13,-0.1633,234.010481078,0.5867888012588549,4.728625189069318,0.1701665158664528,0.2186251890693178,9,35,-7.3,-7.6
O=P(O)(O)[C@@H]1C[C@H](CO)[C@H](O)O1,CCNC(=O)[C@H]1C[C@@H](P(=O)(O)O)O[C@H]1O,[*]CO,[*]C(=O)NCC,[*:1]-[CH2]-[OH1]>>[*:1]-[CH0](=[OH0])-[NH1]-[CH2]-[CH3],41,-1.0188,239.055873798,0.4683750566757459,4.2655522783941136,0.0517527712833438,-0.2444477216058862,9,36,-7.3,-6.6
O=P(O)(O)[C@@H]1C[C@H](CO)[C@H](O)O1,CC(C)(C)[C@H]1C[C@@H](P(=O)(O)O)O[C@H]1O,[*]CO,[*]C(C)(C)C,[*:1]-[CH2]-[OH1]>>[*:1]-[CH0](-[CH3])(-[CH3])-[CH3],32,0.8911999999999998,224.081360274,0.5756349200017588,4.478965408849536,0.1590126346093566,-0.0310345911504636,9,37,-7.3,-6.1
O=P(O)(O)[C@@H]1C[C@H](CO)[C@H](O)O1,O=P(O)(O)[C@@H]1C[C@H](CCCO)[C@H](O)O1,[*]CO,[*]CCCO,[*:1]-[CH2]-[OH1]>>[*:1]-[CH2]-[CH2]-[CH2]-[OH1],32,-0.3824000000000001,226.06062483,0.4865044389865194,4.380100448944576,0.0698821535941173,-0.1298995510554235,9,38,-7.3,-7.3
O=P(O)(O)[C@@H]1C[C@H](CO)[C@H](O)O1,O=P(O)(O)[C@@H]1C[C@H](Cc2ccc(O)cc2)[C@H](O)O1,[*]CO,[*]Cc1ccc(O)cc1,[*:1]-[CH2]-[OH1]>>[*:1]-[CH2]-[cH0]1:[cH1]:[cH1]:[cH0](-[OH1]):[cH1]:[cH1]:1,10,0.7933999999999994,274.06062483,0.6070565513241589,3.8642159163392673,0.1904342659317568,-0.6457840836607325,9,39,-7.3,-6.6
O=P(O)(O)[C@@H]1C[C@H](CO)[C@H](O)O1,O=C([C@H]1C[C@@H](P(=O)(O)O)O[C@H]1O)N1CCCC1,[*]CO,[*]C(=O)N1CCCC1,[*:1]-[CH2]-[OH1]>>[*:1]-[CH0](=[OH0])-[NH0]1-[CH2]-[CH2]-[CH2]-[CH2]-1,17,-0.5324999999999998,265.07152386200005,0.5791344209367119,4.007302824013721,0.1625121355443097,-0.5026971759862784,9,40,-7.3,-5.5
O=P(O)(O)[C@@H]1C[C@H](CO)[C@H](O)O1,O=P(O)(O)[C@@H]1C[C@H](CN2CCCC2)[C@H](O)O1,[*]CO,[*]CN1CCCC1,[*:1]-[CH2]-[OH1]>>[*:1]-[CH2]-[NH0]1-[CH2]-[CH2]-[CH2]-[CH2]-1,27,-0.0591000000000002,251.092259306,0.6087792314951461,4.027499022781454,0.192156946102744,-0.482500977218546,9,41,-7.3,-4.9
O=P(O)(O)[C@@H]1C[C@H](CO)[C@H](O)O1,O=C([C@H]1C[C@@H](P(=O)(O)O)O[C@H]1O)N1CCOCC1,[*]CO,[*]C(=O)N1CCOCC1,[*:1]-[CH2]-[OH1]>>[*:1]-[CH0](=[OH0])-[NH0]1-[CH2]-[CH2]-[OH0]-[CH2]-[CH2]-1,26,-1.2961000000000005,281.066438482,0.5387021870722624,4.042328318223097,0.1220799016798602,-0.4676716817769026,9,42,-7.3,-4.0
O=P(O)(O)[C@@H]1C[C@H](CO)[C@H](O)O1,CC(C)O[C@H]1C[C@@H](P(=O)(O)O)O[C@H]1O,[*]CO,[*]OC(C)C,[*:1]-[CH2]-[OH1]>>[*:1]-[OH0]-[CH1](-[CH3])-[CH3],22,0.0224999999999998,226.06062483,0.5870060070294588,4.450586727530855,0.1703837216370567,-0.0594132724691451,9,43,-7.3,-6.6
O=P(O)(O)[C@@H]1C[C@H](CO)[C@H](O)O1,C[C@H](O)[C@H]1C[C@@H](P(=O)(O)O)O[C@H]1O,[*]CO,[*][C@H](C)O,[*:1]-[CH2]-[OH1]>>[*:1]-[C@H1](-[CH3])-[OH1],30,-0.7741000000000002,212.044974766,0.4473906322709524,4.764630385383174,0.0307683468785502,0.2546303853831739,9,44,-7.3,-7.6
O=P(O)(O)[C@@H]1C[C@H](CO)[C@H](O)O1,C[C@@H](O)[C@H]1C[C@@H](P(=O)(O)O)O[C@H]1O,[*]CO,[*][C@@H](C)O,[*:1]-[CH2]-[OH1]>>[*:1]-[C@@H1](-[CH3])-[OH1],25,-0.7741000000000002,212.044974766,0.4473906322709524,4.764630385383174,0.0307683468785502,0.2546303853831739,9,45,-7.3,-7.0
O=P(O)(O)[C@@H]1C[C@H](CO)[C@H](O)O1,CC(C)(O)[C@H]1C[C@@H](P(=O)(O)O)O[C@H]1O,[*]CO,[*]C(C)(C)O,[*:1]-[CH2]-[OH1]>>[*:1]-[CH0](-[CH3])(-[CH3])-[OH1],77,-0.3840000000000001,226.06062483,0.4777965796615155,4.611607606651734,0.0611742942691134,0.1016076066517346,9,46,-7.3,-7.3
O=P(O)(O)[C@@H]1C[C@H](CO)[C@H](O)O1,CC(=O)[C@H]1C[C@@H](P(=O)(O)O)O[C@H]1O,[*]CO,[*]C(C)=O,[*:1]-[CH2]-[OH1]>>[*:1]-[CH0](-[CH3])=[OH0],116,-0.5659000000000001,210.029324702,0.5272337773290002,4.518440297441949,0.1106114919365981,0.0084402974419495,9,47,-7.3,-7.4
O=P(O)(O)[C@@H]1C[C@H](CO)[C@H](O)O1,O=P(O)(O)[C@@H]1C[C@H](OCCO)[C@H](O)O1,[*]CO,[*]OCCO,[*:1]-[CH2]-[OH1]>>[*:1]-[OH0]-[CH2]-[CH2]-[OH1],42,-1.3936,228.03988938600003,0.4373037796420075,4.45108631173044,0.0206814942496054,-0.05891368826956,9,48,-7.3,-7.2
O=P(O)(O)[C@@H]1C[C@H](CO)[C@H](O)O1,CC(=O)NC[C@H]1C[C@@H](P(=O)(O)O)O[C@H]1O,[*]CO,[*]CNC(C)=O,[*:1]-[CH2]-[OH1]>>[*:1]-[CH2]-[NH1]-[CH0](-[CH3])=[OH0],48,-1.0188,239.055873798,0.4683750566757459,4.252295473660385,0.0517527712833438,-0.2577045263396149,9,49,-7.3,-6.6
O=P(O)(O)[C@@H]1C[C@H](CO)[C@H](O)O1,O=P(O)(O)[C@@H]1C[C@H](N2CCNCC2)[C@H](O)O1,[*]CO,[*]N1CCNCC1,[*:1]-[CH2]-[OH1]>>[*:1]-[NH0]1-[CH2]-[CH2]-[NH1]-[CH2]-[CH2]-1,11,-1.497299999999999,252.087508274,0.4435999339168487,4.338379792012224,0.0269776485244466,-0.1716202079877762,9,50,-7.3,-6.4
O=P(O)(O)[C@@H]1C[C@H](CO)[C@H](O)O1,CCNC[C@H]1C[C@@H](P(=O)(O)O)O[C@H]1O,[*]CO,[*]CNCC,[*:1]-[CH2]-[OH1]>>[*:1]-[CH2]-[NH1]-[CH2]-[CH3],14,-0.5454000000000001,225.076609242,0.479238661199271,4.41208132212545,0.0626163758068689,-0.0979186778745502,9,51,-7.3,-7.0
O=P(O)(O)[C@@H]1C[C@H](CO)[C@H](O)O1,NC(=O)CO[C@H]1C[C@@H](P(=O)(O)O)O[C@H]1O,[*]CO,[*]OCC(N)=O,[*:1]-[CH2]-[OH1]>>[*:1]-[OH0]-[CH2]-[CH0](-[NH2])=[OH0],13,-1.9005999999999996,241.035138354,0.4212111877366598,4.416429201471036,0.0045889023442577,-0.0935707985289635,9,52,-7.3,-7.4
O=P(O)(O)[C@@H]1C[C@H](CO)[C@H](O)O1,O=P(O)(O)[C@@H]1C[C@H](CN2CCOCC2)[C@H](O)O1,[*]CO,[*]CN1CCOCC1,[*:1]-[CH2]-[OH1]>>[*:1]-[CH2]-[NH0]1-[CH2]-[CH2]-[OH0]-[CH2]-[CH2]-1,66,-0.8226999999999998,267.08717392600005,0.574220077930954,4.043281561649813,0.1575977925385518,-0.4667184383501865,9,53,-7.3,-6.2
O=P(O)(O)[C@@H]1C[C@H](CO)[C@H](O)O1,CC(C)NC(=O)[C@H]1C[C@@H](P(=O)(O)O)O[C@H]1O,[*]CO,[*]C(=O)NC(C)C,[*:1]-[CH2]-[OH1]>>[*:1]-[CH0](=[OH0])-[NH1]-[CH1](-[CH3])-[CH3],16,-0.6303000000000003,253.071523862,0.4975215001882792,4.213837168781796,0.0808992147958771,-0.2961628312182043,9,54,-7.3,-5.4
O=P(O)(O)[C@@H]1C[C@H](CO)[C@H](O)O1,O=C(O)CC[C@H]1C[C@@H](P(=O)(O)O)O[C@H]1O,[*]CO,[*]CCC(=O)O,[*:1]-[CH2]-[OH1]>>[*:1]-[CH2]-[CH2]-[CH0](=[OH0])-[OH1],17,-0.2900999999999998,240.03988938600003,0.4973873575737877,4.245155828689972,0.0807650721813856,-0.2648441713100276,9,55,-7.3,-7.2
O=P(O)(O)[C@@H]1C[C@H](CO)[C@H](O)O1,O=P(O)(O)[C@@H]1C[C@H](N2CCCCC2)[C@H](O)O1,[*]CO,[*]N1CCCCC1,[*:1]-[CH2]-[OH1]>>[*:1]-[NH0]1-[CH2]-[CH2]-[CH2]-[CH2]-[CH2]-1,11,0.0833999999999998,251.092259306,0.6022319979805503,4.0679046171870485,0.1856097125881481,-0.4420953828129512,9,56,-7.3,-5.4
O=P(O)(O)[C@@H]1C[C@H](CO)[C@H](O)O1,COC(=O)[C@H]1C[C@@H](P(=O)(O)O)O[C@H]1O,[*]CO,[*]C(=O)OC,[*:1]-[CH2]-[OH1]>>[*:1]-[CH0](=[OH0])-[OH0]-[CH3],219,-0.9819,226.02423932200003,0.4091693318111953,4.343267496761624,-0.0074529535812067,-0.1667325032383759,9,57,-7.3,-7.3
O=P(O)(O)[C@@H]1C[C@H](CO)[C@H](O)O1,O=P(O)(O)[C@@H]1C[C@H](Cc2ccccc2)[C@H](O)O1,[*]CO,[*]Cc1ccccc1,[*:1]-[CH2]-[OH1]>>[*:1]-[CH2]-[cH0]1:[cH1]:[cH1]:[cH1]:[cH1]:[cH1]:1,42,1.0877999999999997,258.06571021,0.7062718039563695,3.716966013368309,0.2896495185639673,-0.7930339866316913,9,58,-7.3,-6.3
O=P(O)(O)[C@@H]1C[C@H](CO)[C@H](O)O1,O=P(O)(O)[C@@H]1C[C@H](CNC2CC2)[C@H](O)O1,[*]CO,[*]CNC1CC1,[*:1]-[CH2]-[OH1]>>[*:1]-[CH2]-[NH1]-[CH1]1-[CH2]-[CH2]-1,10,-0.4029000000000001,237.076609242,0.4963376081228224,4.317645414488788,0.0797153227304203,-0.1923545855112118,9,59,-7.3,-6.3
O=P(O)(O)[C@@H]1C[C@H](CO)[C@H](O)O1,CC(O)[C@H]1C[C@@H](P(=O)(O)O)O[C@H]1O,[*]CO,[*]C(C)O,[*:1]-[CH2]-[OH1]>>[*:1]-[CH1](-[CH3])-[OH1],90,-0.7741000000000002,212.044974766,0.4473906322709524,4.764630385383174,0.0307683468785502,0.2546303853831739,9,60,-7.3,-7.3
O=P(O)(O)[C@@H]1C[C@H](CO)[C@H](O)O1,CS[C@H]1C[C@@H](P(=O)(O)O)O[C@H]1O,[*]CO,[*]SC,[*:1]-[CH2]-[OH1]>>[*:1]-[SH0]-[CH3],29,-0.0395,214.006481082,0.5589870124334995,4.878794849648539,0.1423647270410973,0.3687948496485393,9,61,-7.3,-6.7
O=P(O)(O)[C@@H]1C[C@H](CO)[C@H](O)O1,O=P(O)(O)[C@@H]1C[C@H](c2ccc(F)cc2)[C@H](O)O1,[*]CO,[*]c1ccc(F)cc1,[*:1]-[CH2]-[OH1]>>[*:1]-[cH0]1:[cH1]:[cH1]:[cH0](-[FH0]):[cH1]:[cH1]:1,16,1.1517999999999995,262.04063833400005,0.6958597966453937,3.836366034716063,0.2792375112529915,-0.6736339652839369,9,62,-7.3,-5.6
O=P(O)(O)[C@@H]1C[C@H](CO)[C@H](O)O1,O=P(O)(O)[C@@H]1C[C@H](C2CCCCC2)[C@H](O)O1,[*]CO,[*]C1CCCCC1,[*:1]-[CH2]-[OH1]>>[*:1]-[CH1]1-[CH2]-[CH2]-[CH2]-[CH2]-[CH2]-1,11,1.4254000000000002,250.097010338,0.6451411128537202,4.0583476241800565,0.2285188274613181,-0.4516523758199433,9,63,-7.3,-5.8
O=P(O)(O)[C@@H]1C[C@H](CO)[C@H](O)O1,CS(=O)(=O)N[C@H]1C[C@@H](P(=O)(O)O)O[C@H]1O,[*]CO,[*]NS(C)(=O)=O,[*:1]-[CH2]-[OH1]>>[*:1]-[NH1]-[SH0](-[CH3])(=[OH0])=[OH0],59,-1.8533,261.00720935400005,0.4379135515567146,4.472147357808626,0.0212912661643125,-0.0378526421913738,9,64,-7.3,-5.9
O=P(O)(O)[C@@H]1C[C@H](CO)[C@H](O)O1,O=P(O)(O)[C@@H]1C[C@H](CN2CCNCC2)[C@H](O)O1,[*]CO,[*]CN1CCNCC1,[*:1]-[CH2]-[OH1]>>[*:1]-[CH2]-[NH0]1-[CH2]-[CH2]-[NH1]-[CH2]-[CH2]-1,11,-1.2496999999999991,266.103158338,0.4733034210932212,4.19495881205898,0.0566811357008191,-0.31504118794102,9,65,-7.3,-6.0
O=P(O)(O)[C@@H]1C[C@H](CO)[C@H](O)O1,CS(=O)(=O)C[C@H]1C[C@@H](P(=O)(O)O)O[C@H]1O,[*]CO,[*]CS(C)(=O)=O,[*:1]-[CH2]-[OH1]>>[*:1]-[CH2]-[SH0](-[CH3])(=[OH0])=[OH0],19,-1.1103,260.011960386,0.5498685105314073,4.505684199913889,0.1332462251390052,-0.0043158000861112,9,66,-7.3,-6.1
O=P(O)(O)[C@@H]1C[C@H](CO)[C@H](O)O1,CN1CCN(C[C@H]2C[C@@H](P(=O)(O)O)O[C@H]2O)CC1,[*]CO,[*]CN1CCN(C)CC1,[*:1]-[CH2]-[OH1]>>[*:1]-[CH2]-[NH0]1-[CH2]-[CH2]-[NH0](-[CH3])-[CH2]-[CH2]-1,33,-0.9075,280.118808402,0.57633976328785,3.9856212538588895,0.1597174778954478,-0.5243787461411102,9,67,-7.3,-5.1
O=P(O)(O)[C@@H]1C[C@H](CO)[C@H](O)O1,CCOC(=O)[C@H]1C[C@@H](P(=O)(O)O)O[C@H]1O,[*]CO,[*]C(=O)OCC,[*:1]-[CH2]-[OH1]>>[*:1]-[CH0](=[OH0])-[OH0]-[CH2]-[CH3],107,-0.5918000000000001,240.03988938600003,0.4458386757354483,4.201377130465119,0.0292163903430461,-0.3086228695348811,9,68,-7.3,-6.5
O=P(O)(O)[C@@H]1C[C@H](CO)[C@H](O)O1,COC(=O)C[C@H]1C[C@@H](P(=O)(O)O)O[C@H]1O,[*]CO,[*]CC(=O)OC,[*:1]-[CH2]-[OH1]>>[*:1]-[CH2]-[CH0](=[OH0])-[OH0]-[CH3],18,-0.5918000000000001,240.03988938600003,0.4458386757354483,4.239308491411864,0.0292163903430461,-0.2706915085881354,9,69,-7.3,-6.3
O=P(O)(O)[C@@H]1C[C@H](CO)[C@H](O)O1,O=P(O)(O)[C@@H]1C[C@H](CN2CCCCC2)[C@H](O)O1,[*]CO,[*]CN1CCCCC1,[*:1]-[CH2]-[OH1]>>[*:1]-[CH2]-[NH0]1-[CH2]-[CH2]-[CH2]-[CH2]-[CH2]-1,19,0.3309999999999996,265.10790937,0.637111248894291,3.9468092212242816,0.2204889635018889,-0.5631907787757182,9,70,-7.3,-6.1
O=P(O)(O)[C@@H]1C[C@H](CO)[C@H](O)O1,O=P(O)(O)[C@@H]1C[C@H](OC(F)(F)F)[C@H](O)O1,[*]CO,[*]OC(F)(F)F,[*:1]-[CH2]-[OH1]>>[*:1]-[OH0]-[CH0](-[FH0])(-[FH0])-[FH0],46,0.1339,252.001059266,0.6044745157053748,4.612142904367331,0.1878522303129727,0.1021429043673309,9,71,-7.3,-7.1
O=P(O)(O)[C@@H]1C[C@H](CO)[C@H](O)O1,CCOC(=O)C[C@H]1C[C@@H](P(=O)(O)O)O[C@H]1O,[*]CO,[*]CC(=O)OCC,[*:1]-[CH2]-[OH1]>>[*:1]-[CH2]-[CH0](=[OH0])-[OH0]-[CH2]-[CH3],26,-0.2017,254.05553945000003,0.46983252463244,4.127148023780457,0.0532102392400379,-0.382851976219543,9,72,-7.3,-7.2
O=P(O)(O)[C@@H]1C[C@H](CO)[C@H](O)O1,O=P(O)(O)[C@@H]1C[C@H](C2CCOCC2)[C@H](O)O1,[*]CO,[*]C1CCOCC1,[*:1]-[CH2]-[OH1]>>[*:1]-[CH1]1-[CH2]-[CH2]-[OH0]-[CH2]-[CH2]-1,19,0.2716999999999999,252.076274894,0.6104142357657907,4.308462659145091,0.1937919503733886,-0.2015373408549088,9,73,-7.3,-5.3
O=P(O)(O)[C@@H]1C[C@H](CO)[C@H](O)O1,O=P(O)(O)[C@@H]1C[C@H](CCl)[C@H](O)O1,[*]CO,[*]CCl,[*:1]-[CH2]-[OH1]>>[*:1]-[CH2]-[ClH0],22,0.0838999999999999,215.99543773,0.4496646838987158,4.721649936497175,0.0330423985063136,0.2116499364971753,9,74,-7.3,-7.2
O=P(O)(O)[C@@H]1C[C@H](CO)[C@H](O)O1,CN(C)CCO[C@H]1C[C@@H](P(=O)(O)O)O[C@H]1O,[*]CO,[*]OCCN(C)C,[*:1]-[CH2]-[OH1]>>[*:1]-[OH0]-[CH2]-[CH2]-[NH0](-[CH3])-[CH3],15,-0.8242999999999996,255.087173926,0.5515362619390304,4.290308463340894,0.1349139765466283,-0.2196915366591056,9,75,-7.3,-5.7
O=P(O)(O)[C@@H]1C[C@H](CO)[C@H](O)O1,CCN(CC)C[C@H]1C[C@@H](P(=O)(O)O)O[C@H]1O,[*]CO,[*]CN(CC)CC,[*:1]-[CH2]-[OH1]>>[*:1]-[CH2]-[NH0](-[CH2]-[CH3])-[CH2]-[CH3],16,0.1868999999999997,253.10790937,0.6057701182737567,4.2868864853189175,0.1891478328813546,-0.2231135146810823,9,76,-7.3,-6.0
O=P(O)(O)[C@@H]1C[C@H](CO)[C@H](O)O1,CC(C)NC[C@H]1C[C@@H](P(=O)(O)O)O[C@H]1O,[*]CO,[*]CNC(C)C,[*:1]-[CH2]-[OH1]>>[*:1]-[CH2]-[NH1]-[CH1](-[CH3])-[CH3],12,-0.1569000000000001,239.092259306,0.5088398737245686,4.34191559200358,0.0922175883321665,-0.1680844079964201,9,77,-7.3,-6.4
O=P(O)(O)[C@@H]1C[C@H](CO)[C@H](O)O1,CCN(CC)C(=O)[C@H]1C[C@@H](P(=O)(O)O)O[C@H]1O,[*]CO,[*]C(=O)N(CC)CC,[*:1]-[CH2]-[OH1]>>[*:1]-[CH0](=[OH0])-[NH0](-[CH2]-[CH3])-[CH2]-[CH3],11,-0.2864999999999998,267.08717392600005,0.6042728106953552,4.209813632770183,0.1876505253029531,-0.3001863672298164,9,78,-7.3,-5.5
O=P(O)(O)[C@@H]1C[C@H](CO)[C@H](O)O1,CC(=O)OC[C@H]1C[C@@H](P(=O)(O)O)O[C@H]1O,[*]CO,[*]COC(C)=O,[*:1]-[CH2]-[OH1]>>[*:1]-[CH2]-[OH0]-[CH0](-[CH3])=[OH0],72,-0.5918000000000001,240.03988938600003,0.4458386757354483,4.2700469529503255,0.0292163903430461,-0.2399530470496742,9,79,-7.3,-6.3
O=P(O)(O)[C@@H]1C[C@H](CO)[C@H](O)O1,CS(=O)(=O)NC[C@H]1C[C@@H](P(=O)(O)O)O[C@H]1O,[*]CO,[*]CNS(C)(=O)=O,[*:1]-[CH2]-[OH1]>>[*:1]-[CH2]-[NH1]-[SH0](-[CH3])(=[OH0])=[OH0],16,-1.6057,275.022859418,0.453650286808431,4.362386136886862,0.0370280014160289,-0.147613863113138,9,80,-7.3,-6.4
O=P(O)(O)[C@@H]1C[C@H](CO)[C@H](O)O1,O=C(NCCO)[C@H]1C[C@@H](P(=O)(O)O)O[C@H]1O,[*]CO,[*]C(=O)NCCO,[*:1]-[CH2]-[OH1]>>[*:1]-[CH0](=[OH0])-[NH1]-[CH2]-[CH2]-[OH1],30,-2.0464,255.050788418,0.3646482165085788,4.222185386417819,-0.0519740688838232,-0.2878146135821806,9,81,-7.3,-6.2
O=P(O)(O)[C@@H]1C[C@H](CO)[C@H](O)O1,O=P(O)(O)[C@@H]1C[C@H](Cn2ccnc2)[C@H](O)O1,[*]CO,[*]Cn1ccnc1,[*:1]-[CH2]-[OH1]>>[*:1]-[CH2]-[nH0]1:[cH1]:[cH1]:[nH0]:[cH1]:1,11,-0.2582,248.056208146,0.6364748941767503,4.398006365438798,0.2198526087843482,-0.1119936345612018,9,82,-7.3,-6.5
O=P(O)(O)[C@@H]1C[C@H](CO)[C@H](O)O1,O=P(O)(O)[C@@H]1C[C@H](c2ccccc2)[C@H](O)O1,[*]CO,[*]c1ccccc1,[*:1]-[CH2]-[OH1]>>[*:1]-[cH0]1:[cH1]:[cH1]:[cH1]:[cH1]:[cH1]:1,93,1.0126999999999995,244.050060146,0.6757421444182057,3.796315456347889,0.2591198590258036,-0.7136845436521106,9,83,-7.3,-6.0
O=P(O)(O)[C@@H]1C[C@H](CO)[C@H](O)O1,CCC(O)[C@H]1C[C@@H](P(=O)(O)O)O[C@H]1O,[*]CO,[*]C(O)CC,[*:1]-[CH2]-[OH1]>>[*:1]-[CH1](-[OH1])-[CH2]-[CH3],11,-0.3840000000000002,226.06062483,0.4883279379625325,4.766089053234319,0.0717056525701304,0.2560890532343194,9,84,-7.3,-7.0
O=P(O)(O)[C@@H]1C[C@H](CO)[C@H](O)O1,O=P(O)(O)[C@@H]1C[C@H](CCc2ccccc2)[C@H](O)O1,[*]CO,[*]CCc1ccccc1,[*:1]-[CH2]-[OH1]>>[*:1]-[CH2]-[CH2]-[cH0]1:[cH1]:[cH1]:[cH1]:[cH1]:[cH1]:1,12,1.4778999999999995,272.081360274,0.7225628571749502,3.7086766447537087,0.3059405717825481,-0.8013233552462911,9,85,-7.3,-7.5
O=P(O)(O)[C@@H]1C[C@H](CO)[C@H](O)O1,O=P(O)(O)[C@@H]1C[C@H](COc2ccccc2)[C@H](O)O1,[*]CO,[*]COc1ccccc1,[*:1]-[CH2]-[OH1]>>[*:1]-[CH2]-[OH0]-[cH0]1:[cH1]:[cH1]:[cH1]:[cH1]:[cH1]:1,14,0.9240999999999996,274.06062483,0.7065650373733745,3.708358183215247,0.2899427519809724,-0.8016418167847528,9,86,-7.3,-6.5
O=P(O)(O)[C@@H]1C[C@H](CO)[C@H](O)O1,CC(C)(C)OC(=O)N[C@H]1C[C@@H](P(=O)(O)O)O[C@H]1O,[*]CO,[*]NC(=O)OC(C)(C)C,[*:1]-[CH2]-[OH1]>>[*:1]-[NH1]-[CH0](=[OH0])-[OH0]-[CH0](-[CH3])(-[CH3])-[CH3],11,0.1221999999999997,283.082088546,0.530275506433932,4.121672738399193,0.1136532210415298,-0.3883272616008071,9,87,-7.3,-6.6
O=P(O)(O)[C@@H]1C[C@H](CO)[C@H](O)O1,O=P(O)(O)[C@@H]1C[C@H](c2ccccn2)[C@H](O)O1,[*]CO,[*]c1ccccn1,[*:1]-[CH2]-[OH1]>>[*:1]-[cH0]1:[cH1]:[cH1]:[cH1]:[cH1]:[nH0]:1,18,0.4077,245.045309114,0.652274302789459,4.134740631173063,0.2356520173970568,-0.3752593688269368,9,88,-7.3,-5.7
O=P(O)(O)[C@@H]1C[C@H](CO)[C@H](O)O1,COCCO[C@H]1C[C@@H](P(=O)(O)O)O[C@H]1O,[*]CO,[*]OCCOC,[*:1]-[CH2]-[OH1]>>[*:1]-[OH0]-[CH2]-[CH2]-[OH0]-[CH3],24,-0.7394999999999998,242.05553945000003,0.4303730744591334,4.270772722181095,0.0137507890667313,-0.2392272778189053,9,89,-7.3,-6.9
O=P(O)(O)[C@@H]1C[C@H](CO)[C@H](O)O1,CN(C)CCNC(=O)[C@H]1C[C@@H](P(=O)(O)O)O[C@H]1O,[*]CO,[*]C(=O)NCCN(C)C,[*:1]-[CH2]-[OH1]>>[*:1]-[CH0](=[OH0])-[NH1]-[CH2]-[CH2]-[NH0](-[CH3])-[CH3],12,-1.4770999999999994,282.098072958,0.4540438218242795,4.104870667666965,0.0374215364318774,-0.4051293323330345,9,90,-7.3,-5.9
O=P(O)(O)[C@@H]1C[C@H](CO)[C@H](O)O1,O=P(O)(O)[C@@H]1C[C@H](C(O)CO)[C@H](O)O1,[*]CO,[*]C(O)CO,[*:1]-[CH2]-[OH1]>>[*:1]-[CH1](-[OH1])-[CH2]-[OH1],10,-1.8017000000000003,228.03988938600003,0.3603232126048143,4.8049467455420105,-0.0562990727875877,0.2949467455420107,9,91,-7.3,-7.6
O=P(O)(O)[C@@H]1C[C@H](CO)[C@H](O)O1,O=P(O)(O)[C@@H]1C[C@H](c2ccncc2)[C@H](O)O1,[*]CO,[*]c1ccncc1,[*:1]-[CH2]-[OH1]>>[*:1]-[cH0]1:[cH1]:[cH1]:[nH0]:[cH1]:[cH1]:1,25,0.4076999999999998,245.045309114,0.652274302789459,4.124302519284951,0.2356520173970568,-0.3856974807150486,9,92,-7.3,-5.3
O=P(O)(O)[C@@H]1C[C@H](CO)[C@H](O)O1,COCCNC(=O)[C@H]1C[C@@H](P(=O)(O)O)O[C@H]1O,[*]CO,[*]C(=O)NCCOC,[*:1]-[CH2]-[OH1]>>[*:1]-[CH0](=[OH0])-[NH1]-[CH2]-[CH2]-[OH0]-[CH3],10,-1.3923,269.066438482,0.3573018691654552,4.083420415986966,-0.0593204162269468,-0.4265795840130337,9,93,-7.3,-6.0
O=P(O)(O)[C@@H]1C[C@H](CO)[C@H](O)O1,O=P(O)(O)[C@@H]1C[C@H](Oc2ccccc2)[C@H](O)O1,[*]CO,[*]Oc1ccccc1,[*:1]-[CH2]-[OH1]>>[*:1]-[OH0]-[cH0]1:[cH1]:[cH1]:[cH1]:[cH1]:[cH1]:1,12,0.6764999999999997,260.044974766,0.6913367668961544,3.757818059194822,0.2747144815037523,-0.752181940805178,9,94,-7.3,-6.5
O=P(O)(O)[C@@H]1C[C@H](CO)[C@H](O)O1,O=P(O)(O)[C@@H]1C[C@H](c2cccnc2)[C@H](O)O1,[*]CO,[*]c1cccnc1,[*:1]-[CH2]-[OH1]>>[*:1]-[cH0]1:[cH1]:[cH1]:[cH1]:[nH0]:[cH1]:1,22,0.4076999999999998,245.045309114,0.652274302789459,4.109266854949287,0.2356520173970568,-0.4007331450507125,9,95,-7.3,-6.0
O=P(O)(O)[C@@H]1C[C@H](CO)[C@H](O)O1,O=P(O)(O)[C@@H]1C[C@H](OCc2ccccc2)[C@H](O)O1,[*]CO,[*]OCc1ccccc1,[*:1]-[CH2]-[OH1]>>[*:1]-[OH0]-[CH2]-[cH0]1:[cH1]:[cH1]:[cH1]:[cH1]:[cH1]:1,20,0.8142999999999998,274.06062483,0.7031772132946105,3.677403721676786,0.2865549279022084,-0.8325962783232139,9,96,-7.3,-6.0
O=P(O)(O)[C@@H]1C[C@H](CO)[C@H](O)O1,Cn1cc([C@H]2C[C@@H](P(=O)(O)O)O[C@H]2O)cn1,[*]CO,[*]c1cnn(C)c1,[*:1]-[CH2]-[OH1]>>[*:1]-[cH0]1:[cH1]:[nH0]:[nH0](-[CH3]):[cH1]:1,17,-0.2538000000000001,248.056208146,0.6229860784747477,4.442136370317639,0.2063637930823456,-0.0678636296823604,9,97,-7.3,-6.0
O=P(O)(O)[C@@H]1C[C@H](CO)[C@H](O)O1,O=P(O)(O)[C@@H]1C[C@H](c2nnn[nH]2)[C@H](O)O1,[*]CO,[*]c1nnn[nH]1,[*:1]-[CH2]-[OH1]>>[*:1]-[cH0]1:[nH0]:[nH0]:[nH0]:[nH1]:1,10,-1.4742,236.031056018,0.4555076687902696,4.959917497040383,0.0388853833978675,0.4499174970403832,9,98,-7.3,-7.7
O=P(O)(O)[C@@H]1C[C@H](CO)[C@H](O)O1,O=P(O)(O)[C@@H]1C[C@H](COCCO)[C@H](O)O1,[*]CO,[*]COCCO,[*:1]-[CH2]-[OH1]>>[*:1]-[CH2]-[OH0]-[CH2]-[CH2]-[OH1],10,-1.146,242.05553945000003,0.3551460631289358,4.387627337565711,-0.0614762222634662,-0.1223726624342891,9,99,-7.3,-7.0
O=C1O[C@@H](CO)[C@@H](OOP(=O)(O)O)[C@H]1O,CO[C@@H]1OC(=O)[C@H](O)[C@@H]1OOP(=O)(O)O,[*]CO,[*]OC,[*:1]-[CH2]-[OH1]>>[*:1]-[OH0]-[CH3],353,-1.7139000000000002,243.99841849800004,0.2285063007609664,4.652992515080504,0.0433625716953899,0.0529925150805032,10,0,-6.4,-6.1
O=C1O[C@@H](CO)[C@@H](OOP(=O)(O)O)[C@H]1O,CCCC[C@@H]1OC(=O)[C@H](O)[C@@H]1OOP(=O)(O)O,[*]CO,[*]CCCC,[*:1]-[CH2]-[OH1]>>[*:1]-[CH2]-[CH2]-[CH2]-[CH3],19,-0.1276000000000001,270.05045407,0.2638799676611901,4.432349646756197,0.0787362385956136,-0.1676503532438031,10,1,-6.4,-6.0
O=C1O[C@@H](CO)[C@@H](OOP(=O)(O)O)[C@H]1O,CSC[C@@H]1OC(=O)[C@H](O)[C@@H]1OOP(=O)(O)O,[*]CO,[*]CSC,[*:1]-[CH2]-[OH1]>>[*:1]-[CH2]-[SH0]-[CH3],15,-0.9548,273.99122494200003,0.251661523348458,4.791918353450785,0.0665177942828815,0.1919183534507844,10,2,-6.4,-5.9
O=C1O[C@@H](CO)[C@@H](OOP(=O)(O)O)[C@H]1O,CC[C@@H]1OC(=O)[C@H](O)[C@@H]1OOP(=O)(O)O,[*]CO,[*]CC,[*:1]-[CH2]-[OH1]>>[*:1]-[CH2]-[CH3],141,-0.9078,242.019153942,0.2504575159756154,4.632936893778728,0.0653137869100388,0.0329368937787277,10,3,-6.4,-7.4
O=C1O[C@@H](CO)[C@@H](OOP(=O)(O)O)[C@H]1O,CC(C)C[C@@H]1OC(=O)[C@H](O)[C@@H]1OOP(=O)(O)O,[*]CO,[*]CC(C)C,[*:1]-[CH2]-[OH1]>>[*:1]-[CH2]-[CH1](-[CH3])-[CH3],19,-0.2717000000000001,270.05045407,0.2698180304711037,4.542476919483469,0.0846743014055272,-0.0575230805165318,10,4,-6.4,-6.6
O=C1O[C@@H](CO)[C@@H](OOP(=O)(O)O)[C@H]1O,CN(C)[C@@H]1OC(=O)[C@H](O)[C@@H]1OOP(=O)(O)O,[*]CO,[*]N(C)C,[*:1]-[CH2]-[OH1]>>[*:1]-[NH0](-[CH3])-[CH3],70,-1.7987000000000004,257.03005297400006,0.2312231490803117,4.838035292609187,0.0460794200147352,0.2380352926091866,10,5,-6.4,-5.8
O=C1O[C@@H](CO)[C@@H](OOP(=O)(O)O)[C@H]1O,O=C1O[C@@H](C2CC2)[C@@H](OOP(=O)(O)O)[C@H]1O,[*]CO,[*]C1CC1,[*:1]-[CH2]-[OH1]>>[*:1]-[CH1]1-[CH2]-[CH2]-1,61,-0.9078,254.019153942,0.2549026108326329,4.558821650154082,0.0697588817670564,-0.0411783498459188,10,6,-6.4,-6.4
O=C1O[C@@H](CO)[C@@H](OOP(=O)(O)O)[C@H]1O,CN[C@@H]1OC(=O)[C@H](O)[C@@H]1OOP(=O)(O)O,[*]CO,[*]NC,[*:1]-[CH2]-[OH1]>>[*:1]-[NH1]-[CH3],31,-2.1409,243.01440291000003,0.1885845638787803,4.919829201471037,0.0034408348132038,0.3198292014710366,10,7,-6.4,-7.1
O=C1O[C@@H](CO)[C@@H](OOP(=O)(O)O)[C@H]1O,NC[C@@H]1OC(=O)[C@H](O)[C@@H]1OOP(=O)(O)O,[*]CO,[*]CN,[*:1]-[CH2]-[OH1]>>[*:1]-[CH2]-[NH2],150,-2.3591,243.01440291000003,0.1838900964881798,4.72556411271364,-0.0012536325773966,0.1255641127136391,10,8,-6.4,-7.2
O=C1O[C@@H](CO)[C@@H](OOP(=O)(O)O)[C@H]1O,CCO[C@@H]1OC(=O)[C@H](O)[C@@H]1OOP(=O)(O)O,[*]CO,[*]OCC,[*:1]-[CH2]-[OH1]>>[*:1]-[OH0]-[CH2]-[CH3],66,-1.3238000000000003,258.01406856200003,0.2373661505638265,4.614878793011226,0.05222242149825,0.014878793011225,10,9,-6.4,-6.8
O=C1O[C@@H](CO)[C@@H](OOP(=O)(O)O)[C@H]1O,NC(=O)[C@@H]1OC(=O)[C@H](O)[C@@H]1OOP(=O)(O)O,[*]CO,[*]C(N)=O,[*:1]-[CH2]-[OH1]>>[*:1]-[CH0](-[NH2])=[OH0],246,-2.8325,256.99366746600003,0.1794279895441578,4.640812028068849,-0.0057157395214186,0.0408120280688484,10,10,-6.4,-7.5
O=C1O[C@@H](CO)[C@@H](OOP(=O)(O)O)[C@H]1O,CC(C)[C@@H]1OC(=O)[C@H](O)[C@@H]1OOP(=O)(O)O,[*]CO,[*]C(C)C,[*:1]-[CH2]-[OH1]>>[*:1]-[CH1](-[CH3])-[CH3],91,-0.6617999999999999,256.034804006,0.2619654364654595,4.615507337637331,0.076821707399883,0.01550733763733,10,11,-6.4,-6.5
O=C1O[C@@H](CO)[C@@H](OOP(=O)(O)O)[C@H]1O,O=C1O[C@@H](C(=O)O)[C@@H](OOP(=O)(O)O)[C@H]1O,[*]CO,[*]C(=O)O,[*:1]-[CH2]-[OH1]>>[*:1]-[CH0](=[OH0])-[OH1],242,-2.2332,257.977683054,0.1877436013875819,4.5626623094947405,0.0025998723220054,-0.03733769050526,10,12,-6.4,-7.3
O=C1O[C@@H](CO)[C@@H](OOP(=O)(O)O)[C@H]1O,COC[C@@H]1OC(=O)[C@H](O)[C@@H]1OOP(=O)(O)O,[*]CO,[*]COC,[*:1]-[CH2]-[OH1]>>[*:1]-[CH2]-[OH0]-[CH3],258,-1.6714000000000002,258.01406856200003,0.2288853255283353,4.521891979824412,0.0437415964627588,-0.0781080201755886,10,13,-6.4,-6.8
O=C1O[C@@H](CO)[C@@H](OOP(=O)(O)O)[C@H]1O,O=C1O[C@@H](CF)[C@@H](OOP(=O)(O)O)[C@H]1O,[*]CO,[*]CF,[*:1]-[CH2]-[OH1]>>[*:1]-[CH2]-[FH0],60,-1.3483000000000005,245.994082066,0.2406658442491472,4.838623284311272,0.0555221151835707,0.2386232843112719,10,14,-6.4,-6.2
O=C1O[C@@H](CO)[C@@H](OOP(=O)(O)O)[C@H]1O,N#CC[C@@H]1OC(=O)[C@H](O)[C@@H]1OOP(=O)(O)O,[*]CO,[*]CC#N,[*:1]-[CH2]-[OH1]>>[*:1]-[CH2]-[CH0]#[NH0],35,-1.4041200000000005,252.99875284600003,0.2377959228176502,4.857905166637599,0.0526521937520736,0.257905166637598,10,15,-6.4,-7.2
O=C1O[C@@H](CO)[C@@H](OOP(=O)(O)O)[C@H]1O,CCN[C@@H]1OC(=O)[C@H](O)[C@@H]1OOP(=O)(O)O,[*]CO,[*]NCC,[*:1]-[CH2]-[OH1]>>[*:1]-[NH1]-[CH2]-[CH3],10,-1.7508,257.03005297400006,0.1954907751199457,4.822580990813423,0.0103470460543692,0.2225809908134222,10,16,-6.4,-6.8
O=C1O[C@@H](CO)[C@@H](OOP(=O)(O)O)[C@H]1O,CNC(=O)[C@@H]1OC(=O)[C@H](O)[C@@H]1OOP(=O)(O)O,[*]CO,[*]C(=O)NC,[*:1]-[CH2]-[OH1]>>[*:1]-[CH0](=[OH0])-[NH1]-[CH3],106,-2.5718,271.00931753,0.186872949589402,4.563648947455498,0.0017292205238255,-0.0363510525445027,10,17,-6.4,-6.4
O=C1O[C@@H](CO)[C@@H](OOP(=O)(O)O)[C@H]1O,CC(=O)N[C@@H]1OC(=O)[C@H](O)[C@@H]1OOP(=O)(O)O,[*]CO,[*]NC(C)=O,[*:1]-[CH2]-[OH1]>>[*:1]-[NH1]-[CH0](-[CH3])=[OH0],71,-2.2242,271.00931753,0.1925370192329638,4.646017828574378,0.0073932901673873,0.046017828574377,10,18,-6.4,-6.4
O=C1O[C@@H](CO)[C@@H](OOP(=O)(O)O)[C@H]1O,CN(C)C(=O)[C@@H]1OC(=O)[C@H](O)[C@@H]1OOP(=O)(O)O,[*]CO,[*]C(=O)N(C)C,[*:1]-[CH2]-[OH1]>>[*:1]-[CH0](=[OH0])-[NH0](-[CH3])-[CH3],100,-2.229599999999999,285.024967594,0.2260851030592272,4.544311534385816,0.0409413739936507,-0.0556884656141845,10,19,-6.4,-5.9
O=C1O[C@@H](CO)[C@@H](OOP(=O)(O)O)[C@H]1O,CN(C)C[C@@H]1OC(=O)[C@H](O)[C@@H]1OOP(=O)(O)O,[*]CO,[*]CN(C)C,[*:1]-[CH2]-[OH1]>>[*:1]-[CH2]-[NH0](-[CH3])-[CH3],100,-1.7561999999999995,271.045703038,0.2305922448662387,4.573190206196757,0.0454485158006622,-0.0268097938032436,10,20,-6.4,-6.4
O=C1O[C@@H](CO)[C@@H](OOP(=O)(O)O)[C@H]1O,O=C1O[C@@H](CCO)[C@@H](OOP(=O)(O)O)[C@H]1O,[*]CO,[*]CCO,[*:1]-[CH2]-[OH1]>>[*:1]-[CH2]-[CH2]-[OH1],158,-1.9354,258.01406856200003,0.1915322836668388,4.623407364439796,0.0063885546012623,0.0234073644397954,10,21,-6.4,-7.0
O=C1O[C@@H](CO)[C@@H](OOP(=O)(O)O)[C@H]1O,CN1CCN([C@@H]2OC(=O)[C@H](O)[C@@H]2OOP(=O)(O)O)CC1,[*]CO,[*]N1CCN(C)CC1,[*:1]-[CH2]-[OH1]>>[*:1]-[NH0]1-[CH2]-[CH2]-[NH0](-[CH3])-[CH2]-[CH2]-1,20,-2.112899999999999,312.07225213399994,0.2293426560372506,4.418857834666052,0.0441989269716741,-0.1811421653339486,10,22,-6.4,-5.0
O=C1O[C@@H](CO)[C@@H](OOP(=O)(O)O)[C@H]1O,O=C1O[C@@H](C(F)F)[C@@H](OOP(=O)(O)O)[C@H]1O,[*]CO,[*]C(F)F,[*:1]-[CH2]-[OH1]>>[*:1]-[CH1](-[FH0])-[FH0],42,-1.0527000000000002,263.984660254,0.2541549443938844,4.850918969907498,0.0690112153283079,0.2509189699074978,10,23,-6.4,-7.5
O=C1O[C@@H](CO)[C@@H](OOP(=O)(O)O)[C@H]1O,CNC[C@@H]1OC(=O)[C@H](O)[C@@H]1OOP(=O)(O)O,[*]CO,[*]CNC,[*:1]-[CH2]-[OH1]>>[*:1]-[CH2]-[NH1]-[CH3],38,-2.0984,257.03005297400006,0.1888876366533317,4.671545825978258,0.0037439075877552,0.0715458259782577,10,24,-6.4,-7.1
O=C1O[C@@H](CO)[C@@H](OOP(=O)(O)O)[C@H]1O,CCC[C@@H]1OC(=O)[C@H](O)[C@@H]1OOP(=O)(O)O,[*]CO,[*]CCC,[*:1]-[CH2]-[OH1]>>[*:1]-[CH2]-[CH2]-[CH3],44,-0.5177,256.034804006,0.2597623130737731,4.563275496307929,0.0746185840081966,-0.0367245036920715,10,25,-6.4,-6.6
O=C1O[C@@H](CO)[C@@H](OOP(=O)(O)O)[C@H]1O,NC(=O)C[C@@H]1OC(=O)[C@H](O)[C@@H]1OOP(=O)(O)O,[*]CO,[*]CC(N)=O,[*:1]-[CH2]-[OH1]>>[*:1]-[CH2]-[CH0](-[NH2])=[OH0],21,-2.4423999999999992,271.00931753,0.1836307508172743,4.610269576826127,-0.0015129782483021,0.0102695768261265,10,26,-6.4,-7.4
O=C1O[C@@H](CO)[C@@H](OOP(=O)(O)O)[C@H]1O,CCOC[C@@H]1OC(=O)[C@H](O)[C@@H]1OOP(=O)(O)O,[*]CO,[*]COCC,[*:1]-[CH2]-[OH1]>>[*:1]-[CH2]-[OH0]-[CH2]-[CH3],20,-1.2813000000000003,272.02971862600003,0.2338178724144712,4.466303492910043,0.0486741433488946,-0.1336965070899571,10,27,-6.4,-6.4
O=C1O[C@@H](CO)[C@@H](OOP(=O)(O)O)[C@H]1O,O=C1O[C@@H](N2CCOCC2)[C@@H](OOP(=O)(O)O)[C@H]1O,[*]CO,[*]N1CCOCC1,[*:1]-[CH2]-[OH1]>>[*:1]-[NH0]1-[CH2]-[CH2]-[OH0]-[CH2]-[CH2]-1,42,-2.0281,299.040617658,0.230681731014946,4.500259819091045,0.0455380019493695,-0.099740180908955,10,28,-6.4,-5.4
O=C1O[C@@H](CO)[C@@H](OOP(=O)(O)O)[C@H]1O,O=C(O)C[C@@H]1OC(=O)[C@H](O)[C@@H]1OOP(=O)(O)O,[*]CO,[*]CC(=O)O,[*:1]-[CH2]-[OH1]>>[*:1]-[CH2]-[CH0](=[OH0])-[OH1],49,-1.8431,271.993333118,0.193495161560064,4.520005241161792,0.0083514324944875,-0.0799947588382083,10,29,-6.4,-6.9
O=C1O[C@@H](CO)[C@@H](OOP(=O)(O)O)[C@H]1O,O=C1O[C@@H](C(F)(F)F)[C@@H](OOP(=O)(O)O)[C@H]1O,[*]CO,[*]C(F)(F)F,[*:1]-[CH2]-[OH1]>>[*:1]-[CH0](-[FH0])(-[FH0])-[FH0],176,-0.7555000000000001,281.975238442,0.2671395420123375,4.720494548366214,0.081995812946761,0.1204945483662136,10,30,-6.4,-7.2
O=C1O[C@@H](CO)[C@@H](OOP(=O)(O)O)[C@H]1O,COCC[C@@H]1OC(=O)[C@H](O)[C@@H]1OOP(=O)(O)O,[*]CO,[*]CCOC,[*:1]-[CH2]-[OH1]>>[*:1]-[CH2]-[CH2]-[OH0]-[CH3],13,-1.2813000000000003,272.02971862600003,0.2338178724144712,4.532835800602351,0.0486741433488946,-0.0671641993976495,10,31,-6.4,-6.2
O=C1O[C@@H](CO)[C@@H](OOP(=O)(O)O)[C@H]1O,O=C1O[C@@H](N2CCCC2)[C@@H](OOP(=O)(O)O)[C@H]1O,[*]CO,[*]N1CCCC1,[*:1]-[CH2]-[OH1]>>[*:1]-[NH0]1-[CH2]-[CH2]-[CH2]-[CH2]-1,11,-1.2645000000000002,283.045703038,0.2504901645411105,4.474803043497823,0.065346435475534,-0.1251969565021777,10,32,-6.4,-5.8
O=C1O[C@@H](CO)[C@@H](OOP(=O)(O)O)[C@H]1O,O=C1O[C@@H](N2CCCC2=O)[C@@H](OOP(=O)(O)O)[C@H]1O,[*]CO,[*]N1CCCC1=O,[*:1]-[CH2]-[OH1]>>[*:1]-[NH0]1-[CH2]-[CH2]-[CH2]-[CH0]-1=[OH0],10,-1.7379000000000004,297.024967594,0.2382966437251951,4.565901239209389,0.0531529146596186,-0.0340987607906111,10,33,-6.4,-5.3
O=C1O[C@@H](CO)[C@@H](OOP(=O)(O)O)[C@H]1O,O=C1O[C@@H](C(=O)NC2CC2)[C@@H](OOP(=O)(O)O)[C@H]1O,[*]CO,[*]C(=O)NC1CC1,[*:1]-[CH2]-[OH1]>>[*:1]-[CH0](=[OH0])-[NH1]-[CH1]1-[CH2]-[CH2]-1,14,-2.0392,297.024967594,0.1944845079276335,4.354426162286312,0.009340778862057,-0.2455738377136889,10,34,-6.4,-7.5
O=C1O[C@@H](CO)[C@@H](OOP(=O)(O)O)[C@H]1O,O=C1O[C@@H](OC(F)F)[C@@H](OOP(=O)(O)O)[C@H]1O,[*]CO,[*]OC(F)F,[*:1]-[CH2]-[OH1]>>[*:1]-[OH0]-[CH1](-[FH0])-[FH0],13,-1.1211000000000002,279.97957487400004,0.2476667459679661,4.8511674789240296,0.0625230169023896,0.251167478924029,10,35,-6.4,-7.4
O=C1O[C@@H](CO)[C@@H](OOP(=O)(O)O)[C@H]1O,CCNC(=O)[C@@H]1OC(=O)[C@H](O)[C@@H]1OOP(=O)(O)O,[*]CO,[*]C(=O)NCC,[*:1]-[CH2]-[OH1]>>[*:1]-[CH0](=[OH0])-[NH1]-[CH2]-[CH3],41,-2.1817,285.024967594,0.1909800382702372,4.434194071922285,0.0058363092046607,-0.1658059280777157,10,36,-6.4,-7.3
O=C1O[C@@H](CO)[C@@H](OOP(=O)(O)O)[C@H]1O,CC(C)(C)[C@@H]1OC(=O)[C@H](O)[C@@H]1OOP(=O)(O)O,[*]CO,[*]C(C)(C)C,[*:1]-[CH2]-[OH1]>>[*:1]-[CH0](-[CH3])(-[CH3])-[CH3],32,-0.2717000000000001,270.05045407,0.2769824355643817,4.634242670012011,0.0918387064988052,0.0342426700120102,10,37,-6.4,-6.1
O=C1O[C@@H](CO)[C@@H](OOP(=O)(O)O)[C@H]1O,O=C1O[C@@H](CCCO)[C@@H](OOP(=O)(O)O)[C@H]1O,[*]CO,[*]CCCO,[*:1]-[CH2]-[OH1]>>[*:1]-[CH2]-[CH2]-[CH2]-[OH1],32,-1.5453000000000003,272.02971862600003,0.1954551763971139,4.539469646756197,0.0103114473315374,-0.0605303532438039,10,38,-6.4,-6.3
O=C1O[C@@H](CO)[C@@H](OOP(=O)(O)O)[C@H]1O,O=C1O[C@@H](Cc2ccc(O)cc2)[C@@H](OOP(=O)(O)O)[C@H]1O,[*]CO,[*]Cc1ccc(O)cc1,[*:1]-[CH2]-[OH1]>>[*:1]-[CH2]-[cH0]1:[cH1]:[cH1]:[cH0](-[OH1]):[cH1]:[cH1]:1,10,-0.3695000000000001,320.029718626,0.2471385594782828,4.11948619951785,0.0619948304127063,-0.4805138004821501,10,39,-6.4,-6.2
O=C1O[C@@H](CO)[C@@H](OOP(=O)(O)O)[C@H]1O,O=C1O[C@@H](C(=O)N2CCCC2)[C@@H](OOP(=O)(O)O)[C@H]1O,[*]CO,[*]C(=O)N1CCCC1,[*:1]-[CH2]-[OH1]>>[*:1]-[CH0](=[OH0])-[NH0]1-[CH2]-[CH2]-[CH2]-[CH2]-1,17,-1.6954000000000002,311.0406176579999,0.2395039930241575,4.229937321845539,0.054360263958581,-0.3700626781544613,10,40,-6.4,-5.9
O=C1O[C@@H](CO)[C@@H](OOP(=O)(O)O)[C@H]1O,O=C1O[C@@H](CN2CCCC2)[C@@H](OOP(=O)(O)O)[C@H]1O,[*]CO,[*]CN1CCCC1,[*:1]-[CH2]-[OH1]>>[*:1]-[CH2]-[NH0]1-[CH2]-[CH2]-[CH2]-[CH2]-1,27,-1.2220000000000002,297.061353102,0.2475031718465711,4.267924020274477,0.0623594427809946,-0.3320759797255235,10,41,-6.4,-5.9
O=C1O[C@@H](CO)[C@@H](OOP(=O)(O)O)[C@H]1O,O=C1O[C@@H](C(=O)N2CCOCC2)[C@@H](OOP(=O)(O)O)[C@H]1O,[*]CO,[*]C(=O)N1CCOCC1,[*:1]-[CH2]-[OH1]>>[*:1]-[CH0](=[OH0])-[NH0]1-[CH2]-[CH2]-[OH0]-[CH2]-[CH2]-1,26,-2.458999999999998,327.03553227799995,0.2192552139113349,4.257554215712183,0.0341114848457584,-0.3424457842878174,10,42,-6.4,-5.5
O=C1O[C@@H](CO)[C@@H](OOP(=O)(O)O)[C@H]1O,CC(C)O[C@@H]1OC(=O)[C@H](O)[C@@H]1OOP(=O)(O)O,[*]CO,[*]OC(C)C,[*:1]-[CH2]-[OH1]>>[*:1]-[OH0]-[CH1](-[CH3])-[CH3],22,-0.9353,272.02971862600003,0.2509259561018612,4.610020975427525,0.0657822270362847,0.0100209754275244,10,43,-6.4,-6.0
O=C1O[C@@H](CO)[C@@H](OOP(=O)(O)O)[C@H]1O,C[C@H](O)[C@@H]1OC(=O)[C@H](O)[C@@H]1OOP(=O)(O)O,[*]CO,[*][C@H](C)O,[*:1]-[CH2]-[OH1]>>[*:1]-[C@H1](-[CH3])-[OH1],30,-1.937,258.01406856200003,0.1958244188116888,4.815831145517154,0.0106806897461123,0.2158311455171535,10,44,-6.4,-6.4
O=C1O[C@@H](CO)[C@@H](OOP(=O)(O)O)[C@H]1O,C[C@@H](O)[C@@H]1OC(=O)[C@H](O)[C@@H]1OOP(=O)(O)O,[*]CO,[*][C@@H](C)O,[*:1]-[CH2]-[OH1]>>[*:1]-[C@@H1](-[CH3])-[OH1],25,-1.937,258.01406856200003,0.1958244188116888,4.815831145517154,0.0106806897461123,0.2158311455171535,10,45,-6.4,-7.3
O=C1O[C@@H](CO)[C@@H](OOP(=O)(O)O)[C@H]1O,CC(C)(O)[C@@H]1OC(=O)[C@H](O)[C@@H]1OOP(=O)(O)O,[*]CO,[*]C(C)(C)O,[*:1]-[CH2]-[OH1]>>[*:1]-[CH0](-[CH3])(-[CH3])-[OH1],77,-1.5469000000000002,272.02971862600003,0.2068408805292076,4.736994011693584,0.0216971514636311,0.1369940116935835,10,46,-6.4,-6.2
O=C1O[C@@H](CO)[C@@H](OOP(=O)(O)O)[C@H]1O,CC(=O)[C@@H]1OC(=O)[C@H](O)[C@@H]1OOP(=O)(O)O,[*]CO,[*]C(C)=O,[*:1]-[CH2]-[OH1]>>[*:1]-[CH0](-[CH3])=[OH0],116,-1.7288,255.99841849800004,0.2314072601676668,4.635972628444085,0.0462635311020903,0.0359726284440844,10,47,-6.4,-6.9
O=C1O[C@@H](CO)[C@@H](OOP(=O)(O)O)[C@H]1O,O=C1O[C@@H](OCCO)[C@@H](OOP(=O)(O)O)[C@H]1O,[*]CO,[*]OCCO,[*:1]-[CH2]-[OH1]>>[*:1]-[OH0]-[CH2]-[CH2]-[OH1],42,-2.3514000000000004,274.008983182,0.1790476174808635,4.628054262140812,-0.0060961115847129,0.0280542621408113,10,48,-6.4,-7.0
O=C1O[C@@H](CO)[C@@H](OOP(=O)(O)O)[C@H]1O,CC(=O)NC[C@@H]1OC(=O)[C@H](O)[C@@H]1OOP(=O)(O)O,[*]CO,[*]CNC(C)=O,[*:1]-[CH2]-[OH1]>>[*:1]-[CH2]-[NH1]-[CH0](-[CH3])=[OH0],48,-2.181699999999999,285.024967594,0.1909800382702373,4.44360061856713,0.0058363092046608,-0.1563993814328705,10,49,-6.4,-7.2
O=C1O[C@@H](CO)[C@@H](OOP(=O)(O)O)[C@H]1O,O=C1O[C@@H](N2CCNCC2)[C@@H](OOP(=O)(O)O)[C@H]1O,[*]CO,[*]N1CCNCC1,[*:1]-[CH2]-[OH1]>>[*:1]-[NH0]1-[CH2]-[CH2]-[NH1]-[CH2]-[CH2]-1,11,-2.455099999999998,298.05660207,0.1912798905600425,4.6113805291502175,0.0061361614944659,0.0113805291502169,10,50,-6.4,-6.0
O=C1O[C@@H](CO)[C@@H](OOP(=O)(O)O)[C@H]1O,CCNC[C@@H]1OC(=O)[C@H](O)[C@@H]1OOP(=O)(O)O,[*]CO,[*]CNCC,[*:1]-[CH2]-[OH1]>>[*:1]-[CH2]-[NH1]-[CH2]-[CH3],14,-1.7083,271.045703038,0.1926097282011096,4.571721954448504,0.0074659991355331,-0.0282780455514961,10,51,-6.4,-6.7
O=C1O[C@@H](CO)[C@@H](OOP(=O)(O)O)[C@H]1O,NC(=O)CO[C@@H]1OC(=O)[C@H](O)[C@@H]1OOP(=O)(O)O,[*]CO,[*]OCC(N)=O,[*:1]-[CH2]-[OH1]>>[*:1]-[OH0]-[CH2]-[CH0](-[NH2])=[OH0],13,-2.858399999999999,287.00423215,0.1719105959609322,4.620477868976295,-0.0132331331046442,0.0204778689762941,10,52,-6.4,-6.7
O=C1O[C@@H](CO)[C@@H](OOP(=O)(O)O)[C@H]1O,O=C1O[C@@H](CN2CCOCC2)[C@@H](OOP(=O)(O)O)[C@H]1O,[*]CO,[*]CN1CCOCC1,[*:1]-[CH2]-[OH1]>>[*:1]-[CH2]-[NH0]1-[CH2]-[CH2]-[OH0]-[CH2]-[CH2]-1,66,-1.9855999999999991,313.0562677219999,0.2265145145771602,4.277753825342043,0.0413707855115837,-0.3222461746579572,10,53,-6.4,-6.0
O=C1O[C@@H](CO)[C@@H](OOP(=O)(O)O)[C@H]1O,CC(C)NC(=O)[C@@H]1OC(=O)[C@H](O)[C@@H]1OOP(=O)(O)O,[*]CO,[*]C(=O)NC(C)C,[*:1]-[CH2]-[OH1]>>[*:1]-[CH0](=[OH0])-[NH1]-[CH1](-[CH3])-[CH3],16,-1.7932000000000003,299.040617658,0.1993670467158296,4.39679166307124,0.0142233176502531,-0.2032083369287605,10,54,-6.4,-6.3
O=C1O[C@@H](CO)[C@@H](OOP(=O)(O)O)[C@H]1O,O=C(O)CC[C@@H]1OC(=O)[C@H](O)[C@@H]1OOP(=O)(O)O,[*]CO,[*]CCC(=O)O,[*:1]-[CH2]-[OH1]>>[*:1]-[CH2]-[CH2]-[CH0](=[OH0])-[OH1],17,-1.453,286.008983182,0.1965668420437374,4.440843171758619,0.0114231129781609,-0.1591568282413815,10,55,-6.4,-7.0
O=C1O[C@@H](CO)[C@@H](OOP(=O)(O)O)[C@H]1O,O=C1O[C@@H](N2CCCCC2)[C@@H](OOP(=O)(O)O)[C@H]1O,[*]CO,[*]N1CCCCC1,[*:1]-[CH2]-[OH1]>>[*:1]-[NH0]1-[CH2]-[CH2]-[CH2]-[CH2]-[CH2]-1,11,-0.8744000000000001,297.061353102,0.2624038739418484,4.382516919682762,0.0772601448762718,-0.2174830803172387,10,56,-6.4,-5.3
O=C1O[C@@H](CO)[C@@H](OOP(=O)(O)O)[C@H]1O,COC(=O)[C@@H]1OC(=O)[C@H](O)[C@@H]1OOP(=O)(O)O,[*]CO,[*]C(=O)OC,[*:1]-[CH2]-[OH1]>>[*:1]-[CH0](=[OH0])-[OH0]-[CH3],219,-2.1448,271.993333118,0.2236383553214338,4.486758737665287,0.0384946262558573,-0.1132412623347134,10,57,-6.4,-6.9
O=C1O[C@@H](CO)[C@@H](OOP(=O)(O)O)[C@H]1O,O=C1O[C@@H](Cc2ccccc2)[C@@H](OOP(=O)(O)O)[C@H]1O,[*]CO,[*]Cc1ccccc1,[*:1]-[CH2]-[OH1]>>[*:1]-[CH2]-[cH0]1:[cH1]:[cH1]:[cH1]:[cH1]:[cH1]:1,42,-0.0751,304.03480400599994,0.2987730963126127,3.994869349817568,0.1136293672470361,-0.6051306501824323,10,58,-6.4,-6.2
O=C1O[C@@H](CO)[C@@H](OOP(=O)(O)O)[C@H]1O,O=C1O[C@@H](CNC2CC2)[C@@H](OOP(=O)(O)O)[C@H]1O,[*]CO,[*]CNC1CC1,[*:1]-[CH2]-[OH1]>>[*:1]-[CH2]-[NH1]-[CH1]1-[CH2]-[CH2]-1,10,-1.5658,283.045703038,0.1972630685145734,4.50256387552294,0.0121193394489969,-0.0974361244770607,10,59,-6.4,-6.8
O=C1O[C@@H](CO)[C@@H](OOP(=O)(O)O)[C@H]1O,CC(O)[C@@H]1OC(=O)[C@H](O)[C@@H]1OOP(=O)(O)O,[*]CO,[*]C(C)O,[*:1]-[CH2]-[OH1]>>[*:1]-[CH1](-[CH3])-[OH1],90,-1.937,258.01406856200003,0.1958244188116888,4.815831145517154,0.0106806897461123,0.2158311455171535,10,60,-6.4,-7.3
O=C1O[C@@H](CO)[C@@H](OOP(=O)(O)O)[C@H]1O,CS[C@@H]1OC(=O)[C@H](O)[C@@H]1OOP(=O)(O)O,[*]CO,[*]SC,[*:1]-[CH2]-[OH1]>>[*:1]-[SH0]-[CH3],29,-0.9973,259.97557487800003,0.2525980931320521,4.962326242891155,0.0674543640664756,0.3623262428911546,10,61,-6.4,-6.7
O=C1O[C@@H](CO)[C@@H](OOP(=O)(O)O)[C@H]1O,O=C1O[C@@H](c2ccc(F)cc2)[C@@H](OOP(=O)(O)O)[C@H]1O,[*]CO,[*]c1ccc(F)cc1,[*:1]-[CH2]-[OH1]>>[*:1]-[cH0]1:[cH1]:[cH1]:[cH0](-[FH0]):[cH1]:[cH1]:1,16,0.1939999999999996,308.0097321299999,0.3117665278300613,3.992365526973744,0.1266227987644848,-0.6076344730262564,10,62,-6.4,-5.2
O=C1O[C@@H](CO)[C@@H](OOP(=O)(O)O)[C@H]1O,O=C1O[C@@H](C2CCCCC2)[C@@H](OOP(=O)(O)O)[C@H]1O,[*]CO,[*]C1CCCCC1,[*:1]-[CH2]-[OH1]>>[*:1]-[CH1]1-[CH2]-[CH2]-[CH2]-[CH2]-[CH2]-1,11,0.2624999999999998,296.066104134,0.2921162189281884,4.26268644630998,0.1069724898626119,-0.3373135536900209,10,63,-6.4,-5.4
O=C1O[C@@H](CO)[C@@H](OOP(=O)(O)O)[C@H]1O,CS(=O)(=O)N[C@@H]1OC(=O)[C@H](O)[C@@H]1OOP(=O)(O)O,[*]CO,[*]NS(C)(=O)=O,[*:1]-[CH2]-[OH1]>>[*:1]-[NH1]-[SH0](-[CH3])(=[OH0])=[OH0],59,-2.8110999999999984,306.9763031499999,0.179829090151398,4.740466383884144,-0.0053146389141784,0.1404663838841431,10,64,-6.4,-6.4
O=C1O[C@@H](CO)[C@@H](OOP(=O)(O)O)[C@H]1O,O=C1O[C@@H](CN2CCNCC2)[C@@H](OOP(=O)(O)O)[C@H]1O,[*]CO,[*]CN1CCNCC1,[*:1]-[CH2]-[OH1]>>[*:1]-[CH2]-[NH0]1-[CH2]-[CH2]-[NH1]-[CH2]-[CH2]-1,11,-2.412599999999998,312.07225213399994,0.1877925971541901,4.407368930237149,0.0026488680886136,-0.1926310697628519,10,65,-6.4,-6.5
O=C1O[C@@H](CO)[C@@H](OOP(=O)(O)O)[C@H]1O,CS(=O)(=O)C[C@@H]1OC(=O)[C@H](O)[C@@H]1OOP(=O)(O)O,[*]CO,[*]CS(C)(=O)=O,[*:1]-[CH2]-[OH1]>>[*:1]-[CH2]-[SH0](-[CH3])(=[OH0])=[OH0],19,-2.2731999999999988,305.981054182,0.2187277130831162,4.689407186559729,0.0335839840175397,0.0894071865597281,10,66,-6.4,-6.4
O=C1O[C@@H](CO)[C@@H](OOP(=O)(O)O)[C@H]1O,CN1CCN(C[C@@H]2OC(=O)[C@H](O)[C@@H]2OOP(=O)(O)O)CC1,[*]CO,[*]CN1CCN(C)CC1,[*:1]-[CH2]-[OH1]>>[*:1]-[CH2]-[NH0]1-[CH2]-[CH2]-[NH0](-[CH3])-[CH2]-[CH2]-1,33,-2.0703999999999976,326.08790219799994,0.2241405982838128,4.227743689396394,0.0389968692182363,-0.372256310603607,10,67,-6.4,-5.3
O=C1O[C@@H](CO)[C@@H](OOP(=O)(O)O)[C@H]1O,CCOC(=O)[C@@H]1OC(=O)[C@H](O)[C@@H]1OOP(=O)(O)O,[*]CO,[*]C(=O)OCC,[*:1]-[CH2]-[OH1]>>[*:1]-[CH0](=[OH0])-[OH0]-[CH2]-[CH3],107,-1.7547,286.008983182,0.2295172119943109,4.385717803509847,0.0443734829287344,-0.2142821964901538,10,68,-6.4,-6.4
O=C1O[C@@H](CO)[C@@H](OOP(=O)(O)O)[C@H]1O,COC(=O)C[C@@H]1OC(=O)[C@H](O)[C@@H]1OOP(=O)(O)O,[*]CO,[*]CC(=O)OC,[*:1]-[CH2]-[OH1]>>[*:1]-[CH2]-[CH0](=[OH0])-[OH0]-[CH3],18,-1.7547,286.008983182,0.2295172119943109,4.445612729860093,0.0443734829287344,-0.1543872701399076,10,69,-6.4,-6.2
O=C1O[C@@H](CO)[C@@H](OOP(=O)(O)O)[C@H]1O,O=C1O[C@@H](CN2CCCCC2)[C@@H](OOP(=O)(O)O)[C@H]1O,[*]CO,[*]CN1CCCCC1,[*:1]-[CH2]-[OH1]>>[*:1]-[CH2]-[NH0]1-[CH2]-[CH2]-[CH2]-[CH2]-[CH2]-1,19,-0.8319000000000001,311.07700316599994,0.257897339034368,4.195313825342042,0.0727536099687915,-0.4046861746579582,10,70,-6.4,-6.1
O=C1O[C@@H](CO)[C@@H](OOP(=O)(O)O)[C@H]1O,O=C1O[C@@H](OC(F)(F)F)[C@@H](OOP(=O)(O)O)[C@H]1O,[*]CO,[*]OC(F)(F)F,[*:1]-[CH2]-[OH1]>>[*:1]-[OH0]-[CH0](-[FH0])(-[FH0])-[FH0],46,-0.8239000000000001,297.97015306199995,0.2632511121034217,4.794165380539662,0.0781073830378452,0.194165380539661,10,71,-6.4,-6.7
O=C1O[C@@H](CO)[C@@H](OOP(=O)(O)O)[C@H]1O,CCOC(=O)C[C@@H]1OC(=O)[C@H](O)[C@@H]1OOP(=O)(O)O,[*]CO,[*]CC(=O)OCC,[*:1]-[CH2]-[OH1]>>[*:1]-[CH2]-[CH0](=[OH0])-[OH0]-[CH2]-[CH3],26,-1.3646000000000005,300.024633246,0.2320374186915261,4.349228316132464,0.0468936896259496,-0.2507716838675362,10,72,-6.4,-6.9
O=C1O[C@@H](CO)[C@@H](OOP(=O)(O)O)[C@H]1O,O=C1O[C@@H](C2CCOCC2)[C@@H](OOP(=O)(O)O)[C@H]1O,[*]CO,[*]C1CCOCC1,[*:1]-[CH2]-[OH1]>>[*:1]-[CH1]1-[CH2]-[CH2]-[OH0]-[CH2]-[CH2]-1,19,-0.8911999999999998,298.04536869000003,0.2614617196797353,4.474322245126547,0.0763179906141588,-0.1256777548734531,10,73,-6.4,-5.8
O=C1O[C@@H](CO)[C@@H](OOP(=O)(O)O)[C@H]1O,O=C1O[C@@H](CCl)[C@@H](OOP(=O)(O)O)[C@H]1O,[*]CO,[*]CCl,[*:1]-[CH2]-[OH1]>>[*:1]-[CH2]-[ClH0],22,-1.0790000000000002,261.96453152600003,0.1922090544907213,4.80908837306867,0.0070653254251448,0.2090883730686696,10,74,-6.4,-7.0
O=C1O[C@@H](CO)[C@@H](OOP(=O)(O)O)[C@H]1O,CN(C)CCO[C@@H]1OC(=O)[C@H](O)[C@@H]1OOP(=O)(O)O,[*]CO,[*]OCCN(C)C,[*:1]-[CH2]-[OH1]>>[*:1]-[OH0]-[CH2]-[CH2]-[NH0](-[CH3])-[CH3],15,-1.782099999999999,301.056267722,0.2141330532462557,4.493998162286312,0.0289893241806792,-0.1060018377136886,10,75,-6.4,-6.2
O=C1O[C@@H](CO)[C@@H](OOP(=O)(O)O)[C@H]1O,CCN(CC)C[C@@H]1OC(=O)[C@H](O)[C@@H]1OOP(=O)(O)O,[*]CO,[*]CN(CC)CC,[*:1]-[CH2]-[OH1]>>[*:1]-[CH2]-[NH0](-[CH2]-[CH3])-[CH2]-[CH3],16,-0.976,299.077003166,0.2352568123407382,4.459734469978619,0.0501130832751617,-0.1402655300213817,10,76,-6.4,-6.0
O=C1O[C@@H](CO)[C@@H](OOP(=O)(O)O)[C@H]1O,CC(C)NC[C@@H]1OC(=O)[C@H](O)[C@@H]1OOP(=O)(O)O,[*]CO,[*]CNC(C)C,[*:1]-[CH2]-[OH1]>>[*:1]-[CH2]-[NH1]-[CH1](-[CH3])-[CH3],12,-1.3198,285.061353102,0.2026623263987565,4.528053319058127,0.01751859733318,-0.0719466809418731,10,77,-6.4,-6.2
O=C1O[C@@H](CO)[C@@H](OOP(=O)(O)O)[C@H]1O,CCN(CC)C(=O)[C@@H]1OC(=O)[C@H](O)[C@@H]1OOP(=O)(O)O,[*]CO,[*]C(=O)N(CC)CC,[*:1]-[CH2]-[OH1]>>[*:1]-[CH0](=[OH0])-[NH0](-[CH2]-[CH3])-[CH2]-[CH3],11,-1.4494000000000002,313.0562677219999,0.2320831139579992,4.395623712378084,0.0469393848924227,-0.2043762876219164,10,78,-6.4,-5.1
O=C1O[C@@H](CO)[C@@H](OOP(=O)(O)O)[C@H]1O,CC(=O)OC[C@@H]1OC(=O)[C@H](O)[C@@H]1OOP(=O)(O)O,[*]CO,[*]COC(C)=O,[*:1]-[CH2]-[OH1]>>[*:1]-[CH2]-[OH0]-[CH0](-[CH3])=[OH0],72,-1.7547,286.008983182,0.2295172119943109,4.352053973722613,0.0443734829287344,-0.2479460262773871,10,79,-6.4,-6.6
O=C1O[C@@H](CO)[C@@H](OOP(=O)(O)O)[C@H]1O,CS(=O)(=O)NC[C@@H]1OC(=O)[C@H](O)[C@@H]1OOP(=O)(O)O,[*]CO,[*]CNS(C)(=O)=O,[*:1]-[CH2]-[OH1]>>[*:1]-[CH2]-[NH1]-[SH0](-[CH3])(=[OH0])=[OH0],16,-2.768599999999998,320.9919532139999,0.1737606292869357,4.540023060245495,-0.0113830997786407,-0.0599769397545051,10,80,-6.4,-6.8
O=C1O[C@@H](CO)[C@@H](OOP(=O)(O)O)[C@H]1O,O=C1O[C@@H](C(=O)NCCO)[C@@H](OOP(=O)(O)O)[C@H]1O,[*]CO,[*]C(=O)NCCO,[*:1]-[CH2]-[OH1]>>[*:1]-[CH0](=[OH0])-[NH1]-[CH2]-[CH2]-[OH1],30,-3.2093,301.01988221399995,0.1453698634438931,4.397856008440158,-0.0397738656216833,-0.2021439915598426,10,81,-6.4,-7.2
O=C1O[C@@H](CO)[C@@H](OOP(=O)(O)O)[C@H]1O,O=C1O[C@@H](Cn2ccnc2)[C@@H](OOP(=O)(O)O)[C@H]1O,[*]CO,[*]Cn1ccnc1,[*:1]-[CH2]-[OH1]>>[*:1]-[CH2]-[nH0]1:[cH1]:[cH1]:[nH0]:[cH1]:1,11,-1.4211,294.025301942,0.2579894752996391,4.55845893151708,0.0728457462340626,-0.0415410684829202,10,82,-6.4,-6.2
O=C1O[C@@H](CO)[C@@H](OOP(=O)(O)O)[C@H]1O,O=C1O[C@@H](c2ccccc2)[C@@H](OOP(=O)(O)O)[C@H]1O,[*]CO,[*]c1ccccc1,[*:1]-[CH2]-[OH1]>>[*:1]-[cH0]1:[cH1]:[cH1]:[cH1]:[cH1]:[cH1]:1,93,0.0548999999999998,290.019153942,0.3076239400841655,3.956052718499328,0.122480211018589,-0.6439472815006724,10,83,-6.4,-5.7
O=C1O[C@@H](CO)[C@@H](OOP(=O)(O)O)[C@H]1O,CCC(O)[C@@H]1OC(=O)[C@H](O)[C@@H]1OOP(=O)(O)O,[*]CO,[*]C(O)CC,[*:1]-[CH2]-[OH1]>>[*:1]-[CH1](-[OH1])-[CH2]-[CH3],11,-1.5469000000000002,272.02971862600003,0.2022753158448585,4.812629245186932,0.017131586779282,0.2126292451869309,10,84,-6.4,-6.5
O=C1O[C@@H](CO)[C@@H](OOP(=O)(O)O)[C@H]1O,O=C1O[C@@H](CCc2ccccc2)[C@@H](OOP(=O)(O)O)[C@H]1O,[*]CO,[*]CCc1ccccc1,[*:1]-[CH2]-[OH1]>>[*:1]-[CH2]-[CH2]-[cH0]1:[cH1]:[cH1]:[cH1]:[cH1]:[cH1]:1,12,0.3149999999999998,318.05045406999994,0.2964338199185234,3.9461022821647855,0.1112900908529469,-0.6538977178352141,10,85,-6.4,-6.7
O=C1O[C@@H](CO)[C@@H](OOP(=O)(O)O)[C@H]1O,O=C1O[C@@H](COc2ccccc2)[C@@H](OOP(=O)(O)O)[C@H]1O,[*]CO,[*]COc1ccccc1,[*:1]-[CH2]-[OH1]>>[*:1]-[CH2]-[OH0]-[cH0]1:[cH1]:[cH1]:[cH1]:[cH1]:[cH1]:1,14,-0.2388,320.029718626,0.2810303979610393,3.918899364392903,0.0958866688954628,-0.6811006356070974,10,86,-6.4,-7.3
O=C1O[C@@H](CO)[C@@H](OOP(=O)(O)O)[C@H]1O,CC(C)(C)OC(=O)N[C@@H]1OC(=O)[C@H](O)[C@@H]1OOP(=O)(O)O,[*]CO,[*]NC(=O)OC(C)(C)C,[*:1]-[CH2]-[OH1]>>[*:1]-[NH1]-[CH0](=[OH0])-[OH0]-[CH0](-[CH3])(-[CH3])-[CH3],11,-0.8356000000000001,329.05118234199995,0.2214587841024656,4.412703608424733,0.0363150550368891,-0.1872963915752672,10,87,-6.4,-5.8
O=C1O[C@@H](CO)[C@@H](OOP(=O)(O)O)[C@H]1O,O=C1O[C@@H](c2ccccn2)[C@@H](OOP(=O)(O)O)[C@H]1O,[*]CO,[*]c1ccccn1,[*:1]-[CH2]-[OH1]>>[*:1]-[cH0]1:[cH1]:[cH1]:[cH1]:[cH1]:[nH0]:1,18,-0.5501,291.01440291,0.2886608742310135,4.300244138617672,0.103517145165437,-0.2997558613823283,10,88,-6.4,-5.3
O=C1O[C@@H](CO)[C@@H](OOP(=O)(O)O)[C@H]1O,COCCO[C@@H]1OC(=O)[C@H](O)[C@@H]1OOP(=O)(O)O,[*]CO,[*]OCCOC,[*:1]-[CH2]-[OH1]>>[*:1]-[OH0]-[CH2]-[CH2]-[OH0]-[CH3],24,-1.6973,288.024633246,0.163071973185333,4.477231183215247,-0.0220717558802434,-0.1227688167847533,10,89,-6.4,-7.1
O=C1O[C@@H](CO)[C@@H](OOP(=O)(O)O)[C@H]1O,CN(C)CCNC(=O)[C@@H]1OC(=O)[C@H](O)[C@@H]1OOP(=O)(O)O,[*]CO,[*]C(=O)NCCN(C)C,[*:1]-[CH2]-[OH1]>>[*:1]-[CH0](=[OH0])-[NH1]-[CH2]-[CH2]-[NH0](-[CH3])-[CH3],12,-2.639999999999998,328.067166754,0.1685836850855885,4.29907633569746,-0.016560043979988,-0.3009236643025401,10,90,-6.4,-7.4
O=C1O[C@@H](CO)[C@@H](OOP(=O)(O)O)[C@H]1O,O=C1O[C@@H](C(O)CO)[C@@H](OOP(=O)(O)O)[C@H]1O,[*]CO,[*]C(O)CO,[*:1]-[CH2]-[OH1]>>[*:1]-[CH1](-[OH1])-[CH2]-[OH1],10,-2.9645999999999995,274.008983182,0.151266217933683,4.794707916515604,-0.0338775111318934,0.1947079165156031,10,91,-6.4,-7.2
O=C1O[C@@H](CO)[C@@H](OOP(=O)(O)O)[C@H]1O,O=C1O[C@@H](c2ccncc2)[C@@H](OOP(=O)(O)O)[C@H]1O,[*]CO,[*]c1ccncc1,[*:1]-[CH2]-[OH1]>>[*:1]-[cH0]1:[cH1]:[cH1]:[nH0]:[cH1]:[cH1]:1,25,-0.5501,291.01440291,0.2886608742310135,4.233580233292229,0.103517145165437,-0.3664197667077715,10,92,-6.4,-5.8
O=C1O[C@@H](CO)[C@@H](OOP(=O)(O)O)[C@H]1O,COCCNC(=O)[C@@H]1OC(=O)[C@H](O)[C@@H]1OOP(=O)(O)O,[*]CO,[*]C(=O)NCCOC,[*:1]-[CH2]-[OH1]>>[*:1]-[CH0](=[OH0])-[NH1]-[CH2]-[CH2]-[OH0]-[CH3],10,-2.5551999999999984,315.03553227799995,0.1292627880730745,4.279862430698951,-0.0558809409925019,-0.3201375693010497,10,93,-6.4,-7.2
O=C1O[C@@H](CO)[C@@H](OOP(=O)(O)O)[C@H]1O,O=C1O[C@@H](Oc2ccccc2)[C@@H](OOP(=O)(O)O)[C@H]1O,[*]CO,[*]Oc1ccccc1,[*:1]-[CH2]-[OH1]>>[*:1]-[OH0]-[cH0]1:[cH1]:[cH1]:[cH1]:[cH1]:[cH1]:1,12,-0.2813000000000001,306.014068562,0.2905540418125994,4.027991867300085,0.1054103127470229,-0.5720081326999154,10,94,-6.4,-6.8
O=C1O[C@@H](CO)[C@@H](OOP(=O)(O)O)[C@H]1O,O=C1O[C@@H](c2cccnc2)[C@@H](OOP(=O)(O)O)[C@H]1O,[*]CO,[*]c1cccnc1,[*:1]-[CH2]-[OH1]>>[*:1]-[cH0]1:[cH1]:[cH1]:[cH1]:[nH0]:[cH1]:1,22,-0.5501,291.01440291,0.2886608742310135,4.232927866428324,0.103517145165437,-0.3670721335716767,10,95,-6.4,-6.3
O=C1O[C@@H](CO)[C@@H](OOP(=O)(O)O)[C@H]1O,O=C1O[C@@H](OCc2ccccc2)[C@@H](OOP(=O)(O)O)[C@H]1O,[*]CO,[*]OCc1ccccc1,[*:1]-[CH2]-[OH1]>>[*:1]-[OH0]-[CH2]-[cH0]1:[cH1]:[cH1]:[cH1]:[cH1]:[cH1]:1,20,-0.1435,320.029718626,0.2833017649496989,3.97181315749635,0.0981580358841223,-0.6281868425036503,10,96,-6.4,-6.9
O=C1O[C@@H](CO)[C@@H](OOP(=O)(O)O)[C@H]1O,Cn1cc([C@@H]2OC(=O)[C@H](O)[C@@H]2OOP(=O)(O)O)cn1,[*]CO,[*]c1cnn(C)c1,[*:1]-[CH2]-[OH1]>>[*:1]-[cH0]1:[cH1]:[nH0]:[nH0](-[CH3]):[cH1]:1,17,-1.2116000000000002,294.025301942,0.2697001888350843,4.5327926419243205,0.0845564597695078,-0.06720735807568,10,97,-6.4,-6.4
O=C1O[C@@H](CO)[C@@H](OOP(=O)(O)O)[C@H]1O,O=C1O[C@@H](c2nnn[nH]2)[C@@H](OOP(=O)(O)O)[C@H]1O,[*]CO,[*]c1nnn[nH]1,[*:1]-[CH2]-[OH1]>>[*:1]-[cH0]1:[nH0]:[nH0]:[nH0]:[nH1]:1,10,-2.4320000000000004,282.000149814,0.1995104135489372,4.973349354329847,0.0143666844833607,0.3733493543298465,10,98,-6.4,-8.4
O=C1O[C@@H](CO)[C@@H](OOP(=O)(O)O)[C@H]1O,O=C1O[C@@H](COCCO)[C@@H](OOP(=O)(O)O)[C@H]1O,[*]CO,[*]COCCO,[*:1]-[CH2]-[OH1]>>[*:1]-[CH2]-[OH0]-[CH2]-[CH2]-[OH1],10,-2.3089,288.024633246,0.1320629620749302,4.457110990907556,-0.0530807669906462,-0.1428890090924444,10,99,-6.4,-6.4
O=C(O)[C@@H]1C[C@](O)(C(=O)O)C(O)(O)[C@H]1O,CO[C@@H]1C[C@](O)(C(=O)O)C(O)(O)[C@H]1O,[*]C(=O)O,[*]OC,[*:1]-[CH0](=[OH0])-[OH1]>>[*:1]-[OH0]-[CH3],264,-2.737399999999999,208.058302724,0.3113912338270961,4.317926727530855,0.0424288356178825,0.1679267275308555,11,0,-7.6,-7.2
O=C(O)[C@@H]1C[C@](O)(C(=O)O)C(O)(O)[C@H]1O,CC(C)[C@@H]1C[C@](O)(C(=O)O)C(O)(O)[C@H]1O,[*]C(=O)O,[*]C(C)C,[*:1]-[CH0](=[OH0])-[OH1]>>[*:1]-[CH1](-[CH3])-[CH3],15,-1.4802000000000002,220.094688232,0.3621119233886191,4.243977514280887,0.0931495251794055,0.0939775142808878,11,1,-7.6,-6.9
O=C(O)[C@@H]1C[C@](O)(C(=O)O)C(O)(O)[C@H]1O,CC[C@@]1(O)C[C@@H](C(=O)O)[C@H](O)C1(O)O,[*]C(=O)O,[*]CC,[*:1]-[CH0](=[OH0])-[OH1]>>[*:1]-[CH2]-[CH3],27,-1.7262,206.079038168,0.3426648905238429,4.268895518739647,0.0737024923146293,0.1188955187396478,11,2,-7.6,-7.3
O=C(O)[C@@H]1C[C@](O)(C(=O)O)C(O)(O)[C@H]1O,NC[C@@]1(O)C[C@@H](C(=O)O)[C@H](O)C1(O)O,[*]C(=O)O,[*]CN,[*:1]-[CH0](=[OH0])-[OH1]>>[*:1]-[CH2]-[NH2],41,-3.1775,207.074287136,0.2617762183907809,4.385183430827558,-0.0071861798184326,0.2351834308275586,11,3,-7.6,-7.0
O=C(O)[C@@H]1C[C@](O)(C(=O)O)C(O)(O)[C@H]1O,O=C(O)[C@@H]1C[C@](O)(CO)C(O)(O)[C@H]1O,[*]C(=O)O,[*]CO,[*:1]-[CH0](=[OH0])-[OH1]>>[*:1]-[CH2]-[OH1],242,-3.1439,208.058302724,0.2634352838192991,4.35635178247591,-0.0055271143899144,0.2063517824759104,11,4,-7.6,-7.3
O=C(O)[C@@H]1C[C@](O)(C(=O)O)C(O)(O)[C@H]1O,NC(=O)[C@@]1(O)C[C@@H](C(=O)O)[C@H](O)C1(O)O,[*]C(=O)O,[*]C(N)=O,[*:1]-[CH0](=[OH0])-[OH1]>>[*:1]-[CH0](-[NH2])=[OH0],426,-3.6509,221.053551692,0.2617667267643154,4.268133439436812,-0.0071956714448981,0.1181334394368125,11,5,-7.6,-7.4
O=C(O)[C@@H]1C[C@](O)(C(=O)O)C(O)(O)[C@H]1O,CN[C@@]1(O)C[C@@H](C(=O)O)[C@H](O)C1(O)O,[*]C(=O)O,[*]NC,[*:1]-[CH0](=[OH0])-[OH1]>>[*:1]-[NH1]-[CH3],17,-2.9593,207.074287136,0.2666610037475896,4.539868705552833,-0.0023013944616239,0.3898687055528338,11,6,-7.6,-7.3
O=C(O)[C@@H]1C[C@](O)(C(=O)O)C(O)(O)[C@H]1O,CN(C)[C@@]1(O)C[C@@H](C(=O)O)[C@H](O)C1(O)O,[*]C(=O)O,[*]N(C)C,[*:1]-[CH0](=[OH0])-[OH1]>>[*:1]-[NH0](-[CH3])-[CH3],51,-2.6170999999999984,221.0899372,0.3235878244370831,4.415987909291284,0.0546254262278695,0.265987909291284,11,7,-7.6,-6.5
O=C(O)[C@@H]1C[C@](O)(C(=O)O)C(O)(O)[C@H]1O,CCO[C@@]1(O)C[C@@H](C(=O)O)[C@H](O)C1(O)O,[*]C(=O)O,[*]OCC,[*:1]-[CH0](=[OH0])-[OH1]>>[*:1]-[OH0]-[CH2]-[CH3],26,-2.1421999999999994,222.073952788,0.3445568587914651,4.40209310679648,0.0755944605822515,0.2520931067964804,11,8,-7.6,-6.7
O=C(O)[C@@H]1C[C@](O)(C(=O)O)C(O)(O)[C@H]1O,CNC(=O)[C@@H]1C[C@](O)(C(=O)O)C(O)(O)[C@H]1O,[*]C(=O)O,[*]C(=O)NC,[*:1]-[CH0](=[OH0])-[OH1]>>[*:1]-[CH0](=[OH0])-[NH1]-[CH3],187,-3.390199999999999,235.069201756,0.2733389125720399,4.2402580787255095,0.0043765143628263,0.09025807872551,11,9,-7.6,-6.8
O=C(O)[C@@H]1C[C@](O)(C(=O)O)C(O)(O)[C@H]1O,CC(C)(C)[C@@]1(O)C[C@@H](C(=O)O)[C@H](O)C1(O)O,[*]C(=O)O,[*]C(C)(C)C,[*:1]-[CH0](=[OH0])-[OH1]>>[*:1]-[CH0](-[CH3])(-[CH3])-[CH3],26,-1.0901000000000003,234.110338296,0.3678497721875521,4.254546333163381,0.0988873739783385,0.1045463331633813,11,10,-7.6,-7.6
O=C(O)[C@@H]1C[C@](O)(C(=O)O)C(O)(O)[C@H]1O,CN(C)C(=O)[C@@H]1C[C@](O)(C(=O)O)C(O)(O)[C@H]1O,[*]C(=O)O,[*]C(=O)N(C)C,[*:1]-[CH0](=[OH0])-[OH1]>>[*:1]-[CH0](=[OH0])-[NH0](-[CH3])-[CH3],153,-3.0479999999999983,249.08485182,0.3275849615527155,4.20869470170125,0.0586225633435019,0.0586947017012509,11,11,-7.6,-6.0
O=C(O)[C@@H]1C[C@](O)(C(=O)O)C(O)(O)[C@H]1O,CN(C)C[C@@]1(O)C[C@@H](C(=O)O)[C@H](O)C1(O)O,[*]C(=O)O,[*]CN(C)C,[*:1]-[CH0](=[OH0])-[OH1]>>[*:1]-[CH2]-[NH0](-[CH3])-[CH3],24,-2.574599999999998,235.105587264,0.3406346884420641,4.326488463340896,0.0716722902328505,0.1764884633408963,11,12,-7.6,-6.0
O=C(O)[C@@H]1C[C@](O)(C(=O)O)C(O)(O)[C@H]1O,CC(=O)N[C@@]1(O)C[C@@H](C(=O)O)[C@H](O)C1(O)O,[*]C(=O)O,[*]NC(C)=O,[*:1]-[CH0](=[OH0])-[OH1]>>[*:1]-[NH1]-[CH0](-[CH3])=[OH0],88,-3.0426,235.069201756,0.2785934546177754,4.322306924879356,0.0096310564085618,0.1723069248793569,11,13,-7.6,-8.2
O=C(O)[C@@H]1C[C@](O)(C(=O)O)C(O)(O)[C@H]1O,CN1CCN([C@@]2(O)C[C@@H](C(=O)O)[C@H](O)C2(O)O)CC1,[*]C(=O)O,[*]N1CCN(C)CC1,[*:1]-[CH0](=[OH0])-[OH1]>>[*:1]-[NH0]1-[CH2]-[CH2]-[NH0](-[CH3])-[CH2]-[CH2]-1,14,-2.931299999999997,276.13213636,0.3394807397520263,4.165708623824774,0.0705183415428127,0.0157086238247741,11,14,-7.6,-4.1
O=C(O)[C@@H]1C[C@](O)(C(=O)O)C(O)(O)[C@H]1O,O=C(O)[C@@H]1C[C@](O)(CCO)C(O)(O)[C@H]1O,[*]C(=O)O,[*]CCO,[*:1]-[CH0](=[OH0])-[OH1]>>[*:1]-[CH2]-[CH2]-[OH1],26,-2.7538,222.073952788,0.2843843211104552,4.371478531897695,0.0154219229012416,0.221478531897695,11,15,-7.6,-7.6
O=C(O)[C@@H]1C[C@](O)(C(=O)O)C(O)(O)[C@H]1O,COC[C@@H]1C[C@](O)(C(=O)O)C(O)(O)[C@H]1O,[*]C(=O)O,[*]COC,[*:1]-[CH0](=[OH0])-[OH1]>>[*:1]-[CH2]-[OH0]-[CH3],25,-2.4897999999999985,222.073952788,0.3341123019702973,4.310449786958423,0.0651499037610837,0.1604497869584236,11,16,-7.6,-6.5
O=C(O)[C@@H]1C[C@](O)(C(=O)O)C(O)(O)[C@H]1O,O=C(O)[C@@]1(O)C[C@@H](N2CCOCC2)[C@H](O)C1(O)O,[*]C(=O)O,[*]N1CCOCC1,[*:1]-[CH0](=[OH0])-[OH1]>>[*:1]-[NH0]1-[CH2]-[CH2]-[OH0]-[CH2]-[CH2]-1,37,-3.051599999999998,263.10050188400004,0.3320615755582767,4.08830137552294,0.0630991773490631,-0.0616986244770592,11,17,-7.6,-6.5
O=C(O)[C@@H]1C[C@](O)(C(=O)O)C(O)(O)[C@H]1O,O=C(O)[C@@]1(O)C[C@@H](C(F)(F)F)[C@H](O)C1(O)O,[*]C(=O)O,[*]C(F)(F)F,[*:1]-[CH0](=[OH0])-[OH1]>>[*:1]-[CH0](-[FH0])(-[FH0])-[FH0],118,-1.5739000000000003,246.035122668,0.3564785553534961,4.354128581684092,0.0875161571442825,0.2041285816840927,11,18,-7.6,-7.2
O=C(O)[C@@H]1C[C@](O)(C(=O)O)C(O)(O)[C@H]1O,NC(=O)C[C@@]1(O)C[C@@H](C(=O)O)[C@H](O)C1(O)O,[*]C(=O)O,[*]CC(N)=O,[*:1]-[CH0](=[OH0])-[OH1]>>[*:1]-[CH2]-[CH0](-[NH2])=[OH0],13,-3.2607999999999997,235.069201756,0.2795815679623839,4.298591924879356,0.0106191697531703,0.1485919248793568,11,19,-7.6,-7.4
O=C(O)[C@@H]1C[C@](O)(C(=O)O)C(O)(O)[C@H]1O,CC(C)O[C@@H]1C[C@](O)(C(=O)O)C(O)(O)[C@H]1O,[*]C(=O)O,[*]OC(C)C,[*:1]-[CH0](=[OH0])-[OH1]>>[*:1]-[OH0]-[CH1](-[CH3])-[CH3],12,-1.9587999999999988,236.089602852,0.3598958455543565,4.306733463340895,0.0909334473451429,0.1567334633408954,11,20,-7.6,-6.6
O=C(O)[C@@H]1C[C@](O)(C(=O)O)C(O)(O)[C@H]1O,O=C(O)[C@@]1(O)C[C@@H](OC(F)(F)F)[C@H](O)C1(O)O,[*]C(=O)O,[*]OC(F)(F)F,[*:1]-[CH0](=[OH0])-[OH1]>>[*:1]-[OH0]-[CH0](-[FH0])(-[FH0])-[FH0],36,-1.8474000000000004,262.030037288,0.3695698501225096,4.465573822580372,0.100607451913296,0.3155738225803723,11,21,-7.6,-6.9
O=C(O)[C@@H]1C[C@](O)(C(=O)O)C(O)(O)[C@H]1O,O=C([C@@H]1C[C@](O)(C(=O)O)C(O)(O)[C@H]1O)N1CCC1,[*]C(=O)O,[*]C(=O)N1CCC1,[*:1]-[CH0](=[OH0])-[OH1]>>[*:1]-[CH0](=[OH0])-[NH0]1-[CH2]-[CH2]-[CH2]-1,12,-2.9038999999999984,261.08485182000004,0.3358479767858156,3.9870730728473545,0.066885578576602,-0.162926927152645,11,22,-7.6,-6.2
O=C(O)[C@@H]1C[C@](O)(C(=O)O)C(O)(O)[C@H]1O,O=C(O)C[C@@H]1C[C@](O)(C(=O)O)C(O)(O)[C@H]1O,[*]C(=O)O,[*]CC(=O)O,[*:1]-[CH0](=[OH0])-[OH1]>>[*:1]-[CH2]-[CH0](=[OH0])-[OH1],212,-2.6614999999999998,236.053217344,0.2898087140344194,4.156052694110125,0.0208463158252057,0.0060526941101253,11,23,-7.6,-7.8
O=C(O)[C@@H]1C[C@](O)(C(=O)O)C(O)(O)[C@H]1O,CCNC(=O)[C@@]1(O)C[C@@H](C(=O)O)[C@H](O)C1(O)O,[*]C(=O)O,[*]C(=O)NCC,[*:1]-[CH0](=[OH0])-[OH1]>>[*:1]-[CH0](=[OH0])-[NH1]-[CH2]-[CH3],40,-3.0000999999999998,249.08485182,0.2919385734621745,4.173175407042422,0.0229761752529609,0.0231754070424221,11,24,-7.6,-7.0
O=C(O)[C@@H]1C[C@](O)(C(=O)O)C(O)(O)[C@H]1O,O=C(O)[C@@H]1C[C@](O)(C(=O)N2CCCCC2)C(O)(O)[C@H]1O,[*]C(=O)O,[*]C(=O)N1CCCCC1,[*:1]-[CH0](=[OH0])-[OH1]>>[*:1]-[CH0](=[OH0])-[NH0]1-[CH2]-[CH2]-[CH2]-[CH2]-[CH2]-1,29,-2.123699999999998,289.11615194800004,0.3661005695288791,3.900799150582839,0.0971381713196655,-0.2492008494171607,11,25,-7.6,-2.9
O=C(O)[C@@H]1C[C@](O)(C(=O)O)C(O)(O)[C@H]1O,O=C(O)[C@@H]1C[C@](O)(C(=O)N2CCCC2)C(O)(O)[C@H]1O,[*]C(=O)O,[*]C(=O)N1CCCC1,[*:1]-[CH0](=[OH0])-[OH1]>>[*:1]-[CH0](=[OH0])-[NH0]1-[CH2]-[CH2]-[CH2]-[CH2]-1,20,-2.5137999999999976,275.10050188400004,0.3505967012927874,3.959752623824772,0.0816343030835738,-0.1902473761752272,11,26,-7.6,-4.5
O=C(O)[C@@H]1C[C@](O)(C(=O)O)C(O)(O)[C@H]1O,O=C(O)[C@@H]1C[C@](O)(N2CCCCC2)C(O)(O)[C@H]1O,[*]C(=O)O,[*]N1CCCCC1,[*:1]-[CH0](=[OH0])-[OH1]>>[*:1]-[NH0]1-[CH2]-[CH2]-[CH2]-[CH2]-[CH2]-1,10,-1.6927999999999994,261.121237328,0.3758117909090523,4.109546567830631,0.1068493926998387,-0.0404534321693681,11,27,-7.6,-5.5
O=C(O)[C@@H]1C[C@](O)(C(=O)O)C(O)(O)[C@H]1O,O=C(O)[C@@H]1C[C@](O)(C(=O)NC2CC2)C(O)(O)[C@H]1O,[*]C(=O)O,[*]C(=O)NC1CC1,[*:1]-[CH0](=[OH0])-[OH1]>>[*:1]-[CH0](=[OH0])-[NH1]-[CH1]1-[CH2]-[CH2]-1,32,-2.8575999999999997,261.08485182000004,0.2993516171402644,4.069325246760398,0.0303892189310508,-0.0806747532396015,11,28,-7.6,-7.7
O=C(O)[C@@H]1C[C@](O)(C(=O)O)C(O)(O)[C@H]1O,CC(=O)NC[C@@]1(O)C[C@@H](C(=O)O)[C@H](O)C1(O)O,[*]C(=O)O,[*]CNC(C)=O,[*:1]-[CH0](=[OH0])-[OH1]>>[*:1]-[CH2]-[NH1]-[CH0](-[CH3])=[OH0],13,-3.0000999999999984,249.08485182,0.2919385734621745,4.171472008115767,0.0229761752529609,0.0214720081157677,11,29,-7.6,-7.7
O=C(O)[C@@H]1C[C@](O)(C(=O)O)C(O)(O)[C@H]1O,CC(C)(O)[C@@H]1C[C@](O)(C(=O)O)C(O)(O)[C@H]1O,[*]C(=O)O,[*]C(C)(C)O,[*:1]-[CH0](=[OH0])-[OH1]>>[*:1]-[CH0](-[CH3])(-[CH3])-[OH1],20,-2.3652999999999995,236.089602852,0.2946043253993494,4.373509646772848,0.0256419271901358,0.2235096467728485,11,30,-7.6,-6.9
O=C(O)[C@@H]1C[C@](O)(C(=O)O)C(O)(O)[C@H]1O,CC(=O)[C@@]1(O)C[C@@H](C(=O)O)[C@H](O)C1(O)O,[*]C(=O)O,[*]C(C)=O,[*:1]-[CH0](=[OH0])-[OH1]>>[*:1]-[CH0](-[CH3])=[OH0],68,-2.547199999999999,220.058302724,0.3231613691262414,4.179315975819349,0.0541989709170278,0.0293159758193493,11,31,-7.6,-7.0
O=C(O)[C@@H]1C[C@](O)(C(=O)O)C(O)(O)[C@H]1O,O=C(O)[C@@]1(O)C[C@@H](OCCO)[C@H](O)C1(O)O,[*]C(=O)O,[*]OCCO,[*:1]-[CH0](=[OH0])-[OH1]>>[*:1]-[OH0]-[CH2]-[CH2]-[OH1],17,-3.3749,238.068867408,0.2779113784831685,4.311955742890614,0.0089489802739549,0.1619557428906146,11,32,-7.6,-6.4
O=C(O)[C@@H]1C[C@](O)(C(=O)O)C(O)(O)[C@H]1O,O=C([C@@H]1C[C@](O)(C(=O)O)C(O)(O)[C@H]1O)N1CCOCC1,[*]C(=O)O,[*]C(=O)N1CCOCC1,[*:1]-[CH0](=[OH0])-[OH1]>>[*:1]-[CH0](=[OH0])-[NH0]1-[CH2]-[CH2]-[OH0]-[CH2]-[CH2]-1,80,-3.277399999999997,291.095416504,0.3326588261760274,3.935054012701853,0.0636964279668138,-0.2149459872981465,11,33,-7.6,-5.6
O=C(O)[C@@H]1C[C@](O)(C(=O)O)C(O)(O)[C@H]1O,CC(C)NC(=O)[C@@H]1C[C@](O)(C(=O)O)C(O)(O)[C@H]1O,[*]C(=O)O,[*]C(=O)NC(C)C,[*:1]-[CH0](=[OH0])-[OH1]>>[*:1]-[CH0](=[OH0])-[NH1]-[CH1](-[CH3])-[CH3],30,-2.611599999999999,263.10050188400004,0.3055316278482289,4.0561169524460166,0.0365692296390153,-0.0938830475539829,11,34,-7.6,-6.0
O=C(O)[C@@H]1C[C@](O)(C(=O)O)C(O)(O)[C@H]1O,O=C(O)[C@@H]1C[C@](O)(C(=O)N2CCNCC2)C(O)(O)[C@H]1O,[*]C(=O)O,[*]C(=O)N1CCNCC1,[*:1]-[CH0](=[OH0])-[OH1]>>[*:1]-[CH0](=[OH0])-[NH0]1-[CH2]-[CH2]-[NH1]-[CH2]-[CH2]-1,11,-3.704399999999996,290.111400916,0.284301845953225,4.130334419087919,0.0153394477440114,-0.01966558091208,11,35,-7.6,-5.0
O=C(O)[C@@H]1C[C@](O)(C(=O)O)C(O)(O)[C@H]1O,COC(=O)[C@@]1(O)C[C@@H](C(=O)O)[C@H](O)C1(O)O,[*]C(=O)O,[*]C(=O)OC,[*:1]-[CH0](=[OH0])-[OH1]>>[*:1]-[CH0](=[OH0])-[OH0]-[CH3],638,-2.963199999999999,236.053217344,0.2523709190697333,4.128973078725511,-0.0165914791394802,-0.0210269212744886,11,36,-7.6,-6.4
O=C(O)[C@@H]1C[C@](O)(C(=O)O)C(O)(O)[C@H]1O,O=C(O)CO[C@@H]1C[C@](O)(C(=O)O)C(O)(O)[C@H]1O,[*]C(=O)O,[*]OCC(=O)O,[*:1]-[CH0](=[OH0])-[OH1]>>[*:1]-[OH0]-[CH2]-[CH0](=[OH0])-[OH1],48,-3.2825999999999995,252.048131964,0.2811328348298977,4.200980415986964,0.0121704366206841,0.0509804159869649,11,37,-7.6,-6.9
O=C(O)[C@@H]1C[C@](O)(C(=O)O)C(O)(O)[C@H]1O,O=C(O)[C@@H]1C[C@](O)(CN2CCOCC2)C(O)(O)[C@H]1O,[*]C(=O)O,[*]CN1CCOCC1,[*:1]-[CH0](=[OH0])-[OH1]>>[*:1]-[CH2]-[NH0]1-[CH2]-[CH2]-[OH0]-[CH2]-[CH2]-1,19,-2.803999999999997,277.11615194800004,0.3495444989700618,3.995686759571379,0.0805821007608482,-0.1543132404286202,11,38,-7.6,-4.8
O=C(O)[C@@H]1C[C@](O)(C(=O)O)C(O)(O)[C@H]1O,CS(=O)(=O)N[C@@H]1C[C@](O)(C(=O)O)C(O)(O)[C@H]1O,[*]C(=O)O,[*]NS(C)(=O)=O,[*:1]-[CH0](=[OH0])-[OH1]>>[*:1]-[NH1]-[SH0](-[CH3])(=[OH0])=[OH0],55,-3.8345999999999982,271.03618737600004,0.2839785035420497,4.271391404997955,0.015016105332836,0.1213914049979552,11,39,-7.6,-6.2
O=C(O)[C@@H]1C[C@](O)(C(=O)O)C(O)(O)[C@H]1O,NC(=O)N[C@@]1(O)C[C@@H](C(=O)O)[C@H](O)C1(O)O,[*]C(=O)O,[*]NC(N)=O,[*:1]-[CH0](=[OH0])-[OH1]>>[*:1]-[NH1]-[CH0](-[NH2])=[OH0],10,-3.5103999999999997,236.064450724,0.2432017090941018,4.4228819248793565,-0.0257606891151117,0.272881924879357,11,40,-7.6,-7.8
O=C(O)[C@@H]1C[C@](O)(C(=O)O)C(O)(O)[C@H]1O,CN1CCN(C(=O)[C@@H]2C[C@](O)(C(=O)O)C(O)(O)[C@H]2O)CC1,[*]C(=O)O,[*]C(=O)N1CCN(C)CC1,[*:1]-[CH0](=[OH0])-[OH1]>>[*:1]-[CH0](=[OH0])-[NH0]1-[CH2]-[CH2]-[NH0](-[CH3])-[CH2]-[CH2]-1,46,-3.362199999999995,304.12705098,0.3329562142737268,3.8843336783548015,0.0639938160645132,-0.2656663216451971,11,41,-7.6,-5.6
O=C(O)[C@@H]1C[C@](O)(C(=O)O)C(O)(O)[C@H]1O,CCCNC(=O)[C@@]1(O)C[C@@H](C(=O)O)[C@H](O)C1(O)O,[*]C(=O)O,[*]C(=O)NCCC,[*:1]-[CH0](=[OH0])-[OH1]>>[*:1]-[CH0](=[OH0])-[NH1]-[CH2]-[CH2]-[CH3],12,-2.609999999999999,263.10050188400004,0.3043847793511337,4.047583775188492,0.0354223811419201,-0.1024162248115079,11,42,-7.6,-7.2
O=C(O)[C@@H]1C[C@](O)(C(=O)O)C(O)(O)[C@H]1O,O=C(O)CC[C@@H]1C[C@](O)(C(=O)O)C(O)(O)[C@H]1O,[*]C(=O)O,[*]CCC(=O)O,[*:1]-[CH0](=[OH0])-[OH1]>>[*:1]-[CH2]-[CH2]-[CH0](=[OH0])-[OH1],69,-2.2713999999999985,250.068867408,0.3048960545347296,4.1276634213536925,0.035933656325516,-0.022336578646307,11,43,-7.6,-6.6
O=C(O)[C@@H]1C[C@](O)(C(=O)O)C(O)(O)[C@H]1O,CC(O)[C@@H]1C[C@](O)(C(=O)O)C(O)(O)[C@H]1O,[*]C(=O)O,[*]C(C)O,[*:1]-[CH0](=[OH0])-[OH1]>>[*:1]-[CH1](-[CH3])-[OH1],18,-2.755399999999999,222.073952788,0.2782187430149728,4.505133582188092,0.0092563448057592,0.3551335821880927,11,44,-7.6,-6.7
O=C(O)[C@@H]1C[C@](O)(C(=O)O)C(O)(O)[C@H]1O,O=C(O)[C@@H]1C[C@](O)(C(=O)NC2CCCCC2)C(O)(O)[C@H]1O,[*]C(=O)O,[*]C(=O)NC1CCCCC1,[*:1]-[CH0](=[OH0])-[OH1]>>[*:1]-[CH0](=[OH0])-[NH1]-[CH1]1-[CH2]-[CH2]-[CH2]-[CH2]-[CH2]-1,10,-1.687299999999999,303.131802012,0.3408939540609596,3.875651960073085,0.071931555851746,-0.2743480399269149,11,45,-7.6,-6.7
O=C(O)[C@@H]1C[C@](O)(C(=O)O)C(O)(O)[C@H]1O,CCOC(=O)[C@@H]1C[C@](O)(C(=O)O)C(O)(O)[C@H]1O,[*]C(=O)O,[*]C(=O)OCC,[*:1]-[CH0](=[OH0])-[OH1]>>[*:1]-[CH0](=[OH0])-[OH0]-[CH2]-[CH3],288,-2.573099999999999,250.068867408,0.2712381129392002,4.031703135128289,0.0022757147299866,-0.1182968648717102,11,46,-7.6,-6.3
O=C(O)[C@@H]1C[C@](O)(C(=O)O)C(O)(O)[C@H]1O,CS(=O)(=O)NC(=O)[C@@]1(O)C[C@@H](C(=O)O)[C@H](O)C1(O)O,[*]C(=O)O,[*]C(=O)NS(C)(=O)=O,[*:1]-[CH0](=[OH0])-[OH1]>>[*:1]-[CH0](=[OH0])-[NH1]-[SH0](-[CH3])(=[OH0])=[OH0],60,-4.060399999999998,299.031101996,0.2822862074475926,4.230809586181564,0.013323809238379,0.0808095861815649,11,47,-7.6,-7.1
O=C(O)[C@@H]1C[C@](O)(C(=O)O)C(O)(O)[C@H]1O,O=C(O)[C@@]1(O)C[C@@H](c2ccccc2)[C@H](O)C1(O)O,[*]C(=O)O,[*]c1ccccc1,[*:1]-[CH0](=[OH0])-[OH1]>>[*:1]-[cH0]1:[cH1]:[cH1]:[cH1]:[cH1]:[cH1]:1,60,-0.9686,254.079038168,0.4333635046365918,3.686592721676785,0.1644011064273782,-0.4634072783232144,11,48,-7.6,-6.5
O=C(O)[C@@H]1C[C@](O)(C(=O)O)C(O)(O)[C@H]1O,CC(C)(C)OC(=O)N[C@@]1(O)C[C@@H](C(=O)O)[C@H](O)C1(O)O,[*]C(=O)O,[*]NC(=O)OC(C)(C)C,[*:1]-[CH0](=[OH0])-[OH1]>>[*:1]-[NH1]-[CH0](=[OH0])-[OH0]-[CH0](-[CH3])(-[CH3])-[CH3],15,-1.6539999999999997,293.111066568,0.330415971540087,4.119336706460925,0.0614535733308734,-0.0306632935390744,11,49,-7.6,-7.1
O=C(O)[C@@H]1C[C@](O)(C(=O)O)C(O)(O)[C@H]1O,COc1ccc([C@@H]2C[C@](O)(C(=O)O)C(O)(O)[C@H]2O)cc1,[*]C(=O)O,[*]c1ccc(OC)cc1,[*:1]-[CH0](=[OH0])-[OH1]>>[*:1]-[cH0]1:[cH1]:[cH1]:[cH0](-[OH0]-[CH3]):[cH1]:[cH1]:1,11,-0.96,284.089602852,0.4522241112848189,3.642249658565424,0.1832617130756053,-0.5077503414345754,11,50,-7.6,-5.1
O=C(O)[C@@H]1C[C@](O)(C(=O)O)C(O)(O)[C@H]1O,NCCNC(=O)[C@@H]1C[C@](O)(C(=O)O)C(O)(O)[C@H]1O,[*]C(=O)O,[*]C(=O)NCCN,[*:1]-[CH0](=[OH0])-[OH1]>>[*:1]-[CH0](=[OH0])-[NH1]-[CH2]-[CH2]-[NH2],13,-4.061299999999997,264.09575085200004,0.2509639002849799,4.117600163148358,-0.0179984979242336,-0.0323998368516411,11,51,-7.6,-7.0
O=C(O)[C@@H]1C[C@](O)(C(=O)O)C(O)(O)[C@H]1O,CN(C)CCO[C@@H]1C[C@](O)(C(=O)O)C(O)(O)[C@H]1O,[*]C(=O)O,[*]OCCN(C)C,[*:1]-[CH0](=[OH0])-[OH1]>>[*:1]-[OH0]-[CH2]-[CH2]-[NH0](-[CH3])-[CH3],14,-2.805599999999997,265.11615194800004,0.3367628984428357,4.192179761810566,0.0678005002336221,0.0421797618105665,11,52,-7.6,-6.2
O=C(O)[C@@H]1C[C@](O)(C(=O)O)C(O)(O)[C@H]1O,CC(C)(C(=O)O)[C@@H]1C[C@](O)(C(=O)O)C(O)(O)[C@H]1O,[*]C(=O)O,[*]C(C)(C)C(=O)O,[*:1]-[CH0](=[OH0])-[OH1]>>[*:1]-[CH0](-[CH3])(-[CH3])-[CH0](=[OH0])-[OH1],12,-2.0253999999999985,264.084517472,0.3187750005173974,4.377256183215248,0.0498126023081837,0.2272561832152488,11,53,-7.6,-6.3
O=C(O)[C@@H]1C[C@](O)(C(=O)O)C(O)(O)[C@H]1O,CS[C@@H]1C[C@](O)(C(=O)O)C(O)(O)[C@H]1O,[*]C(=O)O,[*]SC,[*:1]-[CH0](=[OH0])-[OH1]>>[*:1]-[SH0]-[CH3],25,-2.0207999999999995,224.035459104,0.3434540002768394,4.569325408849536,0.0744916020676258,0.4193254088495362,11,54,-7.6,-6.5
O=C(O)[C@@H]1C[C@](O)(C(=O)O)C(O)(O)[C@H]1O,COC(=O)C[C@@]1(O)C[C@@H](C(=O)O)[C@H](O)C1(O)O,[*]C(=O)O,[*]CC(=O)OC,[*:1]-[CH0](=[OH0])-[OH1]>>[*:1]-[CH2]-[CH0](=[OH0])-[OH0]-[CH3],18,-2.573099999999999,250.068867408,0.2712381129392002,4.135513868580884,0.0022757147299866,-0.0144861314191153,11,55,-7.6,-6.7
O=C(O)[C@@H]1C[C@](O)(C(=O)O)C(O)(O)[C@H]1O,CONC(=O)[C@@]1(O)C[C@@H](C(=O)O)[C@H](O)C1(O)O,[*]C(=O)O,[*]C(=O)NOC,[*:1]-[CH0](=[OH0])-[OH1]>>[*:1]-[CH0](=[OH0])-[NH1]-[OH0]-[CH3],13,-3.4585999999999992,251.064116376,0.2230583313747867,4.375551435664962,-0.0459040668344268,0.2255514356649621,11,56,-7.6,-7.8
O=C(O)[C@@H]1C[C@](O)(C(=O)O)C(O)(O)[C@H]1O,O=C(O)[C@@]1(O)C[C@@H](c2n[nH]c(=O)o2)[C@H](O)C1(O)O,[*]C(=O)O,[*]c1n[nH]c(=O)o1,[*:1]-[CH0](=[OH0])-[OH1]>>[*:1]-[cH0]1:[nH0]:[nH1]:[cH0](=[OH0]):[oH0]:1,13,-3.292299999999999,262.04371528,0.2977951198967056,4.605264775686606,0.028832721687492,0.4552647756866061,11,57,-7.6,-7.0
O=C(O)[C@@H]1C[C@](O)(C(=O)O)C(O)(O)[C@H]1O,CCN(CC)C(=O)[C@@]1(O)C[C@@H](C(=O)O)[C@H](O)C1(O)O,[*]C(=O)O,[*]C(=O)N(CC)CC,[*:1]-[CH0](=[OH0])-[OH1]>>[*:1]-[CH0](=[OH0])-[NH0](-[CH2]-[CH3])-[CH2]-[CH3],26,-2.267799999999998,277.11615194800004,0.3651591467081688,4.122619508440157,0.0961967484989552,-0.0273804915598425,11,58,-7.6,-4.3
O=C(O)[C@@H]1C[C@](O)(C(=O)O)C(O)(O)[C@H]1O,O=C(O)CNC(=O)[C@@H]1C[C@](O)(C(=O)O)C(O)(O)[C@H]1O,[*]C(=O)O,[*]C(=O)NCC(=O)O,[*:1]-[CH0](=[OH0])-[OH1]>>[*:1]-[CH0](=[OH0])-[NH1]-[CH2]-[CH0](=[OH0])-[OH1],23,-3.935399999999998,279.05903099600005,0.252198268196362,3.9981772007478487,-0.0167641300128515,-0.1518227992521508,11,59,-7.6,-6.9
O=C(O)[C@@H]1C[C@](O)(C(=O)O)C(O)(O)[C@H]1O,O=C(O)[C@@H]1C[C@](O)(c2ccccn2)C(O)(O)[C@H]1O,[*]C(=O)O,[*]c1ccccn1,[*:1]-[CH0](=[OH0])-[OH1]>>[*:1]-[cH0]1:[cH1]:[cH1]:[cH1]:[cH1]:[nH0]:1,12,-1.5845000000000002,255.074287136,0.4026907169641012,3.991262913984478,0.1337283187548876,-0.1587370860155212,11,60,-7.6,-6.7
O=C(O)[C@@H]1C[C@](O)(C(=O)O)C(O)(O)[C@H]1O,CN(C)CCNC(=O)[C@@H]1C[C@](O)(C(=O)O)C(O)(O)[C@H]1O,[*]C(=O)O,[*]C(=O)NCCN(C)C,[*:1]-[CH0](=[OH0])-[OH1]>>[*:1]-[CH0](=[OH0])-[NH1]-[CH2]-[CH2]-[NH0](-[CH3])-[CH3],35,-3.458399999999996,292.12705098,0.2861621156080629,3.9863228422075303,0.0171997173988492,-0.1636771577924687,11,61,-7.6,-6.9
O=C(O)[C@@H]1C[C@](O)(C(=O)O)C(O)(O)[C@H]1O,O=C(O)[C@@H]1C[C@](O)(C(=O)NS(=O)(=O)C2CC2)C(O)(O)[C@H]1O,[*]C(=O)O,[*]C(=O)NS(=O)(=O)C1CC1,[*:1]-[CH0](=[OH0])-[OH1]>>[*:1]-[CH0](=[OH0])-[NH1]-[SH0](=[OH0])(=[OH0])-[CH1]1-[CH2]-[CH2]-1,14,-3.5277999999999987,325.04675206,0.2852249647266443,4.169369936436344,0.0162625665174307,0.0193699364363446,11,62,-7.6,-7.0
O=C(O)[C@@H]1C[C@](O)(C(=O)O)C(O)(O)[C@H]1O,CC(C)OC(=O)[C@@]1(O)C[C@@H](C(=O)O)[C@H](O)C1(O)O,[*]C(=O)O,[*]C(=O)OC(C)C,[*:1]-[CH0](=[OH0])-[OH1]>>[*:1]-[CH0](=[OH0])-[OH0]-[CH1](-[CH3])-[CH3],20,-2.184599999999999,264.084517472,0.2854938794512751,4.138744644753709,0.0165314812420614,-0.0112553552462904,11,63,-7.6,-7.5
O=C(O)[C@@H]1C[C@](O)(C(=O)O)C(O)(O)[C@H]1O,O=C(O)[C@@]1(O)C[C@@H](c2nn[nH]n2)[C@H](O)C1(O)O,[*]C(=O)O,[*]c1nn[nH]n1,[*:1]-[CH0](=[OH0])-[OH1]>>[*:1]-[cH0]1:[nH0]:[nH0]:[nH1]:[nH0]:1,115,-3.4555,246.06003404,0.2897690115475579,4.5258019544485055,0.0208066133383443,0.375801954448506,11,64,-7.6,-7.0
O=C(O)[C@@H]1C[C@](O)(C(=O)O)C(O)(O)[C@H]1O,O=C(OCCO)[C@@H]1C[C@](O)(C(=O)O)C(O)(O)[C@H]1O,[*]C(=O)O,[*]C(=O)OCCO,[*:1]-[CH0](=[OH0])-[OH1]>>[*:1]-[CH0](=[OH0])-[OH0]-[CH2]-[CH2]-[OH1],10,-3.600699999999999,266.06378202800005,0.2224895076070118,4.144955347094845,-0.0464728906022017,-0.0050446529051546,11,65,-7.6,-6.6
O=C(O)[C@@H]1C[C@](O)(C(=O)O)C(O)(O)[C@H]1O,COC(=O)CNC(=O)[C@@H]1C[C@](O)(C(=O)O)C(O)(O)[C@H]1O,[*]C(=O)O,[*]C(=O)NCC(=O)OC,[*:1]-[CH0](=[OH0])-[OH1]>>[*:1]-[CH0](=[OH0])-[NH1]-[CH2]-[CH0](=[OH0])-[OH0]-[CH3],13,-3.846999999999997,293.07468106,0.2238205324188656,3.95420248021658,-0.0451418657903479,-0.1957975197834196,11,66,-7.6,-7.1
O=C(O)[C@@H]1C[C@](O)(C(=O)O)C(O)(O)[C@H]1O,O=C(O)[C@@H]1C[C@](O)(Oc2ccccc2)C(O)(O)[C@H]1O,[*]C(=O)O,[*]Oc1ccccc1,[*:1]-[CH0](=[OH0])-[OH1]>>[*:1]-[OH0]-[cH0]1:[cH1]:[cH1]:[cH1]:[cH1]:[cH1]:1,20,-1.0997,270.07395278800004,0.4410021198555233,3.850646940566854,0.1720397216463097,-0.2993530594331455,11,67,-7.6,-7.5
O=C(O)[C@@H]1C[C@](O)(C(=O)O)C(O)(O)[C@H]1O,O=C(O)CCC[C@@H]1C[C@](O)(C(=O)O)C(O)(O)[C@H]1O,[*]C(=O)O,[*]CCCC(=O)O,[*:1]-[CH0](=[OH0])-[OH1]>>[*:1]-[CH2]-[CH2]-[CH2]-[CH0](=[OH0])-[OH1],15,-1.8812999999999984,264.084517472,0.3149629348261869,4.064942638064746,0.0460005366169733,-0.0850573619352532,11,68,-7.6,-6.7
O=C(O)[C@@H]1C[C@](O)(C(=O)O)C(O)(O)[C@H]1O,CC(C)(C)OC(=O)[C@@H]1C[C@](O)(C(=O)O)C(O)(O)[C@H]1O,[*]C(=O)O,[*]C(=O)OC(C)(C)C,[*:1]-[CH0](=[OH0])-[OH1]>>[*:1]-[CH0](=[OH0])-[OH0]-[CH0](-[CH3])(-[CH3])-[CH3],25,-1.794499999999999,278.100167536,0.2938851342524373,4.066429226116099,0.0249227360432237,-0.0835707738839008,11,69,-7.6,-6.1
O=C(O)[C@@H]1C[C@](O)(C(=O)O)C(O)(O)[C@H]1O,CC(C(=O)O)[C@@]1(O)C[C@@H](C(=O)O)[C@H](O)C1(O)O,[*]C(=O)O,[*]C(C)C(=O)O,[*:1]-[CH0](=[OH0])-[OH1]>>[*:1]-[CH1](-[CH3])-[CH0](=[OH0])-[OH1],12,-2.4154999999999984,250.068867408,0.3022360677696358,4.384861313119001,0.0332736695604222,0.2348613131190013,11,70,-7.6,-6.7
O=C(O)[C@@H]1C[C@](O)(C(=O)O)C(O)(O)[C@H]1O,O=C(O)[C@@H]1C[C@](O)(c2cccs2)C(O)(O)[C@H]1O,[*]C(=O)O,[*]c1cccs1,[*:1]-[CH0](=[OH0])-[OH1]>>[*:1]-[cH0]1:[cH1]:[cH1]:[cH1]:[sH0]:1,10,-0.918,260.03545910400004,0.4389384459942825,4.19666656983312,0.1699760477850689,0.0466665698331203,11,71,-7.6,-5.9
O=C(O)[C@@H]1C[C@](O)(C(=O)O)C(O)(O)[C@H]1O,O=C(NCCO)[C@@H]1C[C@](O)(C(=O)O)C(O)(O)[C@H]1O,[*]C(=O)O,[*]C(=O)NCCO,[*:1]-[CH0](=[OH0])-[OH1]>>[*:1]-[CH0](=[OH0])-[NH1]-[CH2]-[CH2]-[OH1],48,-4.027699999999999,265.07976644,0.2520696294034039,4.0683319357236085,-0.0168927688058096,-0.0816680642763909,11,72,-7.6,-6.5
O=C(O)[C@@H]1C[C@](O)(C(=O)O)C(O)(O)[C@H]1O,COCCNC(=O)[C@@]1(O)C[C@@H](C(=O)O)[C@H](O)C1(O)O,[*]C(=O)O,[*]C(=O)NCCOC,[*:1]-[CH0](=[OH0])-[OH1]>>[*:1]-[CH0](=[OH0])-[NH1]-[CH2]-[CH2]-[OH0]-[CH3],26,-3.3735999999999984,279.095416504,0.2247387369833662,4.033779418173282,-0.0442236612258473,-0.1162205818267176,11,73,-7.6,-7.2
O=C(O)[C@@H]1C[C@](O)(C(=O)O)C(O)(O)[C@H]1O,O=C(OCc1ccccc1)[C@@H]1C[C@](O)(C(=O)O)C(O)(O)[C@H]1O,[*]C(=O)O,[*]C(=O)OCc1ccccc1,[*:1]-[CH0](=[OH0])-[OH1]>>[*:1]-[CH0](=[OH0])-[OH0]-[CH2]-[cH0]1:[cH1]:[cH1]:[cH1]:[cH1]:[cH1]:1,26,-1.3928,312.084517472,0.3373326072561639,3.610369394722997,0.0683702090469502,-0.5396306052770026,11,74,-7.6,-6.9
O=C(O)[C@@H]1C[C@](O)(C(=O)O)C(O)(O)[C@H]1O,O=C(O)[C@@H]1C[C@](O)(c2nnn[nH]2)C(O)(O)[C@H]1O,[*]C(=O)O,[*]c1nnn[nH]1,[*:1]-[CH0](=[OH0])-[OH1]>>[*:1]-[cH0]1:[nH0]:[nH0]:[nH0]:[nH1]:1,179,-3.4664,246.06003404,0.2896253973165856,4.743512723679274,0.020662999107372,0.5935127236792743,11,75,-7.6,-7.5
O=C(O)[C@@H]1C[C@](O)(C(=O)O)C(O)(O)[C@H]1O,O=C(O)[C@@H]1C[C@](O)(C(=O)NCCN2CCOCC2)C(O)(O)[C@H]1O,[*]C(=O)O,[*]C(=O)NCCN1CCOCC1,[*:1]-[CH0](=[OH0])-[OH1]>>[*:1]-[CH0](=[OH0])-[NH1]-[CH2]-[CH2]-[NH0]1-[CH2]-[CH2]-[OH0]-[CH2]-[CH2]-1,24,-3.687799999999996,334.1376156639999,0.2781814059638837,3.911096535159946,0.0092190077546701,-0.2389034648400541,11,76,-7.6,-6.5
O=C(O)[C@@H]1C[C@](O)(C(=O)O)C(O)(O)[C@H]1O,COCCO[C@@]1(O)C[C@@H](C(=O)O)[C@H](O)C1(O)O,[*]C(=O)O,[*]OCCOC,[*:1]-[CH0](=[OH0])-[OH1]>>[*:1]-[OH0]-[CH2]-[CH2]-[OH0]-[CH3],12,-2.5156999999999985,252.084517472,0.2670075276263267,4.293227269133819,-0.0019548705828868,0.1432272691338196,11,77,-7.6,-6.3
O=C(O)[C@@H]1C[C@](O)(C(=O)O)C(O)(O)[C@H]1O,O=C(O)[C@@H]1C[C@](O)(c2cccnc2)C(O)(O)[C@H]1O,[*]C(=O)O,[*]c1cccnc1,[*:1]-[CH0](=[OH0])-[OH1]>>[*:1]-[cH0]1:[cH1]:[cH1]:[cH1]:[nH0]:[cH1]:1,15,-1.5845000000000002,255.074287136,0.4026907169641012,4.002273490907555,0.1337283187548876,-0.1477265090924442,11,78,-7.6,-5.7
O=C(O)[C@@H]1C[C@](O)(C(=O)O)C(O)(O)[C@H]1O,O=C(O)[C@@H]1C[C@](O)(C(=O)Nc2ccccc2)C(O)(O)[C@H]1O,[*]C(=O)O,[*]C(=O)Nc1ccccc1,[*:1]-[CH0](=[OH0])-[OH1]>>[*:1]-[CH0](=[OH0])-[NH1]-[cH0]1:[cH1]:[cH1]:[cH1]:[cH1]:[cH1]:1,24,-1.4975000000000005,297.08485182,0.3720438870252051,3.634103333699459,0.1030814888159915,-0.5158966663005407,11,79,-7.6,-8.1
O=C(O)[C@@H]1C[C@](O)(C(=O)O)C(O)(O)[C@H]1O,O=C(O)[C@@H]1C[C@](O)(c2ccncc2)C(O)(O)[C@H]1O,[*]C(=O)O,[*]c1ccncc1,[*:1]-[CH0](=[OH0])-[OH1]>>[*:1]-[cH0]1:[cH1]:[cH1]:[nH0]:[cH1]:[cH1]:1,13,-1.5845000000000002,255.074287136,0.4026907169641012,4.027060990907556,0.1337283187548876,-0.1229390090924438,11,80,-7.6,-6.7
O=C(O)[C@@H]1C[C@](O)(C(=O)O)C(O)(O)[C@H]1O,O=C(N[C@@]1(O)C[C@@H](C(=O)O)[C@H](O)C1(O)O)c1ccccc1,[*]C(=O)O,[*]NC(=O)c1ccccc1,[*:1]-[CH0](=[OH0])-[OH1]>>[*:1]-[NH1]-[CH0](=[OH0])-[cH0]1:[cH1]:[cH1]:[cH1]:[cH1]:[cH1]:1,11,-1.7487,297.08485182,0.3624792298461481,3.709203883150007,0.0935168316369345,-0.4407961168499925,11,81,-7.6,-8.5
O=C(O)[C@@H]1C[C@](O)(C(=O)O)C(O)(O)[C@H]1O,O=C(O)[C@@]1(O)C[C@@H](NS(=O)(=O)C(F)(F)F)[C@H](O)C1(O)O,[*]C(=O)O,[*]NS(=O)(=O)C(F)(F)F,[*:1]-[CH0](=[OH0])-[OH1]>>[*:1]-[NH1]-[SH0](=[OH0])(=[OH0])-[CH0](-[FH0])(-[FH0])-[FH0],13,-2.9445999999999994,325.0079219399999,0.2998588566264582,4.374036536916184,0.0308964584172446,0.2240365369161843,11,82,-7.6,-6.8
O=C(O)[C@@H]1C[C@](O)(C(=O)O)C(O)(O)[C@H]1O,O=C(O)[C@@]1(O)C[C@@H](c2noc(=O)[nH]2)[C@H](O)C1(O)O,[*]C(=O)O,[*]c1noc(=O)[nH]1,[*:1]-[CH0](=[OH0])-[OH1]>>[*:1]-[cH0]1:[nH0]:[oH0]:[cH0](=[OH0]):[nH1]:1,30,-3.292299999999999,262.04371528,0.2977951198967056,4.839815675850272,0.028832721687492,0.689815675850272,11,83,-7.6,-6.6
O=C(O)[C@@H]1C[C@](O)(C(=O)O)C(O)(O)[C@H]1O,O=C(O)[C@@H]1C[C@](O)(C(=O)NCc2ccccc2)C(O)(O)[C@H]1O,[*]C(=O)O,[*]C(=O)NCc1ccccc1,[*:1]-[CH0](=[OH0])-[OH1]>>[*:1]-[CH0](=[OH0])-[NH1]-[CH2]-[cH0]1:[cH1]:[cH1]:[cH1]:[cH1]:[cH1]:1,32,-1.8198,311.100501884,0.3587089065054248,3.619202771515696,0.0897465082962112,-0.5307972284843032,11,84,-7.6,-7.3
O=C(O)[C@@H]1C[C@](O)(C(=O)O)C(O)(O)[C@H]1O,O=C(O)[C@@]1(O)C[C@@H](OCc2ccccc2)[C@H](O)C1(O)O,[*]C(=O)O,[*]OCc1ccccc1,[*:1]-[CH0](=[OH0])-[OH1]>>[*:1]-[OH0]-[CH2]-[cH0]1:[cH1]:[cH1]:[cH1]:[cH1]:[cH1]:1,17,-1.167,284.089602852,0.4408553169139696,3.6526834756916937,0.171892918704756,-0.4973165243083057,11,85,-7.6,-6.7
O=C(O)[C@@H]1C[C@](O)(C(=O)O)C(O)(O)[C@H]1O,CCCCNC(=O)[C@@H]1C[C@](O)(C(=O)O)C(O)(O)[C@H]1O,[*]C(=O)O,[*]C(=O)NCCCC,[*:1]-[CH0](=[OH0])-[OH1]>>[*:1]-[CH0](=[OH0])-[NH1]-[CH2]-[CH2]-[CH2]-[CH3],10,-2.219899999999998,277.11615194800004,0.2462087513824374,3.892958382066531,-0.0227536468267761,-0.257041617933468,11,86,-7.6,-6.6
O=C(O)[C@@H]1C[C@](O)(C(=O)O)C(O)(O)[C@H]1O,CN(C)CCCNC(=O)[C@@H]1C[C@](O)(C(=O)O)C(O)(O)[C@H]1O,[*]C(=O)O,[*]C(=O)NCCCN(C)C,[*:1]-[CH0](=[OH0])-[OH1]>>[*:1]-[CH0](=[OH0])-[NH1]-[CH2]-[CH2]-[CH2]-[NH0](-[CH3])-[CH3],28,-3.068299999999996,306.142701044,0.2234170421140651,3.9306574545785775,-0.0455453560951484,-0.219342545421421,11,87,-7.6,-6.7
O=C(O)[C@@H]1C[C@](O)(C(=O)O)C(O)(O)[C@H]1O,O=C(O)[C@@H]1C[C@](O)(C(=O)NO)C(O)(O)[C@H]1O,[*]C(=O)O,[*]C(=O)NO,[*:1]-[CH0](=[OH0])-[OH1]>>[*:1]-[CH0](=[OH0])-[NH1]-[OH1],63,-3.6308,237.048466312,0.1465246092379147,4.352214617187049,-0.1224377889712989,0.2022146171870495,11,88,-7.6,-7.9
O=C(O)[C@@H]1C[C@](O)(C(=O)O)C(O)(O)[C@H]1O,NNC(=O)[C@@]1(O)C[C@@H](C(=O)O)[C@H](O)C1(O)O,[*]C(=O)O,[*]C(=O)NN,[*:1]-[CH0](=[OH0])-[OH1]>>[*:1]-[CH0](=[OH0])-[NH1]-[NH2],12,-4.146299999999997,236.064450724,0.1093761875671844,4.378394232571665,-0.1595862106420291,0.2283942325716657,11,89,-7.6,-8.2
O=C(O)[C@H]1C[C@H](O)[C@](O)(C(=O)O)[C@@H](O)[C@H]1O,CO[C@@]1(O)[C@@H](O)C[C@H](C(=O)O)[C@H](O)[C@@H]1O,[*]C(=O)O,[*]OC,[*:1]-[CH0](=[OH0])-[OH1]>>[*:1]-[OH0]-[CH3],264,-2.491399999999999,222.073952788,0.3268634620880263,4.424052663869528,0.0310391980296568,0.0940526638695278,12,0,-7.6,-6.9
O=C(O)[C@H]1C[C@H](O)[C@](O)(C(=O)O)[C@@H](O)[C@H]1O,CC(C)[C@@]1(O)[C@@H](O)C[C@H](C(=O)O)[C@H](O)[C@@H]1O,[*]C(=O)O,[*]C(C)C,[*:1]-[CH0](=[OH0])-[OH1]>>[*:1]-[CH1](-[CH3])-[CH3],15,-1.4393,234.110338296,0.3991733063071039,4.3226617451103,0.1033490422487344,-0.0073382548897003,12,1,-7.6,-6.3
O=C(O)[C@H]1C[C@H](O)[C@](O)(C(=O)O)[C@@H](O)[C@H]1O,CC[C@H]1C[C@H](O)[C@](O)(C(=O)O)[C@@H](O)[C@H]1O,[*]C(=O)O,[*]CC,[*:1]-[CH0](=[OH0])-[OH1]>>[*:1]-[CH2]-[CH3],27,-1.6853,220.094688232,0.3789164702129598,4.475815416905967,0.0830922061545903,0.1458154169059664,12,2,-7.6,-7.1
O=C(O)[C@H]1C[C@H](O)[C@](O)(C(=O)O)[C@@H](O)[C@H]1O,NC[C@H]1C[C@H](O)[C@](O)(C(=O)O)[C@@H](O)[C@H]1O,[*]C(=O)O,[*]CN,[*:1]-[CH0](=[OH0])-[OH1]>>[*:1]-[CH2]-[NH2],41,-3.1365999999999987,221.0899372,0.2888703762992371,4.531054283302726,-0.0069538877591323,0.2010542833027262,12,3,-7.6,-7.1
O=C(O)[C@H]1C[C@H](O)[C@](O)(C(=O)O)[C@@H](O)[C@H]1O,O=C(O)[C@@]1(O)[C@@H](O)C[C@H](CO)[C@H](O)[C@@H]1O,[*]C(=O)O,[*]CO,[*:1]-[CH0](=[OH0])-[OH1]>>[*:1]-[CH2]-[OH1],242,-3.103,222.073952788,0.2906564280276671,4.422074121359408,-0.0051678360307023,0.092074121359408,12,4,-7.6,-7.1
O=C(O)[C@H]1C[C@H](O)[C@](O)(C(=O)O)[C@@H](O)[C@H]1O,NC(=O)[C@@]1(O)[C@@H](O)C[C@H](C(=O)O)[C@H](O)[C@@H]1O,[*]C(=O)O,[*]C(N)=O,[*:1]-[CH0](=[OH0])-[OH1]>>[*:1]-[CH0](-[NH2])=[OH0],426,-3.609999999999999,235.069201756,0.2877168746208636,4.337065206648762,-0.0081073894375058,0.0070652066487619,12,5,-7.6,-7.5
O=C(O)[C@H]1C[C@H](O)[C@](O)(C(=O)O)[C@@H](O)[C@H]1O,CN[C@@]1(O)[C@@H](O)C[C@H](C(=O)O)[C@H](O)[C@@H]1O,[*]C(=O)O,[*]NC,[*:1]-[CH0](=[OH0])-[OH1]>>[*:1]-[NH1]-[CH3],17,-2.9183999999999988,221.0899372,0.2753669271028789,4.5242077245982735,-0.0204573369554905,0.1942077245982734,12,6,-7.6,-7.6
O=C(O)[C@H]1C[C@H](O)[C@](O)(C(=O)O)[C@@H](O)[C@H]1O,CN(C)[C@H]1C[C@H](O)[C@](O)(C(=O)O)[C@@H](O)[C@H]1O,[*]C(=O)O,[*]N(C)C,[*:1]-[CH0](=[OH0])-[OH1]>>[*:1]-[NH0](-[CH3])-[CH3],51,-2.781299999999997,235.105587264,0.350734766028871,4.408230975879532,0.0549105019705015,0.0782309758795314,12,7,-7.6,-5.8
O=C(O)[C@H]1C[C@H](O)[C@](O)(C(=O)O)[C@@H](O)[C@H]1O,CCO[C@H]1C[C@H](O)[C@](O)(C(=O)O)[C@@H](O)[C@H]1O,[*]C(=O)O,[*]OCC,[*:1]-[CH0](=[OH0])-[OH1]>>[*:1]-[OH0]-[CH2]-[CH3],26,-2.306399999999999,236.089602852,0.3723703846732607,4.396101238543697,0.0765461206148912,0.0661012385436965,12,8,-7.6,-6.2
O=C(O)[C@H]1C[C@H](O)[C@](O)(C(=O)O)[C@@H](O)[C@H]1O,CNC(=O)[C@H]1C[C@H](O)[C@](O)(C(=O)O)[C@@H](O)[C@H]1O,[*]C(=O)O,[*]C(=O)NC,[*:1]-[CH0](=[OH0])-[OH1]>>[*:1]-[CH0](=[OH0])-[NH1]-[CH3],187,-3.3492999999999986,249.08485182,0.2993940453722608,4.362172964303776,0.0035697813138913,0.0321729643037755,12,9,-7.6,-7.4
O=C(O)[C@H]1C[C@H](O)[C@](O)(C(=O)O)[C@@H](O)[C@H]1O,CC(C)(C)[C@@]1(O)[C@@H](O)C[C@H](C(=O)O)[C@H](O)[C@@H]1O,[*]C(=O)O,[*]C(C)(C)C,[*:1]-[CH0](=[OH0])-[OH1]>>[*:1]-[CH0](-[CH3])(-[CH3])-[CH3],26,-1.0492,248.12598836,0.4039411842744611,4.411225455998128,0.1081169202160916,0.081225455998128,12,10,-7.6,-4.7
O=C(O)[C@H]1C[C@H](O)[C@](O)(C(=O)O)[C@@H](O)[C@H]1O,CN(C)C(=O)[C@@]1(O)[C@@H](O)C[C@H](C(=O)O)[C@H](O)[C@@H]1O,[*]C(=O)O,[*]C(=O)N(C)C,[*:1]-[CH0](=[OH0])-[OH1]>>[*:1]-[CH0](=[OH0])-[NH0](-[CH3])-[CH3],153,-3.007099999999998,263.10050188400004,0.3574334688530922,4.338455618830807,0.0616092047947227,0.0084556188308067,12,11,-7.6,-6.1
O=C(O)[C@H]1C[C@H](O)[C@](O)(C(=O)O)[C@@H](O)[C@H]1O,CN(C)C[C@H]1C[C@H](O)[C@](O)(C(=O)O)[C@@H](O)[C@H]1O,[*]C(=O)O,[*]CN(C)C,[*:1]-[CH0](=[OH0])-[OH1]>>[*:1]-[CH2]-[NH0](-[CH3])-[CH3],24,-2.5336999999999974,249.121237328,0.373583708991373,4.42693110383866,0.0777594449330035,0.09693110383866,12,12,-7.6,-6.0
O=C(O)[C@H]1C[C@H](O)[C@](O)(C(=O)O)[C@@H](O)[C@H]1O,CC(=O)N[C@H]1C[C@H](O)[C@](O)(C(=O)O)[C@@H](O)[C@H]1O,[*]C(=O)O,[*]NC(C)=O,[*:1]-[CH0](=[OH0])-[OH1]>>[*:1]-[NH1]-[CH0](-[CH3])=[OH0],88,-3.2067999999999985,249.08485182,0.301636177891793,4.332664556432578,0.0058119138334235,0.0026645564325775,12,13,-7.6,-6.8
O=C(O)[C@H]1C[C@H](O)[C@](O)(C(=O)O)[C@@H](O)[C@H]1O,CN1CCN([C@@]2(O)[C@@H](O)C[C@H](C(=O)O)[C@H](O)[C@@H]2O)CC1,[*]C(=O)O,[*]N1CCN(C)CC1,[*:1]-[CH0](=[OH0])-[OH1]>>[*:1]-[NH0]1-[CH2]-[CH2]-[NH0](-[CH3])-[CH2]-[CH2]-1,14,-2.8903999999999965,290.147786424,0.3669626389551391,4.311769631191142,0.0711383748967696,-0.018230368808858,12,14,-7.6,-3.5
O=C(O)[C@H]1C[C@H](O)[C@](O)(C(=O)O)[C@@H](O)[C@H]1O,O=C(O)[C@@]1(O)[C@@H](O)C[C@H](CCO)[C@H](O)[C@@H]1O,[*]C(=O)O,[*]CCO,[*:1]-[CH0](=[OH0])-[OH1]>>[*:1]-[CH2]-[CH2]-[OH1],26,-2.7128999999999985,236.089602852,0.3129333530307916,4.482791670063396,0.0171090889724221,0.1527916700633955,12,15,-7.6,-7.4
O=C(O)[C@H]1C[C@H](O)[C@](O)(C(=O)O)[C@@H](O)[C@H]1O,COC[C@H]1C[C@H](O)[C@](O)(C(=O)O)[C@@H](O)[C@H]1O,[*]C(=O)O,[*]COC,[*:1]-[CH0](=[OH0])-[OH1]>>[*:1]-[CH2]-[OH0]-[CH3],25,-2.4488999999999987,236.089602852,0.3678000184037237,4.428345891451764,0.0719757543453542,0.098345891451764,12,16,-7.6,-6.5
O=C(O)[C@H]1C[C@H](O)[C@](O)(C(=O)O)[C@@H](O)[C@H]1O,O=C(O)[C@H]1C[C@H](O)[C@](O)(N2CCOCC2)[C@@H](O)[C@H]1O,[*]C(=O)O,[*]N1CCOCC1,[*:1]-[CH0](=[OH0])-[OH1]>>[*:1]-[NH0]1-[CH2]-[CH2]-[OH0]-[CH2]-[CH2]-1,37,-2.805599999999998,277.11615194800004,0.3655604290208585,4.335505425956169,0.069736164962489,0.0055054259561693,12,17,-7.6,-4.4
O=C(O)[C@H]1C[C@H](O)[C@](O)(C(=O)O)[C@@H](O)[C@H]1O,O=C(O)[C@H]1C[C@H](O)[C@](O)(C(F)(F)F)[C@@H](O)[C@H]1O,[*]C(=O)O,[*]C(F)(F)F,[*:1]-[CH0](=[OH0])-[OH1]>>[*:1]-[CH0](-[FH0])(-[FH0])-[FH0],118,-1.5330000000000004,260.05077273200004,0.3900242282052779,4.416121060393733,0.0941999641469084,0.086121060393733,12,18,-7.6,-7.7
O=C(O)[C@H]1C[C@H](O)[C@](O)(C(=O)O)[C@@H](O)[C@H]1O,NC(=O)C[C@H]1C[C@H](O)[C@](O)(C(=O)O)[C@@H](O)[C@H]1O,[*]C(=O)O,[*]CC(N)=O,[*:1]-[CH0](=[OH0])-[OH1]>>[*:1]-[CH2]-[CH0](-[NH2])=[OH0],13,-3.219899999999999,249.08485182,0.3062937803533451,4.44318584444689,0.0104695162949756,0.1131858444468898,12,19,-7.6,-7.0
O=C(O)[C@H]1C[C@H](O)[C@](O)(C(=O)O)[C@@H](O)[C@H]1O,CC(C)O[C@@]1(O)[C@@H](O)C[C@H](C(=O)O)[C@H](O)[C@@H]1O,[*]C(=O)O,[*]OC(C)C,[*:1]-[CH0](=[OH0])-[OH1]>>[*:1]-[OH0]-[CH1](-[CH3])-[CH3],12,-1.7127999999999997,250.105252916,0.3771341283674309,4.430209100260845,0.0813098643090614,0.1002091002608445,12,20,-7.6,-7.0
O=C(O)[C@H]1C[C@H](O)[C@](O)(C(=O)O)[C@@H](O)[C@H]1O,O=C(O)[C@@]1(O)[C@@H](O)C[C@H](OC(F)(F)F)[C@H](O)[C@@H]1O,[*]C(=O)O,[*]OC(F)(F)F,[*:1]-[CH0](=[OH0])-[OH1]>>[*:1]-[OH0]-[CH0](-[FH0])(-[FH0])-[FH0],36,-1.8065,276.045687352,0.4020989535072923,4.644271003446191,0.1062746894489228,0.3142710034461906,12,21,-7.6,-6.6
O=C(O)[C@H]1C[C@H](O)[C@](O)(C(=O)O)[C@@H](O)[C@H]1O,O=C([C@H]1C[C@H](O)[C@](O)(C(=O)O)[C@@H](O)[C@H]1O)N1CCC1,[*]C(=O)O,[*]C(=O)N1CCC1,[*:1]-[CH0](=[OH0])-[OH1]>>[*:1]-[CH0](=[OH0])-[NH0]1-[CH2]-[CH2]-[CH2]-1,12,-2.8629999999999978,275.10050188400004,0.3650338162164488,4.191189607321023,0.0692095521580793,-0.1388103926789767,12,22,-7.6,-6.2
O=C(O)[C@H]1C[C@H](O)[C@](O)(C(=O)O)[C@@H](O)[C@H]1O,O=C(O)C[C@H]1C[C@H](O)[C@](O)(C(=O)O)[C@@H](O)[C@H]1O,[*]C(=O)O,[*]CC(=O)O,[*:1]-[CH0](=[OH0])-[OH1]>>[*:1]-[CH2]-[CH0](=[OH0])-[OH1],212,-2.620599999999999,250.068867408,0.3177111312262628,4.334425916003241,0.0218868671678933,0.0044259160032407,12,23,-7.6,-7.3
O=C(O)[C@H]1C[C@H](O)[C@](O)(C(=O)O)[C@@H](O)[C@H]1O,CCNC(=O)[C@H]1C[C@H](O)[C@](O)(C(=O)O)[C@@H](O)[C@H]1O,[*]C(=O)O,[*]C(=O)NCC,[*:1]-[CH0](=[OH0])-[OH1]>>[*:1]-[CH0](=[OH0])-[NH1]-[CH2]-[CH3],40,-2.9591999999999983,263.10050188400004,0.3185639701327235,4.233459297760573,0.0227397060743539,-0.0965407022394266,12,24,-7.6,-6.0
O=C(O)[C@H]1C[C@H](O)[C@](O)(C(=O)O)[C@@H](O)[C@H]1O,O=C(O)[C@H]1C[C@H](O)[C@](O)(C(=O)N2CCCCC2)[C@@H](O)[C@H]1O,[*]C(=O)O,[*]C(=O)N1CCCCC1,[*:1]-[CH0](=[OH0])-[OH1]>>[*:1]-[CH0](=[OH0])-[NH0]1-[CH2]-[CH2]-[CH2]-[CH2]-[CH2]-1,29,-2.082799999999997,303.131802012,0.3942906240926393,4.056035461622709,0.0984663600342698,-0.2739645383772915,12,25,-7.6,-2.7
O=C(O)[C@H]1C[C@H](O)[C@](O)(C(=O)O)[C@@H](O)[C@H]1O,O=C(O)[C@H]1C[C@H](O)[C@](O)(C(=O)N2CCCC2)[C@@H](O)[C@H]1O,[*]C(=O)O,[*]C(=O)N1CCCC1,[*:1]-[CH0](=[OH0])-[OH1]>>[*:1]-[CH0](=[OH0])-[NH0]1-[CH2]-[CH2]-[CH2]-[CH2]-1,20,-2.472899999999997,289.11615194800004,0.3793685784722752,4.10312376762075,0.0835443144139057,-0.2268762323792499,12,26,-7.6,-4.4
O=C(O)[C@H]1C[C@H](O)[C@](O)(C(=O)O)[C@@H](O)[C@H]1O,O=C(O)[C@@]1(O)[C@@H](O)C[C@H](N2CCCCC2)[C@H](O)[C@@H]1O,[*]C(=O)O,[*]N1CCCCC1,[*:1]-[CH0](=[OH0])-[OH1]>>[*:1]-[NH0]1-[CH2]-[CH2]-[CH2]-[CH2]-[CH2]-1,10,-1.8569999999999995,275.136887392,0.4005842158275162,4.119418548128114,0.1047599517691467,-0.210581451871886,12,27,-7.6,-5.3
O=C(O)[C@H]1C[C@H](O)[C@](O)(C(=O)O)[C@@H](O)[C@H]1O,O=C(NC1CC1)[C@H]1C[C@H](O)[C@](O)(C(=O)O)[C@@H](O)[C@H]1O,[*]C(=O)O,[*]C(=O)NC1CC1,[*:1]-[CH0](=[OH0])-[OH1]>>[*:1]-[CH0](=[OH0])-[NH1]-[CH1]1-[CH2]-[CH2]-1,32,-2.816699999999998,275.10050188400004,0.3253902045055528,4.182689764306895,0.0295659404471833,-0.147310235693105,12,28,-7.6,-6.2
O=C(O)[C@H]1C[C@H](O)[C@](O)(C(=O)O)[C@@H](O)[C@H]1O,CC(=O)NC[C@H]1C[C@H](O)[C@](O)(C(=O)O)[C@@H](O)[C@H]1O,[*]C(=O)O,[*]CNC(C)=O,[*:1]-[CH0](=[OH0])-[OH1]>>[*:1]-[CH2]-[NH1]-[CH0](-[CH3])=[OH0],13,-2.9591999999999983,263.10050188400004,0.3185639701327235,4.302473344583316,0.0227397060743539,-0.0275266554166844,12,29,-7.6,-6.4
O=C(O)[C@H]1C[C@H](O)[C@](O)(C(=O)O)[C@@H](O)[C@H]1O,CC(C)(O)[C@@]1(O)[C@@H](O)C[C@H](C(=O)O)[C@H](O)[C@@H]1O,[*]C(=O)O,[*]C(C)(C)O,[*:1]-[CH0](=[OH0])-[OH1]>>[*:1]-[CH0](-[CH3])(-[CH3])-[OH1],20,-2.3244,250.105252916,0.3231017150116797,4.49087380764648,0.0272774509533102,0.1608738076464799,12,30,-7.6,-6.6
O=C(O)[C@H]1C[C@H](O)[C@](O)(C(=O)O)[C@@H](O)[C@H]1O,CC(=O)[C@H]1C[C@H](O)[C@](O)(C(=O)O)[C@@H](O)[C@H]1O,[*]C(=O)O,[*]C(C)=O,[*:1]-[CH0](=[OH0])-[OH1]>>[*:1]-[CH0](-[CH3])=[OH0],68,-2.506299999999999,234.073952788,0.3558977248533588,4.431554822033377,0.0600734607949893,0.1015548220333766,12,31,-7.6,-7.1
O=C(O)[C@H]1C[C@H](O)[C@](O)(C(=O)O)[C@@H](O)[C@H]1O,O=C(O)[C@@]1(O)[C@@H](O)C[C@H](OCCO)[C@H](O)[C@@H]1O,[*]C(=O)O,[*]OCCO,[*:1]-[CH0](=[OH0])-[OH1]>>[*:1]-[OH0]-[CH2]-[CH2]-[OH1],17,-3.3339999999999987,252.084517472,0.3041364704123522,4.435358522931196,0.0083122063539827,0.1053585229311959,12,32,-7.6,-6.7
O=C(O)[C@H]1C[C@H](O)[C@](O)(C(=O)O)[C@@H](O)[C@H]1O,O=C([C@H]1C[C@H](O)[C@](O)(C(=O)O)[C@@H](O)[C@H]1O)N1CCOCC1,[*]C(=O)O,[*]C(=O)N1CCOCC1,[*:1]-[CH0](=[OH0])-[OH1]>>[*:1]-[CH0](=[OH0])-[NH0]1-[CH2]-[CH2]-[OH0]-[CH2]-[CH2]-1,80,-3.236499999999997,305.111066568,0.3574036789529456,4.1540192528315,0.0615794148945761,-0.1759807471685004,12,33,-7.6,-4.5
O=C(O)[C@H]1C[C@H](O)[C@](O)(C(=O)O)[C@@H](O)[C@H]1O,CC(C)NC(=O)[C@H]1C[C@H](O)[C@](O)(C(=O)O)[C@@H](O)[C@H]1O,[*]C(=O)O,[*]C(=O)NC(C)C,[*:1]-[CH0](=[OH0])-[OH1]>>[*:1]-[CH0](=[OH0])-[NH1]-[CH1](-[CH3])-[CH3],30,-2.570699999999998,277.11615194800004,0.3319988991982487,4.209160290209563,0.0361746351398792,-0.1208397097904372,12,34,-7.6,-6.3
O=C(O)[C@H]1C[C@H](O)[C@](O)(C(=O)O)[C@@H](O)[C@H]1O,O=C([C@H]1C[C@H](O)[C@](O)(C(=O)O)[C@@H](O)[C@H]1O)N1CCNCC1,[*]C(=O)O,[*]C(=O)N1CCNCC1,[*:1]-[CH0](=[OH0])-[OH1]>>[*:1]-[CH0](=[OH0])-[NH0]1-[CH2]-[CH2]-[NH1]-[CH2]-[CH2]-1,11,-3.663499999999996,304.12705098,0.3053677091220088,4.2767060660183125,0.0095434450636393,-0.0532939339816875,12,35,-7.6,-4.2
O=C(O)[C@H]1C[C@H](O)[C@](O)(C(=O)O)[C@@H](O)[C@H]1O,COC(=O)[C@H]1C[C@H](O)[C@](O)(C(=O)O)[C@@H](O)[C@H]1O,[*]C(=O)O,[*]C(=O)OC,[*:1]-[CH0](=[OH0])-[OH1]>>[*:1]-[CH0](=[OH0])-[OH0]-[CH3],638,-2.922299999999999,250.068867408,0.3276081841550903,4.275354359652615,0.0317839200967208,-0.0546456403473847,12,36,-7.6,-6.5
O=C(O)[C@H]1C[C@H](O)[C@](O)(C(=O)O)[C@@H](O)[C@H]1O,O=C(O)CO[C@H]1C[C@H](O)[C@](O)(C(=O)O)[C@@H](O)[C@H]1O,[*]C(=O)O,[*]OCC(=O)O,[*:1]-[CH0](=[OH0])-[OH1]>>[*:1]-[OH0]-[CH2]-[CH0](=[OH0])-[OH1],48,-3.241699999999999,266.06378202800005,0.3063310716022177,4.340158963312412,0.0105068075438482,0.0101589633124117,12,37,-7.6,-6.8
O=C(O)[C@H]1C[C@H](O)[C@](O)(C(=O)O)[C@@H](O)[C@H]1O,O=C(O)[C@H]1C[C@H](O)[C@](O)(CN2CCOCC2)[C@@H](O)[C@H]1O,[*]C(=O)O,[*]CN1CCOCC1,[*:1]-[CH0](=[OH0])-[OH1]>>[*:1]-[CH2]-[NH0]1-[CH2]-[CH2]-[OH0]-[CH2]-[CH2]-1,19,-2.763099999999997,291.13180201200004,0.3777816669603923,4.1117047061790455,0.0819574029020228,-0.2182952938209545,12,38,-7.6,-5.0
O=C(O)[C@H]1C[C@H](O)[C@](O)(C(=O)O)[C@@H](O)[C@H]1O,CS(=O)(=O)N[C@H]1C[C@H](O)[C@](O)(C(=O)O)[C@@H](O)[C@H]1O,[*]C(=O)O,[*]NS(C)(=O)=O,[*:1]-[CH0](=[OH0])-[OH1]>>[*:1]-[NH1]-[SH0](-[CH3])(=[OH0])=[OH0],55,-3.7936999999999967,285.05183744000004,0.3071169631721454,4.469858695753884,0.0112926991137759,0.1398586957538841,12,39,-7.6,-6.0
O=C(O)[C@H]1C[C@H](O)[C@](O)(C(=O)O)[C@@H](O)[C@H]1O,NC(=O)N[C@H]1C[C@H](O)[C@](O)(C(=O)O)[C@@H](O)[C@H]1O,[*]C(=O)O,[*]NC(N)=O,[*:1]-[CH0](=[OH0])-[OH1]>>[*:1]-[NH1]-[CH0](-[NH2])=[OH0],10,-3.674599999999998,250.080100788,0.2639986020257071,4.465410531387856,-0.0318256620326624,0.1354105313878557,12,40,-7.6,-7.7
O=C(O)[C@H]1C[C@H](O)[C@](O)(C(=O)O)[C@@H](O)[C@H]1O,CN1CCN(C(=O)[C@@]2(O)[C@@H](O)C[C@H](C(=O)O)[C@H](O)[C@@H]2O)CC1,[*]C(=O)O,[*]C(=O)N1CCN(C)CC1,[*:1]-[CH0](=[OH0])-[OH1]>>[*:1]-[CH0](=[OH0])-[NH0]1-[CH2]-[CH2]-[NH0](-[CH3])-[CH2]-[CH2]-1,46,-3.321299999999995,318.1427010439999,0.35598279891649,4.106224557983207,0.0601585348581205,-0.2237754420167927,12,41,-7.6,-4.0
O=C(O)[C@H]1C[C@H](O)[C@](O)(C(=O)O)[C@@H](O)[C@H]1O,CCCNC(=O)[C@H]1C[C@H](O)[C@](O)(C(=O)O)[C@@H](O)[C@H]1O,[*]C(=O)O,[*]C(=O)NCCC,[*:1]-[CH0](=[OH0])-[OH1]>>[*:1]-[CH0](=[OH0])-[NH1]-[CH2]-[CH2]-[CH3],12,-2.569099999999997,277.11615194800004,0.3307535002946954,4.126350046881462,0.0349292362363259,-0.2036499531185382,12,42,-7.6,-6.4
O=C(O)[C@H]1C[C@H](O)[C@](O)(C(=O)O)[C@@H](O)[C@H]1O,O=C(O)CC[C@@]1(O)[C@@H](O)C[C@H](C(=O)O)[C@H](O)[C@@H]1O,[*]C(=O)O,[*]CCC(=O)O,[*:1]-[CH0](=[OH0])-[OH1]>>[*:1]-[CH2]-[CH2]-[CH0](=[OH0])-[OH1],69,-2.230499999999999,264.084517472,0.3329562997103466,4.194443244248866,0.0371320356519771,-0.1355567557511339,12,43,-7.6,-7.0
O=C(O)[C@H]1C[C@H](O)[C@](O)(C(=O)O)[C@@H](O)[C@H]1O,CC(O)[C@H]1C[C@H](O)[C@](O)(C(=O)O)[C@@H](O)[C@H]1O,[*]C(=O)O,[*]C(C)O,[*:1]-[CH0](=[OH0])-[OH1]>>[*:1]-[CH1](-[CH3])-[OH1],18,-2.7144999999999992,236.089602852,0.3061480458477971,4.596842299983457,0.0103237817894276,0.2668422999834572,12,44,-7.6,-7.1
O=C(O)[C@H]1C[C@H](O)[C@](O)(C(=O)O)[C@@H](O)[C@H]1O,O=C(O)[C@H]1C[C@H](O)[C@](O)(C(=O)NC2CCCCC2)[C@@H](O)[C@H]1O,[*]C(=O)O,[*]C(=O)NC1CCCCC1,[*:1]-[CH0](=[OH0])-[OH1]>>[*:1]-[CH0](=[OH0])-[NH1]-[CH1]1-[CH2]-[CH2]-[CH2]-[CH2]-[CH2]-1,10,-1.6463999999999983,317.147452076,0.3653947200334453,4.039864984184709,0.0695704559750758,-0.2901350158152906,12,45,-7.6,-6.5
O=C(O)[C@H]1C[C@H](O)[C@](O)(C(=O)O)[C@@H](O)[C@H]1O,CCOC(=O)[C@@]1(O)[C@@H](O)C[C@H](C(=O)O)[C@H](O)[C@@H]1O,[*]C(=O)O,[*]C(=O)OCC,[*:1]-[CH0](=[OH0])-[OH1]>>[*:1]-[CH0](=[OH0])-[OH0]-[CH2]-[CH3],288,-2.5321999999999982,264.084517472,0.3507604147944733,4.171491739232144,0.0549361507361038,-0.1585082607678556,12,46,-7.6,-6.8
O=C(O)[C@H]1C[C@H](O)[C@](O)(C(=O)O)[C@@H](O)[C@H]1O,CS(=O)(=O)NC(=O)[C@H]1C[C@H](O)[C@](O)(C(=O)O)[C@@H](O)[C@H]1O,[*]C(=O)O,[*]C(=O)NS(C)(=O)=O,[*:1]-[CH0](=[OH0])-[OH1]>>[*:1]-[CH0](=[OH0])-[NH1]-[SH0](-[CH3])(=[OH0])=[OH0],60,-4.019499999999995,313.04675206,0.3020754501868283,4.3816621420764825,0.0062511861284588,0.0516621420764824,12,47,-7.6,-6.7
O=C(O)[C@H]1C[C@H](O)[C@](O)(C(=O)O)[C@@H](O)[C@H]1O,O=C(O)[C@@]1(O)[C@@H](O)C[C@H](c2ccccc2)[C@H](O)[C@@H]1O,[*]C(=O)O,[*]c1ccccc1,[*:1]-[CH0](=[OH0])-[OH1]>>[*:1]-[cH0]1:[cH1]:[cH1]:[cH1]:[cH1]:[cH1]:1,60,-0.9277000000000002,268.094688232,0.4728442250016828,3.885106330933544,0.1770199609433133,-0.444893669066456,12,48,-7.6,-5.0
O=C(O)[C@H]1C[C@H](O)[C@](O)(C(=O)O)[C@@H](O)[C@H]1O,CC(C)(C)OC(=O)N[C@@]1(O)[C@@H](O)C[C@H](C(=O)O)[C@H](O)[C@@H]1O,[*]C(=O)O,[*]NC(=O)OC(C)(C)C,[*:1]-[CH0](=[OH0])-[OH1]>>[*:1]-[NH1]-[CH0](=[OH0])-[OH0]-[CH0](-[CH3])(-[CH3])-[CH3],15,-1.6130999999999998,307.126716632,0.3325223443207372,4.219702971471351,0.0366980802623677,-0.1102970285286488,12,49,-7.6,-5.2
O=C(O)[C@H]1C[C@H](O)[C@](O)(C(=O)O)[C@@H](O)[C@H]1O,COc1ccc([C@@]2(O)[C@@H](O)C[C@H](C(=O)O)[C@H](O)[C@@H]2O)cc1,[*]C(=O)O,[*]c1ccc(OC)cc1,[*:1]-[CH0](=[OH0])-[OH1]>>[*:1]-[cH0]1:[cH1]:[cH1]:[cH0](-[OH0]-[CH3]):[cH1]:[cH1]:1,11,-0.9300000000000004,298.105252916,0.4875669439549205,3.8430420550293034,0.191742679896551,-0.4869579449706975,12,50,-7.6,-4.8
O=C(O)[C@H]1C[C@H](O)[C@](O)(C(=O)O)[C@@H](O)[C@H]1O,NCCNC(=O)[C@H]1C[C@H](O)[C@](O)(C(=O)O)[C@@H](O)[C@H]1O,[*]C(=O)O,[*]C(=O)NCCN,[*:1]-[CH0](=[OH0])-[OH1]>>[*:1]-[CH0](=[OH0])-[NH1]-[CH2]-[CH2]-[NH2],13,-4.020399999999996,278.111400916,0.2720282537355067,4.26929039225038,-0.0237960103228627,-0.0607096077496205,12,51,-7.6,-6.6
O=C(O)[C@H]1C[C@H](O)[C@](O)(C(=O)O)[C@@H](O)[C@H]1O,CN(C)CCO[C@H]1C[C@H](O)[C@](O)(C(=O)O)[C@@H](O)[C@H]1O,[*]C(=O)O,[*]OCCN(C)C,[*:1]-[CH0](=[OH0])-[OH1]>>[*:1]-[OH0]-[CH2]-[CH2]-[NH0](-[CH3])-[CH3],14,-2.764699999999997,279.13180201200004,0.365562155459458,4.341999654416783,0.0697378914010885,0.0119996544167833,12,52,-7.6,-6.0
O=C(O)[C@H]1C[C@H](O)[C@](O)(C(=O)O)[C@@H](O)[C@H]1O,CC(C)(C(=O)O)[C@H]1C[C@H](O)[C@](O)(C(=O)O)[C@@H](O)[C@H]1O,[*]C(=O)O,[*]C(C)(C)C(=O)O,[*:1]-[CH0](=[OH0])-[OH1]>>[*:1]-[CH0](-[CH3])(-[CH3])-[CH0](=[OH0])-[OH1],12,-1.9844999999999988,278.100167536,0.3465238008654367,4.588216795937877,0.0506995368070672,0.2582167959378765,12,53,-7.6,-5.6
O=C(O)[C@H]1C[C@H](O)[C@](O)(C(=O)O)[C@@H](O)[C@H]1O,CS[C@H]1C[C@H](O)[C@](O)(C(=O)O)[C@@H](O)[C@H]1O,[*]C(=O)O,[*]SC,[*:1]-[CH0](=[OH0])-[OH1]>>[*:1]-[SH0]-[CH3],25,-1.9798999999999995,238.051109168,0.3780957806244889,4.77265144929463,0.0822715165661194,0.4426514492946296,12,54,-7.6,-6.4
O=C(O)[C@H]1C[C@H](O)[C@](O)(C(=O)O)[C@@H](O)[C@H]1O,COC(=O)C[C@@]1(O)[C@@H](O)C[C@H](C(=O)O)[C@H](O)[C@@H]1O,[*]C(=O)O,[*]CC(=O)OC,[*:1]-[CH0](=[OH0])-[OH1]>>[*:1]-[CH2]-[CH0](=[OH0])-[OH0]-[CH3],18,-2.5321999999999982,264.084517472,0.3507604147944733,4.160441906456224,0.0549361507361038,-0.1695580935437766,12,55,-7.6,-6.3
O=C(O)[C@H]1C[C@H](O)[C@](O)(C(=O)O)[C@@H](O)[C@H]1O,CONC(=O)[C@H]1C[C@H](O)[C@](O)(C(=O)O)[C@@H](O)[C@H]1O,[*]C(=O)O,[*]C(=O)NOC,[*:1]-[CH0](=[OH0])-[OH1]>>[*:1]-[CH0](=[OH0])-[NH1]-[OH0]-[CH3],13,-3.417699999999998,265.07976644,0.2879560877191974,4.526958628864252,-0.007868176339172,0.1969586288642517,12,56,-7.6,-6.3
O=C(O)[C@H]1C[C@H](O)[C@](O)(C(=O)O)[C@@H](O)[C@H]1O,O=C(O)[C@@]1(O)[C@@H](O)C[C@H](c2n[nH]c(=O)o2)[C@H](O)[C@@H]1O,[*]C(=O)O,[*]c1n[nH]c(=O)o1,[*:1]-[CH0](=[OH0])-[OH1]>>[*:1]-[cH0]1:[nH0]:[nH1]:[cH0](=[OH0]):[oH0]:1,13,-3.2513999999999985,276.059365344,0.3233630759995167,4.779731905594177,0.0275388119411472,0.4497319055941773,12,57,-7.6,-6.8
O=C(O)[C@H]1C[C@H](O)[C@](O)(C(=O)O)[C@@H](O)[C@H]1O,CCN(CC)C(=O)[C@H]1C[C@H](O)[C@](O)(C(=O)O)[C@@H](O)[C@H]1O,[*]C(=O)O,[*]C(=O)N(CC)CC,[*:1]-[CH0](=[OH0])-[OH1]>>[*:1]-[CH0](=[OH0])-[NH0](-[CH2]-[CH3])-[CH2]-[CH3],26,-2.226899999999998,291.13180201200004,0.3949629717589086,4.248869110402274,0.0991387077005391,-0.081130889597726,12,58,-7.6,-4.4
O=C(O)[C@H]1C[C@H](O)[C@](O)(C(=O)O)[C@@H](O)[C@H]1O,O=C(O)CNC(=O)[C@@]1(O)[C@@H](O)C[C@H](C(=O)O)[C@H](O)[C@@H]1O,[*]C(=O)O,[*]C(=O)NCC(=O)O,[*:1]-[CH0](=[OH0])-[OH1]>>[*:1]-[CH0](=[OH0])-[NH1]-[CH2]-[CH0](=[OH0])-[OH1],23,-3.894499999999996,293.07468106,0.2719180953332178,4.182950558366076,-0.0239061687251516,-0.147049441633924,12,59,-7.6,-6.5
O=C(O)[C@H]1C[C@H](O)[C@](O)(C(=O)O)[C@@H](O)[C@H]1O,O=C(O)[C@@]1(O)[C@@H](O)C[C@H](c2ccccn2)[C@H](O)[C@@H]1O,[*]C(=O)O,[*]c1ccccn1,[*:1]-[CH0](=[OH0])-[OH1]>>[*:1]-[cH0]1:[cH1]:[cH1]:[cH1]:[cH1]:[nH0]:1,12,-1.5327000000000002,269.0899372,0.4397534580483406,4.20897058432721,0.1439291939899711,-0.1210294156727904,12,60,-7.6,-4.5
O=C(O)[C@H]1C[C@H](O)[C@](O)(C(=O)O)[C@@H](O)[C@H]1O,CN(C)CCNC(=O)[C@@]1(O)[C@@H](O)C[C@H](C(=O)O)[C@H](O)[C@@H]1O,[*]C(=O)O,[*]C(=O)NCCN(C)C,[*:1]-[CH0](=[OH0])-[OH1]>>[*:1]-[CH0](=[OH0])-[NH1]-[CH2]-[CH2]-[NH0](-[CH3])-[CH3],35,-3.4174999999999955,306.142701044,0.3072454177978631,4.16791458250183,0.0114211537394936,-0.1620854174981705,12,61,-7.6,-6.3
O=C(O)[C@H]1C[C@H](O)[C@](O)(C(=O)O)[C@@H](O)[C@H]1O,O=C(O)[C@H]1C[C@H](O)[C@](O)(C(=O)NS(=O)(=O)C2CC2)[C@@H](O)[C@H]1O,[*]C(=O)O,[*]C(=O)NS(=O)(=O)C1CC1,[*:1]-[CH0](=[OH0])-[OH1]>>[*:1]-[CH0](=[OH0])-[NH1]-[SH0](=[OH0])(=[OH0])-[CH1]1-[CH2]-[CH2]-1,14,-3.486899999999998,339.062402124,0.3027104096351839,4.312060253322352,0.0068861455768144,-0.0179397466776478,12,62,-7.6,-6.0
O=C(O)[C@H]1C[C@H](O)[C@](O)(C(=O)O)[C@@H](O)[C@H]1O,CC(C)OC(=O)[C@H]1C[C@H](O)[C@](O)(C(=O)O)[C@@H](O)[C@H]1O,[*]C(=O)O,[*]C(=O)OC(C)C,[*:1]-[CH0](=[OH0])-[OH1]>>[*:1]-[CH0](=[OH0])-[OH0]-[CH1](-[CH3])-[CH3],20,-2.1436999999999986,278.100167536,0.3676010288199342,4.287662213286486,0.0717767647615647,-0.0423377867135137,12,63,-7.6,-6.2
O=C(O)[C@H]1C[C@H](O)[C@](O)(C(=O)O)[C@@H](O)[C@H]1O,O=C(O)[C@@]1(O)[C@@H](O)C[C@H](c2nn[nH]n2)[C@H](O)[C@@H]1O,[*]C(=O)O,[*]c1nn[nH]n1,[*:1]-[CH0](=[OH0])-[OH1]>>[*:1]-[cH0]1:[nH0]:[nH0]:[nH1]:[nH0]:1,115,-3.414599999999999,260.075684104,0.3162816159347972,4.673929657292344,0.0204573518764277,0.3439296572923442,12,64,-7.6,-6.8
O=C(O)[C@H]1C[C@H](O)[C@](O)(C(=O)O)[C@@H](O)[C@H]1O,O=C(OCCO)[C@H]1C[C@H](O)[C@](O)(C(=O)O)[C@@H](O)[C@H]1O,[*]C(=O)O,[*]C(=O)OCCO,[*:1]-[CH0](=[OH0])-[OH1]>>[*:1]-[CH0](=[OH0])-[OH0]-[CH2]-[CH2]-[OH1],10,-3.5597999999999983,280.079432092,0.2856670692689212,4.301238272941118,-0.0101571947894482,-0.0287617270588818,12,65,-7.6,-6.3
O=C(O)[C@H]1C[C@H](O)[C@](O)(C(=O)O)[C@@H](O)[C@H]1O,COC(=O)CNC(=O)[C@@]1(O)[C@@H](O)C[C@H](C(=O)O)[C@H](O)[C@@H]1O,[*]C(=O)O,[*]C(=O)NCC(=O)OC,[*:1]-[CH0](=[OH0])-[OH1]>>[*:1]-[CH0](=[OH0])-[NH1]-[CH2]-[CH0](=[OH0])-[OH0]-[CH3],13,-3.806099999999996,307.090331124,0.2844417148463994,4.148135095322342,-0.01138254921197,-0.1818649046776581,12,66,-7.6,-6.5
O=C(O)[C@H]1C[C@H](O)[C@](O)(C(=O)O)[C@@H](O)[C@H]1O,O=C(O)[C@@]1(O)[C@@H](O)C[C@H](Oc2ccccc2)[C@H](O)[C@@H]1O,[*]C(=O)O,[*]Oc1ccccc1,[*:1]-[CH0](=[OH0])-[OH1]>>[*:1]-[OH0]-[cH0]1:[cH1]:[cH1]:[cH1]:[cH1]:[cH1]:1,20,-1.2639000000000002,284.089602852,0.4683066011082747,3.916158552332893,0.1724823370499053,-0.4138414476671066,12,67,-7.6,-5.6
O=C(O)[C@H]1C[C@H](O)[C@](O)(C(=O)O)[C@@H](O)[C@H]1O,O=C(O)CCC[C@@]1(O)[C@@H](O)C[C@H](C(=O)O)[C@H](O)[C@@H]1O,[*]C(=O)O,[*]CCCC(=O)O,[*:1]-[CH0](=[OH0])-[OH1]>>[*:1]-[CH2]-[CH2]-[CH2]-[CH0](=[OH0])-[OH1],15,-1.8403999999999996,278.100167536,0.3424221910302596,4.128034191308464,0.0465979269718901,-0.2019658086915363,12,68,-7.6,-6.1
O=C(O)[C@H]1C[C@H](O)[C@](O)(C(=O)O)[C@@H](O)[C@H]1O,CC(C)(C)OC(=O)[C@@]1(O)[C@@H](O)C[C@H](C(=O)O)[C@H](O)[C@@H]1O,[*]C(=O)O,[*]C(=O)OC(C)(C)C,[*:1]-[CH0](=[OH0])-[OH1]>>[*:1]-[CH0](=[OH0])-[OH0]-[CH0](-[CH3])(-[CH3])-[CH3],25,-1.7535999999999987,292.1158176,0.3766104687613464,4.211304603614945,0.0807862047029769,-0.1186953963850552,12,69,-7.6,-4.4
O=C(O)[C@H]1C[C@H](O)[C@](O)(C(=O)O)[C@@H](O)[C@H]1O,CC(C(=O)O)[C@H]1C[C@H](O)[C@](O)(C(=O)O)[C@@H](O)[C@H]1O,[*]C(=O)O,[*]C(C)C(=O)O,[*:1]-[CH0](=[OH0])-[OH1]>>[*:1]-[CH1](-[CH3])-[CH0](=[OH0])-[OH1],12,-2.374599999999999,264.084517472,0.3299898124163832,4.552083481396271,0.0341655483580137,0.2220834813962708,12,70,-7.6,-7.2
O=C(O)[C@H]1C[C@H](O)[C@](O)(C(=O)O)[C@@H](O)[C@H]1O,O=C(O)[C@H]1C[C@H](O)[C@](O)(c2cccs2)[C@@H](O)[C@H]1O,[*]C(=O)O,[*]c1cccs1,[*:1]-[CH0](=[OH0])-[OH1]>>[*:1]-[cH0]1:[cH1]:[cH1]:[cH1]:[sH0]:1,10,-0.8771000000000002,274.051109168,0.4779163213775409,4.3087979265231136,0.1820920573191714,-0.0212020734768865,12,71,-7.6,-5.9
O=C(O)[C@H]1C[C@H](O)[C@](O)(C(=O)O)[C@@H](O)[C@H]1O,O=C(NCCO)[C@H]1C[C@H](O)[C@](O)(C(=O)O)[C@@H](O)[C@H]1O,[*]C(=O)O,[*]C(=O)NCCO,[*:1]-[CH0](=[OH0])-[OH1]>>[*:1]-[CH0](=[OH0])-[NH1]-[CH2]-[CH2]-[OH1],48,-3.986799999999997,279.095416504,0.2731407444303571,4.223038586912859,-0.0226835196280124,-0.1069614130871414,12,72,-7.6,-6.6
O=C(O)[C@H]1C[C@H](O)[C@](O)(C(=O)O)[C@@H](O)[C@H]1O,COCCNC(=O)[C@@]1(O)[C@@H](O)C[C@H](C(=O)O)[C@H](O)[C@@H]1O,[*]C(=O)O,[*]C(=O)NCCOC,[*:1]-[CH0](=[OH0])-[OH1]>>[*:1]-[CH0](=[OH0])-[NH1]-[CH2]-[CH2]-[OH0]-[CH3],26,-3.332699999999997,293.111066568,0.2872801567123878,4.134449183496601,-0.0085441073459816,-0.195550816503399,12,73,-7.6,-6.1
O=C(O)[C@H]1C[C@H](O)[C@](O)(C(=O)O)[C@@H](O)[C@H]1O,O=C(OCc1ccccc1)[C@H]1C[C@H](O)[C@](O)(C(=O)O)[C@@H](O)[C@H]1O,[*]C(=O)O,[*]C(=O)OCc1ccccc1,[*:1]-[CH0](=[OH0])-[OH1]>>[*:1]-[CH0](=[OH0])-[OH0]-[CH2]-[cH0]1:[cH1]:[cH1]:[cH1]:[cH1]:[cH1]:1,26,-1.3519000000000003,326.100167536,0.4270437131786825,3.823398079956646,0.131219449120313,-0.5066019200433542,12,74,-7.6,-6.5
O=C(O)[C@H]1C[C@H](O)[C@](O)(C(=O)O)[C@@H](O)[C@H]1O,O=C(O)[C@H]1C[C@H](O)[C@](O)(c2nnn[nH]2)[C@@H](O)[C@H]1O,[*]C(=O)O,[*]c1nnn[nH]1,[*:1]-[CH0](=[OH0])-[OH1]>>[*:1]-[cH0]1:[nH0]:[nH0]:[nH0]:[nH1]:1,179,-3.425499999999999,260.075684104,0.3161196874902179,4.821466195753883,0.0202954234318484,0.4914661957538833,12,75,-7.6,-7.3
O=C(O)[C@H]1C[C@H](O)[C@](O)(C(=O)O)[C@@H](O)[C@H]1O,O=C(O)[C@H]1C[C@H](O)[C@](O)(C(=O)NCCN2CCOCC2)[C@@H](O)[C@H]1O,[*]C(=O)O,[*]C(=O)NCCN1CCOCC1,[*:1]-[CH0](=[OH0])-[OH1]>>[*:1]-[CH0](=[OH0])-[NH1]-[CH2]-[CH2]-[NH0]1-[CH2]-[CH2]-[OH0]-[CH2]-[CH2]-1,24,-3.646899999999996,348.1532657279999,0.2943502762849865,4.058142345941336,-0.0014739877733829,-0.2718576540586639,12,76,-7.6,-6.3
O=C(O)[C@H]1C[C@H](O)[C@](O)(C(=O)O)[C@@H](O)[C@H]1O,COCCO[C@@]1(O)[C@@H](O)C[C@H](C(=O)O)[C@H](O)[C@@H]1O,[*]C(=O)O,[*]OCCOC,[*:1]-[CH0](=[OH0])-[OH1]>>[*:1]-[OH0]-[CH2]-[CH2]-[OH0]-[CH3],12,-2.474799999999998,266.100167536,0.2724893130753945,4.3174647841335885,-0.0233349509829749,-0.0125352158664115,12,77,-7.6,-4.9
O=C(O)[C@H]1C[C@H](O)[C@](O)(C(=O)O)[C@@H](O)[C@H]1O,O=C(O)[C@@]1(O)[C@@H](O)C[C@H](c2cccnc2)[C@H](O)[C@@H]1O,[*]C(=O)O,[*]c1cccnc1,[*:1]-[CH0](=[OH0])-[OH1]>>[*:1]-[cH0]1:[cH1]:[cH1]:[cH1]:[nH0]:[cH1]:1,15,-1.5327000000000002,269.0899372,0.4397534580483406,4.155103616001418,0.1439291939899711,-0.1748963839985817,12,78,-7.6,-6.6
O=C(O)[C@H]1C[C@H](O)[C@](O)(C(=O)O)[C@@H](O)[C@H]1O,O=C(O)[C@H]1C[C@H](O)[C@](O)(C(=O)Nc2ccccc2)[C@@H](O)[C@H]1O,[*]C(=O)O,[*]C(=O)Nc1ccccc1,[*:1]-[CH0](=[OH0])-[OH1]>>[*:1]-[CH0](=[OH0])-[NH1]-[cH0]1:[cH1]:[cH1]:[cH1]:[cH1]:[cH1]:1,24,-1.4566000000000006,311.100501884,0.3996843164067199,3.810598491355504,0.1038600523483504,-0.5194015086444956,12,79,-7.6,-6.5
O=C(O)[C@H]1C[C@H](O)[C@](O)(C(=O)O)[C@@H](O)[C@H]1O,O=C(O)[C@H]1C[C@H](O)[C@](O)(c2ccncc2)[C@@H](O)[C@H]1O,[*]C(=O)O,[*]c1ccncc1,[*:1]-[CH0](=[OH0])-[OH1]>>[*:1]-[cH0]1:[cH1]:[cH1]:[nH0]:[cH1]:[cH1]:1,13,-1.5436000000000003,269.0899372,0.4392525660666842,4.1749850639652175,0.1434283020083147,-0.1550149360347825,12,80,-7.6,-4.4
O=C(O)[C@H]1C[C@H](O)[C@](O)(C(=O)O)[C@@H](O)[C@H]1O,O=C(N[C@@]1(O)[C@@H](O)C[C@H](C(=O)O)[C@H](O)[C@@H]1O)c1ccccc1,[*]C(=O)O,[*]NC(=O)c1ccccc1,[*:1]-[CH0](=[OH0])-[OH1]>>[*:1]-[NH1]-[CH0](=[OH0])-[cH0]1:[cH1]:[cH1]:[cH1]:[cH1]:[cH1]:1,11,-1.7077999999999998,311.100501884,0.3642393006648348,3.849635257978712,0.0684150366064653,-0.4803647420212886,12,81,-7.6,-5.5
O=C(O)[C@H]1C[C@H](O)[C@](O)(C(=O)O)[C@@H](O)[C@H]1O,O=C(O)[C@H]1C[C@H](O)[C@](O)(NS(=O)(=O)C(F)(F)F)[C@@H](O)[C@H]1O,[*]C(=O)O,[*]NS(=O)(=O)C(F)(F)F,[*:1]-[CH0](=[OH0])-[OH1]>>[*:1]-[NH1]-[SH0](=[OH0])(=[OH0])-[CH0](-[FH0])(-[FH0])-[FH0],13,-2.6985999999999994,339.023572004,0.3023660852643919,4.540343872442659,0.0065418212060224,0.2103438724426585,12,82,-7.6,-7.4
O=C(O)[C@H]1C[C@H](O)[C@](O)(C(=O)O)[C@@H](O)[C@H]1O,O=C(O)[C@@]1(O)[C@@H](O)C[C@H](c2noc(=O)[nH]2)[C@H](O)[C@@H]1O,[*]C(=O)O,[*]c1noc(=O)[nH]1,[*:1]-[CH0](=[OH0])-[OH1]>>[*:1]-[cH0]1:[nH0]:[oH0]:[cH0](=[OH0]):[nH1]:1,30,-3.2513999999999985,276.059365344,0.3233630759995167,5.000209751748024,0.0275388119411472,0.6702097517480237,12,83,-7.6,-6.6
O=C(O)[C@H]1C[C@H](O)[C@](O)(C(=O)O)[C@@H](O)[C@H]1O,O=C(O)[C@H]1C[C@H](O)[C@](O)(C(=O)NCc2ccccc2)[C@@H](O)[C@H]1O,[*]C(=O)O,[*]C(=O)NCc1ccccc1,[*:1]-[CH0](=[OH0])-[OH1]>>[*:1]-[CH0](=[OH0])-[NH1]-[CH2]-[cH0]1:[cH1]:[cH1]:[cH1]:[cH1]:[cH1]:1,32,-1.7788999999999993,325.116151948,0.3833798829947734,3.772584928591881,0.0875556189364039,-0.5574150714081192,12,84,-7.6,-5.5
O=C(O)[C@H]1C[C@H](O)[C@](O)(C(=O)O)[C@@H](O)[C@H]1O,O=C(O)[C@H]1C[C@H](O)[C@](O)(OCc2ccccc2)[C@@H](O)[C@H]1O,[*]C(=O)O,[*]OCc1ccccc1,[*:1]-[CH0](=[OH0])-[OH1]>>[*:1]-[OH0]-[CH2]-[cH0]1:[cH1]:[cH1]:[cH1]:[cH1]:[cH1]:1,17,-0.9210000000000004,298.105252916,0.4547507363540114,3.889547780882397,0.1589264722956419,-0.4404522191176028,12,85,-7.6,-5.9
O=C(O)[C@H]1C[C@H](O)[C@](O)(C(=O)O)[C@@H](O)[C@H]1O,CCCCNC(=O)[C@@]1(O)[C@@H](O)C[C@H](C(=O)O)[C@H](O)[C@@H]1O,[*]C(=O)O,[*]C(=O)NCCCC,[*:1]-[CH0](=[OH0])-[OH1]>>[*:1]-[CH0](=[OH0])-[NH1]-[CH2]-[CH2]-[CH2]-[CH3],10,-2.178999999999998,291.13180201200004,0.3155047108081179,4.074508650952222,0.0196804467497484,-0.2554913490477783,12,86,-7.6,-5.8
O=C(O)[C@H]1C[C@H](O)[C@](O)(C(=O)O)[C@@H](O)[C@H]1O,CN(C)CCCNC(=O)[C@@]1(O)[C@@H](O)C[C@H](C(=O)O)[C@H](O)[C@@H]1O,[*]C(=O)O,[*]C(=O)NCCCN(C)C,[*:1]-[CH0](=[OH0])-[OH1]>>[*:1]-[CH0](=[OH0])-[NH1]-[CH2]-[CH2]-[CH2]-[NH0](-[CH3])-[CH3],28,-3.027399999999995,320.1583511079999,0.2829138018446781,4.121748165410264,-0.0129104622136913,-0.2082518345897366,12,87,-7.6,-6.7
O=C(O)[C@H]1C[C@H](O)[C@](O)(C(=O)O)[C@@H](O)[C@H]1O,O=C(O)[C@H]1C[C@H](O)[C@](O)(C(=O)NO)[C@@H](O)[C@H]1O,[*]C(=O)O,[*]C(=O)NO,[*:1]-[CH0](=[OH0])-[OH1]>>[*:1]-[CH0](=[OH0])-[NH1]-[OH1],63,-3.5899,251.064116376,0.1950291751571138,4.431567955359233,-0.1007950889012556,0.1015679553592328,12,88,-7.6,-7.6
O=C(O)[C@H]1C[C@H](O)[C@](O)(C(=O)O)[C@@H](O)[C@H]1O,NNC(=O)[C@H]1C[C@H](O)[C@](O)(C(=O)O)[C@@H](O)[C@H]1O,[*]C(=O)O,[*]C(=O)NN,[*:1]-[CH0](=[OH0])-[OH1]>>[*:1]-[CH0](=[OH0])-[NH1]-[NH2],12,-4.105399999999997,250.080100788,0.146917602380237,4.485667776468357,-0.1489066616781324,0.1556677764683565,12,89,-7.6,-8.0
NC(=O)NCCP(=O)(O)O,CCNCCP(=O)(O)O,[*]C(N)=O,[*]CC,[*:1]-[CH0](-[NH2])=[OH0]>>[*:1]-[CH2]-[CH3],15,-0.2264,153.055479874,0.3852710724065425,2.884971819934588,-0.012237918677653,-0.0050281800654117,13,0,-6.6,-5.7
NC(=O)NCCP(=O)(O)O,CC(=O)NCCP(=O)(O)O,[*]C(N)=O,[*]C(C)=O,[*:1]-[CH0](-[NH2])=[OH0]>>[*:1]-[CH0](-[CH3])=[OH0],130,-0.6998000000000001,167.03474443,0.4848701591301789,2.679245982060129,0.0873611680459833,-0.2107540179398705,13,1,-6.6,-6.1
NC(=O)NCCP(=O)(O)O,NC(=O)CCCP(=O)(O)O,[*]N[*],[*]C[*],[*:1]-[NH1]-[*:2]>>[*:1]-[CH2]-[*:2],77,-0.5704000000000002,167.03474443000002,0.4877463508253899,2.754209058983207,0.0902373597411943,-0.1357909410167925,13,2,-6.6,-6.4
NC(=O)NCCP(=O)(O)O,NC(=O)CCCP(=O)(O)O,[*]N[*],[*]C[*],[*:1]-[NH1]-[*:2]>>[*:1]-[CH2]-[*:2],77,-0.5704,167.03474443,0.48774635082539,2.754209058983207,0.0902373597411944,-0.1357909410167925,13,3,-6.6,-6.4
NC(=O)NCCP(=O)(O)O,NC(=O)CCCCP(=O)(O)O,[*]N[*],[*]CC[*],[*:1]-[NH1]-[*:2]>>[*:1]-[CH2]-[CH2]-[*:2],11,-0.1802999999999999,181.050394494,0.4041438824474734,2.5660398967367914,0.0066348913632778,-0.3239601032632082,13,4,-6.6,-6.6
NC(=O)NCCP(=O)(O)O,NC(=O)CCCCP(=O)(O)O,[*]N[*],[*]CC[*],[*:1]-[NH1]-[*:2]>>[*:1]-[CH2]-[CH2]-[*:2],11,-0.1802999999999999,181.050394494,0.4041438824474734,2.5660398967367914,0.0066348913632778,-0.3239601032632082,13,5,-6.6,-6.7
NC(=O)NCCP(=O)(O)O,NC(=O)OCCP(=O)(O)O,[*]N[*],[*]O[*],[*:1]-[NH1]-[*:2]>>[*:1]-[OH0]-[*:2],1876,-0.7405999999999999,169.014008986,0.4816327831606273,2.9735376743678223,0.0841237920764317,0.0835376743678226,13,6,-6.6,-6.3
NC(=O)NCCP(=O)(O)O,NC(=O)OCCP(=O)(O)O,[*]N[*],[*]O[*],[*:1]-[NH1]-[*:2]>>[*:1]-[OH0]-[*:2],1876,-0.7405999999999999,169.014008986,0.4816327831606273,2.9735376743678223,0.0841237920764317,0.0835376743678226,13,7,-6.6,-6.2
NC(=O)NCCP(=O)(O)O,NC(=O)NC(=O)CCP(=O)(O)O,[*]N[*],[*]NC([*])=O,[*:1]-[NH1]-[*:2]>>[*:1]-[NH1]-[CH0](-[*:2])=[OH0],131,-1.2509,196.024908018,0.4187207977168538,2.757921561407839,0.0212118066326582,-0.1320784385921607,13,8,-6.6,-6.8
NC(=O)NCCP(=O)(O)O,NC(=O)C(=O)NCCP(=O)(O)O,[*]N[*],[*]NC([*])=O,[*:1]-[NH1]-[*:2]>>[*:1]-[NH1]-[CH0](-[*:2])=[OH0],131,-2.2344,196.024908018,0.2993962593563024,2.8389723306386063,-0.0981127317278931,-0.0510276693613933,13,9,-6.6,-6.8
NC(=O)NCCP(=O)(O)O,COC(=O)NCCP(=O)(O)O,[*]C(N)=O,[*]C(=O)OC,[*:1]-[CH0](-[NH2])=[OH0]>>[*:1]-[CH0](=[OH0])-[OH0]-[CH3],38,-0.4799000000000001,183.02965905,0.5133109631612014,2.671883852780745,0.1158019720770058,-0.2181161472192547,13,10,-6.6,-5.7
NC(=O)NCCP(=O)(O)O,CN(CCP(=O)(O)O)C(N)=O,[*]N[*],[*]N([*])C,[*:1]-[NH1]-[*:2]>>[*:1]-[NH0](-[*:2])-[CH3],2052,-0.8253999999999999,182.045643462,0.4954421449127247,3.0583746952715885,0.0979331538285291,0.1683746952715887,13,11,-6.6,-6.7
NC(=O)NCCP(=O)(O)O,CN(CCP(=O)(O)O)C(N)=O,[*]N[*],[*]N([*])C,[*:1]-[NH1]-[*:2]>>[*:1]-[NH0](-[*:2])-[CH3],2052,-0.8253999999999999,182.045643462,0.4954421449127247,3.0583746952715885,0.0979331538285291,0.1683746952715887,13,12,-6.6,-6.7
NC(=O)NCCP(=O)(O)O,CNC(=O)NCCP(=O)(O)O,[*]C(N)=O,[*]C(=O)NC,[*:1]-[CH0](-[NH2])=[OH0]>>[*:1]-[CH0](=[OH0])-[NH1]-[CH3],54,-0.9069,182.045643462,0.4245642484820441,2.780823413220308,0.0270552573978485,-0.1091765867796921,13,13,-6.6,-6.8
NC(=O)NCCP(=O)(O)O,CN(C)C(=O)NCCP(=O)(O)O,[*]C(N)=O,[*]C(=O)N(C)C,[*:1]-[CH0](-[NH2])=[OH0]>>[*:1]-[CH0](=[OH0])-[NH0](-[CH3])-[CH3],23,-0.5647000000000001,196.061293526,0.5273426331832709,2.8115984844847617,0.1298336420990753,-0.078401515515238,13,14,-6.6,-5.4
NC(=O)NCCP(=O)(O)O,NC(=O)OCCCP(=O)(O)O,[*]N[*],[*]OC[*],[*:1]-[NH1]-[*:2]>>[*:1]-[OH0]-[CH2]-[*:2],105,-0.3505,183.02965905,0.4071872580865175,2.801028907725801,0.0096782670023219,-0.0889710922741988,13,15,-6.6,-6.4
NC(=O)NCCP(=O)(O)O,NC(=O)COCCP(=O)(O)O,[*]N[*],[*]OC[*],[*:1]-[NH1]-[*:2]>>[*:1]-[OH0]-[CH2]-[*:2],105,-1.334,183.02965905,0.3608440536860526,2.9018833033301963,-0.0366649373981429,0.0118833033301966,13,16,-6.6,-6.2
NC(=O)NCCP(=O)(O)O,CS(=O)(=O)NCCP(=O)(O)O,[*]C(N)=O,[*]S(C)(=O)=O,[*:1]-[CH0](-[NH2])=[OH0]>>[*:1]-[SH0](-[CH3])(=[OH0])=[OH0],59,-1.2867,203.00173005,0.4931897552688049,2.912282387579282,0.0956807641846093,0.0222823875792821,13,17,-6.6,-6.4
NC(=O)NCCP(=O)(O)O,O=C(CO)NCCP(=O)(O)O,[*]C(N)=O,[*]C(=O)CO,[*:1]-[CH0](-[NH2])=[OH0]>>[*:1]-[CH0](=[OH0])-[CH2]-[OH1],26,-1.7274000000000005,183.02965905,0.3873716609122442,2.7976316549785487,-0.0101373301719513,-0.0923683450214509,13,18,-6.6,-6.6
NC(=O)NCCP(=O)(O)O,CCOC(=O)NCCP(=O)(O)O,[*]C(N)=O,[*]C(=O)OCC,[*:1]-[CH0](-[NH2])=[OH0]>>[*:1]-[CH0](=[OH0])-[OH0]-[CH2]-[CH3],13,-0.0897999999999999,197.045309114,0.5471225454526946,2.547064142053,0.149613554368499,-0.3429358579470003,13,19,-6.6,-6.3
NC(=O)NCCP(=O)(O)O,NCC(=O)NCCP(=O)(O)O,[*]C(N)=O,[*]C(=O)CN,[*:1]-[CH0](-[NH2])=[OH0]>>[*:1]-[CH0](=[OH0])-[CH2]-[NH2],11,-1.761,182.045643462,0.3845026953952538,2.7674717648686578,-0.0130062956889417,-0.1225282351313419,13,20,-6.6,-6.5
NC(=O)NCCP(=O)(O)O,CCNC(=O)NCCP(=O)(O)O,[*]C(N)=O,[*]C(=O)NCC,[*:1]-[CH0](-[NH2])=[OH0]>>[*:1]-[CH0](=[OH0])-[NH1]-[CH2]-[CH3],29,-0.5168,196.061293526,0.4546054074361158,2.601528658182032,0.0570964163519202,-0.2884713418179681,13,21,-6.6,-6.8
NC(=O)NCCP(=O)(O)O,NC(=O)CNCCP(=O)(O)O,[*]N[*],[*]NC[*],[*:1]-[NH1]-[*:2]>>[*:1]-[NH1]-[CH2]-[*:2],1418,-1.7609999999999997,182.045643462,0.296912211660824,2.902852534099427,-0.1005967794233715,0.0128525340994274,13,22,-6.6,-6.3
NC(=O)NCCP(=O)(O)O,NC(=O)NCCCP(=O)(O)O,[*]N[*],[*]NC[*],[*:1]-[NH1]-[*:2]>>[*:1]-[NH1]-[CH2]-[*:2],1418,-0.7775000000000001,182.045643462,0.3371582576664216,2.693874512121406,-0.0603507334177739,-0.1961254878785938,13,23,-6.6,-6.5
NC(=O)NCCP(=O)(O)O,O=P(O)(O)CCNCCO,[*]C(N)=O,[*]CCO,[*:1]-[CH0](-[NH2])=[OH0]>>[*:1]-[CH2]-[CH2]-[OH1],18,-1.254,169.050394494,0.3046472294665397,2.898149840048294,-0.0928617616176558,0.0081498400482944,13,24,-6.6,-5.6
NC(=O)NCCP(=O)(O)O,O=C(NCCP(=O)(O)O)N1CCOCC1,[*]C(N)=O,[*]C(=O)N1CCOCC1,[*:1]-[CH0](-[NH2])=[OH0]>>[*:1]-[CH0](=[OH0])-[NH0]1-[CH2]-[CH2]-[OH0]-[CH2]-[CH2]-1,17,-0.7940999999999998,238.07185821,0.5592290844410003,2.5238434377532606,0.1617200933568047,-0.3661565622467391,13,25,-6.6,-6.8
NC(=O)NCCP(=O)(O)O,CN(CCP(=O)(O)O)CC(N)=O,[*]N[*],[*]N(C)C[*],[*:1]-[NH1]-[*:2]>>[*:1]-[NH0](-[CH3])-[CH2]-[*:2],69,-1.4187999999999996,196.061293526,0.4680293482167511,2.947927715253991,0.0705203571325555,0.0579277152539914,13,26,-6.6,-7.0
NC(=O)NCCP(=O)(O)O,CN(CCP(=O)(O)O)CC(N)=O,[*]N[*],[*]N(C)C[*],[*:1]-[NH1]-[*:2]>>[*:1]-[NH0](-[CH3])-[CH2]-[*:2],69,-1.4187999999999996,196.061293526,0.4680293482167511,2.947927715253991,0.0705203571325555,0.0579277152539914,13,27,-6.6,-6.9
NC(=O)NCCP(=O)(O)O,NC(=O)C(=O)CCP(=O)(O)O,[*]N[*],[*]C([*])=O,[*:1]-[NH1]-[*:2]>>[*:1]-[CH0](-[*:2])=[OH0],41,-1.3914,181.014008986,0.3641170695783249,3.163431105527999,-0.0333919215058706,0.2734311055279992,13,28,-6.6,-6.6
NC(=O)NCCP(=O)(O)O,NC(=O)C(=O)CCP(=O)(O)O,[*]N[*],[*]C([*])=O,[*:1]-[NH1]-[*:2]>>[*:1]-[CH0](-[*:2])=[OH0],41,-1.3914000000000002,181.014008986,0.3641170695783249,3.163431105527999,-0.0333919215058706,0.2734311055279992,13,29,-6.6,-6.7
NC(=O)NCCP(=O)(O)O,NC(=O)CNCCP(=O)(O)O,[*]C(N)=O,[*]CC(N)=O,[*:1]-[CH0](-[NH2])=[OH0]>>[*:1]-[CH2]-[CH0](-[NH2])=[OH0],10,-1.761,182.045643462,0.296912211660824,2.902852534099427,-0.1005967794233715,0.0128525340994274,13,30,-6.6,-6.4
NC(=O)NCCP(=O)(O)O,NC(=O)OC(=O)NCCP(=O)(O)O,[*]N[*],[*]OC(=O)N[*],[*:1]-[NH1]-[*:2]>>[*:1]-[OH0]-[CH0](=[OH0])-[NH1]-[*:2],45,-1.031,212.019822638,0.3480362860570227,3.0940411486102253,-0.0494727050271728,0.2040411486102256,13,31,-6.6,-6.6
NC(=O)NCCP(=O)(O)O,NC(=O)OC(=O)NCCP(=O)(O)O,[*]N[*],[*]OC(=O)N[*],[*:1]-[NH1]-[*:2]>>[*:1]-[OH0]-[CH0](=[OH0])-[NH1]-[*:2],45,-1.031,212.019822638,0.3480362860570227,3.0940411486102253,-0.0494727050271728,0.2040411486102256,13,32,-6.6,-6.6
NC(=O)NCCP(=O)(O)O,NC(=O)CC(=O)NCCP(=O)(O)O,[*]N[*],[*]NC(=O)C[*],[*:1]-[NH1]-[*:2]>>[*:1]-[NH1]-[CH0](=[OH0])-[CH2]-[*:2],10,-1.8443,210.040558082,0.31252126518728,2.801920868889944,-0.0849877258969155,-0.0880791311100557,13,33,-6.6,-6.4
NC(=O)NCCP(=O)(O)O,NC(=O)NC(=O)CCCP(=O)(O)O,[*]N[*],[*]NC(=O)C[*],[*:1]-[NH1]-[*:2]>>[*:1]-[NH1]-[CH0](=[OH0])-[CH2]-[*:2],10,-0.8608000000000007,210.040558082,0.4482964561206596,2.6578663234354,0.050787465036464,-0.2321336765646,13,34,-6.6,-7.3
NC(=O)NCCP(=O)(O)O,CCN(CCP(=O)(O)O)C(N)=O,[*]N[*],[*]N([*])CC,[*:1]-[NH1]-[*:2]>>[*:1]-[NH0](-[*:2])-[CH2]-[CH3],549,-0.4352999999999999,196.061293526,0.5301307346171403,3.055600022946299,0.1326217435329447,0.1656000229462995,13,35,-6.6,-7.0
NC(=O)NCCP(=O)(O)O,CCN(CCP(=O)(O)O)C(N)=O,[*]N[*],[*]N([*])CC,[*:1]-[NH1]-[*:2]>>[*:1]-[NH0](-[*:2])-[CH2]-[CH3],549,-0.4352999999999998,196.061293526,0.5301307346171403,3.055600022946299,0.1326217435329447,0.1656000229462995,13,36,-6.6,-7.1
NC(=O)NCCP(=O)(O)O,NC(=O)CCOCCP(=O)(O)O,[*]N[*],[*]OCC[*],[*:1]-[NH1]-[*:2]>>[*:1]-[OH0]-[CH2]-[CH2]-[*:2],17,-0.9439000000000002,197.045309114,0.3755374715576642,2.782162901358209,-0.0219715195265313,-0.1078370986417907,13,37,-6.6,-6.5
NC(=O)NCCP(=O)(O)O,NC(=O)OCCCCP(=O)(O)O,[*]N[*],[*]OCC[*],[*:1]-[NH1]-[*:2]>>[*:1]-[OH0]-[CH2]-[CH2]-[*:2],17,0.0396,197.045309114,0.425360112437662,2.682207070092701,0.0278511213534664,-0.2077929299072982,13,38,-6.6,-6.4
NC(=O)NCCP(=O)(O)O,NC(=O)N1CCN(CCP(=O)(O)O)CC1,[*]N[*],[*]N1CCN([*])CC1,[*:1]-[NH1]-[*:2]>>[*:1]-[NH0]1-[CH2]-[CH2]-[NH0](-[*:2])-[CH2]-[CH2]-1,225,-1.1395999999999988,237.087842622,0.5377191515825128,2.5544208111116102,0.1402101604983172,-0.3355791888883894,13,39,-6.6,-5.5
NC(=O)NCCP(=O)(O)O,NC(=O)N1CCN(CCP(=O)(O)O)CC1,[*]N[*],[*]N1CCN([*])CC1,[*:1]-[NH1]-[*:2]>>[*:1]-[NH0]1-[CH2]-[CH2]-[NH0](-[*:2])-[CH2]-[CH2]-1,225,-1.1395999999999988,237.087842622,0.5377191515825128,2.5544208111116102,0.1402101604983172,-0.3355791888883894,13,40,-6.6,-5.5
NC(=O)NCCP(=O)(O)O,CN(CCC(N)=O)CCP(=O)(O)O,[*]N[*],[*]N(C)CC[*],[*:1]-[NH1]-[*:2]>>[*:1]-[NH0](-[CH3])-[CH2]-[CH2]-[*:2],10,-1.0287,210.07694359,0.4861909303839137,2.8561390507081263,0.0886819392997181,-0.0338609492918733,13,41,-6.6,-6.5
NC(=O)NCCP(=O)(O)O,CN(CCCCP(=O)(O)O)C(N)=O,[*]N[*],[*]N(C)CC[*],[*:1]-[NH1]-[*:2]>>[*:1]-[NH0](-[CH3])-[CH2]-[CH2]-[*:2],10,-0.0451999999999999,210.07694359,0.4369060441934169,2.810627162596239,0.0393970531092213,-0.0793728374037607,13,42,-6.6,-6.4
NC(=O)NCCP(=O)(O)O,CC(=O)N(CCP(=O)(O)O)C(N)=O,[*]N[*],[*]N([*])C(C)=O,[*:1]-[NH1]-[*:2]>>[*:1]-[NH0](-[*:2])-[CH0](-[CH3])=[OH0],56,-0.9087,210.040558082,0.5204635625619128,3.210190711547288,0.1229545714777172,0.3201907115472879,13,43,-6.6,-7.4
NC(=O)NCCP(=O)(O)O,CC(=O)N(CCP(=O)(O)O)C(N)=O,[*]N[*],[*]N([*])C(C)=O,[*:1]-[NH1]-[*:2]>>[*:1]-[NH0](-[*:2])-[CH0](-[CH3])=[OH0],56,-0.9087,210.040558082,0.5204635625619128,3.210190711547288,0.1229545714777172,0.3201907115472879,13,44,-6.6,-7.3
NC(=O)NCCP(=O)(O)O,CCC(=O)NCCP(=O)(O)O,[*]C(N)=O,[*]C(=O)CC,[*:1]-[CH0](-[NH2])=[OH0]>>[*:1]-[CH0](=[OH0])-[CH2]-[CH3],11,-0.3097000000000002,181.050394494,0.5190076565783065,2.615955281352175,0.1214986654941109,-0.2740447186478247,13,45,-6.6,-5.8
NC(=O)NCCP(=O)(O)O,CC(C)NC(=O)NCCP(=O)(O)O,[*]C(N)=O,[*]C(=O)NC(C)C,[*:1]-[CH0](-[NH2])=[OH0]>>[*:1]-[CH0](=[OH0])-[NH1]-[CH1](-[CH3])-[CH3],18,-0.1282999999999999,210.07694359,0.4856233085176963,2.5677949947640712,0.0881143174335007,-0.3222050052359284,13,46,-6.6,-6.7
NC(=O)NCCP(=O)(O)O,NC(=O)N(CCP(=O)(O)O)C1CC1,[*]N[*],[*]N([*])C1CC1,[*:1]-[NH1]-[*:2]>>[*:1]-[NH0](-[*:2])-[CH1]1-[CH2]-[CH2]-1,32,-0.2927999999999997,208.061293526,0.5517733713236945,3.044174015743092,0.1542643802394989,0.1541740157430924,13,47,-6.6,-7.1
NC(=O)NCCP(=O)(O)O,NC(=O)N(CCP(=O)(O)O)C1CC1,[*]N[*],[*]N([*])C1CC1,[*:1]-[NH1]-[*:2]>>[*:1]-[NH0](-[*:2])-[CH1]1-[CH2]-[CH2]-1,32,-0.2927999999999999,208.061293526,0.5517733713236945,3.044174015743092,0.1542643802394989,0.1541740157430924,13,48,-6.6,-7.0
NC(=O)NCCP(=O)(O)O,NC(=O)CCNCCP(=O)(O)O,[*]N[*],[*]NCC[*],[*:1]-[NH1]-[*:2]>>[*:1]-[NH1]-[CH2]-[CH2]-[*:2],333,-1.3709000000000002,196.061293526,0.3089780720939993,2.7663738194723546,-0.0885309189901962,-0.123626180527645,13,49,-6.6,-6.0
NC(=O)NCCP(=O)(O)O,NC(=O)CCNCCP(=O)(O)O,[*]N[*],[*]NCC[*],[*:1]-[NH1]-[*:2]>>[*:1]-[NH1]-[CH2]-[CH2]-[*:2],333,-1.3709000000000002,196.061293526,0.3089780720939993,2.7663738194723546,-0.0885309189901962,-0.123626180527645,13,50,-6.6,-6.0
NC(=O)NCCP(=O)(O)O,NC(=O)SCCP(=O)(O)O,[*]N[*],[*]S[*],[*:1]-[NH1]-[*:2]>>[*:1]-[SH0]-[*:2],221,-0.0239999999999999,184.991165366,0.536028501508671,3.595423828213975,0.1385195104244754,0.7054238282139753,13,51,-6.6,-6.3
NC(=O)NCCP(=O)(O)O,NC(=O)SCCP(=O)(O)O,[*]N[*],[*]S[*],[*:1]-[NH1]-[*:2]>>[*:1]-[SH0]-[*:2],221,-0.0239999999999999,184.991165366,0.536028501508671,3.595423828213975,0.1385195104244754,0.7054238282139753,13,52,-6.6,-6.3
NC(=O)NCCP(=O)(O)O,NC(=O)C(O)CCP(=O)(O)O,[*]N[*],[*]C([*])O,[*:1]-[NH1]-[*:2]>>[*:1]-[CH1](-[*:2])-[OH1],16,-1.5996,183.02965905,0.3909262025626503,3.545585458498641,-0.0065827885215452,0.6555854584986411,13,53,-6.6,-6.8
NC(=O)NCCP(=O)(O)O,NC(=O)C(O)CCP(=O)(O)O,[*]N[*],[*]C([*])O,[*:1]-[NH1]-[*:2]>>[*:1]-[CH1](-[*:2])-[OH1],16,-1.5996,183.02965905,0.3909262025626503,3.545585458498641,-0.0065827885215452,0.6555854584986411,13,54,-6.6,-6.7
NC(=O)NCCP(=O)(O)O,NC(=O)N(CCP(=O)(O)O)C1CCC1,[*]N[*],[*]N([*])C1CCC1,[*:1]-[NH1]-[*:2]>>[*:1]-[NH0](-[*:2])-[CH1]1-[CH2]-[CH2]-[CH2]-1,10,0.0973000000000001,222.07694359,0.5863975408419819,2.963430585692139,0.1888885497577863,0.0734305856921393,13,55,-6.6,-6.9
NC(=O)NCCP(=O)(O)O,NC(=O)N(CCP(=O)(O)O)C1CCC1,[*]N[*],[*]N([*])C1CCC1,[*:1]-[NH1]-[*:2]>>[*:1]-[NH0](-[*:2])-[CH1]1-[CH2]-[CH2]-[CH2]-1,10,0.0972999999999999,222.07694359,0.5863975408419819,2.963430585692139,0.1888885497577863,0.0734305856921393,13,56,-6.6,-7.1
NC(=O)NCCP(=O)(O)O,NC(=O)N1CCCN(CCP(=O)(O)O)CC1,[*]N[*],[*]N1CCCN([*])CC1,[*:1]-[NH1]-[*:2]>>[*:1]-[NH0]1-[CH2]-[CH2]-[CH2]-[NH0](-[*:2])-[CH2]-[CH2]-1,10,-0.7494999999999992,251.103492686,0.5720139476442903,2.5564518742749875,0.1745049565600946,-0.3335481257250121,13,57,-6.6,-4.7
NC(=O)NCCP(=O)(O)O,NC(=O)N1CCCN(CCP(=O)(O)O)CC1,[*]N[*],[*]N1CCCN([*])CC1,[*:1]-[NH1]-[*:2]>>[*:1]-[NH0]1-[CH2]-[CH2]-[CH2]-[NH0](-[*:2])-[CH2]-[CH2]-1,10,-0.7494999999999992,251.103492686,0.5720139476442903,2.5564518742749875,0.1745049565600946,-0.3335481257250121,13,58,-6.6,-6.0
NC(=O)NCCP(=O)(O)O,NC(=O)SCCCP(=O)(O)O,[*]N[*],[*]CS[*],[*:1]-[NH1]-[*:2]>>[*:1]-[CH2]-[SH0]-[*:2],12,0.3661,199.00681543,0.4481227025997376,3.4331453912422845,0.050613711515542,0.5431453912422848,13,59,-6.6,-6.5
NC(=O)NCCP(=O)(O)O,NC(=O)SCCCP(=O)(O)O,[*]N[*],[*]CS[*],[*:1]-[NH1]-[*:2]>>[*:1]-[CH2]-[SH0]-[*:2],12,0.3661,199.00681543,0.4481227025997376,3.4331453912422845,0.050613711515542,0.5431453912422848,13,60,-6.6,-6.5
NC(=O)NCCP(=O)(O)O,O=C(NCCP(=O)(O)O)c1ccccc1,[*]C(N)=O,[*]C(=O)c1ccccc1,[*:1]-[CH0](-[NH2])=[OH0]>>[*:1]-[CH0](=[OH0])-[cH0]1:[cH1]:[cH1]:[cH1]:[cH1]:[cH1]:1,13,0.5940999999999999,229.050394494,0.6594254580789265,1.9728880906613264,0.2619164669947309,-0.917111909338673,13,61,-6.6,-6.4
NC(=O)NCCP(=O)(O)O,CCCNC(=O)NCCP(=O)(O)O,[*]C(N)=O,[*]C(=O)NCCC,[*:1]-[CH0](-[NH2])=[OH0]>>[*:1]-[CH0](=[OH0])-[NH1]-[CH2]-[CH2]-[CH3],11,-0.1267000000000001,210.07694359,0.4749667266829713,2.498833867655886,0.0774577355987757,-0.3911661323441135,13,62,-6.6,-7.0
NC(=O)NCCP(=O)(O)O,NC(=O)NC(=O)NCCP(=O)(O)O,[*]N[*],[*]NC(=O)N[*],[*:1]-[NH1]-[*:2]>>[*:1]-[NH1]-[CH0](=[OH0])-[NH1]-[*:2],40,-1.4580000000000002,211.03580705,0.3624971392043711,2.77168590385498,-0.0350118518798244,-0.1183140961450197,13,63,-6.6,-7.4
NC(=O)NCCP(=O)(O)O,NC(=O)NC(=O)NCCP(=O)(O)O,[*]N[*],[*]NC(=O)N[*],[*:1]-[NH1]-[*:2]>>[*:1]-[NH1]-[CH0](=[OH0])-[NH1]-[*:2],40,-1.4580000000000002,211.03580705,0.3624971392043711,2.77168590385498,-0.0350118518798244,-0.1183140961450197,13,64,-6.6,-7.0
NC(=O)NCCP(=O)(O)O,CC(C)N(CCP(=O)(O)O)C(N)=O,[*]N[*],[*]N([*])C(C)C,[*:1]-[NH1]-[*:2]>>[*:1]-[NH0](-[*:2])-[CH1](-[CH3])-[CH3],95,-0.0467999999999999,210.07694359,0.565723579115529,3.0415878269319023,0.1682145880313333,0.1515878269319026,13,65,-6.6,-7.4
NC(=O)NCCP(=O)(O)O,CC(C)N(CCP(=O)(O)O)C(N)=O,[*]N[*],[*]N([*])C(C)C,[*:1]-[NH1]-[*:2]>>[*:1]-[NH0](-[*:2])-[CH1](-[CH3])-[CH3],95,-0.0467999999999997,210.07694359,0.565723579115529,3.0415878269319023,0.1682145880313333,0.1515878269319026,13,66,-6.6,-7.4
NC(=O)NCCP(=O)(O)O,NC(=O)C1CCN(CCP(=O)(O)O)CC1,[*]N[*],[*]N1CCC([*])CC1,[*:1]-[NH1]-[*:2]>>[*:1]-[NH0]1-[CH2]-[CH2]-[CH1](-[*:2])-[CH2]-[CH2]-1,24,-0.6386000000000003,236.092593654,0.5631911820092412,2.482043503419302,0.1656821909250456,-0.4079564965806979,13,67,-6.6,-5.6
NC(=O)NCCP(=O)(O)O,NC(=O)C1CCN(CCP(=O)(O)O)CC1,[*]N[*],[*]N1CCC([*])CC1,[*:1]-[NH1]-[*:2]>>[*:1]-[NH0]1-[CH2]-[CH2]-[CH1](-[*:2])-[CH2]-[CH2]-1,24,-0.6386000000000003,236.092593654,0.5631911820092412,2.482043503419302,0.1656821909250456,-0.4079564965806979,13,68,-6.6,-5.5
NC(=O)NCCP(=O)(O)O,NC(=O)OC1CN(CCP(=O)(O)O)C1,[*]N[*],[*]OC1CN([*])C1,[*:1]-[NH1]-[*:2]>>[*:1]-[OH0]-[CH1]1-[CH2]-[NH0](-[*:2])-[CH2]-1,10,-1.0564000000000002,224.056208146,0.5245817079523323,3.016326739538292,0.1270727168681367,0.1263267395382916,13,69,-6.6,-7.0
NC(=O)NCCP(=O)(O)O,NC(=O)OC1CN(CCP(=O)(O)O)C1,[*]N[*],[*]OC1CN([*])C1,[*:1]-[NH1]-[*:2]>>[*:1]-[OH0]-[CH1]1-[CH2]-[NH0](-[*:2])-[CH2]-1,10,-1.0564000000000002,224.056208146,0.5245817079523323,3.016326739538292,0.1270727168681367,0.1263267395382916,13,70,-6.6,-7.1
NC(=O)NCCP(=O)(O)O,NC(=O)N1CCN(CCCP(=O)(O)O)CC1,[*]N[*],[*]N1CCN(C[*])CC1,[*:1]-[NH1]-[*:2]>>[*:1]-[NH0]1-[CH2]-[CH2]-[NH0](-[CH2]-[*:2])-[CH2]-[CH2]-1,34,-0.7494999999999992,251.103492686,0.5697952788475773,2.475046149766936,0.1722862877633817,-0.4149538502330641,13,71,-6.6,-5.2
NC(=O)NCCP(=O)(O)O,NC(=O)CN1CCN(CCP(=O)(O)O)CC1,[*]N[*],[*]N1CCN(C[*])CC1,[*:1]-[NH1]-[*:2]>>[*:1]-[NH0]1-[CH2]-[CH2]-[NH0](-[CH2]-[*:2])-[CH2]-[CH2]-1,34,-1.732999999999998,251.103492686,0.5010056677394207,2.469633269623824,0.1034966766552251,-0.420366730376176,13,72,-6.6,-5.5
NC(=O)NCCP(=O)(O)O,NC(=O)N(CCO)CCP(=O)(O)O,[*]N[*],[*]N([*])CCO,[*:1]-[NH1]-[*:2]>>[*:1]-[NH0](-[*:2])-[CH2]-[CH2]-[OH1],109,-1.4629,212.056208146,0.4142597703047299,3.045185204554281,0.0167507792205343,0.1551852045542814,13,73,-6.6,-7.2
NC(=O)NCCP(=O)(O)O,NC(=O)N(CCO)CCP(=O)(O)O,[*]N[*],[*]N([*])CCO,[*:1]-[NH1]-[*:2]>>[*:1]-[NH0](-[*:2])-[CH2]-[CH2]-[OH1],109,-1.4629,212.056208146,0.4142597703047299,3.045185204554281,0.0167507792205343,0.1551852045542814,13,74,-6.6,-7.1
NC(=O)NCCP(=O)(O)O,CCC(=O)N(CCP(=O)(O)O)C(N)=O,[*]N[*],[*]N([*])C(=O)CC,[*:1]-[NH1]-[*:2]>>[*:1]-[NH0](-[*:2])-[CH0](=[OH0])-[CH2]-[CH3],13,-0.5185999999999997,224.056208146,0.5545843384135022,3.1472304758020284,0.1570753473293066,0.2572304758020287,13,75,-6.6,-7.6
NC(=O)NCCP(=O)(O)O,CCC(=O)N(CCP(=O)(O)O)C(N)=O,[*]N[*],[*]N([*])C(=O)CC,[*:1]-[NH1]-[*:2]>>[*:1]-[NH0](-[*:2])-[CH0](=[OH0])-[CH2]-[CH3],13,-0.5186000000000002,224.056208146,0.5545843384135022,3.1472304758020284,0.1570753473293066,0.2572304758020287,13,76,-6.6,-7.3
NC(=O)NCCP(=O)(O)O,C[C@H](NCCP(=O)(O)O)C(N)=O,[*]N[*],[*]N[C@H]([*])C,[*:1]-[NH1]-[*:2]>>[*:1]-[NH1]-[C@H1](-[*:2])-[CH3],44,-1.3725,196.061293526,0.4049492533563206,3.3689384784810423,0.007440262272125,0.4789384784810426,13,77,-6.6,-7.0
NC(=O)NCCP(=O)(O)O,C[C@@H](CCP(=O)(O)O)NC(N)=O,[*]N[*],[*]N[C@H]([*])C,[*:1]-[NH1]-[*:2]>>[*:1]-[NH1]-[C@H1](-[*:2])-[CH3],44,-0.389,196.061293526,0.4583882665649131,3.3511277092502736,0.0608792754807175,0.4611277092502739,13,78,-6.6,-6.8
NC(=O)NCCP(=O)(O)O,NC(=O)C1CCN(CCP(=O)(O)O)C1,[*]N[*],[*]N1CCC([*])C1,[*:1]-[NH1]-[*:2]>>[*:1]-[NH0]1-[CH2]-[CH2]-[CH1](-[*:2])-[CH2]-1,10,-1.0287,222.07694359,0.527547254237425,3.0638959227237628,0.1300382631532294,0.173895922723763,13,79,-6.6,-6.3
NC(=O)NCCP(=O)(O)O,NC(=O)N1CCC(CCP(=O)(O)O)C1,[*]N[*],[*]N1CCC([*])C1,[*:1]-[NH1]-[*:2]>>[*:1]-[NH0]1-[CH2]-[CH2]-[CH1](-[*:2])-[CH2]-1,10,-0.0451999999999999,222.07694359,0.5822907023946019,3.235270143097983,0.1847817113104063,0.3452701430979834,13,80,-6.6,-7.3
NC(=O)NCCP(=O)(O)O,NC(=O)OC(=O)N1CCN(CCP(=O)(O)O)CC1,[*]N[*],[*]OC(=O)N1CCN([*])CC1,[*:1]-[NH1]-[*:2]>>[*:1]-[OH0]-[CH0](=[OH0])-[NH0]1-[CH2]-[CH2]-[NH0](-[*:2])-[CH2]-[CH2]-1,10,-1.0029999999999994,281.077671862,0.4457821343926165,2.755802925991913,0.0482731433084209,-0.1341970740080862,13,81,-6.6,-5.7
NC(=O)NCCP(=O)(O)O,NC(=O)N1CCN(C(=O)OCCP(=O)(O)O)CC1,[*]N[*],[*]OC(=O)N1CCN([*])CC1,[*:1]-[NH1]-[*:2]>>[*:1]-[OH0]-[CH0](=[OH0])-[NH0]1-[CH2]-[CH2]-[NH0](-[*:2])-[CH2]-[CH2]-1,10,-1.0029999999999994,281.077671862,0.5678460873632902,2.5741904259919157,0.1703370962790946,-0.3158095740080844,13,82,-6.6,-6.4
NC(=O)NCCP(=O)(O)O,NC(=O)N1CCN(C(=O)CCP(=O)(O)O)CC1,[*]N[*],[*]N1CCN(C([*])=O)CC1,[*:1]-[NH1]-[*:2]>>[*:1]-[NH0]1-[CH2]-[CH2]-[NH0](-[CH0](-[*:2])=[OH0])-[CH2]-[CH2]-1,11,-1.2228999999999992,265.082757242,0.5513995972526669,2.5411619664559417,0.1538906061684712,-0.3488380335440579,13,83,-6.6,-4.6
NC(=O)NCCP(=O)(O)O,NC(=O)N1CCN(C(=O)CCP(=O)(O)O)CC1,[*]N[*],[*]N1CCN(C([*])=O)CC1,[*:1]-[NH1]-[*:2]>>[*:1]-[NH0]1-[CH2]-[CH2]-[NH0](-[CH0](-[*:2])=[OH0])-[CH2]-[CH2]-1,11,-1.2228999999999992,265.082757242,0.5513995972526669,2.5411619664559417,0.1538906061684712,-0.3488380335440579,13,84,-6.6,-4.6
NC(=O)NCCP(=O)(O)O,CC(C)(NCCP(=O)(O)O)C(N)=O,[*]N[*],[*]NC([*])(C)C,[*:1]-[NH1]-[*:2]>>[*:1]-[NH1]-[CH0](-[*:2])(-[CH3])-[CH3],11,-0.9824000000000002,210.07694359,0.4353821140752205,3.074368596162672,0.0378731229910249,0.1843685961626722,13,85,-6.6,-6.4
NC(=O)NCCP(=O)(O)O,CC(C)(NCCP(=O)(O)O)C(N)=O,[*]N[*],[*]NC([*])(C)C,[*:1]-[NH1]-[*:2]>>[*:1]-[NH1]-[CH0](-[*:2])(-[CH3])-[CH3],11,-0.9824000000000002,210.07694359,0.4353821140752205,3.074368596162672,0.0378731229910249,0.1843685961626722,13,86,-6.6,-6.3
NC(=O)NCCP(=O)(O)O,CC(CCP(=O)(O)O)NC(N)=O,[*]N[*],[*]NC([*])C,[*:1]-[NH1]-[*:2]>>[*:1]-[NH1]-[CH1](-[*:2])-[CH3],43,-0.389,196.061293526,0.4583882665649131,3.3511277092502736,0.0608792754807175,0.4611277092502739,13,87,-6.6,-7.0
NC(=O)NCCP(=O)(O)O,CC(CCP(=O)(O)O)NC(N)=O,[*]N[*],[*]NC([*])C,[*:1]-[NH1]-[*:2]>>[*:1]-[NH1]-[CH1](-[*:2])-[CH3],43,-0.389,196.061293526,0.4583882665649131,3.3511277092502736,0.0608792754807175,0.4611277092502739,13,88,-6.6,-7.0
NC(=O)NCCP(=O)(O)O,NC(=O)N(CCP(=O)(O)O)CC(=O)O,[*]N[*],[*]N([*])CC(=O)O,[*:1]-[NH1]-[*:2]>>[*:1]-[NH0](-[*:2])-[CH2]-[CH0](=[OH0])-[OH1],56,-1.3705999999999996,226.035472702,0.4258758841475787,2.995100805472358,0.0283668930633831,0.1051008054723583,13,89,-6.6,-7.1
NC(=O)NCCP(=O)(O)O,NC(=O)N(CCP(=O)(O)O)CC(=O)O,[*]N[*],[*]N([*])CC(=O)O,[*:1]-[NH1]-[*:2]>>[*:1]-[NH0](-[*:2])-[CH2]-[CH0](=[OH0])-[OH1],56,-1.3705999999999996,226.035472702,0.4258758841475787,2.995100805472358,0.0283668930633831,0.1051008054723583,13,90,-6.6,-7.1
NC(=O)NCCP(=O)(O)O,C[C@@H](NCCP(=O)(O)O)C(N)=O,[*]N[*],[*]N[C@@H]([*])C,[*:1]-[NH1]-[*:2]>>[*:1]-[NH1]-[C@@H1](-[*:2])-[CH3],47,-1.3725,196.061293526,0.4049492533563206,3.3689384784810423,0.007440262272125,0.4789384784810426,13,91,-6.6,-6.5
NC(=O)NCCP(=O)(O)O,C[C@H](CCP(=O)(O)O)NC(N)=O,[*]N[*],[*]N[C@@H]([*])C,[*:1]-[NH1]-[*:2]>>[*:1]-[NH1]-[C@@H1](-[*:2])-[CH3],47,-0.389,196.061293526,0.4583882665649131,3.3511277092502736,0.0608792754807175,0.4611277092502739,13,92,-6.6,-7.2
NC(=O)NCCP(=O)(O)O,N#CCCN(CCP(=O)(O)O)C(N)=O,[*]N[*],[*]N([*])CCC#N,[*:1]-[NH1]-[*:2]>>[*:1]-[NH0](-[*:2])-[CH2]-[CH2]-[CH0]#[NH0],10,-0.54152,221.056542494,0.5367794994684139,3.142007508769062,0.1392705083842182,0.2520075087690623,13,93,-6.6,-6.8
NC(=O)NCCP(=O)(O)O,N#CCCN(CCP(=O)(O)O)C(N)=O,[*]N[*],[*]N([*])CCC#N,[*:1]-[NH1]-[*:2]>>[*:1]-[NH0](-[*:2])-[CH2]-[CH2]-[CH0]#[NH0],10,-0.54152,221.056542494,0.5367794994684139,3.142007508769062,0.1392705083842182,0.2520075087690623,13,94,-6.6,-6.7
NC(=O)NCCP(=O)(O)O,NC(=O)NCCOCCOCCP(=O)(O)O,[*]N[*],[*]OCCOCCN[*],[*:1]-[NH1]-[*:2]>>[*:1]-[OH0]-[CH2]-[CH2]-[OH0]-[CH2]-[CH2]-[NH1]-[*:2],19,-1.1343999999999992,256.082422894,0.3045910884468807,2.7201520531658634,-0.0929179026373148,-0.1698479468341363,13,95,-6.6,-6.2
NC(=O)NCCP(=O)(O)O,NC(=O)NCCOCCOCCP(=O)(O)O,[*]N[*],[*]OCCOCCN[*],[*:1]-[NH1]-[*:2]>>[*:1]-[OH0]-[CH2]-[CH2]-[OH0]-[CH2]-[CH2]-[NH1]-[*:2],19,-1.1343999999999992,256.082422894,0.3045910884468807,2.7201520531658634,-0.0929179026373148,-0.1698479468341363,13,96,-6.6,-6.7
NC(=O)NCCP(=O)(O)O,NC(=O)CN(CCP(=O)(O)O)C(N)=O,[*]N[*],[*]N([*])CC(N)=O,[*:1]-[NH1]-[*:2]>>[*:1]-[NH0](-[*:2])-[CH2]-[CH0](-[NH2])=[OH0],20,-1.9698999999999995,225.051457114,0.4004418757706459,3.0819517944833468,0.0029328846864503,0.1919517944833471,13,97,-6.6,-7.3
NC(=O)NCCP(=O)(O)O,NC(=O)CN(CCP(=O)(O)O)C(N)=O,[*]N[*],[*]N([*])CC(N)=O,[*:1]-[NH1]-[*:2]>>[*:1]-[NH0](-[*:2])-[CH2]-[CH0](-[NH2])=[OH0],20,-1.9698999999999995,225.051457114,0.4004418757706459,3.0819517944833468,0.0029328846864503,0.1919517944833471,13,98,-6.6,-7.2
NC(=O)NCCP(=O)(O)O,CCCN(CCP(=O)(O)O)C(N)=O,[*]N[*],[*]N([*])CCC,[*:1]-[NH1]-[*:2]>>[*:1]-[NH0](-[*:2])-[CH2]-[CH2]-[CH3],143,-0.0451999999999999,210.07694359,0.5533066520269191,2.9244131765822523,0.1557976609427235,0.0344131765822526,13,99,-6.6,-7.3
O=C(O)CO[C@H]1CC(O)[C@@]2(O)[C@H](C(=O)O)[C@@H](O)[C@@H](O)[C@H](O)[C@@]12O,CCO[C@H]1CC(O)[C@@]2(O)[C@H](C(=O)O)[C@@H](O)[C@@H](O)[C@H](O)[C@@]12O,[*]CC(=O)O,[*]CC,[*:1]-[CH2]-[CH0](=[OH0])-[OH1]>>[*:1]-[CH2]-[CH3],55,-3.5845999999999973,308.11073222,0.2785398853729099,4.844146069399439,0.0336252527462347,-0.0258539306005607,14,0,-6.6,-5.4
O=C(O)CO[C@H]1CC(O)[C@@]2(O)[C@H](C(=O)O)[C@@H](O)[C@@H](O)[C@H](O)[C@@]12O,CCCO[C@H]1CC(O)[C@@]2(O)[C@H](C(=O)O)[C@@H](O)[C@@H](O)[C@H](O)[C@@]12O,[*]CC(=O)O,[*]CCC,[*:1]-[CH2]-[CH0](=[OH0])-[OH1]>>[*:1]-[CH2]-[CH2]-[CH3],27,-3.194499999999997,322.126382284,0.2817941865450409,4.819426750823393,0.0368795539183657,-0.0505732491766073,14,1,-6.6,-4.5
O=C(O)CO[C@H]1CC(O)[C@@]2(O)[C@H](C(=O)O)[C@@H](O)[C@@H](O)[C@H](O)[C@@]12O,COCO[C@H]1CC(O)[C@@]2(O)[C@H](C(=O)O)[C@@H](O)[C@@H](O)[C@H](O)[C@@]12O,[*]C(=O)O,[*]OC,[*:1]-[CH0](=[OH0])-[OH1]>>[*:1]-[OH0]-[CH3],264,-4.000599999999995,324.10564684,0.252067925115188,4.915540920863879,0.0071532924885128,0.0455409208638784,14,2,-6.6,-5.7
O=C(O)CO[C@H]1CC(O)[C@@]2(O)[C@H](C(=O)O)[C@@H](O)[C@@H](O)[C@H](O)[C@@]12O,CC(C)O[C@H]1CC(O)[C@@]2(O)[C@H](C(=O)O)[C@@H](O)[C@@H](O)[C@H](O)[C@@]12O,[*]CC(=O)O,[*]C(C)C,[*:1]-[CH2]-[CH0](=[OH0])-[OH1]>>[*:1]-[CH1](-[CH3])-[CH3],25,-3.196099999999997,322.126382284,0.2828662864208094,4.89498359003681,0.0379516537941342,0.0249835900368102,14,3,-6.6,-5.6
O=C(O)CO[C@H]1CC(O)[C@@]2(O)[C@H](C(=O)O)[C@@H](O)[C@@H](O)[C@H](O)[C@@]12O,CC(=O)O[C@H]1CC(O)[C@@]2(O)[C@H](C(=O)O)[C@@H](O)[C@@H](O)[C@H](O)[C@@]12O,[*]CC(=O)O,[*]C(C)=O,[*:1]-[CH2]-[CH0](=[OH0])-[OH1]>>[*:1]-[CH0](-[CH3])=[OH0],33,-4.057999999999997,322.089996776,0.2466234445578742,4.758581666959888,0.0017088119311989,-0.1114183330401124,14,4,-6.6,-4.4
O=C(O)CO[C@H]1CC(O)[C@@]2(O)[C@H](C(=O)O)[C@@H](O)[C@@H](O)[C@H](O)[C@@]12O,CC(C)CO[C@H]1CC(O)[C@@]2(O)[C@H](C(=O)O)[C@@H](O)[C@@H](O)[C@H](O)[C@@]12O,[*]C(=O)O,[*]C(C)C,[*:1]-[CH0](=[OH0])-[OH1]>>[*:1]-[CH1](-[CH3])-[CH3],15,-2.948499999999997,336.142032348,0.283723972230061,4.839249479655141,0.0388093396033858,-0.030750520344859,14,5,-6.6,-4.7
O=C(O)CO[C@H]1CC(O)[C@@]2(O)[C@H](C(=O)O)[C@@H](O)[C@@H](O)[C@H](O)[C@@]12O,CC[C@@H]1[C@@H](O)[C@@H](O)[C@H](O)[C@@]2(O)[C@@H](OCC(=O)O)CC(O)[C@@]12O,[*]C(=O)O,[*]CC,[*:1]-[CH0](=[OH0])-[OH1]>>[*:1]-[CH2]-[CH3],27,-3.194499999999998,322.126382284,0.2817941865450409,4.885747398596672,0.0368795539183657,0.0157473985966722,14,6,-6.6,-5.9
O=C(O)CO[C@H]1CC(O)[C@@]2(O)[C@H](C(=O)O)[C@@H](O)[C@@H](O)[C@H](O)[C@@]12O,CS(=O)(=O)O[C@H]1CC(O)[C@@]2(O)[C@H](C(=O)O)[C@@H](O)[C@@H](O)[C@H](O)[C@@]12O,[*]CC(=O)O,[*]S(C)(=O)=O,[*:1]-[CH2]-[CH0](=[OH0])-[OH1]>>[*:1]-[SH0](-[CH3])(=[OH0])=[OH0],19,-4.6448999999999945,358.0569823959999,0.2389976717120385,4.920302080473375,-0.0059169609146366,0.0503020804733749,14,7,-6.6,-2.3
O=C(O)CO[C@H]1CC(O)[C@@]2(O)[C@H](C(=O)O)[C@@H](O)[C@@H](O)[C@H](O)[C@@]12O,NC[C@@H]1[C@@H](O)[C@@H](O)[C@H](O)[C@@]2(O)[C@@H](OCC(=O)O)CC(O)[C@@]12O,[*]C(=O)O,[*]CN,[*:1]-[CH0](=[OH0])-[OH1]>>[*:1]-[CH2]-[NH2],41,-4.645799999999993,323.121631252,0.2490977885164614,4.977953066612867,0.0041831558897862,0.1079530666128665,14,8,-6.6,-5.8
O=C(O)CO[C@H]1CC(O)[C@@]2(O)[C@H](C(=O)O)[C@@H](O)[C@@H](O)[C@H](O)[C@@]12O,O=C(O)[C@@H]1[C@@H](O)[C@@H](O)[C@H](O)[C@@]2(O)[C@@H](OCCO)CC(O)[C@@]12O,[*]CC(=O)O,[*]CCO,[*:1]-[CH2]-[CH0](=[OH0])-[OH1]>>[*:1]-[CH2]-[CH2]-[OH1],109,-4.612199999999994,324.10564684,0.2496780907342664,4.894667236653352,0.0047634581075912,0.024667236653352,14,9,-6.6,-5.7
O=C(O)CO[C@H]1CC(O)[C@@]2(O)[C@H](C(=O)O)[C@@H](O)[C@@H](O)[C@H](O)[C@@]12O,O=C(O)CO[C@H]1CC(O)[C@@]2(O)[C@H](CO)[C@@H](O)[C@@H](O)[C@H](O)[C@@]12O,[*]C(=O)O,[*]CO,[*:1]-[CH0](=[OH0])-[OH1]>>[*:1]-[CH2]-[OH1],242,-4.612199999999993,324.10564684,0.2496780907342664,4.921271285236348,0.0047634581075912,0.0512712852363481,14,10,-6.6,-5.8
O=C(O)CO[C@H]1CC(O)[C@@]2(O)[C@H](C(=O)O)[C@@H](O)[C@@H](O)[C@H](O)[C@@]12O,NC(=O)CO[C@H]1CC(O)[C@@]2(O)[C@H](C(=O)O)[C@@H](O)[C@@H](O)[C@H](O)[C@@]12O,[*]C(=O)O,[*]C(N)=O,[*:1]-[CH0](=[OH0])-[OH1]>>[*:1]-[CH0](-[NH2])=[OH0],426,-5.119199999999994,337.100895808,0.2442128898976881,4.902639049407423,-0.000701742728987,0.0326390494074226,14,11,-6.6,-5.0
O=C(O)CO[C@H]1CC(O)[C@@]2(O)[C@H](C(=O)O)[C@@H](O)[C@@H](O)[C@H](O)[C@@]12O,O=C(O)CC[C@H]1CC(O)[C@@]2(O)[C@H](C(=O)O)[C@@H](O)[C@@H](O)[C@H](O)[C@@]12O,[*]O[*],[*]C[*],[*:1]-[OH0]-[*:2]>>[*:1]-[CH2]-[*:2],222,-3.5086999999999984,336.10564684,0.2547719356663497,4.824072686956314,0.0098573030396745,-0.0459273130436859,14,12,-6.6,-4.5
O=C(O)CO[C@H]1CC(O)[C@@]2(O)[C@H](C(=O)O)[C@@H](O)[C@@H](O)[C@H](O)[C@@]12O,O=C(O)CC[C@H]1CC(O)[C@@]2(O)[C@H](C(=O)O)[C@@H](O)[C@@H](O)[C@H](O)[C@@]12O,[*]O[*],[*]C[*],[*:1]-[OH0]-[*:2]>>[*:1]-[CH2]-[*:2],222,-3.508699999999997,336.1056468399999,0.2547719356663498,4.824072686956314,0.0098573030396746,-0.0459273130436859,14,13,-6.6,-4.5
O=C(O)CO[C@H]1CC(O)[C@@]2(O)[C@H](C(=O)O)[C@@H](O)[C@@H](O)[C@H](O)[C@@]12O,NCCO[C@H]1CC(O)[C@@]2(O)[C@H](C(=O)O)[C@@H](O)[C@@H](O)[C@H](O)[C@@]12O,[*]CC(=O)O,[*]CCN,[*:1]-[CH2]-[CH0](=[OH0])-[OH1]>>[*:1]-[CH2]-[CH2]-[NH2],25,-4.645799999999994,323.121631252,0.2490977885164614,4.938875333819345,0.0041831558897862,0.0688753338193448,14,14,-6.6,-5.2
O=C(O)CO[C@H]1CC(O)[C@@]2(O)[C@H](C(=O)O)[C@@H](O)[C@@H](O)[C@H](O)[C@@]12O,O=C(O)CN[C@H]1CC(O)[C@@]2(O)[C@H](C(=O)O)[C@@H](O)[C@@H](O)[C@H](O)[C@@]12O,[*]O[*],[*]N[*],[*:1]-[OH0]-[*:2]>>[*:1]-[NH1]-[*:2],1876,-4.946899999999994,337.100895808,0.2371569079576229,4.9401902879993385,-0.0077577246690522,0.0701902879993383,14,15,-6.6,-6.3
O=C(O)CO[C@H]1CC(O)[C@@]2(O)[C@H](C(=O)O)[C@@H](O)[C@@H](O)[C@H](O)[C@@]12O,O=C(O)CN[C@H]1CC(O)[C@@]2(O)[C@H](C(=O)O)[C@@H](O)[C@@H](O)[C@H](O)[C@@]12O,[*]O[*],[*]N[*],[*:1]-[OH0]-[*:2]>>[*:1]-[NH1]-[*:2],1876,-4.946899999999994,337.100895808,0.2371569079576229,4.9401902879993385,-0.0077577246690522,0.0701902879993383,14,16,-6.6,-6.3
O=C(O)CO[C@H]1CC(O)[C@@]2(O)[C@H](C(=O)O)[C@@H](O)[C@@H](O)[C@H](O)[C@@]12O,N#CCO[C@H]1CC(O)[C@@]2(O)[C@H](C(=O)O)[C@@H](O)[C@@H](O)[C@H](O)[C@@]12O,[*]CC(=O)O,[*]CC#N,[*:1]-[CH2]-[CH0](=[OH0])-[OH1]>>[*:1]-[CH2]-[CH0]#[NH0],20,-4.080919999999997,319.090331124,0.2688675434728735,5.09696926094485,0.0239529108461983,0.2269692609448501,14,17,-6.6,-5.5
O=C(O)CO[C@H]1CC(O)[C@@]2(O)[C@H](C(=O)O)[C@@H](O)[C@@H](O)[C@H](O)[C@@]12O,NC(=O)CO[C@H]1CC(O)[C@@]2(O)[C@H](C(=O)O)[C@@H](O)[C@@H](O)[C@H](O)[C@@]12O,[*]CC(=O)O,[*]CC(N)=O,[*:1]-[CH2]-[CH0](=[OH0])-[OH1]>>[*:1]-[CH2]-[CH0](-[NH2])=[OH0],71,-5.119199999999994,337.100895808,0.2442128898976881,4.902639049407423,-0.000701742728987,0.0326390494074226,14,18,-6.6,-5.0
O=C(O)CO[C@H]1CC(O)[C@@]2(O)[C@H](C(=O)O)[C@@H](O)[C@@H](O)[C@H](O)[C@@]12O,CN[C@@H]1[C@@H](O)[C@@H](O)[C@H](O)[C@@]2(O)[C@@H](OCC(=O)O)CC(O)[C@@]12O,[*]C(=O)O,[*]NC,[*:1]-[CH0](=[OH0])-[OH1]>>[*:1]-[NH1]-[CH3],17,-4.632699999999993,323.121631252,0.250543088822102,4.948208127341611,0.0056284561954268,0.078208127341611,14,19,-6.6,-5.0
O=C(O)CO[C@H]1CC(O)[C@@]2(O)[C@H](C(=O)O)[C@@H](O)[C@@H](O)[C@H](O)[C@@]12O,CN(C)CO[C@H]1CC(O)[C@@]2(O)[C@H](C(=O)O)[C@@H](O)[C@@H](O)[C@H](O)[C@@]12O,[*]C(=O)O,[*]N(C)C,[*:1]-[CH0](=[OH0])-[OH1]>>[*:1]-[NH0](-[CH3])-[CH3],51,-4.085399999999995,337.137281316,0.2501278762641,5.093511800385258,0.0052132436374248,0.2235118003852578,14,20,-6.6,-4.2
O=C(O)CO[C@H]1CC(O)[C@@]2(O)[C@H](C(=O)O)[C@@H](O)[C@@H](O)[C@H](O)[C@@]12O,CCOCO[C@H]1CC(O)[C@@]2(O)[C@H](C(=O)O)[C@@H](O)[C@@H](O)[C@H](O)[C@@]12O,[*]C(=O)O,[*]OCC,[*:1]-[CH0](=[OH0])-[OH1]>>[*:1]-[OH0]-[CH2]-[CH3],26,-3.610499999999997,338.1212969039999,0.1955367533262036,4.91126324758213,-0.0493778793004715,0.0412632475821297,14,21,-6.6,-4.0
O=C(O)CO[C@H]1CC(O)[C@@]2(O)[C@H](C(=O)O)[C@@H](O)[C@@H](O)[C@H](O)[C@@]12O,CNC(=O)CO[C@H]1CC(O)[C@@]2(O)[C@H](C(=O)O)[C@@H](O)[C@@H](O)[C@H](O)[C@@]12O,[*]C(=O)O,[*]C(=O)NC,[*:1]-[CH0](=[OH0])-[OH1]>>[*:1]-[CH0](=[OH0])-[NH1]-[CH3],187,-4.858499999999993,351.116545872,0.2429687670149709,4.851410273635535,-0.0019458656117042,-0.0185897263644649,14,22,-6.6,-4.5
O=C(O)CO[C@H]1CC(O)[C@@]2(O)[C@H](C(=O)O)[C@@H](O)[C@@H](O)[C@H](O)[C@@]12O,CC(C)(C)CO[C@H]1CC(O)[C@@]2(O)[C@H](C(=O)O)[C@@H](O)[C@@H](O)[C@H](O)[C@@]12O,[*]C(=O)O,[*]C(C)(C)C,[*:1]-[CH0](=[OH0])-[OH1]>>[*:1]-[CH0](-[CH3])(-[CH3])-[CH3],26,-2.558399999999997,350.157682412,0.289451372420503,4.925355471536523,0.0445367397938278,0.0553554715365232,14,23,-6.6,-4.2
O=C(O)CO[C@H]1CC(O)[C@@]2(O)[C@H](C(=O)O)[C@@H](O)[C@@H](O)[C@H](O)[C@@]12O,CNC(=O)CO[C@H]1CC(O)[C@@]2(O)[C@H](C(=O)O)[C@@H](O)[C@@H](O)[C@H](O)[C@@]12O,[*]CC(=O)O,[*]CC(=O)NC,[*:1]-[CH2]-[CH0](=[OH0])-[OH1]>>[*:1]-[CH2]-[CH0](=[OH0])-[NH1]-[CH3],26,-4.858499999999993,351.116545872,0.2429687670149709,4.851410273635535,-0.0019458656117042,-0.0185897263644649,14,24,-6.6,-4.5
O=C(O)CO[C@H]1CC(O)[C@@]2(O)[C@H](C(=O)O)[C@@H](O)[C@@H](O)[C@H](O)[C@@]12O,CN(CC(=O)O)[C@H]1CC(O)[C@@]2(O)[C@H](C(=O)O)[C@@H](O)[C@@H](O)[C@H](O)[C@@]12O,[*]O[*],[*]N([*])C,[*:1]-[OH0]-[*:2]>>[*:1]-[NH0](-[*:2])-[CH3],369,-4.604699999999993,351.116545872,0.2422139853699583,4.973124702305755,-0.0027006472567168,0.1031247023057551,14,25,-6.6,-4.7
O=C(O)CO[C@H]1CC(O)[C@@]2(O)[C@H](C(=O)O)[C@@H](O)[C@@H](O)[C@H](O)[C@@]12O,CN(CC(=O)O)[C@H]1CC(O)[C@@]2(O)[C@H](C(=O)O)[C@@H](O)[C@@H](O)[C@H](O)[C@@]12O,[*]O[*],[*]N([*])C,[*:1]-[OH0]-[*:2]>>[*:1]-[NH0](-[*:2])-[CH3],369,-4.604699999999994,351.116545872,0.2422139853699583,4.973124702305755,-0.0027006472567168,0.1031247023057551,14,26,-6.6,-4.7
O=C(O)CO[C@H]1CC(O)[C@@]2(O)[C@H](C(=O)O)[C@@H](O)[C@@H](O)[C@H](O)[C@@]12O,CN(C)C(=O)CO[C@H]1CC(O)[C@@]2(O)[C@H](C(=O)O)[C@@H](O)[C@@H](O)[C@H](O)[C@@]12O,[*]C(=O)O,[*]C(=O)N(C)C,[*:1]-[CH0](=[OH0])-[OH1]>>[*:1]-[CH0](=[OH0])-[NH0](-[CH3])-[CH3],153,-4.516299999999993,365.132195936,0.2555839804618359,4.841569710784938,0.0106693478351606,-0.0284302892150618,14,27,-6.6,-4.4
O=C(O)CO[C@H]1CC(O)[C@@]2(O)[C@H](C(=O)O)[C@@H](O)[C@@H](O)[C@H](O)[C@@]12O,CN(C)C[C@@H]1[C@@H](O)[C@@H](O)[C@H](O)[C@@]2(O)[C@@H](OCC(=O)O)CC(O)[C@@]12O,[*]C(=O)O,[*]CN(C)C,[*:1]-[CH0](=[OH0])-[OH1]>>[*:1]-[CH2]-[NH0](-[CH3])-[CH3],24,-4.042899999999992,351.15293138,0.2584840282785051,4.904755931203773,0.0135693956518299,0.0347559312037732,14,28,-6.6,-3.6
O=C(O)CO[C@H]1CC(O)[C@@]2(O)[C@H](C(=O)O)[C@@H](O)[C@@H](O)[C@H](O)[C@@]12O,CN(C)C(=O)CO[C@H]1CC(O)[C@@]2(O)[C@H](C(=O)O)[C@@H](O)[C@@H](O)[C@H](O)[C@@]12O,[*]CC(=O)O,[*]CC(=O)N(C)C,[*:1]-[CH2]-[CH0](=[OH0])-[OH1]>>[*:1]-[CH2]-[CH0](=[OH0])-[NH0](-[CH3])-[CH3],32,-4.516299999999993,365.132195936,0.2555839804618359,4.841569710784938,0.0106693478351606,-0.0284302892150618,14,29,-6.6,-4.4
O=C(O)CO[C@H]1CC(O)[C@@]2(O)[C@H](C(=O)O)[C@@H](O)[C@@H](O)[C@H](O)[C@@]12O,CC(=O)N[C@@H]1[C@@H](O)[C@@H](O)[C@H](O)[C@@]2(O)[C@@H](OCC(=O)O)CC(O)[C@@]12O,[*]C(=O)O,[*]NC(C)=O,[*:1]-[CH0](=[OH0])-[OH1]>>[*:1]-[NH1]-[CH0](-[CH3])=[OH0],88,-4.715999999999993,351.116545872,0.2434001240437252,4.847796874131812,-0.0015145085829499,-0.022203125868188,14,30,-6.6,-4.1
O=C(O)CO[C@H]1CC(O)[C@@]2(O)[C@H](C(=O)O)[C@@H](O)[C@@H](O)[C@H](O)[C@@]12O,CN1CCN([C@@H]2[C@@H](O)[C@@H](O)[C@H](O)[C@@]3(O)[C@@H](OCC(=O)O)CC(O)[C@@]23O)CC1,[*]C(=O)O,[*]N1CCN(C)CC1,[*:1]-[CH0](=[OH0])-[OH1]>>[*:1]-[NH0]1-[CH2]-[CH2]-[NH0](-[CH3])-[CH2]-[CH2]-1,14,-4.604699999999991,392.1794804759999,0.2451241609480563,4.804767513369394,0.0002095283213811,-0.0652324866306059,14,31,-6.6,0.9
O=C(O)CO[C@H]1CC(O)[C@@]2(O)[C@H](C(=O)O)[C@@H](O)[C@@H](O)[C@H](O)[C@@]12O,O=C(O)[C@@H]1[C@@H](O)[C@@H](O)[C@H](O)[C@@]2(O)[C@@H](OCCCO)CC(O)[C@@]12O,[*]C(=O)O,[*]CCO,[*:1]-[CH0](=[OH0])-[OH1]>>[*:1]-[CH2]-[CH2]-[OH1],26,-4.222099999999996,338.1212969039999,0.2280859082898692,4.8340386321975135,-0.016828724336806,-0.0359613678024866,14,32,-6.6,-4.7
O=C(O)CO[C@H]1CC(O)[C@@]2(O)[C@H](C(=O)O)[C@@H](O)[C@@H](O)[C@H](O)[C@@]12O,CN(C)CCO[C@H]1CC(O)[C@@]2(O)[C@H](C(=O)O)[C@@H](O)[C@@H](O)[C@H](O)[C@@]12O,[*]CC(=O)O,[*]CCN(C)C,[*:1]-[CH2]-[CH0](=[OH0])-[OH1]>>[*:1]-[CH2]-[CH2]-[NH0](-[CH3])-[CH3],51,-4.042899999999994,351.1529313799999,0.2584840282785051,4.829546750062334,0.0135693956518298,-0.0404532499376664,14,33,-6.6,-3.9
O=C(O)CO[C@H]1CC(O)[C@@]2(O)[C@H](C(=O)O)[C@@H](O)[C@@H](O)[C@H](O)[C@@]12O,O=C(O)CCC[C@H]1CC(O)[C@@]2(O)[C@H](C(=O)O)[C@@H](O)[C@@H](O)[C@H](O)[C@@]12O,[*]O[*],[*]CC[*],[*:1]-[OH0]-[*:2]>>[*:1]-[CH2]-[CH2]-[*:2],35,-3.118599999999997,350.1212969039999,0.2510367869394888,4.781313003164071,0.0061221543128135,-0.0886869968359294,14,34,-6.6,-4.5
O=C(O)CO[C@H]1CC(O)[C@@]2(O)[C@H](C(=O)O)[C@@H](O)[C@@H](O)[C@H](O)[C@@]12O,O=C(O)CCC[C@H]1CC(O)[C@@]2(O)[C@H](C(=O)O)[C@@H](O)[C@@H](O)[C@H](O)[C@@]12O,[*]O[*],[*]CC[*],[*:1]-[OH0]-[*:2]>>[*:1]-[CH2]-[CH2]-[*:2],35,-3.118599999999998,350.1212969039999,0.2510367869394888,4.781313003164071,0.0061221543128135,-0.0886869968359294,14,35,-6.6,-4.5
O=C(O)CO[C@H]1CC(O)[C@@]2(O)[C@H](C(=O)O)[C@@H](O)[C@@H](O)[C@H](O)[C@@]12O,O=C(O)[C@@H]1[C@@H](O)[C@@H](O)[C@H](O)[C@@]2(O)[C@@H](OCC(F)(F)F)CC(O)[C@@]12O,[*]CC(=O)O,[*]CC(F)(F)F,[*:1]-[CH2]-[CH0](=[OH0])-[OH1]>>[*:1]-[CH2]-[CH0](-[FH0])(-[FH0])-[FH0],12,-3.0421999999999985,362.082466784,0.2759067046856927,4.938552445054809,0.0309920720590175,0.0685524450548085,14,36,-6.6,-6.1
O=C(O)CO[C@H]1CC(O)[C@@]2(O)[C@H](C(=O)O)[C@@H](O)[C@@H](O)[C@H](O)[C@@]12O,O=C(O)CCCN[C@H]1CC(O)[C@@]2(O)[C@H](C(=O)O)[C@@H](O)[C@@H](O)[C@H](O)[C@@]12O,[*]O[*],[*]NCC[*],[*:1]-[OH0]-[*:2]>>[*:1]-[NH1]-[CH2]-[CH2]-[*:2],13,-4.166699999999993,365.1321959359999,0.2062156643938476,4.796782994808607,-0.0386989682328275,-0.0732170051913927,14,37,-6.6,-5.8
O=C(O)CO[C@H]1CC(O)[C@@]2(O)[C@H](C(=O)O)[C@@H](O)[C@@H](O)[C@H](O)[C@@]12O,O=C(O)CCCN[C@H]1CC(O)[C@@]2(O)[C@H](C(=O)O)[C@@H](O)[C@@H](O)[C@H](O)[C@@]12O,[*]O[*],[*]NCC[*],[*:1]-[OH0]-[*:2]>>[*:1]-[NH1]-[CH2]-[CH2]-[*:2],13,-4.166699999999993,365.1321959359999,0.2062156643938476,4.796782994808607,-0.0386989682328275,-0.0732170051913927,14,38,-6.6,-5.9
O=C(O)CO[C@H]1CC(O)[C@@]2(O)[C@H](C(=O)O)[C@@H](O)[C@@H](O)[C@H](O)[C@@]12O,CN(CC(=O)O)C(=O)[C@H]1CC(O)[C@@]2(O)[C@H](C(=O)O)[C@@H](O)[C@@H](O)[C@H](O)[C@@]12O,[*]O[*],[*]N(C)C([*])=O,[*:1]-[OH0]-[*:2]>>[*:1]-[NH0](-[CH3])-[CH0](-[*:2])=[OH0],29,-4.830499999999994,379.111460492,0.2315852725096491,4.824787649386641,-0.013329360117026,-0.045212350613359,14,39,-6.6,-2.6
O=C(O)CO[C@H]1CC(O)[C@@]2(O)[C@H](C(=O)O)[C@@H](O)[C@@H](O)[C@H](O)[C@@]12O,CN(C(=O)CC(=O)O)[C@H]1CC(O)[C@@]2(O)[C@H](C(=O)O)[C@@H](O)[C@@H](O)[C@H](O)[C@@]12O,[*]O[*],[*]N(C)C([*])=O,[*:1]-[OH0]-[*:2]>>[*:1]-[NH0](-[CH3])-[CH0](-[*:2])=[OH0],29,-4.687999999999993,379.111460492,0.2170355183741064,4.952942194841188,-0.0278791142525687,0.0829421948411877,14,40,-6.6,-3.3
O=C(O)CO[C@H]1CC(O)[C@@]2(O)[C@H](C(=O)O)[C@@H](O)[C@@H](O)[C@H](O)[C@@]12O,COC[C@@H]1[C@@H](O)[C@@H](O)[C@H](O)[C@@]2(O)[C@@H](OCC(=O)O)CC(O)[C@@]12O,[*]C(=O)O,[*]COC,[*:1]-[CH0](=[OH0])-[OH1]>>[*:1]-[CH2]-[OH0]-[CH3],25,-3.958099999999994,338.121296904,0.2615517121812212,4.904474016812898,0.0166370795545459,0.034474016812898,14,41,-6.6,-6.0
O=C(O)CO[C@H]1CC(O)[C@@]2(O)[C@H](C(=O)O)[C@@H](O)[C@@H](O)[C@H](O)[C@@]12O,COCCO[C@H]1CC(O)[C@@]2(O)[C@H](C(=O)O)[C@@H](O)[C@@H](O)[C@H](O)[C@@]12O,[*]CC(=O)O,[*]CCOC,[*:1]-[CH2]-[CH0](=[OH0])-[OH1]>>[*:1]-[CH2]-[CH2]-[OH0]-[CH3],52,-3.958099999999996,338.1212969039999,0.2446712589227314,4.799162478351361,-0.0002433737039437,-0.0708375216486389,14,42,-6.6,-5.3
O=C(O)CO[C@H]1CC(O)[C@@]2(O)[C@H](C(=O)O)[C@@H](O)[C@@H](O)[C@H](O)[C@@]12O,O=C(O)CCO[C@H]1CC(O)[C@@]2(O)[C@H](C(=O)O)[C@@H](O)[C@@H](O)[C@H](O)[C@@]12O,[*]O[*],[*]OC[*],[*:1]-[OH0]-[*:2]>>[*:1]-[OH0]-[CH2]-[*:2],780,-4.129799999999995,352.10056145999994,0.2383312231538154,4.79879488902015,-0.0065834094728597,-0.0712051109798501,14,43,-6.6,-5.0
O=C(O)CO[C@H]1CC(O)[C@@]2(O)[C@H](C(=O)O)[C@@H](O)[C@@H](O)[C@H](O)[C@@]12O,O=C(O)COC[C@H]1CC(O)[C@@]2(O)[C@H](C(=O)O)[C@@H](O)[C@@H](O)[C@H](O)[C@@]12O,[*]O[*],[*]OC[*],[*:1]-[OH0]-[*:2]>>[*:1]-[OH0]-[CH2]-[*:2],780,-4.272299999999994,352.10056145999994,0.2375457657738091,4.881686452295584,-0.0073688668528661,0.0116864522955841,14,44,-6.6,-4.1
O=C(O)CO[C@H]1CC(O)[C@@]2(O)[C@H](C(=O)O)[C@@H](O)[C@@H](O)[C@H](O)[C@@]12O,CCN(CC(=O)O)[C@H]1CC(O)[C@@]2(O)[C@H](C(=O)O)[C@@H](O)[C@@H](O)[C@H](O)[C@@]12O,[*]O[*],[*]N([*])CC,[*:1]-[OH0]-[*:2]>>[*:1]-[NH0](-[*:2])-[CH2]-[CH3],206,-4.214599999999994,365.1321959359999,0.2347216524954762,4.934524999246476,-0.0101929801311989,0.0645249992464753,14,45,-6.6,-3.3
O=C(O)CO[C@H]1CC(O)[C@@]2(O)[C@H](C(=O)O)[C@@H](O)[C@@H](O)[C@H](O)[C@@]12O,CCN(CC(=O)O)[C@H]1CC(O)[C@@]2(O)[C@H](C(=O)O)[C@@H](O)[C@@H](O)[C@H](O)[C@@]12O,[*]O[*],[*]N([*])CC,[*:1]-[OH0]-[*:2]>>[*:1]-[NH0](-[*:2])-[CH2]-[CH3],206,-4.214599999999995,365.132195936,0.2347216524954762,4.934524999246476,-0.0101929801311989,0.0645249992464753,14,46,-6.6,-3.3
O=C(O)CO[C@H]1CC(O)[C@@]2(O)[C@H](C(=O)O)[C@@H](O)[C@@H](O)[C@H](O)[C@@]12O,O=C(O)[C@@H]1[C@@H](O)[C@@H](O)[C@H](O)[C@@]2(O)[C@@H](OCN3CCOCC3)CC(O)[C@@]12O,[*]C(=O)O,[*]N1CCOCC1,[*:1]-[CH0](=[OH0])-[OH1]>>[*:1]-[NH0]1-[CH2]-[CH2]-[OH0]-[CH2]-[CH2]-1,37,-4.314799999999993,379.147846,0.2509248619510003,4.898428568467561,0.0060102293243251,0.0284285684675609,14,47,-6.6,-3.4
O=C(O)CO[C@H]1CC(O)[C@@]2(O)[C@H](C(=O)O)[C@@H](O)[C@@H](O)[C@H](O)[C@@]12O,O=C(O)CO[C@H]1CC(O)[C@@]2(O)[C@H](C(F)(F)F)[C@@H](O)[C@@H](O)[C@H](O)[C@@]12O,[*]C(=O)O,[*]C(F)(F)F,[*:1]-[CH0](=[OH0])-[OH1]>>[*:1]-[CH0](-[FH0])(-[FH0])-[FH0],118,-3.0422,362.0824667839999,0.2759067046856927,4.982451562330976,0.0309920720590175,0.1124515623309756,14,48,-6.6,-4.4
O=C(O)CO[C@H]1CC(O)[C@@]2(O)[C@H](C(=O)O)[C@@H](O)[C@@H](O)[C@H](O)[C@@]12O,NC(=O)C[C@@H]1[C@@H](O)[C@@H](O)[C@H](O)[C@@]2(O)[C@@H](OCC(=O)O)CC(O)[C@@]12O,[*]C(=O)O,[*]CC(N)=O,[*:1]-[CH0](=[OH0])-[OH1]>>[*:1]-[CH2]-[CH0](-[NH2])=[OH0],13,-4.729099999999994,351.116545872,0.236812222056637,4.881547990757123,-0.0081024105700381,0.0115479907571227,14,49,-6.6,-3.3
O=C(O)CO[C@H]1CC(O)[C@@]2(O)[C@H](C(=O)O)[C@@H](O)[C@@H](O)[C@H](O)[C@@]12O,CC(C)OCO[C@H]1CC(O)[C@@]2(O)[C@H](C(=O)O)[C@@H](O)[C@@H](O)[C@H](O)[C@@]12O,[*]C(=O)O,[*]OC(C)C,[*:1]-[CH0](=[OH0])-[OH1]>>[*:1]-[OH0]-[CH1](-[CH3])-[CH3],12,-3.221999999999997,352.1369469679999,0.248970914997924,4.978716725248438,0.0040562823712488,0.1087167252484375,14,50,-6.6,-5.4
O=C(O)CO[C@H]1CC(O)[C@@]2(O)[C@H](C(=O)O)[C@@H](O)[C@@H](O)[C@H](O)[C@@]12O,CN(CC(=O)O)C[C@H]1CC(O)[C@@]2(O)[C@H](C(=O)O)[C@@H](O)[C@@H](O)[C@H](O)[C@@]12O,[*]O[*],[*]N(C)C[*],[*:1]-[OH0]-[*:2]>>[*:1]-[NH0](-[CH3])-[CH2]-[*:2],24,-4.357099999999994,365.132195936,0.2340118249566029,4.893778364631093,-0.0109028076700723,0.0237783646310925,14,51,-6.6,-4.4
O=C(O)CO[C@H]1CC(O)[C@@]2(O)[C@H](C(=O)O)[C@@H](O)[C@@H](O)[C@H](O)[C@@]12O,CN(CC(=O)O)C[C@H]1CC(O)[C@@]2(O)[C@H](C(=O)O)[C@@H](O)[C@@H](O)[C@H](O)[C@@]12O,[*]O[*],[*]N(C)C[*],[*:1]-[OH0]-[*:2]>>[*:1]-[NH0](-[CH3])-[CH2]-[*:2],24,-4.357099999999994,365.132195936,0.2340118249566029,4.893778364631093,-0.0109028076700723,0.0237783646310925,14,52,-6.6,-4.4
O=C(O)CO[C@H]1CC(O)[C@@]2(O)[C@H](C(=O)O)[C@@H](O)[C@@H](O)[C@H](O)[C@@]12O,O=C(O)[C@@H]1[C@@H](O)[C@@H](O)[C@H](O)[C@@]2(O)[C@@H](OCOC(F)(F)F)CC(O)[C@@]12O,[*]C(=O)O,[*]OC(F)(F)F,[*:1]-[CH0](=[OH0])-[OH1]>>[*:1]-[OH0]-[CH0](-[FH0])(-[FH0])-[FH0],36,-3.110599999999998,378.077381404,0.2477989308186147,5.076391826169553,0.0028842981919395,0.2063918261695532,14,53,-6.6,-6.4
O=C(O)CO[C@H]1CC(O)[C@@]2(O)[C@H](C(=O)O)[C@@H](O)[C@@H](O)[C@H](O)[C@@]12O,O=C(O)CNC(=O)[C@H]1CC(O)[C@@]2(O)[C@H](C(=O)O)[C@@H](O)[C@@H](O)[C@H](O)[C@@]12O,[*]O[*],[*]NC([*])=O,[*:1]-[OH0]-[*:2]>>[*:1]-[NH1]-[CH0](-[*:2])=[OH0],129,-5.172699999999994,365.095810428,0.2286996943252814,4.734675239631093,-0.0162149383013937,-0.1353247603689071,14,54,-6.6,-3.8
O=C(O)CO[C@H]1CC(O)[C@@]2(O)[C@H](C(=O)O)[C@@H](O)[C@@H](O)[C@H](O)[C@@]12O,O=C(O)CNC(=O)[C@H]1CC(O)[C@@]2(O)[C@H](C(=O)O)[C@@H](O)[C@@H](O)[C@H](O)[C@@]12O,[*]O[*],[*]NC([*])=O,[*:1]-[OH0]-[*:2]>>[*:1]-[NH1]-[CH0](-[*:2])=[OH0],129,-5.172699999999994,365.095810428,0.2286996943252814,4.734675239631093,-0.0162149383013937,-0.1353247603689071,14,55,-6.6,-3.8
O=C(O)CO[C@H]1CC(O)[C@@]2(O)[C@H](C(=O)O)[C@@H](O)[C@@H](O)[C@H](O)[C@@]12O,O=C(O)CO[C@H]1CC(O)[C@@]2(O)[C@H](C(=O)N3CCC3)[C@@H](O)[C@@H](O)[C@H](O)[C@@]12O,[*]C(=O)O,[*]C(=O)N1CCC1,[*:1]-[CH0](=[OH0])-[OH1]>>[*:1]-[CH0](=[OH0])-[NH0]1-[CH2]-[CH2]-[CH2]-1,12,-4.372199999999992,377.1321959359999,0.2520142112932015,4.740128167691866,0.0070995786665263,-0.129871832308134,14,56,-6.6,-2.5
O=C(O)CO[C@H]1CC(O)[C@@]2(O)[C@H](C(=O)O)[C@@H](O)[C@@H](O)[C@H](O)[C@@]12O,O=C(O)CO[C@H]1CC(O)[C@@]2(O)[C@H](CC(=O)O)[C@@H](O)[C@@H](O)[C@H](O)[C@@]12O,[*]C(=O)O,[*]CC(=O)O,[*:1]-[CH0](=[OH0])-[OH1]>>[*:1]-[CH2]-[CH0](=[OH0])-[OH1],212,-4.129799999999995,352.10056145999994,0.2383312231538154,4.847321191749678,-0.0065834094728597,-0.0226788082503217,14,57,-6.6,-4.7
O=C(O)CO[C@H]1CC(O)[C@@]2(O)[C@H](C(=O)O)[C@@H](O)[C@@H](O)[C@H](O)[C@@]12O,O=C(O)CCO[C@H]1CC(O)[C@@]2(O)[C@H](C(=O)O)[C@@H](O)[C@@H](O)[C@H](O)[C@@]12O,[*]CC(=O)O,[*]CCC(=O)O,[*:1]-[CH2]-[CH0](=[OH0])-[OH1]>>[*:1]-[CH2]-[CH2]-[CH0](=[OH0])-[OH1],107,-4.129799999999995,352.10056145999994,0.2383312231538154,4.79879488902015,-0.0065834094728597,-0.0712051109798501,14,58,-6.6,-5.0
O=C(O)CO[C@H]1CC(O)[C@@]2(O)[C@H](C(=O)O)[C@@H](O)[C@@H](O)[C@H](O)[C@@]12O,CCNC(=O)CO[C@H]1CC(O)[C@@]2(O)[C@H](C(=O)O)[C@@H](O)[C@@H](O)[C@H](O)[C@@]12O,[*]C(=O)O,[*]C(=O)NCC,[*:1]-[CH0](=[OH0])-[OH1]>>[*:1]-[CH0](=[OH0])-[NH1]-[CH2]-[CH3],40,-4.468399999999994,365.132195936,0.2350444915762495,4.770922639779021,-0.0098701410504256,-0.0990773602209786,14,59,-6.6,-4.9
O=C(O)CO[C@H]1CC(O)[C@@]2(O)[C@H](C(=O)O)[C@@H](O)[C@@H](O)[C@H](O)[C@@]12O,O=C(O)CCN[C@H]1CC(O)[C@@]2(O)[C@H](C(=O)O)[C@@H](O)[C@@H](O)[C@H](O)[C@@]12O,[*]O[*],[*]NC[*],[*:1]-[OH0]-[*:2]>>[*:1]-[NH1]-[CH2]-[*:2],91,-4.556799999999994,351.116545872,0.2301730874018394,4.853431365446949,-0.0147415452248357,-0.0165686345530513,14,60,-6.6,-4.8
O=C(O)CO[C@H]1CC(O)[C@@]2(O)[C@H](C(=O)O)[C@@H](O)[C@@H](O)[C@H](O)[C@@]12O,O=C(O)CCN[C@H]1CC(O)[C@@]2(O)[C@H](C(=O)O)[C@@H](O)[C@@H](O)[C@H](O)[C@@]12O,[*]O[*],[*]NC[*],[*:1]-[OH0]-[*:2]>>[*:1]-[NH1]-[CH2]-[*:2],91,-4.556799999999994,351.116545872,0.2301730874018394,4.853431365446949,-0.0147415452248357,-0.0165686345530513,14,61,-6.6,-4.8
O=C(O)CO[C@H]1CC(O)[C@@]2(O)[C@H](C(=O)O)[C@@H](O)[C@@H](O)[C@H](O)[C@@]12O,O=C(O)[C@@H]1[C@@H](O)[C@@H](O)[C@H](O)[C@@]2(O)[C@@H](OCCN3CCOCC3)CC(O)[C@@]12O,[*]CC(=O)O,[*]CCN1CCOCC1,[*:1]-[CH2]-[CH0](=[OH0])-[OH1]>>[*:1]-[CH2]-[CH2]-[NH0]1-[CH2]-[CH2]-[OH0]-[CH2]-[CH2]-1,27,-4.272299999999992,393.1634960639999,0.2401741045416211,4.696251628227138,-0.004740528085054,-0.173748371772862,14,62,-6.6,-3.7
O=C(O)CO[C@H]1CC(O)[C@@]2(O)[C@H](C(=O)O)[C@@H](O)[C@@H](O)[C@H](O)[C@@]12O,O=C(O)CO[C@H]1CC(O)[C@@]2(O)[C@H](C(=O)N3CCCCC3)[C@@H](O)[C@@H](O)[C@H](O)[C@@]12O,[*]C(=O)O,[*]C(=O)N1CCCCC1,[*:1]-[CH0](=[OH0])-[OH1]>>[*:1]-[CH0](=[OH0])-[NH0]1-[CH2]-[CH2]-[CH2]-[CH2]-[CH2]-1,29,-3.591999999999995,405.1634960639999,0.2461600087223726,4.650457173117113,0.0012453760956974,-0.2195428268828871,14,63,-6.6,-1.1
O=C(O)CO[C@H]1CC(O)[C@@]2(O)[C@H](C(=O)O)[C@@H](O)[C@@H](O)[C@H](O)[C@@]12O,O=C(O)[C@@H]1[C@@H](O)[C@@H](O)[C@H](O)[C@@]2(O)[C@@H](OCCN3CCCC3)CC(O)[C@@]12O,[*]CC(=O)O,[*]CCN1CCCC1,[*:1]-[CH2]-[CH0](=[OH0])-[OH1]>>[*:1]-[CH2]-[CH2]-[NH0]1-[CH2]-[CH2]-[CH2]-[CH2]-1,11,-3.508699999999994,377.1685814439999,0.2547827337626134,4.667973183852176,0.0098681011359381,-0.202026816147824,14,64,-6.6,-3.1
O=C(O)CO[C@H]1CC(O)[C@@]2(O)[C@H](C(=O)O)[C@@H](O)[C@@H](O)[C@H](O)[C@@]12O,O=C(O)CO[C@H]1CC(O)[C@@]2(O)[C@H](C(=O)N3CCCC3)[C@@H](O)[C@@H](O)[C@H](O)[C@@]12O,[*]C(=O)O,[*]C(=O)N1CCCC1,[*:1]-[CH0](=[OH0])-[OH1]>>[*:1]-[CH0](=[OH0])-[NH0]1-[CH2]-[CH2]-[CH2]-[CH2]-1,20,-3.9820999999999938,391.1478459999999,0.2488304973222147,4.681680974907856,0.0039158646955395,-0.1883190250921442,14,65,-6.6,0.1
O=C(O)CO[C@H]1CC(O)[C@@]2(O)[C@H](C(=O)O)[C@@H](O)[C@@H](O)[C@H](O)[C@@]12O,O=C(O)CN1CCN([C@H]2CC(O)[C@@]3(O)[C@H](C(=O)O)[C@@H](O)[C@@H](O)[C@H](O)[C@@]23O)CC1,[*]O[*],[*]N1CCN([*])CC1,[*:1]-[OH0]-[*:2]>>[*:1]-[NH0]1-[CH2]-[CH2]-[NH0](-[*:2])-[CH2]-[CH2]-1,32,-4.918899999999992,406.15874503199984,0.2212954676158725,4.721010062930002,-0.0236191650108027,-0.1489899370699978,14,66,-6.6,-3.2
O=C(O)CO[C@H]1CC(O)[C@@]2(O)[C@H](C(=O)O)[C@@H](O)[C@@H](O)[C@H](O)[C@@]12O,O=C(O)CN1CCN([C@H]2CC(O)[C@@]3(O)[C@H](C(=O)O)[C@@H](O)[C@@H](O)[C@H](O)[C@@]23O)CC1,[*]O[*],[*]N1CCN([*])CC1,[*:1]-[OH0]-[*:2]>>[*:1]-[NH0]1-[CH2]-[CH2]-[NH0](-[*:2])-[CH2]-[CH2]-1,32,-4.918899999999991,406.15874503199984,0.2212954676158725,4.721010062930002,-0.0236191650108027,-0.1489899370699978,14,67,-6.6,-3.3
O=C(O)CO[C@H]1CC(O)[C@@]2(O)[C@H](C(=O)O)[C@@H](O)[C@@H](O)[C@H](O)[C@@]12O,O=C(O)CO[C@H]1CC(O)[C@@]2(O)[C@H](N3CCCCC3)[C@@H](O)[C@@H](O)[C@H](O)[C@@]12O,[*]C(=O)O,[*]N1CCCCC1,[*:1]-[CH0](=[OH0])-[OH1]>>[*:1]-[NH0]1-[CH2]-[CH2]-[CH2]-[CH2]-[CH2]-1,10,-3.366199999999996,377.1685814439999,0.2622599977389872,4.759755381654374,0.017345365112312,-0.110244618345626,14,68,-6.6,0.7
O=C(O)CO[C@H]1CC(O)[C@@]2(O)[C@H](C(=O)O)[C@@H](O)[C@@H](O)[C@H](O)[C@@]12O,O=C(CO[C@H]1CC(O)[C@@]2(O)[C@H](C(=O)O)[C@@H](O)[C@@H](O)[C@H](O)[C@@]12O)NC1CC1,[*]C(=O)O,[*]C(=O)NC1CC1,[*:1]-[CH0](=[OH0])-[OH1]>>[*:1]-[CH0](=[OH0])-[NH1]-[CH1]1-[CH2]-[CH2]-1,32,-4.325899999999994,377.132195936,0.2317850697544449,4.734618212940734,-0.0131295628722303,-0.1353817870592664,14,69,-6.6,-4.6
O=C(O)CO[C@H]1CC(O)[C@@]2(O)[C@H](C(=O)O)[C@@H](O)[C@@H](O)[C@H](O)[C@@]12O,O=C(O)CNC(=O)O[C@H]1CC(O)[C@@]2(O)[C@H](C(=O)O)[C@@H](O)[C@@H](O)[C@H](O)[C@@]12O,[*]O[*],[*]OC(=O)N[*],[*:1]-[OH0]-[*:2]>>[*:1]-[OH0]-[CH0](=[OH0])-[NH1]-[*:2],32,-4.810299999999994,381.0907250479999,0.222987968347592,4.747950576012256,-0.0219266642790831,-0.1220494239877441,14,70,-6.6,-5.6
O=C(O)CO[C@H]1CC(O)[C@@]2(O)[C@H](C(=O)O)[C@@H](O)[C@@H](O)[C@H](O)[C@@]12O,O=C(O)CNC(=O)O[C@H]1CC(O)[C@@]2(O)[C@H](C(=O)O)[C@@H](O)[C@@H](O)[C@H](O)[C@@]12O,[*]O[*],[*]OC(=O)N[*],[*:1]-[OH0]-[*:2]>>[*:1]-[OH0]-[CH0](=[OH0])-[NH1]-[*:2],32,-4.810299999999994,381.0907250479999,0.222987968347592,4.747950576012256,-0.0219266642790831,-0.1220494239877441,14,71,-6.6,-5.6
O=C(O)CO[C@H]1CC(O)[C@@]2(O)[C@H](C(=O)O)[C@@H](O)[C@@H](O)[C@H](O)[C@@]12O,CC(=O)NC[C@@H]1[C@@H](O)[C@@H](O)[C@H](O)[C@@]2(O)[C@@H](OCC(=O)O)CC(O)[C@@]12O,[*]C(=O)O,[*]CNC(C)=O,[*:1]-[CH0](=[OH0])-[OH1]>>[*:1]-[CH2]-[NH1]-[CH0](-[CH3])=[OH0],13,-4.468399999999993,365.132195936,0.2350444915762495,4.8771652433293164,-0.0098701410504256,0.0071652433293163,14,72,-6.6,-5.8
O=C(O)CO[C@H]1CC(O)[C@@]2(O)[C@H](C(=O)O)[C@@H](O)[C@@H](O)[C@H](O)[C@@]12O,CC(C)(O)CO[C@H]1CC(O)[C@@]2(O)[C@H](C(=O)O)[C@@H](O)[C@@H](O)[C@H](O)[C@@]12O,[*]C(=O)O,[*]C(C)(C)O,[*:1]-[CH0](=[OH0])-[OH1]>>[*:1]-[CH0](-[CH3])(-[CH3])-[OH1],20,-3.833599999999997,352.1369469679999,0.2487711409717321,4.993596581246485,0.0038565083450569,0.1235965812464847,14,73,-6.6,-5.3
O=C(O)CO[C@H]1CC(O)[C@@]2(O)[C@H](C(=O)O)[C@@H](O)[C@@H](O)[C@H](O)[C@@]12O,COC(=O)CO[C@H]1CC(O)[C@@]2(O)[C@H](C(=O)O)[C@@H](O)[C@@H](O)[C@H](O)[C@@]12O,[*]CC(=O)O,[*]CC(=O)OC,[*:1]-[CH2]-[CH0](=[OH0])-[OH1]>>[*:1]-[CH2]-[CH0](=[OH0])-[OH0]-[CH3],90,-4.431499999999994,352.10056145999994,0.2412214112283314,4.812616477109479,-0.0036932213983437,-0.0573835228905208,14,74,-6.6,-4.0
O=C(O)CO[C@H]1CC(O)[C@@]2(O)[C@H](C(=O)O)[C@@H](O)[C@@H](O)[C@H](O)[C@@]12O,CC(=O)[C@@H]1[C@@H](O)[C@@H](O)[C@H](O)[C@@]2(O)[C@@H](OCC(=O)O)CC(O)[C@@]12O,[*]C(=O)O,[*]C(C)=O,[*:1]-[CH0](=[OH0])-[OH1]>>[*:1]-[CH0](-[CH3])=[OH0],68,-4.015499999999995,336.10564684,0.2665646553197973,4.8685071067737855,0.0216500226931221,-0.0014928932262145,14,75,-6.6,-3.2
O=C(O)CO[C@H]1CC(O)[C@@]2(O)[C@H](C(=O)O)[C@@H](O)[C@@H](O)[C@H](O)[C@@]12O,C[C@H](O[C@H]1CC(O)[C@@]2(O)[C@H](C(=O)O)[C@@H](O)[C@@H](O)[C@H](O)[C@@]12O)C(=O)O,[*]CC(=O)O,[*][C@@H](C)C(=O)O,[*:1]-[CH2]-[CH0](=[OH0])-[OH1]>>[*:1]-[C@@H1](-[CH3])-[CH0](=[OH0])-[OH1],42,-4.131399999999995,352.10056145999994,0.2437009217802111,4.962429273094684,-0.001213710846464,0.0924292730946838,14,76,-6.6,-5.7
O=C(O)CO[C@H]1CC(O)[C@@]2(O)[C@H](C(=O)O)[C@@H](O)[C@@H](O)[C@H](O)[C@@]12O,O=C(O)CO[C@H]1CC(O)[C@@]2(O)[C@H](OCCO)[C@@H](O)[C@@H](O)[C@H](O)[C@@]12O,[*]C(=O)O,[*]OCCO,[*:1]-[CH0](=[OH0])-[OH1]>>[*:1]-[OH0]-[CH2]-[CH2]-[OH1],17,-4.843199999999992,354.11621152399994,0.2275390687227408,4.889265289587326,-0.0173755639039343,0.0192652895873255,14,77,-6.6,-5.7
O=C(O)CO[C@H]1CC(O)[C@@]2(O)[C@H](C(=O)O)[C@@H](O)[C@@H](O)[C@H](O)[C@@]12O,C=CCO[C@H]1CC(O)[C@@]2(O)[C@H](C(=O)O)[C@@H](O)[C@@H](O)[C@H](O)[C@@]12O,[*]CC(=O)O,[*]CC=C,[*:1]-[CH2]-[CH0](=[OH0])-[OH1]>>[*:1]-[CH2]-[CH1]=[CH2],15,-3.418499999999997,320.11073221999993,0.2607987771254625,4.977287479568332,0.0158841444987873,0.107287479568332,14,78,-6.6,-5.4
O=C(O)CO[C@H]1CC(O)[C@@]2(O)[C@H](C(=O)O)[C@@H](O)[C@@H](O)[C@H](O)[C@@]12O,O=C(O)CO[C@H]1CC(O)[C@@]2(O)[C@H](C(=O)N3CCOCC3)[C@@H](O)[C@@H](O)[C@H](O)[C@@]12O,[*]C(=O)O,[*]C(=O)N1CCOCC1,[*:1]-[CH0](=[OH0])-[OH1]>>[*:1]-[CH0](=[OH0])-[NH0]1-[CH2]-[CH2]-[OH0]-[CH2]-[CH2]-1,80,-4.745699999999991,407.1427606199999,0.2361418650397061,4.721055942347881,-0.008772767586969,-0.1489440576521188,14,79,-6.6,-0.1
O=C(O)CO[C@H]1CC(O)[C@@]2(O)[C@H](C(=O)O)[C@@H](O)[C@@H](O)[C@H](O)[C@@]12O,O=C(O)CC(=O)[C@H]1CC(O)[C@@]2(O)[C@H](C(=O)O)[C@@H](O)[C@@H](O)[C@H](O)[C@@]12O,[*]O[*],[*]C([*])=O,[*:1]-[OH0]-[*:2]>>[*:1]-[CH0](-[*:2])=[OH0],125,-4.329699999999995,350.08491139599994,0.2268379739973824,4.982086114663888,-0.0180766586292928,0.1120861146638878,14,80,-6.6,-5.0
O=C(O)CO[C@H]1CC(O)[C@@]2(O)[C@H](C(=O)O)[C@@H](O)[C@@H](O)[C@H](O)[C@@]12O,O=C(O)CC(=O)[C@H]1CC(O)[C@@]2(O)[C@H](C(=O)O)[C@@H](O)[C@@H](O)[C@H](O)[C@@]12O,[*]O[*],[*]C([*])=O,[*:1]-[OH0]-[*:2]>>[*:1]-[CH0](-[*:2])=[OH0],125,-4.329699999999995,350.08491139599994,0.2268379739973824,4.982086114663888,-0.0180766586292928,0.1120861146638878,14,81,-6.6,-5.0
O=C(O)CO[C@H]1CC(O)[C@@]2(O)[C@H](C(=O)O)[C@@H](O)[C@@H](O)[C@H](O)[C@@]12O,O=C(O)[C@@H]1[C@@H](O)[C@@H](O)[C@H](O)[C@@]2(O)[C@@H](Oc3ccccc3)CC(O)[C@@]12O,[*]CC(=O)O,[*]c1ccccc1,[*:1]-[CH2]-[CH0](=[OH0])-[OH1]>>[*:1]-[cH0]1:[cH1]:[cH1]:[cH1]:[cH1]:[cH1]:1,20,-2.5420999999999987,356.11073221999993,0.308418914675179,4.480421461646018,0.0635042820485038,-0.389578538353982,14,82,-6.6,-5.5
O=C(O)CO[C@H]1CC(O)[C@@]2(O)[C@H](C(=O)O)[C@@H](O)[C@@H](O)[C@H](O)[C@@]12O,O=C(O)[C@@H]1[C@@H](O)[C@@H](O)[C@H](O)[C@@]2(O)[C@@H](OCCCO)CC(O)[C@@]12O,[*]CC(=O)O,[*]CCCO,[*:1]-[CH2]-[CH0](=[OH0])-[OH1]>>[*:1]-[CH2]-[CH2]-[CH2]-[OH1],25,-4.222099999999996,338.1212969039999,0.2280859082898692,4.8340386321975135,-0.016828724336806,-0.0359613678024866,14,83,-6.6,-4.9
O=C(O)CO[C@H]1CC(O)[C@@]2(O)[C@H](C(=O)O)[C@@H](O)[C@@H](O)[C@H](O)[C@@]12O,O=C(O)COCC[C@H]1CC(O)[C@@]2(O)[C@H](C(=O)O)[C@@H](O)[C@@H](O)[C@H](O)[C@@]12O,[*]O[*],[*]OCC[*],[*:1]-[OH0]-[*:2]>>[*:1]-[OH0]-[CH2]-[CH2]-[*:2],78,-3.882199999999996,366.1162115239999,0.2133132250548063,4.859169503684345,-0.0316014075718688,-0.0108304963156546,14,84,-6.6,-4.8
O=C(O)CO[C@H]1CC(O)[C@@]2(O)[C@H](C(=O)O)[C@@H](O)[C@@H](O)[C@H](O)[C@@]12O,O=C(O)CCCO[C@H]1CC(O)[C@@]2(O)[C@H](C(=O)O)[C@@H](O)[C@@H](O)[C@H](O)[C@@]12O,[*]O[*],[*]OCC[*],[*:1]-[OH0]-[*:2]>>[*:1]-[OH0]-[CH2]-[CH2]-[*:2],78,-3.739699999999996,366.1162115239999,0.2143400732898347,4.724814947471328,-0.0305745593368405,-0.1451850525286717,14,85,-6.6,-4.9
O=C(O)CO[C@H]1CC(O)[C@@]2(O)[C@H](C(=O)O)[C@@H](O)[C@@H](O)[C@H](O)[C@@]12O,CC(O[C@H]1CC(O)[C@@]2(O)[C@H](C(=O)O)[C@@H](O)[C@@H](O)[C@H](O)[C@@]12O)C(=O)O,[*]CC(=O)O,[*]C(C)C(=O)O,[*:1]-[CH2]-[CH0](=[OH0])-[OH1]>>[*:1]-[CH1](-[CH3])-[CH0](=[OH0])-[OH1],32,-4.131399999999995,352.10056145999994,0.2437009217802111,4.962429273094684,-0.001213710846464,0.0924292730946838,14,86,-6.6,-5.6
O=C(O)CO[C@H]1CC(O)[C@@]2(O)[C@H](C(=O)O)[C@@H](O)[C@@H](O)[C@H](O)[C@@]12O,CC(C)NC(=O)CO[C@H]1CC(O)[C@@]2(O)[C@H](C(=O)O)[C@@H](O)[C@@H](O)[C@H](O)[C@@]12O,[*]C(=O)O,[*]C(=O)NC(C)C,[*:1]-[CH0](=[OH0])-[OH1]>>[*:1]-[CH0](=[OH0])-[NH1]-[CH1](-[CH3])-[CH3],30,-4.079899999999994,379.147846,0.2324095338529003,4.754237143176434,-0.0125050987737748,-0.115762856823566,14,87,-6.6,-4.9
O=C(O)CO[C@H]1CC(O)[C@@]2(O)[C@H](C(=O)O)[C@@H](O)[C@@H](O)[C@H](O)[C@@]12O,O=C(O)CO[C@H]1CC(O)[C@@]2(O)[C@H](C(=O)N3CCNCC3)[C@@H](O)[C@@H](O)[C@H](O)[C@@]12O,[*]C(=O)O,[*]C(=O)N1CCNCC1,[*:1]-[CH0](=[OH0])-[OH1]>>[*:1]-[CH0](=[OH0])-[NH0]1-[CH2]-[CH2]-[NH1]-[CH2]-[CH2]-1,11,-5.172699999999991,406.15874503199984,0.2218242834521858,4.812662096194035,-0.0230903491744894,-0.0573379038059647,14,88,-6.6,-3.6
O=C(O)CO[C@H]1CC(O)[C@@]2(O)[C@H](C(=O)O)[C@@H](O)[C@@H](O)[C@H](O)[C@@]12O,COC(=O)[C@@H]1[C@@H](O)[C@@H](O)[C@H](O)[C@@]2(O)[C@@H](OCC(=O)O)CC(O)[C@@]12O,[*]C(=O)O,[*]C(=O)OC,[*:1]-[CH0](=[OH0])-[OH1]>>[*:1]-[CH0](=[OH0])-[OH0]-[CH3],638,-4.4314999999999936,352.10056145999994,0.2412214112283314,4.809230869169033,-0.0036932213983437,-0.060769130830967,14,89,-6.6,-3.0
O=C(O)CO[C@H]1CC(O)[C@@]2(O)[C@H](C(=O)O)[C@@H](O)[C@@H](O)[C@H](O)[C@@]12O,CC(C)(O[C@H]1CC(O)[C@@]2(O)[C@H](C(=O)O)[C@@H](O)[C@@H](O)[C@H](O)[C@@]12O)C(=O)O,[*]CC(=O)O,[*]C(C)(C)C(=O)O,[*:1]-[CH2]-[CH0](=[OH0])-[OH1]>>[*:1]-[CH0](-[CH3])(-[CH3])-[CH0](=[OH0])-[OH1],28,-3.741299999999996,366.1162115239999,0.2425017390324706,4.976002403092631,-0.0024128935942046,0.1060024030926305,14,90,-6.6,-1.8
O=C(O)CO[C@H]1CC(O)[C@@]2(O)[C@H](C(=O)O)[C@@H](O)[C@@H](O)[C@H](O)[C@@]12O,O=C(O)COCO[C@H]1CC(O)[C@@]2(O)[C@H](C(=O)O)[C@@H](O)[C@@H](O)[C@H](O)[C@@]12O,[*]C(=O)O,[*]OCC(=O)O,[*:1]-[CH0](=[OH0])-[OH1]>>[*:1]-[OH0]-[CH2]-[CH0](=[OH0])-[OH1],48,-4.5457999999999945,368.0954760799999,0.1642747934240455,4.905899207826359,-0.0806398392026297,0.0358992078263584,14,91,-6.6,-4.2
O=C(O)CO[C@H]1CC(O)[C@@]2(O)[C@H](C(=O)O)[C@@H](O)[C@@H](O)[C@H](O)[C@@]12O,O=C(O)CO[C@H]1CC(O)[C@@]2(O)[C@H](CN3CCOCC3)[C@@H](O)[C@@H](O)[C@H](O)[C@@]12O,[*]C(=O)O,[*]CN1CCOCC1,[*:1]-[CH0](=[OH0])-[OH1]>>[*:1]-[CH2]-[NH0]1-[CH2]-[CH2]-[OH0]-[CH2]-[CH2]-1,19,-4.272299999999992,393.1634960639999,0.2401741045416211,4.7827483616307225,-0.004740528085054,-0.0872516383692776,14,92,-6.6,-3.3
O=C(O)CO[C@H]1CC(O)[C@@]2(O)[C@H](C(=O)O)[C@@H](O)[C@@H](O)[C@H](O)[C@@]12O,CS(=O)(=O)NCO[C@H]1CC(O)[C@@]2(O)[C@H](C(=O)O)[C@@H](O)[C@@H](O)[C@H](O)[C@@]12O,[*]C(=O)O,[*]NS(C)(=O)=O,[*:1]-[CH0](=[OH0])-[OH1]>>[*:1]-[NH1]-[SH0](-[CH3])(=[OH0])=[OH0],55,-5.097799999999992,387.0835314919999,0.2087911908120837,5.109849758861862,-0.0361234418145914,0.2398497588618617,14,93,-6.6,-5.1
O=C(O)CO[C@H]1CC(O)[C@@]2(O)[C@H](C(=O)O)[C@@H](O)[C@@H](O)[C@H](O)[C@@]12O,CCCCO[C@H]1CC(O)[C@@]2(O)[C@H](C(=O)O)[C@@H](O)[C@@H](O)[C@H](O)[C@@]12O,[*]CC(=O)O,[*]CCCC,[*:1]-[CH2]-[CH0](=[OH0])-[OH1]>>[*:1]-[CH2]-[CH2]-[CH2]-[CH3],17,-2.8043999999999976,336.142032348,0.2621182461047379,4.742441709120591,0.0172036134780626,-0.127558290879409,14,94,-6.6,-4.6
O=C(O)CO[C@H]1CC(O)[C@@]2(O)[C@H](C(=O)O)[C@@H](O)[C@@H](O)[C@H](O)[C@@]12O,C[C@@H](O[C@H]1CC(O)[C@@]2(O)[C@H](C(=O)O)[C@@H](O)[C@@H](O)[C@H](O)[C@@]12O)C(=O)O,[*]CC(=O)O,[*][C@H](C)C(=O)O,[*:1]-[CH2]-[CH0](=[OH0])-[OH1]>>[*:1]-[C@H1](-[CH3])-[CH0](=[OH0])-[OH1],26,-4.131399999999995,352.10056145999994,0.2437009217802111,4.962429273094684,-0.001213710846464,0.0924292730946838,14,95,-6.6,-5.1
O=C(O)CO[C@H]1CC(O)[C@@]2(O)[C@H](C(=O)O)[C@@H](O)[C@@H](O)[C@H](O)[C@@]12O,NC(=O)NCO[C@H]1CC(O)[C@@]2(O)[C@H](C(=O)O)[C@@H](O)[C@@H](O)[C@H](O)[C@@]12O,[*]C(=O)O,[*]NC(N)=O,[*:1]-[CH0](=[OH0])-[OH1]>>[*:1]-[NH1]-[CH0](-[NH2])=[OH0],10,-4.978699999999994,352.1117948399999,0.2189823348244683,5.095763623511466,-0.0259322978022069,0.2257636235114661,14,96,-6.6,-4.9
O=C(O)CO[C@H]1CC(O)[C@@]2(O)[C@H](C(=O)O)[C@@H](O)[C@@H](O)[C@H](O)[C@@]12O,CN(C)CCCO[C@H]1CC(O)[C@@]2(O)[C@H](C(=O)O)[C@@H](O)[C@@H](O)[C@H](O)[C@@]12O,[*]CC(=O)O,[*]CCCN(C)C,[*:1]-[CH2]-[CH0](=[OH0])-[OH1]>>[*:1]-[CH2]-[CH2]-[CH2]-[NH0](-[CH3])-[CH3],19,-3.6527999999999943,365.1685814439999,0.2327485938052332,4.774260627944702,-0.0121660388214419,-0.0957393720552977,14,97,-6.6,-4.5
O=C(O)CO[C@H]1CC(O)[C@@]2(O)[C@H](C(=O)O)[C@@H](O)[C@@H](O)[C@H](O)[C@@]12O,CN1CCN(C(=O)[C@@H]2[C@@H](O)[C@@H](O)[C@H](O)[C@@]3(O)[C@@H](OCC(=O)O)CC(O)[C@@]23O)CC1,[*]C(=O)O,[*]C(=O)N1CCN(C)CC1,[*:1]-[CH0](=[OH0])-[OH1]>>[*:1]-[CH0](=[OH0])-[NH0]1-[CH2]-[CH2]-[NH0](-[CH3])-[CH2]-[CH2]-1,46,-4.83049999999999,420.17439509599984,0.2307443937372077,4.693497806718932,-0.0141702388894675,-0.1765021932810677,14,98,-6.6,-2.6
O=C(O)CO[C@H]1CC(O)[C@@]2(O)[C@H](C(=O)O)[C@@H](O)[C@@H](O)[C@H](O)[C@@]12O,CCCNC(=O)CO[C@H]1CC(O)[C@@]2(O)[C@H](C(=O)O)[C@@H](O)[C@@H](O)[C@H](O)[C@@]12O,[*]C(=O)O,[*]C(=O)NCCC,[*:1]-[CH0](=[OH0])-[OH1]>>[*:1]-[CH0](=[OH0])-[NH1]-[CH2]-[CH2]-[CH3],12,-4.078299999999994,379.147846,0.2245452005942722,4.704808258189604,-0.020369432032403,-0.1651917418103963,14,99,-6.6,-4.4
O=C(O)C(O)[C@@H]1CCCN1,O=C(O)C(O)C1CCNCC1,[*][C@@H]1CCCN1,[*]C1CCNCC1,[*:1]-[C@@H1]1-[CH2]-[CH2]-[CH2]-[NH1]-1>>[*:1]-[CH1]1-[CH2]-[CH2]-[NH1]-[CH2]-[CH2]-1,11,-0.5685000000000002,159.089543276,0.5044681301847638,3.0476341764473576,0.0297268794141279,-0.3823658235526421,15,0,-6.4,-7.0
O=C(O)C(O)[C@@H]1CCCN1,O=C(O)C(O)[C@@H]1CCN1,[*][C@@H]1CCCN1,[*][C@@H]1CCN1,[*:1]-[C@@H1]1-[CH2]-[CH2]-[CH2]-[NH1]-1>>[*:1]-[C@@H1]1-[CH2]-[CH2]-[NH1]-1,10,-1.2061999999999995,131.058243148,0.4397166585659274,3.467852085666828,-0.0350245922047083,0.0378520856668282,15,1,-6.4,-6.0
O=C(O)C(O)[C@@H]1CCCN1,O=C(O)C(O)[C@H]1CCCN1,[*][C@@H]1CCCN1,[*][C@H]1CCCN1,[*:1]-[C@@H1]1-[CH2]-[CH2]-[CH2]-[NH1]-1>>[*:1]-[C@H1]1-[CH2]-[CH2]-[CH2]-[NH1]-1,32,-0.8161,145.073893212,0.4747412507706358,3.446580847569405,5.551115123125783e-17,0.0165808475694051,15,2,-6.4,-6.8
O=C(O)C(O)[C@@H]1CCCN1,CN1CCC[C@H]1C(O)C(=O)O,[*][C@@H]1CCCN1,[*][C@@H]1CCCN1C,[*:1]-[C@@H1]1-[CH2]-[CH2]-[CH2]-[NH1]-1>>[*:1]-[C@@H1]1-[CH2]-[CH2]-[CH2]-[NH0]-1-[CH3],31,-0.4738999999999998,159.089543276,0.5713257693853039,3.3970138507897065,0.0965845186146681,-0.0329861492102931,15,3,-6.4,-6.6
O=C(O)C(O)[C@@H]1CCCN1,O=C(O)C(O)[C@H]1CCCCN1,[*][C@@H]1CCCN1,[*][C@H]1CCCCN1,[*:1]-[C@@H1]1-[CH2]-[CH2]-[CH2]-[NH1]-1>>[*:1]-[C@H1]1-[CH2]-[CH2]-[CH2]-[CH2]-[NH1]-1,10,-0.4260000000000001,159.089543276,0.5112642525313641,3.341732842832148,0.0365230017607283,-0.0882671571678521,15,4,-6.4,-7.0
CC1C[C@@H](O)[C@@]2([C@@H]3CCO[C@@H]3[C@](O)(C(=O)O)[C@@H]2O)[C@@H](O)O1,CO[C@@]1(O)[C@H]2OCC[C@H]2[C@]2([C@@H](O)OC(C)C[C@H]2O)[C@H]1O,[*]C(=O)O,[*]OC,[*:1]-[CH0](=[OH0])-[OH1]>>[*:1]-[OH0]-[CH3],264,-1.4244999999999997,290.136553044,0.4386552034145861,5.785818751175503,0.0615393517599335,0.1058187511755033,16,0,-4.4,-4.8
CC1C[C@@H](O)[C@@]2([C@@H]3CCO[C@@H]3[C@](O)(C(=O)O)[C@@H]2O)[C@@H](O)O1,CC1C[C@@H](O)[C@]2([C@@H](O)O1)[C@@H]1CCO[C@@H]1[C@](O)(C(C)C)[C@@H]2O,[*]C(=O)O,[*]C(C)C,[*:1]-[CH0](=[OH0])-[OH1]>>[*:1]-[CH1](-[CH3])-[CH3],15,-0.3724000000000003,302.172938552,0.5272483948462592,5.692076979146638,0.1501325431916066,0.0120769791466379,16,1,-4.4,-3.8
CC1C[C@@H](O)[C@@]2([C@@H]3CCO[C@@H]3[C@](O)(C(=O)O)[C@@H]2O)[C@@H](O)O1,CC[C@@]1(O)[C@H]2OCC[C@H]2[C@]2([C@@H](O)OC(C)C[C@H]2O)[C@H]1O,[*]C(=O)O,[*]CC,[*:1]-[CH0](=[OH0])-[OH1]>>[*:1]-[CH2]-[CH3],27,-0.6184000000000003,288.157288488,0.5131968943754167,5.702300802457553,0.1360810427207642,0.0223008024575532,16,2,-4.4,-3.1
CC1C[C@@H](O)[C@@]2([C@@H]3CCO[C@@H]3[C@](O)(C(=O)O)[C@@H]2O)[C@@H](O)O1,CC1C[C@@H](O)[C@]2([C@@H](O)O1)[C@@H]1CCO[C@@H]1[C@](O)(CN)[C@@H]2O,[*]C(=O)O,[*]CN,[*:1]-[CH0](=[OH0])-[OH1]>>[*:1]-[CH2]-[NH2],41,-2.069699999999997,289.15253745600006,0.3753160716608121,5.806303366560117,-0.0017997799938403,0.1263033665601174,16,3,-4.4,-4.5
CC1C[C@@H](O)[C@@]2([C@@H]3CCO[C@@H]3[C@](O)(C(=O)O)[C@@H]2O)[C@@H](O)O1,CC1C[C@@H](O)[C@]2([C@@H](O)O1)[C@@H]1CCO[C@@H]1[C@](O)(CO)[C@@H]2O,[*]C(=O)O,[*]CO,[*:1]-[CH0](=[OH0])-[OH1]>>[*:1]-[CH2]-[OH1],242,-2.0360999999999976,290.136553044,0.3774011986166778,5.726623879380631,0.0002853469620253,0.0466238793806308,16,4,-4.4,-3.1
CC1C[C@@H](O)[C@@]2([C@@H]3CCO[C@@H]3[C@](O)(C(=O)O)[C@@H]2O)[C@@H](O)O1,CC1C[C@@H](O)[C@]2([C@@H](O)O1)[C@@H]1CCO[C@@H]1[C@](O)(C(N)=O)[C@@H]2O,[*]C(=O)O,[*]C(N)=O,[*:1]-[CH0](=[OH0])-[OH1]>>[*:1]-[CH0](-[NH2])=[OH0],426,-2.5430999999999973,303.13180201200004,0.358907217040793,5.698011045080703,-0.0182086346138594,0.0180110450807031,16,5,-4.4,-4.3
CC1C[C@@H](O)[C@@]2([C@@H]3CCO[C@@H]3[C@](O)(C(=O)O)[C@@H]2O)[C@@H](O)O1,CN[C@@]1(O)[C@H]2OCC[C@H]2[C@]2([C@@H](O)OC(C)C[C@H]2O)[C@H]1O,[*]C(=O)O,[*]NC,[*:1]-[CH0](=[OH0])-[OH1]>>[*:1]-[NH1]-[CH3],17,-1.8514999999999984,289.15253745600006,0.3602542309207414,5.845377725534477,-0.016861620733911,0.1653777255344772,16,6,-4.4,-3.4
CC1C[C@@H](O)[C@@]2([C@@H]3CCO[C@@H]3[C@](O)(C(=O)O)[C@@H]2O)[C@@H](O)O1,CC1C[C@@H](O)[C@]2([C@@H](O)O1)[C@@H]1CCO[C@@H]1[C@](O)(N(C)C)[C@@H]2O,[*]C(=O)O,[*]N(C)C,[*:1]-[CH0](=[OH0])-[OH1]>>[*:1]-[NH0](-[CH3])-[CH3],51,-1.5092999999999988,303.16818752000006,0.4368024964475616,5.7853234077180655,0.059686644792909,0.1053234077180658,16,7,-4.4,-2.2
CC1C[C@@H](O)[C@@]2([C@@H]3CCO[C@@H]3[C@](O)(C(=O)O)[C@@H]2O)[C@@H](O)O1,CCO[C@@]1(O)[C@H]2OCC[C@H]2[C@]2([C@@H](O)OC(C)C[C@H]2O)[C@H]1O,[*]C(=O)O,[*]OCC,[*:1]-[CH0](=[OH0])-[OH1]>>[*:1]-[OH0]-[CH2]-[CH3],26,-1.0344,304.152203108,0.4828190738211467,5.753101906850512,0.1057032221664941,0.0731019068505123,16,8,-4.4,-4.7
CC1C[C@@H](O)[C@@]2([C@@H]3CCO[C@@H]3[C@](O)(C(=O)O)[C@@H]2O)[C@@H](O)O1,CNC(=O)[C@@]1(O)[C@H]2OCC[C@H]2[C@]2([C@@H](O)OC(C)C[C@H]2O)[C@H]1O,[*]C(=O)O,[*]C(=O)NC,[*:1]-[CH0](=[OH0])-[OH1]>>[*:1]-[CH0](=[OH0])-[NH1]-[CH3],187,-2.2823999999999973,317.14745207600004,0.3683391202450528,5.698018272988206,-0.0087767314095997,0.0180182729882059,16,9,-4.4,-4.6
CC1C[C@@H](O)[C@@]2([C@@H]3CCO[C@@H]3[C@](O)(C(=O)O)[C@@H]2O)[C@@H](O)O1,CC1C[C@@H](O)[C@]2([C@@H](O)O1)[C@@H]1CCO[C@@H]1[C@](O)(C(C)(C)C)[C@@H]2O,[*]C(=O)O,[*]C(C)(C)C,[*:1]-[CH0](=[OH0])-[OH1]>>[*:1]-[CH0](-[CH3])(-[CH3])-[CH3],26,0.0177000000000001,316.188588616,0.5026766275066628,5.713436746215738,0.1255607758520102,0.0334367462157381,16,10,-4.4,-1.2
CC1C[C@@H](O)[C@@]2([C@@H]3CCO[C@@H]3[C@](O)(C(=O)O)[C@@H]2O)[C@@H](O)O1,CC1C[C@@H](O)[C@]2([C@@H](O)O1)[C@@H]1CCO[C@@H]1[C@](O)(C(=O)N(C)C)[C@@H]2O,[*]C(=O)O,[*]C(=O)N(C)C,[*:1]-[CH0](=[OH0])-[OH1]>>[*:1]-[CH0](=[OH0])-[NH0](-[CH3])-[CH3],153,-1.9401999999999968,331.16310214,0.4411728988052966,5.670532220140832,0.0640570471506441,-0.0094677798591682,16,11,-4.4,-0.5
CC1C[C@@H](O)[C@@]2([C@@H]3CCO[C@@H]3[C@](O)(C(=O)O)[C@@H]2O)[C@@H](O)O1,CC1C[C@@H](O)[C@]2([C@@H](O)O1)[C@@H]1CCO[C@@H]1[C@](O)(CN(C)C)[C@@H]2O,[*]C(=O)O,[*]CN(C)C,[*:1]-[CH0](=[OH0])-[OH1]>>[*:1]-[CH2]-[NH0](-[CH3])-[CH3],24,-1.4667999999999977,317.183837584,0.4931654607692355,5.730183592414542,0.116049609114583,0.0501835924145419,16,12,-4.4,-2.8
CC1C[C@@H](O)[C@@]2([C@@H]3CCO[C@@H]3[C@](O)(C(=O)O)[C@@H]2O)[C@@H](O)O1,CC(=O)N[C@@]1(O)[C@H]2OCC[C@H]2[C@]2([C@@H](O)OC(C)C[C@H]2O)[C@H]1O,[*]C(=O)O,[*]NC(C)=O,[*:1]-[CH0](=[OH0])-[OH1]>>[*:1]-[NH1]-[CH0](-[CH3])=[OH0],88,-1.9347999999999976,317.14745207600004,0.356078178843693,5.6989147527796,-0.0210376728109594,0.0189147527796,16,13,-4.4,-5.8
CC1C[C@@H](O)[C@@]2([C@@H]3CCO[C@@H]3[C@](O)(C(=O)O)[C@@H]2O)[C@@H](O)O1,CC1C[C@@H](O)[C@]2([C@@H](O)O1)[C@@H]1CCO[C@@H]1[C@](O)(N1CCN(C)CC1)[C@@H]2O,[*]C(=O)O,[*]N1CCN(C)CC1,[*:1]-[CH0](=[OH0])-[OH1]>>[*:1]-[NH0]1-[CH2]-[CH2]-[NH0](-[CH3])-[CH2]-[CH2]-1,14,-1.823499999999996,358.21038667999994,0.434140424747433,5.580977045918344,0.0570245730927805,-0.099022954081656,16,14,-4.4,-1.0
CC1C[C@@H](O)[C@@]2([C@@H]3CCO[C@@H]3[C@](O)(C(=O)O)[C@@H]2O)[C@@H](O)O1,CC1C[C@@H](O)[C@]2([C@@H](O)O1)[C@@H]1CCO[C@@H]1[C@](O)(CCO)[C@@H]2O,[*]C(=O)O,[*]CCO,[*:1]-[CH0](=[OH0])-[OH1]>>[*:1]-[CH2]-[CH2]-[OH1],26,-1.6459999999999997,304.152203108,0.4146470347909565,5.760880044502334,0.037531183136304,0.0808800445023338,16,15,-4.4,-4.4
CC1C[C@@H](O)[C@@]2([C@@H]3CCO[C@@H]3[C@](O)(C(=O)O)[C@@H]2O)[C@@H](O)O1,COC[C@@]1(O)[C@H]2OCC[C@H]2[C@]2([C@@H](O)OC(C)C[C@H]2O)[C@H]1O,[*]C(=O)O,[*]COC,[*:1]-[CH0](=[OH0])-[OH1]>>[*:1]-[CH2]-[OH0]-[CH3],25,-1.3819999999999992,304.152203108,0.497625882531802,5.7396079797250055,0.1205100308771495,0.0596079797250057,16,16,-4.4,-3.3
CC1C[C@@H](O)[C@@]2([C@@H]3CCO[C@@H]3[C@](O)(C(=O)O)[C@@H]2O)[C@@H](O)O1,CC1C[C@@H](O)[C@]2([C@@H](O)O1)[C@@H]1CCO[C@@H]1[C@](O)(N1CCOCC1)[C@@H]2O,[*]C(=O)O,[*]N1CCOCC1,[*:1]-[CH0](=[OH0])-[OH1]>>[*:1]-[NH0]1-[CH2]-[CH2]-[OH0]-[CH2]-[CH2]-1,37,-1.7386999999999977,345.178752204,0.4432409631725882,5.604682908645112,0.0661251115179357,-0.0753170913548872,16,17,-4.4,0.1
CC1C[C@@H](O)[C@@]2([C@@H]3CCO[C@@H]3[C@](O)(C(=O)O)[C@@H]2O)[C@@H](O)O1,CC1C[C@@H](O)[C@]2([C@@H](O)O1)[C@@H]1CCO[C@@H]1[C@](O)(C(F)(F)F)[C@@H]2O,[*]C(=O)O,[*]C(F)(F)F,[*:1]-[CH0](=[OH0])-[OH1]>>[*:1]-[CH0](-[FH0])(-[FH0])-[FH0],118,-0.4661000000000002,328.113372988,0.4799927296719323,5.7169818390539335,0.1028768780172798,0.0369818390539338,16,18,-4.4,-1.2
CC1C[C@@H](O)[C@@]2([C@@H]3CCO[C@@H]3[C@](O)(C(=O)O)[C@@H]2O)[C@@H](O)O1,CC1C[C@@H](O)[C@]2([C@@H](O)O1)[C@@H]1CCO[C@@H]1[C@](O)(CC(N)=O)[C@@H]2O,[*]C(=O)O,[*]CC(N)=O,[*:1]-[CH0](=[OH0])-[OH1]>>[*:1]-[CH2]-[CH0](-[NH2])=[OH0],13,-2.152999999999997,317.14745207600004,0.3904909960392089,5.71127068498299,0.0133751443845563,0.0312706849829904,16,19,-4.4,-3.8
CC1C[C@@H](O)[C@@]2([C@@H]3CCO[C@@H]3[C@](O)(C(=O)O)[C@@H]2O)[C@@H](O)O1,CC(C)O[C@@]1(O)[C@H]2OCC[C@H]2[C@]2([C@@H](O)OC(C)C[C@H]2O)[C@H]1O,[*]C(=O)O,[*]OC(C)C,[*:1]-[CH0](=[OH0])-[OH1]>>[*:1]-[OH0]-[CH1](-[CH3])-[CH3],12,-0.6459000000000001,318.167853172,0.5012333190724547,5.760440958776993,0.1241174674178022,0.0804409587769932,16,20,-4.4,-3.1
CC1C[C@@H](O)[C@@]2([C@@H]3CCO[C@@H]3[C@](O)(C(=O)O)[C@@H]2O)[C@@H](O)O1,CC1C[C@@H](O)[C@]2([C@@H](O)O1)[C@@H]1CCO[C@@H]1[C@](O)(OC(F)(F)F)[C@@H]2O,[*]C(=O)O,[*]OC(F)(F)F,[*:1]-[CH0](=[OH0])-[OH1]>>[*:1]-[OH0]-[CH0](-[FH0])(-[FH0])-[FH0],36,-0.5345000000000002,344.108287608,0.4734656047933567,5.830650505134527,0.0963497531387042,0.1506505051345277,16,21,-4.4,-2.6
CC1C[C@@H](O)[C@@]2([C@@H]3CCO[C@@H]3[C@](O)(C(=O)O)[C@@H]2O)[C@@H](O)O1,CC1C[C@@H](O)[C@]2([C@@H](O)O1)[C@@H]1CCO[C@@H]1[C@](O)(C(=O)N1CCC1)[C@@H]2O,[*]C(=O)O,[*]C(=O)N1CCC1,[*:1]-[CH0](=[OH0])-[OH1]>>[*:1]-[CH0](=[OH0])-[NH0]1-[CH2]-[CH2]-[CH2]-1,12,-1.7960999999999978,343.16310214,0.4435403122593445,5.532307870227732,0.066424460604692,-0.1476921297722677,16,22,-4.4,-4.4
CC1C[C@@H](O)[C@@]2([C@@H]3CCO[C@@H]3[C@](O)(C(=O)O)[C@@H]2O)[C@@H](O)O1,CC1C[C@@H](O)[C@]2([C@@H](O)O1)[C@@H]1CCO[C@@H]1[C@](O)(CC(=O)O)[C@@H]2O,[*]C(=O)O,[*]CC(=O)O,[*:1]-[CH0](=[OH0])-[OH1]>>[*:1]-[CH2]-[CH0](=[OH0])-[OH1],212,-1.5536999999999992,318.131467664,0.4124738723797762,5.658176551997332,0.0353580207251237,-0.0218234480026682,16,23,-4.4,-2.7
CC1C[C@@H](O)[C@@]2([C@@H]3CCO[C@@H]3[C@](O)(C(=O)O)[C@@H]2O)[C@@H](O)O1,CCNC(=O)[C@@]1(O)[C@H]2OCC[C@H]2[C@]2([C@@H](O)OC(C)C[C@H]2O)[C@H]1O,[*]C(=O)O,[*]C(=O)NCC,[*:1]-[CH0](=[OH0])-[OH1]>>[*:1]-[CH0](=[OH0])-[NH1]-[CH2]-[CH3],40,-1.892299999999998,331.16310214,0.3999795837425512,5.587550338352605,0.0228637320878987,-0.0924496616473948,16,24,-4.4,-3.0
CC1C[C@@H](O)[C@@]2([C@@H]3CCO[C@@H]3[C@](O)(C(=O)O)[C@@H]2O)[C@@H](O)O1,CC1C[C@@H](O)[C@]2([C@@H](O)O1)[C@@H]1CCO[C@@H]1[C@](O)(C(=O)N1CCCCC1)[C@@H]2O,[*]C(=O)O,[*]C(=O)N1CCCCC1,[*:1]-[CH0](=[OH0])-[OH1]>>[*:1]-[CH0](=[OH0])-[NH0]1-[CH2]-[CH2]-[CH2]-[CH2]-[CH2]-1,29,-1.0158999999999987,371.1944022679999,0.4658994990683999,5.393077958068238,0.0887836474137473,-0.2869220419317617,16,25,-4.4,0.6
CC1C[C@@H](O)[C@@]2([C@@H]3CCO[C@@H]3[C@](O)(C(=O)O)[C@@H]2O)[C@@H](O)O1,CC1C[C@@H](O)[C@]2([C@@H](O)O1)[C@@H]1CCO[C@@H]1[C@](O)(C(=O)N1CCCC1)[C@@H]2O,[*]C(=O)O,[*]C(=O)N1CCCC1,[*:1]-[CH0](=[OH0])-[OH1]>>[*:1]-[CH0](=[OH0])-[NH0]1-[CH2]-[CH2]-[CH2]-[CH2]-1,20,-1.4059999999999984,357.1787522039999,0.4552812147921511,5.4442834004333935,0.0781653631374986,-0.2357165995666061,16,26,-4.4,-3.9
CC1C[C@@H](O)[C@@]2([C@@H]3CCO[C@@H]3[C@](O)(C(=O)O)[C@@H]2O)[C@@H](O)O1,CC1C[C@@H](O)[C@]2([C@@H](O)O1)[C@@H]1CCO[C@@H]1[C@](O)(N1CCCCC1)[C@@H]2O,[*]C(=O)O,[*]N1CCCCC1,[*:1]-[CH0](=[OH0])-[OH1]>>[*:1]-[NH0]1-[CH2]-[CH2]-[CH2]-[CH2]-[CH2]-1,10,-0.5849999999999993,343.19948764799994,0.5048512256185739,5.541124929311014,0.1277353739639213,-0.1388750706889858,16,27,-4.4,-1.7
CC1C[C@@H](O)[C@@]2([C@@H]3CCO[C@@H]3[C@](O)(C(=O)O)[C@@H]2O)[C@@H](O)O1,CC1C[C@@H](O)[C@]2([C@@H](O)O1)[C@@H]1CCO[C@@H]1[C@](O)(C(=O)NC1CC1)[C@@H]2O,[*]C(=O)O,[*]C(=O)NC1CC1,[*:1]-[CH0](=[OH0])-[OH1]>>[*:1]-[CH0](=[OH0])-[NH1]-[CH1]1-[CH2]-[CH2]-1,32,-1.7497999999999985,343.16310214,0.4021105459031306,5.536987870227732,0.0249946942484781,-0.1430121297722681,16,28,-4.4,-4.2
CC1C[C@@H](O)[C@@]2([C@@H]3CCO[C@@H]3[C@](O)(C(=O)O)[C@@H]2O)[C@@H](O)O1,CC(=O)NC[C@@]1(O)[C@H]2OCC[C@H]2[C@]2([C@@H](O)OC(C)C[C@H]2O)[C@H]1O,[*]C(=O)O,[*]CNC(C)=O,[*:1]-[CH0](=[OH0])-[OH1]>>[*:1]-[CH2]-[NH1]-[CH0](-[CH3])=[OH0],13,-1.8922999999999968,331.16310214,0.3999795837425513,5.614050090213647,0.0228637320878988,-0.0659499097863527,16,29,-4.4,-4.9
CC1C[C@@H](O)[C@@]2([C@@H]3CCO[C@@H]3[C@](O)(C(=O)O)[C@@H]2O)[C@@H](O)O1,CC1C[C@@H](O)[C@]2([C@@H](O)O1)[C@@H]1CCO[C@@H]1[C@](O)(C(C)(C)O)[C@@H]2O,[*]C(=O)O,[*]C(C)(C)O,[*:1]-[CH0](=[OH0])-[OH1]>>[*:1]-[CH0](-[CH3])(-[CH3])-[OH1],20,-1.2575,318.167853172,0.4093351264532132,5.771113138788682,0.0322192747985607,0.0911131387886818,16,30,-4.4,-0.4
CC1C[C@@H](O)[C@@]2([C@@H]3CCO[C@@H]3[C@](O)(C(=O)O)[C@@H]2O)[C@@H](O)O1,CC(=O)[C@@]1(O)[C@H]2OCC[C@H]2[C@]2([C@@H](O)OC(C)C[C@H]2O)[C@H]1O,[*]C(=O)O,[*]C(C)=O,[*:1]-[CH0](=[OH0])-[OH1]>>[*:1]-[CH0](-[CH3])=[OH0],68,-1.4393999999999991,302.136553044,0.4685726810794549,5.656611045080703,0.0914568294248024,-0.0233889549192971,16,31,-4.4,-3.0
CC1C[C@@H](O)[C@@]2([C@@H]3CCO[C@@H]3[C@](O)(C(=O)O)[C@@H]2O)[C@@H](O)O1,CC1C[C@@H](O)[C@]2([C@@H](O)O1)[C@@H]1CCO[C@@H]1[C@](O)(OCCO)[C@@H]2O,[*]C(=O)O,[*]OCCO,[*:1]-[CH0](=[OH0])-[OH1]>>[*:1]-[OH0]-[CH2]-[CH2]-[OH1],17,-2.0619999999999976,320.147117728,0.3754646209173045,5.753076056560566,-0.001651230737348,0.0730760565605663,16,32,-4.4,-1.7
CC1C[C@@H](O)[C@@]2([C@@H]3CCO[C@@H]3[C@](O)(C(=O)O)[C@@H]2O)[C@@H](O)O1,CC1C[C@@H](O)[C@]2([C@@H](O)O1)[C@@H]1CCO[C@@H]1[C@](O)(C(=O)N1CCOCC1)[C@@H]2O,[*]C(=O)O,[*]C(=O)N1CCOCC1,[*:1]-[CH0](=[OH0])-[OH1]>>[*:1]-[CH0](=[OH0])-[NH0]1-[CH2]-[CH2]-[OH0]-[CH2]-[CH2]-1,80,-2.1695999999999955,373.173666824,0.4087855625453712,5.466618342683622,0.0316697108907187,-0.2133816573163773,16,33,-4.4,3.2
CC1C[C@@H](O)[C@@]2([C@@H]3CCO[C@@H]3[C@](O)(C(=O)O)[C@@H]2O)[C@@H](O)O1,CC(C)NC(=O)[C@@]1(O)[C@H]2OCC[C@H]2[C@]2([C@@H](O)OC(C)C[C@H]2O)[C@H]1O,[*]C(=O)O,[*]C(=O)NC(C)C,[*:1]-[CH0](=[OH0])-[OH1]>>[*:1]-[CH0](=[OH0])-[NH1]-[CH1](-[CH3])-[CH3],30,-1.5037999999999985,345.178752204,0.41174282055556,5.559481512979211,0.0346269689009075,-0.1205184870207887,16,34,-4.4,-2.8
CC1C[C@@H](O)[C@@]2([C@@H]3CCO[C@@H]3[C@](O)(C(=O)O)[C@@H]2O)[C@@H](O)O1,CC1C[C@@H](O)[C@]2([C@@H](O)O1)[C@@H]1CCO[C@@H]1[C@](O)(C(=O)N1CCNCC1)[C@@H]2O,[*]C(=O)O,[*]C(=O)N1CCNCC1,[*:1]-[CH0](=[OH0])-[OH1]>>[*:1]-[CH0](=[OH0])-[NH0]1-[CH2]-[CH2]-[NH1]-[CH2]-[CH2]-1,11,-2.596599999999995,372.1896512359999,0.3387052554549546,5.562041419606699,-0.0384105961996978,-0.1179585803933003,16,35,-4.4,-1.2
CC1C[C@@H](O)[C@@]2([C@@H]3CCO[C@@H]3[C@](O)(C(=O)O)[C@@H]2O)[C@@H](O)O1,COC(=O)[C@@]1(O)[C@H]2OCC[C@H]2[C@]2([C@@H](O)OC(C)C[C@H]2O)[C@H]1O,[*]C(=O)O,[*]C(=O)OC,[*:1]-[CH0](=[OH0])-[OH1]>>[*:1]-[CH0](=[OH0])-[OH0]-[CH3],638,-1.8553999999999984,318.131467664,0.4149977190980919,5.570842523314151,0.0378818674434394,-0.1091574766858487,16,36,-4.4,-4.1
CC1C[C@@H](O)[C@@]2([C@@H]3CCO[C@@H]3[C@](O)(C(=O)O)[C@@H]2O)[C@@H](O)O1,CC1C[C@@H](O)[C@]2([C@@H](O)O1)[C@@H]1CCO[C@@H]1[C@](O)(OCC(=O)O)[C@@H]2O,[*]C(=O)O,[*]OCC(=O)O,[*:1]-[CH0](=[OH0])-[OH1]>>[*:1]-[OH0]-[CH2]-[CH0](=[OH0])-[OH1],48,-1.969699999999998,334.126382284,0.3708763108924509,5.685435946293051,-0.0062395407622016,0.0054359462930513,16,37,-4.4,-3.6
CC1C[C@@H](O)[C@@]2([C@@H]3CCO[C@@H]3[C@](O)(C(=O)O)[C@@H]2O)[C@@H](O)O1,CC1C[C@@H](O)[C@]2([C@@H](O)O1)[C@@H]1CCO[C@@H]1[C@](O)(CN1CCOCC1)[C@@H]2O,[*]C(=O)O,[*]CN1CCOCC1,[*:1]-[CH0](=[OH0])-[OH1]>>[*:1]-[CH2]-[NH0]1-[CH2]-[CH2]-[OH0]-[CH2]-[CH2]-1,19,-1.6961999999999964,359.1944022679999,0.4618825567571746,5.492199979506495,0.0847667051025221,-0.1878000204935048,16,38,-4.4,-1.2
CC1C[C@@H](O)[C@@]2([C@@H]3CCO[C@@H]3[C@](O)(C(=O)O)[C@@H]2O)[C@@H](O)O1,CC1C[C@@H](O)[C@]2([C@@H](O)O1)[C@@H]1CCO[C@@H]1[C@](O)(NS(C)(=O)=O)[C@@H]2O,[*]C(=O)O,[*]NS(C)(=O)=O,[*:1]-[CH0](=[OH0])-[OH1]>>[*:1]-[NH1]-[SH0](-[CH3])(=[OH0])=[OH0],55,-2.5216999999999965,353.114437696,0.3419576711346875,5.75627850009039,-0.0351581805199649,0.0762785000903907,16,39,-4.4,-4.8
CC1C[C@@H](O)[C@@]2([C@@H]3CCO[C@@H]3[C@](O)(C(=O)O)[C@@H]2O)[C@@H](O)O1,CC1C[C@@H](O)[C@]2([C@@H](O)O1)[C@@H]1CCO[C@@H]1[C@](O)(NC(N)=O)[C@@H]2O,[*]C(=O)O,[*]NC(N)=O,[*:1]-[CH0](=[OH0])-[OH1]>>[*:1]-[NH1]-[CH0](-[NH2])=[OH0],10,-2.402599999999997,318.142701044,0.2943717142572778,5.7466018453480485,-0.0827441373973746,0.0666018453480488,16,40,-4.4,-4.7
CC1C[C@@H](O)[C@@]2([C@@H]3CCO[C@@H]3[C@](O)(C(=O)O)[C@@H]2O)[C@@H](O)O1,CC1C[C@@H](O)[C@]2([C@@H](O)O1)[C@@H]1CCO[C@@H]1[C@](O)(C(=O)N1CCN(C)CC1)[C@@H]2O,[*]C(=O)O,[*]C(=O)N1CCN(C)CC1,[*:1]-[CH0](=[OH0])-[OH1]>>[*:1]-[CH0](=[OH0])-[NH0]1-[CH2]-[CH2]-[NH0](-[CH3])-[CH2]-[CH2]-1,46,-2.254399999999994,386.2053012999999,0.3985100480039317,5.425685605078774,0.0213941963492792,-0.2543143949212254,16,41,-4.4,-0.9
CC1C[C@@H](O)[C@@]2([C@@H]3CCO[C@@H]3[C@](O)(C(=O)O)[C@@H]2O)[C@@H](O)O1,CCCNC(=O)[C@@]1(O)[C@H]2OCC[C@H]2[C@]2([C@@H](O)OC(C)C[C@H]2O)[C@H]1O,[*]C(=O)O,[*]C(=O)NCCC,[*:1]-[CH0](=[OH0])-[OH1]>>[*:1]-[CH0](=[OH0])-[NH1]-[CH2]-[CH2]-[CH3],12,-1.5021999999999986,345.178752204,0.4208888295530049,5.492829290346075,0.0437729778983523,-0.187170709653925,16,42,-4.4,-3.2
CC1C[C@@H](O)[C@@]2([C@@H]3CCO[C@@H]3[C@](O)(C(=O)O)[C@@H]2O)[C@@H](O)O1,CC1C[C@@H](O)[C@]2([C@@H](O)O1)[C@@H]1CCO[C@@H]1[C@](O)(CCC(=O)O)[C@@H]2O,[*]C(=O)O,[*]CCC(=O)O,[*:1]-[CH0](=[OH0])-[OH1]>>[*:1]-[CH2]-[CH2]-[CH0](=[OH0])-[OH1],69,-1.1635999999999993,332.147117728,0.4362705817078485,5.610403191950619,0.059154730053196,-0.0695968080493809,16,43,-4.4,-2.3
CC1C[C@@H](O)[C@@]2([C@@H]3CCO[C@@H]3[C@](O)(C(=O)O)[C@@H]2O)[C@@H](O)O1,CC1C[C@@H](O)[C@]2([C@@H](O)O1)[C@@H]1CCO[C@@H]1[C@](O)(C(C)O)[C@@H]2O,[*]C(=O)O,[*]C(C)O,[*:1]-[CH0](=[OH0])-[OH1]>>[*:1]-[CH1](-[CH3])-[OH1],18,-1.6475999999999995,304.152203108,0.393674375297762,5.82015438365922,0.0165585236431095,0.1401543836592207,16,44,-4.4,-2.4
CC1C[C@@H](O)[C@@]2([C@@H]3CCO[C@@H]3[C@](O)(C(=O)O)[C@@H]2O)[C@@H](O)O1,CC1C[C@@H](O)[C@]2([C@@H](O)O1)[C@@H]1CCO[C@@H]1[C@](O)(C(=O)NC1CCCCC1)[C@@H]2O,[*]C(=O)O,[*]C(=O)NC1CCCCC1,[*:1]-[CH0](=[OH0])-[OH1]>>[*:1]-[CH0](=[OH0])-[NH1]-[CH1]1-[CH2]-[CH2]-[CH2]-[CH2]-[CH2]-1,10,-0.5794999999999997,385.2100523319999,0.4301481057610142,5.366654661211829,0.0530322541063617,-0.3133453387881708,16,45,-4.4,-1.1
CC1C[C@@H](O)[C@@]2([C@@H]3CCO[C@@H]3[C@](O)(C(=O)O)[C@@H]2O)[C@@H](O)O1,CCOC(=O)[C@@]1(O)[C@H]2OCC[C@H]2[C@]2([C@@H](O)OC(C)C[C@H]2O)[C@H]1O,[*]C(=O)O,[*]C(=O)OCC,[*:1]-[CH0](=[OH0])-[OH1]>>[*:1]-[CH0](=[OH0])-[OH0]-[CH2]-[CH3],288,-1.4652999999999985,332.147117728,0.4519199191657534,5.538090536863771,0.0748040675111009,-0.1419094631362289,16,46,-4.4,-3.8
CC1C[C@@H](O)[C@@]2([C@@H]3CCO[C@@H]3[C@](O)(C(=O)O)[C@@H]2O)[C@@H](O)O1,CC1C[C@@H](O)[C@]2([C@@H](O)O1)[C@@H]1CCO[C@@H]1[C@](O)(C(=O)NS(C)(=O)=O)[C@@H]2O,[*]C(=O)O,[*]C(=O)NS(C)(=O)=O,[*:1]-[CH0](=[OH0])-[OH1]>>[*:1]-[CH0](=[OH0])-[NH1]-[SH0](-[CH3])(=[OH0])=[OH0],60,-2.952599999999996,381.109352316,0.336380111569768,5.655883096389611,-0.0407357400848844,-0.0241169036103885,16,47,-4.4,-0.1
CC1C[C@@H](O)[C@@]2([C@@H]3CCO[C@@H]3[C@](O)(C(=O)O)[C@@H]2O)[C@@H](O)O1,CC1C[C@@H](O)[C@]2([C@@H](O)O1)[C@@H]1CCO[C@@H]1[C@](O)(c1ccccc1)[C@@H]2O,[*]C(=O)O,[*]c1ccccc1,[*:1]-[CH0](=[OH0])-[OH1]>>[*:1]-[cH0]1:[cH1]:[cH1]:[cH1]:[cH1]:[cH1]:1,60,0.1282999999999999,336.15728848799995,0.5817266425515321,5.263061094638224,0.2046107908968795,-0.4169389053617758,16,48,-4.4,0.0
CC1C[C@@H](O)[C@@]2([C@@H]3CCO[C@@H]3[C@](O)(C(=O)O)[C@@H]2O)[C@@H](O)O1,CC1C[C@@H](O)[C@]2([C@@H](O)O1)[C@@H]1CCO[C@@H]1[C@](O)(NC(=O)OC(C)(C)C)[C@@H]2O,[*]C(=O)O,[*]NC(=O)OC(C)(C)C,[*:1]-[CH0](=[OH0])-[OH1]>>[*:1]-[NH1]-[CH0](=[OH0])-[OH0]-[CH0](-[CH3])(-[CH3])-[CH3],15,-0.5462,375.189316888,0.3851752060078546,5.545421519941147,0.008059354353202,-0.1345784800588525,16,49,-4.4,-4.1
CC1C[C@@H](O)[C@@]2([C@@H]3CCO[C@@H]3[C@](O)(C(=O)O)[C@@H]2O)[C@@H](O)O1,COc1ccc([C@@]2(O)[C@H]3OCC[C@H]3[C@]3([C@@H](O)OC(C)C[C@H]3O)[C@H]2O)cc1,[*]C(=O)O,[*]c1ccc(OC)cc1,[*:1]-[CH0](=[OH0])-[OH1]>>[*:1]-[cH0]1:[cH1]:[cH1]:[cH0](-[OH0]-[CH3]):[cH1]:[cH1]:1,11,0.1368999999999999,366.1678531719999,0.589402298821112,5.221626034991315,0.2122864471664594,-0.4583739650086844,16,50,-4.4,-3.2
CC1C[C@@H](O)[C@@]2([C@@H]3CCO[C@@H]3[C@](O)(C(=O)O)[C@@H]2O)[C@@H](O)O1,CC1C[C@@H](O)[C@]2([C@@H](O)O1)[C@@H]1CCO[C@@H]1[C@](O)(C(=O)NCCN)[C@@H]2O,[*]C(=O)O,[*]C(=O)NCCN,[*:1]-[CH0](=[OH0])-[OH1]>>[*:1]-[CH0](=[OH0])-[NH1]-[CH2]-[CH2]-[NH2],13,-2.953499999999996,346.1740011719999,0.316829797426596,5.6005843199318734,-0.0602860542280564,-0.0794156800681262,16,51,-4.4,-3.8
CC1C[C@@H](O)[C@@]2([C@@H]3CCO[C@@H]3[C@](O)(C(=O)O)[C@@H]2O)[C@@H](O)O1,CC1C[C@@H](O)[C@]2([C@@H](O)O1)[C@@H]1CCO[C@@H]1[C@](O)(OCCN(C)C)[C@@H]2O,[*]C(=O)O,[*]OCCN(C)C,[*:1]-[CH0](=[OH0])-[OH1]>>[*:1]-[OH0]-[CH2]-[CH2]-[NH0](-[CH3])-[CH3],14,-1.4926999999999968,347.194402268,0.4551691044752146,5.663045385020631,0.078053252820562,-0.0169546149793689,16,52,-4.4,-4.6
CC1C[C@@H](O)[C@@]2([C@@H]3CCO[C@@H]3[C@](O)(C(=O)O)[C@@H]2O)[C@@H](O)O1,CC1C[C@@H](O)[C@]2([C@@H](O)O1)[C@@H]1CCO[C@@H]1[C@](O)(C(C)(C)C(=O)O)[C@@H]2O,[*]C(=O)O,[*]C(C)(C)C(=O)O,[*:1]-[CH0](=[OH0])-[OH1]>>[*:1]-[CH0](-[CH3])(-[CH3])-[CH0](=[OH0])-[OH1],12,-0.9175999999999992,346.16276779199995,0.4330472133344037,5.723814514352838,0.0559313616797512,0.0438145143528379,16,53,-4.4,-0.8
CC1C[C@@H](O)[C@@]2([C@@H]3CCO[C@@H]3[C@](O)(C(=O)O)[C@@H]2O)[C@@H](O)O1,CS[C@@]1(O)[C@H]2OCC[C@H]2[C@]2([C@@H](O)OC(C)C[C@H]2O)[C@H]1O,[*]C(=O)O,[*]SC,[*:1]-[CH0](=[OH0])-[OH1]>>[*:1]-[SH0]-[CH3],25,-0.7079,306.113709424,0.4750665852595843,5.888498238354989,0.0979507336049318,0.2084982383549896,16,54,-4.4,-3.3
CC1C[C@@H](O)[C@@]2([C@@H]3CCO[C@@H]3[C@](O)(C(=O)O)[C@@H]2O)[C@@H](O)O1,COC(=O)C[C@@]1(O)[C@H]2OCC[C@H]2[C@]2([C@@H](O)OC(C)C[C@H]2O)[C@H]1O,[*]C(=O)O,[*]CC(=O)OC,[*:1]-[CH0](=[OH0])-[OH1]>>[*:1]-[CH2]-[CH0](=[OH0])-[OH0]-[CH3],18,-1.4652999999999985,332.147117728,0.4519199191657534,5.585176392943175,0.0748040675111009,-0.0948236070568251,16,55,-4.4,-2.7
CC1C[C@@H](O)[C@@]2([C@@H]3CCO[C@@H]3[C@](O)(C(=O)O)[C@@H]2O)[C@@H](O)O1,CONC(=O)[C@@]1(O)[C@H]2OCC[C@H]2[C@]2([C@@H](O)OC(C)C[C@H]2O)[C@H]1O,[*]C(=O)O,[*]C(=O)NOC,[*:1]-[CH0](=[OH0])-[OH1]>>[*:1]-[CH0](=[OH0])-[NH1]-[OH0]-[CH3],13,-2.350799999999997,333.142366696,0.3542052991028778,5.7580724227198505,-0.0229105525517747,0.0780724227198508,16,56,-4.4,-3.0
CC1C[C@@H](O)[C@@]2([C@@H]3CCO[C@@H]3[C@](O)(C(=O)O)[C@@H]2O)[C@@H](O)O1,CC1C[C@@H](O)[C@]2([C@@H](O)O1)[C@@H]1CCO[C@@H]1[C@](O)(c1n[nH]c(=O)o1)[C@@H]2O,[*]C(=O)O,[*]c1n[nH]c(=O)o1,[*:1]-[CH0](=[OH0])-[OH1]>>[*:1]-[cH0]1:[nH0]:[nH1]:[cH0](=[OH0]):[oH0]:1,13,-2.1953999999999976,344.12196559999995,0.3811181744929786,5.888677950916274,0.004002322838326,0.2086779509162744,16,57,-4.4,-4.3
CC1C[C@@H](O)[C@@]2([C@@H]3CCO[C@@H]3[C@](O)(C(=O)O)[C@@H]2O)[C@@H](O)O1,CCN(CC)C(=O)[C@@]1(O)[C@H]2OCC[C@H]2[C@]2([C@@H](O)OC(C)C[C@H]2O)[C@H]1O,[*]C(=O)O,[*]C(=O)N(CC)CC,[*:1]-[CH0](=[OH0])-[OH1]>>[*:1]-[CH0](=[OH0])-[NH0](-[CH2]-[CH3])-[CH2]-[CH3],26,-1.1599999999999984,359.1944022679999,0.5016957499347222,5.5731621904298985,0.1245798982800697,-0.1068378095701012,16,58,-4.4,-3.2
CC1C[C@@H](O)[C@@]2([C@@H]3CCO[C@@H]3[C@](O)(C(=O)O)[C@@H]2O)[C@@H](O)O1,CC1C[C@@H](O)[C@]2([C@@H](O)O1)[C@@H]1CCO[C@@H]1[C@](O)(C(=O)NCC(=O)O)[C@@H]2O,[*]C(=O)O,[*]C(=O)NCC(=O)O,[*:1]-[CH0](=[OH0])-[OH1]>>[*:1]-[CH0](=[OH0])-[NH1]-[CH2]-[CH0](=[OH0])-[OH1],23,-2.827599999999997,361.137281316,0.3105732039425589,5.521071719706593,-0.0665426477120936,-0.1589282802934066,16,59,-4.4,-5.4
CC1C[C@@H](O)[C@@]2([C@@H]3CCO[C@@H]3[C@](O)(C(=O)O)[C@@H]2O)[C@@H](O)O1,CC1C[C@@H](O)[C@]2([C@@H](O)O1)[C@@H]1CCO[C@@H]1[C@](O)(c1ccccn1)[C@@H]2O,[*]C(=O)O,[*]c1ccccn1,[*:1]-[CH0](=[OH0])-[OH1]>>[*:1]-[cH0]1:[cH1]:[cH1]:[cH1]:[cH1]:[nH0]:1,12,-0.4766999999999999,337.15253745599995,0.5476144612395846,5.491774757095169,0.170498609584932,-0.1882252429048305,16,60,-4.4,-3.3
CC1C[C@@H](O)[C@@]2([C@@H]3CCO[C@@H]3[C@](O)(C(=O)O)[C@@H]2O)[C@@H](O)O1,CC1C[C@@H](O)[C@]2([C@@H](O)O1)[C@@H]1CCO[C@@H]1[C@](O)(C(=O)NCCN(C)C)[C@@H]2O,[*]C(=O)O,[*]C(=O)NCCN(C)C,[*:1]-[CH0](=[OH0])-[OH1]>>[*:1]-[CH0](=[OH0])-[NH1]-[CH2]-[CH2]-[NH0](-[CH3])-[CH3],35,-2.3505999999999947,374.2053012999999,0.3696040825066653,5.49456087015615,-0.0075117691479871,-0.18543912984385,16,61,-4.4,-2.9
CC1C[C@@H](O)[C@@]2([C@@H]3CCO[C@@H]3[C@](O)(C(=O)O)[C@@H]2O)[C@@H](O)O1,CC1C[C@@H](O)[C@]2([C@@H](O)O1)[C@@H]1CCO[C@@H]1[C@](O)(C(=O)NS(=O)(=O)C1CC1)[C@@H]2O,[*]C(=O)O,[*]C(=O)NS(=O)(=O)C1CC1,[*:1]-[CH0](=[OH0])-[OH1]>>[*:1]-[CH0](=[OH0])-[NH1]-[SH0](=[OH0])(=[OH0])-[CH1]1-[CH2]-[CH2]-1,14,-2.4199999999999964,407.12500238,0.3425427774243192,5.600005199673368,-0.0345730742303332,-0.0799948003266317,16,62,-4.4,-2.7
CC1C[C@@H](O)[C@@]2([C@@H]3CCO[C@@H]3[C@](O)(C(=O)O)[C@@H]2O)[C@@H](O)O1,CC(C)OC(=O)[C@@]1(O)[C@H]2OCC[C@H]2[C@]2([C@@H](O)OC(C)C[C@H]2O)[C@H]1O,[*]C(=O)O,[*]C(=O)OC(C)C,[*:1]-[CH0](=[OH0])-[OH1]>>[*:1]-[CH0](=[OH0])-[OH0]-[CH1](-[CH3])-[CH3],20,-1.0767999999999995,346.16276779199995,0.4655247575147727,5.610848580286904,0.0884089058601201,-0.069151419713096,16,63,-4.4,-4.3
CC1C[C@@H](O)[C@@]2([C@@H]3CCO[C@@H]3[C@](O)(C(=O)O)[C@@H]2O)[C@@H](O)O1,CC1C[C@@H](O)[C@]2([C@@H](O)O1)[C@@H]1CCO[C@@H]1[C@](O)(c1nn[nH]n1)[C@@H]2O,[*]C(=O)O,[*]c1nn[nH]n1,[*:1]-[CH0](=[OH0])-[OH1]>>[*:1]-[cH0]1:[nH0]:[nH0]:[nH1]:[nH0]:1,115,-2.3585999999999974,328.13828435999994,0.3806888399432202,5.827981751193796,0.0035729882885677,0.1479817511937966,16,64,-4.4,-3.2
CC1C[C@@H](O)[C@@]2([C@@H]3CCO[C@@H]3[C@](O)(C(=O)O)[C@@H]2O)[C@@H](O)O1,CC1C[C@@H](O)[C@]2([C@@H](O)O1)[C@@H]1CCO[C@@H]1[C@](O)(C(=O)OCCO)[C@@H]2O,[*]C(=O)O,[*]C(=O)OCCO,[*:1]-[CH0](=[OH0])-[OH1]>>[*:1]-[CH0](=[OH0])-[OH0]-[CH2]-[CH2]-[OH1],10,-2.492899999999997,348.142032348,0.349494621808836,5.613131065494003,-0.0276212298458164,-0.0668689345059965,16,65,-4.4,-4.2
CC1C[C@@H](O)[C@@]2([C@@H]3CCO[C@@H]3[C@](O)(C(=O)O)[C@@H]2O)[C@@H](O)O1,COC(=O)CNC(=O)[C@@]1(O)[C@H]2OCC[C@H]2[C@]2([C@@H](O)OC(C)C[C@H]2O)[C@H]1O,[*]C(=O)O,[*]C(=O)NCC(=O)OC,[*:1]-[CH0](=[OH0])-[OH1]>>[*:1]-[CH0](=[OH0])-[NH1]-[CH2]-[CH0](=[OH0])-[OH0]-[CH3],13,-2.739199999999996,375.15293138,0.3304312390154699,5.479302408617688,-0.0466846126391825,-0.2006975913823119,16,66,-4.4,-4.8
CC1C[C@@H](O)[C@@]2([C@@H]3CCO[C@@H]3[C@](O)(C(=O)O)[C@@H]2O)[C@@H](O)O1,CC1C[C@@H](O)[C@]2([C@@H](O)O1)[C@@H]1CCO[C@@H]1[C@](O)(Oc1ccccc1)[C@@H]2O,[*]C(=O)O,[*]Oc1ccccc1,[*:1]-[CH0](=[OH0])-[OH1]>>[*:1]-[OH0]-[cH0]1:[cH1]:[cH1]:[cH1]:[cH1]:[cH1]:1,20,0.0080999999999998,352.1522031079999,0.5552697016347441,5.336272506979022,0.1781538499800916,-0.3437274930209781,16,67,-4.4,-0.3
CC1C[C@@H](O)[C@@]2([C@@H]3CCO[C@@H]3[C@](O)(C(=O)O)[C@@H]2O)[C@@H](O)O1,CC1C[C@@H](O)[C@]2([C@@H](O)O1)[C@@H]1CCO[C@@H]1[C@](O)(CCCC(=O)O)[C@@H]2O,[*]C(=O)O,[*]CCCC(=O)O,[*:1]-[CH0](=[OH0])-[OH1]>>[*:1]-[CH2]-[CH2]-[CH2]-[CH0](=[OH0])-[OH1],15,-0.7734999999999996,346.16276779199995,0.4473715396722645,5.540387633541341,0.070255688017612,-0.1396123664586586,16,68,-4.4,-3.4
CC1C[C@@H](O)[C@@]2([C@@H]3CCO[C@@H]3[C@](O)(C(=O)O)[C@@H]2O)[C@@H](O)O1,CC1C[C@@H](O)[C@]2([C@@H](O)O1)[C@@H]1CCO[C@@H]1[C@](O)(C(=O)OC(C)(C)C)[C@@H]2O,[*]C(=O)O,[*]C(=O)OC(C)(C)C,[*:1]-[CH0](=[OH0])-[OH1]>>[*:1]-[CH0](=[OH0])-[OH0]-[CH0](-[CH3])(-[CH3])-[CH3],25,-0.6866999999999992,360.17841785599995,0.4530543782035753,5.550639739746255,0.0759385265489228,-0.1293602602537449,16,69,-4.4,-2.2
CC1C[C@@H](O)[C@@]2([C@@H]3CCO[C@@H]3[C@](O)(C(=O)O)[C@@H]2O)[C@@H](O)O1,CC1C[C@@H](O)[C@]2([C@@H](O)O1)[C@@H]1CCO[C@@H]1[C@](O)(C(C)C(=O)O)[C@@H]2O,[*]C(=O)O,[*]C(C)C(=O)O,[*:1]-[CH0](=[OH0])-[OH1]>>[*:1]-[CH1](-[CH3])-[CH0](=[OH0])-[OH1],12,-1.3076999999999992,332.147117728,0.420435330588987,5.758680170501011,0.0433194789343345,0.0786801705010109,16,70,-4.4,-2.2
CC1C[C@@H](O)[C@@]2([C@@H]3CCO[C@@H]3[C@](O)(C(=O)O)[C@@H]2O)[C@@H](O)O1,CC1C[C@@H](O)[C@]2([C@@H](O)O1)[C@@H]1CCO[C@@H]1[C@](O)(c1cccs1)[C@@H]2O,[*]C(=O)O,[*]c1cccs1,[*:1]-[CH0](=[OH0])-[OH1]>>[*:1]-[cH0]1:[cH1]:[cH1]:[cH1]:[sH0]:1,10,0.1898,342.1137094239999,0.5814775393942117,5.616881991578411,0.2043616877395591,-0.0631180084215889,16,71,-4.4,-1.8
CC1C[C@@H](O)[C@@]2([C@@H]3CCO[C@@H]3[C@](O)(C(=O)O)[C@@H]2O)[C@@H](O)O1,CC1C[C@@H](O)[C@]2([C@@H](O)O1)[C@@H]1CCO[C@@H]1[C@](O)(C(=O)NCCO)[C@@H]2O,[*]C(=O)O,[*]C(=O)NCCO,[*:1]-[CH0](=[OH0])-[OH1]>>[*:1]-[CH0](=[OH0])-[NH1]-[CH2]-[CH2]-[OH1],48,-2.9198999999999966,347.15801675999995,0.3179843883223615,5.565717574369744,-0.059131463332291,-0.1142824256302557,16,72,-4.4,-2.0
CC1C[C@@H](O)[C@@]2([C@@H]3CCO[C@@H]3[C@](O)(C(=O)O)[C@@H]2O)[C@@H](O)O1,COCCNC(=O)[C@@]1(O)[C@H]2OCC[C@H]2[C@]2([C@@H](O)OC(C)C[C@H]2O)[C@H]1O,[*]C(=O)O,[*]C(=O)NCCOC,[*:1]-[CH0](=[OH0])-[OH1]>>[*:1]-[CH0](=[OH0])-[NH1]-[CH2]-[CH2]-[OH0]-[CH3],26,-2.265799999999995,361.173666824,0.3536955108241994,5.476132623333256,-0.023420340830453,-0.2038673766667438,16,73,-4.4,-3.7
CC1C[C@@H](O)[C@@]2([C@@H]3CCO[C@@H]3[C@](O)(C(=O)O)[C@@H]2O)[C@@H](O)O1,CC1C[C@@H](O)[C@]2([C@@H](O)O1)[C@@H]1CCO[C@@H]1[C@](O)(C(=O)OCc1ccccc1)[C@@H]2O,[*]C(=O)O,[*]C(=O)OCc1ccccc1,[*:1]-[CH0](=[OH0])-[OH1]>>[*:1]-[CH0](=[OH0])-[OH0]-[CH2]-[cH0]1:[cH1]:[cH1]:[cH1]:[cH1]:[cH1]:1,26,-0.2849999999999997,394.162767792,0.5158142699441686,5.174657640486175,0.138698418289516,-0.5053423595138247,16,74,-4.4,-3.8
CC1C[C@@H](O)[C@@]2([C@@H]3CCO[C@@H]3[C@](O)(C(=O)O)[C@@H]2O)[C@@H](O)O1,CC1C[C@@H](O)[C@]2([C@@H](O)O1)[C@@H]1CCO[C@@H]1[C@](O)(c1nnn[nH]1)[C@@H]2O,[*]C(=O)O,[*]c1nnn[nH]1,[*:1]-[CH0](=[OH0])-[OH1]>>[*:1]-[cH0]1:[nH0]:[nH0]:[nH0]:[nH1]:1,179,-2.3585999999999974,328.13828435999994,0.3806888399432202,6.001383193501488,0.0035729882885677,0.3213831935014886,16,75,-4.4,-0.4
CC1C[C@@H](O)[C@@]2([C@@H]3CCO[C@@H]3[C@](O)(C(=O)O)[C@@H]2O)[C@@H](O)O1,CC1C[C@@H](O)[C@]2([C@@H](O)O1)[C@@H]1CCO[C@@H]1[C@](O)(C(=O)NCCN1CCOCC1)[C@@H]2O,[*]C(=O)O,[*]C(=O)NCCN1CCOCC1,[*:1]-[CH0](=[OH0])-[OH1]>>[*:1]-[CH0](=[OH0])-[NH1]-[CH2]-[CH2]-[NH0]1-[CH2]-[CH2]-[OH0]-[CH2]-[CH2]-1,24,-2.579999999999994,416.2158659839999,0.3340868646615321,5.357049073886486,-0.0430289869931203,-0.3229509261135135,16,76,-4.4,-4.0
CC1C[C@@H](O)[C@@]2([C@@H]3CCO[C@@H]3[C@](O)(C(=O)O)[C@@H]2O)[C@@H](O)O1,COCCO[C@@]1(O)[C@H]2OCC[C@H]2[C@]2([C@@H](O)OC(C)C[C@H]2O)[C@H]1O,[*]C(=O)O,[*]OCCOC,[*:1]-[CH0](=[OH0])-[OH1]>>[*:1]-[OH0]-[CH2]-[CH2]-[OH0]-[CH3],12,-1.4078999999999984,334.16276779199995,0.365934881408461,5.65124456025973,-0.0111809702461915,-0.0287554397402693,16,77,-4.4,-2.8
CC1C[C@@H](O)[C@@]2([C@@H]3CCO[C@@H]3[C@](O)(C(=O)O)[C@@H]2O)[C@@H](O)O1,CC1C[C@@H](O)[C@]2([C@@H](O)O1)[C@@H]1CCO[C@@H]1[C@](O)(c1cccnc1)[C@@H]2O,[*]C(=O)O,[*]c1cccnc1,[*:1]-[CH0](=[OH0])-[OH1]>>[*:1]-[cH0]1:[cH1]:[cH1]:[cH1]:[nH0]:[cH1]:1,15,-0.4766999999999999,337.15253745599995,0.5476144612395846,5.471749498771405,0.170498609584932,-0.2082505012285951,16,78,-4.4,-2.1
CC1C[C@@H](O)[C@@]2([C@@H]3CCO[C@@H]3[C@](O)(C(=O)O)[C@@H]2O)[C@@H](O)O1,CC1C[C@@H](O)[C@]2([C@@H](O)O1)[C@@H]1CCO[C@@H]1[C@](O)(C(=O)Nc1ccccc1)[C@@H]2O,[*]C(=O)O,[*]C(=O)Nc1ccccc1,[*:1]-[CH0](=[OH0])-[OH1]>>[*:1]-[CH0](=[OH0])-[NH1]-[cH0]1:[cH1]:[cH1]:[cH1]:[cH1]:[cH1]:1,24,-0.3897000000000004,379.1631021399999,0.4733507927048958,5.186298353519522,0.0962349410502433,-0.4937016464804777,16,79,-4.4,3.6
CC1C[C@@H](O)[C@@]2([C@@H]3CCO[C@@H]3[C@](O)(C(=O)O)[C@@H]2O)[C@@H](O)O1,CC1C[C@@H](O)[C@]2([C@@H](O)O1)[C@@H]1CCO[C@@H]1[C@](O)(c1ccncc1)[C@@H]2O,[*]C(=O)O,[*]c1ccncc1,[*:1]-[CH0](=[OH0])-[OH1]>>[*:1]-[cH0]1:[cH1]:[cH1]:[nH0]:[cH1]:[cH1]:1,13,-0.4766999999999999,337.15253745599995,0.5476144612395846,5.5005474321812775,0.170498609584932,-0.1794525678187222,16,80,-4.4,0.5
CC1C[C@@H](O)[C@@]2([C@@H]3CCO[C@@H]3[C@](O)(C(=O)O)[C@@H]2O)[C@@H](O)O1,CC1C[C@@H](O)[C@]2([C@@H](O)O1)[C@@H]1CCO[C@@H]1[C@](O)(NC(=O)c1ccccc1)[C@@H]2O,[*]C(=O)O,[*]NC(=O)c1ccccc1,[*:1]-[CH0](=[OH0])-[OH1]>>[*:1]-[NH1]-[CH0](=[OH0])-[cH0]1:[cH1]:[cH1]:[cH1]:[cH1]:[cH1]:1,11,-0.6409000000000002,379.1631021399999,0.4324305683400352,5.220258353519522,0.0553147166853826,-0.4597416464804773,16,81,-4.4,2.8
CC1C[C@@H](O)[C@@]2([C@@H]3CCO[C@@H]3[C@](O)(C(=O)O)[C@@H]2O)[C@@H](O)O1,CC1C[C@@H](O)[C@]2([C@@H](O)O1)[C@@H]1CCO[C@@H]1[C@](O)(NS(=O)(=O)C(F)(F)F)[C@@H]2O,[*]C(=O)O,[*]NS(=O)(=O)C(F)(F)F,[*:1]-[CH0](=[OH0])-[OH1]>>[*:1]-[NH1]-[SH0](=[OH0])(=[OH0])-[CH0](-[FH0])(-[FH0])-[FH0],13,-1.6316999999999993,407.08617226,0.3431436165287774,5.798262234086338,-0.0339722351258751,0.1182622340863384,16,82,-4.4,-2.0
CC1C[C@@H](O)[C@@]2([C@@H]3CCO[C@@H]3[C@](O)(C(=O)O)[C@@H]2O)[C@@H](O)O1,CC1C[C@@H](O)[C@]2([C@@H](O)O1)[C@@H]1CCO[C@@H]1[C@](O)(c1noc(=O)[nH]1)[C@@H]2O,[*]C(=O)O,[*]c1noc(=O)[nH]1,[*:1]-[CH0](=[OH0])-[OH1]>>[*:1]-[cH0]1:[nH0]:[oH0]:[cH0](=[OH0]):[nH1]:1,30,-2.1953999999999976,344.12196559999995,0.3811181744929786,6.044896132734456,0.004002322838326,0.3648961327344562,16,83,-4.4,-4.1
CC1C[C@@H](O)[C@@]2([C@@H]3CCO[C@@H]3[C@](O)(C(=O)O)[C@@H]2O)[C@@H](O)O1,CC1C[C@@H](O)[C@]2([C@@H](O)O1)[C@@H]1CCO[C@@H]1[C@](O)(C(=O)NCc1ccccc1)[C@@H]2O,[*]C(=O)O,[*]C(=O)NCc1ccccc1,[*:1]-[CH0](=[OH0])-[OH1]>>[*:1]-[CH0](=[OH0])-[NH1]-[CH2]-[cH0]1:[cH1]:[cH1]:[cH1]:[cH1]:[cH1]:1,32,-0.7120000000000006,393.1787522039999,0.4587832708471538,5.1415404807228615,0.0816674191925013,-0.5384595192771382,16,84,-4.4,-4.4
CC1C[C@@H](O)[C@@]2([C@@H]3CCO[C@@H]3[C@](O)(C(=O)O)[C@@H]2O)[C@@H](O)O1,CC1C[C@@H](O)[C@]2([C@@H](O)O1)[C@@H]1CCO[C@@H]1[C@](O)(OCc1ccccc1)[C@@H]2O,[*]C(=O)O,[*]OCc1ccccc1,[*:1]-[CH0](=[OH0])-[OH1]>>[*:1]-[OH0]-[CH2]-[cH0]1:[cH1]:[cH1]:[cH1]:[cH1]:[cH1]:1,17,0.1458999999999998,366.1678531719999,0.5638814391026571,5.267222821081937,0.1867655874480046,-0.4127771789180627,16,85,-4.4,-3.6
CC1C[C@@H](O)[C@@]2([C@@H]3CCO[C@@H]3[C@](O)(C(=O)O)[C@@H]2O)[C@@H](O)O1,CCCCNC(=O)[C@@]1(O)[C@H]2OCC[C@H]2[C@]2([C@@H](O)OC(C)C[C@H]2O)[C@H]1O,[*]C(=O)O,[*]C(=O)NCCCC,[*:1]-[CH0](=[OH0])-[OH1]>>[*:1]-[CH0](=[OH0])-[NH1]-[CH2]-[CH2]-[CH2]-[CH3],10,-1.112099999999999,359.1944022679999,0.4025828910623558,5.430295745505202,0.0254670394077033,-0.249704254494798,16,86,-4.4,-3.4
CC1C[C@@H](O)[C@@]2([C@@H]3CCO[C@@H]3[C@](O)(C(=O)O)[C@@H]2O)[C@@H](O)O1,CC1C[C@@H](O)[C@]2([C@@H](O)O1)[C@@H]1CCO[C@@H]1[C@](O)(C(=O)NCCCN(C)C)[C@@H]2O,[*]C(=O)O,[*]C(=O)NCCCN(C)C,[*:1]-[CH0](=[OH0])-[OH1]>>[*:1]-[CH0](=[OH0])-[NH1]-[CH2]-[CH2]-[CH2]-[NH0](-[CH3])-[CH3],28,-1.9604999999999944,388.2209513639999,0.3431935362420033,5.444821927808247,-0.0339223154126491,-0.2351780721917524,16,87,-4.4,-4.4
CC1C[C@@H](O)[C@@]2([C@@H]3CCO[C@@H]3[C@](O)(C(=O)O)[C@@H]2O)[C@@H](O)O1,CC1C[C@@H](O)[C@]2([C@@H](O)O1)[C@@H]1CCO[C@@H]1[C@](O)(C(=O)NO)[C@@H]2O,[*]C(=O)O,[*]C(=O)NO,[*:1]-[CH0](=[OH0])-[OH1]>>[*:1]-[CH0](=[OH0])-[NH1]-[OH1],63,-2.522999999999998,319.126716632,0.2289644586774462,5.747303540263303,-0.1481513929772062,0.0673035402633033,16,88,-4.4,-3.7
CC1C[C@@H](O)[C@@]2([C@@H]3CCO[C@@H]3[C@](O)(C(=O)O)[C@@H]2O)[C@@H](O)O1,CC1C[C@@H](O)[C@]2([C@@H](O)O1)[C@@H]1CCO[C@@H]1[C@](O)(C(=O)NN)[C@@H]2O,[*]C(=O)O,[*]C(=O)NN,[*:1]-[CH0](=[OH0])-[OH1]>>[*:1]-[CH0](=[OH0])-[NH1]-[NH2],12,-3.0384999999999973,318.142701044,0.1693366433323492,5.744553083939965,-0.2077792083223032,0.0645530839399652,16,89,-4.4,-4.3
O=C(O[C@@H](CO)C(O)O)OP(=O)(O)O,O=C(CP(=O)(O)O)O[C@@H](CO)C(O)O,[*]O[*],[*]C[*],[*:1]-[OH0]-[*:2]>>[*:1]-[CH2]-[*:2],222,-2.6211,230.019153942,0.195902631779711,3.8177462939741336,-0.0122025782613008,-0.1522537060258662,17,0,-6.2,-6.9
O=C(O[C@@H](CO)C(O)O)OP(=O)(O)O,O=C(CP(=O)(O)O)O[C@@H](CO)C(O)O,[*]O[*],[*]C[*],[*:1]-[OH0]-[*:2]>>[*:1]-[CH2]-[*:2],222,-2.6211,230.019153942,0.195902631779711,3.8177462939741336,-0.0122025782613008,-0.1522537060258662,17,1,-6.2,-6.8
O=C(O[C@@H](CO)C(O)O)OP(=O)(O)O,O=C(NP(=O)(O)O)O[C@@H](CO)C(O)O,[*]O[*],[*]N[*],[*:1]-[OH0]-[*:2]>>[*:1]-[NH1]-[*:2],1876,-2.5231000000000003,231.01440291,0.2283079554242127,3.996033326941167,0.0202027453832008,0.0260333269411674,17,2,-6.2,-7.2
O=C(O[C@@H](CO)C(O)O)OP(=O)(O)O,O=C(N[C@@H](CO)C(O)O)OP(=O)(O)O,[*]O[*],[*]N[*],[*:1]-[OH0]-[*:2]>>[*:1]-[NH1]-[*:2],1876,-2.5231,231.01440291,0.2283079554242127,3.7241265137543538,0.0202027453832008,-0.2458734862456459,17,3,-6.2,-6.8
O=C(O[C@@H](CO)C(O)O)OP(=O)(O)O,CN(C(=O)OP(=O)(O)O)[C@@H](CO)C(O)O,[*]O[*],[*]N([*])C,[*:1]-[OH0]-[*:2]>>[*:1]-[NH0](-[*:2])-[CH3],369,-2.1809,245.030052974,0.2770709614568468,3.89210895479604,0.0689657514158349,-0.0778910452039598,17,4,-6.2,-6.7
O=C(O[C@@H](CO)C(O)O)OP(=O)(O)O,CN(C(=O)O[C@@H](CO)C(O)O)P(=O)(O)O,[*]O[*],[*]N([*])C,[*:1]-[OH0]-[*:2]>>[*:1]-[NH0](-[*:2])-[CH3],369,-2.1809,245.030052974,0.2770709614568468,4.12391602340311,0.0689657514158349,0.1539160234031102,17,5,-6.2,-7.0
O=C(O[C@@H](CO)C(O)O)OP(=O)(O)O,O=C(CCP(=O)(O)O)O[C@@H](CO)C(O)O,[*]O[*],[*]CC[*],[*:1]-[OH0]-[*:2]>>[*:1]-[CH2]-[CH2]-[*:2],35,-2.2310000000000003,244.034804006,0.2003532844619002,3.688107444784004,-0.0077519255791116,-0.2818925552159959,17,6,-6.2,-6.7
O=C(O[C@@H](CO)C(O)O)OP(=O)(O)O,O=C(CCP(=O)(O)O)O[C@@H](CO)C(O)O,[*]O[*],[*]CC[*],[*:1]-[OH0]-[*:2]>>[*:1]-[CH2]-[CH2]-[*:2],35,-2.2310000000000003,244.034804006,0.2003532844619002,3.688107444784004,-0.0077519255791116,-0.2818925552159959,17,7,-6.2,-6.3
O=C(O[C@@H](CO)C(O)O)OP(=O)(O)O,O=C(CCNP(=O)(O)O)O[C@@H](CO)C(O)O,[*]O[*],[*]NCC[*],[*:1]-[OH0]-[*:2]>>[*:1]-[NH1]-[CH2]-[CH2]-[*:2],13,-2.7263999999999986,259.045703038,0.1621381321915826,3.843606893359624,-0.0459670778494293,-0.1263931066403758,17,8,-6.2,-6.5
O=C(O[C@@H](CO)C(O)O)OP(=O)(O)O,O=C(CCN[C@@H](CO)C(O)O)OP(=O)(O)O,[*]O[*],[*]NCC[*],[*:1]-[OH0]-[*:2]>>[*:1]-[NH1]-[CH2]-[CH2]-[*:2],13,-2.7263999999999995,259.04570303800006,0.2108219922354483,3.6276170246917054,0.0027167821944364,-0.3423829753082943,17,9,-6.2,-6.4
O=C(O[C@@H](CO)C(O)O)OP(=O)(O)O,CN(C(=O)O[C@@H](CO)C(O)O)C(=O)P(=O)(O)O,[*]O[*],[*]N(C)C([*])=O,[*:1]-[OH0]-[*:2]>>[*:1]-[NH0](-[CH3])-[CH0](-[*:2])=[OH0],29,-1.9759000000000004,273.024967594,0.2880483197636731,4.141008114298376,0.0799431097226612,0.1710081142983757,17,10,-6.2,-7.2
O=C(O[C@@H](CO)C(O)O)OP(=O)(O)O,CN(C(=O)OP(=O)(O)O)C(=O)[C@@H](CO)C(O)O,[*]O[*],[*]N(C)C([*])=O,[*:1]-[OH0]-[*:2]>>[*:1]-[NH0](-[CH3])-[CH0](-[*:2])=[OH0],29,-2.4067,273.02496759400003,0.2768292549562199,3.987263059353322,0.068724044915208,0.017263059353322,17,11,-6.2,-7.0
O=C(O[C@@H](CO)C(O)O)OP(=O)(O)O,O=C(OC[C@@H](CO)C(O)O)OP(=O)(O)O,[*]O[*],[*]OC[*],[*:1]-[OH0]-[*:2]>>[*:1]-[OH0]-[CH2]-[*:2],780,-1.8485000000000005,246.014068562,0.2134075281531387,3.9503973233265137,0.0053023181121268,-0.019602676673486,17,12,-6.2,-6.4
O=C(O[C@@H](CO)C(O)O)OP(=O)(O)O,O=C(CO[C@@H](CO)C(O)O)OP(=O)(O)O,[*]O[*],[*]OC[*],[*:1]-[OH0]-[*:2]>>[*:1]-[OH0]-[CH2]-[*:2],780,-2.6895,246.01406856200003,0.2486644821636118,3.896819995391292,0.0405592721225999,-0.0731800046087078,17,13,-6.2,-6.8
O=C(O[C@@H](CO)C(O)O)OP(=O)(O)O,CCN(C(=O)OP(=O)(O)O)[C@@H](CO)C(O)O,[*]O[*],[*]N([*])CC,[*:1]-[OH0]-[*:2]>>[*:1]-[NH0](-[*:2])-[CH2]-[CH3],206,-1.7908000000000002,259.045703038,0.2869354683488138,3.8773573154984593,0.0788302583078019,-0.0926426845015404,17,14,-6.2,-6.7
O=C(O[C@@H](CO)C(O)O)OP(=O)(O)O,CCN(C(=O)OP(=O)(O)O)[C@@H](CO)C(O)O,[*]O[*],[*]N([*])CC,[*:1]-[OH0]-[*:2]>>[*:1]-[NH0](-[*:2])-[CH2]-[CH3],206,-1.7908000000000002,259.045703038,0.2869354683488138,3.8773573154984593,0.0788302583078019,-0.0926426845015404,17,15,-6.2,-6.9
O=C(O[C@@H](CO)C(O)O)OP(=O)(O)O,O=C(NCCOP(=O)(O)O)O[C@@H](CO)C(O)O,[*]C([*])=O,[*]C(=O)NCC[*],[*:1]-[CH0](-[*:2])=[OH0]>>[*:1]-[CH0](=[OH0])-[NH1]-[CH2]-[CH2]-[*:2],11,-2.5065,275.040617658,0.1670019122712599,3.521772449962712,-0.0411032977697519,-0.4482275500372878,17,16,-6.2,-6.9
O=C(O[C@@H](CO)C(O)O)OP(=O)(O)O,O=C(NCCO[C@@H](CO)C(O)O)OP(=O)(O)O,[*]C([*])=O,[*]C(=O)NCC[*],[*:1]-[CH0](-[*:2])=[OH0]>>[*:1]-[CH0](=[OH0])-[NH1]-[CH2]-[CH2]-[*:2],11,-2.5065,275.04061765800003,0.1670019122712599,3.785434687724949,-0.0411032977697519,-0.1845653122750503,17,17,-6.2,-6.9
O=C(O[C@@H](CO)C(O)O)OP(=O)(O)O,CN(C[C@@H](CO)C(O)O)C(=O)OP(=O)(O)O,[*]O[*],[*]N(C)C[*],[*:1]-[OH0]-[*:2]>>[*:1]-[NH0](-[CH3])-[CH2]-[*:2],24,-1.9333,259.045703038,0.2828669374037135,3.9748723154984607,0.0747617273627015,0.0048723154984609,17,18,-6.2,-7.0
O=C(O[C@@H](CO)C(O)O)OP(=O)(O)O,CN(C[C@@H](CO)C(O)O)C(=O)OP(=O)(O)O,[*]O[*],[*]N(C)C[*],[*:1]-[OH0]-[*:2]>>[*:1]-[NH0](-[CH3])-[CH2]-[*:2],24,-1.9333,259.045703038,0.2828669374037135,3.9748723154984607,0.0747617273627015,0.0048723154984609,17,19,-6.2,-6.6
O=C(O[C@@H](CO)C(O)O)OP(=O)(O)O,O=C(NC(=O)[C@@H](CO)C(O)O)OP(=O)(O)O,[*]O[*],[*]NC([*])=O,[*:1]-[OH0]-[*:2]>>[*:1]-[NH1]-[CH0](-[*:2])=[OH0],129,-2.7488999999999995,259.00931753000003,0.2307498951268237,3.815240007806152,0.0226446850858118,-0.1547599921938474,17,20,-6.2,-6.8
O=C(O[C@@H](CO)C(O)O)OP(=O)(O)O,O=C(NC(=O)P(=O)(O)O)O[C@@H](CO)C(O)O,[*]O[*],[*]NC([*])=O,[*:1]-[OH0]-[*:2]>>[*:1]-[NH1]-[CH0](-[*:2])=[OH0],129,-2.3181000000000003,259.00931753000003,0.2389618137345225,3.9801373154984594,0.0308566036935106,0.0101373154984596,17,21,-6.2,-7.2
O=C(O[C@@H](CO)C(O)O)OP(=O)(O)O,O=C(CN[C@@H](CO)C(O)O)OP(=O)(O)O,[*]O[*],[*]NC[*],[*:1]-[OH0]-[*:2]>>[*:1]-[NH1]-[CH2]-[*:2],91,-3.1164999999999994,245.03005297400003,0.2102357801763549,3.78723133142368,0.002130570135343,-0.1827686685763199,17,22,-6.2,-6.6
O=C(O[C@@H](CO)C(O)O)OP(=O)(O)O,O=C(NCP(=O)(O)O)O[C@@H](CO)C(O)O,[*]O[*],[*]NC[*],[*:1]-[OH0]-[*:2]>>[*:1]-[NH1]-[CH2]-[*:2],91,-2.4806000000000004,245.030052974,0.2293838878617994,3.82316210065445,0.0212786778207875,-0.1468378993455497,17,23,-6.2,-6.8
O=C(O[C@@H](CO)C(O)O)OP(=O)(O)O,O=C(OP(=O)(O)O)N1CCN([C@@H](CO)C(O)O)CC1,[*]O[*],[*]N1CCN([*])CC1,[*:1]-[OH0]-[*:2]>>[*:1]-[NH0]1-[CH2]-[CH2]-[NH0](-[*:2])-[CH2]-[CH2]-1,32,-2.495099999999999,300.072252134,0.2801959019056921,3.5065320144438763,0.0720906918646802,-0.4634679855561234,17,24,-6.2,-4.8
O=C(O[C@@H](CO)C(O)O)OP(=O)(O)O,O=C(OP(=O)(O)O)N1CCN([C@@H](CO)C(O)O)CC1,[*]O[*],[*]N1CCN([*])CC1,[*:1]-[OH0]-[*:2]>>[*:1]-[NH0]1-[CH2]-[CH2]-[NH0](-[*:2])-[CH2]-[CH2]-1,32,-2.495099999999999,300.072252134,0.2801959019056921,3.5065320144438763,0.0720906918646802,-0.4634679855561234,17,25,-6.2,-4.7
O=C(O[C@@H](CO)C(O)O)OP(=O)(O)O,O=C(COP(=O)(O)O)O[C@@H](CO)C(O)O,[*]C([*])=O,[*]C(=O)C[*],[*:1]-[CH0](-[*:2])=[OH0]>>[*:1]-[CH0](=[OH0])-[CH2]-[*:2],128,-2.6895,246.014068562,0.1912418825611302,3.624542667456068,-0.0168633274798816,-0.3454573325439316,17,26,-6.2,-6.7
O=C(O[C@@H](CO)C(O)O)OP(=O)(O)O,O=C(COP(=O)(O)O)O[C@@H](CO)C(O)O,[*]C([*])=O,[*]C(=O)C[*],[*:1]-[CH0](-[*:2])=[OH0]>>[*:1]-[CH0](=[OH0])-[CH2]-[*:2],128,-2.6895,246.014068562,0.1912418825611302,3.624542667456068,-0.0168633274798816,-0.3454573325439316,17,27,-6.2,-6.8
O=C(O[C@@H](CO)C(O)O)OP(=O)(O)O,O=C(NP(=O)(O)O)OC(=O)O[C@@H](CO)C(O)O,[*]O[*],[*]OC(=O)N[*],[*:1]-[OH0]-[*:2]>>[*:1]-[OH0]-[CH0](=[OH0])-[NH1]-[*:2],32,-2.3865000000000003,275.00423215,0.1399388882181049,4.081073051686569,-0.068166321822907,0.111073051686569,17,28,-6.2,-7.2
O=C(O[C@@H](CO)C(O)O)OP(=O)(O)O,O=C(NC(=O)OP(=O)(O)O)O[C@@H](CO)C(O)O,[*]O[*],[*]OC(=O)N[*],[*:1]-[OH0]-[*:2]>>[*:1]-[OH0]-[CH0](=[OH0])-[NH1]-[*:2],32,-2.3865000000000003,275.00423215,0.2388387982971415,3.8886823540121513,0.0307335882561296,-0.0813176459878484,17,29,-6.2,-7.2
O=C(O[C@@H](CO)C(O)O)OP(=O)(O)O,O=P(O)(O)OCCO[C@@H](CO)C(O)O,[*]C([*])=O,[*]CC[*],[*:1]-[CH0](-[*:2])=[OH0]>>[*:1]-[CH2]-[CH2]-[*:2],40,-2.2161,232.034804006,0.1890354349278435,3.687683656611497,-0.0190697751131683,-0.2823163433885032,17,30,-6.2,-6.2
O=C(O[C@@H](CO)C(O)O)OP(=O)(O)O,O=P(O)(O)OCCO[C@@H](CO)C(O)O,[*]C([*])=O,[*]CC[*],[*:1]-[CH0](-[*:2])=[OH0]>>[*:1]-[CH2]-[CH2]-[*:2],40,-2.2161,232.034804006,0.1890354349278435,3.687683656611497,-0.0190697751131683,-0.2823163433885032,17,31,-6.2,-6.7
O=C(O[C@@H](CO)C(O)O)OP(=O)(O)O,O=C(OP(=O)(O)O)C(=O)[C@@H](CO)C(O)O,[*]O[*],[*]C([*])=O,[*:1]-[OH0]-[*:2]>>[*:1]-[CH0](-[*:2])=[OH0],125,-2.8894,243.99841849800004,0.1938986063715886,3.9365887884758735,-0.0142066036694232,-0.0334112115241254,17,32,-6.2,-7.1
O=C(O[C@@H](CO)C(O)O)OP(=O)(O)O,O=C(O[C@@H](CO)C(O)O)C(=O)P(=O)(O)O,[*]O[*],[*]C([*])=O,[*:1]-[OH0]-[*:2]>>[*:1]-[CH0](-[*:2])=[OH0],125,-3.0945,243.998418498,0.1458046183190017,4.049610825897911,-0.0623005917220101,0.0796108258979115,17,33,-6.2,-7.0
O=C(O[C@@H](CO)C(O)O)OP(=O)(O)O,O=C(OCC[C@@H](CO)C(O)O)OP(=O)(O)O,[*]O[*],[*]OCC[*],[*:1]-[OH0]-[*:2]>>[*:1]-[OH0]-[CH2]-[CH2]-[*:2],78,-1.4584,260.02971862600003,0.2187561507606714,3.8840916963615,0.0106509407196595,-0.0859083036385,17,34,-6.2,-6.5
O=C(O[C@@H](CO)C(O)O)OP(=O)(O)O,O=C(OCCP(=O)(O)O)O[C@@H](CO)C(O)O,[*]O[*],[*]OCC[*],[*:1]-[OH0]-[*:2]>>[*:1]-[OH0]-[CH2]-[CH2]-[*:2],78,-2.0111000000000003,260.02971862600003,0.2067723365958147,3.791474435573507,-0.0013328734451971,-0.1785255644264927,17,35,-6.2,-6.5
O=C(O[C@@H](CO)C(O)O)OP(=O)(O)O,O=C(CCO[C@@H](CO)C(O)O)OP(=O)(O)O,[*]C([*])=O,[*]C(=O)CC[*],[*:1]-[CH0](-[*:2])=[OH0]>>[*:1]-[CH0](=[OH0])-[CH2]-[CH2]-[*:2],18,-2.2994000000000003,260.02971862600003,0.2508552375672469,3.78641552375362,0.042750027526235,-0.1835844762463798,17,36,-6.2,-6.5
O=C(O[C@@H](CO)C(O)O)OP(=O)(O)O,O=C(CCO[C@@H](CO)C(O)O)OP(=O)(O)O,[*]C([*])=O,[*]C(=O)CC[*],[*:1]-[CH0](-[*:2])=[OH0]>>[*:1]-[CH0](=[OH0])-[CH2]-[CH2]-[*:2],18,-2.2994000000000003,260.02971862600003,0.2508552375672469,3.78641552375362,0.042750027526235,-0.1835844762463798,17,37,-6.2,-6.6
O=C(O[C@@H](CO)C(O)O)OP(=O)(O)O,O=C(CNC(=O)O[C@@H](CO)C(O)O)OP(=O)(O)O,[*]O[*],[*]OC(=O)CN[*],[*:1]-[OH0]-[*:2]>>[*:1]-[OH0]-[CH0](=[OH0])-[CH2]-[NH1]-[*:2],17,-2.9798999999999998,289.01988221399995,0.2176696829582259,3.7064061223293354,0.0095644729172139,-0.2635938776706652,17,38,-6.2,-7.3
O=C(O[C@@H](CO)C(O)O)OP(=O)(O)O,O=C(CN[C@@H](CO)C(O)O)OC(=O)OP(=O)(O)O,[*]O[*],[*]OC(=O)CN[*],[*:1]-[OH0]-[*:2]>>[*:1]-[OH0]-[CH0](=[OH0])-[CH2]-[NH1]-[*:2],17,-2.9798999999999998,289.01988221399995,0.1268167431959676,3.916807460121976,-0.0812884668450442,-0.0531925398780233,17,39,-6.2,-6.9
O=C(O[C@@H](CO)C(O)O)OP(=O)(O)O,O=C(O[C@@H](CO)C(O)O)SP(=O)(O)O,[*]O[*],[*]S[*],[*:1]-[OH0]-[*:2]>>[*:1]-[SH0]-[*:2],682,-1.3795000000000004,247.975574878,0.2306401615558606,4.37069046979831,0.0225349515148487,0.4006904697983104,17,40,-6.2,-6.8
O=C(O[C@@H](CO)C(O)O)OP(=O)(O)O,O=C(O[C@@H](CO)C(O)O)SP(=O)(O)O,[*]O[*],[*]S[*],[*:1]-[OH0]-[*:2]>>[*:1]-[SH0]-[*:2],682,-1.3795000000000002,247.975574878,0.2306401615558606,4.37069046979831,0.0225349515148487,0.4006904697983104,17,41,-6.2,-6.7
O=C(O[C@@H](CO)C(O)O)OP(=O)(O)O,O=C(CNC(=O)O[C@@H](CO)C(O)O)OP(=O)(O)O,[*]C([*])=O,[*]C(=O)CNC([*])=O,[*:1]-[CH0](-[*:2])=[OH0]>>[*:1]-[CH0](=[OH0])-[CH2]-[NH1]-[CH0](-[*:2])=[OH0],15,-2.9798999999999998,289.01988221399995,0.2176696829582259,3.7064061223293354,0.0095644729172139,-0.2635938776706652,17,42,-6.2,-7.2
O=C(O[C@@H](CO)C(O)O)OP(=O)(O)O,O=C(CNC(=O)O[C@@H](CO)C(O)O)OP(=O)(O)O,[*]C([*])=O,[*]C(=O)CNC([*])=O,[*:1]-[CH0](-[*:2])=[OH0]>>[*:1]-[CH0](=[OH0])-[CH2]-[NH1]-[CH0](-[*:2])=[OH0],15,-2.9798999999999998,289.01988221399995,0.2176696829582259,3.7064061223293354,0.0095644729172139,-0.2635938776706652,17,43,-6.2,-7.1
O=C(O[C@@H](CO)C(O)O)OP(=O)(O)O,O=C(O[C@@H](CO)C(O)O)C(=O)OP(=O)(O)O,[*]O[*],[*]OC([*])=O,[*:1]-[OH0]-[*:2]>>[*:1]-[OH0]-[CH0](-[*:2])=[OH0],64,-3.1629,259.993333118,0.1501717233982516,3.897641930883076,-0.0579334866427602,-0.0723580691169241,17,44,-6.2,-6.7
O=C(O[C@@H](CO)C(O)O)OP(=O)(O)O,O=C(O[C@@H](CO)C(O)O)C(=O)OP(=O)(O)O,[*]O[*],[*]OC([*])=O,[*:1]-[OH0]-[*:2]>>[*:1]-[OH0]-[CH0](-[*:2])=[OH0],64,-3.1629,259.993333118,0.1501717233982516,3.897641930883076,-0.0579334866427602,-0.0723580691169241,17,45,-6.2,-6.7
O=C(O[C@@H](CO)C(O)O)OP(=O)(O)O,C[C@H](N[C@@H](CO)C(O)O)C(=O)OP(=O)(O)O,[*]O[*],[*]N[C@H]([*])C,[*:1]-[OH0]-[*:2]>>[*:1]-[NH1]-[C@H1](-[*:2])-[CH3],10,-2.7279999999999998,259.04570303800006,0.219926761672259,4.030919828037096,0.011821551631247,0.0609198280370959,17,46,-6.2,-7.1
O=C(O[C@@H](CO)C(O)O)OP(=O)(O)O,C[C@H](NC(=O)OP(=O)(O)O)[C@@H](CO)C(O)O,[*]O[*],[*]N[C@H]([*])C,[*:1]-[OH0]-[*:2]>>[*:1]-[NH1]-[C@H1](-[*:2])-[CH3],10,-1.8870000000000005,259.045703038,0.2470095329415534,4.212079443421711,0.0389043229005414,0.2420794434217112,17,47,-6.2,-6.4
O=C(O[C@@H](CO)C(O)O)OP(=O)(O)O,O=C(OCCOP(=O)(O)O)O[C@@H](CO)C(O)O,[*]O[*],[*]OCCO[*],[*:1]-[OH0]-[*:2]>>[*:1]-[OH0]-[CH2]-[CH2]-[OH0]-[*:2],396,-2.0795000000000003,276.024633246,0.1507540920094725,3.608949722689985,-0.0573511180315393,-0.3610502773100146,17,48,-6.2,-6.8
O=C(O[C@@H](CO)C(O)O)OP(=O)(O)O,O=C(OCCOP(=O)(O)O)O[C@@H](CO)C(O)O,[*]O[*],[*]OCCO[*],[*:1]-[OH0]-[*:2]>>[*:1]-[OH0]-[CH2]-[CH2]-[OH0]-[*:2],396,-2.0795000000000003,276.024633246,0.1507540920094725,3.608949722689985,-0.0573511180315393,-0.3610502773100146,17,49,-6.2,-6.6
O=C(O[C@@H](CO)C(O)O)OP(=O)(O)O,O=C(O[C@@H](CO)C(O)O)C(O)P(=O)(O)O,[*]O[*],[*]C([*])O,[*:1]-[OH0]-[*:2]>>[*:1]-[CH1](-[*:2])-[OH1],25,-3.3027,246.014068562,0.1653315153504673,4.267653192906402,-0.0427736946905445,0.2976531929064023,17,50,-6.2,-7.0
O=C(O[C@@H](CO)C(O)O)OP(=O)(O)O,O=C(OP(=O)(O)O)C(O)[C@@H](CO)C(O)O,[*]O[*],[*]C([*])O,[*:1]-[OH0]-[*:2]>>[*:1]-[CH1](-[*:2])-[OH1],25,-3.0975999999999995,246.014068562,0.2174303459130223,4.233816186669396,0.0093251358720104,0.2638161866693957,17,51,-6.2,-7.0
O=C(O[C@@H](CO)C(O)O)OP(=O)(O)O,O=C(COP(=O)(O)O)NC(=O)O[C@@H](CO)C(O)O,[*]O[*],[*]OCC(=O)N[*],[*:1]-[OH0]-[*:2]>>[*:1]-[OH0]-[CH2]-[CH0](=[OH0])-[NH1]-[*:2],22,-2.9798999999999998,289.01988221399995,0.2176696829582259,3.5906703363761565,0.0095644729172139,-0.3793296636238432,17,52,-6.2,-7.3
O=C(O[C@@H](CO)C(O)O)OP(=O)(O)O,O=C(COP(=O)(O)O)NC(=O)O[C@@H](CO)C(O)O,[*]O[*],[*]OCC(=O)N[*],[*:1]-[OH0]-[*:2]>>[*:1]-[OH0]-[CH2]-[CH0](=[OH0])-[NH1]-[*:2],22,-2.9798999999999998,289.01988221399995,0.2176696829582259,3.5906703363761565,0.0095644729172139,-0.3793296636238432,17,53,-6.2,-7.1
O=C(O[C@@H](CO)C(O)O)OP(=O)(O)O,CC(OC(=O)OP(=O)(O)O)[C@@H](CO)C(O)O,[*]O[*],[*]OC([*])C,[*:1]-[OH0]-[*:2]>>[*:1]-[OH0]-[CH1](-[*:2])-[CH3],13,-1.4600000000000004,260.02971862600003,0.2263891397548832,4.329245597267864,0.0182839297138713,0.3592455972678641,17,54,-6.2,-6.8
O=C(O[C@@H](CO)C(O)O)OP(=O)(O)O,CC(OP(=O)(O)O)C(=O)O[C@@H](CO)C(O)O,[*]O[*],[*]OC([*])C,[*:1]-[OH0]-[*:2]>>[*:1]-[OH0]-[CH1](-[*:2])-[CH3],13,-2.301,260.02971862600003,0.2012538036176804,3.958864443421712,-0.0068514064233314,-0.0111355565782877,17,55,-6.2,-7.0
O=C(O[C@@H](CO)C(O)O)OP(=O)(O)O,CCN(C(=O)O[C@@H](CO)C(O)O)C(=O)P(=O)(O)O,[*]O[*],[*]N(CC)C([*])=O,[*:1]-[OH0]-[*:2]>>[*:1]-[NH0](-[CH2]-[CH3])-[CH0](-[*:2])=[OH0],10,-1.5858,287.040617658,0.2958736782262682,4.115050804603581,0.0877684681852563,0.1450508046035814,17,56,-6.2,-6.8
O=C(O[C@@H](CO)C(O)O)OP(=O)(O)O,CCN(C(=O)OP(=O)(O)O)C(=O)[C@@H](CO)C(O)O,[*]O[*],[*]N(CC)C([*])=O,[*:1]-[OH0]-[*:2]>>[*:1]-[NH0](-[CH2]-[CH3])-[CH0](-[*:2])=[OH0],10,-2.0166,287.040617658,0.2832677634285762,3.929995419988197,0.0751625533875643,-0.0400045800118027,17,57,-6.2,-7.1
O=C(O[C@@H](CO)C(O)O)OP(=O)(O)O,O=C(O[C@@H](CO)C(O)O)c1ccc(OP(=O)(O)O)cc1,[*]C([*])=O,[*]C(=O)c1ccc([*])cc1,[*:1]-[CH0](-[*:2])=[OH0]>>[*:1]-[CH0](=[OH0])-[cH0]1:[cH1]:[cH1]:[cH0](-[*:2]):[cH1]:[cH1]:1,17,-1.0134999999999998,308.029718626,0.2523458742474921,3.0686847589087645,0.0442406642064802,-0.9013152410912352,17,58,-6.2,-5.5
O=C(O[C@@H](CO)C(O)O)OP(=O)(O)O,O=C(O[C@@H](CO)C(O)O)c1ccc(OP(=O)(O)O)cc1,[*]C([*])=O,[*]C(=O)c1ccc([*])cc1,[*:1]-[CH0](-[*:2])=[OH0]>>[*:1]-[CH0](=[OH0])-[cH0]1:[cH1]:[cH1]:[cH0](-[*:2]):[cH1]:[cH1]:1,17,-1.0134999999999998,308.029718626,0.2523458742474921,3.0686847589087645,0.0442406642064802,-0.9013152410912352,17,59,-6.2,-5.4
O=C(O[C@@H](CO)C(O)O)OP(=O)(O)O,CC(C(=O)OP(=O)(O)O)[C@@H](CO)C(O)O,[*]O[*],[*]C([*])C,[*:1]-[OH0]-[*:2]>>[*:1]-[CH1](-[*:2])-[CH3],11,-1.8224000000000005,244.034804006,0.2804946618804173,4.226810781263991,0.0723894518394053,0.256810781263991,17,60,-6.2,-7.0
O=C(O[C@@H](CO)C(O)O)OP(=O)(O)O,CC(C(=O)O[C@@H](CO)C(O)O)P(=O)(O)O,[*]O[*],[*]C([*])C,[*:1]-[OH0]-[*:2]>>[*:1]-[CH1](-[*:2])-[CH3],11,-2.2326,244.034804006,0.2073487317474194,4.14662658167979,-0.0007564782935924,0.1766265816797902,17,61,-6.2,-6.7
O=C(O[C@@H](CO)C(O)O)OP(=O)(O)O,O=C(OP(=O)(O)O)SC[C@@H](CO)C(O)O,[*]O[*],[*]CS[*],[*:1]-[OH0]-[*:2]>>[*:1]-[CH2]-[SH0]-[*:2],20,-1.1319,261.99122494200003,0.3065743009284596,4.251124853690887,0.0984690908874477,0.281124853690887,17,62,-6.2,-6.6
O=C(O[C@@H](CO)C(O)O)OP(=O)(O)O,O=C(CSP(=O)(O)O)O[C@@H](CO)C(O)O,[*]O[*],[*]CS[*],[*:1]-[OH0]-[*:2]>>[*:1]-[CH2]-[SH0]-[*:2],20,-1.9729,261.99122494200003,0.2088152264612562,3.962075460978336,0.0007100164202443,-0.0079245390216637,17,63,-6.2,-6.7
O=C(O[C@@H](CO)C(O)O)OP(=O)(O)O,O=C(OCCN[C@@H](CO)C(O)O)OP(=O)(O)O,[*]O[*],[*]OCCN[*],[*:1]-[OH0]-[*:2]>>[*:1]-[OH0]-[CH2]-[CH2]-[NH1]-[*:2],18,-2.5064999999999995,275.04061765800003,0.1263486119460989,3.764596226186489,-0.081756598094913,-0.2054037738135106,17,64,-6.2,-6.8
O=C(O[C@@H](CO)C(O)O)OP(=O)(O)O,O=C(NCCOP(=O)(O)O)O[C@@H](CO)C(O)O,[*]O[*],[*]OCCN[*],[*:1]-[OH0]-[*:2]>>[*:1]-[OH0]-[CH2]-[CH2]-[NH1]-[*:2],18,-2.5065,275.040617658,0.1670019122712599,3.521772449962712,-0.0411032977697519,-0.4482275500372878,17,65,-6.2,-6.8
O=C(O[C@@H](CO)C(O)O)OP(=O)(O)O,CC(O)(C(=O)O[C@@H](CO)C(O)O)P(=O)(O)O,[*]O[*],[*]C([*])(C)O,[*:1]-[OH0]-[*:2]>>[*:1]-[CH0](-[*:2])(-[CH3])-[OH1],15,-2.9126000000000007,260.02971862600003,0.1724218280179604,4.319438259989759,-0.0356833820230514,0.3494382599897587,17,66,-6.2,-6.9
O=C(O[C@@H](CO)C(O)O)OP(=O)(O)O,CC(O)(C(=O)O[C@@H](CO)C(O)O)P(=O)(O)O,[*]O[*],[*]C([*])(C)O,[*:1]-[OH0]-[*:2]>>[*:1]-[CH0](-[*:2])(-[CH3])-[OH1],15,-2.9126000000000007,260.02971862600003,0.1724218280179604,4.319438259989759,-0.0356833820230514,0.3494382599897587,17,67,-6.2,-6.9
O=C(O[C@@H](CO)C(O)O)OP(=O)(O)O,O=C(OCCCO[C@@H](CO)C(O)O)OP(=O)(O)O,[*]O[*],[*]OCCCO[*],[*:1]-[OH0]-[*:2]>>[*:1]-[OH0]-[CH2]-[CH2]-[CH2]-[OH0]-[*:2],12,-1.6894,290.04028331,0.1506925152242345,3.772745338155136,-0.0574126948167773,-0.1972546618448634,17,68,-6.2,-6.6
O=C(O[C@@H](CO)C(O)O)OP(=O)(O)O,O=C(OCCCO[C@@H](CO)C(O)O)OP(=O)(O)O,[*]O[*],[*]OCCCO[*],[*:1]-[OH0]-[*:2]>>[*:1]-[OH0]-[CH2]-[CH2]-[CH2]-[OH0]-[*:2],12,-1.6894,290.04028331,0.1506925152242345,3.772745338155136,-0.0574126948167773,-0.1972546618448634,17,69,-6.2,-6.7
O=C(O[C@@H](CO)C(O)O)OP(=O)(O)O,O=C(O[C@@H](CO)C(O)O)N1CCC(COP(=O)(O)O)CC1,[*]O[*],[*]OCC1CCN([*])CC1,[*:1]-[OH0]-[*:2]>>[*:1]-[OH0]-[CH2]-[CH1]1-[CH2]-[CH2]-[NH0](-[*:2])-[CH2]-[CH2]-1,10,-1.3841000000000003,329.08756785,0.2923073636743389,3.429588724318561,0.084202153633327,-0.5404112756814383,17,70,-6.2,-6.5
O=C(O[C@@H](CO)C(O)O)OP(=O)(O)O,O=C(O[C@@H](CO)C(O)O)N1CCC(COP(=O)(O)O)CC1,[*]O[*],[*]OCC1CCN([*])CC1,[*:1]-[OH0]-[*:2]>>[*:1]-[OH0]-[CH2]-[CH1]1-[CH2]-[CH2]-[NH0](-[*:2])-[CH2]-[CH2]-1,10,-1.3841000000000003,329.08756785,0.2923073636743389,3.429588724318561,0.084202153633327,-0.5404112756814383,17,71,-6.2,-6.3
O=C(O[C@@H](CO)C(O)O)OP(=O)(O)O,CCCN(C(=O)O[C@@H](CO)C(O)O)P(=O)(O)O,[*]O[*],[*]N([*])CCC,[*:1]-[OH0]-[*:2]>>[*:1]-[NH0](-[*:2])-[CH2]-[CH2]-[CH3],14,-1.4007,273.061353102,0.292908924882701,4.0378955919370165,0.0848037148416891,0.0678955919370167,17,72,-6.2,-6.9
O=C(O[C@@H](CO)C(O)O)OP(=O)(O)O,CCCN(C(=O)OP(=O)(O)O)[C@@H](CO)C(O)O,[*]O[*],[*]N([*])CCC,[*:1]-[OH0]-[*:2]>>[*:1]-[NH0](-[*:2])-[CH2]-[CH2]-[CH3],14,-1.4007,273.061353102,0.292908924882701,3.789257309289432,0.0848037148416891,-0.1807426907105673,17,73,-6.2,-6.8
O=C(O[C@@H](CO)C(O)O)OP(=O)(O)O,O=C(O[C@@H](CO)C(O)O)C(=O)OP(=O)(O)O,[*]C([*])=O,[*]C(=O)C([*])=O,[*:1]-[CH0](-[*:2])=[OH0]>>[*:1]-[CH0](=[OH0])-[CH0](-[*:2])=[OH0],24,-3.1629,259.993333118,0.1501717233982516,3.897641930883076,-0.0579334866427602,-0.0723580691169241,17,74,-6.2,-6.8
O=C(O[C@@H](CO)C(O)O)OP(=O)(O)O,O=C(O[C@@H](CO)C(O)O)C(=O)OP(=O)(O)O,[*]C([*])=O,[*]C(=O)C([*])=O,[*:1]-[CH0](-[*:2])=[OH0]>>[*:1]-[CH0](=[OH0])-[CH0](-[*:2])=[OH0],24,-3.1629,259.993333118,0.1501717233982516,3.897641930883076,-0.0579334866427602,-0.0723580691169241,17,75,-6.2,-6.7
O=C(O[C@@H](CO)C(O)O)OP(=O)(O)O,O=C(NC(=O)O[C@@H](CO)C(O)O)NP(=O)(O)O,[*]O[*],[*]NC(=O)N[*],[*:1]-[OH0]-[*:2]>>[*:1]-[NH1]-[CH0](=[OH0])-[NH1]-[*:2],19,-2.8135,274.02021656200003,0.2095473587060836,3.9248658960515073,0.0014421486650717,-0.0451341039484924,17,76,-6.2,-6.6
O=C(O[C@@H](CO)C(O)O)OP(=O)(O)O,O=C(NC(=O)O[C@@H](CO)C(O)O)NP(=O)(O)O,[*]O[*],[*]NC(=O)N[*],[*:1]-[OH0]-[*:2]>>[*:1]-[NH1]-[CH0](=[OH0])-[NH1]-[*:2],19,-2.8135,274.02021656200003,0.2095473587060836,3.9248658960515073,0.0014421486650717,-0.0451341039484924,17,77,-6.2,-7.1
O=C(O[C@@H](CO)C(O)O)OP(=O)(O)O,O=C(OCCO[C@@H](CO)C(O)O)OP(=O)(O)O,[*]C([*])=O,[*]C(=O)OCC[*],[*:1]-[CH0](-[*:2])=[OH0]>>[*:1]-[CH0](=[OH0])-[OH0]-[CH2]-[CH2]-[*:2],22,-2.0795,276.024633246,0.1507540920094725,3.840086086326348,-0.0573511180315393,-0.1299139136736515,17,78,-6.2,-6.8
O=C(O[C@@H](CO)C(O)O)OP(=O)(O)O,O=C(OCCO[C@@H](CO)C(O)O)OP(=O)(O)O,[*]C([*])=O,[*]C(=O)OCC[*],[*:1]-[CH0](-[*:2])=[OH0]>>[*:1]-[CH0](=[OH0])-[OH0]-[CH2]-[CH2]-[*:2],22,-2.0795,276.024633246,0.1507540920094725,3.840086086326348,-0.0573511180315393,-0.1299139136736515,17,79,-6.2,-6.4
O=C(O[C@@H](CO)C(O)O)OP(=O)(O)O,CCN(CCNP(=O)(O)O)C(=O)O[C@@H](CO)C(O)O,[*]O[*],[*]NCCN([*])CC,[*:1]-[OH0]-[*:2]>>[*:1]-[NH1]-[CH2]-[CH2]-[NH0](-[*:2])-[CH2]-[CH3],10,-2.2012,302.087902198,0.2158087480492578,3.9382672420733886,0.0077035380082459,-0.0317327579266111,17,80,-6.2,-6.7
O=C(O[C@@H](CO)C(O)O)OP(=O)(O)O,CCN(CCNC(=O)OP(=O)(O)O)[C@@H](CO)C(O)O,[*]O[*],[*]NCCN([*])CC,[*:1]-[OH0]-[*:2]>>[*:1]-[NH1]-[CH2]-[CH2]-[NH0](-[*:2])-[CH2]-[CH3],10,-2.2012,302.087902198,0.2158087480492578,3.773113709891287,0.0077035380082459,-0.1968862901087131,17,81,-6.2,-6.9
O=C(O[C@@H](CO)C(O)O)OP(=O)(O)O,O=C(Oc1ccc(O[C@@H](CO)C(O)O)cc1)OP(=O)(O)O,[*]O[*],[*]Oc1ccc(O[*])cc1,[*:1]-[OH0]-[*:2]>>[*:1]-[OH0]-[cH0]1:[cH1]:[cH1]:[cH0](-[OH0]-[*:2]):[cH1]:[cH1]:1,15,-0.6549000000000003,324.02463324599995,0.1964025240233295,3.3669966913515283,-0.0117026860176823,-0.6030033086484714,17,82,-6.2,-6.4
O=C(O[C@@H](CO)C(O)O)OP(=O)(O)O,O=C(Oc1ccc(OP(=O)(O)O)cc1)O[C@@H](CO)C(O)O,[*]O[*],[*]Oc1ccc(O[*])cc1,[*:1]-[OH0]-[*:2]>>[*:1]-[OH0]-[cH0]1:[cH1]:[cH1]:[cH0](-[OH0]-[*:2]):[cH1]:[cH1]:1,15,-0.6549000000000003,324.02463324599995,0.1964025240233295,3.2433085045383425,-0.0117026860176823,-0.7266914954616572,17,83,-6.2,-5.7
O=C(O[C@@H](CO)C(O)O)OP(=O)(O)O,O=C(OCCOCCOP(=O)(O)O)O[C@@H](CO)C(O)O,[*]O[*],[*]OCCOCCO[*],[*:1]-[OH0]-[*:2]>>[*:1]-[OH0]-[CH2]-[CH2]-[OH0]-[CH2]-[CH2]-[OH0]-[*:2],150,-2.0629,320.050847994,0.1295242511690691,3.5412043525226977,-0.0785809588719427,-0.428795647477302,17,84,-6.2,-5.8
O=C(O[C@@H](CO)C(O)O)OP(=O)(O)O,O=C(OCCOCCOP(=O)(O)O)O[C@@H](CO)C(O)O,[*]O[*],[*]OCCOCCO[*],[*:1]-[OH0]-[*:2]>>[*:1]-[OH0]-[CH2]-[CH2]-[OH0]-[CH2]-[CH2]-[OH0]-[*:2],150,-2.0629,320.050847994,0.1295242511690691,3.5412043525226977,-0.0785809588719427,-0.428795647477302,17,85,-6.2,-6.5
O=C(O[C@@H](CO)C(O)O)OP(=O)(O)O,O=C(CO[C@@H](CO)C(O)O)OC(=O)OP(=O)(O)O,[*]O[*],[*]OCC(=O)O[*],[*:1]-[OH0]-[*:2]>>[*:1]-[OH0]-[CH2]-[CH0](=[OH0])-[OH0]-[*:2],24,-2.5529,290.00389780200004,0.1501771880660951,4.0269536139681295,-0.0579280219749167,0.0569536139681297,17,86,-6.2,-6.7
O=C(O[C@@H](CO)C(O)O)OP(=O)(O)O,O=C(COP(=O)(O)O)OC(=O)O[C@@H](CO)C(O)O,[*]O[*],[*]OCC(=O)O[*],[*:1]-[OH0]-[*:2]>>[*:1]-[OH0]-[CH2]-[CH0](=[OH0])-[OH0]-[*:2],24,-2.5529,290.003897802,0.1501771880660951,3.830350269486524,-0.0579280219749167,-0.1396497305134758,17,87,-6.2,-6.8
O=C(O[C@@H](CO)C(O)O)OP(=O)(O)O,O=C(CCCO[C@@H](CO)C(O)O)OP(=O)(O)O,[*]O[*],[*]OCCC[*],[*:1]-[OH0]-[*:2]>>[*:1]-[OH0]-[CH2]-[CH2]-[CH2]-[*:2],22,-1.9093,274.04536869000003,0.193586480287511,3.6418500723403344,-0.0145187297535008,-0.3281499276596653,17,88,-6.2,-6.9
O=C(O[C@@H](CO)C(O)O)OP(=O)(O)O,O=C(OCCC[C@@H](CO)C(O)O)OP(=O)(O)O,[*]O[*],[*]OCCC[*],[*:1]-[OH0]-[*:2]>>[*:1]-[OH0]-[CH2]-[CH2]-[CH2]-[*:2],22,-1.0683,274.04536869000003,0.168810942330767,3.778121401011664,-0.0392942677102448,-0.1918785989883362,17,89,-6.2,-6.4
O=C(O[C@@H](CO)C(O)O)OP(=O)(O)O,O=C(OCCOCCOCCO[C@@H](CO)C(O)O)OP(=O)(O)O,[*]O[*],[*]OCCOCCOCCO[*],[*:1]-[OH0]-[*:2]>>[*:1]-[OH0]-[CH2]-[CH2]-[OH0]-[CH2]-[CH2]-[OH0]-[CH2]-[CH2]-[OH0]-[*:2],60,-2.0463,364.077062742,0.1045555574540046,3.6841835386822743,-0.1035496525870073,-0.285816461317725,17,90,-6.2,-5.7
O=C(O[C@@H](CO)C(O)O)OP(=O)(O)O,O=C(OCCOCCOCCOP(=O)(O)O)O[C@@H](CO)C(O)O,[*]O[*],[*]OCCOCCOCCO[*],[*:1]-[OH0]-[*:2]>>[*:1]-[OH0]-[CH2]-[CH2]-[OH0]-[CH2]-[CH2]-[OH0]-[CH2]-[CH2]-[OH0]-[*:2],60,-2.0462999999999987,364.0770627419999,0.1045555574540046,3.5201512806177577,-0.1035496525870073,-0.449848719382242,17,91,-6.2,-5.9
O=C(O[C@@H](CO)C(O)O)OP(=O)(O)O,O=P(O)(O)OCCS(=O)(=O)O[C@@H](CO)C(O)O,[*]C([*])=O,[*]CCS([*])(=O)=O,[*:1]-[CH0](-[*:2])=[OH0]>>[*:1]-[CH2]-[CH2]-[SH0](-[*:2])(=[OH0])=[OH0],17,-2.886299999999999,295.996704246,0.1777707982280474,3.9439091876436354,-0.0303344118129644,-0.0260908123563643,17,92,-6.2,-5.9
O=C(O[C@@H](CO)C(O)O)OP(=O)(O)O,O=P(O)(O)OS(=O)(=O)CCO[C@@H](CO)C(O)O,[*]C([*])=O,[*]CCS([*])(=O)=O,[*:1]-[CH0](-[*:2])=[OH0]>>[*:1]-[CH2]-[CH2]-[SH0](-[*:2])(=[OH0])=[OH0],17,-2.886299999999999,295.99670424600004,0.2311485480752846,4.157790404101597,0.0230433380342726,0.1877904041015972,17,93,-6.2,-6.2
O=C(O[C@@H](CO)C(O)O)OP(=O)(O)O,CCN(CCOC(=O)OP(=O)(O)O)[C@@H](CO)C(O)O,[*]O[*],[*]OCCN([*])CC,[*:1]-[OH0]-[*:2]>>[*:1]-[OH0]-[CH2]-[CH2]-[NH0](-[*:2])-[CH2]-[CH3],12,-1.7742000000000002,303.071917786,0.1972122628298953,3.833644008164441,-0.0108929472111165,-0.1363559918355585,17,94,-6.2,-5.9
O=C(O[C@@H](CO)C(O)O)OP(=O)(O)O,CCN(CCOC(=O)OP(=O)(O)O)[C@@H](CO)C(O)O,[*]O[*],[*]OCCN([*])CC,[*:1]-[OH0]-[*:2]>>[*:1]-[OH0]-[CH2]-[CH2]-[NH0](-[*:2])-[CH2]-[CH3],12,-1.7742000000000002,303.071917786,0.1972122628298953,3.833644008164441,-0.0108929472111165,-0.1363559918355585,17,95,-6.2,-5.7
O=C(O[C@@H](CO)C(O)O)OP(=O)(O)O,O=C(Oc1ccc(P(=O)(O)O)cc1)O[C@@H](CO)C(O)O,[*]O[*],[*]Oc1ccc([*])cc1,[*:1]-[OH0]-[*:2]>>[*:1]-[OH0]-[cH0]1:[cH1]:[cH1]:[cH0](-[*:2]):[cH1]:[cH1]:1,50,-1.3234000000000004,308.029718626,0.1926246267916751,3.4390928866301005,-0.0154805832493367,-0.5309071133698993,17,96,-6.2,-5.9
O=C(O[C@@H](CO)C(O)O)OP(=O)(O)O,O=C(Oc1ccc([C@@H](CO)C(O)O)cc1)OP(=O)(O)O,[*]O[*],[*]Oc1ccc([*])cc1,[*:1]-[OH0]-[*:2]>>[*:1]-[OH0]-[cH0]1:[cH1]:[cH1]:[cH0](-[*:2]):[cH1]:[cH1]:1,50,-0.3187,308.029718626,0.2129312255674397,3.3824124802440334,0.0048260155264278,-0.5875875197559663,17,97,-6.2,-5.4
O=C(O[C@@H](CO)C(O)O)OP(=O)(O)O,O=C(O[C@@H](CO)C(O)O)c1ccccc1OP(=O)(O)O,[*]O[*],[*]Oc1ccccc1[*],[*:1]-[OH0]-[*:2]>>[*:1]-[OH0]-[cH0]1:[cH1]:[cH1]:[cH1]:[cH1]:[cH0]:1-[*:2],13,-1.0135000000000003,308.029718626,0.2523458742474921,3.180193322043743,0.0442406642064802,-0.7898066779562569,17,98,-6.2,-7.0
O=C(O[C@@H](CO)C(O)O)OP(=O)(O)O,O=C(OP(=O)(O)O)c1ccccc1O[C@@H](CO)C(O)O,[*]O[*],[*]Oc1ccccc1[*],[*:1]-[OH0]-[*:2]>>[*:1]-[OH0]-[cH0]1:[cH1]:[cH1]:[cH1]:[cH1]:[cH0]:1-[*:2],13,-1.0135,308.029718626,0.32811565806365,3.2909076906939605,0.1200104480226381,-0.6790923093060393,17,99,-6.2,-8.0
O=C(O)[C@H]1C[C@@H](O)[C@]2(O)[C@@H]1C[C@H](CO)C(=S)[C@@H]2O,CO[C@H]1C[C@@H](O)[C@@]2(O)[C@@H](O)C(=S)[C@@H](CO)C[C@H]12,[*]C(=O)O,[*]OC,[*:1]-[CH0](=[OH0])-[OH1]>>[*:1]-[OH0]-[CH3],264,-1.1437,262.087494676,0.4702318842674602,5.087753098783374,0.0790382765550193,0.1277530987833746,18,0,-4.6,-4.7
O=C(O)[C@H]1C[C@@H](O)[C@]2(O)[C@@H]1C[C@H](CO)C(=S)[C@@H]2O,CO[C@H]1C[C@@H]2[C@@H](C(=O)O)C[C@@H](O)[C@@]2(O)[C@@H](O)C1=S,[*]CO,[*]OC,[*:1]-[CH2]-[OH1]>>[*:1]-[OH0]-[CH3],353,-1.0513999999999997,276.066759232,0.4765919686381307,4.909387834915092,0.0853983609256898,-0.0506121650849067,18,1,-4.6,-4.3
O=C(O)[C@H]1C[C@@H](O)[C@]2(O)[C@@H]1C[C@H](CO)C(=S)[C@@H]2O,CC(C)[C@H]1C[C@@H](O)[C@@]2(O)[C@@H](O)C(=S)[C@@H](CO)C[C@H]12,[*]C(=O)O,[*]C(C)C,[*:1]-[CH0](=[OH0])-[OH1]>>[*:1]-[CH1](-[CH3])-[CH3],15,0.1135000000000001,274.12388018400003,0.5376279150853911,5.047822859465009,0.1464343073729502,0.0878228594650103,18,2,-4.6,-3.3
O=C(O)[C@H]1C[C@@H](O)[C@]2(O)[C@@H]1C[C@H](CO)C(=S)[C@@H]2O,CC[C@H]1C[C@@H](O)[C@@]2(O)[C@@H](O)C(=S)[C@@H](CO)C[C@H]12,[*]C(=O)O,[*]CC,[*:1]-[CH0](=[OH0])-[OH1]>>[*:1]-[CH2]-[CH3],27,-0.1324999999999998,260.10823012000003,0.5200152547189625,5.087288483398758,0.1288216470065216,0.1272884833987593,18,3,-4.6,-3.8
O=C(O)[C@H]1C[C@@H](O)[C@]2(O)[C@@H]1C[C@H](CO)C(=S)[C@@H]2O,CCCC[C@H]1C[C@@H]2[C@@H](C(=O)O)C[C@@H](O)[C@@]2(O)[C@@H](O)C1=S,[*]CO,[*]CCCC,[*:1]-[CH2]-[OH1]>>[*:1]-[CH2]-[CH2]-[CH2]-[CH3],19,0.7399999999999998,302.11879480399995,0.5718944499902952,4.742282602610017,0.1807008422778542,-0.2177173973899817,18,4,-4.6,-4.2
O=C(O)[C@H]1C[C@@H](O)[C@]2(O)[C@@H]1C[C@H](CO)C(=S)[C@@H]2O,CSC[C@H]1C[C@@H]2[C@@H](C(=O)O)C[C@@H](O)[C@@]2(O)[C@@H](O)C1=S,[*]CO,[*]CSC,[*:1]-[CH2]-[OH1]>>[*:1]-[CH2]-[SH0]-[CH3],15,-0.0872,306.059565676,0.5410980716137685,5.081795152775028,0.1499044639013276,0.1217951527750287,18,5,-4.6,-3.8
O=C(O)[C@H]1C[C@@H](O)[C@]2(O)[C@@H]1C[C@H](CO)C(=S)[C@@H]2O,CC[C@H]1C[C@@H]2[C@@H](C(=O)O)C[C@@H](O)[C@@]2(O)[C@@H](O)C1=S,[*]CO,[*]CC,[*:1]-[CH2]-[OH1]>>[*:1]-[CH2]-[CH3],141,-0.0401999999999999,274.087494676,0.5275138472555824,4.892728260447006,0.1363202395431414,-0.0672717395529929,18,6,-4.6,-5.9
O=C(O)[C@H]1C[C@@H](O)[C@]2(O)[C@@H]1C[C@H](CO)C(=S)[C@@H]2O,NC[C@H]1C[C@@H](O)[C@@]2(O)[C@@H](O)C(=S)[C@@H](CO)C[C@H]12,[*]C(=O)O,[*]CN,[*:1]-[CH0](=[OH0])-[OH1]>>[*:1]-[CH2]-[NH2],41,-1.5837999999999988,261.10347908800003,0.3839554041097213,5.160811560321834,-0.0072382036027195,0.200811560321835,18,7,-4.6,-4.6
O=C(O)[C@H]1C[C@@H](O)[C@]2(O)[C@@H]1C[C@H](CO)C(=S)[C@@H]2O,OC[C@H]1C[C@@H](O)[C@@]2(O)[C@@H](O)C(=S)[C@@H](CO)C[C@H]12,[*]C(=O)O,[*]CO,[*:1]-[CH0](=[OH0])-[OH1]>>[*:1]-[CH2]-[OH1],242,-1.5502,262.087494676,0.3862907414696582,5.090688483398759,-0.0049028662427826,0.1306884833987593,18,8,-4.6,-4.5
O=C(O)[C@H]1C[C@@H](O)[C@]2(O)[C@@H]1C[C@H](CO)C(=S)[C@@H]2O,CC(C)C[C@H]1C[C@@H]2[C@@H](C(=O)O)C[C@@H](O)[C@@]2(O)[C@@H](O)C1=S,[*]CO,[*]CC(C)C,[*:1]-[CH2]-[OH1]>>[*:1]-[CH2]-[CH1](-[CH3])-[CH3],19,0.5958999999999999,302.11879480399995,0.569891591346382,4.824808643695202,0.1786979836339411,-0.135191356304797,18,9,-4.6,-3.9
O=C(O)[C@H]1C[C@@H](O)[C@]2(O)[C@@H]1C[C@H](CO)C(=S)[C@@H]2O,NC(=O)[C@H]1C[C@@H](O)[C@@]2(O)[C@@H](O)C(=S)[C@@H](CO)C[C@H]12,[*]C(=O)O,[*]C(N)=O,[*:1]-[CH0](=[OH0])-[OH1]>>[*:1]-[CH0](-[NH2])=[OH0],426,-2.057199999999999,275.082743644,0.3692761221285152,5.069145936388087,-0.0219174855839257,0.1091459363880877,18,10,-4.6,-4.5
O=C(O)[C@H]1C[C@@H](O)[C@]2(O)[C@@H]1C[C@H](CO)C(=S)[C@@H]2O,CN(C)[C@H]1C[C@@H]2[C@@H](C(=O)O)C[C@@H](O)[C@@]2(O)[C@@H](O)C1=S,[*]CO,[*]N(C)C,[*:1]-[CH2]-[OH1]>>[*:1]-[NH0](-[CH3])-[CH3],70,-1.1361999999999992,289.098393708,0.4768713647070537,4.945991284643158,0.0856777569946128,-0.0140087153568408,18,11,-4.6,-3.9
O=C(O)[C@H]1C[C@@H](O)[C@]2(O)[C@@H]1C[C@H](CO)C(=S)[C@@H]2O,O=C(O)[C@H]1C[C@@H](O)[C@@]2(O)[C@@H](O)C(=S)[C@@H](C3CC3)C[C@H]12,[*]CO,[*]C1CC1,[*:1]-[CH2]-[OH1]>>[*:1]-[CH1]1-[CH2]-[CH2]-1,61,-0.0401999999999999,286.087494676,0.5318135085701456,4.793127768159643,0.1406199008577047,-0.1668722318403563,18,12,-4.6,-2.8
O=C(O)[C@H]1C[C@@H](O)[C@]2(O)[C@@H]1C[C@H](CO)C(=S)[C@@H]2O,CN[C@H]1C[C@@H](O)[C@@]2(O)[C@@H](O)C(=S)[C@@H](CO)C[C@H]12,[*]C(=O)O,[*]NC,[*:1]-[CH0](=[OH0])-[OH1]>>[*:1]-[NH1]-[CH3],17,-1.5706999999999998,261.10347908800003,0.3857113561142668,5.190719252629528,-0.005482251598174,0.2307192526295285,18,13,-4.6,-4.7
O=C(O)[C@H]1C[C@@H](O)[C@]2(O)[C@@H]1C[C@H](CO)C(=S)[C@@H]2O,CN[C@H]1C[C@@H]2[C@@H](C(=O)O)C[C@@H](O)[C@@]2(O)[C@@H](O)C1=S,[*]CO,[*]NC,[*:1]-[CH2]-[OH1]>>[*:1]-[NH1]-[CH3],31,-1.4784000000000004,275.082743644,0.3909824175858621,4.9588421720673015,-0.0002111901265787,-0.0011578279326975,18,14,-4.6,-4.8
O=C(O)[C@H]1C[C@@H](O)[C@]2(O)[C@@H]1C[C@H](CO)C(=S)[C@@H]2O,NC[C@H]1C[C@@H]2[C@@H](C(=O)O)C[C@@H](O)[C@@]2(O)[C@@H](O)C1=S,[*]CO,[*]CN,[*:1]-[CH2]-[OH1]>>[*:1]-[CH2]-[NH2],150,-1.4914999999999998,275.082743644,0.3887880737169547,4.982200928204781,-0.0024055339954862,0.0222009282047821,18,15,-4.6,-3.7
O=C(O)[C@H]1C[C@@H](O)[C@]2(O)[C@@H]1C[C@H](CO)C(=S)[C@@H]2O,CN(C)[C@H]1C[C@@H](O)[C@@]2(O)[C@@H](O)C(=S)[C@@H](CO)C[C@H]12,[*]C(=O)O,[*]N(C)C,[*:1]-[CH0](=[OH0])-[OH1]>>[*:1]-[NH0](-[CH3])-[CH3],51,-1.2284999999999993,275.119129152,0.4724850825705801,5.114219586142588,0.0812914748581392,0.154219586142589,18,16,-4.6,-3.4
O=C(O)[C@H]1C[C@@H](O)[C@]2(O)[C@@H]1C[C@H](CO)C(=S)[C@@H]2O,CCO[C@H]1C[C@@H](O)[C@@]2(O)[C@@H](O)C(=S)[C@@H](CO)C[C@H]12,[*]C(=O)O,[*]OCC,[*:1]-[CH0](=[OH0])-[OH1]>>[*:1]-[OH0]-[CH2]-[CH3],26,-0.7535999999999998,276.10314474,0.5070388409557565,5.057460789088577,0.1158452332433155,0.0974607890885783,18,17,-4.6,-3.6
O=C(O)[C@H]1C[C@@H](O)[C@]2(O)[C@@H]1C[C@H](CO)C(=S)[C@@H]2O,CCO[C@H]1C[C@@H]2[C@@H](C(=O)O)C[C@@H](O)[C@@]2(O)[C@@H](O)C1=S,[*]CO,[*]OCC,[*:1]-[CH2]-[OH1]>>[*:1]-[OH0]-[CH2]-[CH3],66,-0.6612999999999998,290.082409296,0.5110364773246373,4.880571768159642,0.1198428696121964,-0.0794282318403567,18,18,-4.6,-4.6
O=C(O)[C@H]1C[C@@H](O)[C@]2(O)[C@@H]1C[C@H](CO)C(=S)[C@@H]2O,CNC(=O)[C@H]1C[C@@H](O)[C@@]2(O)[C@@H](O)C(=S)[C@@H](CO)C[C@H]12,[*]C(=O)O,[*]C(=O)NC,[*:1]-[CH0](=[OH0])-[OH1]>>[*:1]-[CH0](=[OH0])-[NH1]-[CH3],187,-1.7964999999999989,289.098393708,0.3838765434605679,4.995533614313489,-0.0073170642518729,0.0355336143134898,18,19,-4.6,-4.0
O=C(O)[C@H]1C[C@@H](O)[C@]2(O)[C@@H]1C[C@H](CO)C(=S)[C@@H]2O,NC(=O)[C@H]1C[C@@H]2[C@@H](C(=O)O)C[C@@H](O)[C@@]2(O)[C@@H](O)C1=S,[*]CO,[*]C(N)=O,[*:1]-[CH2]-[OH1]>>[*:1]-[CH0](-[NH2])=[OH0],246,-1.9649,289.0620082,0.3713809897678264,4.880558317610193,-0.0198126179446144,-0.079441682389806,18,20,-4.6,-4.9
O=C(O)[C@H]1C[C@@H](O)[C@]2(O)[C@@H]1C[C@H](CO)C(=S)[C@@H]2O,CC(C)(C)[C@H]1C[C@@H](O)[C@@]2(O)[C@@H](O)C(=S)[C@@H](CO)C[C@H]12,[*]C(=O)O,[*]C(C)(C)C,[*:1]-[CH0](=[OH0])-[OH1]>>[*:1]-[CH0](-[CH3])(-[CH3])-[CH3],26,0.5035999999999998,288.139530248,0.5285218643506457,5.046932571927302,0.1373282566382048,0.0869325719273028,18,21,-4.6,-2.4
O=C(O)[C@H]1C[C@@H](O)[C@]2(O)[C@@H]1C[C@H](CO)C(=S)[C@@H]2O,CC(C)[C@H]1C[C@@H]2[C@@H](C(=O)O)C[C@@H](O)[C@@]2(O)[C@@H](O)C1=S,[*]CO,[*]C(C)C,[*:1]-[CH2]-[OH1]>>[*:1]-[CH1](-[CH3])-[CH3],91,0.2058000000000001,288.10314474,0.5421748731293088,4.908360829384132,0.1509812654168679,-0.0516391706158669,18,22,-4.6,-3.9
O=C(O)[C@H]1C[C@@H](O)[C@]2(O)[C@@H]1C[C@H](CO)C(=S)[C@@H]2O,O=C(O)[C@H]1C[C@@H](O)[C@@]2(O)[C@@H](O)C(=S)[C@@H](C(=O)O)C[C@H]12,[*]CO,[*]C(=O)O,[*:1]-[CH2]-[OH1]>>[*:1]-[CH0](=[OH0])-[OH1],242,-1.3656,290.046023788,0.3932326429295381,4.830223309760898,0.0020390352170971,-0.1297766902391011,18,23,-4.6,-3.9
O=C(O)[C@H]1C[C@@H](O)[C@]2(O)[C@@H]1C[C@H](CO)C(=S)[C@@H]2O,CN(C)C(=O)[C@H]1C[C@@H](O)[C@@]2(O)[C@@H](O)C(=S)[C@@H](CO)C[C@H]12,[*]C(=O)O,[*]C(=O)N(C)C,[*:1]-[CH0](=[OH0])-[OH1]>>[*:1]-[CH0](=[OH0])-[NH0](-[CH3])-[CH3],153,-1.4542999999999997,303.114043772,0.4655168841631498,4.986592963221829,0.0743232764507089,0.0265929632218302,18,24,-4.6,-2.5
O=C(O)[C@H]1C[C@@H](O)[C@]2(O)[C@@H]1C[C@H](CO)C(=S)[C@@H]2O,CN(C)C[C@H]1C[C@@H](O)[C@@]2(O)[C@@H](O)C(=S)[C@@H](CO)C[C@H]12,[*]C(=O)O,[*]CN(C)C,[*:1]-[CH0](=[OH0])-[OH1]>>[*:1]-[CH2]-[NH0](-[CH3])-[CH3],24,-0.9808999999999994,289.134779216,0.499906733850865,5.045083460467335,0.1087131261384241,0.0850834604673353,18,25,-4.6,-3.3
O=C(O)[C@H]1C[C@@H](O)[C@]2(O)[C@@H]1C[C@H](CO)C(=S)[C@@H]2O,COC[C@H]1C[C@@H]2[C@@H](C(=O)O)C[C@@H](O)[C@@]2(O)[C@@H](O)C1=S,[*]CO,[*]COC,[*:1]-[CH2]-[OH1]>>[*:1]-[CH2]-[OH0]-[CH3],258,-0.8037999999999998,290.082409296,0.5038450734128455,4.892856075851951,0.1126514657004045,-0.0671439241480484,18,26,-4.6,-4.2
O=C(O)[C@H]1C[C@@H](O)[C@]2(O)[C@@H]1C[C@H](CO)C(=S)[C@@H]2O,O=C(O)[C@H]1C[C@@H](O)[C@@]2(O)[C@@H](O)C(=S)[C@@H](CF)C[C@H]12,[*]CO,[*]CF,[*:1]-[CH2]-[OH1]>>[*:1]-[CH2]-[FH0],60,-0.4806999999999999,278.06242280000004,0.5093362909078994,5.094051337370084,0.1181426831954585,0.1340513373700851,18,27,-4.6,-4.4
O=C(O)[C@H]1C[C@@H](O)[C@]2(O)[C@@H]1C[C@H](CO)C(=S)[C@@H]2O,CC(=O)N[C@H]1C[C@@H](O)[C@@]2(O)[C@@H](O)C(=S)[C@@H](CO)C[C@H]12,[*]C(=O)O,[*]NC(C)=O,[*:1]-[CH0](=[OH0])-[OH1]>>[*:1]-[NH1]-[CH0](-[CH3])=[OH0],88,-1.654,289.098393708,0.3895229574576626,5.003650229698104,-0.0016706502547782,0.0436502296981045,18,28,-4.6,-3.7
O=C(O)[C@H]1C[C@@H](O)[C@]2(O)[C@@H]1C[C@H](CO)C(=S)[C@@H]2O,CN1CCN([C@H]2C[C@@H](O)[C@@]3(O)[C@@H](O)C(=S)[C@@H](CO)C[C@H]23)CC1,[*]C(=O)O,[*]N1CCN(C)CC1,[*:1]-[CH0](=[OH0])-[OH1]>>[*:1]-[NH0]1-[CH2]-[CH2]-[NH0](-[CH3])-[CH2]-[CH2]-1,14,-1.5426999999999975,330.161328312,0.4564492835830126,4.782932181821883,0.0652556758705717,-0.1770678181781164,18,29,-4.6,-2.8
O=C(O)[C@H]1C[C@@H](O)[C@]2(O)[C@@H]1C[C@H](CO)C(=S)[C@@H]2O,OCC[C@H]1C[C@@H](O)[C@@]2(O)[C@@H](O)C(=S)[C@@H](CO)C[C@H]12,[*]C(=O)O,[*]CCO,[*:1]-[CH0](=[OH0])-[OH1]>>[*:1]-[CH2]-[CH2]-[OH1],26,-1.1601,276.10314474,0.4169090303245734,5.086151173703963,0.0257154226121325,0.1261511737039642,18,30,-4.6,-4.3
O=C(O)[C@H]1C[C@@H](O)[C@]2(O)[C@@H]1C[C@H](CO)C(=S)[C@@H]2O,N#CC[C@H]1C[C@@H]2[C@@H](C(=O)O)C[C@@H](O)[C@@]2(O)[C@@H](O)C1=S,[*]CO,[*]CC#N,[*:1]-[CH2]-[OH1]>>[*:1]-[CH2]-[CH0]#[NH0],35,-0.5365200000000001,285.06709358,0.5027064293150891,5.05776930662118,0.1115128216026482,0.0977693066211813,18,31,-4.6,-4.3
O=C(O)[C@H]1C[C@@H](O)[C@]2(O)[C@@H]1C[C@H](CO)C(=S)[C@@H]2O,CCN[C@H]1C[C@@H]2[C@@H](C(=O)O)C[C@@H](O)[C@@]2(O)[C@@H](O)C1=S,[*]CO,[*]NCC,[*:1]-[CH2]-[OH1]>>[*:1]-[NH1]-[CH2]-[CH3],10,-1.0882999999999998,289.098393708,0.4199939353319334,4.887505922005795,0.0288003276194925,-0.0724940779942038,18,32,-4.6,-6.7
O=C(O)[C@H]1C[C@@H](O)[C@]2(O)[C@@H]1C[C@H](CO)C(=S)[C@@H]2O,CNC(=O)[C@H]1C[C@@H]2[C@@H](C(=O)O)C[C@@H](O)[C@@]2(O)[C@@H](O)C1=S,[*]CO,[*]C(=O)NC,[*:1]-[CH2]-[OH1]>>[*:1]-[CH0](=[OH0])-[NH1]-[CH3],106,-1.7041999999999993,303.077658264,0.3845913897729672,4.855664264996976,-0.0066022179394736,-0.1043357350030227,18,33,-4.6,-4.5
O=C(O)[C@H]1C[C@@H](O)[C@]2(O)[C@@H]1C[C@H](CO)C(=S)[C@@H]2O,CC(=O)N[C@H]1C[C@@H]2[C@@H](C(=O)O)C[C@@H](O)[C@@]2(O)[C@@H](O)C1=S,[*]CO,[*]NC(C)=O,[*:1]-[CH2]-[OH1]>>[*:1]-[NH1]-[CH0](-[CH3])=[OH0],71,-1.5617000000000003,303.077658264,0.3903131752078582,4.796160418843131,-0.0008804325045826,-0.1638395811568678,18,34,-4.6,-4.1
O=C(O)[C@H]1C[C@@H](O)[C@]2(O)[C@@H]1C[C@H](CO)C(=S)[C@@H]2O,COC[C@H]1C[C@@H](O)[C@@]2(O)[C@@H](O)C(=S)[C@@H](CO)C[C@H]12,[*]C(=O)O,[*]COC,[*:1]-[CH0](=[OH0])-[OH1]>>[*:1]-[CH2]-[OH0]-[CH3],25,-0.8961000000000001,276.10314474,0.4997821181777117,5.039642519857809,0.1085885104652708,0.0796425198578099,18,35,-4.6,-4.2
O=C(O)[C@H]1C[C@@H](O)[C@]2(O)[C@@H]1C[C@H](CO)C(=S)[C@@H]2O,CN(C)C(=O)[C@H]1C[C@@H]2[C@@H](C(=O)O)C[C@@H](O)[C@@]2(O)[C@@H](O)C1=S,[*]CO,[*]C(=O)N(C)C,[*:1]-[CH2]-[OH1]>>[*:1]-[CH0](=[OH0])-[NH0](-[CH3])-[CH3],100,-1.362,317.093308328,0.464442867017071,4.826558855323705,0.0732492593046301,-0.1334411446762944,18,36,-4.6,-4.2
O=C(O)[C@H]1C[C@@H](O)[C@]2(O)[C@@H]1C[C@H](CO)C(=S)[C@@H]2O,CN(C)C[C@H]1C[C@@H]2[C@@H](C(=O)O)C[C@@H](O)[C@@]2(O)[C@@H](O)C1=S,[*]CO,[*]CN(C)C,[*:1]-[CH2]-[OH1]>>[*:1]-[CH2]-[NH0](-[CH3])-[CH3],100,-0.8885999999999994,303.114043772,0.5018418555734047,4.86344740109165,0.1106482478609637,-0.0965525989083486,18,37,-4.6,-5.7
O=C(O)[C@H]1C[C@@H](O)[C@]2(O)[C@@H]1C[C@H](CO)C(=S)[C@@H]2O,O=C(O)[C@H]1C[C@@H](O)[C@@]2(O)[C@@H](O)C(=S)[C@@H](CCO)C[C@H]12,[*]CO,[*]CCO,[*:1]-[CH2]-[OH1]>>[*:1]-[CH2]-[CH2]-[OH1],158,-1.0678,290.082409296,0.4200634898124568,4.913760998928874,0.0288698821000158,-0.0462390010711253,18,38,-4.6,-6.0
O=C(O)[C@H]1C[C@@H](O)[C@]2(O)[C@@H]1C[C@H](CO)C(=S)[C@@H]2O,CN1CCN([C@H]2C[C@@H]3[C@@H](C(=O)O)C[C@@H](O)[C@@]3(O)[C@@H](O)C2=S)CC1,[*]CO,[*]N1CCN(C)CC1,[*:1]-[CH2]-[OH1]>>[*:1]-[NH0]1-[CH2]-[CH2]-[NH0](-[CH3])-[CH2]-[CH2]-1,20,-1.450399999999998,344.14059286799994,0.4512138617567544,4.647087927633772,0.0600202540443134,-0.3129120723662275,18,39,-4.6,-3.0
O=C(O)[C@H]1C[C@@H](O)[C@]2(O)[C@@H]1C[C@H](CO)C(=S)[C@@H]2O,O=C(O)[C@H]1C[C@@H](O)[C@@]2(O)[C@@H](O)C(=S)[C@@H](C(F)F)C[C@H]12,[*]CO,[*]C(F)F,[*:1]-[CH2]-[OH1]>>[*:1]-[CH1](-[FH0])-[FH0],42,-0.1851000000000001,296.05300098799995,0.5275802010557441,5.127076370985388,0.1363865933433032,0.1670763709853888,18,40,-4.6,-3.7
O=C(O)[C@H]1C[C@@H](O)[C@]2(O)[C@@H]1C[C@H](CO)C(=S)[C@@H]2O,OC[C@H]1C[C@@H]2[C@@H](N3CCOCC3)C[C@@H](O)[C@@]2(O)[C@@H](O)C1=S,[*]C(=O)O,[*]N1CCOCC1,[*:1]-[CH0](=[OH0])-[OH1]>>[*:1]-[NH0]1-[CH2]-[CH2]-[OH0]-[CH2]-[CH2]-1,37,-1.457899999999999,317.129693836,0.4627024553533508,4.851354434457214,0.0715088476409099,-0.1086455655427851,18,41,-4.6,-2.3
O=C(O)[C@H]1C[C@@H](O)[C@]2(O)[C@@H]1C[C@H](CO)C(=S)[C@@H]2O,OC[C@H]1C[C@@H]2[C@@H](C(F)(F)F)C[C@@H](O)[C@@]2(O)[C@@H](O)C1=S,[*]C(=O)O,[*]C(F)(F)F,[*:1]-[CH0](=[OH0])-[OH1]>>[*:1]-[CH0](-[FH0])(-[FH0])-[FH0],118,0.0197999999999997,300.06431462,0.5134421414723124,5.126251253245984,0.1222485337598714,0.166251253245985,18,42,-4.6,-3.1
O=C(O)[C@H]1C[C@@H](O)[C@]2(O)[C@@H]1C[C@H](CO)C(=S)[C@@H]2O,NC(=O)C[C@H]1C[C@@H](O)[C@@]2(O)[C@@H](O)C(=S)[C@@H](CO)C[C@H]12,[*]C(=O)O,[*]CC(N)=O,[*:1]-[CH0](=[OH0])-[OH1]>>[*:1]-[CH2]-[CH0](-[NH2])=[OH0],13,-1.6670999999999991,289.098393708,0.3958824702302583,5.065204691236566,0.0046888625178174,0.1052046912365671,18,43,-4.6,-4.6
O=C(O)[C@H]1C[C@@H](O)[C@]2(O)[C@@H]1C[C@H](CO)C(=S)[C@@H]2O,CNC[C@H]1C[C@@H]2[C@@H](C(=O)O)C[C@@H](O)[C@@]2(O)[C@@H](O)C1=S,[*]CO,[*]CNC,[*:1]-[CH2]-[OH1]>>[*:1]-[CH2]-[NH1]-[CH3],38,-1.2307999999999997,289.098393708,0.4137593003765153,4.951613614313489,0.0225656926640744,-0.00838638568651,18,44,-4.6,-4.0
O=C(O)[C@H]1C[C@@H](O)[C@]2(O)[C@@H]1C[C@H](CO)C(=S)[C@@H]2O,CCC[C@H]1C[C@@H]2[C@@H](C(=O)O)C[C@@H](O)[C@@]2(O)[C@@H](O)C1=S,[*]CO,[*]CCC,[*:1]-[CH2]-[OH1]>>[*:1]-[CH2]-[CH2]-[CH3],44,0.3499,288.10314474,0.5594820616649304,4.841802537390412,0.1682884539524895,-0.1181974626095874,18,45,-4.6,-6.2
O=C(O)[C@H]1C[C@@H](O)[C@]2(O)[C@@H]1C[C@H](CO)C(=S)[C@@H]2O,NC(=O)C[C@H]1C[C@@H]2[C@@H](C(=O)O)C[C@@H](O)[C@@]2(O)[C@@H](O)C1=S,[*]CO,[*]CC(N)=O,[*:1]-[CH2]-[OH1]>>[*:1]-[CH2]-[CH0](-[NH2])=[OH0],21,-1.5748000000000002,303.077658264,0.3963305948340543,4.867092667363842,0.0051369871216134,-0.0929073326361571,18,46,-4.6,-3.4
O=C(O)[C@H]1C[C@@H](O)[C@]2(O)[C@@H]1C[C@H](CO)C(=S)[C@@H]2O,CC(C)O[C@H]1C[C@@H](O)[C@@]2(O)[C@@H](O)C(=S)[C@@H](CO)C[C@H]12,[*]C(=O)O,[*]OC(C)C,[*:1]-[CH0](=[OH0])-[OH1]>>[*:1]-[OH0]-[CH1](-[CH3])-[CH3],12,-0.3650999999999997,290.118794804,0.5305998164854288,5.105430537390411,0.1394062087729878,0.1454305373904123,18,47,-4.6,-3.0
O=C(O)[C@H]1C[C@@H](O)[C@]2(O)[C@@H]1C[C@H](CO)C(=S)[C@@H]2O,OC[C@H]1C[C@@H]2[C@@H](OC(F)(F)F)C[C@@H](O)[C@@]2(O)[C@@H](O)C1=S,[*]C(=O)O,[*]OC(F)(F)F,[*:1]-[CH0](=[OH0])-[OH1]>>[*:1]-[OH0]-[CH0](-[FH0])(-[FH0])-[FH0],36,-0.2537,316.05922924000004,0.5252746195114898,5.202089708783959,0.1340810117990489,0.2420897087839595,18,48,-4.6,-3.7
O=C(O)[C@H]1C[C@@H](O)[C@]2(O)[C@@H]1C[C@H](CO)C(=S)[C@@H]2O,CCOC[C@H]1C[C@@H]2[C@@H](C(=O)O)C[C@@H](O)[C@@]2(O)[C@@H](O)C1=S,[*]CO,[*]COCC,[*:1]-[CH2]-[OH1]>>[*:1]-[CH2]-[OH0]-[CH2]-[CH3],20,-0.4137,304.09805936,0.5228289600153418,4.871869540200729,0.1316353523029009,-0.0881304597992702,18,49,-4.6,-3.8
O=C(O)[C@H]1C[C@@H](O)[C@]2(O)[C@@H]1C[C@H](CO)C(=S)[C@@H]2O,O=C(O)[C@H]1C[C@@H](O)[C@@]2(O)[C@@H](O)C(=S)[C@@H](N3CCOCC3)C[C@H]12,[*]CO,[*]N1CCOCC1,[*:1]-[CH2]-[OH1]>>[*:1]-[NH0]1-[CH2]-[CH2]-[OH0]-[CH2]-[CH2]-1,42,-1.3655999999999997,331.1089583919999,0.4591137752203429,4.70647372028342,0.067920167507902,-0.2535262797165787,18,50,-4.6,-2.4
O=C(O)[C@H]1C[C@@H](O)[C@]2(O)[C@@H]1C[C@H](CO)C(=S)[C@@H]2O,O=C(O)C[C@H]1C[C@@H]2[C@@H](C(=O)O)C[C@@H](O)[C@@]2(O)[C@@H](O)C1=S,[*]CO,[*]CC(=O)O,[*:1]-[CH2]-[OH1]>>[*:1]-[CH2]-[CH0](=[OH0])-[OH1],49,-0.9755,304.061673852,0.4200217025072501,4.785248584523604,0.0288280947948092,-0.1747514154763951,18,51,-4.6,-5.5
O=C(O)[C@H]1C[C@@H](O)[C@]2(O)[C@@H]1C[C@H](CO)C(=S)[C@@H]2O,O=C([C@H]1C[C@@H](O)[C@@]2(O)[C@@H](O)C(=S)[C@@H](CO)C[C@H]12)N1CCC1,[*]C(=O)O,[*]C(=O)N1CCC1,[*:1]-[CH0](=[OH0])-[OH1]>>[*:1]-[CH0](=[OH0])-[NH0]1-[CH2]-[CH2]-[CH2]-1,12,-1.3101999999999998,315.114043772,0.4721503293055648,4.784818379133228,0.0809567215931238,-0.1751816208667715,18,52,-4.6,-4.7
O=C(O)[C@H]1C[C@@H](O)[C@]2(O)[C@@H]1C[C@H](CO)C(=S)[C@@H]2O,O=C(O)C[C@H]1C[C@@H](O)[C@@]2(O)[C@@H](O)C(=S)[C@@H](CO)C[C@H]12,[*]C(=O)O,[*]CC(=O)O,[*:1]-[CH0](=[OH0])-[OH1]>>[*:1]-[CH2]-[CH0](=[OH0])-[OH1],212,-1.0678,290.082409296,0.4200634898124568,4.971671152775027,0.0288698821000158,0.0116711527750279,18,53,-4.6,-5.1
O=C(O)[C@H]1C[C@@H](O)[C@]2(O)[C@@H]1C[C@H](CO)C(=S)[C@@H]2O,O=C(O)[C@H]1C[C@@H](O)[C@@]2(O)[C@@H](O)C(=S)[C@@H](C(F)(F)F)C[C@H]12,[*]CO,[*]C(F)(F)F,[*:1]-[CH2]-[OH1]>>[*:1]-[CH0](-[FH0])(-[FH0])-[FH0],176,0.1120999999999995,314.043579176,0.5130548661531206,4.97001986889534,0.1218612584406796,0.0100198688953412,18,54,-4.6,-3.2
O=C(O)[C@H]1C[C@@H](O)[C@]2(O)[C@@H]1C[C@H](CO)C(=S)[C@@H]2O,COCC[C@H]1C[C@@H]2[C@@H](C(=O)O)C[C@@H](O)[C@@]2(O)[C@@H](O)C1=S,[*]CO,[*]CCOC,[*:1]-[CH2]-[OH1]>>[*:1]-[CH2]-[CH2]-[OH0]-[CH3],13,-0.4137,304.09805936,0.5228289600153418,4.840457058342963,0.1316353523029009,-0.1195429416570359,18,55,-4.6,-3.5
O=C(O)[C@H]1C[C@@H](O)[C@]2(O)[C@@H]1C[C@H](CO)C(=S)[C@@H]2O,CCNC(=O)[C@H]1C[C@@H](O)[C@@]2(O)[C@@H](O)C(=S)[C@@H](CO)C[C@H]12,[*]C(=O)O,[*]C(=O)NCC,[*:1]-[CH0](=[OH0])-[OH1]>>[*:1]-[CH0](=[OH0])-[NH1]-[CH2]-[CH3],40,-1.4063999999999992,303.114043772,0.4100037818960992,4.860620193321194,0.0188101741836583,-0.0993798066788054,18,56,-4.6,-3.6
O=C(O)[C@H]1C[C@@H](O)[C@]2(O)[C@@H]1C[C@H](CO)C(=S)[C@@H]2O,O=C([C@H]1C[C@@H](O)[C@@]2(O)[C@@H](O)C(=S)[C@@H](CO)C[C@H]12)N1CCCCC1,[*]C(=O)O,[*]C(=O)N1CCCCC1,[*:1]-[CH0](=[OH0])-[OH1]>>[*:1]-[CH0](=[OH0])-[NH0]1-[CH2]-[CH2]-[CH2]-[CH2]-[CH2]-1,29,-0.5299999999999998,343.1453439,0.5030411035360265,4.625829366839728,0.1118474958235856,-0.3341706331602712,18,57,-4.6,-3.0
O=C(O)[C@H]1C[C@@H](O)[C@]2(O)[C@@H]1C[C@H](CO)C(=S)[C@@H]2O,O=C([C@H]1C[C@@H](O)[C@@]2(O)[C@@H](O)C(=S)[C@@H](CO)C[C@H]12)N1CCCC1,[*]C(=O)O,[*]C(=O)N1CCCC1,[*:1]-[CH0](=[OH0])-[OH1]>>[*:1]-[CH0](=[OH0])-[NH0]1-[CH2]-[CH2]-[CH2]-[CH2]-1,20,-0.9201,329.129693836,0.4889709490400475,4.68448372028342,0.0977773413276066,-0.2755162797165793,18,58,-4.6,-2.9
O=C(O)[C@H]1C[C@@H](O)[C@]2(O)[C@@H]1C[C@H](CO)C(=S)[C@@H]2O,O=C(O)[C@H]1C[C@@H](O)[C@@]2(O)[C@@H](O)C(=S)[C@@H](N3CCCC3)C[C@H]12,[*]CO,[*]N1CCCC1,[*:1]-[CH2]-[OH1]>>[*:1]-[NH0]1-[CH2]-[CH2]-[CH2]-[CH2]-1,11,-0.6019999999999999,315.11404377199995,0.5047222499223214,4.668393133326403,0.1135286422098805,-0.2916068666735958,18,59,-4.6,-4.3
O=C(O)[C@H]1C[C@@H](O)[C@]2(O)[C@@H]1C[C@H](CO)C(=S)[C@@H]2O,O=C(O)[C@H]1C[C@@H](O)[C@@]2(O)[C@@H](O)C(=S)[C@@H](N3CCCC3=O)C[C@H]12,[*]CO,[*]N1CCCC1=O,[*:1]-[CH2]-[OH1]>>[*:1]-[NH0]1-[CH2]-[CH2]-[CH2]-[CH0]-1=[OH0],10,-1.0753999999999997,329.0933083279999,0.4761630650747855,4.734128987558518,0.0849694573623446,-0.2258710124414813,18,60,-4.6,-3.0
O=C(O)[C@H]1C[C@@H](O)[C@]2(O)[C@@H]1C[C@H](CO)C(=S)[C@@H]2O,OC[C@H]1C[C@@H]2[C@@H](N3CCCCC3)C[C@@H](O)[C@@]2(O)[C@@H](O)C1=S,[*]C(=O)O,[*]N1CCCCC1,[*:1]-[CH0](=[OH0])-[OH1]>>[*:1]-[NH0]1-[CH2]-[CH2]-[CH2]-[CH2]-[CH2]-1,10,-0.3041999999999998,315.15042928,0.5236102957439764,4.74579183498772,0.1324166880315355,-0.2142081650122795,18,61,-4.6,-1.2
O=C(O)[C@H]1C[C@@H](O)[C@]2(O)[C@@H]1C[C@H](CO)C(=S)[C@@H]2O,O=C(O)[C@H]1C[C@@H](O)[C@@]2(O)[C@@H](O)C(=S)[C@@H](C(=O)NC3CC3)C[C@H]12,[*]CO,[*]C(=O)NC1CC1,[*:1]-[CH2]-[OH1]>>[*:1]-[CH0](=[OH0])-[NH1]-[CH1]1-[CH2]-[CH2]-1,14,-1.1716,329.0933083279999,0.4128239318609523,4.687309768028779,0.0216303241485114,-0.2726902319712199,18,62,-4.6,-3.6
O=C(O)[C@H]1C[C@@H](O)[C@]2(O)[C@@H]1C[C@H](CO)C(=S)[C@@H]2O,O=C(NC1CC1)[C@H]1C[C@@H](O)[C@@]2(O)[C@@H](O)C(=S)[C@@H](CO)C[C@H]12,[*]C(=O)O,[*]C(=O)NC1CC1,[*:1]-[CH0](=[OH0])-[OH1]>>[*:1]-[CH0](=[OH0])-[NH1]-[CH1]1-[CH2]-[CH2]-1,32,-1.2639000000000002,315.114043772,0.4157802746419692,4.794663983528833,0.0245866669295283,-0.1653360164711657,18,63,-4.6,-3.7
O=C(O)[C@H]1C[C@@H](O)[C@]2(O)[C@@H]1C[C@H](CO)C(=S)[C@@H]2O,O=C(O)[C@H]1C[C@@H](O)[C@@]2(O)[C@@H](O)C(=S)[C@@H](OC(F)F)C[C@H]12,[*]CO,[*]OC(F)F,[*:1]-[CH2]-[OH1]>>[*:1]-[OH0]-[CH1](-[FH0])-[FH0],13,-0.4586000000000002,312.0479156079999,0.5224531020973489,5.09271840700881,0.1312594943849079,0.1327184070088112,18,64,-4.6,-3.5
O=C(O)[C@H]1C[C@@H](O)[C@]2(O)[C@@H]1C[C@H](CO)C(=S)[C@@H]2O,CCNC(=O)[C@H]1C[C@@H]2[C@@H](C(=O)O)C[C@@H](O)[C@@]2(O)[C@@H](O)C1=S,[*]CO,[*]C(=O)NCC,[*:1]-[CH2]-[OH1]>>[*:1]-[CH0](=[OH0])-[NH1]-[CH2]-[CH3],41,-1.3140999999999998,317.093308328,0.4087996205979174,4.73886775975261,0.0176060128854765,-0.2211322402473889,18,65,-4.6,-4.8
O=C(O)[C@H]1C[C@@H](O)[C@]2(O)[C@@H]1C[C@H](CO)C(=S)[C@@H]2O,CC(C)(C)[C@H]1C[C@@H]2[C@@H](C(=O)O)C[C@@H](O)[C@@]2(O)[C@@H](O)C1=S,[*]CO,[*]C(C)(C)C,[*:1]-[CH2]-[OH1]>>[*:1]-[CH0](-[CH3])(-[CH3])-[CH3],32,0.5958999999999999,302.11879480399995,0.5294856827465689,4.887952900569549,0.138292075034128,-0.07204709943045,18,66,-4.6,-3.4
O=C(O)[C@H]1C[C@@H](O)[C@]2(O)[C@@H]1C[C@H](CO)C(=S)[C@@H]2O,O=C(O)[C@H]1C[C@@H](O)[C@@]2(O)[C@@H](O)C(=S)[C@@H](CCCO)C[C@H]12,[*]CO,[*]CCCO,[*:1]-[CH2]-[OH1]>>[*:1]-[CH2]-[CH2]-[CH2]-[OH1],32,-0.6777,304.09805936,0.4367715208074971,4.833233546006244,0.0455779130950562,-0.1267664539937554,18,67,-4.6,-4.4
O=C(O)[C@H]1C[C@@H](O)[C@]2(O)[C@@H]1C[C@H](CO)C(=S)[C@@H]2O,O=C(O)[C@H]1C[C@@H](O)[C@@]2(O)[C@@H](O)C(=S)[C@@H](Cc3ccc(O)cc3)C[C@H]12,[*]CO,[*]Cc1ccc(O)cc1,[*:1]-[CH2]-[OH1]>>[*:1]-[CH2]-[cH0]1:[cH1]:[cH1]:[cH0](-[OH1]):[cH1]:[cH1]:1,10,0.4980999999999996,352.0980593599999,0.5027254532658574,4.479434823891415,0.1115318455534165,-0.480565176108584,18,68,-4.6,-6.5
O=C(O)[C@H]1C[C@@H](O)[C@]2(O)[C@@H]1C[C@H](CO)C(=S)[C@@H]2O,CC(=O)NC[C@H]1C[C@@H](O)[C@@]2(O)[C@@H](O)C(=S)[C@@H](CO)C[C@H]12,[*]C(=O)O,[*]CNC(C)=O,[*:1]-[CH0](=[OH0])-[OH1]>>[*:1]-[CH2]-[NH1]-[CH0](-[CH3])=[OH0],13,-1.406399999999999,303.114043772,0.4100037818960992,4.914724692595502,0.0188101741836583,-0.0452753074044967,18,69,-4.6,-3.6
O=C(O)[C@H]1C[C@@H](O)[C@]2(O)[C@@H]1C[C@H](CO)C(=S)[C@@H]2O,CC(C)(O)[C@H]1C[C@@H](O)[C@@]2(O)[C@@H](O)C(=S)[C@@H](CO)C[C@H]12,[*]C(=O)O,[*]C(C)(C)O,[*:1]-[CH0](=[OH0])-[OH1]>>[*:1]-[CH0](-[CH3])(-[CH3])-[OH1],20,-0.7715999999999998,290.118794804,0.4281461964461146,5.116994110388841,0.0369525887336737,0.1569941103888421,18,70,-4.6,-2.8
O=C(O)[C@H]1C[C@@H](O)[C@]2(O)[C@@H]1C[C@H](CO)C(=S)[C@@H]2O,CC(=O)[C@H]1C[C@@H](O)[C@@]2(O)[C@@H](O)C(=S)[C@@H](CO)C[C@H]12,[*]C(=O)O,[*]C(C)=O,[*:1]-[CH0](=[OH0])-[OH1]>>[*:1]-[CH0](-[CH3])=[OH0],68,-0.9535,274.087494676,0.4845718887857834,5.034533497762883,0.0933782810733425,0.0745334977628839,18,71,-4.6,-3.8
O=C(O)[C@H]1C[C@@H](O)[C@]2(O)[C@@H]1C[C@H](CO)C(=S)[C@@H]2O,O=C(O)[C@H]1C[C@@H](O)[C@@]2(O)[C@@H](O)C(=S)[C@@H](C(=O)N3CCCC3)C[C@H]12,[*]CO,[*]C(=O)N1CCCC1,[*:1]-[CH2]-[OH1]>>[*:1]-[CH0](=[OH0])-[NH0]1-[CH2]-[CH2]-[CH2]-[CH2]-1,17,-0.8277999999999999,343.1089583919999,0.4834618625910806,4.567941525648661,0.0922682548786397,-0.3920584743513382,18,72,-4.6,-4.9
O=C(O)[C@H]1C[C@@H](O)[C@]2(O)[C@@H]1C[C@H](CO)C(=S)[C@@H]2O,O=C(O)[C@H]1C[C@@H](O)[C@@]2(O)[C@@H](O)C(=S)[C@@H](CN3CCCC3)C[C@H]12,[*]CO,[*]CN1CCCC1,[*:1]-[CH2]-[OH1]>>[*:1]-[CH2]-[NH0]1-[CH2]-[CH2]-[CH2]-[CH2]-1,27,-0.3543999999999999,329.12969383599994,0.5248799874134196,4.624326797206498,0.1336863797009786,-0.335673202793501,18,73,-4.6,-6.2
O=C(O)[C@H]1C[C@@H](O)[C@]2(O)[C@@H]1C[C@H](CO)C(=S)[C@@H]2O,O=C(O)[C@H]1C[C@@H](O)[C@@]2(O)[C@@H](O)C(=S)[C@@H](C(=O)N3CCOCC3)C[C@H]12,[*]CO,[*]C(=O)N1CCOCC1,[*:1]-[CH2]-[OH1]>>[*:1]-[CH0](=[OH0])-[NH0]1-[CH2]-[CH2]-[OH0]-[CH2]-[CH2]-1,26,-1.5913999999999988,359.10387301199995,0.4346440563664284,4.600450208506801,0.0434504486539875,-0.3595497914931984,18,74,-4.6,-5.8
O=C(O)[C@H]1C[C@@H](O)[C@]2(O)[C@@H]1C[C@H](CO)C(=S)[C@@H]2O,CC(C)O[C@H]1C[C@@H]2[C@@H](C(=O)O)C[C@@H](O)[C@@]2(O)[C@@H](O)C1=S,[*]CO,[*]OC(C)C,[*:1]-[CH2]-[OH1]>>[*:1]-[OH0]-[CH1](-[CH3])-[CH3],22,-0.2728,304.09805936,0.5315206772768136,4.896686158488102,0.1403270695643727,-0.0633138415118974,18,75,-4.6,-3.2
O=C(O)[C@H]1C[C@@H](O)[C@]2(O)[C@@H]1C[C@H](CO)C(=S)[C@@H]2O,OCCO[C@H]1C[C@@H](O)[C@@]2(O)[C@@H](O)C(=S)[C@@H](CO)C[C@H]12,[*]C(=O)O,[*]OCCO,[*:1]-[CH0](=[OH0])-[OH1]>>[*:1]-[OH0]-[CH2]-[CH2]-[OH1],17,-1.7812,292.09805936,0.3895776884249052,5.065482428793127,-0.0016159192875356,0.1054824287931275,18,76,-4.6,-5.0
O=C(O)[C@H]1C[C@@H](O)[C@]2(O)[C@@H]1C[C@H](CO)C(=S)[C@@H]2O,C[C@H](O)[C@H]1C[C@@H]2[C@@H](C(=O)O)C[C@@H](O)[C@@]2(O)[C@@H](O)C1=S,[*]CO,[*][C@H](C)O,[*:1]-[CH2]-[OH1]>>[*:1]-[C@H1](-[CH3])-[OH1],30,-1.0694,290.082409296,0.4109357287880084,5.08081341530928,0.0197421210755674,0.1208134153092812,18,77,-4.6,-4.6
O=C(O)[C@H]1C[C@@H](O)[C@]2(O)[C@@H]1C[C@H](CO)C(=S)[C@@H]2O,C[C@@H](O)[C@H]1C[C@@H]2[C@@H](C(=O)O)C[C@@H](O)[C@@]2(O)[C@@H](O)C1=S,[*]CO,[*][C@@H](C)O,[*:1]-[CH2]-[OH1]>>[*:1]-[C@@H1](-[CH3])-[OH1],25,-1.0694,290.082409296,0.4109357287880084,5.08081341530928,0.0197421210755674,0.1208134153092812,18,78,-4.6,-3.9
O=C(O)[C@H]1C[C@@H](O)[C@]2(O)[C@@H]1C[C@H](CO)C(=S)[C@@H]2O,CC(C)(O)[C@H]1C[C@@H]2[C@@H](C(=O)O)C[C@@H](O)[C@@]2(O)[C@@H](O)C1=S,[*]CO,[*]C(C)(C)O,[*:1]-[CH2]-[OH1]>>[*:1]-[CH0](-[CH3])(-[CH3])-[OH1],77,-0.6793000000000002,304.09805936,0.4289485521990988,5.001255163012988,0.0377549444866578,0.0412551630129884,18,79,-4.6,-4.7
O=C(O)[C@H]1C[C@@H](O)[C@]2(O)[C@@H]1C[C@H](CO)C(=S)[C@@H]2O,O=C([C@H]1C[C@@H](O)[C@@]2(O)[C@@H](O)C(=S)[C@@H](CO)C[C@H]12)N1CCOCC1,[*]C(=O)O,[*]C(=O)N1CCOCC1,[*:1]-[CH0](=[OH0])-[OH1]>>[*:1]-[CH0](=[OH0])-[NH0]1-[CH2]-[CH2]-[OH0]-[CH2]-[CH2]-1,80,-1.6836999999999982,345.12460845600003,0.4423889672362704,4.709875520685881,0.0511953595238295,-0.2501244793141177,18,80,-4.6,-2.5
O=C(O)[C@H]1C[C@@H](O)[C@]2(O)[C@@H]1C[C@H](CO)C(=S)[C@@H]2O,CC(=O)[C@H]1C[C@@H]2[C@@H](C(=O)O)C[C@@H](O)[C@@]2(O)[C@@H](O)C1=S,[*]CO,[*]C(C)=O,[*:1]-[CH2]-[OH1]>>[*:1]-[CH0](-[CH3])=[OH0],116,-0.8612000000000002,288.066759232,0.4886165756096428,4.884457846652578,0.0974229678972019,-0.0755421533474214,18,81,-4.6,-4.3
O=C(O)[C@H]1C[C@@H](O)[C@]2(O)[C@@H]1C[C@H](CO)C(=S)[C@@H]2O,O=C(O)[C@H]1C[C@@H](O)[C@@]2(O)[C@@H](O)C(=S)[C@@H](OCCO)C[C@H]12,[*]CO,[*]OCCO,[*:1]-[CH2]-[OH1]>>[*:1]-[OH0]-[CH2]-[CH2]-[OH1],42,-1.6888999999999996,306.07732391599995,0.3893973238547242,4.900899438604212,-0.0017962838577166,-0.0591005613957875,18,82,-4.6,-3.3
O=C(O)[C@H]1C[C@@H](O)[C@]2(O)[C@@H]1C[C@H](CO)C(=S)[C@@H]2O,CC(C)NC(=O)[C@H]1C[C@@H](O)[C@@]2(O)[C@@H](O)C(=S)[C@@H](CO)C[C@H]12,[*]C(=O)O,[*]C(=O)NC(C)C,[*:1]-[CH0](=[OH0])-[OH1]>>[*:1]-[CH0](=[OH0])-[NH1]-[CH1](-[CH3])-[CH3],30,-1.0179000000000002,317.129693836,0.4264106210161834,4.826191675836525,0.0352170133037425,-0.133808324163474,18,83,-4.6,-3.0
O=C(O)[C@H]1C[C@@H](O)[C@]2(O)[C@@H]1C[C@H](CO)C(=S)[C@@H]2O,O=C([C@H]1C[C@@H](O)[C@@]2(O)[C@@H](O)C(=S)[C@@H](CO)C[C@H]12)N1CCNCC1,[*]C(=O)O,[*]C(=O)N1CCNCC1,[*:1]-[CH0](=[OH0])-[OH1]>>[*:1]-[CH0](=[OH0])-[NH0]1-[CH2]-[CH2]-[NH1]-[CH2]-[CH2]-1,11,-2.110699999999997,344.14059286799994,0.3644182059575476,4.818930465740827,-0.0267754017548932,-0.1410695342591719,18,84,-4.6,-2.4
O=C(O)[C@H]1C[C@@H](O)[C@]2(O)[C@@H]1C[C@H](CO)C(=S)[C@@H]2O,COC(=O)[C@H]1C[C@@H](O)[C@@]2(O)[C@@H](O)C(=S)[C@@H](CO)C[C@H]12,[*]C(=O)O,[*]C(=O)OC,[*:1]-[CH0](=[OH0])-[OH1]>>[*:1]-[CH0](=[OH0])-[OH0]-[CH3],638,-1.3695,290.082409296,0.3670240124798121,4.906389306621181,-0.0241695952326287,-0.0536106933788183,18,85,-4.6,-3.9
O=C(O)[C@H]1C[C@@H](O)[C@]2(O)[C@@H]1C[C@H](CO)C(=S)[C@@H]2O,O=C(O)CO[C@H]1C[C@@H](O)[C@@]2(O)[C@@H](O)C(=S)[C@@H](CO)C[C@H]12,[*]C(=O)O,[*]OCC(=O)O,[*:1]-[CH0](=[OH0])-[OH1]>>[*:1]-[OH0]-[CH2]-[CH0](=[OH0])-[OH1],48,-1.688899999999999,306.07732391599995,0.3893973238547242,4.968954590998987,-0.0017962838577166,0.0089545909989876,18,86,-4.6,-5.6
O=C(O)[C@H]1C[C@@H](O)[C@]2(O)[C@@H]1C[C@H](CO)C(=S)[C@@H]2O,CC(=O)NC[C@H]1C[C@@H]2[C@@H](C(=O)O)C[C@@H](O)[C@@]2(O)[C@@H](O)C1=S,[*]CO,[*]CNC(C)=O,[*:1]-[CH2]-[OH1]>>[*:1]-[CH2]-[NH1]-[CH0](-[CH3])=[OH0],48,-1.3140999999999998,317.093308328,0.4087996205979174,4.768750277235127,0.0176060128854765,-0.1912497227648719,18,87,-4.6,-6.5
O=C(O)[C@H]1C[C@@H](O)[C@]2(O)[C@@H]1C[C@H](CO)C(=S)[C@@H]2O,OC[C@H]1C[C@@H]2[C@@H](CN3CCOCC3)C[C@@H](O)[C@@]2(O)[C@@H](O)C1=S,[*]C(=O)O,[*]CN1CCOCC1,[*:1]-[CH0](=[OH0])-[OH1]>>[*:1]-[CH2]-[NH0]1-[CH2]-[CH2]-[OH0]-[CH2]-[CH2]-1,19,-1.2102999999999984,331.1453439,0.4822839203130635,4.764377389892499,0.0910903126006226,-0.1956226101074998,18,88,-4.6,-2.9
O=C(O)[C@H]1C[C@@H](O)[C@]2(O)[C@@H]1C[C@H](CO)C(=S)[C@@H]2O,O=C(O)[C@H]1C[C@@H](O)[C@@]2(O)[C@@H](O)C(=S)[C@@H](N3CCNCC3)C[C@H]12,[*]CO,[*]N1CCNCC1,[*:1]-[CH2]-[OH1]>>[*:1]-[NH0]1-[CH2]-[CH2]-[NH1]-[CH2]-[CH2]-1,11,-1.7925999999999984,330.12494280399994,0.3773363348376114,4.802778335668036,-0.0138572728748294,-0.1572216643319635,18,89,-4.6,-4.9
O=C(O)[C@H]1C[C@@H](O)[C@]2(O)[C@@H]1C[C@H](CO)C(=S)[C@@H]2O,CS(=O)(=O)N[C@H]1C[C@@H](O)[C@@]2(O)[C@@H](O)C(=S)[C@@H](CO)C[C@H]12,[*]C(=O)O,[*]NS(C)(=O)=O,[*:1]-[CH0](=[OH0])-[OH1]>>[*:1]-[NH1]-[SH0](-[CH3])(=[OH0])=[OH0],55,-2.2408999999999977,325.06537932800006,0.3712759335721357,5.06850893955319,-0.0199176741403052,0.1085089395531913,18,90,-4.6,-2.9
O=C(O)[C@H]1C[C@@H](O)[C@]2(O)[C@@H]1C[C@H](CO)C(=S)[C@@H]2O,CCNC[C@H]1C[C@@H]2[C@@H](C(=O)O)C[C@@H](O)[C@@]2(O)[C@@H](O)C1=S,[*]CO,[*]CNCC,[*:1]-[CH2]-[OH1]>>[*:1]-[CH2]-[NH1]-[CH2]-[CH3],14,-0.8406999999999998,303.114043772,0.4307181949676291,4.862472442958348,0.0395245872551882,-0.0975275570416513,18,91,-4.6,-4.2
O=C(O)[C@H]1C[C@@H](O)[C@]2(O)[C@@H]1C[C@H](CO)C(=S)[C@@H]2O,NC(=O)CO[C@H]1C[C@@H]2[C@@H](C(=O)O)C[C@@H](O)[C@@]2(O)[C@@H](O)C1=S,[*]CO,[*]OCC(N)=O,[*:1]-[CH2]-[OH1]>>[*:1]-[OH0]-[CH2]-[CH0](-[NH2])=[OH0],13,-2.195899999999998,319.07257288399995,0.3664361268997767,4.8947175499624,-0.0247574808126641,-0.065282450037599,18,92,-4.6,-4.6
O=C(O)[C@H]1C[C@@H](O)[C@]2(O)[C@@H]1C[C@H](CO)C(=S)[C@@H]2O,O=C(O)[C@H]1C[C@@H](O)[C@@]2(O)[C@@H](O)C(=S)[C@@H](CN3CCOCC3)C[C@H]12,[*]CO,[*]CN1CCOCC1,[*:1]-[CH2]-[OH1]>>[*:1]-[CH2]-[NH0]1-[CH2]-[CH2]-[OH0]-[CH2]-[CH2]-1,66,-1.117999999999999,345.1246084559999,0.4763964186142954,4.640508487718849,0.0852028109018545,-0.3194915122811501,18,93,-4.6,-2.2
O=C(O)[C@H]1C[C@@H](O)[C@]2(O)[C@@H]1C[C@H](CO)C(=S)[C@@H]2O,NC(=O)N[C@H]1C[C@@H](O)[C@@]2(O)[C@@H](O)C(=S)[C@@H](CO)C[C@H]12,[*]C(=O)O,[*]NC(N)=O,[*:1]-[CH0](=[OH0])-[OH1]>>[*:1]-[NH1]-[CH0](-[NH2])=[OH0],10,-2.1217999999999986,290.093642676,0.3217433285469255,5.117811768159642,-0.0694502791655153,0.1578117681596431,18,94,-4.6,-4.1
O=C(O)[C@H]1C[C@@H](O)[C@]2(O)[C@@H]1C[C@H](CO)C(=S)[C@@H]2O,CC(C)NC(=O)[C@H]1C[C@@H]2[C@@H](C(=O)O)C[C@@H](O)[C@@]2(O)[C@@H](O)C1=S,[*]CO,[*]C(=O)NC(C)C,[*:1]-[CH2]-[OH1]>>[*:1]-[CH0](=[OH0])-[NH1]-[CH1](-[CH3])-[CH3],16,-0.9256,331.1089583919999,0.4230169687312538,4.7160752992307895,0.0318233610188129,-0.2439247007692095,18,95,-4.6,-3.9
O=C(O)[C@H]1C[C@@H](O)[C@]2(O)[C@@H]1C[C@H](CO)C(=S)[C@@H]2O,O=C(O)CC[C@H]1C[C@@H]2[C@@H](C(=O)O)C[C@@H](O)[C@@]2(O)[C@@H](O)C1=S,[*]CO,[*]CCC(=O)O,[*:1]-[CH2]-[OH1]>>[*:1]-[CH2]-[CH2]-[CH0](=[OH0])-[OH1],17,-0.5853999999999997,318.07732391599995,0.4342466020699682,4.74344706045191,0.0430529943575273,-0.2165529395480891,18,96,-4.6,-6.6
O=C(O)[C@H]1C[C@@H](O)[C@]2(O)[C@@H]1C[C@H](CO)C(=S)[C@@H]2O,CN1CCN(C(=O)[C@H]2C[C@@H](O)[C@@]3(O)[C@@H](O)C(=S)[C@@H](CO)C[C@H]23)CC1,[*]C(=O)O,[*]C(=O)N1CCN(C)CC1,[*:1]-[CH0](=[OH0])-[OH1]>>[*:1]-[CH0](=[OH0])-[NH0]1-[CH2]-[CH2]-[NH0](-[CH3])-[CH2]-[CH2]-1,46,-1.7684999999999966,358.15624293199994,0.433256441294607,4.661383936317451,0.0420628335821661,-0.2986160636825481,18,97,-4.6,-3.5
O=C(O)[C@H]1C[C@@H](O)[C@]2(O)[C@@H]1C[C@H](CO)C(=S)[C@@H]2O,O=C(O)[C@H]1C[C@@H](O)[C@@]2(O)[C@@H](O)C(=S)[C@@H](N3CCCCC3)C[C@H]12,[*]CO,[*]N1CCCCC1,[*:1]-[CH2]-[OH1]>>[*:1]-[NH0]1-[CH2]-[CH2]-[CH2]-[CH2]-[CH2]-1,11,-0.2118999999999996,329.12969383599994,0.5200061035174619,4.604429874129575,0.128812495805021,-0.3555701258704244,18,98,-4.6,-3.6
O=C(O)[C@H]1C[C@@H](O)[C@]2(O)[C@@H]1C[C@H](CO)C(=S)[C@@H]2O,CCCNC(=O)[C@H]1C[C@@H](O)[C@@]2(O)[C@@H](O)C(=S)[C@@H](CO)C[C@H]12,[*]C(=O)O,[*]C(=O)NCCC,[*:1]-[CH0](=[OH0])-[OH1]>>[*:1]-[CH0](=[OH0])-[NH1]-[CH2]-[CH2]-[CH3],12,-1.0162999999999995,317.129693836,0.4248272786756191,4.74536673078158,0.0336336709631782,-0.2146332692184192,18,99,-4.6,-4.2
O=C(OP(=O)(O)O)[C@@H]1OC[C@@H](O)C[C@@H](O)[C@H](O)[C@@H]1O,O=P(O)(O)OC[C@@H]1OC[C@@H](O)C[C@@H](O)[C@H](O)[C@@H]1O,[*]C([*])=O,[*]C[*],[*:1]-[CH0](-[*:2])=[OH0]>>[*:1]-[CH2]-[*:2],901,-2.6717999999999997,288.06101875400003,0.3045414191661131,4.188459874149955,0.0187643200223685,-0.2315401258500449,19,0,-6.0,-7.1
O=C(OP(=O)(O)O)[C@@H]1OC[C@@H](O)C[C@@H](O)[C@H](O)[C@@H]1O,O=P(O)(O)OC[C@@H]1OC[C@@H](O)C[C@@H](O)[C@H](O)[C@@H]1O,[*]C([*])=O,[*]C[*],[*:1]-[CH0](-[*:2])=[OH0]>>[*:1]-[CH2]-[*:2],901,-2.6717999999999997,288.06101875400003,0.3045414191661131,4.188459874149955,0.0187643200223685,-0.2315401258500449,19,1,-6.0,-7.1
O=C(OP(=O)(O)O)[C@@H]1OC[C@@H](O)C[C@@H](O)[C@H](O)[C@@H]1O,O=C(O[C@@H]1OC[C@@H](O)C[C@@H](O)[C@H](O)[C@@H]1O)OP(=O)(O)O,[*]C([*])=O,[*]C(=O)O[*],[*:1]-[CH0](-[*:2])=[OH0]>>[*:1]-[CH0](=[OH0])-[OH0]-[*:2],75,-2.5776999999999988,318.03519793,0.2320338883303055,4.496182615449264,-0.0537432108134391,0.0761826154492641,19,2,-6.0,-7.3
O=C(OP(=O)(O)O)[C@@H]1OC[C@@H](O)C[C@@H](O)[C@H](O)[C@@H]1O,O=C(O[C@@H]1OC[C@@H](O)C[C@@H](O)[C@H](O)[C@@H]1O)OP(=O)(O)O,[*]C([*])=O,[*]C(=O)O[*],[*:1]-[CH0](-[*:2])=[OH0]>>[*:1]-[CH0](=[OH0])-[OH0]-[*:2],75,-2.5776999999999988,318.03519793,0.2320338883303055,4.496182615449264,-0.0537432108134391,0.0761826154492641,19,3,-6.0,-7.3
O=C(OP(=O)(O)O)[C@@H]1OC[C@@H](O)C[C@@H](O)[C@H](O)[C@@H]1O,O=C(C[C@@H]1OC[C@@H](O)C[C@@H](O)[C@H](O)[C@@H]1O)OP(=O)(O)O,[*]C([*])=O,[*]C(=O)C[*],[*:1]-[CH0](-[*:2])=[OH0]>>[*:1]-[CH0](=[OH0])-[CH2]-[*:2],761,-2.7550999999999983,316.055933374,0.2992732823300833,4.399536461603109,0.0134961831863387,-0.0204635383968909,19,4,-6.0,-7.0
O=C(OP(=O)(O)O)[C@@H]1OC[C@@H](O)C[C@@H](O)[C@H](O)[C@@H]1O,O=C(C[C@@H]1OC[C@@H](O)C[C@@H](O)[C@H](O)[C@@H]1O)OP(=O)(O)O,[*]C([*])=O,[*]C(=O)C[*],[*:1]-[CH0](-[*:2])=[OH0]>>[*:1]-[CH0](=[OH0])-[CH2]-[*:2],761,-2.7550999999999983,316.055933374,0.2992732823300833,4.399536461603109,0.0134961831863387,-0.0204635383968909,19,5,-6.0,-7.0
O=C(OP(=O)(O)O)[C@@H]1OC[C@@H](O)C[C@@H](O)[C@H](O)[C@@H]1O,O=P(O)(O)OCC[C@@H]1OC[C@@H](O)C[C@@H](O)[C@H](O)[C@@H]1O,[*]C([*])=O,[*]CC[*],[*:1]-[CH0](-[*:2])=[OH0]>>[*:1]-[CH2]-[CH2]-[*:2],53,-2.2816999999999994,302.07666881800003,0.314620255947888,4.297221136363408,0.0288431568041434,-0.1227788636365918,19,6,-6.0,-6.9
O=C(OP(=O)(O)O)[C@@H]1OC[C@@H](O)C[C@@H](O)[C@H](O)[C@@H]1O,O=P(O)(O)OCC[C@@H]1OC[C@@H](O)C[C@@H](O)[C@H](O)[C@@H]1O,[*]C([*])=O,[*]CC[*],[*:1]-[CH0](-[*:2])=[OH0]>>[*:1]-[CH2]-[CH2]-[*:2],53,-2.2816999999999994,302.07666881800003,0.314620255947888,4.297221136363408,0.0288431568041434,-0.1227788636365918,19,7,-6.0,-6.9
O=C(OP(=O)(O)O)[C@@H]1OC[C@@H](O)C[C@@H](O)[C@H](O)[C@@H]1O,O=C(COP(=O)(O)O)N[C@@H]1OC[C@@H](O)C[C@@H](O)[C@H](O)[C@@H]1O,[*]C([*])=O,[*]CC(=O)N[*],[*:1]-[CH0](-[*:2])=[OH0]>>[*:1]-[CH2]-[CH0](=[OH0])-[NH1]-[*:2],17,-3.5980999999999983,331.06683240599995,0.2536835123687678,4.357892764320011,-0.0320935867749767,-0.0621072356799885,19,8,-6.0,-6.7
O=C(OP(=O)(O)O)[C@@H]1OC[C@@H](O)C[C@@H](O)[C@H](O)[C@@H]1O,O=C(COP(=O)(O)O)N[C@@H]1OC[C@@H](O)C[C@@H](O)[C@H](O)[C@@H]1O,[*]C([*])=O,[*]CC(=O)N[*],[*:1]-[CH0](-[*:2])=[OH0]>>[*:1]-[CH2]-[CH0](=[OH0])-[NH1]-[*:2],17,-3.5980999999999983,331.06683240599995,0.2536835123687678,4.357892764320011,-0.0320935867749767,-0.0621072356799885,19,9,-6.0,-6.7
O=C(OP(=O)(O)O)[C@@H]1OC[C@@H](O)C[C@@H](O)[C@H](O)[C@@H]1O,O=C(COOP(=O)(O)O)[C@@H]1OC[C@@H](O)C[C@@H](O)[C@H](O)[C@@H]1O,[*]C([*])=O,[*]C(=O)CO[*],[*:1]-[CH0](-[*:2])=[OH0]>>[*:1]-[CH0](=[OH0])-[CH2]-[OH0]-[*:2],102,-3.171099999999998,332.050847994,0.1694797346704302,4.83032353355078,-0.1162973644733143,0.4103235335507804,19,10,-6.0,-6.1
O=C(OP(=O)(O)O)[C@@H]1OC[C@@H](O)C[C@@H](O)[C@H](O)[C@@H]1O,O=C(COOP(=O)(O)O)[C@@H]1OC[C@@H](O)C[C@@H](O)[C@H](O)[C@@H]1O,[*]C([*])=O,[*]C(=O)CO[*],[*:1]-[CH0](-[*:2])=[OH0]>>[*:1]-[CH0](=[OH0])-[CH2]-[OH0]-[*:2],102,-3.171099999999998,332.050847994,0.1694797346704302,4.83032353355078,-0.1162973644733143,0.4103235335507804,19,11,-6.0,-6.2
O=C(OP(=O)(O)O)[C@@H]1OC[C@@H](O)C[C@@H](O)[C@H](O)[C@@H]1O,O=C(N[C@@H]1OC[C@@H](O)C[C@@H](O)[C@H](O)[C@@H]1O)OP(=O)(O)O,[*]C([*])=O,[*]C(=O)N[*],[*:1]-[CH0](-[*:2])=[OH0]>>[*:1]-[CH0](=[OH0])-[NH1]-[*:2],522,-3.0046999999999997,317.05118234199995,0.2585645138783553,4.58185569237234,-0.0272125852653892,0.16185569237234,19,12,-6.0,-7.7
O=C(OP(=O)(O)O)[C@@H]1OC[C@@H](O)C[C@@H](O)[C@H](O)[C@@H]1O,O=C(N[C@@H]1OC[C@@H](O)C[C@@H](O)[C@H](O)[C@@H]1O)OP(=O)(O)O,[*]C([*])=O,[*]C(=O)N[*],[*:1]-[CH0](-[*:2])=[OH0]>>[*:1]-[CH0](=[OH0])-[NH1]-[*:2],522,-3.0046999999999997,317.05118234199995,0.2585645138783553,4.58185569237234,-0.0272125852653892,0.16185569237234,19,13,-6.0,-7.7
O=C(OP(=O)(O)O)[C@@H]1OC[C@@H](O)C[C@@H](O)[C@H](O)[C@@H]1O,O=C(OC[C@@H]1OC[C@@H](O)C[C@@H](O)[C@H](O)[C@@H]1O)OP(=O)(O)O,[*]C([*])=O,[*]C(=O)OC[*],[*:1]-[CH0](-[*:2])=[OH0]>>[*:1]-[CH0](=[OH0])-[OH0]-[CH2]-[*:2],114,-2.5351999999999983,332.050847994,0.2363747140715973,4.430252764320011,-0.0494023850721472,0.0102527643200112,19,14,-6.0,-7.1
O=C(OP(=O)(O)O)[C@@H]1OC[C@@H](O)C[C@@H](O)[C@H](O)[C@@H]1O,O=C(OCOP(=O)(O)O)[C@@H]1OC[C@@H](O)C[C@@H](O)[C@H](O)[C@@H]1O,[*]C([*])=O,[*]C(=O)OC[*],[*:1]-[CH0](-[*:2])=[OH0]>>[*:1]-[CH0](=[OH0])-[OH0]-[CH2]-[*:2],114,-3.171099999999998,332.050847994,0.1733050689090264,4.378473183900431,-0.1124720302347182,-0.0415268160995685,19,15,-6.0,-6.3
O=C(OP(=O)(O)O)[C@@H]1OC[C@@H](O)C[C@@H](O)[C@H](O)[C@@H]1O,O=C(NCCOP(=O)(O)O)[C@@H]1OC[C@@H](O)C[C@@H](O)[C@H](O)[C@@H]1O,[*]C([*])=O,[*]C(=O)NCC[*],[*:1]-[CH0](-[*:2])=[OH0]>>[*:1]-[CH0](=[OH0])-[NH1]-[CH2]-[CH2]-[*:2],10,-3.555599999999997,345.08248246999995,0.1941205367817293,4.237965937293553,-0.0916565623620152,-0.1820340627064469,19,16,-6.0,-5.9
O=C(OP(=O)(O)O)[C@@H]1OC[C@@H](O)C[C@@H](O)[C@H](O)[C@@H]1O,O=C(NCCOP(=O)(O)O)[C@@H]1OC[C@@H](O)C[C@@H](O)[C@H](O)[C@@H]1O,[*]C([*])=O,[*]C(=O)NCC[*],[*:1]-[CH0](-[*:2])=[OH0]>>[*:1]-[CH0](=[OH0])-[NH1]-[CH2]-[CH2]-[*:2],10,-3.555599999999997,345.08248246999995,0.1941205367817293,4.237965937293553,-0.0916565623620152,-0.1820340627064469,19,17,-6.0,-6.0
O=C(OP(=O)(O)O)[C@@H]1OC[C@@H](O)C[C@@H](O)[C@H](O)[C@@H]1O,O=P(O)(O)OOCC[C@@H]1OC[C@@H](O)C[C@@H](O)[C@H](O)[C@@H]1O,[*]C([*])=O,[*]OCC[*],[*:1]-[CH0](-[*:2])=[OH0]>>[*:1]-[OH0]-[CH2]-[CH2]-[*:2],39,-2.3501,318.071583438,0.1397277525483083,4.6868959011476,-0.1460493465954363,0.2668959011476,19,18,-6.0,-6.8
O=C(OP(=O)(O)O)[C@@H]1OC[C@@H](O)C[C@@H](O)[C@H](O)[C@@H]1O,O=P(O)(O)OCCO[C@@H]1OC[C@@H](O)C[C@@H](O)[C@H](O)[C@@H]1O,[*]C([*])=O,[*]OCC[*],[*:1]-[CH0](-[*:2])=[OH0]>>[*:1]-[OH0]-[CH2]-[CH2]-[*:2],39,-2.697699999999999,318.07158343799995,0.2318124059535129,4.236707802453841,-0.0539646931902317,-0.1832921975461587,19,19,-6.0,-7.0
O=C(OP(=O)(O)O)[C@@H]1OC[C@@H](O)C[C@@H](O)[C@H](O)[C@@H]1O,O=C(NC[C@@H]1OC[C@@H](O)C[C@@H](O)[C@H](O)[C@@H]1O)OP(=O)(O)O,[*]C([*])=O,[*]C(=O)NC[*],[*:1]-[CH0](-[*:2])=[OH0]>>[*:1]-[CH0](=[OH0])-[NH1]-[CH2]-[*:2],67,-2.962199999999999,331.06683240599995,0.2633036575213647,4.433253603480852,-0.0224734416223798,0.0132536034808516,19,20,-6.0,-6.0
O=C(OP(=O)(O)O)[C@@H]1OC[C@@H](O)C[C@@H](O)[C@H](O)[C@@H]1O,O=C(NC[C@@H]1OC[C@@H](O)C[C@@H](O)[C@H](O)[C@@H]1O)OP(=O)(O)O,[*]C([*])=O,[*]C(=O)NC[*],[*:1]-[CH0](-[*:2])=[OH0]>>[*:1]-[CH0](=[OH0])-[NH1]-[CH2]-[*:2],67,-2.962199999999999,331.06683240599995,0.2633036575213647,4.433253603480852,-0.0224734416223798,0.0132536034808516,19,21,-6.0,-6.0
O=C(OP(=O)(O)O)[C@@H]1OC[C@@H](O)C[C@@H](O)[C@H](O)[C@@H]1O,O=C(CCOP(=O)(O)O)[C@@H]1OC[C@@H](O)C[C@@H](O)[C@H](O)[C@@H]1O,[*]C([*])=O,[*]C(=O)CC[*],[*:1]-[CH0](-[*:2])=[OH0]>>[*:1]-[CH0](=[OH0])-[CH2]-[CH2]-[*:2],175,-2.712599999999999,330.07158343799995,0.2906913604548301,4.444260037047284,0.0049142613110854,0.0242600370472843,19,22,-6.0,-6.0
O=C(OP(=O)(O)O)[C@@H]1OC[C@@H](O)C[C@@H](O)[C@H](O)[C@@H]1O,O=C(CCOP(=O)(O)O)[C@@H]1OC[C@@H](O)C[C@@H](O)[C@H](O)[C@@H]1O,[*]C([*])=O,[*]C(=O)CC[*],[*:1]-[CH0](-[*:2])=[OH0]>>[*:1]-[CH0](=[OH0])-[CH2]-[CH2]-[*:2],175,-2.712599999999999,330.07158343799995,0.2906913604548301,4.444260037047284,0.0049142613110854,0.0242600370472843,19,23,-6.0,-5.8
O=C(OP(=O)(O)O)[C@@H]1OC[C@@H](O)C[C@@H](O)[C@H](O)[C@@H]1O,CN(OP(=O)(O)O)C(=O)[C@@H]1OC[C@@H](O)C[C@@H](O)[C@H](O)[C@@H]1O,[*]C([*])=O,[*]C(=O)N([*])C,[*:1]-[CH0](-[*:2])=[OH0]>>[*:1]-[CH0](=[OH0])-[NH0](-[*:2])-[CH3],11,-3.298399999999998,331.06683240599995,0.2266403460559685,4.6725145825018295,-0.0591367530877761,0.2525145825018295,19,24,-6.0,-5.7
O=C(OP(=O)(O)O)[C@@H]1OC[C@@H](O)C[C@@H](O)[C@H](O)[C@@H]1O,CN(OP(=O)(O)O)C(=O)[C@@H]1OC[C@@H](O)C[C@@H](O)[C@H](O)[C@@H]1O,[*]C([*])=O,[*]C(=O)N([*])C,[*:1]-[CH0](-[*:2])=[OH0]>>[*:1]-[CH0](=[OH0])-[NH0](-[*:2])-[CH3],11,-3.298399999999998,331.06683240599995,0.2266403460559685,4.6725145825018295,-0.0591367530877761,0.2525145825018295,19,25,-6.0,-5.7
O=C(OP(=O)(O)O)[C@@H]1OC[C@@H](O)C[C@@H](O)[C@H](O)[C@@H]1O,O=P(O)(O)OCCC[C@@H]1OC[C@@H](O)C[C@@H](O)[C@H](O)[C@@H]1O,[*]C([*])=O,[*]CCC[*],[*:1]-[CH0](-[*:2])=[OH0]>>[*:1]-[CH2]-[CH2]-[CH2]-[*:2],20,-1.8916,316.092318882,0.2518412315395102,4.228225073861678,-0.0339358676042343,-0.1917749261383221,19,26,-6.0,-6.0
O=C(OP(=O)(O)O)[C@@H]1OC[C@@H](O)C[C@@H](O)[C@H](O)[C@@H]1O,O=P(O)(O)OCCC[C@@H]1OC[C@@H](O)C[C@@H](O)[C@H](O)[C@@H]1O,[*]C([*])=O,[*]CCC[*],[*:1]-[CH0](-[*:2])=[OH0]>>[*:1]-[CH2]-[CH2]-[CH2]-[*:2],20,-1.8916,316.092318882,0.2518412315395102,4.228225073861678,-0.0339358676042343,-0.1917749261383221,19,27,-6.0,-6.0
O=C(OP(=O)(O)O)[C@@H]1OC[C@@H](O)C[C@@H](O)[C@H](O)[C@@H]1O,O=C(CCC[C@@H]1OC[C@@H](O)C[C@@H](O)[C@H](O)[C@@H]1O)OP(=O)(O)O,[*]C([*])=O,[*]C(=O)CCC[*],[*:1]-[CH0](-[*:2])=[OH0]>>[*:1]-[CH0](=[OH0])-[CH2]-[CH2]-[CH2]-[*:2],39,-1.9749000000000003,344.08723350199995,0.3067703475635485,4.304398828540237,0.0209932484198038,-0.1156011714597626,19,28,-6.0,-6.2
O=C(OP(=O)(O)O)[C@@H]1OC[C@@H](O)C[C@@H](O)[C@H](O)[C@@H]1O,O=C(CCCOP(=O)(O)O)[C@@H]1OC[C@@H](O)C[C@@H](O)[C@H](O)[C@@H]1O,[*]C([*])=O,[*]C(=O)CCC[*],[*:1]-[CH0](-[*:2])=[OH0]>>[*:1]-[CH0](=[OH0])-[CH2]-[CH2]-[CH2]-[*:2],39,-2.3225,344.08723350199995,0.2265460677058628,4.347085565940767,-0.0592310314378818,-0.0729144340592329,19,29,-6.0,-5.8
O=C(OP(=O)(O)O)[C@@H]1OC[C@@H](O)C[C@@H](O)[C@H](O)[C@@H]1O,CC(C)(C(=O)OP(=O)(O)O)[C@@H]1OC[C@@H](O)C[C@@H](O)[C@H](O)[C@@H]1O,[*]C([*])=O,[*]C(=O)C([*])(C)C,[*:1]-[CH0](-[*:2])=[OH0]>>[*:1]-[CH0](=[OH0])-[CH0](-[*:2])(-[CH3])-[CH3],18,-2.119,344.08723350199995,0.3105796655921548,4.678177286289384,0.0248025664484101,0.2581772862893841,19,30,-6.0,-3.1
O=C(OP(=O)(O)O)[C@@H]1OC[C@@H](O)C[C@@H](O)[C@H](O)[C@@H]1O,CC(C)(C(=O)OP(=O)(O)O)[C@@H]1OC[C@@H](O)C[C@@H](O)[C@H](O)[C@@H]1O,[*]C([*])=O,[*]C(=O)C([*])(C)C,[*:1]-[CH0](-[*:2])=[OH0]>>[*:1]-[CH0](=[OH0])-[CH0](-[*:2])(-[CH3])-[CH3],18,-2.119,344.08723350199995,0.3105796655921548,4.678177286289384,0.0248025664484101,0.2581772862893841,19,31,-6.0,-2.8
O=C(OP(=O)(O)O)[C@@H]1OC[C@@H](O)C[C@@H](O)[C@H](O)[C@@H]1O,CC(OP(=O)(O)O)[C@@H]1OC[C@@H](O)C[C@@H](O)[C@H](O)[C@@H]1O,[*]C([*])=O,[*]C([*])C,[*:1]-[CH0](-[*:2])=[OH0]>>[*:1]-[CH1](-[*:2])-[CH3],26,-2.2833,302.07666881800003,0.3157999885236767,4.5820069832302845,0.0300228893799321,0.1620069832302846,19,32,-6.0,-5.7
O=C(OP(=O)(O)O)[C@@H]1OC[C@@H](O)C[C@@H](O)[C@H](O)[C@@H]1O,CC(OP(=O)(O)O)[C@@H]1OC[C@@H](O)C[C@@H](O)[C@H](O)[C@@H]1O,[*]C([*])=O,[*]C([*])C,[*:1]-[CH0](-[*:2])=[OH0]>>[*:1]-[CH1](-[*:2])-[CH3],26,-2.2833,302.07666881800003,0.3157999885236767,4.5820069832302845,0.0300228893799321,0.1620069832302846,19,33,-6.0,-5.7
O=C(OP(=O)(O)O)[C@@H]1OC[C@@H](O)C[C@@H](O)[C@H](O)[C@@H]1O,C[C@H](OP(=O)(O)O)[C@@H]1OC[C@@H](O)C[C@@H](O)[C@H](O)[C@@H]1O,[*]C([*])=O,[*][C@H]([*])C,[*:1]-[CH0](-[*:2])=[OH0]>>[*:1]-[C@H1](-[*:2])-[CH3],10,-2.2833,302.07666881800003,0.3157999885236767,4.5820069832302845,0.0300228893799321,0.1620069832302846,19,34,-6.0,-6.5
O=C(OP(=O)(O)O)[C@@H]1OC[C@@H](O)C[C@@H](O)[C@H](O)[C@@H]1O,C[C@@H](OP(=O)(O)O)[C@@H]1OC[C@@H](O)C[C@@H](O)[C@H](O)[C@@H]1O,[*]C([*])=O,[*][C@H]([*])C,[*:1]-[CH0](-[*:2])=[OH0]>>[*:1]-[C@H1](-[*:2])-[CH3],10,-2.2833,302.07666881800003,0.3157999885236767,4.5820069832302845,0.0300228893799321,0.1620069832302846,19,35,-6.0,-5.7
O=C(OP(=O)(O)O)[C@@H]1OC[C@@H](O)C[C@@H](O)[C@H](O)[C@@H]1O,O=C([C@@H]1OC[C@@H](O)C[C@@H](O)[C@H](O)[C@@H]1O)C(F)(F)OP(=O)(O)O,[*]C([*])=O,[*]C(=O)C([*])(F)F,[*:1]-[CH0](-[*:2])=[OH0]>>[*:1]-[CH0](=[OH0])-[CH0](-[*:2])(-[FH0])-[FH0],22,-2.5099,352.03708974999995,0.2965296200461398,4.700823165410264,0.0107525209023952,0.280823165410264,19,36,-6.0,-6.5
O=C(OP(=O)(O)O)[C@@H]1OC[C@@H](O)C[C@@H](O)[C@H](O)[C@@H]1O,O=C(OP(=O)(O)O)C(F)(F)[C@@H]1OC[C@@H](O)C[C@@H](O)[C@H](O)[C@@H]1O,[*]C([*])=O,[*]C(=O)C([*])(F)F,[*:1]-[CH0](-[*:2])=[OH0]>>[*:1]-[CH0](=[OH0])-[CH0](-[*:2])(-[FH0])-[FH0],22,-2.5098999999999987,352.03708974999995,0.2976842470494175,4.739824813761912,0.0119071479056729,0.3198248137619117,19,37,-6.0,-4.9
O=C(OP(=O)(O)O)[C@@H]1OC[C@@H](O)C[C@@H](O)[C@H](O)[C@@H]1O,O=P(O)(O)OCS(=O)(=O)[C@@H]1OC[C@@H](O)C[C@@H](O)[C@H](O)[C@@H]1O,[*]C([*])=O,[*]CS([*])(=O)=O,[*:1]-[CH0](-[*:2])=[OH0]>>[*:1]-[CH2]-[SH0](-[*:2])(=[OH0])=[OH0],44,-3.3419999999999983,352.022918994,0.2771042128214951,4.790340223527471,-0.0086728863222494,0.3703402235274708,19,38,-6.0,-4.4
O=C(OP(=O)(O)O)[C@@H]1OC[C@@H](O)C[C@@H](O)[C@H](O)[C@@H]1O,O=P(O)(O)OS(=O)(=O)C[C@@H]1OC[C@@H](O)C[C@@H](O)[C@H](O)[C@@H]1O,[*]C([*])=O,[*]CS([*])(=O)=O,[*:1]-[CH0](-[*:2])=[OH0]>>[*:1]-[CH2]-[SH0](-[*:2])(=[OH0])=[OH0],44,-3.3419999999999974,352.02291899399995,0.2771042128214951,4.660909454296702,-0.0086728863222494,0.2409094542967018,19,39,-6.0,-5.2
O=C(OP(=O)(O)O)[C@@H]1OC[C@@H](O)C[C@@H](O)[C@H](O)[C@@H]1O,O=P(O)(O)Oc1ccc([C@@H]2OC[C@@H](O)C[C@@H](O)[C@H](O)[C@@H]2O)cc1,[*]C([*])=O,[*]c1ccc([*])cc1,[*:1]-[CH0](-[*:2])=[OH0]>>[*:1]-[cH0]1:[cH1]:[cH1]:[cH0](-[*:2]):[cH1]:[cH1]:1,13,-0.9369000000000004,350.076668818,0.3786718599179507,4.012116690378481,0.0928947607742061,-0.4078833096215186,19,40,-6.0,-4.2
O=C(OP(=O)(O)O)[C@@H]1OC[C@@H](O)C[C@@H](O)[C@H](O)[C@@H]1O,O=P(O)(O)Oc1ccc([C@@H]2OC[C@@H](O)C[C@@H](O)[C@H](O)[C@@H]2O)cc1,[*]C([*])=O,[*]c1ccc([*])cc1,[*:1]-[CH0](-[*:2])=[OH0]>>[*:1]-[cH0]1:[cH1]:[cH1]:[cH0](-[*:2]):[cH1]:[cH1]:1,13,-0.9369000000000004,350.0766688179999,0.3786718599179507,4.012116690378481,0.0928947607742061,-0.4078833096215186,19,41,-6.0,-4.6
O=C(OP(=O)(O)O)[C@@H]1OC[C@@H](O)C[C@@H](O)[C@H](O)[C@@H]1O,O=C(C1CCN(OP(=O)(O)O)CC1)[C@@H]1OC[C@@H](O)C[C@@H](O)[C@H](O)[C@@H]1O,[*]C([*])=O,[*]C(=O)C1CCN([*])CC1,[*:1]-[CH0](-[*:2])=[OH0]>>[*:1]-[CH0](=[OH0])-[CH1]1-[CH2]-[CH2]-[NH0](-[*:2])-[CH2]-[CH2]-1,19,-2.4756999999999985,385.113782598,0.2824810917221582,4.6707065840097926,-0.0032960074215863,0.2507065840097926,19,42,-6.0,-4.9
O=C(OP(=O)(O)O)[C@@H]1OC[C@@H](O)C[C@@H](O)[C@H](O)[C@@H]1O,O=C(OP(=O)(O)O)C1CCN([C@@H]2OC[C@@H](O)C[C@@H](O)[C@H](O)[C@@H]2O)CC1,[*]C([*])=O,[*]C(=O)C1CCN([*])CC1,[*:1]-[CH0](-[*:2])=[OH0]>>[*:1]-[CH0](=[OH0])-[CH1]1-[CH2]-[CH2]-[NH0](-[*:2])-[CH2]-[CH2]-1,19,-2.4756999999999976,385.1137825979999,0.2835810165673287,4.374527020289932,-0.0021960825764158,-0.0454729797100679,19,43,-6.0,-2.6
O=C(OP(=O)(O)O)[C@@H]1OC[C@@H](O)C[C@@H](O)[C@H](O)[C@@H]1O,CN(CCOP(=O)(O)O)C(=O)[C@@H]1OC[C@@H](O)C[C@@H](O)[C@H](O)[C@@H]1O,[*]C([*])=O,[*]CCN(C)C([*])=O,[*:1]-[CH0](-[*:2])=[OH0]>>[*:1]-[CH2]-[CH2]-[NH0](-[CH3])-[CH0](-[*:2])=[OH0],18,-3.213399999999997,359.0981325339999,0.2737354969582283,4.372549196581955,-0.0120416021855163,-0.0474508034180445,19,44,-6.0,-5.2
O=C(OP(=O)(O)O)[C@@H]1OC[C@@H](O)C[C@@H](O)[C@H](O)[C@@H]1O,CN(CCOP(=O)(O)O)C(=O)[C@@H]1OC[C@@H](O)C[C@@H](O)[C@H](O)[C@@H]1O,[*]C([*])=O,[*]CCN(C)C([*])=O,[*:1]-[CH0](-[*:2])=[OH0]>>[*:1]-[CH2]-[CH2]-[NH0](-[CH3])-[CH0](-[*:2])=[OH0],18,-3.213399999999997,359.0981325339999,0.2737354969582283,4.372549196581955,-0.0120416021855163,-0.0474508034180445,19,45,-6.0,-4.8
O=C(OP(=O)(O)O)[C@@H]1OC[C@@H](O)C[C@@H](O)[C@H](O)[C@@H]1O,CC(OP(=O)(O)O)C(=O)[C@@H]1OC[C@@H](O)C[C@@H](O)[C@H](O)[C@@H]1O,[*]C([*])=O,[*]C(=O)C([*])C,[*:1]-[CH0](-[*:2])=[OH0]>>[*:1]-[CH0](=[OH0])-[CH1](-[*:2])-[CH3],16,-2.7141999999999986,330.07158343799995,0.2972170912623004,4.655384496349345,0.0114399921185558,0.2353844963493454,19,46,-6.0,-5.3
O=C(OP(=O)(O)O)[C@@H]1OC[C@@H](O)C[C@@H](O)[C@H](O)[C@@H]1O,CC(OP(=O)(O)O)C(=O)[C@@H]1OC[C@@H](O)C[C@@H](O)[C@H](O)[C@@H]1O,[*]C([*])=O,[*]C(=O)C([*])C,[*:1]-[CH0](-[*:2])=[OH0]>>[*:1]-[CH0](=[OH0])-[CH1](-[*:2])-[CH3],16,-2.7141999999999986,330.07158343799995,0.2972170912623004,4.655384496349345,0.0114399921185558,0.2353844963493454,19,47,-6.0,-5.3
O=C(OP(=O)(O)O)[C@@H]1OC[C@@H](O)C[C@@H](O)[C@H](O)[C@@H]1O,O=C(CNC(=O)[C@@H]1OC[C@@H](O)C[C@@H](O)[C@H](O)[C@@H]1O)OP(=O)(O)O,[*]C([*])=O,[*]C(=O)CNC([*])=O,[*:1]-[CH0](-[*:2])=[OH0]>>[*:1]-[CH0](=[OH0])-[CH2]-[NH1]-[CH0](-[*:2])=[OH0],105,-4.028999999999997,359.0617470259999,0.240739199457541,4.381844581197341,-0.0450378996862035,-0.0381554188026589,19,48,-6.0,-6.3
O=C(OP(=O)(O)O)[C@@H]1OC[C@@H](O)C[C@@H](O)[C@H](O)[C@@H]1O,O=C(NCC(=O)[C@@H]1OC[C@@H](O)C[C@@H](O)[C@H](O)[C@@H]1O)OP(=O)(O)O,[*]C([*])=O,[*]C(=O)CNC([*])=O,[*:1]-[CH0](-[*:2])=[OH0]>>[*:1]-[CH0](=[OH0])-[CH2]-[NH1]-[CH0](-[*:2])=[OH0],105,-3.3930999999999982,359.0617470259999,0.2464914216253488,4.613479196581956,-0.0392856775183957,0.193479196581956,19,49,-6.0,-5.7
O=C(OP(=O)(O)O)[C@@H]1OC[C@@H](O)C[C@@H](O)[C@H](O)[C@@H]1O,O=C(NCCOP(=O)(O)O)[C@@H]1OC[C@@H](O)C[C@@H](O)[C@H](O)[C@@H]1O,[*]C([*])=O,[*]CCNC([*])=O,[*:1]-[CH0](-[*:2])=[OH0]>>[*:1]-[CH2]-[CH2]-[NH1]-[CH0](-[*:2])=[OH0],130,-3.555599999999997,345.0824824699999,0.1941205367817293,4.237965937293553,-0.0916565623620152,-0.1820340627064469,19,50,-6.0,-6.0
O=C(OP(=O)(O)O)[C@@H]1OC[C@@H](O)C[C@@H](O)[C@H](O)[C@@H]1O,O=C(NCCOP(=O)(O)O)[C@@H]1OC[C@@H](O)C[C@@H](O)[C@H](O)[C@@H]1O,[*]C([*])=O,[*]CCNC([*])=O,[*:1]-[CH0](-[*:2])=[OH0]>>[*:1]-[CH2]-[CH2]-[NH1]-[CH0](-[*:2])=[OH0],130,-3.555599999999997,345.0824824699999,0.1941205367817293,4.237965937293553,-0.0916565623620152,-0.1820340627064469,19,51,-6.0,-6.0
O=C(OP(=O)(O)O)[C@@H]1OC[C@@H](O)C[C@@H](O)[C@H](O)[C@@H]1O,O=C(OP(=O)(O)O)N1CCC([C@@H]2OC[C@@H](O)C[C@@H](O)[C@H](O)[C@@H]2O)CC1,[*]C([*])=O,[*]C(=O)N1CCC([*])CC1,[*:1]-[CH0](-[*:2])=[OH0]>>[*:1]-[CH0](=[OH0])-[NH0]1-[CH2]-[CH2]-[CH1](-[*:2])-[CH2]-[CH2]-1,29,-1.8398,385.1137825979999,0.2960201467562616,4.378069155766394,0.010243047612517,-0.0419308442336054,19,52,-6.0,-2.6
O=C(OP(=O)(O)O)[C@@H]1OC[C@@H](O)C[C@@H](O)[C@H](O)[C@@H]1O,O=C(OP(=O)(O)O)N1CCC([C@@H]2OC[C@@H](O)C[C@@H](O)[C@H](O)[C@@H]2O)CC1,[*]C([*])=O,[*]C(=O)N1CCC([*])CC1,[*:1]-[CH0](-[*:2])=[OH0]>>[*:1]-[CH0](=[OH0])-[NH0]1-[CH2]-[CH2]-[CH1](-[*:2])-[CH2]-[CH2]-1,29,-1.8398,385.1137825979999,0.2960201467562616,4.378069155766394,0.010243047612517,-0.0419308442336054,19,53,-6.0,-4.0
O=C(OP(=O)(O)O)[C@@H]1OC[C@@H](O)C[C@@H](O)[C@H](O)[C@@H]1O,O=C([C@@H]1OC[C@@H](O)C[C@@H](O)[C@H](O)[C@@H]1O)N1CCC(OP(=O)(O)O)C1,[*]C([*])=O,[*]C(=O)N1CCC([*])C1,[*:1]-[CH0](-[*:2])=[OH0]>>[*:1]-[CH0](=[OH0])-[NH0]1-[CH2]-[CH2]-[CH1](-[*:2])-[CH2]-1,12,-3.070899999999997,371.098132534,0.278962709457867,4.477582734394373,-0.0068143896858775,0.0575827343943728,19,54,-6.0,-4.4
O=C(OP(=O)(O)O)[C@@H]1OC[C@@H](O)C[C@@H](O)[C@H](O)[C@@H]1O,O=C(OP(=O)(O)O)N1CCC([C@@H]2OC[C@@H](O)C[C@@H](O)[C@H](O)[C@@H]2O)C1,[*]C([*])=O,[*]C(=O)N1CCC([*])C1,[*:1]-[CH0](-[*:2])=[OH0]>>[*:1]-[CH0](=[OH0])-[NH0]1-[CH2]-[CH2]-[CH1](-[*:2])-[CH2]-1,12,-2.2298999999999998,371.0981325339999,0.29111461974426,4.563080570932836,0.0053375206005154,0.1430805709328355,19,55,-6.0,-3.2
O=C(OP(=O)(O)O)[C@@H]1OC[C@@H](O)C[C@@H](O)[C@H](O)[C@@H]1O,O=C(CCNC(=O)[C@@H]1OC[C@@H](O)C[C@@H](O)[C@H](O)[C@@H]1O)OP(=O)(O)O,[*]C([*])=O,[*]C(=O)CCNC([*])=O,[*:1]-[CH0](-[*:2])=[OH0]>>[*:1]-[CH0](=[OH0])-[CH2]-[CH2]-[NH1]-[CH0](-[*:2])=[OH0],16,-3.638899999999997,373.0773970899999,0.2341544824105399,4.30946200781792,-0.0516226167332047,-0.1105379921820794,19,56,-6.0,-6.3
O=C(OP(=O)(O)O)[C@@H]1OC[C@@H](O)C[C@@H](O)[C@H](O)[C@@H]1O,O=C(NCCC(=O)[C@@H]1OC[C@@H](O)C[C@@H](O)[C@H](O)[C@@H]1O)OP(=O)(O)O,[*]C([*])=O,[*]C(=O)CCNC([*])=O,[*:1]-[CH0](-[*:2])=[OH0]>>[*:1]-[CH0](=[OH0])-[CH2]-[CH2]-[NH1]-[CH0](-[*:2])=[OH0],16,-3.002999999999998,373.0773970899999,0.2418536638685207,4.512703766059678,-0.0439234352752238,0.0927037660596781,19,57,-6.0,-5.7
O=C(OP(=O)(O)O)[C@@H]1OC[C@@H](O)C[C@@H](O)[C@H](O)[C@@H]1O,O=C(N[C@@H]1OC[C@@H](O)C[C@@H](O)[C@H](O)[C@@H]1O)C(=O)OP(=O)(O)O,[*]C([*])=O,[*]C(=O)C(=O)N[*],[*:1]-[CH0](-[*:2])=[OH0]>>[*:1]-[CH0](=[OH0])-[CH0](=[OH0])-[NH1]-[*:2],12,-4.071499999999998,345.0460969619999,0.189295846388829,4.589463954883948,-0.0964812527549155,0.1694639548839482,19,58,-6.0,-6.4
O=C(OP(=O)(O)O)[C@@H]1OC[C@@H](O)C[C@@H](O)[C@H](O)[C@@H]1O,O=C(N[C@@H]1OC[C@@H](O)C[C@@H](O)[C@H](O)[C@@H]1O)C(=O)OP(=O)(O)O,[*]C([*])=O,[*]C(=O)C(=O)N[*],[*:1]-[CH0](-[*:2])=[OH0]>>[*:1]-[CH0](=[OH0])-[CH0](=[OH0])-[NH1]-[*:2],12,-4.071499999999998,345.0460969619999,0.189295846388829,4.589463954883948,-0.0964812527549155,0.1694639548839482,19,59,-6.0,-6.4
O=C(OP(=O)(O)O)[C@@H]1OC[C@@H](O)C[C@@H](O)[C@H](O)[C@@H]1O,O=C(CN[C@@H]1OC[C@@H](O)C[C@@H](O)[C@H](O)[C@@H]1O)OP(=O)(O)O,[*]C([*])=O,[*]C(=O)CN[*],[*:1]-[CH0](-[*:2])=[OH0]>>[*:1]-[CH0](=[OH0])-[CH2]-[NH1]-[*:2],14,-3.5980999999999983,331.06683240599995,0.2522535874632632,4.586208288795535,-0.0335235116804814,0.1662082887955351,19,60,-6.0,-7.2
O=C(OP(=O)(O)O)[C@@H]1OC[C@@H](O)C[C@@H](O)[C@H](O)[C@@H]1O,O=C(CNOP(=O)(O)O)[C@@H]1OC[C@@H](O)C[C@@H](O)[C@H](O)[C@@H]1O,[*]C([*])=O,[*]C(=O)CN[*],[*:1]-[CH0](-[*:2])=[OH0]>>[*:1]-[CH0](=[OH0])-[CH2]-[NH1]-[*:2],14,-3.5980999999999974,331.06683240599995,0.1947897152609117,4.823204092991341,-0.0909873838828328,0.4032040929913414,19,61,-6.0,-6.4
O=C(OP(=O)(O)O)[C@@H]1OC[C@@H](O)C[C@@H](O)[C@H](O)[C@@H]1O,O=C(OCC[C@@H]1OC[C@@H](O)C[C@@H](O)[C@H](O)[C@@H]1O)OP(=O)(O)O,[*]C([*])=O,[*]CCOC([*])=O,[*:1]-[CH0](-[*:2])=[OH0]>>[*:1]-[CH2]-[CH2]-[OH0]-[CH0](-[*:2])=[OH0],12,-2.1451,346.066498058,0.2409568595990165,4.464111825887718,-0.044820239544728,0.0441118258877182,19,62,-6.0,-6.8
O=C(OP(=O)(O)O)[C@@H]1OC[C@@H](O)C[C@@H](O)[C@H](O)[C@@H]1O,O=C(OCCOP(=O)(O)O)[C@@H]1OC[C@@H](O)C[C@@H](O)[C@H](O)[C@@H]1O,[*]C([*])=O,[*]CCOC([*])=O,[*:1]-[CH0](-[*:2])=[OH0]>>[*:1]-[CH2]-[CH2]-[OH0]-[CH0](-[*:2])=[OH0],12,-3.1285999999999974,346.066498058,0.1680096785594507,4.272516865675517,-0.1177674205842938,-0.1474831343244833,19,63,-6.0,-5.9
O=C(OP(=O)(O)O)[C@@H]1OC[C@@H](O)C[C@@H](O)[C@H](O)[C@@H]1O,O=C(OCC(=O)[C@@H]1OC[C@@H](O)C[C@@H](O)[C@H](O)[C@@H]1O)OP(=O)(O)O,[*]C([*])=O,[*]C(=O)COC([*])=O,[*:1]-[CH0](-[*:2])=[OH0]>>[*:1]-[CH0](=[OH0])-[CH2]-[OH0]-[CH0](-[*:2])=[OH0],17,-2.9660999999999995,360.04576261399995,0.219911071373682,4.617651504274264,-0.0658660277700625,0.1976515042742637,19,64,-6.0,-5.9
O=C(OP(=O)(O)O)[C@@H]1OC[C@@H](O)C[C@@H](O)[C@H](O)[C@@H]1O,O=C(COC(=O)[C@@H]1OC[C@@H](O)C[C@@H](O)[C@H](O)[C@@H]1O)OP(=O)(O)O,[*]C([*])=O,[*]C(=O)COC([*])=O,[*:1]-[CH0](-[*:2])=[OH0]>>[*:1]-[CH0](=[OH0])-[CH2]-[OH0]-[CH0](-[*:2])=[OH0],17,-3.601999999999998,360.04576261399995,0.2127213991012297,4.39029535042811,-0.0730557000425148,-0.0297046495718902,19,65,-6.0,-6.2
O=C(OP(=O)(O)O)[C@@H]1OC[C@@H](O)C[C@@H](O)[C@H](O)[C@@H]1O,O=C(OP(=O)(O)O)c1cccc([C@@H]2OC[C@@H](O)C[C@@H](O)[C@H](O)[C@@H]2O)c1,[*]C([*])=O,[*]C(=O)c1cccc([*])c1,[*:1]-[CH0](-[*:2])=[OH0]>>[*:1]-[CH0](=[OH0])-[cH0]1:[cH1]:[cH1]:[cH1]:[cH0](-[*:2]):[cH1]:1,27,-1.1589000000000005,378.071583438,0.3521017579319498,4.166743782632066,0.0663246587882052,-0.2532562173679338,19,66,-6.0,-4.4
O=C(OP(=O)(O)O)[C@@H]1OC[C@@H](O)C[C@@H](O)[C@H](O)[C@@H]1O,O=C(c1cccc(OP(=O)(O)O)c1)[C@@H]1OC[C@@H](O)C[C@@H](O)[C@H](O)[C@@H]1O,[*]C([*])=O,[*]C(=O)c1cccc([*])c1,[*:1]-[CH0](-[*:2])=[OH0]>>[*:1]-[CH0](=[OH0])-[cH0]1:[cH1]:[cH1]:[cH1]:[cH0](-[*:2]):[cH1]:1,27,-1.4267,378.071583438,0.2692496985291813,4.114969500198082,-0.0165274006145632,-0.3050304998019175,19,67,-6.0,-5.0
O=C(OP(=O)(O)O)[C@@H]1OC[C@@H](O)C[C@@H](O)[C@H](O)[C@@H]1O,O=C(OP(=O)(O)O)c1ccc(OC[C@@H]2OC[C@@H](O)C[C@@H](O)[C@H](O)[C@@H]2O)cc1,[*]C([*])=O,[*]C(=O)c1ccc(OC[*])cc1,[*:1]-[CH0](-[*:2])=[OH0]>>[*:1]-[CH0](=[OH0])-[cH0]1:[cH1]:[cH1]:[cH0](-[OH0]-[CH2]-[*:2]):[cH1]:[cH1]:1,10,-1.4526000000000006,408.0821481219999,0.3133039112661991,4.0163246372901895,0.0275268121224545,-0.4036753627098104,19,68,-6.0,-3.1
O=C(OP(=O)(O)O)[C@@H]1OC[C@@H](O)C[C@@H](O)[C@H](O)[C@@H]1O,O=C(c1ccc(OCOP(=O)(O)O)cc1)[C@@H]1OC[C@@H](O)C[C@@H](O)[C@H](O)[C@@H]1O,[*]C([*])=O,[*]C(=O)c1ccc(OC[*])cc1,[*:1]-[CH0](-[*:2])=[OH0]>>[*:1]-[CH0](=[OH0])-[cH0]1:[cH1]:[cH1]:[cH0](-[OH0]-[CH2]-[*:2]):[cH1]:[cH1]:1,10,-1.4526,408.0821481219999,0.183818369236421,4.113477218955102,-0.1019587299073235,-0.3065227810448983,19,69,-6.0,-3.6
O=C(OP(=O)(O)O)[C@@H]1OC[C@@H](O)C[C@@H](O)[C@H](O)[C@@H]1O,O=C(OP(=O)(O)O)c1ccc([C@@H]2OC[C@@H](O)C[C@@H](O)[C@H](O)[C@@H]2O)cc1,[*]C([*])=O,[*]C(=O)c1ccc([*])cc1,[*:1]-[CH0](-[*:2])=[OH0]>>[*:1]-[CH0](=[OH0])-[cH0]1:[cH1]:[cH1]:[cH0](-[*:2]):[cH1]:[cH1]:1,53,-1.1589000000000005,378.071583438,0.3521017579319498,4.085745849222192,0.0663246587882052,-0.3342541507778076,19,70,-6.0,-4.2
O=C(OP(=O)(O)O)[C@@H]1OC[C@@H](O)C[C@@H](O)[C@H](O)[C@@H]1O,O=C(c1ccc(OP(=O)(O)O)cc1)[C@@H]1OC[C@@H](O)C[C@@H](O)[C@H](O)[C@@H]1O,[*]C([*])=O,[*]C(=O)c1ccc([*])cc1,[*:1]-[CH0](-[*:2])=[OH0]>>[*:1]-[CH0](=[OH0])-[cH0]1:[cH1]:[cH1]:[cH0](-[*:2]):[cH1]:[cH1]:1,53,-1.4267,378.071583438,0.2692496985291813,4.042339190209564,-0.0165274006145632,-0.3776608097904361,19,71,-6.0,-4.8
O=C(OP(=O)(O)O)[C@@H]1OC[C@@H](O)C[C@@H](O)[C@H](O)[C@@H]1O,O=C(NCCC[C@@H]1OC[C@@H](O)C[C@@H](O)[C@H](O)[C@@H]1O)OP(=O)(O)O,[*]C([*])=O,[*]CCCNC([*])=O,[*:1]-[CH0](-[*:2])=[OH0]>>[*:1]-[CH2]-[CH2]-[CH2]-[NH1]-[CH0](-[*:2])=[OH0],31,-2.181999999999999,359.09813253399994,0.2100262639831436,4.353041252067454,-0.0757508351606009,-0.0669587479325457,19,72,-6.0,-5.0
O=C(OP(=O)(O)O)[C@@H]1OC[C@@H](O)C[C@@H](O)[C@H](O)[C@@H]1O,O=C(NCCCOP(=O)(O)O)[C@@H]1OC[C@@H](O)C[C@@H](O)[C@H](O)[C@@H]1O,[*]C([*])=O,[*]CCCNC([*])=O,[*:1]-[CH0](-[*:2])=[OH0]>>[*:1]-[CH2]-[CH2]-[CH2]-[NH1]-[CH0](-[*:2])=[OH0],31,-3.165499999999997,359.0981325339999,0.1883636848912402,4.190453357994314,-0.0974134142525043,-0.2295466420056859,19,73,-6.0,-6.1
O=C(OP(=O)(O)O)[C@@H]1OC[C@@H](O)C[C@@H](O)[C@H](O)[C@@H]1O,O=C(c1ccc(OP(=O)(O)O)o1)[C@@H]1OC[C@@H](O)C[C@@H](O)[C@H](O)[C@@H]1O,[*]C([*])=O,[*]C(=O)c1ccc([*])o1,[*:1]-[CH0](-[*:2])=[OH0]>>[*:1]-[CH0](=[OH0])-[cH0]1:[cH1]:[cH1]:[cH0](-[*:2]):[oH0]:1,10,-1.8337,368.050847994,0.2589682362902058,4.636127804521218,-0.0268088628535387,0.2161278045212178,19,74,-6.0,-5.2
O=C(OP(=O)(O)O)[C@@H]1OC[C@@H](O)C[C@@H](O)[C@H](O)[C@@H]1O,O=C(c1ccc(OP(=O)(O)O)o1)[C@@H]1OC[C@@H](O)C[C@@H](O)[C@H](O)[C@@H]1O,[*]C([*])=O,[*]C(=O)c1ccc([*])o1,[*:1]-[CH0](-[*:2])=[OH0]>>[*:1]-[CH0](=[OH0])-[cH0]1:[cH1]:[cH1]:[cH0](-[*:2]):[oH0]:1,10,-1.8337,368.050847994,0.2589682362902058,4.636127804521218,-0.0268088628535387,0.2161278045212178,19,75,-6.0,-5.3
O=C(OP(=O)(O)O)[C@@H]1OC[C@@H](O)C[C@@H](O)[C@H](O)[C@@H]1O,O=P(O)(O)OC(c1ccccc1)[C@@H]1OC[C@@H](O)C[C@@H](O)[C@H](O)[C@@H]1O,[*]C([*])=O,[*]C([*])c1ccccc1,[*:1]-[CH0](-[*:2])=[OH0]>>[*:1]-[CH1](-[*:2])-[cH0]1:[cH1]:[cH1]:[cH1]:[cH1]:[cH1]:1,14,-0.9305,364.0923188819999,0.3713981655583352,4.280431510281948,0.0856210664145906,-0.1395684897180515,19,76,-6.0,-2.7
O=C(OP(=O)(O)O)[C@@H]1OC[C@@H](O)C[C@@H](O)[C@H](O)[C@@H]1O,O=P(O)(O)OC(c1ccccc1)[C@@H]1OC[C@@H](O)C[C@@H](O)[C@H](O)[C@@H]1O,[*]C([*])=O,[*]C([*])c1ccccc1,[*:1]-[CH0](-[*:2])=[OH0]>>[*:1]-[CH1](-[*:2])-[cH0]1:[cH1]:[cH1]:[cH1]:[cH1]:[cH1]:1,14,-0.9305,364.0923188819999,0.3713981655583352,4.280431510281948,0.0856210664145906,-0.1395684897180515,19,77,-6.0,-2.7
O=C(OP(=O)(O)O)[C@@H]1OC[C@@H](O)C[C@@H](O)[C@H](O)[C@@H]1O,O=C(CSOP(=O)(O)O)[C@@H]1OC[C@@H](O)C[C@@H](O)[C@H](O)[C@@H]1O,[*]C([*])=O,[*]C(=O)CS[*],[*:1]-[CH0](-[*:2])=[OH0]>>[*:1]-[CH0](=[OH0])-[CH2]-[SH0]-[*:2],11,-2.4545,348.028004374,0.2296562441524004,4.9059436734109205,-0.0561208549913441,0.4859436734109206,19,78,-6.0,-6.2
O=C(OP(=O)(O)O)[C@@H]1OC[C@@H](O)C[C@@H](O)[C@H](O)[C@@H]1O,O=C(CSOP(=O)(O)O)[C@@H]1OC[C@@H](O)C[C@@H](O)[C@H](O)[C@@H]1O,[*]C([*])=O,[*]C(=O)CS[*],[*:1]-[CH0](-[*:2])=[OH0]>>[*:1]-[CH0](=[OH0])-[CH2]-[SH0]-[*:2],11,-2.4545,348.028004374,0.2296562441524004,4.9059436734109205,-0.0561208549913441,0.4859436734109206,19,79,-6.0,-6.2
O=C(OP(=O)(O)O)[C@@H]1OC[C@@H](O)C[C@@H](O)[C@H](O)[C@@H]1O,O=C(OP(=O)(O)O)C(c1ccccc1)[C@@H]1OC[C@@H](O)C[C@@H](O)[C@H](O)[C@@H]1O,[*]C([*])=O,[*]C(=O)C([*])c1ccccc1,[*:1]-[CH0](-[*:2])=[OH0]>>[*:1]-[CH0](=[OH0])-[CH1](-[*:2])-[cH0]1:[cH1]:[cH1]:[cH1]:[cH1]:[cH1]:1,32,-1.3614000000000004,392.087233502,0.3358068384503658,4.339658863549335,0.0500297393066212,-0.0803411364506647,19,80,-6.0,-3.0
O=C(OP(=O)(O)O)[C@@H]1OC[C@@H](O)C[C@@H](O)[C@H](O)[C@@H]1O,O=C(C(OP(=O)(O)O)c1ccccc1)[C@@H]1OC[C@@H](O)C[C@@H](O)[C@H](O)[C@@H]1O,[*]C([*])=O,[*]C(=O)C([*])c1ccccc1,[*:1]-[CH0](-[*:2])=[OH0]>>[*:1]-[CH0](=[OH0])-[CH1](-[*:2])-[cH0]1:[cH1]:[cH1]:[cH1]:[cH1]:[cH1]:1,32,-1.3614000000000004,392.087233502,0.3283946294205584,4.348099083329554,0.0426175302768138,-0.0719009166704456,19,81,-6.0,-2.6
O=C(OP(=O)(O)O)[C@@H]1OC[C@@H](O)C[C@@H](O)[C@H](O)[C@@H]1O,O=C(c1ccc(OOP(=O)(O)O)cc1)[C@@H]1OC[C@@H](O)C[C@@H](O)[C@H](O)[C@@H]1O,[*]C([*])=O,[*]C(=O)c1ccc(O[*])cc1,[*:1]-[CH0](-[*:2])=[OH0]>>[*:1]-[CH0](=[OH0])-[cH0]1:[cH1]:[cH1]:[cH0](-[OH0]-[*:2]):[cH1]:[cH1]:1,12,-1.4951,394.0664980579999,0.1479097566454448,4.353588583401454,-0.1378673424982998,-0.0664114165985463,19,82,-6.0,-3.6
O=C(OP(=O)(O)O)[C@@H]1OC[C@@H](O)C[C@@H](O)[C@H](O)[C@@H]1O,O=C(OP(=O)(O)O)c1ccc(O[C@@H]2OC[C@@H](O)C[C@@H](O)[C@H](O)[C@@H]2O)cc1,[*]C([*])=O,[*]C(=O)c1ccc(O[*])cc1,[*:1]-[CH0](-[*:2])=[OH0]>>[*:1]-[CH0](=[OH0])-[cH0]1:[cH1]:[cH1]:[cH0](-[OH0]-[*:2]):[cH1]:[cH1]:1,12,-1.4951000000000003,394.0664980579999,0.3269148203180824,4.00745253944541,0.0411377211743377,-0.41254746055459,19,83,-6.0,-6.4
O=C(OP(=O)(O)O)[C@@H]1OC[C@@H](O)C[C@@H](O)[C@H](O)[C@@H]1O,O=P(O)(O)Oc1ccc(S(=O)(=O)[C@@H]2OC[C@@H](O)C[C@@H](O)[C@H](O)[C@@H]2O)cc1,[*]C([*])=O,[*]S(=O)(=O)c1ccc([*])cc1,[*:1]-[CH0](-[*:2])=[OH0]>>[*:1]-[SH0](=[OH0])(=[OH0])-[cH0]1:[cH1]:[cH1]:[cH0](-[*:2]):[cH1]:[cH1]:1,13,-1.8782,414.0385690579999,0.3022830208871361,4.224812157218939,0.0165059217433914,-0.1951878427810607,19,84,-6.0,-3.4
O=C(OP(=O)(O)O)[C@@H]1OC[C@@H](O)C[C@@H](O)[C@H](O)[C@@H]1O,O=P(O)(O)OS(=O)(=O)c1ccc([C@@H]2OC[C@@H](O)C[C@@H](O)[C@H](O)[C@@H]2O)cc1,[*]C([*])=O,[*]S(=O)(=O)c1ccc([*])cc1,[*:1]-[CH0](-[*:2])=[OH0]>>[*:1]-[SH0](=[OH0])(=[OH0])-[cH0]1:[cH1]:[cH1]:[cH0](-[*:2]):[cH1]:[cH1]:1,13,-1.6104,414.038569058,0.3106638984880276,4.3011365719346575,0.024886799344283,-0.1188634280653424,19,85,-6.0,-2.1
O=P(O)(O)O[C@H]1CC[C@@H](CO)C1,O=P(O)(O)O[C@@H]1CC[C@H](CO)CC1,[*][C@H]1CC[C@@H]([*])C1,[*][C@H]1CC[C@@H]([*])CC1,[*:1]-[C@H1]1-[CH2]-[CH2]-[C@@H1](-[*:2])-[CH2]-1>>[*:1]-[C@H1]1-[CH2]-[CH2]-[C@@H1](-[*:2])-[CH2]-[CH2]-1,13,0.6467999999999998,210.06571021,0.5950292024930901,2.663212497261572,0.031786811351549,-0.8567875027384284,20,0,-7.0,-7.4
O=P(O)(O)O[C@H]1CC[C@@H](CO)C1,O=P(O)(O)O[C@@H]1CC[C@H](CO)CC1,[*][C@H]1CC[C@@H]([*])C1,[*][C@H]1CC[C@@H]([*])CC1,[*:1]-[C@H1]1-[CH2]-[CH2]-[C@@H1](-[*:2])-[CH2]-1>>[*:1]-[C@H1]1-[CH2]-[CH2]-[C@@H1](-[*:2])-[CH2]-[CH2]-1,13,0.6467999999999998,210.06571021,0.5950292024930901,2.663212497261572,0.031786811351549,-0.8567875027384284,20,1,-7.0,-7.5
O=P(O)(O)O[C@H]1CC[C@@H](CO)C1,O=P(O)(O)O[C@@H]1CC[C@@H](CO)CC1,[*][C@H]1CC[C@@H]([*])C1,[*][C@H]1CC[C@H]([*])CC1,[*:1]-[C@H1]1-[CH2]-[CH2]-[C@@H1](-[*:2])-[CH2]-1>>[*:1]-[C@H1]1-[CH2]-[CH2]-[C@H1](-[*:2])-[CH2]-[CH2]-1,11,0.6467999999999998,210.06571021,0.5950292024930901,2.663212497261572,0.031786811351549,-0.8567875027384284,20,2,-7.0,-6.3
O=P(O)(O)O[C@H]1CC[C@@H](CO)C1,O=P(O)(O)O[C@@H]1CC[C@@H](CO)CC1,[*][C@H]1CC[C@@H]([*])C1,[*][C@H]1CC[C@H]([*])CC1,[*:1]-[C@H1]1-[CH2]-[CH2]-[C@@H1](-[*:2])-[CH2]-1>>[*:1]-[C@H1]1-[CH2]-[CH2]-[C@H1](-[*:2])-[CH2]-[CH2]-1,11,0.6467999999999998,210.06571021,0.5950292024930901,2.663212497261572,0.031786811351549,-0.8567875027384284,20,3,-7.0,-6.3
O=P(O)(O)O[C@H]1CC[C@@H](CO)C1,CO[C@@H]1CC[C@H](OP(=O)(O)O)C1,[*]CO,[*]OC,[*:1]-[CH2]-[OH1]>>[*:1]-[OH0]-[CH3],353,0.6631999999999998,196.050060146,0.6483185109189386,3.538306087173524,0.0850761197773974,0.0183060871735234,20,4,-7.0,-6.6
O=P(O)(O)O[C@H]1CC[C@@H](CO)C1,CCCC[C@@H]1CC[C@H](OP(=O)(O)O)C1,[*]CO,[*]CCCC,[*:1]-[CH2]-[OH1]>>[*:1]-[CH2]-[CH2]-[CH2]-[CH3],19,2.454600000000001,222.102095718,0.7009803529547682,3.31092904364406,0.1377379618132271,-0.2090709563559407,20,5,-7.0,-5.2
O=P(O)(O)O[C@H]1CC[C@@H](CO)C1,CSC[C@@H]1CC[C@H](OP(=O)(O)O)C1,[*]CO,[*]CSC,[*:1]-[CH2]-[OH1]>>[*:1]-[CH2]-[SH0]-[CH3],15,1.6273999999999995,226.04286659,0.7129829438605699,3.792225663137149,0.1497405527190288,0.2722256631371484,20,6,-7.0,-5.8
O=P(O)(O)O[C@H]1CC[C@@H](CO)C1,CC[C@@H]1CC[C@H](OP(=O)(O)O)C1,[*]CO,[*]CC,[*:1]-[CH2]-[OH1]>>[*:1]-[CH2]-[CH3],141,1.6744000000000003,194.07079559,0.670451269128808,3.4095628179427546,0.1072088779872669,-0.1104371820572458,20,7,-7.0,-6.6
O=P(O)(O)O[C@H]1CC[C@@H](CO)C1,CC(C)C[C@@H]1CC[C@H](OP(=O)(O)O)C1,[*]CO,[*]CC(C)C,[*:1]-[CH2]-[OH1]>>[*:1]-[CH2]-[CH1](-[CH3])-[CH3],19,2.310500000000001,222.102095718,0.7160993546372314,3.472745774139737,0.1528569634956903,-0.0472542258602635,20,8,-7.0,-6.2
O=P(O)(O)O[C@H]1CC[C@@H](CO)C1,CN(C)[C@@H]1CC[C@H](OP(=O)(O)O)C1,[*]CO,[*]N(C)C,[*:1]-[CH2]-[OH1]>>[*:1]-[NH0](-[CH3])-[CH3],70,0.5783999999999998,209.081694622,0.6651141170730366,3.5599103560912537,0.1018717259314955,0.0399103560912532,20,9,-7.0,-5.7
O=P(O)(O)O[C@H]1CC[C@@H](CO)C1,O=P(O)(O)O[C@H]1CC[C@@H](C2CC2)C1,[*]CO,[*]C1CC1,[*:1]-[CH2]-[OH1]>>[*:1]-[CH1]1-[CH2]-[CH2]-1,61,1.6744000000000003,206.07079559,0.6891184649598503,3.4377601686316552,0.1258760738183092,-0.0822398313683452,20,10,-7.0,-6.3
O=P(O)(O)O[C@H]1CC[C@@H](CO)C1,O=P(O)(O)O[C@H]1CC[C@H](CO)C1,[*][C@H]1CC[C@@H]([*])C1,[*][C@H]1CC[C@H]([*])C1,[*:1]-[C@H1]1-[CH2]-[CH2]-[C@@H1](-[*:2])-[CH2]-1>>[*:1]-[C@H1]1-[CH2]-[CH2]-[C@H1](-[*:2])-[CH2]-1,62,0.2567,196.050060146,0.5632423911415412,3.5346584910196786,1.1102230246251563e-16,0.014658491019678,20,11,-7.0,-7.2
O=P(O)(O)O[C@H]1CC[C@@H](CO)C1,O=P(O)(O)O[C@H]1CC[C@H](CO)C1,[*][C@H]1CC[C@@H]([*])C1,[*][C@H]1CC[C@H]([*])C1,[*:1]-[C@H1]1-[CH2]-[CH2]-[C@@H1](-[*:2])-[CH2]-1>>[*:1]-[C@H1]1-[CH2]-[CH2]-[C@H1](-[*:2])-[CH2]-1,62,0.2567,196.050060146,0.5632423911415412,3.5346584910196786,1.1102230246251563e-16,0.014658491019678,20,12,-7.0,-7.2
O=P(O)(O)O[C@H]1CC[C@@H](CO)C1,O=P(O)(O)O[C@@H]1CC[C@@H](CO)C1,[*][C@H]1CC[C@@H]([*])C1,[*][C@@H]1CC[C@@H]([*])C1,[*:1]-[C@H1]1-[CH2]-[CH2]-[C@@H1](-[*:2])-[CH2]-1>>[*:1]-[C@@H1]1-[CH2]-[CH2]-[C@@H1](-[*:2])-[CH2]-1,64,0.2567,196.050060146,0.5632423911415411,3.5346584910196786,0.0,0.014658491019678,20,13,-7.0,-6.4
O=P(O)(O)O[C@H]1CC[C@@H](CO)C1,O=P(O)(O)O[C@@H]1CC[C@@H](CO)C1,[*][C@H]1CC[C@@H]([*])C1,[*][C@@H]1CC[C@@H]([*])C1,[*:1]-[C@H1]1-[CH2]-[CH2]-[C@@H1](-[*:2])-[CH2]-1>>[*:1]-[C@@H1]1-[CH2]-[CH2]-[C@@H1](-[*:2])-[CH2]-1,64,0.2567,196.050060146,0.5632423911415411,3.5346584910196786,0.0,0.014658491019678,20,14,-7.0,-6.6
O=P(O)(O)O[C@H]1CC[C@@H](CO)C1,CN[C@@H]1CC[C@H](OP(=O)(O)O)C1,[*]CO,[*]NC,[*:1]-[CH2]-[OH1]>>[*:1]-[NH1]-[CH3],31,0.2361999999999998,195.066044558,0.5618666916833834,3.5827738756350627,-0.0013756994581576,0.0627738756350622,20,15,-7.0,-6.6
O=P(O)(O)O[C@H]1CC[C@@H](CO)C1,NC[C@@H]1CC[C@H](OP(=O)(O)O)C1,[*]CO,[*]CN,[*:1]-[CH2]-[OH1]>>[*:1]-[CH2]-[NH2],150,0.2231,195.066044558,0.5600656804563043,3.580818106404293,-0.0031767106852367,0.0608181064042927,20,16,-7.0,-6.9
O=P(O)(O)O[C@H]1CC[C@@H](CO)C1,CCO[C@@H]1CC[C@H](OP(=O)(O)O)C1,[*]CO,[*]OCC,[*:1]-[CH2]-[OH1]>>[*:1]-[OH0]-[CH2]-[CH3],66,1.0533,210.06571021,0.6781151234329288,3.514986102697589,0.1148727322913877,-0.0050138973024109,20,17,-7.0,-6.0
O=P(O)(O)O[C@H]1CC[C@@H](CO)C1,NC(=O)[C@@H]1CC[C@H](OP(=O)(O)O)C1,[*]CO,[*]C(N)=O,[*:1]-[CH2]-[OH1]>>[*:1]-[CH0](-[NH2])=[OH0],246,-0.2503000000000005,209.045309114,0.5548910353146637,3.4977044737383123,-0.0083513558268774,-0.0222955262616881,20,18,-7.0,-6.9
O=P(O)(O)O[C@H]1CC[C@@H](CO)C1,CC(C)[C@@H]1CC[C@H](OP(=O)(O)O)C1,[*]CO,[*]C(C)C,[*:1]-[CH2]-[OH1]>>[*:1]-[CH1](-[CH3])-[CH3],91,1.9204000000000008,208.086445654,0.6951286257536735,3.5203062836930634,0.1318862346121324,0.0003062836930629,20,19,-7.0,-6.5
O=P(O)(O)O[C@H]1CC[C@@H](CO)C1,O=C(O)[C@@H]1CC[C@H](OP(=O)(O)O)C1,[*]CO,[*]C(=O)O,[*:1]-[CH2]-[OH1]>>[*:1]-[CH0](=[OH0])-[OH1],242,0.349,210.029324702,0.5802949517055862,3.390172799530168,0.0170525605640451,-0.1298272004698324,20,20,-7.0,-6.8
O=P(O)(O)O[C@H]1CC[C@@H](CO)C1,COC[C@@H]1CC[C@H](OP(=O)(O)O)C1,[*]CO,[*]COC,[*:1]-[CH2]-[OH1]>>[*:1]-[CH2]-[OH0]-[CH3],258,0.9107999999999998,210.06571021,0.6742815310526081,3.491127201598688,0.111039139911067,-0.0288727984013128,20,21,-7.0,-5.9
O=P(O)(O)O[C@H]1CC[C@@H](CO)C1,O=P(O)(O)O[C@H]1CC[C@@H](CF)C1,[*]CO,[*]CF,[*:1]-[CH2]-[OH1]>>[*:1]-[CH2]-[FH0],60,1.2338999999999998,198.045723714,0.6691249667459006,3.827911375635063,0.1058825756043595,0.3079113756350624,20,22,-7.0,-7.0
O=P(O)(O)O[C@H]1CC[C@@H](CO)C1,N#CC[C@@H]1CC[C@H](OP(=O)(O)O)C1,[*]CO,[*]CC#N,[*:1]-[CH2]-[OH1]>>[*:1]-[CH2]-[CH0]#[NH0],35,1.1780799999999998,205.050394494,0.6747643946207784,3.817239729071217,0.1115220034792373,0.2972397290712161,20,23,-7.0,-6.2
O=P(O)(O)O[C@H]1CC[C@@H](CO)C1,CCN[C@@H]1CC[C@H](OP(=O)(O)O)C1,[*]CO,[*]NCC,[*:1]-[CH2]-[OH1]>>[*:1]-[NH1]-[CH2]-[CH3],10,0.6262999999999996,209.081694622,0.5915619389762631,3.499011597203084,0.028319547834722,-0.0209884027969167,20,24,-7.0,-6.2
O=P(O)(O)O[C@H]1CC[C@@H](CO)C1,CNC(=O)[C@@H]1CC[C@H](OP(=O)(O)O)C1,[*]CO,[*]C(=O)NC,[*:1]-[CH2]-[OH1]>>[*:1]-[CH0](=[OH0])-[NH1]-[CH3],106,0.0103999999999998,223.060959178,0.5855395608028519,3.4544875620815247,0.0222971696613107,-0.0655124379184757,20,25,-7.0,-6.2
O=P(O)(O)O[C@H]1CC[C@@H](CO)C1,CC(=O)N[C@@H]1CC[C@H](OP(=O)(O)O)C1,[*]CO,[*]NC(C)=O,[*:1]-[CH2]-[OH1]>>[*:1]-[NH1]-[CH0](-[CH3])=[OH0],71,0.1528999999999994,223.060959178,0.5917863728475068,3.38556739576136,0.0285439817059657,-0.1344326042386407,20,26,-7.0,-7.1
O=P(O)(O)O[C@H]1CC[C@@H](CO)C1,CN(C)C(=O)[C@@H]1CC[C@H](OP(=O)(O)O)C1,[*]CO,[*]C(=O)N(C)C,[*:1]-[CH2]-[OH1]>>[*:1]-[CH0](=[OH0])-[NH0](-[CH3])-[CH3],100,0.3525999999999996,237.076609242,0.691523668498392,3.471308110545936,0.1282812773568509,-0.0486918894540648,20,27,-7.0,-6.5
O=P(O)(O)O[C@H]1CC[C@@H](CO)C1,CN(C)C[C@@H]1CC[C@H](OP(=O)(O)O)C1,[*]CO,[*]CN(C)C,[*:1]-[CH2]-[OH1]>>[*:1]-[CH2]-[NH0](-[CH3])-[CH3],100,0.8259999999999998,223.097344686,0.6905357342281364,3.519639329233291,0.1272933430865953,-0.0003606707667094,20,28,-7.0,-5.3
O=P(O)(O)O[C@H]1CC[C@@H](CO)C1,O=P(O)(O)O[C@H]1CC[C@@H](CCO)C1,[*]CO,[*]CCO,[*:1]-[CH2]-[OH1]>>[*:1]-[CH2]-[CH2]-[OH1],158,0.6467999999999998,210.06571021,0.5927212644958766,3.517118410389897,0.0294788733543355,-0.0028815896101033,20,29,-7.0,-7.5
O=P(O)(O)O[C@H]1CC[C@@H](CO)C1,CN1CCN([C@@H]2CC[C@H](OP(=O)(O)O)C2)CC1,[*]CO,[*]N1CCN(C)CC1,[*:1]-[CH2]-[OH1]>>[*:1]-[NH0]1-[CH2]-[CH2]-[NH0](-[CH3])-[CH2]-[CH2]-1,20,0.2641999999999996,264.123893782,0.7125545632817739,3.326892738129974,0.1493121721402328,-0.1931072618700264,20,30,-7.0,-4.3
O=P(O)(O)O[C@H]1CC[C@@H](CO)C1,O=P(O)(O)O[C@H]1CC[C@@H](C(F)F)C1,[*]CO,[*]C(F)F,[*:1]-[CH2]-[OH1]>>[*:1]-[CH1](-[FH0])-[FH0],42,1.5294999999999996,216.036301902,0.7017621674786221,3.9549533425165935,0.138519776337081,0.4349533425165939,20,31,-7.0,-7.2
O=P(O)(O)O[C@H]1CC[C@@H](CO)C1,CNC[C@@H]1CC[C@H](OP(=O)(O)O)C1,[*]CO,[*]CNC,[*:1]-[CH2]-[OH1]>>[*:1]-[CH2]-[NH1]-[CH3],38,0.4837999999999998,209.081694622,0.5868834821604382,3.563637531269017,0.0236410910188971,0.0436375312690167,20,32,-7.0,-6.3
O=P(O)(O)O[C@H]1CC[C@@H](CO)C1,CCC[C@@H]1CC[C@H](OP(=O)(O)O)C1,[*]CO,[*]CCC,[*:1]-[CH2]-[OH1]>>[*:1]-[CH2]-[CH2]-[CH3],44,2.0645000000000007,208.086445654,0.693770698044738,3.3788269818184684,0.1305283069031969,-0.141173018181532,20,33,-7.0,-5.7
O=P(O)(O)O[C@H]1CC[C@@H](CO)C1,NC(=O)C[C@@H]1CC[C@H](OP(=O)(O)O)C1,[*]CO,[*]CC(N)=O,[*:1]-[CH2]-[OH1]>>[*:1]-[CH2]-[CH0](-[NH2])=[OH0],21,0.1397999999999997,223.060959178,0.5869471384548783,3.501527063121027,0.0237047473133372,-0.0184729368789735,20,34,-7.0,-7.1
O=P(O)(O)O[C@H]1CC[C@@H](CO)C1,CCOC[C@@H]1CC[C@H](OP(=O)(O)O)C1,[*]CO,[*]COCC,[*:1]-[CH2]-[OH1]>>[*:1]-[CH2]-[OH0]-[CH2]-[CH3],20,1.3009,224.081360274,0.6881868384499324,3.4965913918221965,0.1249444473083913,-0.0234086081778039,20,35,-7.0,-5.8
O=P(O)(O)O[C@H]1CC[C@@H](CO)C1,O=P(O)(O)O[C@H]1CC[C@@H](N2CCOCC2)C1,[*]CO,[*]N1CCOCC1,[*:1]-[CH2]-[OH1]>>[*:1]-[NH0]1-[CH2]-[CH2]-[OH0]-[CH2]-[CH2]-1,42,0.3489999999999996,251.092259306,0.7044811704091645,3.389257904960173,0.1412387792676234,-0.1307420950398272,20,36,-7.0,-4.6
O=P(O)(O)O[C@H]1CC[C@@H](CO)C1,O=C(O)C[C@@H]1CC[C@H](OP(=O)(O)O)C1,[*]CO,[*]CC(=O)O,[*:1]-[CH2]-[OH1]>>[*:1]-[CH2]-[CH0](=[OH0])-[OH1],49,0.7390999999999996,224.044974766,0.6081211912345876,3.408353674347638,0.0448788000930465,-0.1116463256523623,20,37,-7.0,-6.9
O=P(O)(O)O[C@H]1CC[C@@H](CO)C1,O=P(O)(O)O[C@H]1CC[C@@H](C(F)(F)F)C1,[*]CO,[*]C(F)(F)F,[*:1]-[CH2]-[OH1]>>[*:1]-[CH0](-[FH0])(-[FH0])-[FH0],176,1.8267,234.02688009,0.714980892075708,3.625206169150133,0.1517385009341669,0.105206169150132,20,38,-7.0,-7.5
O=P(O)(O)O[C@H]1CC[C@@H](CO)C1,COCC[C@@H]1CC[C@H](OP(=O)(O)O)C1,[*]CO,[*]CCOC,[*:1]-[CH2]-[OH1]>>[*:1]-[CH2]-[CH2]-[OH0]-[CH3],13,1.3009,224.081360274,0.6881868384499324,3.437504752146084,0.1249444473083913,-0.0824952478539167,20,39,-7.0,-5.6
O=P(O)(O)O[C@H]1CC[C@@H](CO)C1,O=P(O)(O)O[C@H]1CC[C@@H](N2CCCC2)C1,[*]CO,[*]N1CCCC1,[*:1]-[CH2]-[OH1]>>[*:1]-[NH0]1-[CH2]-[CH2]-[CH2]-[CH2]-1,11,1.1125999999999998,235.097344686,0.7170169142863264,3.304148262701472,0.1537745231447853,-0.2158517372985287,20,40,-7.0,-6.1
O=P(O)(O)O[C@H]1CC[C@@H](CO)C1,O=C1CCCN1[C@@H]1CC[C@H](OP(=O)(O)O)C1,[*]CO,[*]N1CCCC1=O,[*:1]-[CH2]-[OH1]>>[*:1]-[NH0]1-[CH2]-[CH2]-[CH2]-[CH0]-1=[OH0],10,0.6391999999999998,249.076609242,0.7165281523853416,3.451640492372759,0.1532857612438005,-0.0683595076272416,20,41,-7.0,-5.2
O=P(O)(O)O[C@H]1CC[C@@H](CO)C1,O=C(NC1CC1)[C@@H]1CC[C@H](OP(=O)(O)O)C1,[*]CO,[*]C(=O)NC1CC1,[*:1]-[CH2]-[OH1]>>[*:1]-[CH0](=[OH0])-[NH1]-[CH1]1-[CH2]-[CH2]-1,14,0.5429999999999995,249.076609242,0.6319206087695145,3.3049625203447874,0.0686782176279734,-0.215037479655213,20,42,-7.0,-5.8
O=P(O)(O)O[C@H]1CC[C@@H](CO)C1,O=P(O)(O)O[C@H]1CC[C@@H](OC(F)F)C1,[*]CO,[*]OC(F)F,[*:1]-[CH2]-[OH1]>>[*:1]-[OH0]-[CH1](-[FH0])-[FH0],13,1.2559999999999998,232.031216522,0.7132511403629681,3.872364485158448,0.150008749221427,0.3523644851584473,20,43,-7.0,-6.7
O=P(O)(O)O[C@H]1CC[C@@H](CO)C1,CCNC(=O)[C@@H]1CC[C@H](OP(=O)(O)O)C1,[*]CO,[*]C(=O)NCC,[*:1]-[CH2]-[OH1]>>[*:1]-[CH0](=[OH0])-[NH1]-[CH2]-[CH3],41,0.4004999999999997,237.076609242,0.6149103204936689,3.32721447149268,0.0516679293521278,-0.1927855285073203,20,44,-7.0,-6.7
O=P(O)(O)O[C@H]1CC[C@@H](CO)C1,CC(C)(C)[C@@H]1CC[C@H](OP(=O)(O)O)C1,[*]CO,[*]C(C)(C)C,[*:1]-[CH2]-[OH1]>>[*:1]-[CH0](-[CH3])(-[CH3])-[CH3],32,2.310500000000001,222.102095718,0.7033840552289184,3.4989330922270554,0.1401416640873773,-0.021066907772945,20,45,-7.0,-6.2
O=P(O)(O)O[C@H]1CC[C@@H](CO)C1,O=P(O)(O)O[C@H]1CC[C@@H](CCCO)C1,[*]CO,[*]CCCO,[*:1]-[CH2]-[OH1]>>[*:1]-[CH2]-[CH2]-[CH2]-[OH1],32,1.0369,224.081360274,0.6071009146863855,3.4377816752230057,0.0438585235448444,-0.0822183247769947,20,46,-7.0,-6.1
O=P(O)(O)O[C@H]1CC[C@@H](CO)C1,O=P(O)(O)O[C@H]1CC[C@@H](Cc2ccc(O)cc2)C1,[*]CO,[*]Cc1ccc(O)cc1,[*:1]-[CH2]-[OH1]>>[*:1]-[CH2]-[cH0]1:[cH1]:[cH1]:[cH0](-[OH1]):[cH1]:[cH1]:1,10,2.2127000000000008,272.081360274,0.7314000676617681,3.138997778680677,0.168157676520227,-0.3810022213193234,20,47,-7.0,-6.0
O=P(O)(O)O[C@H]1CC[C@@H](CO)C1,O=C([C@@H]1CC[C@H](OP(=O)(O)O)C1)N1CCCC1,[*]CO,[*]C(=O)N1CCCC1,[*:1]-[CH2]-[OH1]>>[*:1]-[CH0](=[OH0])-[NH0]1-[CH2]-[CH2]-[CH2]-[CH2]-1,17,0.8867999999999998,263.092259306,0.7381730307856628,3.214167369881201,0.1749306396441217,-0.3058326301187994,20,48,-7.0,-4.5
O=P(O)(O)O[C@H]1CC[C@@H](CO)C1,O=P(O)(O)O[C@H]1CC[C@@H](CN2CCCC2)C1,[*]CO,[*]CN1CCCC1,[*:1]-[CH2]-[OH1]>>[*:1]-[CH2]-[NH0]1-[CH2]-[CH2]-[CH2]-[CH2]-1,27,1.3602,249.11299475,0.7360906288529644,3.2767163664986327,0.1728482377114233,-0.2432836335013677,20,49,-7.0,-6.0
O=P(O)(O)O[C@H]1CC[C@@H](CO)C1,O=C([C@@H]1CC[C@H](OP(=O)(O)O)C1)N1CCOCC1,[*]CO,[*]C(=O)N1CCOCC1,[*:1]-[CH2]-[OH1]>>[*:1]-[CH0](=[OH0])-[NH0]1-[CH2]-[CH2]-[OH0]-[CH2]-[CH2]-1,26,0.1231999999999994,279.087173926,0.7124419092006561,3.286240547911447,0.149199518059115,-0.2337594520885533,20,50,-7.0,-4.4
O=P(O)(O)O[C@H]1CC[C@@H](CO)C1,CC(C)O[C@@H]1CC[C@H](OP(=O)(O)O)C1,[*]CO,[*]OC(C)C,[*:1]-[CH2]-[OH1]>>[*:1]-[OH0]-[CH1](-[CH3])-[CH3],22,1.4418,224.081360274,0.7064628103829099,3.632515420709384,0.1432204192413688,0.112515420709383,20,51,-7.0,-5.8
O=P(O)(O)O[C@H]1CC[C@@H](CO)C1,C[C@H](O)[C@@H]1CC[C@H](OP(=O)(O)O)C1,[*]CO,[*][C@H](C)O,[*:1]-[CH2]-[OH1]>>[*:1]-[C@H1](-[CH3])-[OH1],30,0.6451999999999998,210.06571021,0.5949795495103332,3.892410145241208,0.031737158368792,0.3724101452412078,20,52,-7.0,-6.6
O=P(O)(O)O[C@H]1CC[C@@H](CO)C1,C[C@@H](O)[C@@H]1CC[C@H](OP(=O)(O)O)C1,[*]CO,[*][C@@H](C)O,[*:1]-[CH2]-[OH1]>>[*:1]-[C@@H1](-[CH3])-[OH1],25,0.6451999999999998,210.06571021,0.5949795495103332,3.892410145241208,0.031737158368792,0.3724101452412078,20,53,-7.0,-6.7
O=P(O)(O)O[C@H]1CC[C@@H](CO)C1,CC(C)(O)[C@@H]1CC[C@H](OP(=O)(O)O)C1,[*]CO,[*]C(C)(C)O,[*:1]-[CH2]-[OH1]>>[*:1]-[CH0](-[CH3])(-[CH3])-[OH1],77,1.0353,224.081360274,0.6231832824479357,3.703979246073209,0.0599408913063946,0.1839792460732088,20,54,-7.0,-6.0
O=P(O)(O)O[C@H]1CC[C@@H](CO)C1,CC(=O)[C@@H]1CC[C@H](OP(=O)(O)O)C1,[*]CO,[*]C(C)=O,[*:1]-[CH2]-[OH1]>>[*:1]-[CH0](-[CH3])=[OH0],116,0.8533999999999999,208.050060146,0.6715404128067124,3.5306175959102584,0.1082980216651713,0.0106175959102579,20,55,-7.0,-6.1
O=P(O)(O)O[C@H]1CC[C@@H](CO)C1,O=P(O)(O)O[C@H]1CC[C@@H](OCCO)C1,[*]CO,[*]OCCO,[*:1]-[CH2]-[OH1]>>[*:1]-[OH0]-[CH2]-[CH2]-[OH1],42,0.0256999999999999,226.06062483,0.5719628799193479,3.5848278290691606,0.0087204887778068,0.0648278290691601,20,56,-7.0,-5.7
O=P(O)(O)O[C@H]1CC[C@@H](CO)C1,CC(=O)NC[C@@H]1CC[C@H](OP(=O)(O)O)C1,[*]CO,[*]CNC(C)=O,[*:1]-[CH2]-[OH1]>>[*:1]-[CH2]-[NH1]-[CH0](-[CH3])=[OH0],48,0.4004999999999997,237.076609242,0.6149103204936689,3.367638317646527,0.0516679293521278,-0.1523616823534732,20,57,-7.0,-7.0
O=P(O)(O)O[C@H]1CC[C@@H](CO)C1,O=P(O)(O)O[C@H]1CC[C@@H](N2CCNCC2)C1,[*]CO,[*]N1CCNCC1,[*:1]-[CH2]-[OH1]>>[*:1]-[NH0]1-[CH2]-[CH2]-[NH1]-[CH2]-[CH2]-1,11,-0.0780000000000006,250.108243718,0.6078466942035721,3.517664058806327,0.044604303062031,-0.0023359411936736,20,58,-7.0,-5.1
O=P(O)(O)O[C@H]1CC[C@@H](CO)C1,CCNC[C@@H]1CC[C@H](OP(=O)(O)O)C1,[*]CO,[*]CNCC,[*:1]-[CH2]-[OH1]>>[*:1]-[CH2]-[NH1]-[CH2]-[CH3],14,0.8738999999999997,223.097344686,0.6026833118044576,3.4910675051825217,0.0394409206629164,-0.0289324948174787,20,59,-7.0,-5.7
O=P(O)(O)O[C@H]1CC[C@@H](CO)C1,NC(=O)CO[C@@H]1CC[C@H](OP(=O)(O)O)C1,[*]CO,[*]OCC(N)=O,[*:1]-[CH2]-[OH1]>>[*:1]-[OH0]-[CH2]-[CH0](-[NH2])=[OH0],13,-0.4813000000000004,239.055873798,0.5571872555048278,3.5828594714926805,-0.0060551356367132,0.06285947149268,20,60,-7.0,-7.1
O=P(O)(O)O[C@H]1CC[C@@H](CO)C1,O=P(O)(O)O[C@H]1CC[C@@H](CN2CCOCC2)C1,[*]CO,[*]CN1CCOCC1,[*:1]-[CH2]-[OH1]>>[*:1]-[CH2]-[NH0]1-[CH2]-[CH2]-[OH0]-[CH2]-[CH2]-1,66,0.5965999999999998,265.10790937,0.7244820706762947,3.32883543452932,0.1612396795347536,-0.1911645654706806,20,61,-7.0,-4.9
O=P(O)(O)O[C@H]1CC[C@@H](CO)C1,CC(C)NC(=O)[C@@H]1CC[C@H](OP(=O)(O)O)C1,[*]CO,[*]C(=O)NC(C)C,[*:1]-[CH2]-[OH1]>>[*:1]-[CH0](=[OH0])-[NH1]-[CH1](-[CH3])-[CH3],16,0.7889999999999995,251.092259306,0.6417959971999331,3.30844054232281,0.078553606058392,-0.2115594576771906,20,62,-7.0,-5.1
O=P(O)(O)O[C@H]1CC[C@@H](CO)C1,O=C(O)CC[C@@H]1CC[C@H](OP(=O)(O)O)C1,[*]CO,[*]CCC(=O)O,[*:1]-[CH2]-[OH1]>>[*:1]-[CH2]-[CH2]-[CH0](=[OH0])-[OH1],17,1.1291999999999998,238.06062483,0.6199735667353853,3.3316140868772948,0.0567311755938442,-0.1883859131227057,20,63,-7.0,-6.7
O=P(O)(O)O[C@H]1CC[C@@H](CO)C1,O=P(O)(O)O[C@H]1CC[C@@H](N2CCCCC2)C1,[*]CO,[*]N1CCCCC1,[*:1]-[CH2]-[OH1]>>[*:1]-[NH0]1-[CH2]-[CH2]-[CH2]-[CH2]-[CH2]-1,11,1.5027,249.11299475,0.7416960229761714,3.2531994434217117,0.1784536318346303,-0.2668005565782891,20,64,-7.0,-4.5
O=P(O)(O)O[C@H]1CC[C@@H](CO)C1,COC(=O)[C@@H]1CC[C@H](OP(=O)(O)O)C1,[*]CO,[*]C(=O)OC,[*:1]-[CH2]-[OH1]>>[*:1]-[CH0](=[OH0])-[OH0]-[CH3],219,0.4374,224.044974766,0.5332335123858835,3.386330805324768,-0.0300088787556576,-0.1336691946752326,20,65,-7.0,-6.2
O=P(O)(O)O[C@H]1CC[C@@H](CO)C1,O=P(O)(O)O[C@H]1CC[C@@H](Cc2ccccc2)C1,[*]CO,[*]Cc1ccccc1,[*:1]-[CH2]-[OH1]>>[*:1]-[CH2]-[cH0]1:[cH1]:[cH1]:[cH1]:[cH1]:[cH1]:1,42,2.507100000000001,256.086445654,0.8121369079682287,2.9712440883754727,0.2488945168266876,-0.5487559116245277,20,66,-7.0,-6.2
O=P(O)(O)O[C@H]1CC[C@@H](CO)C1,O=P(O)(O)O[C@H]1CC[C@@H](CNC2CC2)C1,[*]CO,[*]CNC1CC1,[*:1]-[CH2]-[OH1]>>[*:1]-[CH2]-[NH1]-[CH1]1-[CH2]-[CH2]-1,10,1.0163999999999995,235.097344686,0.6198326423685399,3.451349039972981,0.0565902512269987,-0.0686509600270195,20,67,-7.0,-6.7
O=P(O)(O)O[C@H]1CC[C@@H](CO)C1,CC(O)[C@@H]1CC[C@H](OP(=O)(O)O)C1,[*]CO,[*]C(C)O,[*:1]-[CH2]-[OH1]>>[*:1]-[CH1](-[CH3])-[OH1],90,0.6451999999999998,210.06571021,0.5949795495103332,3.892410145241208,0.031737158368792,0.3724101452412078,20,68,-7.0,-6.5
O=P(O)(O)O[C@H]1CC[C@@H](CO)C1,CS[C@@H]1CC[C@H](OP(=O)(O)O)C1,[*]CO,[*]SC,[*:1]-[CH2]-[OH1]>>[*:1]-[SH0]-[CH3],29,1.3798,212.027216526,0.6916183125376749,3.999564741019678,0.1283759213961338,0.4795647410196775,20,69,-7.0,-5.4
O=P(O)(O)O[C@H]1CC[C@@H](CO)C1,O=P(O)(O)O[C@H]1CC[C@@H](c2ccc(F)cc2)C1,[*]CO,[*]c1ccc(F)cc1,[*:1]-[CH2]-[OH1]>>[*:1]-[cH0]1:[cH1]:[cH1]:[cH0](-[FH0]):[cH1]:[cH1]:1,16,2.5711000000000013,260.061373778,0.8195223377384381,3.069684227491676,0.256279946596897,-0.4503157725083246,20,70,-7.0,-4.1
O=P(O)(O)O[C@H]1CC[C@@H](CO)C1,O=P(O)(O)O[C@H]1CC[C@@H](C2CCCCC2)C1,[*]CO,[*]C1CCCCC1,[*:1]-[CH2]-[OH1]>>[*:1]-[CH1]1-[CH2]-[CH2]-[CH2]-[CH2]-[CH2]-1,11,2.8447000000000022,248.117745782,0.7535129286299251,3.272568674190942,0.190270537488384,-0.2474313258090585,20,71,-7.0,-4.4
O=P(O)(O)O[C@H]1CC[C@@H](CO)C1,CS(=O)(=O)N[C@@H]1CC[C@H](OP(=O)(O)O)C1,[*]CO,[*]NS(C)(=O)=O,[*:1]-[CH2]-[OH1]>>[*:1]-[NH1]-[SH0](-[CH3])(=[OH0])=[OH0],59,-0.4340000000000003,259.027944798,0.5901161571695474,3.5338785247471183,0.0268737660280062,0.0138785247471178,20,72,-7.0,-5.8
O=P(O)(O)O[C@H]1CC[C@@H](CO)C1,O=P(O)(O)O[C@H]1CC[C@@H](CN2CCNCC2)C1,[*]CO,[*]CN1CCNCC1,[*:1]-[CH2]-[OH1]>>[*:1]-[CH2]-[NH0]1-[CH2]-[CH2]-[NH1]-[CH2]-[CH2]-1,11,0.1695999999999996,264.123893782,0.627921193462913,3.477352742221627,0.0646788023213719,-0.0426472577783734,20,73,-7.0,-6.2
O=P(O)(O)O[C@H]1CC[C@@H](CO)C1,CS(=O)(=O)C[C@@H]1CC[C@H](OP(=O)(O)O)C1,[*]CO,[*]CS(C)(=O)=O,[*:1]-[CH2]-[OH1]>>[*:1]-[CH2]-[SH0](-[CH3])(=[OH0])=[OH0],19,0.309,258.03269583,0.7036055160098901,3.706469057291496,0.140363124868349,0.1864690572914957,20,74,-7.0,-6.7
O=P(O)(O)O[C@H]1CC[C@@H](CO)C1,CN1CCN(C[C@@H]2CC[C@H](OP(=O)(O)O)C2)CC1,[*]CO,[*]CN1CCN(C)CC1,[*:1]-[CH2]-[OH1]>>[*:1]-[CH2]-[NH0]1-[CH2]-[CH2]-[NH0](-[CH3])-[CH2]-[CH2]-1,33,0.5117999999999994,278.139543846,0.7300936466721889,3.2945260863729864,0.1668512555306478,-0.225473913627014,20,75,-7.0,-5.8
O=P(O)(O)O[C@H]1CC[C@@H](CO)C1,CCOC(=O)[C@@H]1CC[C@H](OP(=O)(O)O)C1,[*]CO,[*]C(=O)OCC,[*:1]-[CH2]-[OH1]>>[*:1]-[CH0](=[OH0])-[OH0]-[CH2]-[CH3],107,0.8274999999999999,238.06062483,0.5561642332766539,3.2936825484157577,-0.0070781578648871,-0.2263174515842427,20,76,-7.0,-6.2
O=P(O)(O)O[C@H]1CC[C@@H](CO)C1,COC(=O)C[C@@H]1CC[C@H](OP(=O)(O)O)C1,[*]CO,[*]CC(=O)OC,[*:1]-[CH2]-[OH1]>>[*:1]-[CH2]-[CH0](=[OH0])-[OH0]-[CH3],18,0.8274999999999999,238.06062483,0.5561642332766539,3.3882898561080648,-0.0070781578648871,-0.1317101438919357,20,77,-7.0,-5.8
O=P(O)(O)O[C@H]1CC[C@@H](CO)C1,O=P(O)(O)O[C@H]1CC[C@@H](CN2CCCCC2)C1,[*]CO,[*]CN1CCCCC1,[*:1]-[CH2]-[OH1]>>[*:1]-[CH2]-[NH0]1-[CH2]-[CH2]-[CH2]-[CH2]-[CH2]-1,19,1.7503000000000002,263.12864481400004,0.7561232818368907,3.23437293452932,0.1928808906953496,-0.2856270654706803,20,78,-7.0,-6.1
O=P(O)(O)O[C@H]1CC[C@@H](CO)C1,O=P(O)(O)O[C@H]1CC[C@@H](OC(F)(F)F)C1,[*]CO,[*]OC(F)(F)F,[*:1]-[CH2]-[OH1]>>[*:1]-[OH0]-[CH0](-[FH0])(-[FH0])-[FH0],46,1.5532,250.02179471,0.7430048217868067,3.8290039685341,0.1797624306452656,0.3090039685340997,20,79,-7.0,-6.7
O=P(O)(O)O[C@H]1CC[C@@H](CO)C1,CCOC(=O)C[C@@H]1CC[C@H](OP(=O)(O)O)C1,[*]CO,[*]CC(=O)OCC,[*:1]-[CH2]-[OH1]>>[*:1]-[CH2]-[CH0](=[OH0])-[OH0]-[CH2]-[CH3],26,1.2175999999999998,252.076274894,0.5640811076950727,3.326649461310799,0.0008387165535316,-0.1933505386892013,20,80,-7.0,-5.4
O=P(O)(O)O[C@H]1CC[C@@H](CO)C1,O=P(O)(O)O[C@H]1CC[C@@H](C2CCOCC2)C1,[*]CO,[*]C1CCOCC1,[*:1]-[CH2]-[OH1]>>[*:1]-[CH1]1-[CH2]-[CH2]-[OH0]-[CH2]-[CH2]-1,19,1.6909999999999998,250.097010338,0.7453032018858479,3.517125597267865,0.1820608107443068,-0.002874402732135,20,81,-7.0,-4.6
O=P(O)(O)O[C@H]1CC[C@@H](CO)C1,O=P(O)(O)O[C@H]1CC[C@@H](CCl)C1,[*]CO,[*]CCl,[*:1]-[CH2]-[OH1]>>[*:1]-[CH2]-[ClH0],22,1.5032,214.016173174,0.5520169354955531,3.745440221788909,-0.0112254556459879,0.2254402217889088,20,82,-7.0,-6.3
O=P(O)(O)O[C@H]1CC[C@@H](CO)C1,CN(C)CCO[C@@H]1CC[C@H](OP(=O)(O)O)C1,[*]CO,[*]OCCN(C)C,[*:1]-[CH2]-[OH1]>>[*:1]-[OH0]-[CH2]-[CH2]-[NH0](-[CH3])-[CH3],15,0.595,253.10790937,0.6745705591385035,3.509605454155163,0.1113281679969624,-0.0103945458448375,20,83,-7.0,-6.2
O=P(O)(O)O[C@H]1CC[C@@H](CO)C1,CCN(CC)C[C@@H]1CC[C@H](OP(=O)(O)O)C1,[*]CO,[*]CN(CC)CC,[*:1]-[CH2]-[OH1]>>[*:1]-[CH2]-[NH0](-[CH2]-[CH3])-[CH2]-[CH3],16,1.6062000000000003,251.128644814,0.7016850727672302,3.4710970462839645,0.1384426816256891,-0.0489029537160359,20,84,-7.0,-5.4
O=P(O)(O)O[C@H]1CC[C@@H](CO)C1,CC(C)NC[C@@H]1CC[C@H](OP(=O)(O)O)C1,[*]CO,[*]CNC(C)C,[*:1]-[CH2]-[OH1]>>[*:1]-[CH2]-[NH1]-[CH1](-[CH3])-[CH3],12,1.2623999999999995,237.11299475,0.6272941536620247,3.465866394569603,0.0640517625204836,-0.0541336054303975,20,85,-7.0,-6.3
O=P(O)(O)O[C@H]1CC[C@@H](CO)C1,CCN(CC)C(=O)[C@@H]1CC[C@H](OP(=O)(O)O)C1,[*]CO,[*]C(=O)N(CC)CC,[*:1]-[CH2]-[OH1]>>[*:1]-[CH0](=[OH0])-[NH0](-[CH2]-[CH3])-[CH2]-[CH3],11,1.1327999999999998,265.10790937,0.7275791999515149,3.3836437037600886,0.1643368088099738,-0.1363562962399118,20,86,-7.0,-3.5
O=P(O)(O)O[C@H]1CC[C@@H](CO)C1,CC(=O)OC[C@@H]1CC[C@H](OP(=O)(O)O)C1,[*]CO,[*]COC(C)=O,[*:1]-[CH2]-[OH1]>>[*:1]-[CH2]-[OH0]-[CH0](-[CH3])=[OH0],72,0.8274999999999999,238.06062483,0.5561642332766539,3.4110252407234496,-0.0070781578648871,-0.1089747592765508,20,87,-7.0,-5.7
O=P(O)(O)O[C@H]1CC[C@@H](CO)C1,CS(=O)(=O)NC[C@@H]1CC[C@H](OP(=O)(O)O)C1,[*]CO,[*]CNS(C)(=O)=O,[*:1]-[CH2]-[OH1]>>[*:1]-[CH2]-[NH1]-[SH0](-[CH3])(=[OH0])=[OH0],16,-0.1864000000000004,273.043594862,0.5984947524798327,3.5071361467184143,0.0352523613382916,-0.0128638532815861,20,88,-7.0,-6.0
O=P(O)(O)O[C@H]1CC[C@@H](CO)C1,O=C(NCCO)[C@@H]1CC[C@H](OP(=O)(O)O)C1,[*]CO,[*]C(=O)NCCO,[*:1]-[CH2]-[OH1]>>[*:1]-[CH0](=[OH0])-[NH1]-[CH2]-[CH2]-[OH1],30,-0.6271000000000008,253.071523862,0.4848034757504635,3.338859836981639,-0.0784389153910775,-0.1811401630183615,20,89,-7.0,-7.1
O=P(O)(O)O[C@H]1CC[C@@H](CO)C1,O=P(O)(O)O[C@H]1CC[C@@H](Cn2ccnc2)C1,[*]CO,[*]Cn1ccnc1,[*:1]-[CH2]-[OH1]>>[*:1]-[CH2]-[nH0]1:[cH1]:[cH1]:[nH0]:[cH1]:1,11,1.1610999999999998,246.07694359,0.7785763986799838,3.6244363664986334,0.2153340075384427,0.1044363664986329,20,90,-7.0,-6.0
O=P(O)(O)O[C@H]1CC[C@@H](CO)C1,O=P(O)(O)O[C@H]1CC[C@@H](c2ccccc2)C1,[*]CO,[*]c1ccccc1,[*:1]-[CH2]-[OH1]>>[*:1]-[cH0]1:[cH1]:[cH1]:[cH1]:[cH1]:[cH1]:1,93,2.4320000000000013,242.07079559,0.7986713525244742,3.003547135729404,0.2354289613829331,-0.5164528642705966,20,91,-7.0,-4.9
O=P(O)(O)O[C@H]1CC[C@@H](CO)C1,CCC(O)[C@@H]1CC[C@H](OP(=O)(O)O)C1,[*]CO,[*]C(O)CC,[*:1]-[CH2]-[OH1]>>[*:1]-[CH1](-[OH1])-[CH2]-[CH3],11,1.0353,224.081360274,0.6207661433045732,3.9171299707740985,0.0575237521630321,0.397129970774098,20,92,-7.0,-6.6
O=P(O)(O)O[C@H]1CC[C@@H](CO)C1,O=P(O)(O)O[C@H]1CC[C@@H](CCc2ccccc2)C1,[*]CO,[*]CCc1ccccc1,[*:1]-[CH2]-[OH1]>>[*:1]-[CH2]-[CH2]-[cH0]1:[cH1]:[cH1]:[cH1]:[cH1]:[cH1]:1,12,2.8972000000000016,270.102095718,0.8072377253073613,2.958691914427284,0.2439953341658202,-0.5613080855727164,20,93,-7.0,-6.5
O=P(O)(O)O[C@H]1CC[C@@H](CO)C1,O=P(O)(O)O[C@H]1CC[C@@H](COc2ccccc2)C1,[*]CO,[*]COc1ccccc1,[*:1]-[CH2]-[OH1]>>[*:1]-[CH2]-[OH0]-[cH0]1:[cH1]:[cH1]:[cH1]:[cH1]:[cH1]:1,14,2.343400000000001,272.081360274,0.8045066784963407,2.990671099947648,0.2412642873547996,-0.5293289000523531,20,94,-7.0,-7.3
O=P(O)(O)O[C@H]1CC[C@@H](CO)C1,CC(C)(C)OC(=O)N[C@@H]1CC[C@H](OP(=O)(O)O)C1,[*]CO,[*]NC(=O)OC(C)(C)C,[*:1]-[CH2]-[OH1]>>[*:1]-[NH1]-[CH0](=[OH0])-[OH0]-[CH0](-[CH3])(-[CH3])-[CH3],11,1.5414999999999996,281.10282399,0.6776118906553423,3.3034546755710226,0.1143694995138012,-0.2165453244289779,20,95,-7.0,-5.6
O=P(O)(O)O[C@H]1CC[C@@H](CO)C1,O=P(O)(O)O[C@H]1CC[C@@H](c2ccccn2)C1,[*]CO,[*]c1ccccn1,[*:1]-[CH2]-[OH1]>>[*:1]-[cH0]1:[cH1]:[cH1]:[cH1]:[cH1]:[nH0]:1,18,1.827,243.066044558,0.7914386864319138,3.386544058806326,0.2281962952903727,-0.1334559411936746,20,96,-7.0,-5.9
O=P(O)(O)O[C@H]1CC[C@@H](CO)C1,COCCO[C@@H]1CC[C@H](OP(=O)(O)O)C1,[*]CO,[*]OCCOC,[*:1]-[CH2]-[OH1]>>[*:1]-[OH0]-[CH2]-[CH2]-[OH0]-[CH3],24,0.6797999999999997,240.076274894,0.524230147901776,3.4602646122056253,-0.039012243239765,-0.0597353877943751,20,97,-7.0,-6.4
O=P(O)(O)O[C@H]1CC[C@@H](CO)C1,CN(C)CCNC(=O)[C@@H]1CC[C@H](OP(=O)(O)O)C1,[*]CO,[*]C(=O)NCCN(C)C,[*:1]-[CH2]-[OH1]>>[*:1]-[CH0](=[OH0])-[NH1]-[CH2]-[CH2]-[NH0](-[CH3])-[CH3],12,-0.0578000000000001,280.118808402,0.589598019345152,3.299097740219139,0.0263556282036109,-0.2209022597808614,20,98,-7.0,-7.2
O=P(O)(O)O[C@H]1CC[C@@H](CO)C1,O=P(O)(O)O[C@H]1CC[C@@H](C(O)CO)C1,[*]CO,[*]C(O)CO,[*:1]-[CH2]-[OH1]>>[*:1]-[CH1](-[OH1])-[CH2]-[OH1],10,-0.3824000000000002,226.06062483,0.4865044389865194,3.947299617343745,-0.0767379521550216,0.4272996173437446,20,99,-7.0,-6.7
C[C@]1(O)CO[C@](CO)(CCOP(=O)(O)O)C1,C[C@]1(O)CO[C@](CO)(COP(=O)(O)O)C1,[*]CC[*],[*]C[*],[*:1]-[CH2]-[CH2]-[*:2]>>[*:1]-[CH2]-[*:2],1929,-1.0019000000000002,242.05553945,0.4668837138663147,4.522518761433508,-0.017677007546044,0.0125187614335082,21,0,-6.8,-7.0
C[C@]1(O)CO[C@](CO)(CCOP(=O)(O)O)C1,C[C@]1(O)CO[C@](CO)(COP(=O)(O)O)C1,[*]CC[*],[*]C[*],[*:1]-[CH2]-[CH2]-[*:2]>>[*:1]-[CH2]-[*:2],1929,-1.0019000000000002,242.05553945,0.4668837138663147,4.522518761433508,-0.017677007546044,0.0125187614335082,21,1,-6.8,-7.0
C[C@]1(O)CO[C@](CO)(CCOP(=O)(O)O)C1,C[C@]1(O)CO[C@](CO)(C(=O)OP(=O)(O)O)C1,[*]CC[*],[*]C([*])=O,[*:1]-[CH2]-[CH2]-[*:2]>>[*:1]-[CH0](-[*:2])=[OH0],53,-1.4753000000000005,256.034804006,0.4492827039402596,4.584039818656232,-0.0352780174720991,0.0740398186562325,21,2,-6.8,-7.6
C[C@]1(O)CO[C@](CO)(CCOP(=O)(O)O)C1,C[C@]1(O)CO[C@](CO)(C(=O)OP(=O)(O)O)C1,[*]CC[*],[*]C([*])=O,[*:1]-[CH2]-[CH2]-[*:2]>>[*:1]-[CH0](-[*:2])=[OH0],53,-1.4752999999999996,256.034804006,0.4492827039402596,4.584039818656232,-0.0352780174720991,0.0740398186562325,21,3,-6.8,-7.6
C[C@]1(O)CO[C@](CO)(CCOP(=O)(O)O)C1,CO[C@@]1(CCOP(=O)(O)O)C[C@@](C)(O)CO1,[*]CO,[*]OC,[*:1]-[CH2]-[OH1]>>[*:1]-[OH0]-[CH3],353,-0.0002,256.071189514,0.5942991775550718,4.467571311553579,0.1097384561427129,-0.0424286884464208,21,4,-6.8,-7.5
C[C@]1(O)CO[C@](CO)(CCOP(=O)(O)O)C1,C[C@]1(O)CO[C@](CO)(NC(=O)OP(=O)(O)O)C1,[*]CC[*],[*]C(=O)N[*],[*:1]-[CH2]-[CH2]-[*:2]>>[*:1]-[CH0](=[OH0])-[NH1]-[*:2],34,-1.3348000000000002,271.045703038,0.3965358431364796,4.7933596478160325,-0.0880248782758791,0.2833596478160327,21,5,-6.8,-6.5
C[C@]1(O)CO[C@](CO)(CCOP(=O)(O)O)C1,C[C@]1(O)CO[C@](CO)(C(=O)NOP(=O)(O)O)C1,[*]CC[*],[*]C(=O)N[*],[*:1]-[CH2]-[CH2]-[*:2]>>[*:1]-[CH0](=[OH0])-[NH1]-[*:2],34,-1.9707,271.045703038,0.2921522429354881,4.758199857606243,-0.1924084784768706,0.2481998576062434,21,6,-6.8,-6.8
C[C@]1(O)CO[C@](CO)(CCOP(=O)(O)O)C1,CCCC[C@@]1(CCOP(=O)(O)O)C[C@@](C)(O)CO1,[*]CO,[*]CCCC,[*:1]-[CH2]-[OH1]>>[*:1]-[CH2]-[CH2]-[CH2]-[CH3],19,1.5861000000000005,282.123225086,0.6135257149682202,4.254750624834524,0.1289649935558613,-0.2552493751654756,21,7,-6.8,-4.9
C[C@]1(O)CO[C@](CO)(CCOP(=O)(O)O)C1,CSC[C@@]1(CCOP(=O)(O)O)C[C@@](C)(O)CO1,[*]CO,[*]CSC,[*:1]-[CH2]-[OH1]>>[*:1]-[CH2]-[SH0]-[CH3],15,0.7588999999999999,286.063995958,0.6201688602960752,4.628905242221628,0.1356081388837164,0.1189052422216283,21,8,-6.8,-5.5
C[C@]1(O)CO[C@](CO)(CCOP(=O)(O)O)C1,CC[C@@]1(CCOP(=O)(O)O)C[C@@](C)(O)CO1,[*]CO,[*]CC,[*:1]-[CH2]-[OH1]>>[*:1]-[CH2]-[CH3],141,0.8058999999999998,254.091924958,0.6280356864916307,4.408995487377753,0.1434749650792718,-0.1010045126222465,21,9,-6.8,-6.9
C[C@]1(O)CO[C@](CO)(CCOP(=O)(O)O)C1,CC(C)C[C@@]1(CCOP(=O)(O)O)C[C@@](C)(O)CO1,[*]CO,[*]CC(C)C,[*:1]-[CH2]-[OH1]>>[*:1]-[CH2]-[CH1](-[CH3])-[CH3],19,1.4419999999999995,282.123225086,0.6379057296865268,4.364193791773968,0.153345008274168,-0.1458062082260323,21,10,-6.8,-5.0
C[C@]1(O)CO[C@](CO)(CCOP(=O)(O)O)C1,C[C@]1(O)CO[C@](CO)(C(=O)COP(=O)(O)O)C1,[*]CC[*],[*]C(=O)C[*],[*:1]-[CH2]-[CH2]-[*:2]>>[*:1]-[CH0](=[OH0])-[CH2]-[*:2],124,-1.4327999999999996,270.05045407,0.4465350703095919,4.443498808655194,-0.0380256511027669,-0.0665011913448054,21,11,-6.8,-6.4
C[C@]1(O)CO[C@](CO)(CCOP(=O)(O)O)C1,C[C@]1(O)CO[C@](CO)(C(=O)COP(=O)(O)O)C1,[*]CC[*],[*]C(=O)C[*],[*:1]-[CH2]-[CH2]-[*:2]>>[*:1]-[CH0](=[OH0])-[CH2]-[*:2],124,-1.4327999999999996,270.05045407,0.4465350703095919,4.443498808655194,-0.0380256511027669,-0.0665011913448054,21,12,-6.8,-6.4
C[C@]1(O)CO[C@](CO)(CCOP(=O)(O)O)C1,CN(C)[C@@]1(CCOP(=O)(O)O)C[C@@](C)(O)CO1,[*]CO,[*]N(C)C,[*:1]-[CH2]-[OH1]>>[*:1]-[NH0](-[CH3])-[CH3],70,-0.085,269.10282399000005,0.5998999227167411,4.584528179284564,0.1153392013043823,0.074528179284564,21,13,-6.8,-7.0
C[C@]1(O)CO[C@](CO)(CCOP(=O)(O)O)C1,C[C@]1(O)CO[C@@](CCOP(=O)(O)O)(C2CC2)C1,[*]CO,[*]C1CC1,[*:1]-[CH2]-[OH1]>>[*:1]-[CH1]1-[CH2]-[CH2]-1,61,0.8058999999999998,266.091924958,0.637032702209022,4.310071396067781,0.1524719807966632,-0.1999286039322187,21,14,-6.8,-6.0
C[C@]1(O)CO[C@](CO)(CCOP(=O)(O)O)C1,CN[C@@]1(CCOP(=O)(O)O)C[C@@](C)(O)CO1,[*]CO,[*]NC,[*:1]-[CH2]-[OH1]>>[*:1]-[NH1]-[CH3],31,-0.4271999999999998,255.087173926,0.4936089866988301,4.725126256608523,0.0090482652864712,0.2151262566085234,21,15,-6.8,-7.1
C[C@]1(O)CO[C@](CO)(CCOP(=O)(O)O)C1,C[C@]1(O)CO[C@](CN)(CCOP(=O)(O)O)C1,[*]CO,[*]CN,[*:1]-[CH2]-[OH1]>>[*:1]-[CH2]-[NH2],150,-0.6454,255.087173926,0.4814899753054724,4.518033948916216,-0.0030707461068863,0.008033948916216,21,16,-6.8,-7.3
C[C@]1(O)CO[C@](CO)(CCOP(=O)(O)O)C1,CCO[C@@]1(CCOP(=O)(O)O)C[C@@](C)(O)CO1,[*]CO,[*]OCC,[*:1]-[CH2]-[OH1]>>[*:1]-[OH0]-[CH2]-[CH3],66,0.3898999999999997,270.086839578,0.599336274662015,4.448692934529319,0.1147755532496562,-0.0613070654706806,21,17,-6.8,-6.2
C[C@]1(O)CO[C@](CO)(CCOP(=O)(O)O)C1,C[C@]1(O)CO[C@@](CCOP(=O)(O)O)(C(N)=O)C1,[*]CO,[*]C(N)=O,[*:1]-[CH2]-[OH1]>>[*:1]-[CH0](-[NH2])=[OH0],246,-1.1188,269.066438482,0.4633587053869544,4.474495312151697,-0.0212020160254043,-0.0355046878483031,21,18,-6.8,-7.0
C[C@]1(O)CO[C@](CO)(CCOP(=O)(O)O)C1,C[C@]1(O)CO[C@](CO)(C(=O)OCOP(=O)(O)O)C1,[*]CC[*],[*]C(=O)OC[*],[*:1]-[CH2]-[CH2]-[*:2]>>[*:1]-[CH0](=[OH0])-[OH0]-[CH2]-[*:2],10,-1.5011999999999996,286.04536869000003,0.269439003981944,4.396151893246963,-0.2151217174304148,-0.1138481067530365,21,19,-6.8,-7.2
C[C@]1(O)CO[C@](CO)(CCOP(=O)(O)O)C1,C[C@]1(O)CO[C@](CO)(C(=O)OCOP(=O)(O)O)C1,[*]CC[*],[*]C(=O)OC[*],[*:1]-[CH2]-[CH2]-[*:2]>>[*:1]-[CH0](=[OH0])-[OH0]-[CH2]-[*:2],10,-1.5011999999999996,286.04536869000003,0.269439003981944,4.396151893246963,-0.2151217174304148,-0.1138481067530365,21,20,-6.8,-7.0
C[C@]1(O)CO[C@](CO)(CCOP(=O)(O)O)C1,CC(C)[C@@]1(CCOP(=O)(O)O)C[C@@](C)(O)CO1,[*]CO,[*]C(C)C,[*:1]-[CH2]-[OH1]>>[*:1]-[CH1](-[CH3])-[CH3],91,1.0518999999999998,268.107575022,0.6449109543850036,4.399833074389458,0.1603502329726447,-0.1101669256105415,21,21,-6.8,-6.7
C[C@]1(O)CO[C@](CO)(CCOP(=O)(O)O)C1,C[C@]1(O)CO[C@@](CCOP(=O)(O)O)(C(=O)O)C1,[*]CO,[*]C(=O)O,[*:1]-[CH2]-[OH1]>>[*:1]-[CH0](=[OH0])-[OH1],242,-0.5194999999999999,270.05045407,0.4902206497501203,4.359632025438411,0.0056599283377615,-0.1503679745615889,21,22,-6.8,-7.2
C[C@]1(O)CO[C@](CO)(CCOP(=O)(O)O)C1,COC[C@@]1(CCOP(=O)(O)O)C[C@@](C)(O)CO1,[*]CO,[*]COC,[*:1]-[CH2]-[OH1]>>[*:1]-[CH2]-[OH0]-[CH3],258,0.0422999999999998,270.086839578,0.5850932890011618,4.472899088375472,0.1005325675888029,-0.0371009116245275,21,23,-6.8,-6.4
C[C@]1(O)CO[C@](CO)(CCOP(=O)(O)O)C1,C[C@]1(O)CO[C@](CF)(CCOP(=O)(O)O)C1,[*]CO,[*]CF,[*:1]-[CH2]-[OH1]>>[*:1]-[CH2]-[FH0],60,0.3654,258.066853082,0.6162401874428944,4.615257025839293,0.1316794660305356,0.1052570258392933,21,24,-6.8,-7.0
C[C@]1(O)CO[C@](CO)(CCOP(=O)(O)O)C1,C[C@]1(O)CO[C@](CC#N)(CCOP(=O)(O)O)C1,[*]CO,[*]CC#N,[*:1]-[CH2]-[OH1]>>[*:1]-[CH2]-[CH0]#[NH0],35,0.30958,265.07152386200005,0.6115382521824326,4.610108319144703,0.1269775307700738,0.1001083191447032,21,25,-6.8,-6.3
C[C@]1(O)CO[C@](CO)(CCOP(=O)(O)O)C1,CCN[C@@]1(CCOP(=O)(O)O)C[C@@](C)(O)CO1,[*]CO,[*]NCC,[*:1]-[CH2]-[OH1]>>[*:1]-[NH1]-[CH2]-[CH3],10,-0.0370999999999999,269.10282399000005,0.5010225181532161,4.648031396067781,0.0164617967408572,0.138031396067781,21,26,-6.8,-5.9
C[C@]1(O)CO[C@](CO)(CCOP(=O)(O)O)C1,CNC(=O)[C@@]1(CCOP(=O)(O)O)C[C@@](C)(O)CO1,[*]CO,[*]C(=O)NC,[*:1]-[CH2]-[OH1]>>[*:1]-[CH0](=[OH0])-[NH1]-[CH3],106,-0.8581000000000001,283.082088546,0.4837219509804305,4.416614741037469,-0.0008387704319282,-0.093385258962531,21,27,-6.8,-6.5
C[C@]1(O)CO[C@](CO)(CCOP(=O)(O)O)C1,C[C@]1(O)CO[C@](CO)(CC(=O)NOP(=O)(O)O)C1,[*]CC[*],[*]CC(=O)N[*],[*:1]-[CH2]-[CH2]-[*:2]>>[*:1]-[CH2]-[CH0](=[OH0])-[NH1]-[*:2],13,-1.5805999999999998,285.061353102,0.300315060104148,4.689416377698681,-0.1842456613082107,0.179416377698681,21,28,-6.8,-7.0
C[C@]1(O)CO[C@](CO)(CCOP(=O)(O)O)C1,C[C@]1(O)CO[C@](CO)(NC(=O)COP(=O)(O)O)C1,[*]CC[*],[*]CC(=O)N[*],[*:1]-[CH2]-[CH2]-[*:2]>>[*:1]-[CH2]-[CH0](=[OH0])-[NH1]-[*:2],13,-1.9281999999999988,285.061353102,0.3670894500987703,4.52451752336153,-0.1174712713135884,0.0145175233615297,21,29,-6.8,-6.6
C[C@]1(O)CO[C@](CO)(CCOP(=O)(O)O)C1,CC(=O)N[C@@]1(CCOP(=O)(O)O)C[C@@](C)(O)CO1,[*]CO,[*]NC(C)=O,[*:1]-[CH2]-[OH1]>>[*:1]-[NH1]-[CH0](-[CH3])=[OH0],71,-0.5105000000000002,283.082088546,0.5005399516667057,4.516843218942543,0.0159792302543469,0.0068432189425431,21,30,-6.8,-6.1
C[C@]1(O)CO[C@](CO)(CCOP(=O)(O)O)C1,CN(C)C(=O)[C@@]1(CCOP(=O)(O)O)C[C@@](C)(O)CO1,[*]CO,[*]C(=O)N(C)C,[*:1]-[CH2]-[OH1]>>[*:1]-[CH0](=[OH0])-[NH0](-[CH3])-[CH3],100,-0.5158999999999998,297.09773861,0.5847185766432994,4.402423428081412,0.1001578552309406,-0.1075765719185879,21,31,-6.8,-5.2
C[C@]1(O)CO[C@](CO)(CCOP(=O)(O)O)C1,CN(C)C[C@@]1(CCOP(=O)(O)O)C[C@@](C)(O)CO1,[*]CO,[*]CN(C)C,[*:1]-[CH2]-[OH1]>>[*:1]-[CH2]-[NH0](-[CH3])-[CH3],100,-0.0424999999999995,283.118474054,0.5879645426096718,4.4557198146872246,0.103403821197313,-0.0542801853127752,21,32,-6.8,-5.4
C[C@]1(O)CO[C@](CO)(CCOP(=O)(O)O)C1,C[C@]1(O)CO[C@](CCO)(CCOP(=O)(O)O)C1,[*]CO,[*]CCO,[*:1]-[CH2]-[OH1]>>[*:1]-[CH2]-[CH2]-[OH1],158,-0.2217,270.086839578,0.4927803741654123,4.454440626837012,0.0082196527530535,-0.0555593731629882,21,33,-6.8,-7.1
C[C@]1(O)CO[C@](CO)(CCOP(=O)(O)O)C1,CN1CCN([C@@]2(CCOP(=O)(O)O)C[C@@](C)(O)CO2)CC1,[*]CO,[*]N1CCN(C)CC1,[*:1]-[CH2]-[OH1]>>[*:1]-[NH0]1-[CH2]-[CH2]-[NH0](-[CH3])-[CH2]-[CH2]-1,20,-0.3991999999999998,324.14502315,0.5872590193039077,4.292225276764658,0.1026982978915488,-0.2177747232353422,21,34,-6.8,-3.9
C[C@]1(O)CO[C@](CO)(CCOP(=O)(O)O)C1,C[C@]1(O)CO[C@@](CCOP(=O)(O)O)(C(F)F)C1,[*]CO,[*]C(F)F,[*:1]-[CH2]-[OH1]>>[*:1]-[CH1](-[FH0])-[FH0],42,0.6609999999999998,276.05743127,0.6383045427847108,4.619763493969879,0.153743821372352,0.1097634939698792,21,35,-6.8,-7.1
C[C@]1(O)CO[C@](CO)(CCOP(=O)(O)O)C1,CNC[C@@]1(CCOP(=O)(O)O)C[C@@](C)(O)CO1,[*]CO,[*]CNC,[*:1]-[CH2]-[OH1]>>[*:1]-[CH2]-[NH1]-[CH3],38,-0.3846999999999999,269.10282399000005,0.4864277474174218,4.494652934529318,0.0018670260050629,-0.0153470654706815,21,36,-6.8,-6.1
C[C@]1(O)CO[C@](CO)(CCOP(=O)(O)O)C1,CCC[C@@]1(CCOP(=O)(O)O)C[C@@](C)(O)CO1,[*]CO,[*]CCC,[*:1]-[CH2]-[OH1]>>[*:1]-[CH2]-[CH2]-[CH3],44,1.1959999999999995,268.107575022,0.6262168212064932,4.349114472990857,0.1416560997941344,-0.1608855270091425,21,37,-6.8,-6.2
C[C@]1(O)CO[C@](CO)(CCOP(=O)(O)O)C1,C[C@]1(O)CO[C@@](CCOP(=O)(O)O)(CC(N)=O)C1,[*]CO,[*]CC(N)=O,[*:1]-[CH2]-[OH1]>>[*:1]-[CH2]-[CH0](-[NH2])=[OH0],21,-0.7286999999999999,283.082088546,0.4710696993828143,4.43197807982634,-0.0134910220295444,-0.0780219201736596,21,38,-6.8,-6.3
C[C@]1(O)CO[C@](CO)(CCOP(=O)(O)O)C1,CC(C)(OP(=O)(O)O)[C@]1(CO)C[C@@](C)(O)CO1,[*]CC[*],[*]C([*])(C)C,[*:1]-[CH2]-[CH2]-[*:2]>>[*:1]-[CH0](-[*:2])(-[CH3])-[CH3],15,-0.2233000000000001,270.086839578,0.5215017540565858,4.665471682293184,0.036941032644227,0.1554716822931841,21,39,-6.8,-5.6
C[C@]1(O)CO[C@](CO)(CCOP(=O)(O)O)C1,CC(C)(OP(=O)(O)O)[C@]1(CO)C[C@@](C)(O)CO1,[*]CC[*],[*]C([*])(C)C,[*:1]-[CH2]-[CH2]-[*:2]>>[*:1]-[CH0](-[*:2])(-[CH3])-[CH3],15,-0.2233000000000001,270.086839578,0.5215017540565858,4.665471682293184,0.036941032644227,0.1554716822931841,21,40,-6.8,-5.6
C[C@]1(O)CO[C@](CO)(CCOP(=O)(O)O)C1,C[C@]1(O)CO[C@](CO)(C2(OP(=O)(O)O)CC2)C1,[*]CC[*],[*]C1([*])CC1,[*:1]-[CH2]-[CH2]-[*:2]>>[*:1]-[CH0]1(-[*:2])-[CH2]-[CH2]-1,10,-0.4693,268.071189514,0.5091573431360156,4.834466990473375,0.0245966217236567,0.3244669904733754,21,41,-6.8,-5.9
C[C@]1(O)CO[C@](CO)(CCOP(=O)(O)O)C1,C[C@]1(O)CO[C@](CO)(C2(OP(=O)(O)O)CC2)C1,[*]CC[*],[*]C1([*])CC1,[*:1]-[CH2]-[CH2]-[*:2]>>[*:1]-[CH0]1(-[*:2])-[CH2]-[CH2]-1,10,-0.4693000000000002,268.071189514,0.5091573431360156,4.834466990473375,0.0245966217236567,0.3244669904733754,21,42,-6.8,-5.9
C[C@]1(O)CO[C@](CO)(CCOP(=O)(O)O)C1,CCOC[C@@]1(CCOP(=O)(O)O)C[C@@](C)(O)CO1,[*]CO,[*]COCC,[*:1]-[CH2]-[OH1]>>[*:1]-[CH2]-[OH0]-[CH2]-[CH3],20,0.4323999999999997,284.102489642,0.5821042393724807,4.373576586372986,0.0975435179601219,-0.1364234136270141,21,43,-6.8,-5.4
C[C@]1(O)CO[C@](CO)(CCOP(=O)(O)O)C1,C[C@]1(O)CO[C@@](CCOP(=O)(O)O)(N2CCOCC2)C1,[*]CO,[*]N1CCOCC1,[*:1]-[CH2]-[OH1]>>[*:1]-[NH0]1-[CH2]-[CH2]-[OH0]-[CH2]-[CH2]-1,42,-0.3144,311.1133886739999,0.5931456380476483,4.325288162066214,0.1085849166352895,-0.1847118379337855,21,44,-6.8,-4.5
C[C@]1(O)CO[C@](CO)(CCOP(=O)(O)O)C1,C[C@H](OP(=O)(O)O)[C@]1(CO)C[C@@](C)(O)CO1,[*]CC[*],[*][C@@H]([*])C,[*:1]-[CH2]-[CH2]-[*:2]>>[*:1]-[C@@H1](-[*:2])-[CH3],48,-0.6134000000000002,256.071189514,0.4954209785464997,4.852246174410314,0.0108602571341409,0.342246174410314,21,45,-6.8,-6.5
C[C@]1(O)CO[C@](CO)(CCOP(=O)(O)O)C1,C[C@H](OP(=O)(O)O)[C@]1(CO)C[C@@](C)(O)CO1,[*]CC[*],[*][C@@H]([*])C,[*:1]-[CH2]-[CH2]-[*:2]>>[*:1]-[C@@H1](-[*:2])-[CH3],48,-0.6134000000000002,256.071189514,0.4954209785464997,4.852246174410314,0.0108602571341409,0.342246174410314,21,46,-6.8,-6.6
C[C@]1(O)CO[C@](CO)(CCOP(=O)(O)O)C1,C[C@]1(O)CO[C@@](CCOP(=O)(O)O)(CC(=O)O)C1,[*]CO,[*]CC(=O)O,[*:1]-[CH2]-[OH1]>>[*:1]-[CH2]-[CH0](=[OH0])-[OH1],49,-0.1293999999999998,284.066104134,0.4955308544626958,4.36532799799328,0.010970133050337,-0.14467200200672,21,47,-6.8,-7.0
C[C@]1(O)CO[C@](CO)(CCOP(=O)(O)O)C1,C[C@]1(O)CO[C@@](CCOP(=O)(O)O)(C(F)(F)F)C1,[*]CO,[*]C(F)(F)F,[*:1]-[CH2]-[OH1]>>[*:1]-[CH0](-[FH0])(-[FH0])-[FH0],176,0.9582,294.048009458,0.668264165228257,4.451681310453253,0.1837034438158982,-0.0583186895467466,21,48,-6.8,-7.1
C[C@]1(O)CO[C@](CO)(CCOP(=O)(O)O)C1,C[C@@H](OP(=O)(O)O)[C@]1(CO)C[C@@](C)(O)CO1,[*]CC[*],[*][C@H]([*])C,[*:1]-[CH2]-[CH2]-[*:2]>>[*:1]-[C@H1](-[*:2])-[CH3],64,-0.6134000000000002,256.071189514,0.4954209785464997,4.852246174410314,0.0108602571341409,0.342246174410314,21,49,-6.8,-6.6
C[C@]1(O)CO[C@](CO)(CCOP(=O)(O)O)C1,C[C@@H](OP(=O)(O)O)[C@]1(CO)C[C@@](C)(O)CO1,[*]CC[*],[*][C@H]([*])C,[*:1]-[CH2]-[CH2]-[*:2]>>[*:1]-[C@H1](-[*:2])-[CH3],64,-0.6134000000000002,256.071189514,0.4954209785464997,4.852246174410314,0.0108602571341409,0.342246174410314,21,50,-6.8,-6.6
C[C@]1(O)CO[C@](CO)(CCOP(=O)(O)O)C1,COCC[C@@]1(CCOP(=O)(O)O)C[C@@](C)(O)CO1,[*]CO,[*]CCOC,[*:1]-[CH2]-[OH1]>>[*:1]-[CH2]-[CH2]-[OH0]-[CH3],13,0.4323999999999997,284.102489642,0.5821042393724807,4.365687163296062,0.0975435179601219,-0.1443128367039374,21,51,-6.8,-5.5
C[C@]1(O)CO[C@](CO)(CCOP(=O)(O)O)C1,C[C@]1(O)CO[C@](CO)(C(=O)CCOP(=O)(O)O)C1,[*]CC[*],[*]C(=O)CC[*],[*:1]-[CH2]-[CH2]-[*:2]>>[*:1]-[CH0](=[OH0])-[CH2]-[CH2]-[*:2],25,-1.0426999999999995,284.066104134,0.4542631929611663,4.410472351512103,-0.0302975284511924,-0.0995276484878964,21,52,-6.8,-6.8
C[C@]1(O)CO[C@](CO)(CCOP(=O)(O)O)C1,C[C@]1(O)CO[C@](CO)(C(=O)CCOP(=O)(O)O)C1,[*]CC[*],[*]C(=O)CC[*],[*:1]-[CH2]-[CH2]-[*:2]>>[*:1]-[CH0](=[OH0])-[CH2]-[CH2]-[*:2],25,-1.0426999999999995,284.066104134,0.4542631929611663,4.410472351512103,-0.0302975284511924,-0.0995276484878964,21,53,-6.8,-6.8
C[C@]1(O)CO[C@](CO)(CCOP(=O)(O)O)C1,CC(OP(=O)(O)O)[C@]1(CO)C[C@@](C)(O)CO1,[*]CC[*],[*]C([*])C,[*:1]-[CH2]-[CH2]-[*:2]>>[*:1]-[CH1](-[*:2])-[CH3],101,-0.6134000000000004,256.071189514,0.4954209785464997,4.852246174410314,0.0108602571341409,0.342246174410314,21,54,-6.8,-6.6
C[C@]1(O)CO[C@](CO)(CCOP(=O)(O)O)C1,CC(OP(=O)(O)O)[C@]1(CO)C[C@@](C)(O)CO1,[*]CC[*],[*]C([*])C,[*:1]-[CH2]-[CH2]-[*:2]>>[*:1]-[CH1](-[*:2])-[CH3],101,-0.6134000000000004,256.071189514,0.4954209785464997,4.852246174410314,0.0108602571341409,0.342246174410314,21,55,-6.8,-6.6
C[C@]1(O)CO[C@](CO)(CCOP(=O)(O)O)C1,C[C@]1(O)CO[C@@](CCOP(=O)(O)O)(N2CCCC2)C1,[*]CO,[*]N1CCCC1,[*:1]-[CH2]-[OH1]>>[*:1]-[NH0]1-[CH2]-[CH2]-[CH2]-[CH2]-1,11,0.4491999999999996,295.118474054,0.6331363394618635,4.333485177870086,0.1485756180495047,-0.1765148221299135,21,56,-6.8,-5.6
C[C@]1(O)CO[C@](CO)(CCOP(=O)(O)O)C1,C[C@]1(O)CO[C@@](CCOP(=O)(O)O)(N2CCCC2=O)C1,[*]CO,[*]N1CCCC1=O,[*:1]-[CH2]-[OH1]>>[*:1]-[NH0]1-[CH2]-[CH2]-[CH2]-[CH0]-1=[OH0],10,-0.0242000000000001,309.0977386099999,0.6107813600975045,4.39574009679815,0.1262206386851457,-0.1142599032018498,21,57,-6.8,-5.8
C[C@]1(O)CO[C@](CO)(CCOP(=O)(O)O)C1,C[C@]1(O)CO[C@@](CCOP(=O)(O)O)(C(=O)NC2CC2)C1,[*]CO,[*]C(=O)NC1CC1,[*:1]-[CH2]-[OH1]>>[*:1]-[CH0](=[OH0])-[NH1]-[CH1]1-[CH2]-[CH2]-1,14,-0.3255000000000002,309.0977386099999,0.4951648473524936,4.236603570431434,0.0106041259401348,-0.2733964295685656,21,58,-6.8,-6.1
C[C@]1(O)CO[C@](CO)(CCOP(=O)(O)O)C1,C[C@]1(O)CO[C@@](CCOP(=O)(O)O)(OC(F)F)C1,[*]CO,[*]OC(F)F,[*:1]-[CH2]-[OH1]>>[*:1]-[OH0]-[CH1](-[FH0])-[FH0],13,0.5925999999999998,292.05234589,0.6152098031488997,4.641261222215865,0.1306490817365409,0.1312612222158655,21,59,-6.8,-7.0
C[C@]1(O)CO[C@](CO)(CCOP(=O)(O)O)C1,CCNC(=O)[C@@]1(CCOP(=O)(O)O)C[C@@](C)(O)CO1,[*]CO,[*]C(=O)NCC,[*:1]-[CH2]-[OH1]>>[*:1]-[CH0](=[OH0])-[NH1]-[CH2]-[CH3],41,-0.4680000000000002,297.09773861,0.4883516385947329,4.314293450059434,0.0037909171823741,-0.1957065499405654,21,60,-6.8,-5.6
C[C@]1(O)CO[C@](CO)(CCOP(=O)(O)O)C1,CC(C)(C[C@]1(CO)C[C@@](C)(O)CO1)OP(=O)(O)O,[*]CC[*],[*]C(C)(C)C[*],[*:1]-[CH2]-[CH2]-[*:2]>>[*:1]-[CH0](-[CH3])(-[CH3])-[CH2]-[*:2],16,0.1668,284.102489642,0.5314712053857555,4.627801377342886,0.0469104839733967,0.1178013773428858,21,61,-6.8,-4.8
C[C@]1(O)CO[C@](CO)(CCOP(=O)(O)O)C1,CC(C)(C[C@]1(CO)C[C@@](C)(O)CO1)OP(=O)(O)O,[*]CC[*],[*]C(C)(C)C[*],[*:1]-[CH2]-[CH2]-[*:2]>>[*:1]-[CH0](-[CH3])(-[CH3])-[CH2]-[*:2],16,0.1668,284.102489642,0.5314712053857555,4.627801377342886,0.0469104839733967,0.1178013773428858,21,62,-6.8,-4.9
C[C@]1(O)CO[C@](CO)(CCOP(=O)(O)O)C1,CC(C)(C)[C@@]1(CCOP(=O)(O)O)C[C@@](C)(O)CO1,[*]CO,[*]C(C)(C)C,[*:1]-[CH2]-[OH1]>>[*:1]-[CH0](-[CH3])(-[CH3])-[CH3],32,1.4419999999999995,282.123225086,0.6751780495706171,4.405179303764291,0.1906173281582583,-0.1048206962357092,21,63,-6.8,-5.0
C[C@]1(O)CO[C@](CO)(CCOP(=O)(O)O)C1,C[C@]1(O)CO[C@](CCCO)(CCOP(=O)(O)O)C1,[*]CO,[*]CCCO,[*:1]-[CH2]-[OH1]>>[*:1]-[CH2]-[CH2]-[CH2]-[OH1],32,0.1683999999999997,284.102489642,0.4922063528289231,4.368799663296063,0.0076456314165643,-0.1412003367039371,21,64,-6.8,-6.2
C[C@]1(O)CO[C@](CO)(CCOP(=O)(O)O)C1,C[C@]1(O)CO[C@@](CCOP(=O)(O)O)(Cc2ccc(O)cc2)C1,[*]CO,[*]Cc1ccc(O)cc1,[*:1]-[CH2]-[OH1]>>[*:1]-[CH2]-[cH0]1:[cH1]:[cH1]:[cH0](-[OH1]):[cH1]:[cH1]:1,10,1.3441999999999994,332.102489642,0.5809216352828888,3.9543250944909056,0.0963609138705299,-0.5556749055090942,21,65,-6.8,-5.1
C[C@]1(O)CO[C@](CO)(CCOP(=O)(O)O)C1,C[C@]1(O)CO[C@@](CCOP(=O)(O)O)(C(=O)N2CCCC2)C1,[*]CO,[*]C(=O)N1CCCC1,[*:1]-[CH2]-[OH1]>>[*:1]-[CH0](=[OH0])-[NH0]1-[CH2]-[CH2]-[CH2]-[CH2]-1,17,0.0183000000000003,323.1133886739999,0.6105760182902843,4.12456292858652,0.1260152968779255,-0.38543707141348,21,66,-6.8,-4.8
C[C@]1(O)CO[C@](CO)(CCOP(=O)(O)O)C1,C[C@]1(O)CO[C@@](CCOP(=O)(O)O)(CN2CCCC2)C1,[*]CO,[*]CN1CCCC1,[*:1]-[CH2]-[OH1]>>[*:1]-[CH2]-[NH0]1-[CH2]-[CH2]-[CH2]-[CH2]-1,27,0.4916999999999998,309.134124118,0.614071710719011,4.153160329898382,0.1295109893066522,-0.3568396701016176,21,67,-6.8,-4.5
C[C@]1(O)CO[C@](CO)(CCOP(=O)(O)O)C1,C[C@]1(O)CO[C@@](CCOP(=O)(O)O)(C(=O)N2CCOCC2)C1,[*]CO,[*]C(=O)N1CCOCC1,[*:1]-[CH2]-[OH1]>>[*:1]-[CH0](=[OH0])-[NH0]1-[CH2]-[CH2]-[OH0]-[CH2]-[CH2]-1,26,-0.7452999999999999,339.10830329399994,0.5590104793022189,4.150564325260136,0.0744497578898601,-0.3594356747398635,21,68,-6.8,-3.8
C[C@]1(O)CO[C@](CO)(CCOP(=O)(O)O)C1,CC(C)O[C@@]1(CCOP(=O)(O)O)C[C@@](C)(O)CO1,[*]CO,[*]OC(C)C,[*:1]-[CH2]-[OH1]>>[*:1]-[OH0]-[CH1](-[CH3])-[CH3],22,0.7783999999999998,284.102489642,0.6187210326112039,4.488764986536652,0.1341603111988451,-0.0212350134633476,21,69,-6.8,-5.7
C[C@]1(O)CO[C@](CO)(CCOP(=O)(O)O)C1,C[C@H](O)[C@@]1(CCOP(=O)(O)O)C[C@@](C)(O)CO1,[*]CO,[*][C@H](C)O,[*:1]-[CH2]-[OH1]>>[*:1]-[C@H1](-[CH3])-[OH1],30,-0.2233000000000001,270.086839578,0.5099907317429351,4.678074821581371,0.0254300103305762,0.1680748215813707,21,70,-6.8,-6.9
C[C@]1(O)CO[C@](CO)(CCOP(=O)(O)O)C1,C[C@@H](O)[C@@]1(CCOP(=O)(O)O)C[C@@](C)(O)CO1,[*]CO,[*][C@@H](C)O,[*:1]-[CH2]-[OH1]>>[*:1]-[C@@H1](-[CH3])-[OH1],25,-0.2233000000000001,270.086839578,0.5099907317429351,4.678074821581371,0.0254300103305762,0.1680748215813707,21,71,-6.8,-6.7
C[C@]1(O)CO[C@](CO)(CCOP(=O)(O)O)C1,CC(C)(O)[C@@]1(CCOP(=O)(O)O)C[C@@](C)(O)CO1,[*]CO,[*]C(C)(C)O,[*:1]-[CH2]-[OH1]>>[*:1]-[CH0](-[CH3])(-[CH3])-[OH1],77,0.1667999999999997,284.102489642,0.5314712053857555,4.486964922493387,0.0469104839733967,-0.0230350775066128,21,72,-6.8,-5.5
C[C@]1(O)CO[C@](CO)(CCOP(=O)(O)O)C1,C[C@@H](C[C@]1(CO)C[C@@](C)(O)CO1)OP(=O)(O)O,[*]CC[*],[*][C@@H](C)C[*],[*:1]-[CH2]-[CH2]-[*:2]>>[*:1]-[C@@H1](-[CH3])-[CH2]-[*:2],32,-0.2233000000000001,270.086839578,0.5099907317429351,4.77835559081214,0.0254300103305762,0.2683555908121402,21,73,-6.8,-5.3
C[C@]1(O)CO[C@](CO)(CCOP(=O)(O)O)C1,C[C@@H](COP(=O)(O)O)[C@]1(CO)C[C@@](C)(O)CO1,[*]CC[*],[*][C@@H](C)C[*],[*:1]-[CH2]-[CH2]-[*:2]>>[*:1]-[C@@H1](-[CH3])-[CH2]-[*:2],32,-0.3657999999999999,270.086839578,0.503642718094565,4.748429017385567,0.0190819966822061,0.2384290173855667,21,74,-6.8,-6.2
C[C@]1(O)CO[C@](CO)(CCOP(=O)(O)O)C1,CC[C@@H](C[C@]1(CO)C[C@@](C)(O)CO1)OP(=O)(O)O,[*]CC[*],[*][C@H](C[*])CC,[*:1]-[CH2]-[CH2]-[*:2]>>[*:1]-[C@H1](-[CH2]-[*:2])-[CH2]-[CH3],12,0.1668,284.102489642,0.5134656769155386,4.714042517094135,0.0289049555031797,0.2040425170941349,21,75,-6.8,-5.3
C[C@]1(O)CO[C@](CO)(CCOP(=O)(O)O)C1,CC[C@@H](C[C@]1(CO)C[C@@](C)(O)CO1)OP(=O)(O)O,[*]CC[*],[*][C@H](C[*])CC,[*:1]-[CH2]-[CH2]-[*:2]>>[*:1]-[C@H1](-[CH2]-[*:2])-[CH2]-[CH3],12,0.1668,284.102489642,0.5134656769155386,4.714042517094135,0.0289049555031797,0.2040425170941349,21,76,-6.8,-4.8
C[C@]1(O)CO[C@](CO)(CCOP(=O)(O)O)C1,C[C@H](C[C@]1(CO)C[C@@](C)(O)CO1)OP(=O)(O)O,[*]CC[*],[*][C@H](C)C[*],[*:1]-[CH2]-[CH2]-[*:2]>>[*:1]-[C@H1](-[CH3])-[CH2]-[*:2],16,-0.2233000000000001,270.086839578,0.5099907317429351,4.77835559081214,0.0254300103305762,0.2683555908121402,21,77,-6.8,-5.7
C[C@]1(O)CO[C@](CO)(CCOP(=O)(O)O)C1,C[C@H](C[C@]1(CO)C[C@@](C)(O)CO1)OP(=O)(O)O,[*]CC[*],[*][C@H](C)C[*],[*:1]-[CH2]-[CH2]-[*:2]>>[*:1]-[C@H1](-[CH3])-[CH2]-[*:2],16,-0.2233000000000001,270.086839578,0.5099907317429351,4.77835559081214,0.0254300103305762,0.2683555908121402,21,78,-6.8,-5.5
C[C@]1(O)CO[C@](CO)(CCOP(=O)(O)O)C1,CC(C)(COP(=O)(O)O)[C@]1(CO)C[C@@](C)(O)CO1,[*]CC[*],[*]CC([*])(C)C,[*:1]-[CH2]-[CH2]-[*:2]>>[*:1]-[CH2]-[CH0](-[*:2])(-[CH3])-[CH3],31,0.0242999999999999,284.102489642,0.5259012276634819,4.590139838881347,0.0413405062511231,0.0801398388813474,21,79,-6.8,-5.2
C[C@]1(O)CO[C@](CO)(CCOP(=O)(O)O)C1,CC(C)(C[C@]1(CO)C[C@@](C)(O)CO1)OP(=O)(O)O,[*]CC[*],[*]CC([*])(C)C,[*:1]-[CH2]-[CH2]-[*:2]>>[*:1]-[CH2]-[CH0](-[*:2])(-[CH3])-[CH3],31,0.1667999999999999,284.102489642,0.5314712053857555,4.627801377342886,0.0469104839733967,0.1178013773428858,21,80,-6.8,-4.7
C[C@]1(O)CO[C@](CO)(CCOP(=O)(O)O)C1,CC(=O)[C@@]1(CCOP(=O)(O)O)C[C@@](C)(O)CO1,[*]CO,[*]C(C)=O,[*:1]-[CH2]-[OH1]>>[*:1]-[CH0](-[CH3])=[OH0],116,-0.0151000000000002,268.071189514,0.6004903007089062,4.450223633830019,0.1159295792965474,-0.0597763661699808,21,81,-6.8,-6.6
C[C@]1(O)CO[C@](CO)(CCOP(=O)(O)O)C1,C[C@]1(O)CO[C@@](CCOP(=O)(O)O)(OCCO)C1,[*]CO,[*]OCCO,[*:1]-[CH2]-[OH1]>>[*:1]-[OH0]-[CH2]-[CH2]-[OH1],42,-0.6376999999999997,286.081754198,0.455385326259913,4.481279470988371,-0.0291753951524457,-0.028720529011629,21,82,-6.8,-6.1
C[C@]1(O)CO[C@](CO)(CCOP(=O)(O)O)C1,C[C@]1(O)CO[C@](CO)(C2(COP(=O)(O)O)CC2)C1,[*]CC[*],[*]CC1([*])CC1,[*:1]-[CH2]-[CH2]-[*:2]>>[*:1]-[CH2]-[CH0]1(-[*:2])-[CH2]-[CH2]-1,15,-0.2217000000000001,282.086839578,0.5148799400452092,4.733653366242052,0.0303192186328504,0.2236533662420523,21,83,-6.8,-6.1
C[C@]1(O)CO[C@](CO)(CCOP(=O)(O)O)C1,C[C@]1(O)CO[C@](CO)(CC2(OP(=O)(O)O)CC2)C1,[*]CC[*],[*]CC1([*])CC1,[*:1]-[CH2]-[CH2]-[*:2]>>[*:1]-[CH2]-[CH0]1(-[*:2])-[CH2]-[CH2]-1,15,-0.0791999999999999,282.086839578,0.5210092138433136,4.778635690300973,0.0364484924309547,0.2686356903009734,21,84,-6.8,-4.6
C[C@]1(O)CO[C@](CO)(CCOP(=O)(O)O)C1,C[C@]1(O)CO[C@](CO)(CCOCCOP(=O)(O)O)C1,[*]CC[*],[*]CCOCC[*],[*:1]-[CH2]-[CH2]-[*:2]>>[*:1]-[CH2]-[CH2]-[OH0]-[CH2]-[CH2]-[*:2],15,-0.5952000000000004,300.097404262,0.3458736640111651,4.276609594855814,-0.1386870574011937,-0.2333904051441857,21,85,-6.8,-5.9
C[C@]1(O)CO[C@](CO)(CCOP(=O)(O)O)C1,C[C@]1(O)CO[C@](CO)(CCOCCOP(=O)(O)O)C1,[*]CC[*],[*]CCOCC[*],[*:1]-[CH2]-[CH2]-[*:2]>>[*:1]-[CH2]-[CH2]-[OH0]-[CH2]-[CH2]-[*:2],15,-0.5952000000000004,300.097404262,0.3458736640111651,4.276609594855814,-0.1386870574011937,-0.2333904051441857,21,86,-6.8,-5.6
C[C@]1(O)CO[C@](CO)(CCOP(=O)(O)O)C1,CC(=O)NC[C@@]1(CCOP(=O)(O)O)C[C@@](C)(O)CO1,[*]CO,[*]CNC(C)=O,[*:1]-[CH2]-[OH1]>>[*:1]-[CH2]-[NH1]-[CH0](-[CH3])=[OH0],48,-0.4679999999999998,297.09773861,0.4883516385947331,4.316888219290204,0.0037909171823742,-0.1931117807097955,21,87,-6.8,-6.5
C[C@]1(O)CO[C@](CO)(CCOP(=O)(O)O)C1,C[C@]1(O)CO[C@@](CCOP(=O)(O)O)(N2CCNCC2)C1,[*]CO,[*]N1CCNCC1,[*:1]-[CH2]-[OH1]>>[*:1]-[NH0]1-[CH2]-[CH2]-[NH1]-[CH2]-[CH2]-1,11,-0.7413999999999998,310.129373086,0.4913322495257699,4.44622298724104,0.0067715281134111,-0.06377701275896,21,88,-6.8,-5.5
C[C@]1(O)CO[C@](CO)(CCOP(=O)(O)O)C1,CCNC[C@@]1(CCOP(=O)(O)O)C[C@@](C)(O)CO1,[*]CO,[*]CNCC,[*:1]-[CH2]-[OH1]>>[*:1]-[CH2]-[NH1]-[CH2]-[CH3],14,0.0053999999999999,283.118474054,0.4871375198980359,4.426431394065293,0.0025767984856771,-0.0835686059347065,21,89,-6.8,-5.7
C[C@]1(O)CO[C@](CO)(CCOP(=O)(O)O)C1,C[C@]1(O)CO[C@@](CCOP(=O)(O)O)(OCC(N)=O)C1,[*]CO,[*]OCC(N)=O,[*:1]-[CH2]-[OH1]>>[*:1]-[OH0]-[CH2]-[CH0](-[NH2])=[OH0],13,-1.1446999999999996,299.077003166,0.4307234789364568,4.489962373136358,-0.0538372424759019,-0.0200376268636421,21,90,-6.8,-6.8
C[C@]1(O)CO[C@](CO)(CCOP(=O)(O)O)C1,C[C@]1(O)CO[C@@](CCOP(=O)(O)O)(CN2CCOCC2)C1,[*]CO,[*]CN1CCOCC1,[*:1]-[CH2]-[OH1]>>[*:1]-[CH2]-[NH0]1-[CH2]-[CH2]-[OH0]-[CH2]-[CH2]-1,66,-0.2718999999999996,325.1290387379999,0.5727037677446032,4.162693209195203,0.0881430463322444,-0.3473067908047964,21,91,-6.8,-4.9
C[C@]1(O)CO[C@](CO)(CCOP(=O)(O)O)C1,CC(C)NC(=O)[C@@]1(CCOP(=O)(O)O)C[C@@](C)(O)CO1,[*]CO,[*]C(=O)NC(C)C,[*:1]-[CH2]-[OH1]>>[*:1]-[CH0](=[OH0])-[NH1]-[CH1](-[CH3])-[CH3],16,-0.0795000000000001,311.1133886739999,0.5054940156202542,4.246170077074284,0.0209332942078954,-0.2638299229257157,21,92,-6.8,-5.9
C[C@]1(O)CO[C@](CO)(CCOP(=O)(O)O)C1,CC(COP(=O)(O)O)[C@]1(CO)C[C@@](C)(O)CO1,[*]CC[*],[*]C(C)C[*],[*:1]-[CH2]-[CH2]-[*:2]>>[*:1]-[CH1](-[CH3])-[CH2]-[*:2],57,-0.3657999999999999,270.086839578,0.503642718094565,4.748429017385567,0.0190819966822061,0.2384290173855667,21,93,-6.8,-6.0
C[C@]1(O)CO[C@](CO)(CCOP(=O)(O)O)C1,CC(COP(=O)(O)O)[C@]1(CO)C[C@@](C)(O)CO1,[*]CC[*],[*]C(C)C[*],[*:1]-[CH2]-[CH2]-[*:2]>>[*:1]-[CH1](-[CH3])-[CH2]-[*:2],57,-0.3657999999999999,270.086839578,0.503642718094565,4.748429017385567,0.0190819966822061,0.2384290173855667,21,94,-6.8,-5.4
C[C@]1(O)CO[C@](CO)(CCOP(=O)(O)O)C1,C[C@]1(O)CO[C@@](CCOP(=O)(O)O)(CCC(=O)O)C1,[*]CO,[*]CCC(=O)O,[*:1]-[CH2]-[OH1]>>[*:1]-[CH2]-[CH2]-[CH0](=[OH0])-[OH1],17,0.2606999999999997,298.081754198,0.4917469481695944,4.279841450059434,0.0071862267572356,-0.2301585499405654,21,95,-6.8,-6.7
C[C@]1(O)CO[C@](CO)(CCOP(=O)(O)O)C1,C[C@]1(O)CO[C@@](CCOP(=O)(O)O)(N2CCCCC2)C1,[*]CO,[*]N1CCCCC1,[*:1]-[CH2]-[OH1]>>[*:1]-[NH0]1-[CH2]-[CH2]-[CH2]-[CH2]-[CH2]-1,11,0.8392999999999997,309.134124118,0.6470741404458894,4.24786298724104,0.1625134190335306,-0.2621370127589602,21,96,-6.8,-4.7
C[C@]1(O)CO[C@](CO)(CCOP(=O)(O)O)C1,C[C@]1(O)CO[C@](CO)(CCOOP(=O)(O)O)C1,[*]CC[*],[*]OCC[*],[*:1]-[CH2]-[CH2]-[*:2]>>[*:1]-[OH0]-[CH2]-[CH2]-[*:2],125,-0.6802000000000004,272.066104134,0.2167421213838965,4.858077549913935,-0.2678186000284622,0.3480775499139348,21,97,-6.8,-6.6
C[C@]1(O)CO[C@](CO)(CCOP(=O)(O)O)C1,C[C@]1(O)CO[C@](CO)(CCOOP(=O)(O)O)C1,[*]CC[*],[*]OCC[*],[*:1]-[CH2]-[CH2]-[*:2]>>[*:1]-[OH0]-[CH2]-[CH2]-[*:2],125,-0.6802000000000004,272.066104134,0.2167421213838965,4.858077549913935,-0.2678186000284622,0.3480775499139348,21,98,-6.8,-6.6
C[C@]1(O)CO[C@](CO)(CCOP(=O)(O)O)C1,C[C@]1(O)CO[C@](CO)(CCCOP(=O)(O)O)C1,[*]CC[*],[*]CCC[*],[*:1]-[CH2]-[CH2]-[*:2]>>[*:1]-[CH2]-[CH2]-[CH2]-[*:2],928,-0.2217000000000001,270.086839578,0.3891128421175887,4.318243703760089,-0.09544787929477,-0.1917562962399106,21,99,-6.8,-6.4
O=P(O)(O)C[C@@H]1CCCN1,O=P(O)(O)CC1CCNCC1,[*][C@@H]1CCCN1,[*]C1CCNCC1,[*:1]-[C@@H1]1-[CH2]-[CH2]-[CH2]-[NH1]-1>>[*:1]-[CH1]1-[CH2]-[CH2]-[NH1]-[CH2]-[CH2]-1,11,0.1637,179.07112993799998,0.5281080825307591,2.8983680286049207,0.0278894402805531,-0.8016319713950795,22,0,-6.4,-6.8
O=P(O)(O)C[C@@H]1CCCN1,O=P(O)(O)C[C@@H]1CCN1,[*][C@@H]1CCCN1,[*][C@@H]1CCN1,[*:1]-[C@@H1]1-[CH2]-[CH2]-[CH2]-[NH1]-1>>[*:1]-[C@@H1]1-[CH2]-[CH2]-[NH1]-1,10,-0.474,151.03982981,0.4662926957908708,3.894139104900768,-0.0339259464593351,0.1941391049007679,22,1,-6.4,-6.3
O=P(O)(O)C[C@@H]1CCCN1,O=P(O)(O)C[C@H]1CCCN1,[*][C@@H]1CCCN1,[*][C@H]1CCCN1,[*:1]-[C@@H1]1-[CH2]-[CH2]-[CH2]-[NH1]-1>>[*:1]-[C@H1]1-[CH2]-[CH2]-[CH2]-[NH1]-1,32,-0.0839000000000001,165.055479874,0.5002186422502061,3.661151924774359,1.1102230246251563e-16,-0.0388480752256414,22,2,-6.4,-6.1
O=P(O)(O)C[C@@H]1CCCN1,CN1CCC[C@H]1CP(=O)(O)O,[*][C@@H]1CCCN1,[*][C@@H]1CCCN1C,[*:1]-[C@@H1]1-[CH2]-[CH2]-[CH2]-[NH1]-1>>[*:1]-[C@@H1]1-[CH2]-[CH2]-[CH2]-[NH0]-1-[CH3],31,0.2583,179.07112993799998,0.596678048437235,3.368650887322689,0.096459406187029,-0.3313491126773114,22,3,-6.4,-6.5
O=P(O)(O)C[C@@H]1CCCN1,O=P(O)(O)C[C@H]1CCCCN1,[*][C@@H]1CCCN1,[*][C@H]1CCCCN1,[*:1]-[C@@H1]1-[CH2]-[CH2]-[CH2]-[NH1]-1>>[*:1]-[C@H1]1-[CH2]-[CH2]-[CH2]-[CH2]-[NH1]-1,10,0.3061999999999998,179.07112993799998,0.5332860286454058,3.5104649456781267,0.0330673863951997,-0.1895350543218734,22,4,-6.4,-6.5
CC(=O)N(O)C(=O)N[C@@H]([C@@H](O)[C@@H](O)[C@H](O)[C@H](O)CCC[C@H](F)C[C@H]1CCCN1)[C@H](O)CO,CC(=O)N(O)C(=O)N[C@H]([C@H](O)CO)[C@@H](O)[C@@H](O)[C@H](O)[C@H](O)CCC[C@H](F)C[C@@H]1CCCN1C,[*][C@H]1CCCN1,[*][C@@H]1CCCN1C,[*:1]-[C@H1]1-[CH2]-[CH2]-[CH2]-[NH1]-1>>[*:1]-[C@@H1]1-[CH2]-[CH2]-[CH2]-[NH0]-1-[CH3],15,-1.908199999999996,483.2592080159999,0.1081862773370077,5.077202291889705,0.0035068939895669,-0.0627977081102946,23,0,-4.9,-5.5
CC(=O)N(O)C(=O)N[C@@H]([C@@H](O)[C@@H](O)[C@H](O)[C@H](O)CCC[C@H](F)C[C@H]1CCCN1)[C@H](O)CO,CC(=O)N(O)C(=O)N[C@H]([C@H](O)CO)[C@@H](O)[C@@H](O)[C@H](O)[C@H](O)CCC[C@H](F)C[C@H]1CCCC1,[*]N[*],[*]C[*],[*:1]-[NH1]-[*:2]>>[*:1]-[CH2]-[*:2],77,-0.8121999999999989,468.248308984,0.1260790827831458,4.854821362393832,0.021399699435705,-0.285178637606168,23,1,-4.9,-5.6
CC(=O)N(O)C(=O)N[C@@H]([C@@H](O)[C@@H](O)[C@H](O)[C@H](O)CCC[C@H](F)C[C@H]1CCCN1)[C@H](O)CO,CC(=O)N(O)C(=O)C[C@H]([C@H](O)CO)[C@@H](O)[C@@H](O)[C@H](O)[C@H](O)CCC[C@H](F)C[C@H]1CCCN1,[*]N[*],[*]C[*],[*:1]-[NH1]-[*:2]>>[*:1]-[CH2]-[*:2],77,-1.7956999999999952,468.248308984,0.1066062945268541,5.094012275827762,0.0019269111794133,-0.0459877241722379,23,2,-4.9,-5.2
CC(=O)N(O)C(=O)N[C@@H]([C@@H](O)[C@@H](O)[C@H](O)[C@H](O)CCC[C@H](F)C[C@H]1CCCN1)[C@H](O)CO,CC(=O)N(O)C(=O)N[C@H]([C@H](O)CO)[C@@H](O)[C@@H](O)[C@H](O)[C@H](O)CCC[C@H](F)C[C@H]1CCCN1C,[*][C@H]1CCCN1,[*][C@H]1CCCN1C,[*:1]-[C@H1]1-[CH2]-[CH2]-[CH2]-[NH1]-1>>[*:1]-[C@H1]1-[CH2]-[CH2]-[CH2]-[NH0]-1-[CH3],18,-1.908199999999996,483.2592080159999,0.1081862773370077,5.077202291889705,0.0035068939895669,-0.0627977081102946,23,3,-4.9,-4.5
CC(=O)N(O)C(=O)N[C@@H]([C@@H](O)[C@@H](O)[C@H](O)[C@H](O)CCC[C@H](F)C[C@H]1CCCN1)[C@H](O)CO,CC(=O)N(O)C(=O)CC[C@H]([C@H](O)CO)[C@@H](O)[C@@H](O)[C@H](O)[C@H](O)CCC[C@H](F)C[C@H]1CCCN1,[*]N[*],[*]CC[*],[*:1]-[NH1]-[*:2]>>[*:1]-[CH2]-[CH2]-[*:2],11,-1.4055999999999962,482.263959048,0.1016426091646592,5.084484345181242,-0.0030367741827815,-0.055515654818758,23,4,-4.9,-5.5
CC(=O)N(O)C(=O)N[C@@H]([C@@H](O)[C@@H](O)[C@H](O)[C@H](O)CCC[C@H](F)C[C@H]1CCCN1)[C@H](O)CO,CC(=O)N(O)C(=O)N[C@H]([C@H](O)CO)[C@@H](O)[C@@H](O)[C@H](O)[C@H](O)CCC[C@H](F)C[C@H]1CCCCC1,[*]N[*],[*]CC[*],[*:1]-[NH1]-[*:2]>>[*:1]-[CH2]-[CH2]-[*:2],11,-0.4220999999999992,482.2639590479999,0.1271598065595499,4.830759523890462,0.0224804232121091,-0.3092404761095375,23,5,-4.9,-4.4
CC(=O)N(O)C(=O)N[C@@H]([C@@H](O)[C@@H](O)[C@H](O)[C@H](O)CCC[C@H](F)C[C@H]1CCCN1)[C@H](O)CO,CC(=O)N(O)C(=O)N[C@H]([C@H](O)CO)[C@@H](O)[C@@H](O)[C@H](O)[C@H](O)CCC[C@H](F)C[C@@H]1CCCN1,[*][C@H]1CCCN1,[*][C@@H]1CCCN1,[*:1]-[C@H1]1-[CH2]-[CH2]-[CH2]-[NH1]-1>>[*:1]-[C@@H1]1-[CH2]-[CH2]-[CH2]-[NH1]-1,32,-2.2503999999999964,469.2435579519999,0.1046793833474408,5.122470194379799,8.326672684688674e-17,-0.0175298056202004,23,6,-4.9,-6.0
CC(=O)N(O)C(=O)N[C@@H]([C@@H](O)[C@@H](O)[C@H](O)[C@H](O)CCC[C@H](F)C[C@H]1CCCN1)[C@H](O)CO,CC(=O)N(O)C(=O)O[C@H]([C@H](O)CO)[C@@H](O)[C@@H](O)[C@H](O)[C@H](O)CCC[C@H](F)C[C@H]1CCCN1,[*]N[*],[*]O[*],[*:1]-[NH1]-[*:2]>>[*:1]-[OH0]-[*:2],1876,-1.8233999999999937,470.22757354,0.111231471545761,5.1125579771852285,0.0065520881983202,-0.0274420228147711,23,7,-4.9,-6.1
CC(=O)N(O)C(=O)N[C@@H]([C@@H](O)[C@@H](O)[C@H](O)[C@H](O)CCC[C@H](F)C[C@H]1CCCN1)[C@H](O)CO,CC(=O)N(O)C(=O)N[C@H]([C@H](O)CO)[C@@H](O)[C@@H](O)[C@H](O)[C@H](O)CCC[C@H](F)C[C@H]1CCCO1,[*]N[*],[*]O[*],[*:1]-[NH1]-[*:2]>>[*:1]-[OH0]-[*:2],1876,-1.8233999999999968,470.2275735399999,0.1118619983622027,5.024071280352649,0.0071826150147619,-0.1159287196473508,23,8,-4.9,-5.3
CC(=O)N(O)C(=O)N[C@@H]([C@@H](O)[C@@H](O)[C@H](O)[C@H](O)CCC[C@H](F)C[C@H]1CCCN1)[C@H](O)CO,CC(=O)N(O)C(=O)NC(=O)[C@H]([C@H](O)CO)[C@@H](O)[C@@H](O)[C@H](O)[C@H](O)CCC[C@H](F)C[C@H]1CCCN1,[*]N[*],[*]NC([*])=O,[*:1]-[NH1]-[*:2]>>[*:1]-[NH1]-[CH0](-[*:2])=[OH0],131,-2.4761999999999915,497.238472572,0.0957620694667015,5.1708353362620825,-0.0089173138807392,0.0308353362620827,23,9,-4.9,-5.3
CC(=O)N(O)C(=O)N[C@@H]([C@@H](O)[C@@H](O)[C@H](O)[C@H](O)CCC[C@H](F)C[C@H]1CCCN1)[C@H](O)CO,CC(=O)N(O)C(=O)N[C@H]([C@H](O)CO)[C@@H](O)[C@@H](O)[C@H](O)[C@H](O)CCC[C@H](F)C[C@H]1CCCNC1=O,[*]N[*],[*]NC([*])=O,[*:1]-[NH1]-[*:2]>>[*:1]-[NH1]-[CH0](-[*:2])=[OH0],131,-2.476199999999996,497.2384725719999,0.0963049064170503,5.125983028569774,-0.0083744769303904,-0.0140169714302258,23,10,-4.9,-5.4
CC(=O)N(O)C(=O)N[C@@H]([C@@H](O)[C@@H](O)[C@H](O)[C@H](O)CCC[C@H](F)C[C@H]1CCCN1)[C@H](O)CO,CC(=O)N(O)C(=O)N[C@H]([C@H](O)CO)[C@@H](O)[C@@H](O)[C@H](O)[C@H](O)CCC[C@H](F)C[C@H]1CCCN1C,[*]N[*],[*]N([*])C,[*:1]-[NH1]-[*:2]>>[*:1]-[NH0](-[*:2])-[CH3],2052,-1.908199999999996,483.2592080159999,0.1081862773370077,5.077202291889705,0.0035068939895669,-0.0627977081102946,23,11,-4.9,-5.3
CC(=O)N(O)C(=O)N[C@@H]([C@@H](O)[C@@H](O)[C@H](O)[C@H](O)CCC[C@H](F)C[C@H]1CCCN1)[C@H](O)CO,CC(=O)N(O)C(=O)N[C@H]([C@H](O)CO)[C@@H](O)[C@@H](O)[C@H](O)[C@H](O)CCC[C@H](F)C[C@H]1CCCN1C,[*]N[*],[*]N([*])C,[*:1]-[NH1]-[*:2]>>[*:1]-[NH0](-[*:2])-[CH3],2052,-1.908199999999996,483.2592080159999,0.1081862773370077,5.077202291889705,0.0035068939895669,-0.0627977081102946,23,12,-4.9,-5.2
CC(=O)N(O)C(=O)N[C@@H]([C@@H](O)[C@@H](O)[C@H](O)[C@H](O)CCC[C@H](F)C[C@H]1CCCN1)[C@H](O)CO,CC(=O)N(O)C(=O)CO[C@H]([C@H](O)CO)[C@@H](O)[C@@H](O)[C@H](O)[C@H](O)CCC[C@H](F)C[C@H]1CCCN1,[*]N[*],[*]OC[*],[*:1]-[NH1]-[*:2]>>[*:1]-[OH0]-[CH2]-[*:2],105,-2.4167999999999905,484.243223604,0.0908448128575591,5.1089070724539685,-0.0138345704898816,-0.0310929275460312,23,13,-4.9,-4.8
CC(=O)N(O)C(=O)N[C@@H]([C@@H](O)[C@@H](O)[C@H](O)[C@H](O)CCC[C@H](F)C[C@H]1CCCN1)[C@H](O)CO,CC(=O)N(O)C(=O)CO[C@H]([C@H](O)CO)[C@@H](O)[C@@H](O)[C@H](O)[C@H](O)CCC[C@H](F)C[C@H]1CCCN1,[*]N[*],[*]OC[*],[*:1]-[NH1]-[*:2]>>[*:1]-[OH0]-[CH2]-[*:2],105,-2.4167999999999905,484.243223604,0.0908448128575591,5.1089070724539685,-0.0138345704898816,-0.0310929275460312,23,14,-4.9,-5.6
CC(=O)N(O)C(=O)N[C@@H]([C@@H](O)[C@@H](O)[C@H](O)[C@H](O)CCC[C@H](F)C[C@H]1CCCN1)[C@H](O)CO,CC(=O)N(O)C(=O)CN[C@H]([C@H](O)CO)[C@@H](O)[C@@H](O)[C@H](O)[C@H](O)CCC[C@H](F)C[C@H]1CCCN1,[*]N[*],[*]NC[*],[*:1]-[NH1]-[*:2]>>[*:1]-[NH1]-[CH2]-[*:2],1418,-2.843799999999989,483.259208016,0.0856899408110339,5.142686967558864,-0.0189894425364068,0.0026869675588638,23,15,-4.9,-5.5
CC(=O)N(O)C(=O)N[C@@H]([C@@H](O)[C@@H](O)[C@H](O)[C@H](O)CCC[C@H](F)C[C@H]1CCCN1)[C@H](O)CO,CC(=O)N(O)C(=O)NC[C@H]([C@H](O)CO)[C@@H](O)[C@@H](O)[C@H](O)[C@H](O)CCC[C@H](F)C[C@H]1CCCN1,[*]N[*],[*]NC[*],[*:1]-[NH1]-[*:2]>>[*:1]-[NH1]-[CH2]-[*:2],1418,-2.0027999999999944,483.259208016,0.0981461749554027,5.132453401125297,-0.006533208392038,-0.0075465988747023,23,16,-4.9,-5.3
CC(=O)N(O)C(=O)N[C@@H]([C@@H](O)[C@@H](O)[C@H](O)[C@H](O)CCC[C@H](F)C[C@H]1CCCN1)[C@H](O)CO,CC(=O)N(O)C(=O)N(C)C[C@H]([C@H](O)CO)[C@@H](O)[C@@H](O)[C@H](O)[C@H](O)CCC[C@H](F)C[C@H]1CCCN1,[*]N[*],[*]N(C)C[*],[*:1]-[NH1]-[*:2]>>[*:1]-[NH0](-[CH3])-[CH2]-[*:2],69,-1.660599999999995,497.27485808,0.1016378762521269,5.192503028569774,-0.0030415070953138,0.0525030285697747,23,17,-4.9,-4.4
CC(=O)N(O)C(=O)N[C@@H]([C@@H](O)[C@@H](O)[C@H](O)[C@H](O)CCC[C@H](F)C[C@H]1CCCN1)[C@H](O)CO,CC(=O)N(O)C(=O)N[C@H]([C@H](O)CO)[C@@H](O)[C@@H](O)[C@H](O)[C@H](O)CCC[C@H](F)C[C@H]1CCCCN1C,[*]N[*],[*]N(C)C[*],[*:1]-[NH1]-[*:2]>>[*:1]-[NH0](-[CH3])-[CH2]-[*:2],69,-1.518099999999995,497.2748580799999,0.1093753632171572,5.048872259339005,0.0046959798697164,-0.0911277406609949,23,18,-4.9,-4.7
CC(=O)N(O)C(=O)N[C@@H]([C@@H](O)[C@@H](O)[C@H](O)[C@H](O)CCC[C@H](F)C[C@H]1CCCN1)[C@H](O)CO,CC(=O)N(O)C(=O)C(=O)[C@H]([C@H](O)CO)[C@@H](O)[C@@H](O)[C@H](O)[C@H](O)CCC[C@H](F)C[C@H]1CCCN1,[*]N[*],[*]C([*])=O,[*:1]-[NH1]-[*:2]>>[*:1]-[CH0](-[*:2])=[OH0],41,-2.616699999999991,482.22757354,0.073009736401451,5.158748180483871,-0.0316696469459897,0.0187481804838709,23,19,-4.9,-6.0
CC(=O)N(O)C(=O)N[C@@H]([C@@H](O)[C@@H](O)[C@H](O)[C@H](O)CCC[C@H](F)C[C@H]1CCCN1)[C@H](O)CO,CC(=O)N(O)C(=O)N[C@H]([C@H](O)CO)[C@@H](O)[C@@H](O)[C@H](O)[C@H](O)CCC[C@H](F)C[C@H]1CCCC1=O,[*]N[*],[*]C([*])=O,[*:1]-[NH1]-[*:2]>>[*:1]-[CH0](-[*:2])=[OH0],41,-1.6331999999999962,482.2275735399999,0.1109361326304714,5.10763518313639,0.0062567492830306,-0.0323648168636099,23,20,-4.9,-4.6
CC(=O)N(O)C(=O)N[C@@H]([C@@H](O)[C@@H](O)[C@H](O)[C@H](O)CCC[C@H](F)C[C@H]1CCCN1)[C@H](O)CO,CC(=O)N(O)C(=O)NC(=O)O[C@H]([C@H](O)CO)[C@@H](O)[C@@H](O)[C@H](O)[C@H](O)CCC[C@H](F)C[C@H]1CCCN1,[*]N[*],[*]OC(=O)N[*],[*:1]-[NH1]-[*:2]>>[*:1]-[OH0]-[CH0](=[OH0])-[NH1]-[*:2],45,-2.1137999999999906,513.233387192,0.0951236288211459,5.155464237149486,-0.0095557545262948,0.0154642371494864,23,21,-4.9,-4.8
CC(=O)N(O)C(=O)N[C@@H]([C@@H](O)[C@@H](O)[C@H](O)[C@H](O)CCC[C@H](F)C[C@H]1CCCN1)[C@H](O)CO,CC(=O)N(O)C(=O)NC(=O)O[C@H]([C@H](O)CO)[C@@H](O)[C@@H](O)[C@H](O)[C@H](O)CCC[C@H](F)C[C@H]1CCCN1,[*]N[*],[*]OC(=O)N[*],[*:1]-[NH1]-[*:2]>>[*:1]-[OH0]-[CH0](=[OH0])-[NH1]-[*:2],45,-2.1137999999999906,513.233387192,0.0951236288211459,5.155464237149486,-0.0095557545262948,0.0154642371494864,23,22,-4.9,-5.0
CC(=O)N(O)C(=O)N[C@@H]([C@@H](O)[C@@H](O)[C@H](O)[C@H](O)CCC[C@H](F)C[C@H]1CCCN1)[C@H](O)CO,CC(=O)N(O)C(=O)NC(=O)C[C@H]([C@H](O)CO)[C@@H](O)[C@@H](O)[C@H](O)[C@H](O)CCC[C@H](F)C[C@H]1CCCN1,[*]N[*],[*]NC(=O)C[*],[*:1]-[NH1]-[*:2]>>[*:1]-[NH1]-[CH0](=[OH0])-[CH2]-[*:2],10,-2.0860999999999947,511.2541226359999,0.0908938513607746,5.158494013824424,-0.0137855319866661,0.0184940138244238,23,23,-4.9,-4.5
CC(=O)N(O)C(=O)N[C@@H]([C@@H](O)[C@@H](O)[C@H](O)[C@H](O)CCC[C@H](F)C[C@H]1CCCN1)[C@H](O)CO,CC(=O)N(O)C(=O)NC(=O)C[C@H]([C@H](O)CO)[C@@H](O)[C@@H](O)[C@H](O)[C@H](O)CCC[C@H](F)C[C@H]1CCCN1,[*]N[*],[*]NC(=O)C[*],[*:1]-[NH1]-[*:2]>>[*:1]-[NH1]-[CH0](=[OH0])-[CH2]-[*:2],10,-2.0860999999999947,511.2541226359999,0.0908938513607746,5.158494013824424,-0.0137855319866661,0.0184940138244238,23,24,-4.9,-4.2
CC(=O)N(O)C(=O)N[C@@H]([C@@H](O)[C@@H](O)[C@H](O)[C@H](O)CCC[C@H](F)C[C@H]1CCCN1)[C@H](O)CO,CCN1CCC[C@@H]1C[C@@H](F)CCC[C@@H](O)[C@@H](O)[C@H](O)[C@H](O)[C@H](NC(=O)N(O)C(C)=O)[C@H](O)CO,[*]N[*],[*]N([*])CC,[*:1]-[NH1]-[*:2]>>[*:1]-[NH0](-[*:2])-[CH2]-[CH3],549,-1.518099999999995,497.2748580799999,0.1031566080508235,5.052730720877466,-0.0015227752966172,-0.087269279122534,23,25,-4.9,-4.5
CC(=O)N(O)C(=O)N[C@@H]([C@@H](O)[C@@H](O)[C@H](O)[C@H](O)CCC[C@H](F)C[C@H]1CCCN1)[C@H](O)CO,CCN(C(=O)N(O)C(C)=O)[C@H]([C@H](O)CO)[C@@H](O)[C@@H](O)[C@H](O)[C@H](O)CCC[C@H](F)C[C@H]1CCCN1,[*]N[*],[*]N([*])CC,[*:1]-[NH1]-[*:2]>>[*:1]-[NH0](-[*:2])-[CH2]-[CH3],549,-1.5180999999999951,497.27485808,0.1031566080508235,5.209824567031314,-0.0015227752966172,0.069824567031314,23,26,-4.9,-5.3
CC(=O)N(O)C(=O)N[C@@H]([C@@H](O)[C@@H](O)[C@H](O)[C@H](O)CCC[C@H](F)C[C@H]1CCCN1)[C@H](O)CO,CC(=O)N(O)C(=O)CCO[C@H]([C@H](O)CO)[C@@H](O)[C@@H](O)[C@H](O)[C@H](O)CCC[C@H](F)C[C@H]1CCCN1,[*]N[*],[*]OCC[*],[*:1]-[NH1]-[*:2]>>[*:1]-[OH0]-[CH2]-[CH2]-[*:2],17,-2.02669999999999,498.258873668,0.0861920255229015,5.074820509550332,-0.0184873578245392,-0.065179490449668,23,27,-4.9,-4.9
CC(=O)N(O)C(=O)N[C@@H]([C@@H](O)[C@@H](O)[C@H](O)[C@H](O)CCC[C@H](F)C[C@H]1CCCN1)[C@H](O)CO,CC(=O)N(O)C(=O)OCC[C@H]([C@H](O)CO)[C@@H](O)[C@@H](O)[C@H](O)[C@H](O)CCC[C@H](F)C[C@H]1CCCN1,[*]N[*],[*]OCC[*],[*:1]-[NH1]-[*:2]>>[*:1]-[OH0]-[CH2]-[CH2]-[*:2],17,-1.1856999999999964,498.258873668,0.0997190015991735,5.137289486727001,-0.0049603817482672,-0.0027105132729987,23,28,-4.9,-5.7
CC(=O)N(O)C(=O)N[C@@H]([C@@H](O)[C@@H](O)[C@H](O)[C@H](O)CCC[C@H](F)C[C@H]1CCCN1)[C@H](O)CO,CC(=O)N(O)C(=O)N[C@H]([C@H](O)CO)[C@@H](O)[C@@H](O)[C@H](O)[C@H](O)CCC[C@H](F)C[C@H]1CCCN2CCN1CC2,[*]N[*],[*]N1CCN([*])CC1,[*:1]-[NH1]-[*:2]>>[*:1]-[NH0]1-[CH2]-[CH2]-[NH0](-[*:2])-[CH2]-[CH2]-1,225,-2.222399999999994,538.3014071759999,0.0933519643089778,5.852972618070603,-0.0113274190384629,0.7129726180706033,23,29,-4.9,-4.4
CC(=O)N(O)C(=O)N[C@@H]([C@@H](O)[C@@H](O)[C@H](O)[C@H](O)CCC[C@H](F)C[C@H]1CCCN1)[C@H](O)CO,CC(=O)N(O)C(=O)N[C@H]([C@H](O)CO)[C@@H](O)[C@@H](O)[C@H](O)[C@H](O)CCC[C@H](F)C[C@H]1CCCN2CCN1CC2,[*]N[*],[*]N1CCN([*])CC1,[*:1]-[NH1]-[*:2]>>[*:1]-[NH0]1-[CH2]-[CH2]-[NH0](-[*:2])-[CH2]-[CH2]-1,225,-2.222399999999994,538.3014071759999,0.0933519643089778,5.852972618070603,-0.0113274190384629,0.7129726180706033,23,30,-4.9,-3.4
CC(=O)N(O)C(=O)N[C@@H]([C@@H](O)[C@@H](O)[C@H](O)[C@H](O)CCC[C@H](F)C[C@H]1CCCN1)[C@H](O)CO,CC(=O)N(O)C(=O)N[C@H]([C@H](O)CO)[C@@H](O)[C@@H](O)[C@H](O)[C@H](O)CCC[C@H](F)C[C@H]1CCCCCN1C,[*]N[*],[*]N(C)CC[*],[*:1]-[NH1]-[*:2]>>[*:1]-[NH0](-[CH3])-[CH2]-[CH2]-[*:2],10,-1.127999999999996,511.2905081439999,0.1107452184665141,5.026267711094894,0.0060658351190732,-0.1137322889051057,23,31,-4.9,-5.2
CC(=O)N(O)C(=O)N[C@@H]([C@@H](O)[C@@H](O)[C@H](O)[C@H](O)CCC[C@H](F)C[C@H]1CCCN1)[C@H](O)CO,CC(=O)N(O)C(=O)N[C@H]([C@H](O)CO)[C@@H](O)[C@@H](O)[C@H](O)[C@H](O)CCC[C@H](F)C[C@H]1CCCCCN1C,[*]N[*],[*]N(C)CC[*],[*:1]-[NH1]-[*:2]>>[*:1]-[NH0](-[CH3])-[CH2]-[CH2]-[*:2],10,-1.127999999999996,511.2905081439999,0.1107452184665141,5.026267711094894,0.0060658351190732,-0.1137322889051057,23,32,-4.9,-4.4
CC(=O)N(O)C(=O)N[C@@H]([C@@H](O)[C@@H](O)[C@H](O)[C@H](O)CCC[C@H](F)C[C@H]1CCCN1)[C@H](O)CO,CC(=O)N(O)C(=O)N[C@H]([C@H](O)CO)[C@@H](O)[C@@H](O)[C@H](O)[C@H](O)CCC[C@H](F)C[C@H]1CCCN1C(C)=O,[*]N[*],[*]N([*])C(C)=O,[*:1]-[NH1]-[*:2]>>[*:1]-[NH0](-[*:2])-[CH0](-[CH3])=[OH0],56,-1.991499999999996,511.2541226359999,0.1006870871940293,5.068163557464513,-0.0039922961534114,-0.0718364425354867,23,33,-4.9,-4.8
CC(=O)N(O)C(=O)N[C@@H]([C@@H](O)[C@@H](O)[C@H](O)[C@H](O)CCC[C@H](F)C[C@H]1CCCN1)[C@H](O)CO,CC(=O)N(O)C(=O)N[C@H]([C@H](O)CO)[C@@H](O)[C@@H](O)[C@H](O)[C@H](O)CCC[C@H](F)C[C@H]1CCCN1C(C)=O,[*]N[*],[*]N([*])C(C)=O,[*:1]-[NH1]-[*:2]>>[*:1]-[NH0](-[*:2])-[CH0](-[CH3])=[OH0],56,-1.991499999999996,511.2541226359999,0.1006870871940293,5.068163557464513,-0.0039922961534114,-0.0718364425354867,23,34,-4.9,-5.1
CC(=O)N(O)C(=O)N[C@@H]([C@@H](O)[C@@H](O)[C@H](O)[C@H](O)CCC[C@H](F)C[C@H]1CCCN1)[C@H](O)CO,CC(=O)N(O)C(=O)N[C@H]([C@H](O)CO)[C@@H](O)[C@@H](O)[C@H](O)[C@H](O)CCC[C@H](F)C[C@H]1CCCN1C1CC1,[*]N[*],[*]N([*])C1CC1,[*:1]-[NH1]-[*:2]>>[*:1]-[NH0](-[*:2])-[CH1]1-[CH2]-[CH2]-1,32,-1.3755999999999955,509.2748580799999,0.1021768955231983,5.112423542360403,-0.0025024878242424,-0.0275764576395962,23,35,-4.9,-5.3
CC(=O)N(O)C(=O)N[C@@H]([C@@H](O)[C@@H](O)[C@H](O)[C@H](O)CCC[C@H](F)C[C@H]1CCCN1)[C@H](O)CO,CC(=O)N(O)C(=O)N[C@H]([C@H](O)CO)[C@@H](O)[C@@H](O)[C@H](O)[C@H](O)CCC[C@H](F)C[C@H]1CCCN1C1CC1,[*]N[*],[*]N([*])C1CC1,[*:1]-[NH1]-[*:2]>>[*:1]-[NH0](-[*:2])-[CH1]1-[CH2]-[CH2]-1,32,-1.3755999999999955,509.2748580799999,0.1021768955231983,5.112423542360403,-0.0025024878242424,-0.0275764576395962,23,36,-4.9,-5.4
CC(=O)N(O)C(=O)N[C@@H]([C@@H](O)[C@@H](O)[C@H](O)[C@H](O)CCC[C@H](F)C[C@H]1CCCN1)[C@H](O)CO,CC(=O)N(O)C(=O)N[C@H]([C@H](O)CO)[C@@H](O)[C@@H](O)[C@H](O)[C@H](O)CCC[C@H](F)C[C@H]1CCCCCN1,[*]N[*],[*]NCC[*],[*:1]-[NH1]-[*:2]>>[*:1]-[NH1]-[CH2]-[CH2]-[*:2],333,-1.470199999999996,497.2748580799999,0.1067247038213086,5.069822200167408,0.0020453204738678,-0.0701777998325914,23,37,-4.9,-5.2
CC(=O)N(O)C(=O)N[C@@H]([C@@H](O)[C@@H](O)[C@H](O)[C@H](O)CCC[C@H](F)C[C@H]1CCCN1)[C@H](O)CO,CC(=O)N(O)C(=O)N[C@H]([C@H](O)CO)[C@@H](O)[C@@H](O)[C@H](O)[C@H](O)CCC[C@H](F)C[C@H]1CCCNCC1,[*]N[*],[*]NCC[*],[*:1]-[NH1]-[*:2]>>[*:1]-[NH1]-[CH2]-[CH2]-[*:2],333,-1.6126999999999951,497.2748580799999,0.1051471773066504,5.020360999829284,0.0004677939592096,-0.1196390001707152,23,38,-4.9,-4.5
CC(=O)N(O)C(=O)N[C@@H]([C@@H](O)[C@@H](O)[C@H](O)[C@H](O)CCC[C@H](F)C[C@H]1CCCN1)[C@H](O)CO,CC(=O)N(O)C(=O)N[C@H]([C@H](O)CO)[C@@H](O)[C@@H](O)[C@H](O)[C@H](O)CCC[C@H](F)C[C@H]1CCCS1,[*]N[*],[*]S[*],[*:1]-[NH1]-[*:2]>>[*:1]-[SH0]-[*:2],221,-1.1067999999999991,486.2047299199999,0.1169853487215927,5.256655714741789,0.0123059653741519,0.116655714741789,23,39,-4.9,-5.4
CC(=O)N(O)C(=O)N[C@@H]([C@@H](O)[C@@H](O)[C@H](O)[C@H](O)CCC[C@H](F)C[C@H]1CCCN1)[C@H](O)CO,CC(=O)N(O)C(=O)N[C@H]([C@H](O)CO)[C@@H](O)[C@@H](O)[C@H](O)[C@H](O)CCC[C@H](F)C[C@H]1CCCS1,[*]N[*],[*]S[*],[*:1]-[NH1]-[*:2]>>[*:1]-[SH0]-[*:2],221,-1.1067999999999991,486.2047299199999,0.1169853487215927,5.256655714741789,0.0123059653741519,0.116655714741789,23,40,-4.9,-5.4
CC(=O)N(O)C(=O)N[C@@H]([C@@H](O)[C@@H](O)[C@H](O)[C@H](O)CCC[C@H](F)C[C@H]1CCCN1)[C@H](O)CO,CC(=O)N(O)C(=O)C(O)[C@H]([C@H](O)CO)[C@@H](O)[C@@H](O)[C@H](O)[C@H](O)CCC[C@H](F)C[C@H]1CCCN1,[*]N[*],[*]C([*])O,[*:1]-[NH1]-[*:2]>>[*:1]-[CH1](-[*:2])-[OH1],16,-2.8248999999999898,484.243223604,0.0905723905720916,5.280778976432602,-0.0141069927753491,0.1407789764326024,23,41,-4.9,-5.1
CC(=O)N(O)C(=O)N[C@@H]([C@@H](O)[C@@H](O)[C@H](O)[C@H](O)CCC[C@H](F)C[C@H]1CCCN1)[C@H](O)CO,CC(=O)N(O)C(=O)C(O)[C@H]([C@H](O)CO)[C@@H](O)[C@@H](O)[C@H](O)[C@H](O)CCC[C@H](F)C[C@H]1CCCN1,[*]N[*],[*]C([*])O,[*:1]-[NH1]-[*:2]>>[*:1]-[CH1](-[*:2])-[OH1],16,-2.8248999999999898,484.243223604,0.0905723905720916,5.280778976432602,-0.0141069927753491,0.1407789764326024,23,42,-4.9,-5.5
CC(=O)N(O)C(=O)N[C@@H]([C@@H](O)[C@@H](O)[C@H](O)[C@H](O)CCC[C@H](F)C[C@H]1CCCN1)[C@H](O)CO,CC(=O)N(O)C(=O)N(C1CCC1)[C@H]([C@H](O)CO)[C@@H](O)[C@@H](O)[C@H](O)[C@H](O)CCC[C@H](F)C[C@H]1CCCN1,[*]N[*],[*]N([*])C1CCC1,[*:1]-[NH1]-[*:2]>>[*:1]-[NH0](-[*:2])-[CH1]1-[CH2]-[CH2]-[CH2]-1,10,-0.9854999999999964,523.290508144,0.1035036706430927,5.202793853302367,-0.001175712704348,0.0627938533023675,23,43,-4.9,-5.3
CC(=O)N(O)C(=O)N[C@@H]([C@@H](O)[C@@H](O)[C@H](O)[C@H](O)CCC[C@H](F)C[C@H]1CCCN1)[C@H](O)CO,CC(=O)N(O)C(=O)N[C@H]([C@H](O)CO)[C@@H](O)[C@@H](O)[C@H](O)[C@H](O)CCC[C@H](F)C[C@H]1CCCN1C1CCC1,[*]N[*],[*]N([*])C1CCC1,[*:1]-[NH1]-[*:2]>>[*:1]-[NH0](-[*:2])-[CH1]1-[CH2]-[CH2]-[CH2]-1,10,-0.9854999999999968,523.2905081439999,0.1035036706430927,5.100508276379292,-0.0011757127043481,-0.0394917236207073,23,44,-4.9,-5.2
CC(=O)N(O)C(=O)N[C@@H]([C@@H](O)[C@@H](O)[C@H](O)[C@H](O)CCC[C@H](F)C[C@H]1CCCN1)[C@H](O)CO,CC(=O)N(O)C(=O)N[C@H]([C@H](O)CO)[C@@H](O)[C@@H](O)[C@H](O)[C@H](O)CCC[C@H](F)C[C@H]1CCCN2CCCN1CC2,[*]N[*],[*]N1CCCN([*])CC1,[*:1]-[NH1]-[*:2]>>[*:1]-[NH0]1-[CH2]-[CH2]-[CH2]-[NH0](-[*:2])-[CH2]-[CH2]-1,10,-1.8322999999999945,552.3170572399998,0.0944571638148018,5.973437717845452,-0.0102222195326389,0.8334377178454524,23,45,-4.9,-4.2
CC(=O)N(O)C(=O)N[C@@H]([C@@H](O)[C@@H](O)[C@H](O)[C@H](O)CCC[C@H](F)C[C@H]1CCCN1)[C@H](O)CO,CC(=O)N(O)C(=O)N[C@H]([C@H](O)CO)[C@@H](O)[C@@H](O)[C@H](O)[C@H](O)CCC[C@H](F)C[C@H]1CCCN2CCCN1CC2,[*]N[*],[*]N1CCCN([*])CC1,[*:1]-[NH1]-[*:2]>>[*:1]-[NH0]1-[CH2]-[CH2]-[CH2]-[NH0](-[*:2])-[CH2]-[CH2]-1,10,-1.8322999999999945,552.3170572399998,0.0944571638148018,5.973437717845452,-0.0102222195326389,0.8334377178454524,23,46,-4.9,-3.4
CC(=O)N(O)C(=O)N[C@@H]([C@@H](O)[C@@H](O)[C@H](O)[C@H](O)CCC[C@H](F)C[C@H]1CCCN1)[C@H](O)CO,CC(=O)N(O)C(=O)SC[C@H]([C@H](O)CO)[C@@H](O)[C@@H](O)[C@H](O)[C@H](O)CCC[C@H](F)C[C@H]1CCCN1,[*]N[*],[*]CS[*],[*:1]-[NH1]-[*:2]>>[*:1]-[CH2]-[SH0]-[*:2],12,-0.8591999999999975,500.220379984,0.1093432436720928,5.2587256039225,0.004663860324652,0.1187256039224999,23,47,-4.9,-5.2
CC(=O)N(O)C(=O)N[C@@H]([C@@H](O)[C@@H](O)[C@H](O)[C@H](O)CCC[C@H](F)C[C@H]1CCCN1)[C@H](O)CO,CC(=O)N(O)C(=O)N[C@H]([C@H](O)CO)[C@@H](O)[C@@H](O)[C@H](O)[C@H](O)CCC[C@H](F)C[C@H]1CCCSC1,[*]N[*],[*]CS[*],[*:1]-[NH1]-[*:2]>>[*:1]-[CH2]-[SH0]-[*:2],12,-0.8591999999999984,500.2203799839999,0.1165921467131627,5.213755499027395,0.0119127633657219,0.0737554990273956,23,48,-4.9,-5.0
CC(=O)N(O)C(=O)N[C@@H]([C@@H](O)[C@@H](O)[C@H](O)[C@H](O)CCC[C@H](F)C[C@H]1CCCN1)[C@H](O)CO,CC(=O)N(O)C(=O)NC(=O)N[C@H]([C@H](O)CO)[C@@H](O)[C@@H](O)[C@H](O)[C@H](O)CCC[C@H](F)C[C@H]1CCCN1,[*]N[*],[*]NC(=O)N[*],[*:1]-[NH1]-[*:2]>>[*:1]-[NH1]-[CH0](=[OH0])-[NH1]-[*:2],40,-2.540799999999992,512.249371604,0.0911770337079607,5.139634956752462,-0.01350234963948,-0.0003650432475374,23,49,-4.9,-4.7
CC(=O)N(O)C(=O)N[C@@H]([C@@H](O)[C@@H](O)[C@H](O)[C@H](O)CCC[C@H](F)C[C@H]1CCCN1)[C@H](O)CO,CC(=O)N(O)C(=O)NC(=O)N[C@H]([C@H](O)CO)[C@@H](O)[C@@H](O)[C@H](O)[C@H](O)CCC[C@H](F)C[C@H]1CCCN1,[*]N[*],[*]NC(=O)N[*],[*:1]-[NH1]-[*:2]>>[*:1]-[NH1]-[CH0](=[OH0])-[NH1]-[*:2],40,-2.540799999999992,512.249371604,0.0911770337079607,5.139634956752462,-0.01350234963948,-0.0003650432475374,23,50,-4.9,-4.5
CC(=O)N(O)C(=O)N[C@@H]([C@@H](O)[C@@H](O)[C@H](O)[C@H](O)CCC[C@H](F)C[C@H]1CCCN1)[C@H](O)CO,CC(=O)N(O)C(=O)N(C(C)C)[C@H]([C@H](O)CO)[C@@H](O)[C@@H](O)[C@H](O)[C@H](O)CCC[C@H](F)C[C@H]1CCCN1,[*]N[*],[*]N([*])C(C)C,[*:1]-[NH1]-[*:2]>>[*:1]-[NH0](-[*:2])-[CH1](-[CH3])-[CH3],95,-1.129599999999996,511.290508144,0.1044310656583635,5.220516400273878,-0.0002483176890772,0.0805164002738783,23,51,-4.9,-4.8
CC(=O)N(O)C(=O)N[C@@H]([C@@H](O)[C@@H](O)[C@H](O)[C@H](O)CCC[C@H](F)C[C@H]1CCCN1)[C@H](O)CO,CC(=O)N(O)C(=O)N[C@H]([C@H](O)CO)[C@@H](O)[C@@H](O)[C@H](O)[C@H](O)CCC[C@H](F)C[C@H]1CCCN1C(C)C,[*]N[*],[*]N([*])C(C)C,[*:1]-[NH1]-[*:2]>>[*:1]-[NH0](-[*:2])-[CH1](-[CH3])-[CH3],95,-1.1295999999999955,511.2905081439999,0.1044310656583635,5.131559376862507,-0.0002483176890772,-0.0084406231374929,23,52,-4.9,-4.3
CC(=O)N(O)C(=O)N[C@@H]([C@@H](O)[C@@H](O)[C@H](O)[C@H](O)CCC[C@H](F)C[C@H]1CCCN1)[C@H](O)CO,CC(=O)N(O)C(=O)N[C@H]([C@H](O)CO)[C@@H](O)[C@@H](O)[C@H](O)[C@H](O)CCC[C@H](F)C[C@H]1CCCC2CCN1CC2,[*]N[*],[*]N1CCC([*])CC1,[*:1]-[NH1]-[*:2]>>[*:1]-[NH0]1-[CH2]-[CH2]-[CH1](-[*:2])-[CH2]-[CH2]-1,24,-0.7378999999999971,537.3061582079998,0.1095326470594763,5.866865848839833,0.0048532637120354,0.7268658488398332,23,53,-4.9,-2.8
CC(=O)N(O)C(=O)N[C@@H]([C@@H](O)[C@@H](O)[C@H](O)[C@H](O)CCC[C@H](F)C[C@H]1CCCN1)[C@H](O)CO,CC(=O)N(O)C(=O)N[C@H]([C@H](O)CO)[C@@H](O)[C@@H](O)[C@H](O)[C@H](O)CCC[C@H](F)C[C@H]1CCCC2CCN1CC2,[*]N[*],[*]N1CCC([*])CC1,[*:1]-[NH1]-[*:2]>>[*:1]-[NH0]1-[CH2]-[CH2]-[CH1](-[*:2])-[CH2]-[CH2]-1,24,-0.7378999999999971,537.3061582079998,0.1095326470594763,5.866865848839833,0.0048532637120354,0.7268658488398332,23,54,-4.9,-3.5
CC(=O)N(O)C(=O)N[C@@H]([C@@H](O)[C@@H](O)[C@H](O)[C@H](O)CCC[C@H](F)C[C@H]1CCCN1)[C@H](O)CO,CC(=O)N(O)C(=O)N[C@H]([C@H](O)CO)[C@@H](O)[C@@H](O)[C@H](O)[C@H](O)CCC[C@H](F)C[C@H]1CCCOC2CN1C2,[*]N[*],[*]OC1CN([*])C1,[*:1]-[NH1]-[*:2]>>[*:1]-[OH0]-[CH1]1-[CH2]-[NH0](-[*:2])-[CH2]-1,10,-2.1391999999999958,525.2697726999999,0.0962553466259637,5.956170879068055,-0.008424036721477,0.8161708790680553,23,55,-4.9,-4.6
CC(=O)N(O)C(=O)N[C@@H]([C@@H](O)[C@@H](O)[C@H](O)[C@H](O)CCC[C@H](F)C[C@H]1CCCN1)[C@H](O)CO,CC(=O)N(O)C(=O)N[C@H]([C@H](O)CO)[C@@H](O)[C@@H](O)[C@H](O)[C@H](O)CCC[C@H](F)C[C@H]1CCCN2CC(C2)O1,[*]N[*],[*]OC1CN([*])C1,[*:1]-[NH1]-[*:2]>>[*:1]-[OH0]-[CH1]1-[CH2]-[NH0](-[*:2])-[CH2]-1,10,-2.1391999999999958,525.2697726999999,0.0962553466259637,5.9425699175295925,-0.008424036721477,0.8025699175295928,23,56,-4.9,-4.7
CC(=O)N(O)C(=O)N[C@@H]([C@@H](O)[C@@H](O)[C@H](O)[C@H](O)CCC[C@H](F)C[C@H]1CCCN1)[C@H](O)CO,CC(=O)N(O)C(=O)CN1CCN([C@H]([C@H](O)CO)[C@@H](O)[C@@H](O)[C@H](O)[C@H](O)CCC[C@H](F)C[C@H]2CCCN2)CC1,[*]N[*],[*]N1CCN(C[*])CC1,[*:1]-[NH1]-[*:2]>>[*:1]-[NH0]1-[CH2]-[CH2]-[NH0](-[CH2]-[*:2])-[CH2]-[CH2]-1,34,-2.815799999999987,552.3170572399999,0.0767570801989252,5.074469359344262,-0.0279223031485155,-0.0655306406557381,23,57,-4.9,-2.3
CC(=O)N(O)C(=O)N[C@@H]([C@@H](O)[C@@H](O)[C@H](O)[C@H](O)CCC[C@H](F)C[C@H]1CCCN1)[C@H](O)CO,CC(=O)N(O)C(=O)CN1CCN([C@H]([C@H](O)CO)[C@@H](O)[C@@H](O)[C@H](O)[C@H](O)CCC[C@H](F)C[C@H]2CCCN2)CC1,[*]N[*],[*]N1CCN(C[*])CC1,[*:1]-[NH1]-[*:2]>>[*:1]-[NH0]1-[CH2]-[CH2]-[NH0](-[CH2]-[*:2])-[CH2]-[CH2]-1,34,-2.815799999999987,552.3170572399999,0.0767570801989252,5.074469359344262,-0.0279223031485155,-0.0655306406557381,23,58,-4.9,-2.0
CC(=O)N(O)C(=O)N[C@@H]([C@@H](O)[C@@H](O)[C@H](O)[C@H](O)CCC[C@H](F)C[C@H]1CCCN1)[C@H](O)CO,CC(=O)N(O)C(=O)N(CCO)[C@H]([C@H](O)CO)[C@@H](O)[C@@H](O)[C@H](O)[C@H](O)CCC[C@H](F)C[C@H]1CCCN1,[*]N[*],[*]N([*])CCO,[*:1]-[NH1]-[*:2]>>[*:1]-[NH0](-[*:2])-[CH2]-[CH2]-[OH1],109,-2.5456999999999894,513.2697727,0.0820827921497845,5.235579869903827,-0.0225965911976562,0.095579869903827,23,59,-4.9,-4.2
CC(=O)N(O)C(=O)N[C@@H]([C@@H](O)[C@@H](O)[C@H](O)[C@H](O)CCC[C@H](F)C[C@H]1CCCN1)[C@H](O)CO,CC(=O)N(O)C(=O)N[C@H]([C@H](O)CO)[C@@H](O)[C@@H](O)[C@H](O)[C@H](O)CCC[C@H](F)C[C@H]1CCCN1CCO,[*]N[*],[*]N([*])CCO,[*:1]-[NH1]-[*:2]>>[*:1]-[NH0](-[*:2])-[CH2]-[CH2]-[OH1],109,-2.5456999999999947,513.2697726999999,0.0820827921497845,5.09768855476735,-0.0225965911976562,-0.0423114452326496,23,60,-4.9,-3.5
CC(=O)N(O)C(=O)N[C@@H]([C@@H](O)[C@@H](O)[C@H](O)[C@H](O)CCC[C@H](F)C[C@H]1CCCN1)[C@H](O)CO,CCC(=O)N1CCC[C@@H]1C[C@@H](F)CCC[C@@H](O)[C@@H](O)[C@H](O)[C@H](O)[C@H](NC(=O)N(O)C(C)=O)[C@H](O)CO,[*]N[*],[*]N([*])C(=O)CC,[*:1]-[NH1]-[*:2]>>[*:1]-[NH0](-[*:2])-[CH0](=[OH0])-[CH2]-[CH3],13,-1.601399999999994,525.2697726999999,0.09606836276313,5.056436211601963,-0.0086110205843107,-0.0835637883980364,23,61,-4.9,-3.7
CC(=O)N(O)C(=O)N[C@@H]([C@@H](O)[C@@H](O)[C@H](O)[C@H](O)CCC[C@H](F)C[C@H]1CCCN1)[C@H](O)CO,CCC(=O)N(C(=O)N(O)C(C)=O)[C@H]([C@H](O)CO)[C@@H](O)[C@@H](O)[C@H](O)[C@H](O)CCC[C@H](F)C[C@H]1CCCN1,[*]N[*],[*]N([*])C(=O)CC,[*:1]-[NH1]-[*:2]>>[*:1]-[NH0](-[*:2])-[CH0](=[OH0])-[CH2]-[CH3],13,-1.6013999999999944,525.2697727,0.0955268591263213,5.263686899861072,-0.0091525242211194,0.123686899861072,23,62,-4.9,-4.6
CC(=O)N(O)C(=O)N[C@@H]([C@@H](O)[C@@H](O)[C@H](O)[C@H](O)CCC[C@H](F)C[C@H]1CCCN1)[C@H](O)CO,CC(=O)N(O)C(=O)N[C@@H](C)[C@H]([C@H](O)CO)[C@@H](O)[C@@H](O)[C@H](O)[C@H](O)CCC[C@H](F)C[C@H]1CCCN1,[*]N[*],[*]N[C@H]([*])C,[*:1]-[NH1]-[*:2]>>[*:1]-[NH1]-[C@H1](-[*:2])-[CH3],44,-1.6142999999999956,497.27485808,0.0991523439791424,5.299076477038402,-0.0055270393682984,0.1590764770384023,23,63,-4.9,-3.8
CC(=O)N(O)C(=O)N[C@@H]([C@@H](O)[C@@H](O)[C@H](O)[C@H](O)CCC[C@H](F)C[C@H]1CCCN1)[C@H](O)CO,CC(=O)N(O)C(=O)[C@H](C)N[C@H]([C@H](O)CO)[C@@H](O)[C@@H](O)[C@H](O)[C@H](O)CCC[C@H](F)C[C@H]1CCCN1,[*]N[*],[*]N[C@H]([*])C,[*:1]-[NH1]-[*:2]>>[*:1]-[NH1]-[C@H1](-[*:2])-[CH3],44,-2.4552999999999887,497.27485808,0.0857634674474131,5.253964169346093,-0.0189159159000276,0.1139641693460928,23,64,-4.9,-5.5
CC(=O)N(O)C(=O)N[C@@H]([C@@H](O)[C@@H](O)[C@H](O)[C@H](O)CCC[C@H](F)C[C@H]1CCCN1)[C@H](O)CO,CC(=O)N(O)C(=O)N[C@H]([C@H](O)CO)[C@@H](O)[C@@H](O)[C@H](O)[C@H](O)CCC[C@H](F)C[C@H]1CCCC2CCN1C2,[*]N[*],[*]N1CCC([*])C1,[*:1]-[NH1]-[*:2]>>[*:1]-[NH0]1-[CH2]-[CH2]-[CH1](-[*:2])-[CH2]-1,10,-1.127999999999996,523.2905081439999,0.1081258890252977,5.984695998461551,0.0034465056778569,0.8446959984615514,23,65,-4.9,-3.7
CC(=O)N(O)C(=O)N[C@@H]([C@@H](O)[C@@H](O)[C@H](O)[C@H](O)CCC[C@H](F)C[C@H]1CCCN1)[C@H](O)CO,CC(=O)N(O)C(=O)C1CCN([C@H]([C@H](O)CO)[C@@H](O)[C@@H](O)[C@H](O)[C@H](O)CCC[C@H](F)C[C@H]2CCCN2)C1,[*]N[*],[*]N1CCC([*])C1,[*:1]-[NH1]-[*:2]>>[*:1]-[NH0]1-[CH2]-[CH2]-[CH1](-[*:2])-[CH2]-1,10,-2.1114999999999897,523.290508144,0.0916856682623633,5.2311946986782125,-0.0129937150850774,0.0911946986782128,23,66,-4.9,-3.5
CC(=O)N(O)C(=O)N[C@@H]([C@@H](O)[C@@H](O)[C@H](O)[C@H](O)CCC[C@H](F)C[C@H]1CCCN1)[C@H](O)CO,CC(=O)N(O)C(=O)OC(=O)N1CCN([C@H]([C@H](O)CO)[C@@H](O)[C@@H](O)[C@H](O)[C@H](O)CCC[C@H](F)C[C@H]2CCCN2)CC1,[*]N[*],[*]OC(=O)N1CCN([*])CC1,[*:1]-[NH1]-[*:2]>>[*:1]-[OH0]-[CH0](=[OH0])-[NH0]1-[CH2]-[CH2]-[NH0](-[*:2])-[CH2]-[CH2]-1,10,-2.0857999999999928,582.2912364159998,0.0663630687077755,5.219428831202105,-0.0383163146396652,0.0794288312021054,23,67,-4.9,-1.5
CC(=O)N(O)C(=O)N[C@@H]([C@@H](O)[C@@H](O)[C@H](O)[C@H](O)CCC[C@H](F)C[C@H]1CCCN1)[C@H](O)CO,CC(=O)N(O)C(=O)N[C@H]([C@H](O)CO)[C@@H](O)[C@@H](O)[C@H](O)[C@H](O)CCC[C@H](F)C[C@H]1CCCN2CCN(CC2)C(=O)O1,[*]N[*],[*]OC(=O)N1CCN([*])CC1,[*:1]-[NH1]-[*:2]>>[*:1]-[OH0]-[CH0](=[OH0])-[NH0]1-[CH2]-[CH2]-[NH0](-[*:2])-[CH2]-[CH2]-1,10,-2.0857999999999937,582.2912364159998,0.0864960620362908,6.2974844086563815,-0.0181833213111499,1.1574844086563818,23,68,-4.9,-3.1
CC(=O)N(O)C(=O)N[C@@H]([C@@H](O)[C@@H](O)[C@H](O)[C@H](O)CCC[C@H](F)C[C@H]1CCCN1)[C@H](O)CO,CC(=O)N(O)C(=O)C(=O)N1CCN([C@H]([C@H](O)CO)[C@@H](O)[C@@H](O)[C@H](O)[C@H](O)CCC[C@H](F)C[C@H]2CCCN2)CC1,[*]N[*],[*]N1CCN(C([*])=O)CC1,[*:1]-[NH1]-[*:2]>>[*:1]-[NH0]1-[CH2]-[CH2]-[NH0](-[CH0](-[*:2])=[OH0])-[CH2]-[CH2]-1,11,-3.289199999999988,566.2963217959999,0.0625652583699017,5.157380986877395,-0.042114124977539,0.017380986877395,23,69,-4.9,-2.4
CC(=O)N(O)C(=O)N[C@@H]([C@@H](O)[C@@H](O)[C@H](O)[C@H](O)CCC[C@H](F)C[C@H]1CCCN1)[C@H](O)CO,CC(=O)N(O)C(=O)C(=O)N1CCN([C@H]([C@H](O)CO)[C@@H](O)[C@@H](O)[C@H](O)[C@H](O)CCC[C@H](F)C[C@H]2CCCN2)CC1,[*]N[*],[*]N1CCN(C([*])=O)CC1,[*:1]-[NH1]-[*:2]>>[*:1]-[NH0]1-[CH2]-[CH2]-[NH0](-[CH0](-[*:2])=[OH0])-[CH2]-[CH2]-1,11,-3.289199999999988,566.2963217959999,0.0625652583699017,5.157380986877395,-0.042114124977539,0.017380986877395,23,70,-4.9,-1.0
CC(=O)N(O)C(=O)N[C@@H]([C@@H](O)[C@@H](O)[C@H](O)[C@H](O)CCC[C@H](F)C[C@H]1CCCN1)[C@H](O)CO,CC(=O)N(O)C(=O)N[C@H]([C@H](O)CO)[C@@H](O)[C@@H](O)[C@H](O)[C@H](O)CCC[C@H](F)C[C@H]1CCCC(C)(C)N1,[*]N[*],[*]NC([*])(C)C,[*:1]-[NH1]-[*:2]>>[*:1]-[NH1]-[CH0](-[*:2])(-[CH3])-[CH3],11,-1.0816999999999966,511.2905081439999,0.1080420359959316,5.276810045758828,0.0033626526484908,0.1368100457588283,23,71,-4.9,-4.3
CC(=O)N(O)C(=O)N[C@@H]([C@@H](O)[C@@H](O)[C@H](O)[C@H](O)CCC[C@H](F)C[C@H]1CCCN1)[C@H](O)CO,CC(=O)N(O)C(=O)C(C)(C)N[C@H]([C@H](O)CO)[C@@H](O)[C@@H](O)[C@H](O)[C@H](O)CCC[C@H](F)C[C@H]1CCCN1,[*]N[*],[*]NC([*])(C)C,[*:1]-[NH1]-[*:2]>>[*:1]-[NH1]-[CH0](-[*:2])(-[CH3])-[CH3],11,-2.0651999999999884,511.290508144,0.0863324301258007,5.265474259805651,-0.01834695322164,0.1254742598056513,23,72,-4.9,-4.1
CC(=O)N(O)C(=O)N[C@@H]([C@@H](O)[C@@H](O)[C@H](O)[C@H](O)CCC[C@H](F)C[C@H]1CCCN1)[C@H](O)CO,CC(=O)N(O)C(=O)NC(C)[C@H]([C@H](O)CO)[C@@H](O)[C@@H](O)[C@H](O)[C@H](O)CCC[C@H](F)C[C@H]1CCCN1,[*]N[*],[*]NC([*])C,[*:1]-[NH1]-[*:2]>>[*:1]-[NH1]-[CH1](-[*:2])-[CH3],43,-1.6142999999999956,497.27485808,0.0991523439791424,5.299076477038402,-0.0055270393682984,0.1590764770384023,23,73,-4.9,-4.6
CC(=O)N(O)C(=O)N[C@@H]([C@@H](O)[C@@H](O)[C@H](O)[C@H](O)CCC[C@H](F)C[C@H]1CCCN1)[C@H](O)CO,CC(=O)N(O)C(=O)C(C)N[C@H]([C@H](O)CO)[C@@H](O)[C@@H](O)[C@H](O)[C@H](O)CCC[C@H](F)C[C@H]1CCCN1,[*]N[*],[*]NC([*])C,[*:1]-[NH1]-[*:2]>>[*:1]-[NH1]-[CH1](-[*:2])-[CH3],43,-2.4552999999999887,497.27485808,0.0857634674474131,5.253964169346093,-0.0189159159000276,0.1139641693460928,23,74,-4.9,-5.0
CC(=O)N(O)C(=O)N[C@@H]([C@@H](O)[C@@H](O)[C@H](O)[C@H](O)CCC[C@H](F)C[C@H]1CCCN1)[C@H](O)CO,CC(=O)N(O)C(=O)N(CC(=O)O)[C@H]([C@H](O)CO)[C@@H](O)[C@@H](O)[C@H](O)[C@H](O)CCC[C@H](F)C[C@H]1CCCN1,[*]N[*],[*]N([*])CC(=O)O,[*:1]-[NH1]-[*:2]>>[*:1]-[NH0](-[*:2])-[CH2]-[CH0](=[OH0])-[OH1],56,-2.4533999999999896,527.249037256,0.0797545674063783,5.212231677189006,-0.0249248159410624,0.0722316771890065,23,75,-4.9,-5.4
CC(=O)N(O)C(=O)N[C@@H]([C@@H](O)[C@@H](O)[C@H](O)[C@H](O)CCC[C@H](F)C[C@H]1CCCN1)[C@H](O)CO,CC(=O)N(O)C(=O)N(CC(=O)O)[C@H]([C@H](O)CO)[C@@H](O)[C@@H](O)[C@H](O)[C@H](O)CCC[C@H](F)C[C@H]1CCCN1,[*]N[*],[*]N([*])CC(=O)O,[*:1]-[NH1]-[*:2]>>[*:1]-[NH0](-[*:2])-[CH2]-[CH0](=[OH0])-[OH1],56,-2.4533999999999896,527.249037256,0.0797545674063783,5.212231677189006,-0.0249248159410624,0.0722316771890065,23,76,-4.9,-5.2
CC(=O)N(O)C(=O)N[C@@H]([C@@H](O)[C@@H](O)[C@H](O)[C@H](O)CCC[C@H](F)C[C@H]1CCCN1)[C@H](O)CO,CC(=O)N(O)C(=O)[C@@H](C)N[C@H]([C@H](O)CO)[C@@H](O)[C@@H](O)[C@H](O)[C@H](O)CCC[C@H](F)C[C@H]1CCCN1,[*]N[*],[*]N[C@@H]([*])C,[*:1]-[NH1]-[*:2]>>[*:1]-[NH1]-[C@@H1](-[*:2])-[CH3],47,-2.4552999999999887,497.27485808,0.0857634674474131,5.253964169346093,-0.0189159159000276,0.1139641693460928,23,77,-4.9,-5.2
CC(=O)N(O)C(=O)N[C@@H]([C@@H](O)[C@@H](O)[C@H](O)[C@H](O)CCC[C@H](F)C[C@H]1CCCN1)[C@H](O)CO,CC(=O)N(O)C(=O)N[C@H]([C@H](O)CO)[C@@H](O)[C@@H](O)[C@H](O)[C@H](O)CCC[C@H](F)C[C@H]1CCCN[C@@H]1C,[*]N[*],[*]N[C@@H]([*])C,[*:1]-[NH1]-[*:2]>>[*:1]-[NH1]-[C@@H1](-[*:2])-[CH3],47,-1.614299999999995,497.2748580799999,0.1051297036754847,5.292805707807633,0.0004503203280439,0.1528057078076337,23,78,-4.9,-4.9
CC(=O)N(O)C(=O)N[C@@H]([C@@H](O)[C@@H](O)[C@H](O)[C@H](O)CCC[C@H](F)C[C@H]1CCCN1)[C@H](O)CO,CC(=O)N(O)C(=O)N[C@H]([C@H](O)CO)[C@@H](O)[C@@H](O)[C@H](O)[C@H](O)CCC[C@H](F)C[C@H]1CCCN1CCC#N,[*]N[*],[*]N([*])CCC#N,[*:1]-[NH1]-[*:2]>>[*:1]-[NH0](-[*:2])-[CH2]-[CH2]-[CH0]#[NH0],10,-1.6243199999999949,522.2701070479999,0.0901852713753636,5.162788564840829,-0.0144941119720771,0.0227885648408294,23,79,-4.9,-3.6
CC(=O)N(O)C(=O)N[C@@H]([C@@H](O)[C@@H](O)[C@H](O)[C@H](O)CCC[C@H](F)C[C@H]1CCCN1)[C@H](O)CO,CC(=O)N(O)C(=O)N[C@H]([C@H](O)CO)[C@@H](O)[C@@H](O)[C@H](O)[C@H](O)CCC[C@H](F)C[C@H]1CCCN1CCC#N,[*]N[*],[*]N([*])CCC#N,[*:1]-[NH1]-[*:2]>>[*:1]-[NH0](-[*:2])-[CH2]-[CH2]-[CH0]#[NH0],10,-1.6243199999999949,522.2701070479999,0.0901852713753636,5.162788564840829,-0.0144941119720771,0.0227885648408294,23,80,-4.9,-3.2
CC(=O)N(O)C(=O)N[C@@H]([C@@H](O)[C@@H](O)[C@H](O)[C@H](O)CCC[C@H](F)C[C@H]1CCCN1)[C@H](O)CO,CC(=O)N(O)C(=O)OCCOCCN[C@H]([C@H](O)CO)[C@@H](O)[C@@H](O)[C@H](O)[C@H](O)CCC[C@H](F)C[C@H]1CCCN1,[*]N[*],[*]OCCOCCN[*],[*:1]-[NH1]-[*:2]>>[*:1]-[OH0]-[CH2]-[CH2]-[OH0]-[CH2]-[CH2]-[NH1]-[*:2],19,-2.217199999999993,557.2959874479999,0.0467182255340333,5.190744788769205,-0.0579611578134074,0.0507447887692054,23,81,-4.9,-4.5
CC(=O)N(O)C(=O)N[C@@H]([C@@H](O)[C@@H](O)[C@H](O)[C@H](O)CCC[C@H](F)C[C@H]1CCCN1)[C@H](O)CO,CC(=O)N(O)C(=O)NCCOCCO[C@H]([C@H](O)CO)[C@@H](O)[C@@H](O)[C@H](O)[C@H](O)CCC[C@H](F)C[C@H]1CCCN1,[*]N[*],[*]OCCOCCN[*],[*:1]-[NH1]-[*:2]>>[*:1]-[OH0]-[CH2]-[CH2]-[OH0]-[CH2]-[CH2]-[NH1]-[*:2],19,-2.217199999999988,557.295987448,0.0468301411696464,5.106331644631789,-0.0578492421777944,-0.0336683553682108,23,82,-4.9,-3.6
CC(=O)N(O)C(=O)N[C@@H]([C@@H](O)[C@@H](O)[C@H](O)[C@H](O)CCC[C@H](F)C[C@H]1CCCN1)[C@H](O)CO,CC(=O)N(O)C(=O)N[C@H]([C@H](O)CO)[C@@H](O)[C@@H](O)[C@H](O)[C@H](O)CCC[C@H](F)C[C@H]1CCCN1CC(N)=O,[*]N[*],[*]N([*])CC(N)=O,[*:1]-[NH1]-[*:2]>>[*:1]-[NH0](-[*:2])-[CH2]-[CH0](-[NH2])=[OH0],20,-3.0526999999999958,526.2650216679998,0.0766924639999687,5.098417750063501,-0.027986919347472,-0.041582249936499,23,83,-4.9,-4.0
CC(=O)N(O)C(=O)N[C@@H]([C@@H](O)[C@@H](O)[C@H](O)[C@H](O)CCC[C@H](F)C[C@H]1CCCN1)[C@H](O)CO,CC(=O)N(O)C(=O)N(CC(N)=O)[C@H]([C@H](O)CO)[C@@H](O)[C@@H](O)[C@H](O)[C@H](O)CCC[C@H](F)C[C@H]1CCCN1,[*]N[*],[*]N([*])CC(N)=O,[*:1]-[NH1]-[*:2]>>[*:1]-[NH0](-[*:2])-[CH2]-[CH0](-[NH2])=[OH0],20,-3.052699999999991,526.2650216679999,0.0766924639999687,5.242553296622206,-0.027986919347472,0.1025532966222062,23,84,-4.9,-5.4
CC(=O)N(O)C(=O)N[C@@H]([C@@H](O)[C@@H](O)[C@H](O)[C@H](O)CCC[C@H](F)C[C@H]1CCCN1)[C@H](O)CO,CCCN1CCC[C@@H]1C[C@@H](F)CCC[C@@H](O)[C@@H](O)[C@H](O)[C@H](O)[C@H](NC(=O)N(O)C(C)=O)[C@H](O)CO,[*]N[*],[*]N([*])CCC,[*:1]-[NH1]-[*:2]>>[*:1]-[NH0](-[*:2])-[CH2]-[CH2]-[CH3],143,-1.127999999999996,511.2905081439999,0.0984694113320802,5.048338182558915,-0.0062099720153605,-0.0916618174410848,23,85,-4.9,-5.2
CC(=O)N(O)C(=O)N[C@@H]([C@@H](O)[C@@H](O)[C@H](O)[C@H](O)CCC[C@H](F)C[C@H]1CCCN1)[C@H](O)CO,CCCN(C(=O)N(O)C(C)=O)[C@H]([C@H](O)CO)[C@@H](O)[C@@H](O)[C@H](O)[C@H](O)CCC[C@H](F)C[C@H]1CCCN1,[*]N[*],[*]N([*])CCC,[*:1]-[NH1]-[*:2]>>[*:1]-[NH0](-[*:2])-[CH2]-[CH2]-[CH3],143,-1.1279999999999952,511.290508144,0.0984694113320802,5.1918170907475005,-0.0062099720153605,0.0518170907475008,23,86,-4.9,-5.1
CC(=O)N(O)C(=O)N[C@@H]([C@@H](O)[C@@H](O)[C@H](O)[C@H](O)CCC[C@H](F)C[C@H]1CCCN1)[C@H](O)CO,CC(=O)N(O)C(=O)N[C@H]([C@H](O)CO)[C@@H](O)[C@@H](O)[C@H](O)[C@H](O)CCC[C@H](F)C[C@H]1CCCOCCN1,[*]N[*],[*]OCCN[*],[*:1]-[NH1]-[*:2]>>[*:1]-[OH0]-[CH2]-[CH2]-[NH1]-[*:2],72,-2.233799999999995,513.2697726999999,0.0948981277435208,5.14785688273314,-0.0097812556039199,0.0078568827331402,23,87,-4.9,-5.1
CC(=O)N(O)C(=O)N[C@@H]([C@@H](O)[C@@H](O)[C@H](O)[C@H](O)CCC[C@H](F)C[C@H]1CCCN1)[C@H](O)CO,CC(=O)N(O)C(=O)N[C@H]([C@H](O)CO)[C@@H](O)[C@@H](O)[C@H](O)[C@H](O)CCC[C@H](F)C[C@H]1CCCOCCN1,[*]N[*],[*]OCCN[*],[*:1]-[NH1]-[*:2]>>[*:1]-[OH0]-[CH2]-[CH2]-[NH1]-[*:2],72,-2.233799999999995,513.2697726999999,0.0948981277435208,5.14785688273314,-0.0097812556039199,0.0078568827331402,23,88,-4.9,-5.6
CC(=O)N(O)C(=O)N[C@@H]([C@@H](O)[C@@H](O)[C@H](O)[C@H](O)CCC[C@H](F)C[C@H]1CCCN1)[C@H](O)CO,CC(=O)N(O)C(=O)N[C@H]([C@H](O)CO)[C@@H](O)[C@@H](O)[C@H](O)[C@H](O)CCC[C@H](F)C[C@H]1CCCN1S(C)(=O)=O,[*]N[*],[*]N([*])S(C)(=O)=O,[*:1]-[NH1]-[*:2]>>[*:1]-[NH0](-[*:2])-[SH0](-[CH3])(=[OH0])=[OH0],27,-2.578399999999996,547.2211082559999,0.0831558926504758,5.122167687181255,-0.021523490696965,-0.0178323128187445,23,89,-4.9,-4.8
CC(=O)N(O)C(=O)N[C@@H]([C@@H](O)[C@@H](O)[C@H](O)[C@H](O)CCC[C@H](F)C[C@H]1CCCN1)[C@H](O)CO,CC(=O)N(O)C(=O)N[C@H]([C@H](O)CO)[C@@H](O)[C@@H](O)[C@H](O)[C@H](O)CCC[C@H](F)C[C@H]1CCCN1S(C)(=O)=O,[*]N[*],[*]N([*])S(C)(=O)=O,[*:1]-[NH1]-[*:2]>>[*:1]-[NH0](-[*:2])-[SH0](-[CH3])(=[OH0])=[OH0],27,-2.578399999999996,547.2211082559999,0.0831558926504758,5.122167687181255,-0.021523490696965,-0.0178323128187445,23,90,-4.9,-4.6
CC(=O)N(O)C(=O)N[C@@H]([C@@H](O)[C@@H](O)[C@H](O)[C@H](O)CCC[C@H](F)C[C@H]1CCCN1)[C@H](O)CO,CC(=O)N(O)C(=O)N(C=O)[C@H]([C@H](O)CO)[C@@H](O)[C@@H](O)[C@H](O)[C@H](O)CCC[C@H](F)C[C@H]1CCCN1,[*]N[*],[*]N([*])C=O,[*:1]-[NH1]-[*:2]>>[*:1]-[NH0](-[*:2])-[CH1]=[OH0],18,-2.381599999999993,497.238472572,0.0720826615590727,5.373686105492853,-0.032596721788368,0.2336861054928531,23,91,-4.9,-5.7
CC(=O)N(O)C(=O)N[C@@H]([C@@H](O)[C@@H](O)[C@H](O)[C@H](O)CCC[C@H](F)C[C@H]1CCCN1)[C@H](O)CO,CC(=O)N(O)C(=O)N[C@H]([C@H](O)CO)[C@@H](O)[C@@H](O)[C@H](O)[C@H](O)CCC[C@H](F)C[C@H]1CCCN1C=O,[*]N[*],[*]N([*])C=O,[*:1]-[NH1]-[*:2]>>[*:1]-[NH0](-[*:2])-[CH1]=[OH0],18,-2.381599999999996,497.2384725719999,0.0724912693971412,5.289243028569775,-0.0321881139502995,0.1492430285697752,23,92,-4.9,-5.3
CC(=O)N(O)C(=O)N[C@@H]([C@@H](O)[C@@H](O)[C@H](O)[C@H](O)CCC[C@H](F)C[C@H]1CCCN1)[C@H](O)CO,CC(=O)N(O)C(=O)N(C1CCCCC1)[C@H]([C@H](O)CO)[C@@H](O)[C@@H](O)[C@H](O)[C@H](O)CCC[C@H](F)C[C@H]1CCCN1,[*]N[*],[*]N([*])C1CCCCC1,[*:1]-[NH1]-[*:2]>>[*:1]-[NH0](-[*:2])-[CH1]1-[CH2]-[CH2]-[CH2]-[CH2]-[CH2]-1,23,-0.2052999999999978,551.3218082719999,0.105762334929503,5.156508493026113,0.0010829515820622,0.0165084930261132,23,93,-4.9,-4.6
CC(=O)N(O)C(=O)N[C@@H]([C@@H](O)[C@@H](O)[C@H](O)[C@H](O)CCC[C@H](F)C[C@H]1CCCN1)[C@H](O)CO,CC(=O)N(O)C(=O)N(C1CCCCC1)[C@H]([C@H](O)CO)[C@@H](O)[C@@H](O)[C@H](O)[C@H](O)CCC[C@H](F)C[C@H]1CCCN1,[*]N[*],[*]N([*])C1CCCCC1,[*:1]-[NH1]-[*:2]>>[*:1]-[NH0](-[*:2])-[CH1]1-[CH2]-[CH2]-[CH2]-[CH2]-[CH2]-1,23,-0.2052999999999978,551.3218082719999,0.105762334929503,5.156508493026113,0.0010829515820622,0.0165084930261132,23,94,-4.9,-2.8
CC(=O)N(O)C(=O)N[C@@H]([C@@H](O)[C@@H](O)[C@H](O)[C@H](O)CCC[C@H](F)C[C@H]1CCCN1)[C@H](O)CO,CC(=O)N(O)C(=O)N[C@H]([C@H](O)CO)[C@@H](O)[C@@H](O)[C@H](O)[C@H](O)CCC[C@H](F)C[C@H]1CCCNCCCN1,[*]N[*],[*]NCCCN[*],[*:1]-[NH1]-[*:2]>>[*:1]-[NH1]-[CH2]-[CH2]-[CH2]-[NH1]-[*:2],19,-2.2706999999999957,526.3014071759999,0.0911698480898347,5.581421497972717,-0.013509535257606,0.4414214979727173,23,95,-4.9,-4.9
CC(=O)N(O)C(=O)N[C@@H]([C@@H](O)[C@@H](O)[C@H](O)[C@H](O)CCC[C@H](F)C[C@H]1CCCN1)[C@H](O)CO,CC(=O)N(O)C(=O)N[C@H]([C@H](O)CO)[C@@H](O)[C@@H](O)[C@H](O)[C@H](O)CCC[C@H](F)C[C@H]1CCCNCCCN1,[*]N[*],[*]NCCCN[*],[*:1]-[NH1]-[*:2]>>[*:1]-[NH1]-[CH2]-[CH2]-[CH2]-[NH1]-[*:2],19,-2.2706999999999957,526.3014071759999,0.0911698480898347,5.581421497972717,-0.013509535257606,0.4414214979727173,23,96,-4.9,-4.7
CC(=O)N(O)C(=O)N[C@@H]([C@@H](O)[C@@H](O)[C@H](O)[C@H](O)CCC[C@H](F)C[C@H]1CCCN1)[C@H](O)CO,CC(=O)N(O)C(=O)OC1CCN([C@H]([C@H](O)CO)[C@@H](O)[C@@H](O)[C@H](O)[C@H](O)CCC[C@H](F)C[C@H]2CCCN2)CC1,[*]N[*],[*]OC1CCN([*])CC1,[*:1]-[NH1]-[*:2]>>[*:1]-[OH0]-[CH1]1-[CH2]-[CH2]-[NH0](-[*:2])-[CH2]-[CH2]-1,17,-1.3589999999999949,553.301072828,0.0928320690830969,5.170248448216554,-0.0118473142643438,0.0302484482165539,23,97,-4.9,-2.1
CC(=O)N(O)C(=O)N[C@@H]([C@@H](O)[C@@H](O)[C@H](O)[C@H](O)CCC[C@H](F)C[C@H]1CCCN1)[C@H](O)CO,CC(=O)N(O)C(=O)N[C@H]([C@H](O)CO)[C@@H](O)[C@@H](O)[C@H](O)[C@H](O)CCC[C@H](F)C[C@H]1CCCOC2CCN1CC2,[*]N[*],[*]OC1CCN([*])CC1,[*:1]-[NH1]-[*:2]>>[*:1]-[OH0]-[CH1]1-[CH2]-[CH2]-[NH0](-[*:2])-[CH2]-[CH2]-1,17,-1.358999999999995,553.3010728279999,0.0988185648220993,6.35651403313909,-0.0058608185253414,1.216514033139091,23,98,-4.9,-4.0
CC(=O)N(O)C(=O)N[C@@H]([C@@H](O)[C@@H](O)[C@H](O)[C@H](O)CCC[C@H](F)C[C@H]1CCCN1)[C@H](O)CO,C#CCN1CCC[C@@H]1C[C@@H](F)CCC[C@@H](O)[C@@H](O)[C@H](O)[C@H](O)[C@H](NC(=O)N(O)C(C)=O)[C@H](O)CO,[*]N[*],[*]N([*])CC#C,[*:1]-[NH1]-[*:2]>>[*:1]-[NH0](-[*:2])-[CH2]-[CH0]#[CH1],14,-1.904799999999996,507.2592080159999,0.0747105271030784,5.238932723501842,-0.0299688562443623,0.098932723501842,23,99,-4.9,-5.1
O=c1ncnc([C@@H](O)CO)n1CCP(=O)(O)O,O=c1ncnc([C@H](O)CO)n1CCP(=O)(O)O,[*][C@@H](O)CO,[*][C@H](O)CO,[*:1]-[C@@H1](-[OH1])-[CH2]-[OH1]>>[*:1]-[C@H1](-[OH1])-[CH2]-[OH1],36,-2.158300000000001,265.04637173400005,0.440254354465774,3.903169652759916,0.0,0.0231696527599156,24,0,-6.4,-6.0
O=C(CCO)OP(=O)(O)O,CC(=O)OP(=O)(O)O,[*]C(=O)CCO,[*]C(C)=O,[*:1]-[CH0](=[OH0])-[CH2]-[CH2]-[OH1]>>[*:1]-[CH0](-[CH3])=[OH0],16,-0.3578,139.98745989,0.4856818953058855,3.0699520550112758,0.0164425311254253,0.0899520550112757,25,0,-6.3,-5.8
C[C@@H](S)NC[C@H](O)P(=O)(O)O,C[C@@H](S)CC[C@H](O)P(=O)(O)O,[*]N[*],[*]C[*],[*:1]-[NH1]-[*:2]>>[*:1]-[CH2]-[*:2],77,0.5809999999999997,200.027216526,0.3952256518621013,4.405716945396249,0.1584898775360762,-0.1942830546037512,26,0,-6.2,-6.4
C[C@@H](S)NC[C@H](O)P(=O)(O)O,C[C@@H](S)CC[C@H](O)P(=O)(O)O,[*]N[*],[*]C[*],[*:1]-[NH1]-[*:2]>>[*:1]-[CH2]-[*:2],77,0.5809999999999997,200.027216526,0.3952256518621013,4.405716945396249,0.1584898775360762,-0.1942830546037512,26,1,-6.2,-6.1
C[C@@H](S)NC[C@H](O)P(=O)(O)O,C[C@@H](S)CCC[C@H](O)P(=O)(O)O,[*]N[*],[*]CC[*],[*:1]-[NH1]-[*:2]>>[*:1]-[CH2]-[CH2]-[*:2],11,0.9710999999999996,214.04286659,0.4060203867341361,4.161738683327371,0.169284612408111,-0.4382613166726292,26,2,-6.2,-6.2
C[C@@H](S)NC[C@H](O)P(=O)(O)O,C[C@@H](S)CCC[C@H](O)P(=O)(O)O,[*]N[*],[*]CC[*],[*:1]-[NH1]-[*:2]>>[*:1]-[CH2]-[CH2]-[*:2],11,0.9710999999999996,214.04286659,0.4060203867341361,4.161738683327371,0.169284612408111,-0.4382613166726292,26,3,-6.2,-5.9
C[C@@H](S)NC[C@H](O)P(=O)(O)O,C[C@@H](S)OC[C@H](O)P(=O)(O)O,[*]N[*],[*]O[*],[*:1]-[NH1]-[*:2]>>[*:1]-[OH0]-[*:2],1876,-0.2250999999999999,202.006481082,0.2873171167365138,4.649988740268045,0.0505813424104887,0.0499887402680441,26,4,-6.2,-6.2
C[C@@H](S)NC[C@H](O)P(=O)(O)O,C[C@@H](S)OC[C@H](O)P(=O)(O)O,[*]N[*],[*]O[*],[*:1]-[NH1]-[*:2]>>[*:1]-[OH0]-[*:2],1876,-0.2251000000000001,202.006481082,0.2873171167365138,4.649988740268045,0.0505813424104887,0.0499887402680441,26,5,-6.2,-6.1
C[C@@H](S)NC[C@H](O)P(=O)(O)O,C[C@@H](S)C(=O)NC[C@H](O)P(=O)(O)O,[*]N[*],[*]NC([*])=O,[*:1]-[NH1]-[*:2]>>[*:1]-[NH1]-[CH0](-[*:2])=[OH0],131,-1.0830000000000004,229.017380114,0.3111105674702355,4.082276871928359,0.0743747931442104,-0.5177231280716414,26,6,-6.2,-5.6
C[C@@H](S)NC[C@H](O)P(=O)(O)O,C[C@@H](S)C(=O)NC[C@H](O)P(=O)(O)O,[*]N[*],[*]NC([*])=O,[*:1]-[NH1]-[*:2]>>[*:1]-[NH1]-[CH0](-[*:2])=[OH0],131,-1.0830000000000004,229.017380114,0.3111105674702355,4.082276871928359,0.0743747931442104,-0.5177231280716414,26,7,-6.2,-5.5
C[C@@H](S)NC[C@H](O)P(=O)(O)O,C[C@@H](S)N(C)C[C@H](O)P(=O)(O)O,[*]N[*],[*]N([*])C,[*:1]-[NH1]-[*:2]>>[*:1]-[NH0](-[*:2])-[CH3],2052,-0.3099000000000002,215.038115558,0.2936983965847171,4.58333067271729,0.0569626222586919,-0.0166693272827105,26,8,-6.2,-6.5
C[C@@H](S)NC[C@H](O)P(=O)(O)O,C[C@@H](S)N(C)C[C@H](O)P(=O)(O)O,[*]N[*],[*]N([*])C,[*:1]-[NH1]-[*:2]>>[*:1]-[NH0](-[*:2])-[CH3],2052,-0.3099000000000002,215.038115558,0.2936983965847171,4.58333067271729,0.0569626222586919,-0.0166693272827105,26,9,-6.2,-6.5
C[C@@H](S)NC[C@H](O)P(=O)(O)O,C[C@@H](S)OCC[C@H](O)P(=O)(O)O,[*]N[*],[*]OC[*],[*:1]-[NH1]-[*:2]>>[*:1]-[OH0]-[CH2]-[*:2],105,0.1649999999999999,216.022131146,0.298683340817659,4.498758683327371,0.0619475664916339,-0.1012413166726293,26,10,-6.2,-5.9
C[C@@H](S)NC[C@H](O)P(=O)(O)O,C[C@@H](S)COC[C@H](O)P(=O)(O)O,[*]N[*],[*]OC[*],[*:1]-[NH1]-[*:2]>>[*:1]-[OH0]-[CH2]-[*:2],105,-0.1826000000000001,216.022131146,0.3779984941064101,4.506424837173524,0.141262719780385,-0.0935751628264762,26,11,-6.2,-5.8
C[C@@H](S)NC[C@H](O)P(=O)(O)O,C[C@@H](S)CNC[C@H](O)P(=O)(O)O,[*]N[*],[*]NC[*],[*:1]-[NH1]-[*:2]>>[*:1]-[NH1]-[CH2]-[*:2],1418,-0.6095999999999999,215.038115558,0.3116757572228636,4.3510109910196775,0.0749399828968385,-0.248989008980323,26,12,-6.2,-6.1
C[C@@H](S)NC[C@H](O)P(=O)(O)O,C[C@@H](S)CNC[C@H](O)P(=O)(O)O,[*]N[*],[*]NC[*],[*:1]-[NH1]-[*:2]>>[*:1]-[NH1]-[CH2]-[*:2],1418,-0.6095999999999999,215.038115558,0.3116757572228636,4.3510109910196775,0.0749399828968385,-0.248989008980323,26,13,-6.2,-6.1
C[C@@H](S)NC[C@H](O)P(=O)(O)O,C[C@@H](S)N(C)CC[C@H](O)P(=O)(O)O,[*]N[*],[*]N(C)C[*],[*:1]-[NH1]-[*:2]>>[*:1]-[NH0](-[CH3])-[CH2]-[*:2],69,0.0801999999999997,229.053765622,0.3048283223040966,4.459329275774512,0.0680925479780715,-0.1406707242254885,26,14,-6.2,-6.4
C[C@@H](S)NC[C@H](O)P(=O)(O)O,C[C@@H](S)N(C)CC[C@H](O)P(=O)(O)O,[*]N[*],[*]N(C)C[*],[*:1]-[NH1]-[*:2]>>[*:1]-[NH0](-[CH3])-[CH2]-[*:2],69,0.0801999999999997,229.053765622,0.3048283223040966,4.459329275774512,0.0680925479780715,-0.1406707242254885,26,15,-6.2,-6.1
C[C@@H](S)NC[C@H](O)P(=O)(O)O,C[C@@H](S)C(=O)C[C@H](O)P(=O)(O)O,[*]N[*],[*]C([*])=O,[*:1]-[NH1]-[*:2]>>[*:1]-[CH0](-[*:2])=[OH0],41,-0.2400000000000001,214.006481082,0.3824681786955426,4.42259592470668,0.1457324043695175,-0.1774040752933201,26,16,-6.2,-6.6
C[C@@H](S)NC[C@H](O)P(=O)(O)O,C[C@@H](S)C(=O)C[C@H](O)P(=O)(O)O,[*]N[*],[*]C([*])=O,[*:1]-[NH1]-[*:2]>>[*:1]-[CH0](-[*:2])=[OH0],41,-0.2400000000000001,214.006481082,0.3824681786955426,4.42259592470668,0.1457324043695175,-0.1774040752933201,26,17,-6.2,-6.6
C[C@@H](S)NC[C@H](O)P(=O)(O)O,C[C@@H](S)NC(=O)OC[C@H](O)P(=O)(O)O,[*]N[*],[*]OC(=O)N[*],[*:1]-[NH1]-[*:2]>>[*:1]-[OH0]-[CH0](=[OH0])-[NH1]-[*:2],45,-0.5154999999999998,245.012294734,0.2584967002742909,4.20670825706222,0.0217609259482658,-0.3932917429377802,26,18,-6.2,-6.5
C[C@@H](S)NC[C@H](O)P(=O)(O)O,C[C@@H](S)OC(=O)NC[C@H](O)P(=O)(O)O,[*]N[*],[*]OC(=O)N[*],[*:1]-[NH1]-[*:2]>>[*:1]-[OH0]-[CH0](=[OH0])-[NH1]-[*:2],45,-0.5155000000000001,245.012294734,0.2584967002742909,4.221369355963319,0.0217609259482658,-0.3786306440366811,26,19,-6.2,-6.3
C[C@@H](S)NC[C@H](O)P(=O)(O)O,C[C@@H](S)CC(=O)NC[C@H](O)P(=O)(O)O,[*]N[*],[*]NC(=O)C[*],[*:1]-[NH1]-[*:2]>>[*:1]-[NH1]-[CH0](=[OH0])-[CH2]-[*:2],10,-0.6929000000000001,243.033030178,0.3242986337466838,4.017478806512768,0.0875628594206587,-0.5825211934872323,26,20,-6.2,-5.7
C[C@@H](S)NC[C@H](O)P(=O)(O)O,C[C@@H](S)NC(=O)CC[C@H](O)P(=O)(O)O,[*]N[*],[*]NC(=O)C[*],[*:1]-[NH1]-[*:2]>>[*:1]-[NH1]-[CH0](=[OH0])-[CH2]-[*:2],10,-0.3453000000000004,243.033030178,0.2577277082851833,4.087623421897385,0.0209919339591582,-0.5123765781026153,26,21,-6.2,-6.1
C[C@@H](S)NC[C@H](O)P(=O)(O)O,CCN(C[C@H](O)P(=O)(O)O)[C@@H](C)S,[*]N[*],[*]N([*])CC,[*:1]-[NH1]-[*:2]>>[*:1]-[NH0](-[*:2])-[CH2]-[CH3],549,0.0802,229.053765622,0.3048283223040966,4.454807641159128,0.0680925479780715,-0.1451923588408723,26,22,-6.2,-6.5
C[C@@H](S)NC[C@H](O)P(=O)(O)O,CCN(C[C@H](O)P(=O)(O)O)[C@@H](C)S,[*]N[*],[*]N([*])CC,[*:1]-[NH1]-[*:2]>>[*:1]-[NH0](-[*:2])-[CH2]-[CH3],549,0.0801999999999997,229.053765622,0.3048283223040966,4.454807641159128,0.0680925479780715,-0.1451923588408723,26,23,-6.2,-6.6
C[C@@H](S)NC[C@H](O)P(=O)(O)O,C[C@@H](S)OCCC[C@H](O)P(=O)(O)O,[*]N[*],[*]OCC[*],[*:1]-[NH1]-[*:2]>>[*:1]-[OH0]-[CH2]-[CH2]-[*:2],17,0.5550999999999997,230.03778121,0.2316156338641347,4.291452396403884,-0.0051201404618903,-0.308547603596117,26,24,-6.2,-5.9
C[C@@H](S)NC[C@H](O)P(=O)(O)O,C[C@@H](S)CCOC[C@H](O)P(=O)(O)O,[*]N[*],[*]OCC[*],[*:1]-[NH1]-[*:2]>>[*:1]-[OH0]-[CH2]-[CH2]-[*:2],17,0.2074999999999997,230.03778121,0.2974735116383226,4.294167081718568,0.0607377373122975,-0.3058329182814328,26,25,-6.2,-5.5
C[C@@H](S)NC[C@H](O)P(=O)(O)O,C[C@@H](S)N1CCN(C[C@H](O)P(=O)(O)O)CC1,[*]N[*],[*]N1CCN([*])CC1,[*:1]-[NH1]-[*:2]>>[*:1]-[NH0]1-[CH2]-[CH2]-[NH0](-[*:2])-[CH2]-[CH2]-1,225,-0.6240999999999999,270.080314718,0.402252494263647,3.899157025839294,0.1655167199376219,-0.7008429741607065,26,26,-6.2,-4.6
C[C@@H](S)NC[C@H](O)P(=O)(O)O,C[C@@H](S)N1CCN(C[C@H](O)P(=O)(O)O)CC1,[*]N[*],[*]N1CCN([*])CC1,[*:1]-[NH1]-[*:2]>>[*:1]-[NH0]1-[CH2]-[CH2]-[NH0](-[*:2])-[CH2]-[CH2]-1,225,-0.6240999999999999,270.080314718,0.402252494263647,3.899157025839294,0.1655167199376219,-0.7008429741607065,26,27,-6.2,-4.6
C[C@@H](S)NC[C@H](O)P(=O)(O)O,C[C@@H](S)CCN(C)C[C@H](O)P(=O)(O)O,[*]N[*],[*]N(C)CC[*],[*:1]-[NH1]-[*:2]>>[*:1]-[NH0](-[CH3])-[CH2]-[CH2]-[*:2],10,0.1227000000000002,243.069415686,0.3934767210140082,4.270550894424858,0.1567409466879831,-0.3294491055751427,26,28,-6.2,-5.7
C[C@@H](S)NC[C@H](O)P(=O)(O)O,C[C@@H](S)N(C)CCC[C@H](O)P(=O)(O)O,[*]N[*],[*]N(C)CC[*],[*:1]-[NH1]-[*:2]>>[*:1]-[NH0](-[CH3])-[CH2]-[CH2]-[*:2],10,0.4702999999999998,243.069415686,0.309637257324048,4.296502542776505,0.0729014829980229,-0.3034974572234956,26,29,-6.2,-5.6
C[C@@H](S)NC[C@H](O)P(=O)(O)O,CC(=O)N(C[C@H](O)P(=O)(O)O)[C@@H](C)S,[*]N[*],[*]N([*])C(C)=O,[*:1]-[NH1]-[*:2]>>[*:1]-[NH0](-[*:2])-[CH0](-[CH3])=[OH0],56,-0.3932000000000001,243.033030178,0.3060038194985405,4.401175626163706,0.0692680451725154,-0.1988243738362944,26,30,-6.2,-6.5
C[C@@H](S)NC[C@H](O)P(=O)(O)O,CC(=O)N(C[C@H](O)P(=O)(O)O)[C@@H](C)S,[*]N[*],[*]N([*])C(C)=O,[*:1]-[NH1]-[*:2]>>[*:1]-[NH0](-[*:2])-[CH0](-[CH3])=[OH0],56,-0.3932000000000001,243.033030178,0.3060038194985405,4.401175626163706,0.0692680451725154,-0.1988243738362944,26,31,-6.2,-6.5
C[C@@H](S)NC[C@H](O)P(=O)(O)O,C[C@@H](S)N(C[C@H](O)P(=O)(O)O)C1CC1,[*]N[*],[*]N([*])C1CC1,[*:1]-[NH1]-[*:2]>>[*:1]-[NH0](-[*:2])-[CH1]1-[CH2]-[CH2]-1,32,0.2226999999999996,241.053765622,0.3144435349103886,4.389754410908374,0.0777077605843635,-0.2102455890916266,26,32,-6.2,-6.1
C[C@@H](S)NC[C@H](O)P(=O)(O)O,C[C@@H](S)N(C[C@H](O)P(=O)(O)O)C1CC1,[*]N[*],[*]N([*])C1CC1,[*:1]-[NH1]-[*:2]>>[*:1]-[NH0](-[*:2])-[CH1]1-[CH2]-[CH2]-1,32,0.2226999999999998,241.053765622,0.3144435349103886,4.389754410908374,0.0777077605843635,-0.2102455890916266,26,33,-6.2,-6.1
C[C@@H](S)NC[C@H](O)P(=O)(O)O,C[C@@H](S)NCCC[C@H](O)P(=O)(O)O,[*]N[*],[*]NCC[*],[*:1]-[NH1]-[*:2]>>[*:1]-[NH1]-[CH2]-[CH2]-[*:2],333,0.1280999999999997,229.053765622,0.1932080498776942,4.267955892907381,-0.0435277244483308,-0.3320441070926199,26,34,-6.2,-6.2
C[C@@H](S)NC[C@H](O)P(=O)(O)O,C[C@@H](S)NCCC[C@H](O)P(=O)(O)O,[*]N[*],[*]NCC[*],[*:1]-[NH1]-[*:2]>>[*:1]-[NH1]-[CH2]-[CH2]-[*:2],333,0.1280999999999997,229.053765622,0.1932080498776942,4.267955892907381,-0.0435277244483308,-0.3320441070926199,26,35,-6.2,-6.2
C[C@@H](S)NC[C@H](O)P(=O)(O)O,C[C@@H](S)SC[C@H](O)P(=O)(O)O,[*]N[*],[*]S[*],[*:1]-[NH1]-[*:2]>>[*:1]-[SH0]-[*:2],221,0.4914999999999999,217.983637462,0.313695663468351,4.769865663344968,0.0769598891423258,0.1698656633449671,26,36,-6.2,-6.2
C[C@@H](S)NC[C@H](O)P(=O)(O)O,C[C@@H](S)SC[C@H](O)P(=O)(O)O,[*]N[*],[*]S[*],[*:1]-[NH1]-[*:2]>>[*:1]-[SH0]-[*:2],221,0.4914999999999999,217.983637462,0.313695663468351,4.769865663344968,0.0769598891423258,0.1698656633449671,26,37,-6.2,-6.2
C[C@@H](S)NC[C@H](O)P(=O)(O)O,C[C@@H](S)C(O)C[C@H](O)P(=O)(O)O,[*]N[*],[*]C([*])O,[*:1]-[NH1]-[*:2]>>[*:1]-[CH1](-[*:2])-[OH1],16,-0.4482000000000001,216.022131146,0.3237494461820219,4.647339215182894,0.0870136718559967,0.0473392151828937,26,38,-6.2,-6.8
C[C@@H](S)NC[C@H](O)P(=O)(O)O,C[C@@H](S)C(O)C[C@H](O)P(=O)(O)O,[*]N[*],[*]C([*])O,[*:1]-[NH1]-[*:2]>>[*:1]-[CH1](-[*:2])-[OH1],16,-0.4482000000000001,216.022131146,0.3237494461820219,4.647339215182894,0.0870136718559967,0.0473392151828937,26,39,-6.2,-6.8
C[C@@H](S)NC[C@H](O)P(=O)(O)O,C[C@@H](S)N(C[C@H](O)P(=O)(O)O)C1CCC1,[*]N[*],[*]N([*])C1CCC1,[*:1]-[NH1]-[*:2]>>[*:1]-[NH0](-[*:2])-[CH1]1-[CH2]-[CH2]-[CH2]-1,10,0.6127999999999996,255.069415686,0.3287078678658736,4.262998580804421,0.0919720935398485,-0.3370014191955794,26,40,-6.2,-5.9
C[C@@H](S)NC[C@H](O)P(=O)(O)O,C[C@@H](S)N(C[C@H](O)P(=O)(O)O)C1CCC1,[*]N[*],[*]N([*])C1CCC1,[*:1]-[NH1]-[*:2]>>[*:1]-[NH0](-[*:2])-[CH1]1-[CH2]-[CH2]-[CH2]-1,10,0.6127999999999998,255.069415686,0.3287078678658736,4.262998580804421,0.0919720935398485,-0.3370014191955794,26,41,-6.2,-5.9
C[C@@H](S)NC[C@H](O)P(=O)(O)O,C[C@@H](S)N1CCCN(C[C@H](O)P(=O)(O)O)CC1,[*]N[*],[*]N1CCCN([*])CC1,[*:1]-[NH1]-[*:2]>>[*:1]-[NH0]1-[CH2]-[CH2]-[CH2]-[NH0](-[*:2])-[CH2]-[CH2]-1,10,-0.2339999999999999,284.095964782,0.4213662900256048,3.859237549913935,0.1846305156995797,-0.7407624500860654,26,42,-6.2,-3.6
C[C@@H](S)NC[C@H](O)P(=O)(O)O,C[C@@H](S)N1CCCN(C[C@H](O)P(=O)(O)O)CC1,[*]N[*],[*]N1CCCN([*])CC1,[*:1]-[NH1]-[*:2]>>[*:1]-[NH0]1-[CH2]-[CH2]-[CH2]-[NH0](-[*:2])-[CH2]-[CH2]-1,10,-0.2340000000000002,284.095964782,0.4213662900256048,3.859237549913935,0.1846305156995797,-0.7407624500860654,26,43,-6.2,-4.2
C[C@@H](S)NC[C@H](O)P(=O)(O)O,C[C@@H](S)CSC[C@H](O)P(=O)(O)O,[*]N[*],[*]CS[*],[*:1]-[NH1]-[*:2]>>[*:1]-[CH2]-[SH0]-[*:2],12,0.5339999999999996,231.999287526,0.4107682509379572,4.537089452558139,0.1740324766119321,-0.0629105474418612,26,44,-6.2,-5.8
C[C@@H](S)NC[C@H](O)P(=O)(O)O,C[C@@H](S)CSC[C@H](O)P(=O)(O)O,[*]N[*],[*]CS[*],[*:1]-[NH1]-[*:2]>>[*:1]-[CH2]-[SH0]-[*:2],12,0.5339999999999996,231.999287526,0.4107682509379572,4.537089452558139,0.1740324766119321,-0.0629105474418612,26,45,-6.2,-5.5
C[C@@H](S)NC[C@H](O)P(=O)(O)O,C[C@@H](S)NC(=O)NC[C@H](O)P(=O)(O)O,[*]N[*],[*]NC(=O)N[*],[*:1]-[NH1]-[*:2]>>[*:1]-[NH1]-[CH0](=[OH0])-[NH1]-[*:2],40,-0.9425,244.028279146,0.2165370905975265,4.145472652666616,-0.0201986837284986,-0.4545273473333848,26,46,-6.2,-7.0
C[C@@H](S)NC[C@H](O)P(=O)(O)O,C[C@@H](S)NC(=O)NC[C@H](O)P(=O)(O)O,[*]N[*],[*]NC(=O)N[*],[*:1]-[NH1]-[*:2]>>[*:1]-[NH1]-[CH0](=[OH0])-[NH1]-[*:2],40,-0.9425,244.028279146,0.2165370905975265,4.145472652666616,-0.0201986837284986,-0.4545273473333848,26,47,-6.2,-6.5
C[C@@H](S)NC[C@H](O)P(=O)(O)O,CC(C)N(C[C@H](O)P(=O)(O)O)[C@@H](C)S,[*]N[*],[*]N([*])C(C)C,[*:1]-[NH1]-[*:2]>>[*:1]-[NH0](-[*:2])-[CH1](-[CH3])-[CH3],95,0.4686999999999997,243.069415686,0.3204648941889856,4.400927209874114,0.0837291198629605,-0.1990727901258866,26,48,-6.2,-5.8
C[C@@H](S)NC[C@H](O)P(=O)(O)O,CC(C)N(C[C@H](O)P(=O)(O)O)[C@@H](C)S,[*]N[*],[*]N([*])C(C)C,[*:1]-[NH1]-[*:2]>>[*:1]-[NH0](-[*:2])-[CH1](-[CH3])-[CH3],95,0.4686999999999995,243.069415686,0.3204648941889856,4.400927209874114,0.0837291198629605,-0.1990727901258866,26,49,-6.2,-5.8
C[C@@H](S)NC[C@H](O)P(=O)(O)O,C[C@@H](S)N1CCC(C[C@H](O)P(=O)(O)O)CC1,[*]N[*],[*]N1CCC([*])CC1,[*:1]-[NH1]-[*:2]>>[*:1]-[NH0]1-[CH2]-[CH2]-[CH1](-[*:2])-[CH2]-[CH2]-1,24,0.8603999999999996,269.08506575,0.4494480664270313,4.012939443421711,0.2127122921010062,-0.5870605565782894,26,50,-6.2,-4.9
C[C@@H](S)NC[C@H](O)P(=O)(O)O,C[C@@H](S)C1CCN(C[C@H](O)P(=O)(O)O)CC1,[*]N[*],[*]N1CCC([*])CC1,[*:1]-[NH1]-[*:2]>>[*:1]-[NH0]1-[CH2]-[CH2]-[CH1](-[*:2])-[CH2]-[CH2]-1,24,0.5127999999999999,269.08506575,0.4416061210274682,3.949603179685448,0.2048703467014431,-0.6503968203145529,26,51,-6.2,-4.8
C[C@@H](S)NC[C@H](O)P(=O)(O)O,C[C@@H](S)OC1CN(C[C@H](O)P(=O)(O)O)C1,[*]N[*],[*]OC1CN([*])C1,[*:1]-[NH1]-[*:2]>>[*:1]-[OH0]-[CH1]1-[CH2]-[NH0](-[*:2])-[CH2]-1,10,-0.5409000000000002,257.04868024200005,0.3003194994464621,4.3587374472011815,0.063583725120437,-0.241262552798819,26,52,-6.2,-5.3
C[C@@H](S)NC[C@H](O)P(=O)(O)O,C[C@@H](S)N1CC(OC[C@H](O)P(=O)(O)O)C1,[*]N[*],[*]OC1CN([*])C1,[*:1]-[NH1]-[*:2]>>[*:1]-[OH0]-[CH1]1-[CH2]-[NH0](-[*:2])-[CH2]-1,10,-0.5409000000000002,257.048680242,0.390493922217162,4.392616799427903,0.1537581478911369,-0.2073832005720977,26,53,-6.2,-5.2
C[C@@H](S)NC[C@H](O)P(=O)(O)O,C[C@@H](S)N1CCN(CC[C@H](O)P(=O)(O)O)CC1,[*]N[*],[*]N1CCN(C[*])CC1,[*:1]-[NH1]-[*:2]>>[*:1]-[NH0]1-[CH2]-[CH2]-[NH0](-[CH2]-[*:2])-[CH2]-[CH2]-1,34,-0.2340000000000002,284.095964782,0.4120655413148369,3.860766780683165,0.1753297669888118,-0.7392332193168354,26,54,-6.2,-5.3
C[C@@H](S)NC[C@H](O)P(=O)(O)O,C[C@@H](S)CN1CCN(C[C@H](O)P(=O)(O)O)CC1,[*]N[*],[*]N1CCN(C[*])CC1,[*:1]-[NH1]-[*:2]>>[*:1]-[NH0]1-[CH2]-[CH2]-[NH0](-[CH2]-[*:2])-[CH2]-[CH2]-1,34,-0.5815999999999995,284.095964782,0.3991967533967452,3.754305242221628,0.1624609790707201,-0.8456947577783724,26,55,-6.2,-4.1
C[C@@H](S)NC[C@H](O)P(=O)(O)O,C[C@@H](S)N(CCO)C[C@H](O)P(=O)(O)O,[*]N[*],[*]N([*])CCO,[*:1]-[NH1]-[*:2]>>[*:1]-[NH0](-[*:2])-[CH2]-[CH2]-[OH1],109,-0.9474000000000002,245.048680242,0.2349315647020101,4.443346938380902,-0.001804209624015,-0.1566530616190986,26,56,-6.2,-6.6
C[C@@H](S)NC[C@H](O)P(=O)(O)O,C[C@@H](S)N(CCO)C[C@H](O)P(=O)(O)O,[*]N[*],[*]N([*])CCO,[*:1]-[NH1]-[*:2]>>[*:1]-[NH0](-[*:2])-[CH2]-[CH2]-[OH1],109,-0.9474000000000002,245.048680242,0.2349315647020101,4.443346938380902,-0.001804209624015,-0.1566530616190986,26,57,-6.2,-6.7
C[C@@H](S)NC[C@H](O)P(=O)(O)O,CCC(=O)N(C[C@H](O)P(=O)(O)O)[C@@H](C)S,[*]N[*],[*]N([*])C(=O)CC,[*:1]-[NH1]-[*:2]>>[*:1]-[NH0](-[*:2])-[CH0](=[OH0])-[CH2]-[CH3],13,-0.0031000000000002,257.04868024200005,0.3154986502596906,4.302422007875216,0.0787628759336654,-0.2975779921247845,26,58,-6.2,-6.5
C[C@@H](S)NC[C@H](O)P(=O)(O)O,CCC(=O)N(C[C@H](O)P(=O)(O)O)[C@@H](C)S,[*]N[*],[*]N([*])C(=O)CC,[*:1]-[NH1]-[*:2]>>[*:1]-[NH0](-[*:2])-[CH0](=[OH0])-[CH2]-[CH3],13,-0.0031000000000002,257.04868024200005,0.3154986502596906,4.302422007875216,0.0787628759336654,-0.2975779921247845,26,59,-6.2,-6.5
C[C@@H](S)NC[C@H](O)P(=O)(O)O,C[C@@H](C[C@H](O)P(=O)(O)O)N[C@@H](C)S,[*]N[*],[*]N[C@H]([*])C,[*:1]-[NH1]-[*:2]>>[*:1]-[NH1]-[C@H1](-[*:2])-[CH3],44,0.1264999999999997,229.053765622,0.26246942823961,4.644895411078314,0.0257336539135848,0.044895411078313,26,60,-6.2,-6.1
C[C@@H](S)NC[C@H](O)P(=O)(O)O,C[C@@H](C[C@H](O)P(=O)(O)O)N[C@@H](C)S,[*]N[*],[*]N[C@H]([*])C,[*:1]-[NH1]-[*:2]>>[*:1]-[NH1]-[C@H1](-[*:2])-[CH3],44,0.1264999999999997,229.053765622,0.26246942823961,4.644895411078314,0.0257336539135848,0.044895411078313,26,61,-6.2,-6.0
C[C@@H](S)NC[C@H](O)P(=O)(O)O,C[C@@H](S)N1CCC(C[C@H](O)P(=O)(O)O)C1,[*]N[*],[*]N1CCC([*])C1,[*:1]-[NH1]-[*:2]>>[*:1]-[NH0]1-[CH2]-[CH2]-[CH1](-[*:2])-[CH2]-1,10,0.4702999999999998,255.069415686,0.4335638179624744,4.437794881944409,0.1968280436364493,-0.1622051180555912,26,62,-6.2,-5.2
C[C@@H](S)NC[C@H](O)P(=O)(O)O,C[C@@H](S)C1CCN(C[C@H](O)P(=O)(O)O)C1,[*]N[*],[*]N1CCC([*])C1,[*:1]-[NH1]-[*:2]>>[*:1]-[NH0]1-[CH2]-[CH2]-[CH1](-[*:2])-[CH2]-1,10,0.1227000000000002,255.069415686,0.4237289299713039,4.3175179588674855,0.1869931556452788,-0.282482041132515,26,63,-6.2,-4.9
C[C@@H](S)NC[C@H](O)P(=O)(O)O,C[C@@H](S)N1CCN(C(=O)OC[C@H](O)P(=O)(O)O)CC1,[*]N[*],[*]OC(=O)N1CCN([*])CC1,[*:1]-[NH1]-[*:2]>>[*:1]-[OH0]-[CH0](=[OH0])-[NH0]1-[CH2]-[CH2]-[NH0](-[*:2])-[CH2]-[CH2]-1,10,-0.4874999999999997,314.0701439580001,0.4093183885459333,3.862803603905589,0.1725826142199081,-0.7371963960944115,26,64,-6.2,-4.5
C[C@@H](S)NC[C@H](O)P(=O)(O)O,C[C@@H](S)OC(=O)N1CCN(C[C@H](O)P(=O)(O)O)CC1,[*]N[*],[*]OC(=O)N1CCN([*])CC1,[*:1]-[NH1]-[*:2]>>[*:1]-[OH0]-[CH0](=[OH0])-[NH0]1-[CH2]-[CH2]-[NH0](-[*:2])-[CH2]-[CH2]-1,10,-0.4875,314.070143958,0.3147969445065658,3.737565142367126,0.0780611701805407,-0.8624348576328744,26,65,-6.2,-5.1
C[C@@H](S)NC[C@H](O)P(=O)(O)O,C[C@@H](S)C(=O)N1CCN(C[C@H](O)P(=O)(O)O)CC1,[*]N[*],[*]N1CCN(C([*])=O)CC1,[*:1]-[NH1]-[*:2]>>[*:1]-[NH0]1-[CH2]-[CH2]-[NH0](-[CH0](-[*:2])=[OH0])-[CH2]-[CH2]-1,11,-1.055,298.07522933800004,0.3899951798635059,3.682945346602118,0.1532594055374808,-0.9170546533978828,26,66,-6.2,-3.9
C[C@@H](S)NC[C@H](O)P(=O)(O)O,C[C@@H](S)N1CCN(C(=O)C[C@H](O)P(=O)(O)O)CC1,[*]N[*],[*]N1CCN(C([*])=O)CC1,[*:1]-[NH1]-[*:2]>>[*:1]-[NH0]1-[CH2]-[CH2]-[NH0](-[CH0](-[*:2])=[OH0])-[CH2]-[CH2]-1,11,-0.7074000000000003,298.075229338,0.4040601444193085,3.837268096192954,0.1673243700932833,-0.7627319038070466,26,67,-6.2,-4.8
C[C@@H](S)NC[C@H](O)P(=O)(O)O,C[C@@H](S)C(C)(C)NC[C@H](O)P(=O)(O)O,[*]N[*],[*]NC([*])(C)C,[*:1]-[NH1]-[*:2]>>[*:1]-[NH1]-[CH0](-[*:2])(-[CH3])-[CH3],11,0.1689999999999995,243.069415686,0.3506529638484785,4.549451644263254,0.1139171895224534,-0.0505483557367467,26,68,-6.2,-5.6
C[C@@H](S)NC[C@H](O)P(=O)(O)O,C[C@@H](S)NC(C)(C)C[C@H](O)P(=O)(O)O,[*]N[*],[*]NC([*])(C)C,[*:1]-[NH1]-[*:2]>>[*:1]-[NH1]-[CH0](-[*:2])(-[CH3])-[CH3],11,0.5165999999999995,243.069415686,0.2757614680763142,4.580528114851489,0.0390256937502891,-0.0194718851485111,26,69,-6.2,-6.4
C[C@@H](S)NC[C@H](O)P(=O)(O)O,CC(NC[C@H](O)P(=O)(O)O)[C@@H](C)S,[*]N[*],[*]NC([*])C,[*:1]-[NH1]-[*:2]>>[*:1]-[NH1]-[CH1](-[*:2])-[CH3],43,-0.2211000000000003,229.053765622,0.3320037010387397,4.635315603386005,0.0952679267127146,0.035315603386004,26,70,-6.2,-6.3
C[C@@H](S)NC[C@H](O)P(=O)(O)O,CC(NC[C@H](O)P(=O)(O)O)[C@@H](C)S,[*]N[*],[*]NC([*])C,[*:1]-[NH1]-[*:2]>>[*:1]-[NH1]-[CH1](-[*:2])-[CH3],43,-0.2211000000000003,229.053765622,0.3320037010387397,4.635315603386005,0.0952679267127146,0.035315603386004,26,71,-6.2,-6.4
C[C@@H](S)NC[C@H](O)P(=O)(O)O,C[C@@H](S)N(CC(=O)O)C[C@H](O)P(=O)(O)O,[*]N[*],[*]N([*])CC(=O)O,[*:1]-[NH1]-[*:2]>>[*:1]-[NH0](-[*:2])-[CH2]-[CH0](=[OH0])-[OH1],56,-0.8551000000000004,259.027944798,0.2392352305170626,4.292460261513471,0.0024994561910375,-0.3075397384865299,26,72,-6.2,-6.5
C[C@@H](S)NC[C@H](O)P(=O)(O)O,C[C@@H](S)N(CC(=O)O)C[C@H](O)P(=O)(O)O,[*]N[*],[*]N([*])CC(=O)O,[*:1]-[NH1]-[*:2]>>[*:1]-[NH0](-[*:2])-[CH2]-[CH0](=[OH0])-[OH1],56,-0.8551000000000004,259.027944798,0.2392352305170626,4.292460261513471,0.0024994561910375,-0.3075397384865299,26,73,-6.2,-6.5
C[C@@H](S)NC[C@H](O)P(=O)(O)O,C[C@@H](S)[C@@H](C)NC[C@H](O)P(=O)(O)O,[*]N[*],[*]N[C@@H]([*])C,[*:1]-[NH1]-[*:2]>>[*:1]-[NH1]-[C@@H1](-[*:2])-[CH3],47,-0.2211000000000003,229.053765622,0.3320037010387397,4.635315603386005,0.0952679267127146,0.035315603386004,26,74,-6.2,-6.0
C[C@@H](S)NC[C@H](O)P(=O)(O)O,C[C@@H](S)[C@@H](C)NC[C@H](O)P(=O)(O)O,[*]N[*],[*]N[C@@H]([*])C,[*:1]-[NH1]-[*:2]>>[*:1]-[NH1]-[C@@H1](-[*:2])-[CH3],47,-0.2211000000000003,229.053765622,0.3320037010387397,4.635315603386005,0.0952679267127146,0.035315603386004,26,75,-6.2,-6.1
C[C@@H](S)NC[C@H](O)P(=O)(O)O,C[C@@H](S)N(CCC#N)C[C@H](O)P(=O)(O)O,[*]N[*],[*]N([*])CCC#N,[*:1]-[NH1]-[*:2]>>[*:1]-[NH0](-[*:2])-[CH2]-[CH2]-[CH0]#[NH0],10,-0.0260200000000002,254.04901459,0.3013565501647944,4.486307892545312,0.0646207758387693,-0.113692107454689,26,76,-6.2,-6.0
C[C@@H](S)NC[C@H](O)P(=O)(O)O,C[C@@H](S)N(CCC#N)C[C@H](O)P(=O)(O)O,[*]N[*],[*]N([*])CCC#N,[*:1]-[NH1]-[*:2]>>[*:1]-[NH0](-[*:2])-[CH2]-[CH2]-[CH0]#[NH0],10,-0.0260200000000001,254.04901459,0.3013565501647944,4.486307892545312,0.0646207758387693,-0.113692107454689,26,77,-6.2,-6.0
C[C@@H](S)NC[C@H](O)P(=O)(O)O,C[C@@H](S)OCCOCCNC[C@H](O)P(=O)(O)O,[*]N[*],[*]OCCOCCN[*],[*:1]-[NH1]-[*:2]>>[*:1]-[OH0]-[CH2]-[CH2]-[OH0]-[CH2]-[CH2]-[NH1]-[*:2],19,-0.6189,289.07489499,0.1578072484966042,4.097539088375473,-0.0789285258294208,-0.5024609116245271,26,78,-6.2,-5.9
C[C@@H](S)NC[C@H](O)P(=O)(O)O,C[C@@H](S)OCCOCCNC[C@H](O)P(=O)(O)O,[*]N[*],[*]OCCOCCN[*],[*:1]-[NH1]-[*:2]>>[*:1]-[OH0]-[CH2]-[CH2]-[OH0]-[CH2]-[CH2]-[NH1]-[*:2],19,-0.6189,289.07489499,0.1578072484966042,4.097539088375473,-0.0789285258294208,-0.5024609116245271,26,79,-6.2,-5.7
C[C@@H](S)NC[C@H](O)P(=O)(O)O,C[C@@H](S)N(CC(N)=O)C[C@H](O)P(=O)(O)O,[*]N[*],[*]N([*])CC(N)=O,[*:1]-[NH1]-[*:2]>>[*:1]-[NH0](-[*:2])-[CH2]-[CH0](-[NH2])=[OH0],20,-1.4543999999999997,258.04392921000004,0.2253430392911135,4.367207039060247,-0.0113927350349116,-0.2327929609397534,26,80,-6.2,-6.7
C[C@@H](S)NC[C@H](O)P(=O)(O)O,C[C@@H](S)N(CC(N)=O)C[C@H](O)P(=O)(O)O,[*]N[*],[*]N([*])CC(N)=O,[*:1]-[NH1]-[*:2]>>[*:1]-[NH0](-[*:2])-[CH2]-[CH0](-[NH2])=[OH0],20,-1.4543999999999997,258.04392921000004,0.2253430392911135,4.367207039060247,-0.0113927350349116,-0.2327929609397534,26,81,-6.2,-6.5
C[C@@H](S)NC[C@H](O)P(=O)(O)O,CCCN(C[C@H](O)P(=O)(O)O)[C@@H](C)S,[*]N[*],[*]N([*])CCC,[*:1]-[NH1]-[*:2]>>[*:1]-[NH0](-[*:2])-[CH2]-[CH2]-[CH3],143,0.4702999999999998,243.069415686,0.309637257324048,4.341352213106175,0.0729014829980229,-0.2586477868938255,26,82,-6.2,-6.3
C[C@@H](S)NC[C@H](O)P(=O)(O)O,CCCN(C[C@H](O)P(=O)(O)O)[C@@H](C)S,[*]N[*],[*]N([*])CCC,[*:1]-[NH1]-[*:2]>>[*:1]-[NH0](-[*:2])-[CH2]-[CH2]-[CH3],143,0.4702999999999998,243.069415686,0.309637257324048,4.341352213106175,0.0729014829980229,-0.2586477868938255,26,83,-6.2,-6.1
C[C@@H](S)NC[C@H](O)P(=O)(O)O,C[C@@H](S)OCCNC[C@H](O)P(=O)(O)O,[*]N[*],[*]OCCN[*],[*:1]-[NH1]-[*:2]>>[*:1]-[OH0]-[CH2]-[CH2]-[NH1]-[*:2],72,-0.6355000000000002,245.048680242,0.1771012217580981,4.308290784534748,-0.059634552567927,-0.2917092154652527,26,84,-6.2,-6.0
C[C@@H](S)NC[C@H](O)P(=O)(O)O,C[C@@H](S)OCCNC[C@H](O)P(=O)(O)O,[*]N[*],[*]OCCN[*],[*:1]-[NH1]-[*:2]>>[*:1]-[OH0]-[CH2]-[CH2]-[NH1]-[*:2],72,-0.6355000000000002,245.048680242,0.1771012217580981,4.308290784534748,-0.059634552567927,-0.2917092154652527,26,85,-6.2,-5.9
C[C@@H](S)NC[C@H](O)P(=O)(O)O,C[C@@H](S)N(C[C@H](O)P(=O)(O)O)S(C)(=O)=O,[*]N[*],[*]N([*])S(C)(=O)=O,[*:1]-[NH1]-[*:2]>>[*:1]-[NH0](-[*:2])-[SH0](-[CH3])(=[OH0])=[OH0],27,-0.9801000000000002,279.000015798,0.2919891959972717,4.411304856108066,0.0552534216712465,-0.1886951438919348,26,86,-6.2,-6.1
C[C@@H](S)NC[C@H](O)P(=O)(O)O,C[C@@H](S)N(C[C@H](O)P(=O)(O)O)S(C)(=O)=O,[*]N[*],[*]N([*])S(C)(=O)=O,[*:1]-[NH1]-[*:2]>>[*:1]-[NH0](-[*:2])-[SH0](-[CH3])(=[OH0])=[OH0],27,-0.9801000000000002,279.000015798,0.2919891959972717,4.411304856108066,0.0552534216712465,-0.1886951438919348,26,87,-6.2,-6.1
C[C@@H](S)NC[C@H](O)P(=O)(O)O,C[C@@H](S)N(C=O)C[C@H](O)P(=O)(O)O,[*]N[*],[*]N([*])C=O,[*:1]-[NH1]-[*:2]>>[*:1]-[NH0](-[*:2])-[CH1]=[OH0],18,-0.7833000000000001,229.017380114,0.2143743371359557,4.751647545005282,-0.0223614371900693,0.1516475450052814,26,88,-6.2,-6.6
C[C@@H](S)NC[C@H](O)P(=O)(O)O,C[C@@H](S)N(C=O)C[C@H](O)P(=O)(O)O,[*]N[*],[*]N([*])C=O,[*:1]-[NH1]-[*:2]>>[*:1]-[NH0](-[*:2])-[CH1]=[OH0],18,-0.7833000000000001,229.017380114,0.2143743371359557,4.751647545005282,-0.0223614371900693,0.1516475450052814,26,89,-6.2,-6.6
C[C@@H](S)NC[C@H](O)P(=O)(O)O,C[C@@H](S)N(C[C@H](O)P(=O)(O)O)C1CCCCC1,[*]N[*],[*]N([*])C1CCCCC1,[*:1]-[NH1]-[*:2]>>[*:1]-[NH0](-[*:2])-[CH1]1-[CH2]-[CH2]-[CH2]-[CH2]-[CH2]-1,23,1.3929999999999996,283.100715814,0.3482076669279665,4.009286780683166,0.1114718926019414,-0.590713219316835,26,90,-6.2,-4.7
C[C@@H](S)NC[C@H](O)P(=O)(O)O,C[C@@H](S)N(C[C@H](O)P(=O)(O)O)C1CCCCC1,[*]N[*],[*]N([*])C1CCCCC1,[*:1]-[NH1]-[*:2]>>[*:1]-[NH0](-[*:2])-[CH1]1-[CH2]-[CH2]-[CH2]-[CH2]-[CH2]-1,23,1.3929999999999996,283.100715814,0.3482076669279665,4.009286780683166,0.1114718926019414,-0.590713219316835,26,91,-6.2,-4.7
C[C@@H](S)NC[C@H](O)P(=O)(O)O,C[C@@H](S)NCCCNC[C@H](O)P(=O)(O)O,[*]N[*],[*]NCCCN[*],[*:1]-[NH1]-[*:2]>>[*:1]-[NH1]-[CH2]-[CH2]-[CH2]-[NH1]-[*:2],19,-0.6723999999999997,258.080314718,0.1493415764775046,4.17241698628558,-0.0873941978485204,-0.4275830137144201,26,92,-6.2,-6.4
C[C@@H](S)NC[C@H](O)P(=O)(O)O,C[C@@H](S)NCCCNC[C@H](O)P(=O)(O)O,[*]N[*],[*]NCCCN[*],[*:1]-[NH1]-[*:2]>>[*:1]-[NH1]-[CH2]-[CH2]-[CH2]-[NH1]-[*:2],19,-0.6724000000000001,258.080314718,0.1493415764775046,4.17241698628558,-0.0873941978485204,-0.4275830137144201,26,93,-6.2,-6.3
C[C@@H](S)NC[C@H](O)P(=O)(O)O,C[C@@H](S)N1CCC(OC[C@H](O)P(=O)(O)O)CC1,[*]N[*],[*]OC1CCN([*])CC1,[*:1]-[NH1]-[*:2]>>[*:1]-[OH0]-[CH1]1-[CH2]-[CH2]-[NH0](-[*:2])-[CH2]-[CH2]-1,17,0.2392999999999998,285.07998037,0.4272291844213056,4.064477549913936,0.1904934100952804,-0.5355224500860647,26,94,-6.2,-4.5
C[C@@H](S)NC[C@H](O)P(=O)(O)O,C[C@@H](S)N1CCC(OC[C@H](O)P(=O)(O)O)CC1,[*]N[*],[*]OC1CCN([*])CC1,[*:1]-[NH1]-[*:2]>>[*:1]-[OH0]-[CH1]1-[CH2]-[CH2]-[NH0](-[*:2])-[CH2]-[CH2]-1,17,0.2392999999999998,285.07998037,0.4272291844213056,4.064477549913936,0.1904934100952804,-0.5355224500860647,26,95,-6.2,-4.8
C[C@@H](S)NC[C@H](O)P(=O)(O)O,C#CCN(C[C@H](O)P(=O)(O)O)[C@@H](C)S,[*]N[*],[*]N([*])CC#C,[*:1]-[NH1]-[*:2]>>[*:1]-[NH0](-[*:2])-[CH2]-[CH0]#[CH1],14,-0.3065,239.038115558,0.2289946994129026,4.857528916402879,-0.0077410749131225,0.2575289164028786,26,96,-6.2,-6.2
C[C@@H](S)NC[C@H](O)P(=O)(O)O,C#CCN(C[C@H](O)P(=O)(O)O)[C@@H](C)S,[*]N[*],[*]N([*])CC#C,[*:1]-[NH1]-[*:2]>>[*:1]-[NH0](-[*:2])-[CH2]-[CH0]#[CH1],14,-0.3065000000000001,239.038115558,0.2289946994129026,4.857528916402879,-0.0077410749131225,0.2575289164028786,26,97,-6.2,-6.2
C[C@@H](S)NC[C@H](O)P(=O)(O)O,C[C@@H](S)N1CCC(C(=O)NC[C@H](O)P(=O)(O)O)CC1,[*]N[*],[*]NC(=O)C1CCN([*])CC1,[*:1]-[NH1]-[*:2]>>[*:1]-[NH1]-[CH0](=[OH0])-[CH1]1-[CH2]-[CH2]-[NH0](-[*:2])-[CH2]-[CH2]-1,19,-0.4134999999999997,312.09087940200004,0.3485405622919732,3.743704526982511,0.1118047879659481,-0.8562954730174894,26,98,-6.2,-5.3
C[C@@H](S)NC[C@H](O)P(=O)(O)O,C[C@@H](S)NC(=O)C1CCN(C[C@H](O)P(=O)(O)O)CC1,[*]N[*],[*]NC(=O)C1CCN([*])CC1,[*:1]-[NH1]-[*:2]>>[*:1]-[NH1]-[CH0](=[OH0])-[CH1]1-[CH2]-[CH2]-[NH0](-[*:2])-[CH2]-[CH2]-1,19,-0.4135000000000002,312.0908794019999,0.2680541776681038,3.658614373136357,0.0313184033420786,-0.9413856268636432,26,99,-6.2,-3.1
C[C@H]1C[C@@H]([C@H](C)P(O)O)[C@@H]([C@H](O)CO)CC[C@@H]1O,C[C@H]1C[C@@H]([C@H](C)P(O)O)[C@@H]([C@@H](O)CO)CC[C@@H]1O,[*][C@H](O)CO,[*][C@@H](O)CO,[*:1]-[C@H1](-[OH1])-[CH2]-[OH1]>>[*:1]-[C@@H1](-[OH1])-[CH2]-[OH1],36,0.4378999999999998,280.14396053,0.3797959689039946,4.814279487942915,0.0,0.0342794879429151,27,0,-3.1,-3.0
C[C@H](CS)C(=O)NC(=O)C(=O)O,CC(=O)NC(=O)[C@H](C)CS,[*]C(=O)C(=O)O,[*]C(C)=O,[*:1]-[CH0](=[OH0])-[CH0](=[OH0])-[OH1]>>[*:1]-[CH0](-[CH3])=[OH0],16,0.2150000000000001,161.051049592,0.5688345694049483,3.2127133606717955,0.1717618383528827,-0.1272866393282044,28,0,-6.3,-4.8
C[C@H](CS)C(=O)NC(=O)C(=O)O,C[C@H](CS)C(=O)NS(C)(=O)=O,[*]C(=O)C(=O)O,[*]S(C)(=O)=O,[*:1]-[CH0](=[OH0])-[CH0](=[OH0])-[OH1]>>[*:1]-[SH0](-[CH3])(=[OH0])=[OH0],10,-0.3718999999999998,197.018035212,0.6066630100364415,3.178405971319153,0.209590278984376,-0.161594028680847,28,1,-6.3,-5.2
C[C@H](CS)C(=O)NC(=O)C(=O)O,C[C@H](CS)C(=O)CC(=O)C(=O)O,[*]N[*],[*]C[*],[*:1]-[NH1]-[*:2]>>[*:1]-[CH2]-[*:2],77,0.1651999999999999,190.0299798,0.3679465971045706,3.38540155540412,-0.0291261339474948,0.04540155540412,28,2,-6.3,-6.3
C[C@H](CS)C(=O)NC(=O)C(=O)O,C[C@H](CS)C(=O)CC(=O)C(=O)O,[*]N[*],[*]C[*],[*:1]-[NH1]-[*:2]>>[*:1]-[CH2]-[*:2],77,0.1652,190.0299798,0.3679465971045706,3.38540155540412,-0.0291261339474948,0.04540155540412,28,3,-6.3,-6.2
C[C@H](CS)C(=O)NC(=O)C(=O)O,C[C@H](CS)C(=O)CCC(=O)C(=O)O,[*]N[*],[*]CC[*],[*:1]-[NH1]-[*:2]>>[*:1]-[CH2]-[CH2]-[*:2],11,0.5553,204.045629864,0.4894746100044564,3.2482365272218914,0.0924018789523909,-0.0917634727781084,28,4,-6.3,-5.9
C[C@H](CS)C(=O)NC(=O)C(=O)O,C[C@H](CS)C(=O)CCC(=O)C(=O)O,[*]N[*],[*]CC[*],[*:1]-[NH1]-[*:2]>>[*:1]-[CH2]-[CH2]-[*:2],11,0.5553,204.045629864,0.4894746100044564,3.2482365272218914,0.0924018789523909,-0.0917634727781084,28,5,-6.3,-6.0
C[C@H](CS)C(=O)NC(=O)C(=O)O,C[C@H](CS)C(=O)OC(=O)C(=O)O,[*]N[*],[*]O[*],[*:1]-[NH1]-[*:2]>>[*:1]-[OH0]-[*:2],1876,-0.2933000000000003,192.009244356,0.2717136127761281,3.4978646323271967,-0.1253591182759373,0.1578646323271968,28,6,-6.3,-6.5
C[C@H](CS)C(=O)NC(=O)C(=O)O,C[C@H](CS)C(=O)OC(=O)C(=O)O,[*]N[*],[*]O[*],[*:1]-[NH1]-[*:2]>>[*:1]-[OH0]-[*:2],1876,-0.2933000000000003,192.009244356,0.2717136127761281,3.4978646323271967,-0.1253591182759373,0.1578646323271968,28,7,-6.3,-6.6
C[C@H](CS)C(=O)NC(=O)C(=O)O,C[C@H](CS)C(=O)NC(=O)CC(=O)O,[*]C(=O)C(=O)O,[*]C(=O)CC(=O)O,[*:1]-[CH0](=[OH0])-[CH0](=[OH0])-[OH1]>>[*:1]-[CH0](=[OH0])-[CH2]-[CH0](=[OH0])-[OH1],15,-0.3302,205.040878832,0.4332343511201808,3.203140023725388,0.0361616200681153,-0.1368599762746116,28,8,-6.3,-5.6
C[C@H](CS)C(=O)NC(=O)C(=O)O,C[C@H](CS)C(=O)C(=O)NC(=O)C(=O)O,[*]N[*],[*]NC([*])=O,[*:1]-[NH1]-[*:2]>>[*:1]-[NH1]-[CH0](-[*:2])=[OH0],131,-1.1512000000000002,219.020143388,0.4107573209204487,3.399038601666443,0.0136845898683832,0.059038601666443,28,9,-6.3,-5.9
C[C@H](CS)C(=O)NC(=O)C(=O)O,C[C@H](CS)C(=O)C(=O)NC(=O)C(=O)O,[*]N[*],[*]NC([*])=O,[*:1]-[NH1]-[*:2]>>[*:1]-[NH1]-[CH0](-[*:2])=[OH0],131,-1.1512000000000002,219.020143388,0.4107573209204487,3.399038601666443,0.0136845898683832,0.059038601666443,28,10,-6.3,-5.8
C[C@H](CS)C(=O)NC(=O)C(=O)O,C[C@H](CS)C(=O)N(C)C(=O)C(=O)O,[*]N[*],[*]N([*])C,[*:1]-[NH1]-[*:2]>>[*:1]-[NH0](-[*:2])-[CH3],2052,-0.3781,205.040878832,0.4758618248470325,3.5482255132358764,0.078789093794967,0.2082255132358765,28,11,-6.3,-6.6
C[C@H](CS)C(=O)NC(=O)C(=O)O,C[C@H](CS)C(=O)N(C)C(=O)C(=O)O,[*]N[*],[*]N([*])C,[*:1]-[NH1]-[*:2]>>[*:1]-[NH0](-[*:2])-[CH3],2052,-0.3781,205.040878832,0.4758618248470325,3.5482255132358764,0.078789093794967,0.2082255132358765,28,12,-6.3,-6.5
C[C@H](CS)C(=O)NC(=O)C(=O)O,C[C@H](CS)C(=O)OCC(=O)C(=O)O,[*]N[*],[*]OC[*],[*:1]-[NH1]-[*:2]>>[*:1]-[OH0]-[CH2]-[*:2],105,-0.2507999999999999,206.02489442,0.3680760655018517,3.168642121627486,-0.0289966655502137,-0.1713578783725138,28,13,-6.3,-6.0
C[C@H](CS)C(=O)NC(=O)C(=O)O,C[C@H](CS)C(=O)COC(=O)C(=O)O,[*]N[*],[*]OC[*],[*:1]-[NH1]-[*:2]>>[*:1]-[OH0]-[CH2]-[*:2],105,-0.2508000000000003,206.02489442,0.3763839258989074,3.285612750998116,-0.020688805153158,-0.0543872490018841,28,14,-6.3,-6.1
C[C@H](CS)C(=O)NC(=O)C(=O)O,C[C@H](CS)C(=O)NCC(=O)C(=O)O,[*]N[*],[*]NC[*],[*:1]-[NH1]-[*:2]>>[*:1]-[NH1]-[CH2]-[*:2],1418,-0.6778000000000004,205.040878832,0.4100559330005283,3.1229036600890243,0.0129832019484628,-0.2170963399109755,28,15,-6.3,-5.9
C[C@H](CS)C(=O)NC(=O)C(=O)O,C[C@H](CS)C(=O)CNC(=O)C(=O)O,[*]N[*],[*]NC[*],[*:1]-[NH1]-[*:2]>>[*:1]-[NH1]-[CH2]-[*:2],1418,-0.6778,205.040878832,0.4193113227572841,3.253430932816296,0.0222385917052186,-0.0865690671837038,28,16,-6.3,-6.1
C[C@H](CS)C(=O)NC(=O)C(=O)O,C[C@H](CS)C(=O)CN(C)C(=O)C(=O)O,[*]N[*],[*]N(C)C[*],[*:1]-[NH1]-[*:2]>>[*:1]-[NH0](-[CH3])-[CH2]-[*:2],69,-0.3356,219.056528896,0.5010485722741268,3.523685634633475,0.1039758412220613,0.1836856346334752,28,17,-6.3,-6.1
C[C@H](CS)C(=O)NC(=O)C(=O)O,C[C@H](CS)C(=O)CN(C)C(=O)C(=O)O,[*]N[*],[*]N(C)C[*],[*:1]-[NH1]-[*:2]>>[*:1]-[NH0](-[CH3])-[CH2]-[*:2],69,-0.3356,219.056528896,0.5010485722741268,3.523685634633475,0.1039758412220613,0.1836856346334752,28,18,-6.3,-6.2
C[C@H](CS)C(=O)NC(=O)C(=O)O,C[C@H](CS)C(=O)C(=O)C(=O)C(=O)O,[*]N[*],[*]C([*])=O,[*:1]-[NH1]-[*:2]>>[*:1]-[CH0](-[*:2])=[OH0],41,-0.6558000000000002,204.009244356,0.3525077110654608,3.607262051697416,-0.0445650199866046,0.2672620516974158,28,19,-6.3,-6.8
C[C@H](CS)C(=O)NC(=O)C(=O)O,C[C@H](CS)C(=O)C(=O)C(=O)C(=O)O,[*]N[*],[*]C([*])=O,[*:1]-[NH1]-[*:2]>>[*:1]-[CH0](-[*:2])=[OH0],41,-0.6558000000000002,204.009244356,0.3525077110654608,3.607262051697416,-0.0445650199866046,0.2672620516974158,28,20,-6.3,-6.9
C[C@H](CS)C(=O)NC(=O)C(=O)O,C[C@H](CS)C(=O)NC(=O)OC(=O)C(=O)O,[*]N[*],[*]OC(=O)N[*],[*:1]-[NH1]-[*:2]>>[*:1]-[OH0]-[CH0](=[OH0])-[NH1]-[*:2],45,-0.5837000000000003,235.015058008,0.2554044548284306,3.504212303083599,-0.1416682762236348,0.1642123030835991,28,21,-6.3,-6.0
C[C@H](CS)C(=O)NC(=O)C(=O)O,C[C@H](CS)C(=O)OC(=O)NC(=O)C(=O)O,[*]N[*],[*]OC(=O)N[*],[*:1]-[NH1]-[*:2]>>[*:1]-[OH0]-[CH0](=[OH0])-[NH1]-[*:2],45,-0.5837000000000003,235.015058008,0.2554044548284306,3.4797082545006024,-0.1416682762236348,0.1397082545006025,28,22,-6.3,-6.1
C[C@H](CS)C(=O)NC(=O)C(=O)O,C[C@H](CS)C(=O)NC(=O)CC(=O)C(=O)O,[*]N[*],[*]NC(=O)C[*],[*:1]-[NH1]-[*:2]>>[*:1]-[NH1]-[CH0](=[OH0])-[CH2]-[*:2],10,-0.7611000000000003,233.035793452,0.3290001813705443,3.3857511694803604,-0.0680725496815211,0.0457511694803605,28,23,-6.3,-5.5
C[C@H](CS)C(=O)NC(=O)C(=O)O,C[C@H](CS)C(=O)NC(=O)CC(=O)C(=O)O,[*]N[*],[*]NC(=O)C[*],[*:1]-[NH1]-[*:2]>>[*:1]-[NH1]-[CH0](=[OH0])-[CH2]-[*:2],10,-0.7611000000000003,233.035793452,0.3290001813705443,3.3857511694803604,-0.0680725496815211,0.0457511694803605,28,24,-6.3,-5.7
C[C@H](CS)C(=O)NC(=O)C(=O)O,CCN(C(=O)C(=O)O)C(=O)[C@H](C)CS,[*]N[*],[*]N([*])CC,[*:1]-[NH1]-[*:2]>>[*:1]-[NH0](-[*:2])-[CH2]-[CH3],549,0.0119999999999997,219.056528896,0.5177884023630035,3.5007840961719365,0.120715671310938,0.1607840961719366,28,25,-6.3,-6.4
C[C@H](CS)C(=O)NC(=O)C(=O)O,CCN(C(=O)C(=O)O)C(=O)[C@H](C)CS,[*]N[*],[*]N([*])CC,[*:1]-[NH1]-[*:2]>>[*:1]-[NH0](-[*:2])-[CH2]-[CH3],549,0.0120000000000002,219.056528896,0.5177884023630035,3.5007840961719365,0.120715671310938,0.1607840961719366,28,26,-6.3,-6.3
C[C@H](CS)C(=O)NC(=O)C(=O)O,C[C@H](CS)C(=O)OCCC(=O)C(=O)O,[*]N[*],[*]OCC[*],[*:1]-[NH1]-[*:2]>>[*:1]-[OH0]-[CH2]-[CH2]-[*:2],17,0.1392999999999999,220.040544484,0.3778501577838364,3.1705798104576512,-0.019222573268229,-0.1694201895423486,28,27,-6.3,-5.6
C[C@H](CS)C(=O)NC(=O)C(=O)O,C[C@H](CS)C(=O)CCOC(=O)C(=O)O,[*]N[*],[*]OCC[*],[*:1]-[NH1]-[*:2]>>[*:1]-[OH0]-[CH2]-[CH2]-[*:2],17,0.1392999999999999,220.040544484,0.3911001023844605,3.2725567335345733,-0.0059726286676049,-0.0674432664654265,28,28,-6.3,-5.8
C[C@H](CS)C(=O)NC(=O)C(=O)O,C[C@H](CS)C(=O)N1CCN(C(=O)C(=O)O)CC1,[*]N[*],[*]N1CCN([*])CC1,[*:1]-[NH1]-[*:2]>>[*:1]-[NH0]1-[CH2]-[CH2]-[NH0](-[*:2])-[CH2]-[CH2]-1,225,-0.6922999999999997,260.083077992,0.5086162157865032,2.857357345067607,0.1115434847344377,-0.482642654932393,28,29,-6.3,-3.8
C[C@H](CS)C(=O)NC(=O)C(=O)O,C[C@H](CS)C(=O)N1CCN(C(=O)C(=O)O)CC1,[*]N[*],[*]N1CCN([*])CC1,[*:1]-[NH1]-[*:2]>>[*:1]-[NH0]1-[CH2]-[CH2]-[NH0](-[*:2])-[CH2]-[CH2]-1,225,-0.6922999999999997,260.083077992,0.5086162157865032,2.857357345067607,0.1115434847344377,-0.482642654932393,28,30,-6.3,-3.8
C[C@H](CS)C(=O)NC(=O)C(=O)O,C[C@H](CS)C(=O)CCN(C)C(=O)C(=O)O,[*]N[*],[*]N(C)CC[*],[*:1]-[NH1]-[*:2]>>[*:1]-[NH0](-[CH3])-[CH2]-[CH2]-[*:2],10,0.0544999999999997,233.07217896,0.5197109221094418,3.4071726269702385,0.1226381910573763,0.0671726269702386,28,31,-6.3,-5.4
C[C@H](CS)C(=O)NC(=O)C(=O)O,C[C@H](CS)C(=O)N(C)CCC(=O)C(=O)O,[*]N[*],[*]N(C)CC[*],[*:1]-[NH1]-[*:2]>>[*:1]-[NH0](-[CH3])-[CH2]-[CH2]-[*:2],10,0.0544999999999997,233.07217896,0.5021038161938312,3.2291329508568785,0.1050310851417656,-0.1108670491431214,28,32,-6.3,-5.7
C[C@H](CS)C(=O)NC(=O)C(=O)O,CC(=O)N(C(=O)C(=O)O)C(=O)[C@H](C)CS,[*]N[*],[*]N([*])C(C)=O,[*:1]-[NH1]-[*:2]>>[*:1]-[NH0](-[*:2])-[CH0](-[CH3])=[OH0],56,-0.4614000000000005,233.035793452,0.4970757432113463,3.530690659577745,0.1000030121592808,0.1906906595777453,28,33,-6.3,-6.7
C[C@H](CS)C(=O)NC(=O)C(=O)O,CC(=O)N(C(=O)C(=O)O)C(=O)[C@H](C)CS,[*]N[*],[*]N([*])C(C)=O,[*:1]-[NH1]-[*:2]>>[*:1]-[NH0](-[*:2])-[CH0](-[CH3])=[OH0],56,-0.4614000000000004,233.035793452,0.4970757432113463,3.530690659577745,0.1000030121592808,0.1906906595777453,28,34,-6.3,-6.2
C[C@H](CS)C(=O)NC(=O)C(=O)O,C[C@H](CS)C(=O)N(C(=O)C(=O)O)C1CC1,[*]N[*],[*]N([*])C1CC1,[*:1]-[NH1]-[*:2]>>[*:1]-[NH0](-[*:2])-[CH1]1-[CH2]-[CH2]-1,32,0.1544999999999998,231.056528896,0.5355124585318609,3.496538618873073,0.1384397274797954,0.156538618873073,28,35,-6.3,-6.1
C[C@H](CS)C(=O)NC(=O)C(=O)O,C[C@H](CS)C(=O)N(C(=O)C(=O)O)C1CC1,[*]N[*],[*]N([*])C1CC1,[*:1]-[NH1]-[*:2]>>[*:1]-[NH0](-[*:2])-[CH1]1-[CH2]-[CH2]-1,32,0.1544999999999998,231.056528896,0.5355124585318609,3.496538618873073,0.1384397274797954,0.156538618873073,28,36,-6.3,-6.4
C[C@H](CS)C(=O)NC(=O)C(=O)O,C[C@H](CS)C(=O)NCCC(=O)C(=O)O,[*]N[*],[*]NCC[*],[*:1]-[NH1]-[*:2]>>[*:1]-[NH1]-[CH2]-[CH2]-[*:2],333,-0.2877000000000001,219.056528896,0.4233032810638722,3.0510182719961128,0.0262305500118067,-0.2889817280038871,28,37,-6.3,-5.7
C[C@H](CS)C(=O)NC(=O)C(=O)O,C[C@H](CS)C(=O)NCCC(=O)C(=O)O,[*]N[*],[*]NCC[*],[*:1]-[NH1]-[*:2]>>[*:1]-[NH1]-[CH2]-[CH2]-[*:2],333,-0.2877000000000001,219.056528896,0.4233032810638722,3.0510182719961128,0.0262305500118067,-0.2889817280038871,28,38,-6.3,-5.9
C[C@H](CS)C(=O)NC(=O)C(=O)O,C[C@H](CS)C(=O)SC(=O)C(=O)O,[*]N[*],[*]S[*],[*:1]-[NH1]-[*:2]>>[*:1]-[SH0]-[*:2],221,0.4233,207.986400736,0.5081799627732247,3.9724184784810426,0.1111072317211592,0.6324184784810427,28,39,-6.3,-5.9
C[C@H](CS)C(=O)NC(=O)C(=O)O,C[C@H](CS)C(=O)SC(=O)C(=O)O,[*]N[*],[*]S[*],[*:1]-[NH1]-[*:2]>>[*:1]-[SH0]-[*:2],221,0.4233,207.986400736,0.5081799627732247,3.9724184784810426,0.1111072317211592,0.6324184784810427,28,40,-6.3,-6.2
C[C@H](CS)C(=O)NC(=O)C(=O)O,CCOC(=O)C(=O)NC(=O)[C@H](C)CS,[*]C(=O)C(=O)O,[*]C(=O)C(=O)OCC,[*:1]-[CH0](=[OH0])-[CH0](=[OH0])-[OH1]>>[*:1]-[CH0](=[OH0])-[CH0](=[OH0])-[OH0]-[CH2]-[CH3],10,-0.2418000000000001,219.056528896,0.3901374667335504,3.204922118149957,-0.006935264318515,-0.1350778818500426,28,41,-6.3,-5.1
C[C@H](CS)C(=O)NC(=O)C(=O)O,C[C@H](CS)C(=O)C(O)C(=O)C(=O)O,[*]N[*],[*]C([*])O,[*:1]-[NH1]-[*:2]>>[*:1]-[CH1](-[*:2])-[OH1],16,-0.8640000000000005,206.02489442,0.3089857695212115,3.960776871928358,-0.0880869615308539,0.6207768719283582,28,42,-6.3,-6.6
C[C@H](CS)C(=O)NC(=O)C(=O)O,C[C@H](CS)C(=O)C(O)C(=O)C(=O)O,[*]N[*],[*]C([*])O,[*:1]-[NH1]-[*:2]>>[*:1]-[CH1](-[*:2])-[OH1],16,-0.8640000000000005,206.02489442,0.3089857695212114,3.960776871928358,-0.088086961530854,0.6207768719283582,28,43,-6.3,-6.6
C[C@H](CS)C(=O)NC(=O)C(=O)O,C[C@H](CS)C(=O)N(C(=O)C(=O)O)C1CCC1,[*]N[*],[*]N([*])C1CCC1,[*:1]-[NH1]-[*:2]>>[*:1]-[NH0](-[*:2])-[CH1]1-[CH2]-[CH2]-[CH2]-1,10,0.5445999999999998,245.07217896,0.5620659197767213,3.43079901343467,0.1649931887246558,0.0907990134346707,28,44,-6.3,-5.7
C[C@H](CS)C(=O)NC(=O)C(=O)O,C[C@H](CS)C(=O)N(C(=O)C(=O)O)C1CCC1,[*]N[*],[*]N([*])C1CCC1,[*:1]-[NH1]-[*:2]>>[*:1]-[NH0](-[*:2])-[CH1]1-[CH2]-[CH2]-[CH2]-1,10,0.5445999999999998,245.07217896,0.5620659197767213,3.43079901343467,0.1649931887246558,0.0907990134346707,28,45,-6.3,-5.7
C[C@H](CS)C(=O)NC(=O)C(=O)O,C[C@H](CS)C(=O)N1CCCN(C(=O)C(=O)O)CC1,[*]N[*],[*]N1CCCN([*])CC1,[*:1]-[NH1]-[*:2]>>[*:1]-[NH0]1-[CH2]-[CH2]-[CH2]-[NH0](-[*:2])-[CH2]-[CH2]-1,10,-0.3021999999999991,274.098728056,0.5350850503975139,2.8711598430651186,0.1380123193454484,-0.4688401569348812,28,46,-6.3,-4.1
C[C@H](CS)C(=O)NC(=O)C(=O)O,C[C@H](CS)C(=O)N1CCCN(C(=O)C(=O)O)CC1,[*]N[*],[*]N1CCCN([*])CC1,[*:1]-[NH1]-[*:2]>>[*:1]-[NH0]1-[CH2]-[CH2]-[CH2]-[NH0](-[*:2])-[CH2]-[CH2]-1,10,-0.3021999999999991,274.098728056,0.5350850503975139,2.8711598430651186,0.1380123193454484,-0.4688401569348812,28,47,-6.3,-4.0
C[C@H](CS)C(=O)NC(=O)C(=O)O,C[C@H](CS)C(=O)SCC(=O)C(=O)O,[*]N[*],[*]CS[*],[*:1]-[NH1]-[*:2]>>[*:1]-[CH2]-[SH0]-[*:2],12,0.4658,222.0020508,0.522275343097643,3.6651987649841296,0.1252026120455775,0.3251987649841297,28,48,-6.3,-5.7
C[C@H](CS)C(=O)NC(=O)C(=O)O,C[C@H](CS)C(=O)CSC(=O)C(=O)O,[*]N[*],[*]CS[*],[*:1]-[NH1]-[*:2]>>[*:1]-[CH2]-[SH0]-[*:2],12,0.4658,222.0020508,0.5340636418922511,3.8162938698792335,0.1369909108401856,0.4762938698792336,28,49,-6.3,-5.9
C[C@H](CS)C(=O)NC(=O)C(=O)O,C[C@H](CS)C(=O)NC(=O)NC(=O)C(=O)O,[*]N[*],[*]NC(=O)N[*],[*:1]-[NH1]-[*:2]>>[*:1]-[NH1]-[CH0](=[OH0])-[NH1]-[*:2],40,-1.0107000000000004,234.03104242,0.3610000362939121,3.262567768670644,-0.0360726947581533,-0.0774322313293556,28,50,-6.3,-6.0
C[C@H](CS)C(=O)NC(=O)C(=O)O,C[C@H](CS)C(=O)NC(=O)NC(=O)C(=O)O,[*]N[*],[*]NC(=O)N[*],[*:1]-[NH1]-[*:2]>>[*:1]-[NH1]-[CH0](=[OH0])-[NH1]-[*:2],40,-1.0107,234.03104242,0.3610000362939122,3.262567768670644,-0.0360726947581532,-0.0774322313293556,28,51,-6.3,-6.0
C[C@H](CS)C(=O)NC(=O)C(=O)O,CC(C)N(C(=O)C(=O)O)C(=O)[C@H](C)CS,[*]N[*],[*]N([*])C(C)C,[*:1]-[NH1]-[*:2]>>[*:1]-[NH0](-[*:2])-[CH1](-[CH3])-[CH3],95,0.4004999999999998,233.07217896,0.5463525220717574,3.5236515743386603,0.1492797910196919,0.1836515743386604,28,52,-6.3,-6.3
C[C@H](CS)C(=O)NC(=O)C(=O)O,CC(C)N(C(=O)C(=O)O)C(=O)[C@H](C)CS,[*]N[*],[*]N([*])C(C)C,[*:1]-[NH1]-[*:2]>>[*:1]-[NH0](-[*:2])-[CH1](-[CH3])-[CH3],95,0.4004999999999999,233.07217896,0.5463525220717574,3.5236515743386603,0.1492797910196919,0.1836515743386604,28,53,-6.3,-6.4
C[C@H](CS)C(=O)NC(=O)C(=O)O,C[C@H](CS)C(=O)C1CCN(C(=O)C(=O)O)CC1,[*]N[*],[*]N1CCC([*])CC1,[*:1]-[NH1]-[*:2]>>[*:1]-[NH0]1-[CH2]-[CH2]-[CH1](-[*:2])-[CH2]-[CH2]-1,24,0.4445999999999997,259.08782902400003,0.5696513523469561,3.092178883529145,0.1725786212948906,-0.2478211164708543,28,54,-6.3,-3.9
C[C@H](CS)C(=O)NC(=O)C(=O)O,C[C@H](CS)C(=O)N1CCC(C(=O)C(=O)O)CC1,[*]N[*],[*]N1CCC([*])CC1,[*:1]-[NH1]-[*:2]>>[*:1]-[NH0]1-[CH2]-[CH2]-[CH1](-[*:2])-[CH2]-[CH2]-1,24,0.4445999999999996,259.08782902400003,0.5674418473415931,2.9601450373753,0.1703691162895276,-0.3798549626246998,28,55,-6.3,-3.7
C[C@H](CS)C(=O)NC(=O)C(=O)O,C[C@H](CS)C(=O)N1CC(OC(=O)C(=O)O)C1,[*]N[*],[*]OC1CN([*])C1,[*:1]-[NH1]-[*:2]>>[*:1]-[OH0]-[CH1]1-[CH2]-[NH0](-[*:2])-[CH2]-1,10,-0.6091,247.051443516,0.3947403130857435,3.256658300489079,-0.0023324179663219,-0.083341699510921,28,56,-6.3,-4.8
C[C@H](CS)C(=O)NC(=O)C(=O)O,C[C@H](CS)C(=O)N1CC(OC(=O)C(=O)O)C1,[*]N[*],[*]OC1CN([*])C1,[*:1]-[NH1]-[*:2]>>[*:1]-[OH0]-[CH1]1-[CH2]-[NH0](-[*:2])-[CH2]-1,10,-0.6091,247.051443516,0.3947403130857435,3.256658300489079,-0.0023324179663219,-0.083341699510921,28,57,-6.3,-4.8
C[C@H](CS)C(=O)NC(=O)C(=O)O,C[C@H](CS)C(=O)CN1CCN(C(=O)C(=O)O)CC1,[*]N[*],[*]N1CCN(C[*])CC1,[*:1]-[NH1]-[*:2]>>[*:1]-[NH0]1-[CH2]-[CH2]-[NH0](-[CH2]-[*:2])-[CH2]-[CH2]-1,34,-0.6497999999999993,274.098728056,0.5260494353385976,3.055694458449734,0.1289767042865321,-0.2843055415502658,28,58,-6.3,-3.7
C[C@H](CS)C(=O)NC(=O)C(=O)O,C[C@H](CS)C(=O)N1CCN(CC(=O)C(=O)O)CC1,[*]N[*],[*]N1CCN(C[*])CC1,[*:1]-[NH1]-[*:2]>>[*:1]-[NH0]1-[CH2]-[CH2]-[NH0](-[CH2]-[*:2])-[CH2]-[CH2]-1,34,-0.6497999999999993,274.098728056,0.5144380328051193,2.943967535372812,0.1173653017530538,-0.3960324646271882,28,59,-6.3,-4.2
C[C@H](CS)C(=O)NC(=O)C(=O)O,C[C@H](CS)C(=O)N(CCO)C(=O)C(=O)O,[*]N[*],[*]N([*])CCO,[*:1]-[NH1]-[*:2]>>[*:1]-[NH0](-[*:2])-[CH2]-[CH2]-[OH1],109,-1.0156000000000005,235.051443516,0.4282573648063051,3.535180319277932,0.0311846337542396,0.1951803192779317,28,60,-6.3,-6.2
C[C@H](CS)C(=O)NC(=O)C(=O)O,C[C@H](CS)C(=O)N(CCO)C(=O)C(=O)O,[*]N[*],[*]N([*])CCO,[*:1]-[NH1]-[*:2]>>[*:1]-[NH0](-[*:2])-[CH2]-[CH2]-[OH1],109,-1.0156000000000005,235.051443516,0.4282573648063051,3.535180319277932,0.0311846337542396,0.1951803192779317,28,61,-6.3,-6.4
C[C@H](CS)C(=O)NC(=O)C(=O)O,CCC(=O)N(C(=O)C(=O)O)C(=O)[C@H](C)CS,[*]N[*],[*]N([*])C(=O)CC,[*:1]-[NH1]-[*:2]>>[*:1]-[NH0](-[*:2])-[CH0](=[OH0])-[CH2]-[CH3],13,-0.0713000000000005,247.051443516,0.5377168423560602,3.461501930883076,0.1406441113039947,0.1215019308830758,28,62,-6.3,-6.5
C[C@H](CS)C(=O)NC(=O)C(=O)O,CCC(=O)N(C(=O)C(=O)O)C(=O)[C@H](C)CS,[*]N[*],[*]N([*])C(=O)CC,[*:1]-[NH1]-[*:2]>>[*:1]-[NH0](-[*:2])-[CH0](=[OH0])-[CH2]-[CH3],13,-0.0713000000000005,247.051443516,0.5377168423560602,3.461501930883076,0.1406441113039947,0.1215019308830758,28,63,-6.3,-6.4
C[C@H](CS)C(=O)NC(=O)C(=O)O,C[C@H](CS)C(=O)N[C@@H](C)C(=O)C(=O)O,[*]N[*],[*]N[C@H]([*])C,[*:1]-[NH1]-[*:2]>>[*:1]-[NH1]-[C@H1](-[*:2])-[CH3],44,-0.2893000000000004,219.056528896,0.4380856231524082,3.401392213106176,0.0410128921003427,0.0613922131061759,28,64,-6.3,-5.1
C[C@H](CS)C(=O)NC(=O)C(=O)O,C[C@H](CS)C(=O)[C@H](C)NC(=O)C(=O)O,[*]N[*],[*]N[C@H]([*])C,[*:1]-[NH1]-[*:2]>>[*:1]-[NH1]-[C@H1](-[*:2])-[CH3],44,-0.2893000000000003,219.056528896,0.4479736722276585,3.617000564754527,0.050900941175593,0.2770005647545268,28,65,-6.3,-6.1
C[C@H](CS)C(=O)NC(=O)C(=O)O,C[C@H](CS)C(=O)C1CCN(C(=O)C(=O)O)C1,[*]N[*],[*]N1CCC([*])C1,[*:1]-[NH1]-[*:2]>>[*:1]-[NH0]1-[CH2]-[CH2]-[CH1](-[*:2])-[CH2]-1,10,0.0544999999999997,245.07217896,0.5442089979288947,3.5153877950700627,0.1471362668768291,0.1753877950700628,28,66,-6.3,-5.2
C[C@H](CS)C(=O)NC(=O)C(=O)O,C[C@H](CS)C(=O)N1CCC(C(=O)C(=O)O)C1,[*]N[*],[*]N1CCC([*])C1,[*:1]-[NH1]-[*:2]>>[*:1]-[NH0]1-[CH2]-[CH2]-[CH1](-[*:2])-[CH2]-1,10,0.0544999999999997,245.07217896,0.5420981761079099,3.405086696168963,0.1450254450558444,0.0650866961689633,28,67,-6.3,-5.2
C[C@H](CS)C(=O)NC(=O)C(=O)O,C[C@H](CS)C(=O)N1CCN(C(=O)OC(=O)C(=O)O)CC1,[*]N[*],[*]OC(=O)N1CCN([*])CC1,[*:1]-[NH1]-[*:2]>>[*:1]-[OH0]-[CH0](=[OH0])-[NH0]1-[CH2]-[CH2]-[NH0](-[*:2])-[CH2]-[CH2]-1,10,-0.5556999999999994,304.07290723200003,0.3067522020752267,3.1038801144965715,-0.0903205289768387,-0.2361198855034283,28,68,-6.3,-3.2
C[C@H](CS)C(=O)NC(=O)C(=O)O,C[C@H](CS)C(=O)N1CCN(C(=O)OC(=O)C(=O)O)CC1,[*]N[*],[*]OC(=O)N1CCN([*])CC1,[*:1]-[NH1]-[*:2]>>[*:1]-[OH0]-[CH0](=[OH0])-[NH0]1-[CH2]-[CH2]-[NH0](-[*:2])-[CH2]-[CH2]-1,10,-0.5556999999999994,304.07290723200003,0.3067522020752267,3.1038801144965715,-0.0903205289768387,-0.2361198855034283,28,69,-6.3,-4.0
C[C@H](CS)C(=O)NC(=O)C(=O)O,C[C@H](CS)C(=O)N1CCN(C(=O)C(=O)C(=O)O)CC1,[*]N[*],[*]N1CCN(C([*])=O)CC1,[*:1]-[NH1]-[*:2]>>[*:1]-[NH0]1-[CH2]-[CH2]-[NH0](-[CH0](-[*:2])=[OH0])-[CH2]-[CH2]-1,11,-1.123199999999999,288.077992612,0.387929992473514,3.06767816829003,-0.0091427385785514,-0.27232183170997,28,70,-6.3,-3.2
C[C@H](CS)C(=O)NC(=O)C(=O)O,C[C@H](CS)C(=O)N1CCN(C(=O)C(=O)C(=O)O)CC1,[*]N[*],[*]N1CCN(C([*])=O)CC1,[*:1]-[NH1]-[*:2]>>[*:1]-[NH0]1-[CH2]-[CH2]-[NH0](-[CH0](-[*:2])=[OH0])-[CH2]-[CH2]-1,11,-1.123199999999999,288.077992612,0.387929992473514,3.06767816829003,-0.0091427385785514,-0.27232183170997,28,71,-6.3,-3.9
C[C@H](CS)C(=O)NC(=O)C(=O)O,C[C@H](CS)C(=O)C(C)(C)NC(=O)C(=O)O,[*]N[*],[*]NC([*])(C)C,[*:1]-[NH1]-[*:2]>>[*:1]-[NH1]-[CH0](-[*:2])(-[CH3])-[CH3],11,0.1007999999999995,233.07217896,0.4748423001817894,3.530069453756539,0.0777695691297239,0.1900694537565392,28,72,-6.3,-4.9
C[C@H](CS)C(=O)NC(=O)C(=O)O,C[C@H](CS)C(=O)C(C)(C)NC(=O)C(=O)O,[*]N[*],[*]NC([*])(C)C,[*:1]-[NH1]-[*:2]>>[*:1]-[NH1]-[CH0](-[*:2])(-[CH3])-[CH3],11,0.1007999999999995,233.07217896,0.4748423001817894,3.530069453756539,0.0777695691297239,0.1900694537565392,28,73,-6.3,-5.0
C[C@H](CS)C(=O)NC(=O)C(=O)O,CC(NC(=O)C(=O)O)C(=O)[C@H](C)CS,[*]N[*],[*]NC([*])C,[*:1]-[NH1]-[*:2]>>[*:1]-[NH1]-[CH1](-[*:2])-[CH3],43,-0.2893000000000003,219.056528896,0.4479736722276585,3.617000564754527,0.050900941175593,0.2770005647545268,28,74,-6.3,-5.6
C[C@H](CS)C(=O)NC(=O)C(=O)O,CC(NC(=O)[C@H](C)CS)C(=O)C(=O)O,[*]N[*],[*]NC([*])C,[*:1]-[NH1]-[*:2]>>[*:1]-[NH1]-[CH1](-[*:2])-[CH3],43,-0.2893000000000004,219.056528896,0.4380856231524082,3.401392213106176,0.0410128921003427,0.0613922131061759,28,75,-6.3,-5.7
C[C@H](CS)C(=O)NC(=O)C(=O)O,C[C@H](CS)C(=O)N(CC(=O)O)C(=O)C(=O)O,[*]N[*],[*]N([*])CC(=O)O,[*:1]-[NH1]-[*:2]>>[*:1]-[NH0](-[*:2])-[CH2]-[CH0](=[OH0])-[OH1],56,-0.9233000000000005,249.030708072,0.4384246432839097,3.405701930883076,0.0413519122318442,0.0657019308830761,28,76,-6.3,-6.2
C[C@H](CS)C(=O)NC(=O)C(=O)O,C[C@H](CS)C(=O)N(CC(=O)O)C(=O)C(=O)O,[*]N[*],[*]N([*])CC(=O)O,[*:1]-[NH1]-[*:2]>>[*:1]-[NH0](-[*:2])-[CH2]-[CH0](=[OH0])-[OH1],56,-0.9233000000000005,249.030708072,0.4384246432839097,3.405701930883076,0.0413519122318442,0.0657019308830761,28,77,-6.3,-6.5
C[C@H](CS)C(=O)NC(=O)C(=O)O,C[C@H](CS)C(=O)N[C@H](C)C(=O)C(=O)O,[*]N[*],[*]N[C@@H]([*])C,[*:1]-[NH1]-[*:2]>>[*:1]-[NH1]-[C@@H1](-[*:2])-[CH3],47,-0.2893000000000004,219.056528896,0.4380856231524082,3.401392213106176,0.0410128921003427,0.0613922131061759,28,78,-6.3,-5.7
C[C@H](CS)C(=O)NC(=O)C(=O)O,C[C@H](CS)C(=O)N[C@H](C)C(=O)C(=O)O,[*]N[*],[*]N[C@@H]([*])C,[*:1]-[NH1]-[*:2]>>[*:1]-[NH1]-[C@@H1](-[*:2])-[CH3],47,-0.2893000000000004,219.056528896,0.4380856231524082,3.401392213106176,0.0410128921003427,0.0613922131061759,28,79,-6.3,-5.6
C[C@H](CS)C(=O)NC(=O)C(=O)O,C[C@H](CS)C(=O)N(CCC#N)C(=O)C(=O)O,[*]N[*],[*]N([*])CCC#N,[*:1]-[NH1]-[*:2]>>[*:1]-[NH0](-[*:2])-[CH2]-[CH2]-[CH0]#[NH0],10,-0.0942199999999999,244.051777864,0.5314753772055761,3.642256799550992,0.1344026461535106,0.3022567995509924,28,80,-6.3,-6.2
C[C@H](CS)C(=O)NC(=O)C(=O)O,C[C@H](CS)C(=O)N(CCC#N)C(=O)C(=O)O,[*]N[*],[*]N([*])CCC#N,[*:1]-[NH1]-[*:2]>>[*:1]-[NH0](-[*:2])-[CH2]-[CH2]-[CH0]#[NH0],10,-0.0942199999999999,244.051777864,0.5314753772055761,3.642256799550992,0.1344026461535106,0.3022567995509924,28,81,-6.3,-6.0
C[C@H](CS)C(=O)NC(=O)C(=O)O,C[C@H](CS)C(=O)OCCOCCNC(=O)C(=O)O,[*]N[*],[*]OCCOCCN[*],[*:1]-[NH1]-[*:2]>>[*:1]-[OH0]-[CH2]-[CH2]-[OH0]-[CH2]-[CH2]-[NH1]-[*:2],19,-0.6870999999999998,279.07765826400004,0.2352475210112189,3.007518496911273,-0.1618252100408465,-0.3324815030887267,28,82,-6.3,-5.7
C[C@H](CS)C(=O)NC(=O)C(=O)O,C[C@H](CS)C(=O)NCCOCCOC(=O)C(=O)O,[*]N[*],[*]OCCOCCN[*],[*:1]-[NH1]-[*:2]>>[*:1]-[OH0]-[CH2]-[CH2]-[OH0]-[CH2]-[CH2]-[NH1]-[*:2],19,-0.6870999999999989,279.07765826400004,0.2352475210112189,3.017652150757426,-0.1618252100408465,-0.3223478492425737,28,83,-6.3,-5.8
C[C@H](CS)C(=O)NC(=O)C(=O)O,C[C@H](CS)C(=O)N(CC(N)=O)C(=O)C(=O)O,[*]N[*],[*]N([*])CC(N)=O,[*:1]-[NH1]-[*:2]>>[*:1]-[NH0](-[*:2])-[CH2]-[CH0](-[NH2])=[OH0],20,-1.5225999999999995,248.046692484,0.4121667230379586,3.5195519308830754,0.0150939919858931,0.1795519308830755,28,84,-6.3,-6.6
C[C@H](CS)C(=O)NC(=O)C(=O)O,C[C@H](CS)C(=O)N(CC(N)=O)C(=O)C(=O)O,[*]N[*],[*]N([*])CC(N)=O,[*:1]-[NH1]-[*:2]>>[*:1]-[NH0](-[*:2])-[CH2]-[CH0](-[NH2])=[OH0],20,-1.5226000000000002,248.046692484,0.4121667230379586,3.5195519308830754,0.0150939919858931,0.1795519308830755,28,85,-6.3,-6.9
C[C@H](CS)C(=O)NC(=O)C(=O)O,CCCN(C(=O)C(=O)O)C(=O)[C@H](C)CS,[*]N[*],[*]N([*])CCC,[*:1]-[NH1]-[*:2]>>[*:1]-[NH0](-[*:2])-[CH2]-[CH2]-[CH3],143,0.4020999999999997,233.07217896,0.5442872306287609,3.409132950856879,0.1472144995766954,0.0691329508568792,28,86,-6.3,-6.0
C[C@H](CS)C(=O)NC(=O)C(=O)O,CCCN(C(=O)C(=O)O)C(=O)[C@H](C)CS,[*]N[*],[*]N([*])CCC,[*:1]-[NH1]-[*:2]>>[*:1]-[NH0](-[*:2])-[CH2]-[CH2]-[CH3],143,0.4020999999999997,233.07217896,0.5442872306287609,3.409132950856879,0.1472144995766954,0.0691329508568792,28,87,-6.3,-5.8
C[C@H](CS)C(=O)NC(=O)C(=O)O,C[C@H](CS)C(=O)NCCOC(=O)C(=O)O,[*]N[*],[*]OCCN[*],[*:1]-[NH1]-[*:2]>>[*:1]-[OH0]-[CH2]-[CH2]-[NH1]-[*:2],72,-0.7037000000000002,235.051443516,0.2533981054375863,3.0171415151670624,-0.1436746256144791,-0.3228584848329374,28,88,-6.3,-5.4
C[C@H](CS)C(=O)NC(=O)C(=O)O,C[C@H](CS)C(=O)NCCOC(=O)C(=O)O,[*]N[*],[*]OCCN[*],[*:1]-[NH1]-[*:2]>>[*:1]-[OH0]-[CH2]-[CH2]-[NH1]-[*:2],72,-0.7037000000000002,235.051443516,0.2533981054375863,3.0171415151670624,-0.1436746256144791,-0.3228584848329374,28,89,-6.3,-5.8
C[C@H](CS)C(=O)NC(=O)C(=O)O,C[C@H](CS)C(=O)N(C(=O)C(=O)O)S(C)(=O)=O,[*]N[*],[*]N([*])S(C)(=O)=O,[*:1]-[NH1]-[*:2]>>[*:1]-[NH0](-[*:2])-[SH0](-[CH3])(=[OH0])=[OH0],27,-1.0482999999999998,269.002779072,0.4997273685829483,3.652900066977749,0.1026546375308828,0.3129000669777495,28,90,-6.3,-6.8
C[C@H](CS)C(=O)NC(=O)C(=O)O,C[C@H](CS)C(=O)N(C(=O)C(=O)O)S(C)(=O)=O,[*]N[*],[*]N([*])S(C)(=O)=O,[*:1]-[NH1]-[*:2]>>[*:1]-[NH0](-[*:2])-[SH0](-[CH3])(=[OH0])=[OH0],27,-1.0482999999999998,269.002779072,0.4997273685829483,3.652900066977749,0.1026546375308828,0.3129000669777495,28,91,-6.3,-6.7
C[C@H](CS)C(=O)NC(=O)C(=O)O,C[C@H](CS)C(=O)N(C=O)C(=O)C(=O)O,[*]N[*],[*]N([*])C=O,[*:1]-[NH1]-[*:2]>>[*:1]-[NH0](-[*:2])-[CH1]=[OH0],18,-0.8515000000000004,219.020143388,0.3662062878004117,3.846095304963145,-0.0308664432516537,0.5060953049631447,28,92,-6.3,-6.6
C[C@H](CS)C(=O)NC(=O)C(=O)O,C[C@H](CS)C(=O)N(C=O)C(=O)C(=O)O,[*]N[*],[*]N([*])C=O,[*:1]-[NH1]-[*:2]>>[*:1]-[NH0](-[*:2])-[CH1]=[OH0],18,-0.8515000000000004,219.020143388,0.3662062878004117,3.846095304963145,-0.0308664432516537,0.5060953049631447,28,93,-6.3,-6.4
C[C@H](CS)C(=O)NC(=O)C(=O)O,C[C@H](CS)C(=O)N(C(=O)C(=O)O)C1CCCCC1,[*]N[*],[*]N([*])C1CCCCC1,[*:1]-[NH1]-[*:2]>>[*:1]-[NH0](-[*:2])-[CH1]1-[CH2]-[CH2]-[CH2]-[CH2]-[CH2]-1,23,1.3248,273.10347908800003,0.6006112148693282,3.2867088815266587,0.2035384838172627,-0.0532911184733411,28,94,-6.3,-5.0
C[C@H](CS)C(=O)NC(=O)C(=O)O,C[C@H](CS)C(=O)N(C(=O)C(=O)O)C1CCCCC1,[*]N[*],[*]N([*])C1CCCCC1,[*:1]-[NH1]-[*:2]>>[*:1]-[NH0](-[*:2])-[CH1]1-[CH2]-[CH2]-[CH2]-[CH2]-[CH2]-1,23,1.3247999999999998,273.10347908800003,0.6006112148693282,3.2867088815266587,0.2035384838172627,-0.0532911184733411,28,95,-6.3,-4.9
C[C@H](CS)C(=O)NC(=O)C(=O)O,C[C@H](CS)C(=O)NCCCNC(=O)C(=O)O,[*]N[*],[*]NCCCN[*],[*:1]-[NH1]-[*:2]>>[*:1]-[NH1]-[CH2]-[CH2]-[CH2]-[NH1]-[*:2],19,-0.7405999999999995,248.083077992,0.2827065211239526,2.869318579234724,-0.1143662099281128,-0.4706814207652758,28,96,-6.3,-6.0
C[C@H](CS)C(=O)NC(=O)C(=O)O,C[C@H](CS)C(=O)NCCCNC(=O)C(=O)O,[*]N[*],[*]NCCCN[*],[*:1]-[NH1]-[*:2]>>[*:1]-[NH1]-[CH2]-[CH2]-[CH2]-[NH1]-[*:2],19,-0.7405999999999995,248.083077992,0.2827065211239526,2.869318579234724,-0.1143662099281128,-0.4706814207652758,28,97,-6.3,-5.7
C[C@H](CS)C(=O)NC(=O)C(=O)O,C[C@H](CS)C(=O)N1CCC(OC(=O)C(=O)O)CC1,[*]N[*],[*]OC1CCN([*])CC1,[*:1]-[NH1]-[*:2]>>[*:1]-[OH0]-[CH1]1-[CH2]-[CH2]-[NH0](-[*:2])-[CH2]-[CH2]-1,17,0.1710999999999993,275.08274364400006,0.4356608188212812,3.0399531122958887,0.0385880877692157,-0.3000468877041111,28,98,-6.3,-4.6
C[C@H](CS)C(=O)NC(=O)C(=O)O,C[C@H](CS)C(=O)N1CCC(OC(=O)C(=O)O)CC1,[*]N[*],[*]OC1CCN([*])CC1,[*:1]-[NH1]-[*:2]>>[*:1]-[OH0]-[CH1]1-[CH2]-[CH2]-[NH0](-[*:2])-[CH2]-[CH2]-1,17,0.1710999999999993,275.08274364400006,0.4356608188212812,3.0399531122958887,0.0385880877692157,-0.3000468877041111,28,99,-6.3,-4.6
