INPUT-MOL-SMI,GEN-MOL-SMI,OLD-FRAG,NEW-FRAG,USED-REPLACEMENT-SMILES,USED-REPLACEMENT-FREQ,LOGP,MW,QED,SA,QED_DIFF,SA_DIFF,INPUT-MOL-IDX,GEN-MOL-IDX,INPUT-MOL-DOCKED-SCORE,GEN-MOL-DOCKED-SCORE
O=C(O)NCC1C(=O)N=C=NC1=O,O=C(O)CCC1C(=O)N=C=NC1=O,[*]N[*],[*]C[*],[*:1]-[NH1]-[*:2]>>[*:1]-[CH2]-[*:2],77,-0.2919000000000001,182.032756672,0.6061100585224207,3.987430958800036,0.0651165481055771,-0.1625690411999638,0,0,-7.1,-7.0
O=C(O)NCC1C(=O)N=C=NC1=O,O=C(O)CCC1C(=O)N=C=NC1=O,[*]N[*],[*]C[*],[*:1]-[NH1]-[*:2]>>[*:1]-[CH2]-[*:2],77,-0.2919000000000001,182.032756672,0.6061100585224207,3.987430958800036,0.0651165481055771,-0.1625690411999638,0,1,-7.1,-6.7
O=C(O)NCC1C(=O)N=C=NC1=O,O=C(O)CCCC1C(=O)N=C=NC1=O,[*]N[*],[*]CC[*],[*:1]-[NH1]-[*:2]>>[*:1]-[CH2]-[CH2]-[*:2],11,0.0982,196.048406736,0.6445009257532767,3.833723095813596,0.103507415336433,-0.3162769041864033,0,2,-7.1,-6.5
O=C(O)NCC1C(=O)N=C=NC1=O,O=C(O)CCCC1C(=O)N=C=NC1=O,[*]N[*],[*]CC[*],[*:1]-[NH1]-[*:2]>>[*:1]-[CH2]-[CH2]-[*:2],11,0.0981999999999997,196.048406736,0.6445009257532767,3.833723095813596,0.103507415336433,-0.3162769041864033,0,3,-7.1,-6.6
O=C(O)NCC1C(=O)N=C=NC1=O,O=C(O)NC(=O)C1C(=O)N=C=NC1=O,[*]C[*],[*]C([*])=O,[*:1]-[CH2]-[*:2]>>[*:1]-[CH0](-[*:2])=[OH0],901,-1.3625000000000005,197.007270196,0.5016809874962548,4.205765408976961,-0.0393125229205888,0.0557654089769616,0,4,-7.1,-7.2
O=C(O)NCC1C(=O)N=C=NC1=O,O=C(O)NC(=O)C1C(=O)N=C=NC1=O,[*]C[*],[*]C([*])=O,[*:1]-[CH2]-[*:2]>>[*:1]-[CH0](-[*:2])=[OH0],901,-1.3625000000000005,197.007270196,0.5016809874962548,4.205765408976961,-0.0393125229205888,0.0557654089769616,0,5,-7.1,-7.2
O=C(O)NCC1C(=O)N=C=NC1=O,O=C(O)OCC1C(=O)N=C=NC1=O,[*]N[*],[*]O[*],[*:1]-[NH1]-[*:2]>>[*:1]-[OH0]-[*:2],1876,-0.4621000000000002,184.012021228,0.4611947594496221,4.168439750008826,-0.0797987509672215,0.0184397500088264,0,6,-7.1,-7.0
O=C(O)NCC1C(=O)N=C=NC1=O,O=C(O)OCC1C(=O)N=C=NC1=O,[*]N[*],[*]O[*],[*:1]-[NH1]-[*:2]>>[*:1]-[OH0]-[*:2],1876,-0.4621000000000002,184.012021228,0.4611947594496221,4.168439750008826,-0.0797987509672215,0.0184397500088264,0,7,-7.1,-6.6
O=C(O)NCC1C(=O)N=C=NC1=O,O=C(O)NC(=O)CC1C(=O)N=C=NC1=O,[*]N[*],[*]NC([*])=O,[*:1]-[NH1]-[*:2]>>[*:1]-[NH1]-[CH0](-[*:2])=[OH0],131,-0.9724000000000004,211.02292026,0.5679171018562964,4.035838118803916,0.0269235914394527,-0.1141618811960833,0,8,-7.1,-7.5
O=C(O)NCC1C(=O)N=C=NC1=O,O=C(O)C(=O)NCC1C(=O)N=C=NC1=O,[*]N[*],[*]NC([*])=O,[*:1]-[NH1]-[*:2]>>[*:1]-[NH1]-[CH0](-[*:2])=[OH0],131,-1.9559,211.02292026,0.4049887417113688,3.97014504188084,-0.1360047687054748,-0.1798549581191597,0,9,-7.1,-7.2
O=C(O)NCC1C(=O)N=C=NC1=O,CN(CC1C(=O)N=C=NC1=O)C(=O)O,[*]N[*],[*]N([*])C,[*:1]-[NH1]-[*:2]>>[*:1]-[NH0](-[*:2])-[CH3],2052,-0.5468999999999999,197.043655704,0.600136996672305,4.179846905858458,0.0591434862554614,0.0298469058584585,0,10,-7.1,-6.7
O=C(O)NCC1C(=O)N=C=NC1=O,CN(CC1C(=O)N=C=NC1=O)C(=O)O,[*]N[*],[*]N([*])C,[*:1]-[NH1]-[*:2]>>[*:1]-[NH0](-[*:2])-[CH3],2052,-0.5468999999999999,197.043655704,0.600136996672305,4.179846905858458,0.0591434862554614,0.0298469058584585,0,11,-7.1,-6.6
O=C(O)NCC1C(=O)N=C=NC1=O,O=C(O)COCC1C(=O)N=C=NC1=O,[*]N[*],[*]OC[*],[*:1]-[NH1]-[*:2]>>[*:1]-[OH0]-[CH2]-[*:2],105,-1.0555,198.027671292,0.5795754133355356,3.999519856947199,0.038581902918692,-0.1504801430528006,0,12,-7.1,-6.6
O=C(O)NCC1C(=O)N=C=NC1=O,O=C(O)COCC1C(=O)N=C=NC1=O,[*]N[*],[*]OC[*],[*:1]-[NH1]-[*:2]>>[*:1]-[OH0]-[CH2]-[*:2],105,-1.0555,198.027671292,0.5795754133355356,3.999519856947199,0.038581902918692,-0.1504801430528006,0,13,-7.1,-6.5
O=C(O)NCC1C(=O)N=C=NC1=O,O=C(O)NC(=O)OC1C(=O)N=C=NC1=O,[*]C[*],[*]C(=O)O[*],[*:1]-[CH2]-[*:2]>>[*:1]-[CH0](=[OH0])-[OH0]-[*:2],13,-1.0001,213.002184816,0.5360140989965602,4.110638503419301,-0.0049794114202834,-0.0393614965806987,0,14,-7.1,-7.3
O=C(O)NCC1C(=O)N=C=NC1=O,O=C(O)NOC(=O)C1C(=O)N=C=NC1=O,[*]C[*],[*]C(=O)O[*],[*:1]-[CH2]-[*:2]>>[*:1]-[CH0](=[OH0])-[OH0]-[*:2],13,-1.4309000000000005,213.002184816,0.4045384167905098,4.368647734188532,-0.1364550936263338,0.218647734188532,0,15,-7.1,-8.1
O=C(O)NCC1C(=O)N=C=NC1=O,O=C(O)NCCC1C(=O)N=C=NC1=O,[*]N[*],[*]NC[*],[*:1]-[NH1]-[*:2]>>[*:1]-[NH1]-[CH2]-[*:2],1418,-0.4989999999999999,197.043655704,0.5941820147563694,4.01038908771643,0.0531885043395258,-0.1396109122835698,0,16,-7.1,-6.8
O=C(O)NCC1C(=O)N=C=NC1=O,O=C(O)CNCC1C(=O)N=C=NC1=O,[*]N[*],[*]NC[*],[*:1]-[NH1]-[*:2]>>[*:1]-[NH1]-[CH2]-[*:2],1418,-1.4824999999999997,197.043655704,0.5339288831057335,4.054911759781207,-0.0070646273111101,-0.0950882402187929,0,17,-7.1,-6.7
O=C(O)NCC1C(=O)N=C=NC1=O,O=C(O)NCC(=O)C1C(=O)N=C=NC1=O,[*]C[*],[*]C(=O)C[*],[*:1]-[CH2]-[*:2]>>[*:1]-[CH0](=[OH0])-[CH2]-[*:2],123,-1.3199999999999998,211.02292026,0.5596846984789973,4.119742349573147,0.0186911880621536,-0.0302576504268525,0,18,-7.1,-7.0
O=C(O)NCC1C(=O)N=C=NC1=O,O=C(O)NC(=O)CC1C(=O)N=C=NC1=O,[*]C[*],[*]C(=O)C[*],[*:1]-[CH2]-[*:2]>>[*:1]-[CH0](=[OH0])-[CH2]-[*:2],123,-0.9724000000000004,211.02292026,0.5679171018562964,4.035838118803916,0.0269235914394527,-0.1141618811960833,0,19,-7.1,-7.6
O=C(O)NCC1C(=O)N=C=NC1=O,CN(CCC1C(=O)N=C=NC1=O)C(=O)O,[*]N[*],[*]N(C)C[*],[*:1]-[NH1]-[*:2]>>[*:1]-[NH0](-[CH3])-[CH2]-[*:2],69,-0.1568000000000001,211.059305768,0.6554237355124686,4.059096195726995,0.1144302250956249,-0.0909038042730046,0,20,-7.1,-6.9
O=C(O)NCC1C(=O)N=C=NC1=O,CN(CC(=O)O)CC1C(=O)N=C=NC1=O,[*]N[*],[*]N(C)C[*],[*:1]-[NH1]-[*:2]>>[*:1]-[NH0](-[CH3])-[CH2]-[*:2],69,-1.1402999999999992,211.059305768,0.5922721732562661,3.9860508111116095,0.0512786628394225,-0.1639491888883899,0,21,-7.1,-6.7
O=C(O)NCC1C(=O)N=C=NC1=O,O=C(O)C(=O)CC1C(=O)N=C=NC1=O,[*]N[*],[*]C([*])=O,[*:1]-[NH1]-[*:2]>>[*:1]-[CH0](-[*:2])=[OH0],41,-1.1129000000000002,196.012021228,0.4535866146555135,4.15624482685638,-0.0874068957613301,0.0062448268563803,0,22,-7.1,-6.9
O=C(O)NCC1C(=O)N=C=NC1=O,O=C(O)C(=O)CC1C(=O)N=C=NC1=O,[*]N[*],[*]C([*])=O,[*:1]-[NH1]-[*:2]>>[*:1]-[CH0](-[*:2])=[OH0],41,-1.1129000000000002,196.012021228,0.4535866146555135,4.15624482685638,-0.0874068957613301,0.0062448268563803,0,23,-7.1,-6.9
O=C(O)NCC1C(=O)N=C=NC1=O,O=C(O)NC(=O)NC1C(=O)N=C=NC1=O,[*]C[*],[*]C(=O)N[*],[*:1]-[CH2]-[*:2]>>[*:1]-[CH0](=[OH0])-[NH1]-[*:2],115,-1.4271,212.018169228,0.4573650267138668,4.062377734188532,-0.0836284837029767,-0.0876222658114675,0,24,-7.1,-6.9
O=C(O)NCC1C(=O)N=C=NC1=O,O=C(O)NNC(=O)C1C(=O)N=C=NC1=O,[*]C[*],[*]C(=O)N[*],[*:1]-[CH2]-[*:2]>>[*:1]-[CH0](=[OH0])-[NH1]-[*:2],115,-1.857899999999999,212.018169228,0.3454297902727584,4.068861195726994,-0.1955637201440852,-0.0811388042730056,0,25,-7.1,-7.7
O=C(O)NCC1C(=O)N=C=NC1=O,O=C(O)NCCC1C(=O)N=C=NC1=O,[*]C[*],[*]CC[*],[*:1]-[CH2]-[*:2]>>[*:1]-[CH2]-[CH2]-[*:2],1929,-0.4989999999999999,197.043655704,0.5941820147563694,4.01038908771643,0.0531885043395258,-0.1396109122835698,0,26,-7.1,-6.8
O=C(O)NCC1C(=O)N=C=NC1=O,O=C(O)NCCC1C(=O)N=C=NC1=O,[*]C[*],[*]CC[*],[*:1]-[CH2]-[*:2]>>[*:1]-[CH2]-[CH2]-[*:2],1929,-0.4989999999999999,197.043655704,0.5941820147563694,4.01038908771643,0.0531885043395258,-0.1396109122835698,0,27,-7.1,-6.8
O=C(O)NCC1C(=O)N=C=NC1=O,O=C(O)OC(=O)NCC1C(=O)N=C=NC1=O,[*]N[*],[*]OC(=O)N[*],[*:1]-[NH1]-[*:2]>>[*:1]-[OH0]-[CH0](=[OH0])-[NH1]-[*:2],45,-0.7525000000000002,227.01783488,0.470163503423375,4.144757062110408,-0.0708300069934685,-0.0052429378895917,0,28,-7.1,-7.2
O=C(O)NCC1C(=O)N=C=NC1=O,O=C(O)NC(=O)OCC1C(=O)N=C=NC1=O,[*]N[*],[*]OC(=O)N[*],[*:1]-[NH1]-[*:2]>>[*:1]-[OH0]-[CH0](=[OH0])-[NH1]-[*:2],45,-0.7525000000000002,227.01783488,0.5954245711219078,3.8998958814306217,0.0544310607050642,-0.2501041185693777,0,29,-7.1,-7.3
O=C(O)NCC1C(=O)N=C=NC1=O,O=C(O)CC(=O)NCC1C(=O)N=C=NC1=O,[*]N[*],[*]NC(=O)C[*],[*:1]-[NH1]-[*:2]>>[*:1]-[NH1]-[CH0](=[OH0])-[CH2]-[*:2],10,-1.565799999999999,225.038570324,0.5590552381429245,3.831631122933305,0.0180617277260808,-0.3183688770666943,0,30,-7.1,-7.1
O=C(O)NCC1C(=O)N=C=NC1=O,O=C(O)CC(=O)NCC1C(=O)N=C=NC1=O,[*]N[*],[*]NC(=O)C[*],[*:1]-[NH1]-[*:2]>>[*:1]-[NH1]-[CH0](=[OH0])-[CH2]-[*:2],10,-1.565799999999999,225.038570324,0.5590552381429245,3.831631122933305,0.0180617277260808,-0.3183688770666943,0,31,-7.1,-7.1
O=C(O)NCC1C(=O)N=C=NC1=O,CCN(CC1C(=O)N=C=NC1=O)C(=O)O,[*]N[*],[*]N([*])CC,[*:1]-[NH1]-[*:2]>>[*:1]-[NH0](-[*:2])-[CH2]-[CH3],549,-0.1568000000000001,211.059305768,0.6554237355124686,4.058092349573148,0.1144302250956249,-0.0919076504268519,0,32,-7.1,-6.4
O=C(O)NCC1C(=O)N=C=NC1=O,CCN(CC1C(=O)N=C=NC1=O)C(=O)O,[*]N[*],[*]N([*])CC,[*:1]-[NH1]-[*:2]>>[*:1]-[NH0](-[*:2])-[CH2]-[CH3],549,-0.1568000000000001,211.059305768,0.6554237355124686,4.058092349573148,0.1144302250956249,-0.0919076504268519,0,33,-7.1,-6.4
O=C(O)NCC1C(=O)N=C=NC1=O,O=C(O)OCCCC1C(=O)N=C=NC1=O,[*]N[*],[*]OCC[*],[*:1]-[NH1]-[*:2]>>[*:1]-[OH0]-[CH2]-[CH2]-[*:2],17,0.3180999999999997,212.043321356,0.4099765854720573,3.95079090492024,-0.1310169249447863,-0.1992090950797598,0,34,-7.1,-6.4
O=C(O)NCC1C(=O)N=C=NC1=O,O=C(O)OCCCC1C(=O)N=C=NC1=O,[*]N[*],[*]OCC[*],[*:1]-[NH1]-[*:2]>>[*:1]-[OH0]-[CH2]-[CH2]-[*:2],17,0.3180999999999997,212.043321356,0.4099765854720573,3.95079090492024,-0.1310169249447863,-0.1992090950797598,0,35,-7.1,-6.5
O=C(O)NCC1C(=O)N=C=NC1=O,CC(C)(CC1C(=O)N=C=NC1=O)NC(=O)O,[*]C[*],[*]CC([*])(C)C,[*:1]-[CH2]-[*:2]>>[*:1]-[CH2]-[CH0](-[*:2])(-[CH3])-[CH3],12,0.2796,225.074955832,0.6720626943166488,4.169605618205475,0.1310691838998051,0.0196056182054755,0,36,-7.1,-7.0
O=C(O)NCC1C(=O)N=C=NC1=O,CC(C)(CNC(=O)O)C1C(=O)N=C=NC1=O,[*]C[*],[*]CC([*])(C)C,[*:1]-[CH2]-[*:2]>>[*:1]-[CH2]-[CH0](-[*:2])(-[CH3])-[CH3],12,0.1370999999999997,225.074955832,0.6654374340529652,4.139796826996683,0.1244439236361215,-0.0102031730033163,0,37,-7.1,-7.2
O=C(O)NCC1C(=O)N=C=NC1=O,O=C1N=C=NC(=O)C1CN1CCN(C(=O)O)CC1,[*]N[*],[*]N1CCN([*])CC1,[*:1]-[NH1]-[*:2]>>[*:1]-[NH0]1-[CH2]-[CH2]-[NH0](-[*:2])-[CH2]-[CH2]-1,225,-0.8610999999999984,252.085854864,0.6439603066162018,3.507688656761146,0.1029667961993582,-0.6423113432388536,0,38,-7.1,-5.7
O=C(O)NCC1C(=O)N=C=NC1=O,O=C1N=C=NC(=O)C1CN1CCN(C(=O)O)CC1,[*]N[*],[*]N1CCN([*])CC1,[*:1]-[NH1]-[*:2]>>[*:1]-[NH0]1-[CH2]-[CH2]-[NH0](-[*:2])-[CH2]-[CH2]-1,225,-0.8610999999999984,252.085854864,0.6439603066162018,3.507688656761146,0.1029667961993582,-0.6423113432388536,0,39,-7.1,-5.7
O=C(O)NCC1C(=O)N=C=NC1=O,CN(CCC(=O)O)CC1C(=O)N=C=NC1=O,[*]N[*],[*]N(C)CC[*],[*:1]-[NH1]-[*:2]>>[*:1]-[NH0](-[CH3])-[CH2]-[CH2]-[*:2],10,-0.7502000000000004,225.074955832,0.620368163456062,3.8313638599637168,0.0793746530392184,-0.3186361400362827,0,40,-7.1,-6.0
O=C(O)NCC1C(=O)N=C=NC1=O,CN(CCC(=O)O)CC1C(=O)N=C=NC1=O,[*]N[*],[*]N(C)CC[*],[*:1]-[NH1]-[*:2]>>[*:1]-[NH0](-[CH3])-[CH2]-[CH2]-[*:2],10,-0.7502000000000004,225.074955832,0.620368163456062,3.8313638599637168,0.0793746530392184,-0.3186361400362827,0,41,-7.1,-6.0
O=C(O)NCC1C(=O)N=C=NC1=O,CC(=O)N(CC1C(=O)N=C=NC1=O)C(=O)O,[*]N[*],[*]N([*])C(C)=O,[*:1]-[NH1]-[*:2]>>[*:1]-[NH0](-[*:2])-[CH0](-[CH3])=[OH0],56,-0.6301999999999999,225.038570324,0.6276280043760329,4.177145178645034,0.0866344939591893,0.0271451786450347,0,42,-7.1,-6.8
O=C(O)NCC1C(=O)N=C=NC1=O,CC(=O)N(CC1C(=O)N=C=NC1=O)C(=O)O,[*]N[*],[*]N([*])C(C)=O,[*:1]-[NH1]-[*:2]>>[*:1]-[NH0](-[*:2])-[CH0](-[CH3])=[OH0],56,-0.6301999999999999,225.038570324,0.6276280043760329,4.177145178645034,0.0866344939591893,0.0271451786450347,0,43,-7.1,-6.8
O=C(O)NCC1C(=O)N=C=NC1=O,O=C(O)NNC(=O)CC1C(=O)N=C=NC1=O,[*]C[*],[*]CC(=O)N[*],[*:1]-[CH2]-[*:2]>>[*:1]-[CH2]-[CH0](=[OH0])-[NH1]-[*:2],29,-1.4677999999999989,226.033819292,0.3895952677598382,3.957296239212376,-0.1513982426570054,-0.1927037607876238,0,44,-7.1,-8.0
O=C(O)NCC1C(=O)N=C=NC1=O,O=C(O)NNC(=O)CC1C(=O)N=C=NC1=O,[*]C[*],[*]CC(=O)N[*],[*:1]-[CH2]-[*:2]>>[*:1]-[CH2]-[CH0](=[OH0])-[NH1]-[*:2],29,-1.4677999999999989,226.033819292,0.3895952677598382,3.957296239212376,-0.1513982426570054,-0.1927037607876238,0,45,-7.1,-8.0
O=C(O)NCC1C(=O)N=C=NC1=O,O=C(O)NC(=O)OCC1C(=O)N=C=NC1=O,[*]C[*],[*]C(=O)OC[*],[*:1]-[CH2]-[*:2]>>[*:1]-[CH0](=[OH0])-[OH0]-[CH2]-[*:2],52,-0.7525000000000002,227.01783488,0.5954245711219078,3.8998958814306217,0.0544310607050642,-0.2501041185693777,0,46,-7.1,-7.3
O=C(O)NCC1C(=O)N=C=NC1=O,O=C(O)NC(=O)OCC1C(=O)N=C=NC1=O,[*]C[*],[*]C(=O)OC[*],[*:1]-[CH2]-[*:2]>>[*:1]-[CH0](=[OH0])-[OH0]-[CH2]-[*:2],52,-0.7525000000000002,227.01783488,0.5954245711219078,3.8998958814306217,0.0544310607050642,-0.2501041185693777,0,47,-7.1,-7.3
O=C(O)NCC1C(=O)N=C=NC1=O,O=C(O)NOCC(=O)C1C(=O)N=C=NC1=O,[*]C[*],[*]C(=O)CO[*],[*:1]-[CH2]-[*:2]>>[*:1]-[CH0](=[OH0])-[CH2]-[OH0]-[*:2],14,-1.3883999999999992,227.01783488,0.4480979153408293,4.306003573738314,-0.0928955950760143,0.1560035737383147,0,48,-7.1,-7.7
O=C(O)NCC1C(=O)N=C=NC1=O,O=C(O)NC(=O)COC1C(=O)N=C=NC1=O,[*]C[*],[*]C(=O)CO[*],[*:1]-[CH2]-[*:2]>>[*:1]-[CH0](=[OH0])-[CH2]-[OH0]-[*:2],14,-1.593499999999999,227.01783488,0.5575725552739225,4.035916632772304,0.0165790448570788,-0.1140833672276953,0,49,-7.1,-7.3
O=C(O)NCC1C(=O)N=C=NC1=O,O=C1N=C=NC(=O)C1CN(C(=O)O)C1CC1,[*]N[*],[*]N([*])C1CC1,[*:1]-[NH1]-[*:2]>>[*:1]-[NH0](-[*:2])-[CH1]1-[CH2]-[CH2]-1,32,-0.0143000000000002,223.059305768,0.6795624319488638,3.961405004865327,0.1385689215320201,-0.1885949951346726,0,50,-7.1,-6.5
O=C(O)NCC1C(=O)N=C=NC1=O,O=C1N=C=NC(=O)C1CN(C(=O)O)C1CC1,[*]N[*],[*]N([*])C1CC1,[*:1]-[NH1]-[*:2]>>[*:1]-[NH0](-[*:2])-[CH1]1-[CH2]-[CH2]-1,32,-0.0143,223.059305768,0.6795624319488638,3.961405004865327,0.1385689215320201,-0.1885949951346726,0,51,-7.1,-6.5
O=C(O)NCC1C(=O)N=C=NC1=O,O=C(O)NCCCC1C(=O)N=C=NC1=O,[*]N[*],[*]NCC[*],[*:1]-[NH1]-[*:2]>>[*:1]-[NH1]-[CH2]-[CH2]-[*:2],333,-0.1089,211.059305768,0.499118684084449,3.84570535144932,-0.0418748263323945,-0.3042946485506794,0,52,-7.1,-6.6
O=C(O)NCC1C(=O)N=C=NC1=O,O=C(O)CCNCC1C(=O)N=C=NC1=O,[*]N[*],[*]NCC[*],[*:1]-[NH1]-[*:2]>>[*:1]-[NH1]-[CH2]-[CH2]-[*:2],333,-1.0923999999999998,211.059305768,0.4432620305721244,3.870861449010296,-0.0977314798447192,-0.2791385509897033,0,53,-7.1,-6.8
O=C(O)NCC1C(=O)N=C=NC1=O,O=C(O)SCC1C(=O)N=C=NC1=O,[*]N[*],[*]S[*],[*:1]-[NH1]-[*:2]>>[*:1]-[SH0]-[*:2],221,0.2545,199.989177608,0.6444205533146363,4.638872717041792,0.1034270428977927,0.4888727170417928,0,54,-7.1,-6.3
O=C(O)NCC1C(=O)N=C=NC1=O,O=C(O)SCC1C(=O)N=C=NC1=O,[*]N[*],[*]S[*],[*:1]-[NH1]-[*:2]>>[*:1]-[SH0]-[*:2],221,0.2545,199.989177608,0.6444205533146363,4.638872717041792,0.1034270428977927,0.4888727170417928,0,55,-7.1,-6.4
O=C(O)NCC1C(=O)N=C=NC1=O,O=C(O)C(O)CC1C(=O)N=C=NC1=O,[*]N[*],[*]C([*])O,[*:1]-[NH1]-[*:2]>>[*:1]-[CH1](-[*:2])-[OH1],16,-1.3211000000000004,198.027671292,0.5451646864231208,4.653950808378649,0.0041711760062771,0.5039508083786499,0,56,-7.1,-7.2
O=C(O)NCC1C(=O)N=C=NC1=O,O=C(O)C(O)CC1C(=O)N=C=NC1=O,[*]N[*],[*]C([*])O,[*:1]-[NH1]-[*:2]>>[*:1]-[CH1](-[*:2])-[OH1],16,-1.3211000000000002,198.027671292,0.5451646864231208,4.653950808378649,0.0041711760062771,0.5039508083786499,0,57,-7.1,-7.2
O=C(O)NCC1C(=O)N=C=NC1=O,O=C1N=C=NC(=O)C1CN(C(=O)O)C1CCC1,[*]N[*],[*]N([*])C1CCC1,[*:1]-[NH1]-[*:2]>>[*:1]-[NH0](-[*:2])-[CH1]1-[CH2]-[CH2]-[CH2]-1,10,0.3757999999999998,237.074955832,0.7166947000723081,3.850294675486042,0.1757011896554644,-0.2997053245139573,0,58,-7.1,-6.3
O=C(O)NCC1C(=O)N=C=NC1=O,O=C1N=C=NC(=O)C1CN(C(=O)O)C1CCC1,[*]N[*],[*]N([*])C1CCC1,[*:1]-[NH1]-[*:2]>>[*:1]-[NH0](-[*:2])-[CH1]1-[CH2]-[CH2]-[CH2]-1,10,0.3757999999999998,237.074955832,0.7166947000723081,3.850294675486042,0.1757011896554644,-0.2997053245139573,0,59,-7.1,-6.3
O=C(O)NCC1C(=O)N=C=NC1=O,O=C(O)NC(=O)NCC1C(=O)N=C=NC1=O,[*]C[*],[*]C(=O)NC[*],[*:1]-[CH2]-[*:2]>>[*:1]-[CH0](=[OH0])-[NH1]-[CH2]-[*:2],28,-1.1794999999999998,226.033819292,0.5085989856666666,3.9850368474413553,-0.032394524750177,-0.1649631525586441,0,60,-7.1,-7.6
O=C(O)NCC1C(=O)N=C=NC1=O,O=C(O)NCNC(=O)C1C(=O)N=C=NC1=O,[*]C[*],[*]C(=O)NC[*],[*:1]-[CH2]-[*:2]>>[*:1]-[CH0](=[OH0])-[NH1]-[CH2]-[*:2],28,-1.8153999999999983,226.033819292,0.3841259876270171,4.080671910053162,-0.1568675227898264,-0.0693280899468371,0,61,-7.1,-7.9
O=C(O)NCC1C(=O)N=C=NC1=O,O=C1N=C=NC(=O)C1CN1CCCN(C(=O)O)CC1,[*]N[*],[*]N1CCCN([*])CC1,[*:1]-[NH1]-[*:2]>>[*:1]-[NH0]1-[CH2]-[CH2]-[CH2]-[NH0](-[*:2])-[CH2]-[CH2]-1,10,-0.470999999999999,266.101504928,0.6804543326920224,3.466065198967188,0.1394608222751787,-0.6839348010328115,0,62,-7.1,-5.4
O=C(O)NCC1C(=O)N=C=NC1=O,O=C1N=C=NC(=O)C1CN1CCCN(C(=O)O)CC1,[*]N[*],[*]N1CCCN([*])CC1,[*:1]-[NH1]-[*:2]>>[*:1]-[NH0]1-[CH2]-[CH2]-[CH2]-[NH0](-[*:2])-[CH2]-[CH2]-1,10,-0.470999999999999,266.101504928,0.6804543326920224,3.466065198967188,0.1394608222751787,-0.6839348010328115,0,63,-7.1,-5.4
O=C(O)NCC1C(=O)N=C=NC1=O,O=C(O)NC1(C2C(=O)N=C=NC2=O)CC1,[*]C[*],[*]C1([*])CC1,[*:1]-[CH2]-[*:2]>>[*:1]-[CH0]1(-[*:2])-[CH2]-[CH2]-1,43,-0.3565000000000003,209.043655704,0.6051751550887767,4.298980811111609,0.0641816446719331,0.1489808111116097,0,64,-7.1,-7.6
O=C(O)NCC1C(=O)N=C=NC1=O,O=C(O)NC1(C2C(=O)N=C=NC2=O)CC1,[*]C[*],[*]C1([*])CC1,[*:1]-[CH2]-[*:2]>>[*:1]-[CH0]1(-[*:2])-[CH2]-[CH2]-1,43,-0.3565000000000003,209.043655704,0.6051751550887767,4.298980811111609,0.0641816446719331,0.1489808111116097,0,65,-7.1,-7.6
O=C(O)NCC1C(=O)N=C=NC1=O,O=C(O)CSCC1C(=O)N=C=NC1=O,[*]N[*],[*]CS[*],[*:1]-[NH1]-[*:2]>>[*:1]-[CH2]-[SH0]-[*:2],12,-0.3389000000000002,214.004827672,0.645647695127309,4.169681800267037,0.1046541847104653,0.0196818002670378,0,66,-7.1,-6.1
O=C(O)NCC1C(=O)N=C=NC1=O,O=C(O)SCCC1C(=O)N=C=NC1=O,[*]N[*],[*]CS[*],[*:1]-[NH1]-[*:2]>>[*:1]-[CH2]-[SH0]-[*:2],12,0.6446000000000001,214.004827672,0.6953103097634576,4.532370869092948,0.154316799346614,0.3823708690929486,0,67,-7.1,-6.3
O=C(O)NCC1C(=O)N=C=NC1=O,O=C(O)NCCC(=O)C1C(=O)N=C=NC1=O,[*]C[*],[*]C(=O)CC[*],[*:1]-[CH2]-[*:2]>>[*:1]-[CH0](=[OH0])-[CH2]-[CH2]-[*:2],33,-0.9299000000000002,225.038570324,0.5975598068436823,3.858144897530801,0.0565662964268386,-0.2918551024691984,0,68,-7.1,-7.2
O=C(O)NCC1C(=O)N=C=NC1=O,O=C(O)NCCC(=O)C1C(=O)N=C=NC1=O,[*]C[*],[*]C(=O)CC[*],[*:1]-[CH2]-[*:2]>>[*:1]-[CH0](=[OH0])-[CH2]-[CH2]-[*:2],33,-0.9299000000000002,225.038570324,0.5975598068436823,3.858144897530801,0.0565662964268386,-0.2918551024691984,0,69,-7.1,-6.8
O=C(O)NCC1C(=O)N=C=NC1=O,C[C@@H](NC(=O)O)C1C(=O)N=C=NC1=O,[*]C[*],[*][C@H]([*])C,[*:1]-[CH2]-[*:2]>>[*:1]-[C@H1](-[*:2])-[CH3],224,-0.5006000000000002,197.043655704,0.581280358971821,4.635262242890084,0.0402868485549773,0.4852622428900845,0,70,-7.1,-7.0
O=C(O)NCC1C(=O)N=C=NC1=O,C[C@@H](NC(=O)O)C1C(=O)N=C=NC1=O,[*]C[*],[*][C@H]([*])C,[*:1]-[CH2]-[*:2]>>[*:1]-[C@H1](-[*:2])-[CH3],224,-0.5006000000000002,197.043655704,0.581280358971821,4.635262242890084,0.0402868485549773,0.4852622428900845,0,71,-7.1,-7.0
O=C(O)NCC1C(=O)N=C=NC1=O,C[C@H](NC(=O)O)C1C(=O)N=C=NC1=O,[*]C[*],[*][C@@H]([*])C,[*:1]-[CH2]-[*:2]>>[*:1]-[C@@H1](-[*:2])-[CH3],308,-0.5006000000000002,197.043655704,0.581280358971821,4.635262242890084,0.0402868485549773,0.4852622428900845,0,72,-7.1,-7.1
O=C(O)NCC1C(=O)N=C=NC1=O,C[C@@H](NC(=O)O)C1C(=O)N=C=NC1=O,[*]C[*],[*][C@@H]([*])C,[*:1]-[CH2]-[*:2]>>[*:1]-[C@@H1](-[*:2])-[CH3],308,-0.5006000000000002,197.043655704,0.581280358971821,4.635262242890084,0.0402868485549773,0.4852622428900845,0,73,-7.1,-7.0
O=C(O)NCC1C(=O)N=C=NC1=O,CC(C)(NC(=O)O)C1C(=O)N=C=NC1=O,[*]C[*],[*]C([*])(C)C,[*:1]-[CH2]-[*:2]>>[*:1]-[CH0](-[*:2])(-[CH3])-[CH3],77,-0.1105000000000003,211.059305768,0.6207892555671578,4.253469213478473,0.0797957451503141,0.1034692134784736,0,74,-7.1,-6.9
O=C(O)NCC1C(=O)N=C=NC1=O,CC(C)(NC(=O)O)C1C(=O)N=C=NC1=O,[*]C[*],[*]C([*])(C)C,[*:1]-[CH2]-[*:2]>>[*:1]-[CH0](-[*:2])(-[CH3])-[CH3],77,-0.1105000000000003,211.059305768,0.6207892555671578,4.253469213478473,0.0797957451503141,0.1034692134784736,0,75,-7.1,-6.9
O=C(O)NCC1C(=O)N=C=NC1=O,O=C(O)NC(=O)NCC1C(=O)N=C=NC1=O,[*]N[*],[*]NC(=O)N[*],[*:1]-[NH1]-[*:2]>>[*:1]-[NH1]-[CH0](=[OH0])-[NH1]-[*:2],40,-1.179499999999999,226.033819292,0.5085989856666666,3.9850368474413553,-0.032394524750177,-0.1649631525586441,0,76,-7.1,-7.6
O=C(O)NCC1C(=O)N=C=NC1=O,O=C(O)NC(=O)NCC1C(=O)N=C=NC1=O,[*]N[*],[*]NC(=O)N[*],[*:1]-[NH1]-[*:2]>>[*:1]-[NH1]-[CH0](=[OH0])-[NH1]-[*:2],40,-1.1794999999999998,226.033819292,0.5085989856666666,3.9850368474413553,-0.032394524750177,-0.1649631525586441,0,77,-7.1,-7.6
O=C(O)NCC1C(=O)N=C=NC1=O,CC(C)N(CC1C(=O)N=C=NC1=O)C(=O)O,[*]N[*],[*]N([*])C(C)C,[*:1]-[NH1]-[*:2]>>[*:1]-[NH0](-[*:2])-[CH1](-[CH3])-[CH3],95,0.2316999999999997,225.074955832,0.694656536919496,4.01850122260108,0.1536630265026524,-0.13149877739892,0,78,-7.1,-6.4
O=C(O)NCC1C(=O)N=C=NC1=O,CC(C)N(CC1C(=O)N=C=NC1=O)C(=O)O,[*]N[*],[*]N([*])C(C)C,[*:1]-[NH1]-[*:2]>>[*:1]-[NH0](-[*:2])-[CH1](-[CH3])-[CH3],95,0.2316999999999997,225.074955832,0.694656536919496,4.01850122260108,0.1536630265026524,-0.13149877739892,0,79,-7.1,-6.4
O=C(O)NCC1C(=O)N=C=NC1=O,O=C1N=C=NC(=O)C1CC1CCN(C(=O)O)CC1,[*]N[*],[*]N1CCC([*])CC1,[*:1]-[NH1]-[*:2]>>[*:1]-[NH0]1-[CH2]-[CH2]-[CH1](-[*:2])-[CH2]-[CH2]-1,24,0.6234,251.090605896,0.7269952662821909,3.6341234259919153,0.1860017558653472,-0.5158765740080842,0,80,-7.1,-5.3
O=C(O)NCC1C(=O)N=C=NC1=O,O=C1N=C=NC(=O)C1CC1CCN(C(=O)O)CC1,[*]N[*],[*]N1CCC([*])CC1,[*:1]-[NH1]-[*:2]>>[*:1]-[NH0]1-[CH2]-[CH2]-[CH1](-[*:2])-[CH2]-[CH2]-1,24,0.6234,251.090605896,0.7269952662821909,3.6341234259919153,0.1860017558653472,-0.5158765740080842,0,81,-7.1,-5.3
O=C(O)NCC1C(=O)N=C=NC1=O,O=C1N=C=NC(=O)C1COC1CN(C(=O)O)C1,[*]N[*],[*]OC1CN([*])C1,[*:1]-[NH1]-[*:2]>>[*:1]-[OH0]-[CH1]1-[CH2]-[NH0](-[*:2])-[CH2]-1,10,-0.7778999999999998,239.054220388,0.6497146623231901,3.9590833042485833,0.1087211519063464,-0.1909166957514161,0,82,-7.1,-6.9
O=C(O)NCC1C(=O)N=C=NC1=O,O=C(O)OC1CN(CC2C(=O)N=C=NC2=O)C1,[*]N[*],[*]OC1CN([*])C1,[*:1]-[NH1]-[*:2]>>[*:1]-[OH0]-[CH1]1-[CH2]-[NH0](-[*:2])-[CH2]-1,10,-0.7778999999999998,239.054220388,0.5109089874220135,3.999351531673332,-0.0300845229948301,-0.1506484683266675,0,83,-7.1,-5.7
O=C(O)NCC1C(=O)N=C=NC1=O,CC(NC(=O)O)C1C(=O)N=C=NC1=O,[*]C[*],[*]C([*])C,[*:1]-[CH2]-[*:2]>>[*:1]-[CH1](-[*:2])-[CH3],435,-0.5006000000000002,197.043655704,0.581280358971821,4.635262242890084,0.0402868485549773,0.4852622428900845,0,84,-7.1,-7.0
O=C(O)NCC1C(=O)N=C=NC1=O,CC(NC(=O)O)C1C(=O)N=C=NC1=O,[*]C[*],[*]C([*])C,[*:1]-[CH2]-[*:2]>>[*:1]-[CH1](-[*:2])-[CH3],435,-0.5006000000000002,197.043655704,0.581280358971821,4.635262242890084,0.0402868485549773,0.4852622428900845,0,85,-7.1,-7.1
O=C(O)NCC1C(=O)N=C=NC1=O,O=C(O)NN1CCC(C2C(=O)N=C=NC2=O)CC1,[*]C[*],[*]N1CCC([*])CC1,[*:1]-[CH2]-[*:2]>>[*:1]-[NH0]1-[CH2]-[CH2]-[CH1](-[*:2])-[CH2]-[CH2]-1,10,-0.2620999999999998,252.085854864,0.6573491599881207,3.954193887530377,0.116355649571277,-0.1958061124696222,0,86,-7.1,-5.3
O=C(O)NCC1C(=O)N=C=NC1=O,O=C(O)NC1CCN(C2C(=O)N=C=NC2=O)CC1,[*]C[*],[*]N1CCC([*])CC1,[*:1]-[CH2]-[*:2]>>[*:1]-[NH0]1-[CH2]-[CH2]-[CH1](-[*:2])-[CH2]-[CH2]-1,10,-0.6722999999999988,252.085854864,0.6327657934631512,3.582228041376529,0.0917722830463075,-0.56777195862347,0,87,-7.1,-4.5
O=C(O)NCC1C(=O)N=C=NC1=O,O=C(O)CN1CCN(CC2C(=O)N=C=NC2=O)CC1,[*]N[*],[*]N1CCN(C[*])CC1,[*:1]-[NH1]-[*:2]>>[*:1]-[NH0]1-[CH2]-[CH2]-[NH0](-[CH2]-[*:2])-[CH2]-[CH2]-1,34,-1.4544999999999977,266.101504928,0.6241289036250303,3.411837913045561,0.0831353932081866,-0.7381620869544383,0,88,-7.1,-4.8
O=C(O)NCC1C(=O)N=C=NC1=O,O=C(O)CN1CCN(CC2C(=O)N=C=NC2=O)CC1,[*]N[*],[*]N1CCN(C[*])CC1,[*:1]-[NH1]-[*:2]>>[*:1]-[NH0]1-[CH2]-[CH2]-[NH0](-[CH2]-[*:2])-[CH2]-[CH2]-1,34,-1.4544999999999977,266.101504928,0.6241289036250303,3.411837913045561,0.0831353932081866,-0.7381620869544383,0,89,-7.1,-4.8
O=C(O)NCC1C(=O)N=C=NC1=O,O=C1N=C=NC(=O)C1CN(CCO)C(=O)O,[*]N[*],[*]N([*])CCO,[*:1]-[NH1]-[*:2]>>[*:1]-[NH0](-[*:2])-[CH2]-[CH2]-[OH1],109,-1.1844000000000003,227.054220388,0.5852444502628298,4.015166722217742,0.0442509398459861,-0.1348332777822571,0,90,-7.1,-6.7
O=C(O)NCC1C(=O)N=C=NC1=O,O=C1N=C=NC(=O)C1CN(CCO)C(=O)O,[*]N[*],[*]N([*])CCO,[*:1]-[NH1]-[*:2]>>[*:1]-[NH0](-[*:2])-[CH2]-[CH2]-[OH1],109,-1.1844,227.054220388,0.5852444502628299,4.015166722217742,0.0442509398459862,-0.1348332777822571,0,91,-7.1,-6.8
O=C(O)NCC1C(=O)N=C=NC1=O,CCC(=O)N(CC1C(=O)N=C=NC1=O)C(=O)O,[*]N[*],[*]N([*])C(=O)CC,[*:1]-[NH1]-[*:2]>>[*:1]-[NH0](-[*:2])-[CH0](=[OH0])-[CH2]-[CH3],13,-0.2401,239.054220388,0.6818457305915447,4.111986581840556,0.1408522201747011,-0.0380134181594433,0,92,-7.1,-6.1
O=C(O)NCC1C(=O)N=C=NC1=O,CCC(=O)N(CC1C(=O)N=C=NC1=O)C(=O)O,[*]N[*],[*]N([*])C(=O)CC,[*:1]-[NH1]-[*:2]>>[*:1]-[NH0](-[*:2])-[CH0](=[OH0])-[CH2]-[CH3],13,-0.2401,239.054220388,0.6818457305915447,4.111986581840556,0.1408522201747011,-0.0380134181594433,0,93,-7.1,-6.0
O=C(O)NCC1C(=O)N=C=NC1=O,C[C@H](NCC1C(=O)N=C=NC1=O)C(=O)O,[*]N[*],[*]N[C@H]([*])C,[*:1]-[NH1]-[*:2]>>[*:1]-[NH1]-[C@H1](-[*:2])-[CH3],44,-1.0940000000000003,211.059305768,0.5739303879008022,4.409199651261737,0.0329368774839585,0.2591996512617376,0,94,-7.1,-7.2
O=C(O)NCC1C(=O)N=C=NC1=O,C[C@@H](CC1C(=O)N=C=NC1=O)NC(=O)O,[*]N[*],[*]N[C@H]([*])C,[*:1]-[NH1]-[*:2]>>[*:1]-[NH1]-[C@H1](-[*:2])-[CH3],44,-0.1105000000000003,211.059305768,0.6344723884276543,4.511861958954045,0.0934788780108106,0.3618619589540452,0,95,-7.1,-6.7
O=C(O)NCC1C(=O)N=C=NC1=O,O=C1N=C=NC(=O)C1CC1CCN(C(=O)O)C1,[*]N[*],[*]N1CCC([*])C1,[*:1]-[NH1]-[*:2]>>[*:1]-[NH0]1-[CH2]-[CH2]-[CH1](-[*:2])-[CH2]-1,10,0.2332999999999997,237.074955832,0.6947038205142707,4.238983400714089,0.153710310097427,0.0889834007140892,0,96,-7.1,-5.9
O=C(O)NCC1C(=O)N=C=NC1=O,O=C(O)C1CCN(CC2C(=O)N=C=NC2=O)C1,[*]N[*],[*]N1CCC([*])C1,[*:1]-[NH1]-[*:2]>>[*:1]-[NH0]1-[CH2]-[CH2]-[CH1](-[*:2])-[CH2]-1,10,-0.7501999999999995,237.074955832,0.6508504531073895,4.070022025918672,0.1098569426905459,-0.079977974081328,0,97,-7.1,-5.7
O=C(O)NCC1C(=O)N=C=NC1=O,O=C(O)NS(=O)(=O)CC1C(=O)N=C=NC1=O,[*]C[*],[*]CS([*])(=O)=O,[*:1]-[CH2]-[*:2]>>[*:1]-[CH2]-[SH0](-[*:2])(=[OH0])=[OH0],19,-1.5592999999999986,246.98990588,0.5771783485769885,4.222669354469211,0.0361848381601448,0.0726693544692116,0,98,-7.1,-6.3
O=C(O)NCC1C(=O)N=C=NC1=O,O=C(O)NS(=O)(=O)CC1C(=O)N=C=NC1=O,[*]C[*],[*]CS([*])(=O)=O,[*:1]-[CH2]-[*:2]>>[*:1]-[CH2]-[SH0](-[*:2])(=[OH0])=[OH0],19,-1.5592999999999986,246.98990588,0.5771783485769885,4.222669354469211,0.0361848381601448,0.0726693544692116,0,99,-7.1,-6.1
Cc1cccc(CC(=O)O)c1,Cc1cccc(CC(C)C)c1,[*]CC(=O)O,[*]CC(C)C,[*:1]-[CH2]-[CH0](=[OH0])-[OH1]>>[*:1]-[CH2]-[CH1](-[CH3])-[CH3],10,3.193520000000002,148.125200512,0.6038881991394617,1.4551787978356927,-0.0912597791748155,0.0051787978356916,1,0,-6.7,-5.3
Cc1cccc(CC(=O)O)c1,COc1cccc(C)c1,[*]CC(=O)O,[*]OC,[*:1]-[CH2]-[CH0](=[OH0])-[OH1]>>[*:1]-[OH0]-[CH3],17,2.00362,122.07316494,0.5532379862472909,1.1634710841486342,-0.1419099920669863,-0.2865289158513668,1,1,-6.7,-5.0
Cc1cccc(CC(=O)O)c1,Cc1cccc(C(C)C)c1,[*]CC(=O)O,[*]C(C)C,[*:1]-[CH2]-[CH0](=[OH0])-[OH1]>>[*:1]-[CH1](-[CH3])-[CH3],14,3.1184200000000013,134.109550448,0.5532584920101852,1.3945001359062823,-0.141889486304092,-0.0554998640937185,1,2,-6.7,-5.4
Cc1cccc(CC(=O)O)c1,CCCc1cccc(C)c1,[*]CC(=O)O,[*]CCC,[*:1]-[CH2]-[CH0](=[OH0])-[OH1]>>[*:1]-[CH2]-[CH2]-[CH3],14,2.9475200000000017,134.109550448,0.5830304886161121,1.3481006853568331,-0.1121174896981651,-0.1018993146431679,1,3,-6.7,-5.0
Cc1cccc(CC(=O)O)c1,Cc1cccc(C(N)=O)c1,[*]CC(=O)O,[*]C(N)=O,[*:1]-[CH2]-[CH0](=[OH0])-[OH1]>>[*:1]-[CH0](-[NH2])=[OH0],32,1.0939200000000002,135.068413908,0.6150947811524279,1.3856898794960273,-0.0800531971618493,-0.0643101205039737,1,4,-6.7,-6.1
Cc1cccc(CC(=O)O)c1,CCc1cccc(C)c1,[*]CC(=O)O,[*]CC,[*:1]-[CH2]-[CH0](=[OH0])-[OH1]>>[*:1]-[CH2]-[CH3],24,2.5574200000000005,120.093900384,0.5339790665494062,1.2721080072255564,-0.161168911764871,-0.1778919927744446,1,5,-6.7,-5.1
Cc1cccc(CC(=O)O)c1,Cc1cccc(C(=O)O)c1,[*]CC(=O)O,[*]C(=O)O,[*:1]-[CH2]-[CH0](=[OH0])-[OH1]>>[*:1]-[CH0](=[OH0])-[OH1],212,1.69322,136.052429496,0.6374596390700276,1.2900180846242328,-0.0576883392442496,-0.1599819153757682,1,6,-6.7,-6.9
Cc1cccc(CC(=O)O)c1,Cc1cccc(CO)c1,[*]CC(=O)O,[*]CO,[*:1]-[CH2]-[CH0](=[OH0])-[OH1]>>[*:1]-[CH2]-[OH1],49,1.48732,122.07316494,0.597917345661115,1.424576314917866,-0.0972306326531622,-0.0254236850821349,1,7,-6.7,-5.7
Cc1cccc(CC(=O)O)c1,Cc1cccc(C(F)(F)F)c1,[*]CC(=O)O,[*]C(F)(F)F,[*:1]-[CH2]-[CH0](=[OH0])-[OH1]>>[*:1]-[CH0](-[FH0])(-[FH0])-[FH0],11,3.013820000000001,160.049984884,0.546827691373411,1.5509769941221627,-0.1483202869408662,0.1009769941221616,1,8,-6.7,-5.6
Cc1cccc(CC(=O)O)c1,CNC(=O)c1cccc(C)c1,[*]CC(=O)O,[*]C(=O)NC,[*:1]-[CH2]-[CH0](=[OH0])-[OH1]>>[*:1]-[CH0](=[OH0])-[NH1]-[CH3],15,1.3546200000000002,149.084063972,0.6413143419975227,1.401889567066462,-0.0538336363167545,-0.0481104329335391,1,9,-6.7,-5.4
Cc1cccc(CC(=O)O)c1,CC(=O)Nc1cccc(C)c1,[*]CC(=O)O,[*]NC(C)=O,[*:1]-[CH2]-[CH0](=[OH0])-[OH1]>>[*:1]-[NH1]-[CH0](-[CH3])=[OH0],14,1.95342,149.084063972,0.649285896030243,1.3203634132203064,-0.0458620822840342,-0.1296365867796947,1,10,-6.7,-5.2
Cc1cccc(CC(=O)O)c1,Cc1cccc(CCN)c1,[*]CC(=O)O,[*]CCN,[*:1]-[CH2]-[CH0](=[OH0])-[OH1]>>[*:1]-[CH2]-[CH2]-[NH2],10,1.49622,135.104799416,0.6529999846576079,1.544829806235953,-0.0421479936566693,0.0948298062359516,1,11,-6.7,-5.9
Cc1cccc(CC(=O)O)c1,CC(=O)c1cccc(C)c1,[*]CC(=O)O,[*]C(C)=O,[*:1]-[CH2]-[CH0](=[OH0])-[OH1]>>[*:1]-[CH0](-[CH3])=[OH0],12,2.197620000000001,134.07316494,0.5379444707224508,1.3337206487267963,-0.1572035075918264,-0.1162793512732047,1,12,-6.7,-5.8
Cc1cccc(CC(=O)O)c1,Cc1cccc(CCO)c1,[*]CC(=O)O,[*]CCO,[*:1]-[CH2]-[CH0](=[OH0])-[OH1]>>[*:1]-[CH2]-[CH2]-[OH1],53,1.52982,136.088815004,0.653334045584044,1.5269781578843045,-0.0418139327302332,0.0769781578843034,1,13,-6.7,-5.9
Cc1cccc(CC(=O)O)c1,Cc1cccc(CC(N)=O)c1,[*]CC(=O)O,[*]CC(N)=O,[*:1]-[CH2]-[CH0](=[OH0])-[OH1]>>[*:1]-[CH2]-[CH0](-[NH2])=[OH0],47,1.0228199999999998,149.084063972,0.6699461864044355,1.5694741824510745,-0.0252017919098417,0.1194741824510732,1,14,-6.7,-6.6
Cc1cccc(CC(=O)O)c1,COCCc1cccc(C)c1,[*]CC(=O)O,[*]CCOC,[*:1]-[CH2]-[CH0](=[OH0])-[OH1]>>[*:1]-[CH2]-[CH2]-[OH0]-[CH3],16,2.18392,150.104465068,0.6413897036023315,1.5030713040391674,-0.0537582747119457,0.0530713040391663,1,15,-6.7,-5.3
Cc1cccc(CC(=O)O)c1,CNC(=O)Cc1cccc(C)c1,[*]CC(=O)O,[*]CC(=O)NC,[*:1]-[CH2]-[CH0](=[OH0])-[OH1]>>[*:1]-[CH2]-[CH0](=[OH0])-[NH1]-[CH3],27,1.2835199999999998,163.099714036,0.6988487223669257,1.5810954075616834,0.0037007440526485,0.1310954075616823,1,16,-6.7,-5.5
Cc1cccc(CC(=O)O)c1,Cc1cccc(CC(=O)N(C)C)c1,[*]CC(=O)O,[*]CC(=O)N(C)C,[*:1]-[CH2]-[CH0](=[OH0])-[OH1]>>[*:1]-[CH2]-[CH0](=[OH0])-[NH0](-[CH3])-[CH3],28,1.62572,177.1153641,0.6719693773925313,1.6444085412176186,-0.0231786009217459,0.1944085412176175,1,17,-6.7,-4.7
Cc1cccc(CC(=O)O)c1,COC(=O)c1cccc(C)c1,[*]CC(=O)O,[*]C(=O)OC,[*:1]-[CH2]-[CH0](=[OH0])-[OH1]>>[*:1]-[CH0](=[OH0])-[OH0]-[CH3],22,1.7816200000000002,150.06807956,0.5702367575745928,1.316841874758767,-0.1249112207396844,-0.1331581252412341,1,18,-6.7,-5.8
Cc1cccc(CC(=O)O)c1,Cc1cccc(CC#N)c1,[*]CC(=O)O,[*]CC#N,[*:1]-[CH2]-[CH0](=[OH0])-[OH1]>>[*:1]-[CH2]-[CH0]#[NH0],18,2.0611,131.073499288,0.5719245400029662,1.8179847512908989,-0.123223438311311,0.3679847512908978,1,19,-6.7,-5.8
Cc1cccc(CC(=O)O)c1,Cc1cccc(-c2ccccc2)c1,[*]CC(=O)O,[*]c1ccccc1,[*:1]-[CH2]-[CH0](=[OH0])-[OH1]>>[*:1]-[cH0]1:[cH1]:[cH1]:[cH1]:[cH1]:[cH1]:1,14,3.662020000000002,168.093900384,0.6092016568043108,1.1592551346242104,-0.0859463215099664,-0.2907448653757907,1,20,-6.7,-5.5
Cc1cccc(CC(=O)O)c1,Cc1cccc(CCN(C)C)c1,[*]CC(=O)O,[*]CCN(C)C,[*:1]-[CH2]-[CH0](=[OH0])-[OH1]>>[*:1]-[CH2]-[CH2]-[NH0](-[CH3])-[CH3],12,2.09912,163.136099544,0.659293287611077,1.577646456512733,-0.0358546907032002,0.127646456512732,1,21,-6.7,-4.7
Cc1cccc(CC(=O)O)c1,Cc1cccc(NS(C)(=O)=O)c1,[*]CC(=O)O,[*]NS(C)(=O)=O,[*:1]-[CH2]-[CH0](=[OH0])-[OH1]>>[*:1]-[NH1]-[SH0](-[CH3])(=[OH0])=[OH0],10,1.36652,185.051049592,0.7559303335329448,1.5933506960232222,0.0607823552186675,0.1433506960232211,1,22,-6.7,-6.8
Cc1cccc(CC(=O)O)c1,Cc1cccc(CCCO)c1,[*]CC(=O)O,[*]CCCO,[*:1]-[CH2]-[CH0](=[OH0])-[OH1]>>[*:1]-[CH2]-[CH2]-[CH2]-[OH1],15,1.91992,150.104465068,0.6975688493720146,1.5362038102426396,0.0024208710577373,0.0862038102426385,1,23,-6.7,-5.7
Cc1cccc(CC(=O)O)c1,Cc1cccc(OCC(=O)O)c1,[*]CC(=O)O,[*]OCC(=O)O,[*:1]-[CH2]-[CH0](=[OH0])-[OH1]>>[*:1]-[OH0]-[CH2]-[CH0](=[OH0])-[OH1],50,1.45842,166.06299418,0.7389167051476303,1.4744716313379076,0.043768726833353,0.0244716313379065,1,24,-6.7,-6.6
Cc1cccc(CC(=O)O)c1,COC(=O)Cc1cccc(C)c1,[*]CC(=O)O,[*]CC(=O)OC,[*:1]-[CH2]-[CH0](=[OH0])-[OH1]>>[*:1]-[CH2]-[CH0](=[OH0])-[OH0]-[CH3],48,1.71052,164.083729624,0.6218519410930562,1.5048534495197252,-0.073296037221221,0.0548534495197241,1,25,-6.7,-6.0
Cc1cccc(CC(=O)O)c1,Cc1cccc(C(C)(C)C)c1,[*]CC(=O)O,[*]C(C)(C)C,[*:1]-[CH2]-[CH0](=[OH0])-[OH1]>>[*:1]-[CH0](-[CH3])(-[CH3])-[CH3],10,3.2925200000000023,148.125200512,0.5293048449815113,1.527734553803862,-0.1658431333327659,0.0777345538038609,1,26,-6.7,-4.8
Cc1cccc(CC(=O)O)c1,Cc1cccc(CCC(=O)O)c1,[*]CC(=O)O,[*]CCC(=O)O,[*:1]-[CH2]-[CH0](=[OH0])-[OH1]>>[*:1]-[CH2]-[CH2]-[CH0](=[OH0])-[OH1],137,2.01222,164.083729624,0.7415482306622602,1.4527373656036424,0.0464002523479829,0.0027373656036413,1,27,-6.7,-6.9
Cc1cccc(CC(=O)O)c1,Cc1cccc(C2(C(=O)O)CC2)c1,[*]CC(=O)O,[*]C1(C(=O)O)CC1,[*:1]-[CH2]-[CH0](=[OH0])-[OH1]>>[*:1]-[CH0]1(-[CH0](=[OH0])-[OH1])-[CH2]-[CH2]-1,11,2.11122,176.083729624,0.7488963945011814,1.959883266492344,0.0537484161869041,0.5098832664923432,1,28,-6.7,-6.3
Cc1cccc(CC(=O)O)c1,Cc1cccc(C(C)(C)C(=O)O)c1,[*]CC(=O)O,[*]C(C)(C)C(=O)O,[*:1]-[CH2]-[CH0](=[OH0])-[OH1]>>[*:1]-[CH0](-[CH3])(-[CH3])-[CH0](=[OH0])-[OH1],24,2.35722,178.099379688,0.7543811600452729,1.909647442316519,0.0592331817309956,0.459647442316518,1,29,-6.7,-5.7
Cc1cccc(CC(=O)O)c1,Cc1cccc(Cc2ccccc2)c1,[*]CC(=O)O,[*]Cc1ccccc1,[*:1]-[CH2]-[CH0](=[OH0])-[OH1]>>[*:1]-[CH2]-[cH0]1:[cH1]:[cH1]:[cH1]:[cH1]:[cH1]:1,22,3.585820000000002,182.109550448,0.6655165943403577,1.2798205481686864,-0.0296313839739195,-0.1701794518313146,1,30,-6.7,-4.6
Cc1cccc(CC(=O)O)c1,Cc1cccc(CCN2CCOCC2)c1,[*]CC(=O)O,[*]CCN1CCOCC1,[*:1]-[CH2]-[CH0](=[OH0])-[OH1]>>[*:1]-[CH2]-[CH2]-[NH0]1-[CH2]-[CH2]-[OH0]-[CH2]-[CH2]-1,14,1.86972,205.146664228,0.7466616007704424,1.6697799719507709,0.0515136224561652,0.2197799719507696,1,31,-6.7,-4.1
Cc1cccc(CC(=O)O)c1,Cc1cccc(CC(=O)N2CCOCC2)c1,[*]CC(=O)O,[*]CC(=O)N1CCOCC1,[*:1]-[CH2]-[CH0](=[OH0])-[OH1]>>[*:1]-[CH2]-[CH0](=[OH0])-[NH0]1-[CH2]-[CH2]-[OH0]-[CH2]-[CH2]-1,19,1.3963199999999996,219.125928784,0.7520921092623439,1.7103257328734165,0.0569441309480667,0.2603257328734152,1,32,-6.7,-4.7
Cc1cccc(CC(=O)O)c1,Cc1cccc(Cc2nn[nH]n2)c1,[*]CC(=O)O,[*]Cc1nn[nH]n1,[*:1]-[CH2]-[CH0](=[OH0])-[OH1]>>[*:1]-[CH2]-[cH0]1:[nH0]:[nH0]:[nH1]:[nH0]:1,10,1.09892,174.09054632,0.7412627894667898,2.1348150536525505,0.0461148111525125,0.6848150536525495,1,33,-6.7,-7.1
Cc1cccc(CC(=O)O)c1,Cc1cccc(-c2ccc(C(=O)O)cc2)c1,[*]CC(=O)O,[*]c1ccc(C(=O)O)cc1,[*:1]-[CH2]-[CH0](=[OH0])-[OH1]>>[*:1]-[cH0]1:[cH1]:[cH1]:[cH0](-[CH0](=[OH0])-[OH1]):[cH1]:[cH1]:1,13,3.360220000000001,212.083729624,0.8282812626195442,1.3704715522714075,0.1331332843052669,-0.0795284477285935,1,34,-6.7,-5.1
Cc1cccc(CC(=O)O)c1,Cc1cccc(CCCC(=O)O)c1,[*]CC(=O)O,[*]CCCC(=O)O,[*:1]-[CH2]-[CH0](=[OH0])-[OH1]>>[*:1]-[CH2]-[CH2]-[CH2]-[CH0](=[OH0])-[OH1],29,2.4023200000000005,178.099379688,0.7682556252680037,1.5003705192395955,0.0731076469537265,0.0503705192395944,1,35,-6.7,-6.1
Cc1cccc(CC(=O)O)c1,CCOC(=O)Cc1cccc(C)c1,[*]CC(=O)O,[*]CC(=O)OCC,[*:1]-[CH2]-[CH0](=[OH0])-[OH1]>>[*:1]-[CH2]-[CH0](=[OH0])-[OH0]-[CH2]-[CH3],43,2.10062,178.099379688,0.6624195214118828,1.5088243653934406,-0.0327284569023944,0.0588243653934394,1,36,-6.7,-4.8
Cc1cccc(CC(=O)O)c1,Cc1cccc(C(C)C(=O)O)c1,[*]CC(=O)O,[*]C(C)C(=O)O,[*:1]-[CH2]-[CH0](=[OH0])-[OH1]>>[*:1]-[CH1](-[CH3])-[CH0](=[OH0])-[OH1],32,2.18312,164.083729624,0.7269840241141279,2.1185292477118125,0.0318360457998506,0.6685292477118114,1,37,-6.7,-6.3
Cc1cccc(CC(=O)O)c1,Cc1cccc(CC(=O)N2CCCCC2)c1,[*]CC(=O)O,[*]CC(=O)N1CCCCC1,[*:1]-[CH2]-[CH0](=[OH0])-[OH1]>>[*:1]-[CH2]-[CH0](=[OH0])-[NH0]1-[CH2]-[CH2]-[CH2]-[CH2]-[CH2]-1,10,2.550020000000001,217.146664228,0.7452093045448968,1.5952190439102072,0.0500613262306195,0.1452190439102061,1,38,-6.7,-4.8
Cc1cccc(CC(=O)O)c1,Cc1cccc(CC(=O)OC(C)(C)C)c1,[*]CC(=O)O,[*]CC(=O)OC(C)(C)C,[*:1]-[CH2]-[CH0](=[OH0])-[OH1]>>[*:1]-[CH2]-[CH0](=[OH0])-[OH0]-[CH0](-[CH3])(-[CH3])-[CH3],11,2.879220000000001,206.130679816,0.6953941967831655,1.702082734188533,0.0002462184688882,0.2520827341885319,1,39,-6.7,-4.2
Cc1cccc(CC(=O)O)c1,Cc1cccc(-c2nnn[nH]2)c1,[*]CC(=O)O,[*]c1nnn[nH]1,[*:1]-[CH2]-[CH0](=[OH0])-[OH1]>>[*:1]-[cH0]1:[nH0]:[nH0]:[nH0]:[nH1]:1,15,1.17512,160.074896256,0.6809515651725998,2.3455547482210246,-0.0141964131416774,0.8955547482210235,1,40,-6.7,-8.1
Cc1cccc(CC(=O)O)c1,Cc1cccc(Cc2nnn[nH]2)c1,[*]CC(=O)O,[*]Cc1nnn[nH]1,[*:1]-[CH2]-[CH0](=[OH0])-[OH1]>>[*:1]-[CH2]-[cH0]1:[nH0]:[nH0]:[nH0]:[nH1]:1,12,1.09892,174.09054632,0.7412627894667898,2.391562826931903,0.0461148111525125,0.941562826931902,1,41,-6.7,-7.4
O=C(O)O[C@@H]1C[C@H](O)[C@@H](O)[C@@H](O)O1,O=C(O)O[C@H]1C[C@H](O)[C@H](O)[C@@H](O)C1,[*]O[*],[*]C[*],[*:1]-[OH0]-[*:2]>>[*:1]-[CH2]-[*:2],222,-1.0739,192.063388104,0.3937827952273293,3.736868968770621,0.0199376474926625,-0.413131031229379,2,0,-7.1,-7.3
O=C(O)O[C@@H]1C[C@H](O)[C@@H](O)[C@@H](O)O1,O=C(O)C[C@@H]1C[C@H](O)[C@@H](O)[C@@H](O)O1,[*]O[*],[*]C[*],[*:1]-[OH0]-[*:2]>>[*:1]-[CH2]-[*:2],222,-1.7097999999999995,192.063388104,0.4147421723857379,3.844328986781776,0.0408970246510711,-0.3056710132182241,2,1,-7.1,-7.1
O=C(O)O[C@@H]1C[C@H](O)[C@@H](O)[C@@H](O)O1,O=C(O)O[C@@H]1C[C@H](O)[C@@H](O)[C@@H](O)N1,[*]O[*],[*]N[*],[*:1]-[OH0]-[*:2]>>[*:1]-[NH1]-[*:2],1876,-1.9594000000000005,193.058637072,0.3065990460261371,4.565204552392635,-0.0672461017085296,0.4152045523926357,2,2,-7.1,-7.4
O=C(O)O[C@@H]1C[C@H](O)[C@@H](O)[C@@H](O)O1,O=C(O)N[C@@H]1C[C@H](O)[C@@H](O)[C@@H](O)O1,[*]O[*],[*]N[*],[*:1]-[OH0]-[*:2]>>[*:1]-[NH1]-[*:2],1876,-1.9594,193.058637072,0.3296670560096651,4.299574235650552,-0.0441780917250016,0.1495742356505527,2,3,-7.1,-6.8
O=C(O)O[C@@H]1C[C@H](O)[C@@H](O)[C@@H](O)O1,CN(C(=O)O)[C@@H]1C[C@H](O)[C@@H](O)[C@@H](O)O1,[*]O[*],[*]N([*])C,[*:1]-[OH0]-[*:2]>>[*:1]-[NH0](-[*:2])-[CH3],369,-1.6172,207.074287136,0.4111753883705275,4.3990967455420105,0.0373302406358607,0.249096745542011,2,4,-7.1,-6.7
O=C(O)O[C@@H]1C[C@H](O)[C@@H](O)[C@@H](O)O1,CN1[C@H](OC(=O)O)C[C@H](O)[C@@H](O)[C@H]1O,[*]O[*],[*]N([*])C,[*:1]-[OH0]-[*:2]>>[*:1]-[NH0](-[*:2])-[CH3],369,-1.6172,207.074287136,0.38240394217654,4.469242899388165,0.0085587944418732,0.3192428993881657,2,5,-7.1,-7.0
O=C(O)O[C@@H]1C[C@H](O)[C@@H](O)[C@@H](O)O1,O=C(O)CC[C@@H]1C[C@H](O)[C@@H](O)[C@@H](O)O1,[*]O[*],[*]CC[*],[*:1]-[OH0]-[*:2]>>[*:1]-[CH2]-[CH2]-[*:2],35,-1.3197,206.079038168,0.4559824931597651,3.7993430033382687,0.0821373454250982,-0.3506569966617308,2,6,-7.1,-6.5
O=C(O)O[C@@H]1C[C@H](O)[C@@H](O)[C@@H](O)O1,O=C(O)CC[C@@H]1C[C@H](O)[C@@H](O)[C@@H](O)O1,[*]O[*],[*]CC[*],[*:1]-[OH0]-[*:2]>>[*:1]-[CH2]-[CH2]-[*:2],35,-1.3197,206.079038168,0.4559824931597651,3.7993430033382687,0.0821373454250982,-0.3506569966617308,2,7,-7.1,-6.6
O=C(O)O[C@@H]1C[C@H](O)[C@@H](O)[C@@H](O)O1,O=C(O)CCN[C@@H]1C[C@H](O)[C@@H](O)[C@@H](O)O1,[*]O[*],[*]NCC[*],[*:1]-[OH0]-[*:2]>>[*:1]-[NH1]-[CH2]-[CH2]-[*:2],13,-2.1626999999999983,221.0899372,0.3664740786386146,4.181347355576866,-0.0073710690960522,0.0313473555768668,2,8,-7.1,-7.1
O=C(O)O[C@@H]1C[C@H](O)[C@@H](O)[C@@H](O)O1,O=C(O)O[C@H]1CCN[C@H](O)[C@H](O)[C@@H](O)C1,[*]O[*],[*]NCC[*],[*:1]-[OH0]-[*:2]>>[*:1]-[NH1]-[CH2]-[CH2]-[*:2],13,-1.5268000000000002,221.0899372,0.340753331461677,4.177601970961481,-0.0330918162729897,0.0276019709614816,2,9,-7.1,-6.9
O=C(O)O[C@@H]1C[C@H](O)[C@@H](O)[C@@H](O)O1,CN1C(=O)[C@H](OC(=O)O)C[C@H](O)[C@@H](O)[C@H]1O,[*]O[*],[*]N(C)C([*])=O,[*:1]-[OH0]-[*:2]>>[*:1]-[NH0](-[CH3])-[CH0](-[*:2])=[OH0],29,-2.0481,235.069201756,0.3850500798187825,4.29810656765599,0.0112049320841156,0.1481065676559909,2,10,-7.1,-6.3
O=C(O)O[C@@H]1C[C@H](O)[C@@H](O)[C@@H](O)O1,CN1C(=O)[C@H](OC(=O)O)C[C@H](O)[C@@H](O)[C@H]1O,[*]O[*],[*]N(C)C([*])=O,[*:1]-[OH0]-[*:2]>>[*:1]-[NH0](-[CH3])-[CH0](-[*:2])=[OH0],29,-2.0481,235.069201756,0.3850500798187825,4.29810656765599,0.0112049320841156,0.1481065676559909,2,11,-7.1,-6.2
O=C(O)O[C@@H]1C[C@H](O)[C@@H](O)[C@@H](O)O1,O=C(O)CO[C@@H]1C[C@H](O)[C@@H](O)[C@@H](O)O1,[*]O[*],[*]OC[*],[*:1]-[OH0]-[*:2]>>[*:1]-[OH0]-[CH2]-[*:2],780,-2.125799999999999,208.058302724,0.4184021092040945,3.95898541498068,0.0445569614694277,-0.1910145850193201,2,12,-7.1,-7.2
O=C(O)O[C@@H]1C[C@H](O)[C@@H](O)[C@@H](O)O1,O=C(O)O[C@@H]1C[C@H](O)[C@@H](O)[C@@H](O)CO1,[*]O[*],[*]OC[*],[*:1]-[OH0]-[*:2]>>[*:1]-[OH0]-[CH2]-[*:2],780,-1.4899,208.058302724,0.3876858043965806,3.973849448244713,0.0138406566619138,-0.1761505517552866,2,13,-7.1,-7.0
O=C(O)O[C@@H]1C[C@H](O)[C@@H](O)[C@@H](O)O1,CCN(C(=O)O)[C@@H]1C[C@H](O)[C@@H](O)[C@@H](O)O1,[*]O[*],[*]N([*])CC,[*:1]-[OH0]-[*:2]>>[*:1]-[NH0](-[*:2])-[CH2]-[CH3],206,-1.2271000000000003,221.0899372,0.4645904706997851,4.360795728357932,0.0907453229651182,0.2107957283579322,2,14,-7.1,-6.9
O=C(O)O[C@@H]1C[C@H](O)[C@@H](O)[C@@H](O)O1,CCN1[C@H](OC(=O)O)C[C@H](O)[C@@H](O)[C@H]1O,[*]O[*],[*]N([*])CC,[*:1]-[OH0]-[*:2]>>[*:1]-[NH0](-[*:2])-[CH2]-[CH3],206,-1.2271000000000003,221.0899372,0.4320813757781486,4.452936556760298,0.0582362280434817,0.3029365567602982,2,15,-7.1,-6.5
O=C(O)O[C@@H]1C[C@H](O)[C@@H](O)[C@@H](O)O1,CN(CC(=O)O)[C@@H]1C[C@H](O)[C@@H](O)[C@@H](O)O1,[*]O[*],[*]N(C)C[*],[*:1]-[OH0]-[*:2]>>[*:1]-[NH0](-[CH3])-[CH2]-[*:2],24,-2.2105999999999977,221.0899372,0.4273323839264316,4.361264367411185,0.0534872361917647,0.2112643674111858,2,16,-7.1,-6.6
O=C(O)O[C@@H]1C[C@H](O)[C@@H](O)[C@@H](O)O1,CN(C[C@@H]1C[C@H](O)[C@@H](O)[C@@H](O)O1)C(=O)O,[*]O[*],[*]N(C)C[*],[*:1]-[OH0]-[*:2]>>[*:1]-[NH0](-[CH3])-[CH2]-[*:2],24,-1.5746999999999995,221.0899372,0.4479210983070184,3.984666734275091,0.0740759505723515,-0.1653332657249082,2,17,-7.1,-6.7
O=C(O)O[C@@H]1C[C@H](O)[C@@H](O)[C@@H](O)O1,O=C(O)O[C@@H]1C[C@H](O)[C@@H](O)[C@@H](O)NC1=O,[*]O[*],[*]NC([*])=O,[*:1]-[OH0]-[*:2]>>[*:1]-[NH1]-[CH0](-[*:2])=[OH0],129,-2.3902999999999994,221.053551692,0.311412123116936,4.408525905872724,-0.0624330246177307,0.2585259058727249,2,18,-7.1,-7.7
O=C(O)O[C@@H]1C[C@H](O)[C@@H](O)[C@@H](O)O1,O=C(O)O[C@@H]1C[C@H](O)[C@@H](O)[C@@H](O)C(=O)N1,[*]O[*],[*]NC([*])=O,[*:1]-[OH0]-[*:2]>>[*:1]-[NH1]-[CH0](-[*:2])=[OH0],129,-2.3902999999999985,221.053551692,0.3114121231169361,4.258753124807636,-0.0624330246177307,0.1087531248076363,2,19,-7.1,-7.4
O=C(O)O[C@@H]1C[C@H](O)[C@@H](O)[C@@H](O)O1,O=C(O)NC[C@@H]1C[C@H](O)[C@@H](O)[C@@H](O)O1,[*]O[*],[*]NC[*],[*:1]-[OH0]-[*:2]>>[*:1]-[NH1]-[CH2]-[*:2],91,-1.9169,207.074287136,0.3599921010582128,3.9314727330679977,-0.013853046676454,-0.2185272669320017,2,20,-7.1,-6.8
O=C(O)O[C@@H]1C[C@H](O)[C@@H](O)[C@@H](O)O1,O=C(O)NC[C@@H]1C[C@H](O)[C@@H](O)[C@@H](O)O1,[*]O[*],[*]NC[*],[*:1]-[OH0]-[*:2]>>[*:1]-[NH1]-[CH2]-[*:2],91,-1.9169,207.074287136,0.3599921010582128,3.9314727330679977,-0.013853046676454,-0.2185272669320017,2,21,-7.1,-6.9
O=C(O)O[C@@H]1C[C@H](O)[C@@H](O)[C@@H](O)O1,O=C(O)O[C@@H]1C[C@H](O)[C@@H](O)[C@@H](O)N2CCN1CC2,[*]O[*],[*]N1CCN([*])CC1,[*:1]-[OH0]-[*:2]>>[*:1]-[NH0]1-[CH2]-[CH2]-[NH0](-[*:2])-[CH2]-[CH2]-1,32,-1.9313999999999976,262.116486296,0.4039523060062448,5.389431982762311,0.030107158271578,1.2394319827623113,2,22,-7.1,-6.2
O=C(O)O[C@@H]1C[C@H](O)[C@@H](O)[C@@H](O)O1,O=C(O)N1CCN([C@@H]2C[C@H](O)[C@@H](O)[C@@H](O)O2)CC1,[*]O[*],[*]N1CCN([*])CC1,[*:1]-[OH0]-[*:2]>>[*:1]-[NH0]1-[CH2]-[CH2]-[NH0](-[*:2])-[CH2]-[CH2]-1,32,-1.9313999999999976,262.116486296,0.4348734926187665,3.8643682420427288,0.0610283448840996,-0.2856317579572707,2,23,-7.1,-4.8
O=C(O)O[C@@H]1C[C@H](O)[C@@H](O)[C@@H](O)O1,O=C(O)NC(=O)O[C@@H]1C[C@H](O)[C@@H](O)[C@@H](O)O1,[*]O[*],[*]OC(=O)N[*],[*:1]-[OH0]-[*:2]>>[*:1]-[OH0]-[CH0](=[OH0])-[NH1]-[*:2],32,-1.8228000000000004,237.048466312,0.3579334439324905,4.1579992505828205,-0.0159117038021763,0.007999250582821,2,24,-7.1,-7.3
O=C(O)O[C@@H]1C[C@H](O)[C@@H](O)[C@@H](O)O1,O=C(O)NC(=O)O[C@@H]1C[C@H](O)[C@@H](O)[C@@H](O)O1,[*]O[*],[*]OC(=O)N[*],[*:1]-[OH0]-[*:2]>>[*:1]-[OH0]-[CH0](=[OH0])-[NH1]-[*:2],32,-1.8228000000000004,237.048466312,0.3579334439324905,4.1579992505828205,-0.0159117038021763,0.007999250582821,2,25,-7.1,-7.3
O=C(O)O[C@@H]1C[C@H](O)[C@@H](O)[C@@H](O)O1,O=C(O)C(=O)[C@@H]1C[C@H](O)[C@@H](O)[C@@H](O)O1,[*]O[*],[*]C([*])=O,[*:1]-[OH0]-[*:2]>>[*:1]-[CH0](-[*:2])=[OH0],125,-2.5307999999999997,206.04265266,0.3669786656335365,4.276489053234319,-0.0068664821011303,0.1264890532343194,2,26,-7.1,-7.4
O=C(O)O[C@@H]1C[C@H](O)[C@@H](O)[C@@H](O)O1,O=C(O)C(=O)[C@@H]1C[C@H](O)[C@@H](O)[C@@H](O)O1,[*]O[*],[*]C([*])=O,[*:1]-[OH0]-[*:2]>>[*:1]-[CH0](-[*:2])=[OH0],125,-2.5307999999999997,206.04265266,0.3669786656335363,4.276489053234319,-0.0068664821011304,0.1264890532343194,2,27,-7.1,-7.4
O=C(O)O[C@@H]1C[C@H](O)[C@@H](O)[C@@H](O)O1,O=C(O)OCC[C@@H]1C[C@H](O)[C@@H](O)[C@@H](O)O1,[*]O[*],[*]OCC[*],[*:1]-[OH0]-[*:2]>>[*:1]-[OH0]-[CH2]-[CH2]-[*:2],78,-1.0998,222.073952788,0.4476439851828739,4.029714663269173,0.073798837448207,-0.1202853367308263,2,28,-7.1,-6.9
O=C(O)O[C@@H]1C[C@H](O)[C@@H](O)[C@@H](O)O1,O=C(O)CCO[C@@H]1C[C@H](O)[C@@H](O)[C@@H](O)O1,[*]O[*],[*]OCC[*],[*:1]-[OH0]-[*:2]>>[*:1]-[OH0]-[CH2]-[CH2]-[*:2],78,-1.7356999999999996,222.073952788,0.4459836442815291,3.8885635094230206,0.0721384965468623,-0.2614364905769788,2,29,-7.1,-6.5
O=C(O)O[C@@H]1C[C@H](O)[C@@H](O)[C@@H](O)O1,O=C(O)NCC(=O)O[C@@H]1C[C@H](O)[C@@H](O)[C@@H](O)O1,[*]O[*],[*]OC(=O)CN[*],[*:1]-[OH0]-[*:2]>>[*:1]-[OH0]-[CH0](=[OH0])-[CH2]-[NH1]-[*:2],17,-2.416199999999998,251.064116376,0.3483279429891857,4.005545049382736,-0.025517204745481,-0.1444549506172636,2,30,-7.1,-7.2
O=C(O)O[C@@H]1C[C@H](O)[C@@H](O)[C@@H](O)O1,O=C(O)OC(=O)CN[C@@H]1C[C@H](O)[C@@H](O)[C@@H](O)O1,[*]O[*],[*]OC(=O)CN[*],[*:1]-[OH0]-[*:2]>>[*:1]-[OH0]-[CH0](=[OH0])-[CH2]-[NH1]-[*:2],17,-2.416199999999999,251.064116376,0.2730093637766027,4.469298895536582,-0.1008357839580641,0.3192988955365825,2,31,-7.1,-7.3
O=C(O)O[C@@H]1C[C@H](O)[C@@H](O)[C@@H](O)O1,O=C(O)S[C@@H]1C[C@H](O)[C@@H](O)[C@@H](O)O1,[*]O[*],[*]S[*],[*:1]-[OH0]-[*:2]>>[*:1]-[SH0]-[*:2],682,-0.8158000000000001,210.01980904,0.447754830081971,4.672174235650553,0.0739096823473042,0.5221742356505539,2,32,-7.1,-6.8
O=C(O)O[C@@H]1C[C@H](O)[C@@H](O)[C@@H](O)O1,O=C(O)O[C@@H]1C[C@H](O)[C@@H](O)[C@@H](O)S1,[*]O[*],[*]S[*],[*:1]-[OH0]-[*:2]>>[*:1]-[SH0]-[*:2],682,-0.8158000000000003,210.01980904,0.4188568946892757,4.791939394021595,0.0450117469546089,0.6419393940215956,2,33,-7.1,-6.9
O=C(O)O[C@@H]1C[C@H](O)[C@@H](O)[C@@H](O)O1,O=C(O)O[C@@H]1C[C@H](O)[C@@H](O)[C@@H](O)C(=O)O1,[*]O[*],[*]OC([*])=O,[*:1]-[OH0]-[*:2]>>[*:1]-[OH0]-[CH0](-[*:2])=[OH0],64,-1.9633,222.03756728,0.3754791182540507,4.107301053801718,0.0016339705193839,-0.0426989461982811,2,34,-7.1,-7.0
O=C(O)O[C@@H]1C[C@H](O)[C@@H](O)[C@@H](O)O1,O=C(O)O[C@@H]1C[C@H](O)[C@@H](O)[C@@H](O)C(=O)O1,[*]O[*],[*]OC([*])=O,[*:1]-[OH0]-[*:2]>>[*:1]-[OH0]-[CH0](-[*:2])=[OH0],64,-1.9633,222.03756728,0.3754791182540507,4.107301053801718,0.0016339705193839,-0.0426989461982811,2,35,-7.1,-7.0
O=C(O)O[C@@H]1C[C@H](O)[C@@H](O)[C@@H](O)O1,C[C@H](NC(=O)O)[C@@H]1C[C@H](O)[C@@H](O)[C@@H](O)O1,[*]O[*],[*]N[C@H]([*])C,[*:1]-[OH0]-[*:2]>>[*:1]-[NH1]-[C@H1](-[*:2])-[CH3],10,-1.5284,221.0899372,0.385781718898859,4.250579228802571,0.0119365711641921,0.1005792288025713,2,36,-7.1,-6.8
O=C(O)O[C@@H]1C[C@H](O)[C@@H](O)[C@@H](O)O1,C[C@@H]1N[C@H](OC(=O)O)C[C@H](O)[C@@H](O)[C@H]1O,[*]O[*],[*]N[C@H]([*])C,[*:1]-[OH0]-[*:2]>>[*:1]-[NH1]-[C@H1](-[*:2])-[CH3],10,-1.5284,221.0899372,0.3406962870561294,4.402996980281861,-0.0331488606785373,0.2529969802818614,2,37,-7.1,-6.8
O=C(O)O[C@@H]1C[C@H](O)[C@@H](O)[C@@H](O)O1,O=C(O)OCCO[C@@H]1C[C@H](O)[C@@H](O)[C@@H](O)O1,[*]O[*],[*]OCCO[*],[*:1]-[OH0]-[*:2]>>[*:1]-[OH0]-[CH2]-[CH2]-[OH0]-[*:2],396,-1.5158000000000005,238.068867408,0.3435865474086504,4.019810341817166,-0.0302586003260163,-0.1301896581828332,2,38,-7.1,-6.9
O=C(O)O[C@@H]1C[C@H](O)[C@@H](O)[C@@H](O)O1,O=C(O)O[C@@H]1C[C@H](O)[C@@H](O)[C@@H](O)OCCO1,[*]O[*],[*]OCCO[*],[*:1]-[OH0]-[*:2]>>[*:1]-[OH0]-[CH2]-[CH2]-[OH0]-[*:2],396,-1.5158000000000005,238.068867408,0.4058483029165021,4.530195344757992,0.0320031551818352,0.3801953447579924,2,39,-7.1,-7.2
O=C(O)O[C@@H]1C[C@H](O)[C@@H](O)[C@@H](O)O1,O=C(O)C(O)[C@@H]1C[C@H](O)[C@@H](O)[C@@H](O)O1,[*]O[*],[*]C([*])O,[*:1]-[OH0]-[*:2]>>[*:1]-[CH1](-[*:2])-[OH1],25,-2.739,208.058302724,0.3328356384024964,4.288297701607951,-0.0410095093321704,0.1382977016079518,2,40,-7.1,-7.4
O=C(O)O[C@@H]1C[C@H](O)[C@@H](O)[C@@H](O)O1,O=C(O)O[C@@H]1C[C@H](O)[C@@H](O)[C@@H](O)C1O,[*]O[*],[*]C([*])O,[*:1]-[OH0]-[*:2]>>[*:1]-[CH1](-[*:2])-[OH1],25,-2.1031,208.058302724,0.3120543955218033,3.8865630862233367,-0.0617907522128635,-0.2634369137766628,2,41,-7.1,-7.4
O=C(O)O[C@@H]1C[C@H](O)[C@@H](O)[C@@H](O)O1,O=C(O)NC(=O)CO[C@@H]1C[C@H](O)[C@@H](O)[C@@H](O)O1,[*]O[*],[*]OCC(=O)N[*],[*:1]-[OH0]-[*:2]>>[*:1]-[OH0]-[CH2]-[CH0](=[OH0])-[NH1]-[*:2],22,-2.416199999999998,251.064116376,0.3723599179180912,4.047769664767351,-0.0014852298165756,-0.1022303352326483,2,42,-7.1,-7.2
O=C(O)O[C@@H]1C[C@H](O)[C@@H](O)[C@@H](O)O1,O=C(O)NC(=O)CO[C@@H]1C[C@H](O)[C@@H](O)[C@@H](O)O1,[*]O[*],[*]OCC(=O)N[*],[*:1]-[OH0]-[*:2]>>[*:1]-[OH0]-[CH2]-[CH0](=[OH0])-[NH1]-[*:2],22,-2.416199999999998,251.064116376,0.3723599179180912,4.047769664767351,-0.0014852298165756,-0.1022303352326483,2,43,-7.1,-7.2
O=C(O)O[C@@H]1C[C@H](O)[C@@H](O)[C@@H](O)O1,CC(O[C@@H]1C[C@H](O)[C@@H](O)[C@@H](O)O1)C(=O)O,[*]O[*],[*]OC([*])C,[*:1]-[OH0]-[*:2]>>[*:1]-[OH0]-[CH1](-[*:2])-[CH3],13,-1.7372999999999994,222.073952788,0.4476469131935509,4.137928341228607,0.0738017654588841,-0.0120716587713927,2,44,-7.1,-7.0
O=C(O)O[C@@H]1C[C@H](O)[C@@H](O)[C@@H](O)O1,CC(OC(=O)O)[C@@H]1C[C@H](O)[C@@H](O)[C@@H](O)O1,[*]O[*],[*]OC([*])C,[*:1]-[OH0]-[*:2]>>[*:1]-[OH0]-[CH1](-[*:2])-[CH3],13,-1.1014000000000004,222.073952788,0.4379167311100155,4.443697571997838,0.0640715833753486,0.2936975719978383,2,45,-7.1,-6.3
O=C(O)O[C@@H]1C[C@H](O)[C@@H](O)[C@@H](O)O1,CCN1C(=O)[C@H](O)[C@H](O)[C@@H](O)C[C@H]1OC(=O)O,[*]O[*],[*]N(CC)C([*])=O,[*:1]-[OH0]-[*:2]>>[*:1]-[NH0](-[CH2]-[CH3])-[CH0](-[*:2])=[OH0],10,-1.6579999999999997,249.08485182,0.4311839307890822,4.280814210221898,0.0573387830544153,0.1308142102218985,2,46,-7.1,-6.5
O=C(O)O[C@@H]1C[C@H](O)[C@@H](O)[C@@H](O)O1,CCN(C(=O)C(=O)O)[C@@H]1C[C@H](O)[C@@H](O)[C@@H](O)O1,[*]O[*],[*]N(CC)C([*])=O,[*:1]-[OH0]-[*:2]>>[*:1]-[NH0](-[CH2]-[CH3])-[CH0](-[*:2])=[OH0],10,-2.293899999999998,249.08485182,0.4052901827130917,4.3692628116205,0.0314450349784248,0.2192628116205002,2,47,-7.1,-6.2
O=C(O)O[C@@H]1C[C@H](O)[C@@H](O)[C@@H](O)O1,CC1[C@H](O)[C@H](O)[C@@H](O)C[C@H]1OC(=O)O,[*]O[*],[*]C([*])C,[*:1]-[OH0]-[*:2]>>[*:1]-[CH1](-[*:2])-[CH3],11,-0.8279000000000001,206.079038168,0.4171138223533847,3.986778470838722,0.0432686746187178,-0.1632215291612775,2,48,-7.1,-6.9
O=C(O)O[C@@H]1C[C@H](O)[C@@H](O)[C@@H](O)O1,CC1[C@H](O)[C@H](O)[C@@H](O)C[C@H]1OC(=O)O,[*]O[*],[*]C([*])C,[*:1]-[OH0]-[*:2]>>[*:1]-[CH1](-[*:2])-[CH3],11,-0.8279000000000001,206.079038168,0.4171138223533847,3.986778470838722,0.0432686746187179,-0.1632215291612775,2,49,-7.1,-6.8
O=C(O)O[C@@H]1C[C@H](O)[C@@H](O)[C@@H](O)O1,O=C(O)SC[C@@H]1C[C@H](O)[C@@H](O)[C@@H](O)O1,[*]O[*],[*]CS[*],[*:1]-[OH0]-[*:2]>>[*:1]-[CH2]-[SH0]-[*:2],20,-0.7732999999999999,224.035459104,0.4873824207176955,4.368109323504589,0.1135372729830286,0.2181093235045894,2,50,-7.1,-6.2
O=C(O)O[C@@H]1C[C@H](O)[C@@H](O)[C@@H](O)O1,O=C(O)SC[C@@H]1C[C@H](O)[C@@H](O)[C@@H](O)O1,[*]O[*],[*]CS[*],[*:1]-[OH0]-[*:2]>>[*:1]-[CH2]-[SH0]-[*:2],20,-0.7732999999999999,224.035459104,0.4873824207176955,4.368109323504589,0.1135372729830286,0.2181093235045894,2,51,-7.1,-6.1
O=C(O)O[C@@H]1C[C@H](O)[C@@H](O)[C@@H](O)O1,O=C(O)O[C@@H]1C[C@H](O)[C@@H](O)[C@@H](O)NCCO1,[*]O[*],[*]OCCN[*],[*:1]-[OH0]-[*:2]>>[*:1]-[OH0]-[CH2]-[CH2]-[NH1]-[*:2],18,-1.942799999999999,237.08485182,0.3329979307735342,4.713019316135453,-0.0408472169611326,0.5630193161354535,2,52,-7.1,-6.7
O=C(O)O[C@@H]1C[C@H](O)[C@@H](O)[C@@H](O)O1,O=C(O)O[C@@H]1C[C@H](O)[C@@H](O)[C@@H](O)OCCN1,[*]O[*],[*]OCCN[*],[*:1]-[OH0]-[*:2]>>[*:1]-[OH0]-[CH2]-[CH2]-[NH1]-[*:2],18,-1.9427999999999988,237.08485182,0.3329979307735342,4.7801957025397455,-0.0408472169611326,0.630195702539746,2,53,-7.1,-7.2
O=C(O)O[C@@H]1C[C@H](O)[C@@H](O)[C@@H](O)O1,CC(O)(C(=O)O)[C@@H]1C[C@H](O)[C@@H](O)[C@@H](O)O1,[*]O[*],[*]C([*])(C)O,[*:1]-[OH0]-[*:2]>>[*:1]-[CH0](-[*:2])(-[CH3])-[OH1],15,-2.348899999999999,222.073952788,0.3536849237845028,4.527567238768315,-0.020160223950164,0.3775672387683153,2,54,-7.1,-7.1
O=C(O)O[C@@H]1C[C@H](O)[C@@H](O)[C@@H](O)O1,CC1(O)[C@H](OC(=O)O)C[C@H](O)[C@@H](O)[C@H]1O,[*]O[*],[*]C([*])(C)O,[*:1]-[OH0]-[*:2]>>[*:1]-[CH0](-[*:2])(-[CH3])-[OH1],15,-1.713,222.073952788,0.333981040279554,4.272193149699489,-0.0398641074551128,0.1221931496994894,2,55,-7.1,-6.5
O=C(O)O[C@@H]1C[C@H](O)[C@@H](O)[C@@H](O)O1,O=C(O)OCCCO[C@@H]1C[C@H](O)[C@@H](O)[C@@H](O)O1,[*]O[*],[*]OCCCO[*],[*:1]-[OH0]-[*:2]>>[*:1]-[OH0]-[CH2]-[CH2]-[CH2]-[OH0]-[*:2],12,-1.1257,252.084517472,0.3576632443889453,3.969275885503138,-0.0161819033457215,-0.1807241144968614,2,56,-7.1,-6.1
O=C(O)O[C@@H]1C[C@H](O)[C@@H](O)[C@@H](O)O1,O=C(O)OCCCO[C@@H]1C[C@H](O)[C@@H](O)[C@@H](O)O1,[*]O[*],[*]OCCCO[*],[*:1]-[OH0]-[*:2]>>[*:1]-[OH0]-[CH2]-[CH2]-[CH2]-[OH0]-[*:2],12,-1.1257,252.084517472,0.3576632443889453,3.969275885503138,-0.0161819033457215,-0.1807241144968614,2,57,-7.1,-6.1
O=C(O)O[C@@H]1C[C@H](O)[C@@H](O)[C@@H](O)O1,O=C(O)OCC1CCN([C@@H]2C[C@H](O)[C@@H](O)[C@@H](O)O2)CC1,[*]O[*],[*]OCC1CCN([*])CC1,[*:1]-[OH0]-[*:2]>>[*:1]-[OH0]-[CH2]-[CH1]1-[CH2]-[CH2]-[NH0](-[*:2])-[CH2]-[CH2]-1,10,-0.8204,291.13180201200004,0.4978670360408984,4.035059717479072,0.1240218883062315,-0.1149402825209273,2,58,-7.1,-6.6
O=C(O)O[C@@H]1C[C@H](O)[C@@H](O)[C@@H](O)O1,O=C(O)N1CCC(CO[C@@H]2C[C@H](O)[C@@H](O)[C@@H](O)O2)CC1,[*]O[*],[*]OCC1CCN([*])CC1,[*:1]-[OH0]-[*:2]>>[*:1]-[OH0]-[CH2]-[CH1]1-[CH2]-[CH2]-[NH0](-[*:2])-[CH2]-[CH2]-1,10,-0.8203999999999994,291.13180201200004,0.535977078490825,3.8403702069895607,0.1621319307561581,-0.3096297930104388,2,59,-7.1,-6.9
O=C(O)O[C@@H]1C[C@H](O)[C@@H](O)[C@@H](O)O1,CCCN(C(=O)O)[C@@H]1C[C@H](O)[C@@H](O)[C@@H](O)O1,[*]O[*],[*]N([*])CCC,[*:1]-[OH0]-[*:2]>>[*:1]-[NH0](-[*:2])-[CH2]-[CH2]-[CH3],14,-0.8370000000000004,235.105587264,0.5075622170139824,4.289362986846555,0.1337170692793156,0.1393629868465558,2,60,-7.1,-5.5
O=C(O)O[C@@H]1C[C@H](O)[C@@H](O)[C@@H](O)O1,CCCN1[C@H](OC(=O)O)C[C@H](O)[C@@H](O)[C@H]1O,[*]O[*],[*]N([*])CCC,[*:1]-[OH0]-[*:2]>>[*:1]-[NH0](-[*:2])-[CH2]-[CH2]-[CH3],14,-0.837,235.105587264,0.472046231792223,4.365431118714688,0.0982010840575561,0.2154311187146884,2,61,-7.1,-6.8
O=C(O)O[C@@H]1C[C@H](O)[C@@H](O)[C@@H](O)O1,O=C(O)NC(=O)N[C@@H]1C[C@H](O)[C@@H](O)[C@@H](O)O1,[*]O[*],[*]NC(=O)N[*],[*:1]-[OH0]-[*:2]>>[*:1]-[NH1]-[CH0](=[OH0])-[NH1]-[*:2],19,-2.2498,236.064450724,0.3009445808636942,4.33768936047293,-0.0729005668709726,0.1876893604729304,2,62,-7.1,-7.2
O=C(O)O[C@@H]1C[C@H](O)[C@@H](O)[C@@H](O)O1,O=C1N[C@H](OC(=O)O)C[C@H](O)[C@@H](O)[C@@H](O)N1,[*]O[*],[*]NC(=O)N[*],[*:1]-[OH0]-[*:2]>>[*:1]-[NH1]-[CH0](=[OH0])-[NH1]-[*:2],19,-2.2498,236.064450724,0.2815217260549841,4.530592657176226,-0.0923234216796827,0.3805926571762263,2,63,-7.1,-7.2
O=C(O)O[C@@H]1C[C@H](O)[C@@H](O)[C@@H](O)O1,CCN1CCN[C@H](O)[C@H](O)[C@@H](O)C[C@H]1OC(=O)O,[*]O[*],[*]NCCN([*])CC,[*:1]-[OH0]-[*:2]>>[*:1]-[NH1]-[CH2]-[CH2]-[NH0](-[*:2])-[CH2]-[CH3],10,-1.637499999999998,264.13213636,0.3764545720286562,4.785770233684223,0.0026094242939894,0.635770233684223,2,64,-7.1,-5.6
O=C(O)O[C@@H]1C[C@H](O)[C@@H](O)[C@@H](O)O1,CCN1CCN[C@H](OC(=O)O)C[C@H](O)[C@@H](O)[C@H]1O,[*]O[*],[*]NCCN([*])CC,[*:1]-[OH0]-[*:2]>>[*:1]-[NH1]-[CH2]-[CH2]-[NH0](-[*:2])-[CH2]-[CH3],10,-1.637499999999998,264.13213636,0.3764545720286562,4.778489464453454,0.0026094242939894,0.6284894644534544,2,65,-7.1,-5.6
O=C(O)O[C@@H]1C[C@H](O)[C@@H](O)[C@@H](O)O1,O=C(O)O[C@@H]1C[C@H](O)[C@@H](O)[C@@H](O)Oc2ccc(cc2)O1,[*]O[*],[*]Oc1ccc(O[*])cc1,[*:1]-[OH0]-[*:2]>>[*:1]-[OH0]-[cH0]1:[cH1]:[cH1]:[cH0](-[OH0]-[*:2]):[cH1]:[cH1]:1,15,-0.0911999999999999,286.068867408,0.5276151612376412,5.511855714513768,0.1537700135029743,1.3618557145137684,2,66,-7.1,-3.4
O=C(O)O[C@@H]1C[C@H](O)[C@@H](O)[C@@H](O)O1,O=C(O)Oc1ccc(O[C@@H]2C[C@H](O)[C@@H](O)[C@@H](O)O2)cc1,[*]O[*],[*]Oc1ccc(O[*])cc1,[*:1]-[OH0]-[*:2]>>[*:1]-[OH0]-[cH0]1:[cH1]:[cH1]:[cH0](-[OH0]-[*:2]):[cH1]:[cH1]:1,15,-0.0912,286.068867408,0.4484122369795569,3.6259713258706814,0.07456708924489,-0.5240286741293181,2,67,-7.1,-6.7
O=C(O)O[C@@H]1C[C@H](O)[C@@H](O)[C@@H](O)O1,O=C(O)O[C@@H]1C[C@H](O)[C@@H](O)[C@@H](O)OCCOCCO1,[*]O[*],[*]OCCOCCO[*],[*:1]-[OH0]-[*:2]>>[*:1]-[OH0]-[CH2]-[CH2]-[OH0]-[CH2]-[CH2]-[OH0]-[*:2],150,-1.499199999999999,282.095082156,0.4235664873362076,4.493418766009724,0.0497213396015407,0.3434187660097247,2,68,-7.1,-5.8
O=C(O)O[C@@H]1C[C@H](O)[C@@H](O)[C@@H](O)O1,O=C(O)O[C@@H]1C[C@H](O)[C@@H](O)[C@@H](O)OCCOCCO1,[*]O[*],[*]OCCOCCO[*],[*:1]-[OH0]-[*:2]>>[*:1]-[OH0]-[CH2]-[CH2]-[OH0]-[CH2]-[CH2]-[OH0]-[*:2],150,-1.499199999999999,282.095082156,0.4235664873362076,4.493418766009724,0.0497213396015407,0.3434187660097247,2,69,-7.1,-5.8
O=C(O)O[C@@H]1C[C@H](O)[C@@H](O)[C@@H](O)O1,O=C(O)OCC(=O)O[C@@H]1C[C@H](O)[C@@H](O)[C@@H](O)O1,[*]O[*],[*]OCC(=O)O[*],[*:1]-[OH0]-[*:2]>>[*:1]-[OH0]-[CH2]-[CH0](=[OH0])-[OH0]-[*:2],24,-1.9892,252.048131964,0.4194718875804329,4.076588126305813,0.045626739845766,-0.0734118736941864,2,70,-7.1,-6.9
O=C(O)O[C@@H]1C[C@H](O)[C@@H](O)[C@@H](O)O1,O=C(O)O[C@@H]1C[C@H](O)[C@@H](O)[C@@H](O)OC(=O)CO1,[*]O[*],[*]OCC(=O)O[*],[*:1]-[OH0]-[*:2]>>[*:1]-[OH0]-[CH2]-[CH0](=[OH0])-[OH0]-[*:2],24,-1.9892,252.048131964,0.3897308929647317,4.763986581840555,0.0158857452300649,0.6139865818405559,2,71,-7.1,-6.4
O=C(O)O[C@@H]1C[C@H](O)[C@@H](O)[C@@H](O)O1,O=C(O)O[C@@H]1C[C@H](O)[C@@H](O)[C@@H](O)CCCO1,[*]O[*],[*]OCCC[*],[*:1]-[OH0]-[*:2]>>[*:1]-[OH0]-[CH2]-[CH2]-[CH2]-[*:2],22,-0.7097000000000001,236.089602852,0.44419555600825,4.225757062110406,0.0703504082735831,0.0757570621104068,2,72,-7.1,-6.0
O=C(O)O[C@@H]1C[C@H](O)[C@@H](O)[C@@H](O)O1,O=C(O)O[C@H]1CCCO[C@H](O)[C@H](O)[C@@H](O)C1,[*]O[*],[*]OCCC[*],[*:1]-[OH0]-[*:2]>>[*:1]-[OH0]-[CH2]-[CH2]-[CH2]-[*:2],22,-0.7096999999999998,236.089602852,0.44419555600825,4.297206435992338,0.0703504082735831,0.1472064359923388,2,73,-7.1,-6.5
O=C(O)O[C@@H]1C[C@H](O)[C@@H](O)[C@@H](O)O1,O=C(O)OCCOCCOCCO[C@@H]1C[C@H](O)[C@@H](O)[C@@H](O)O1,[*]O[*],[*]OCCOCCOCCO[*],[*:1]-[OH0]-[*:2]>>[*:1]-[OH0]-[CH2]-[CH2]-[OH0]-[CH2]-[CH2]-[OH0]-[CH2]-[CH2]-[OH0]-[*:2],60,-1.4825999999999986,326.121296904,0.2768445700722658,3.958133779331712,-0.0970005776624009,-0.1918662206682873,2,74,-7.1,-6.1
O=C(O)O[C@@H]1C[C@H](O)[C@@H](O)[C@@H](O)O1,O=C(O)OCCOCCOCCO[C@@H]1C[C@H](O)[C@@H](O)[C@@H](O)O1,[*]O[*],[*]OCCOCCOCCO[*],[*:1]-[OH0]-[*:2]>>[*:1]-[OH0]-[CH2]-[CH2]-[OH0]-[CH2]-[CH2]-[OH0]-[CH2]-[CH2]-[OH0]-[*:2],60,-1.4825999999999977,326.121296904,0.2768445700722659,3.958133779331712,-0.0970005776624008,-0.1918662206682873,2,75,-7.1,-6.0
O=C(O)O[C@@H]1C[C@H](O)[C@@H](O)[C@@H](O)O1,CCN1CCO[C@H](O)[C@H](O)[C@@H](O)C[C@H]1OC(=O)O,[*]O[*],[*]OCCN([*])CC,[*:1]-[OH0]-[*:2]>>[*:1]-[OH0]-[CH2]-[CH2]-[NH0](-[*:2])-[CH2]-[CH3],12,-1.2105,265.11615194800004,0.4590479626351185,4.646201002914991,0.0852028149004517,0.496201002914991,2,76,-7.1,-5.9
O=C(O)O[C@@H]1C[C@H](O)[C@@H](O)[C@@H](O)O1,CCN1CCO[C@H](OC(=O)O)C[C@H](O)[C@@H](O)[C@H]1O,[*]O[*],[*]OCCN([*])CC,[*:1]-[OH0]-[*:2]>>[*:1]-[OH0]-[CH2]-[CH2]-[NH0](-[*:2])-[CH2]-[CH3],12,-1.2105,265.11615194800004,0.4590479626351185,4.578741387530377,0.0852028149004517,0.4287413875303771,2,77,-7.1,-5.8
O=C(O)O[C@@H]1C[C@H](O)[C@@H](O)[C@@H](O)O1,O=C(O)O[C@@H]1C[C@H](O)[C@@H](O)[C@@H](O)Oc2ccc1cc2,[*]O[*],[*]Oc1ccc([*])cc1,[*:1]-[OH0]-[*:2]>>[*:1]-[OH0]-[cH0]1:[cH1]:[cH1]:[cH0](-[*:2]):[cH1]:[cH1]:1,50,0.2449999999999998,270.07395278800004,0.5401074597408921,5.3165993790535175,0.1662623120062253,1.166599379053518,2,78,-7.1,-2.8
O=C(O)O[C@@H]1C[C@H](O)[C@@H](O)[C@@H](O)O1,O=C(O)O[C@@H]1C[C@H](O)[C@@H](O)[C@@H](O)c2ccc(cc2)O1,[*]O[*],[*]Oc1ccc([*])cc1,[*:1]-[OH0]-[*:2]>>[*:1]-[OH0]-[cH0]1:[cH1]:[cH1]:[cH0](-[*:2]):[cH1]:[cH1]:1,50,0.2449999999999999,270.07395278800004,0.5401074597408921,5.198459734083103,0.1662623120062253,1.048459734083104,2,79,-7.1,-3.5
O=C(O)O[C@@H]1C[C@H](O)[C@@H](O)[C@@H](O)O1,O=C(O)O[C@@H]1C[C@H](O)[C@@H](O)[C@@H](O)c2ccccc2O1,[*]O[*],[*]Oc1ccccc1[*],[*:1]-[OH0]-[*:2]>>[*:1]-[OH0]-[cH0]1:[cH1]:[cH1]:[cH1]:[cH1]:[cH0]:1-[*:2],13,0.2449999999999997,270.07395278800004,0.5401074597408921,3.736144393315218,0.1662623120062253,-0.4138556066847814,2,80,-7.1,-7.8
O=C(O)O[C@@H]1C[C@H](O)[C@@H](O)[C@@H](O)O1,O=C(O)O[C@@H]1C[C@H](O)[C@@H](O)[C@@H](O)c2ccccc2O1,[*]O[*],[*]Oc1ccccc1[*],[*:1]-[OH0]-[*:2]>>[*:1]-[OH0]-[cH0]1:[cH1]:[cH1]:[cH1]:[cH1]:[cH0]:1-[*:2],13,0.2449999999999997,270.07395278800004,0.5401074597408921,3.736144393315218,0.1662623120062253,-0.4138556066847814,2,81,-7.1,-7.8
O=C(O)O[C@@H]1C[C@H](O)[C@@H](O)[C@@H](O)O1,O=C(O)O[C@@H]1C[C@H](O)[C@@H](O)[C@@H](O)c2cccc(c2)O1,[*]O[*],[*]Oc1cccc([*])c1,[*:1]-[OH0]-[*:2]>>[*:1]-[OH0]-[cH0]1:[cH1]:[cH1]:[cH1]:[cH0](-[*:2]):[cH1]:1,21,0.2449999999999997,270.07395278800004,0.5401074597408921,5.2003795565683095,0.1662623120062253,1.05037955656831,2,82,-7.1,-4.9
O=C(O)O[C@@H]1C[C@H](O)[C@@H](O)[C@@H](O)O1,O=C(O)c1cccc(O[C@@H]2C[C@H](O)[C@@H](O)[C@@H](O)O2)c1,[*]O[*],[*]Oc1cccc([*])c1,[*:1]-[OH0]-[*:2]>>[*:1]-[OH0]-[cH0]1:[cH1]:[cH1]:[cH1]:[cH0](-[*:2]):[cH1]:1,21,-0.4498,270.07395278800004,0.587417167396739,3.5342568193507216,0.2135720196620721,-0.6157431806492779,2,83,-7.1,-6.7
O=C(O)O[C@@H]1C[C@H](O)[C@@H](O)[C@@H](O)O1,O=C(O)c1ccc(CO[C@@H]2C[C@H](O)[C@@H](O)[C@@H](O)O2)cc1,[*]O[*],[*]OCc1ccc([*])cc1,[*:1]-[OH0]-[*:2]>>[*:1]-[OH0]-[CH2]-[cH0]1:[cH1]:[cH1]:[cH0](-[*:2]):[cH1]:[cH1]:1,11,-0.3120000000000001,284.089602852,0.5988070467635209,3.4429931440524983,0.2249618990288541,-0.7070068559475011,2,84,-7.1,-6.8
O=C(O)O[C@@H]1C[C@H](O)[C@@H](O)[C@@H](O)O1,O=C(O)O[C@@H]1C[C@H](O)[C@@H](O)[C@@H](O)OCc2ccc1cc2,[*]O[*],[*]OCc1ccc([*])cc1,[*:1]-[OH0]-[*:2]>>[*:1]-[OH0]-[CH2]-[cH0]1:[cH1]:[cH1]:[cH0](-[*:2]):[cH1]:[cH1]:1,11,0.3827999999999999,284.089602852,0.5508033099032217,5.323162847380901,0.1769581621685548,1.173162847380902,2,85,-7.1,-2.1
O=C(O)O[C@@H]1C[C@H](O)[C@@H](O)[C@@H](O)O1,CC(C)N(CCO[C@@H]1C[C@H](O)[C@@H](O)[C@@H](O)O1)C(=O)O,[*]O[*],[*]OCCN([*])C(C)C,[*:1]-[OH0]-[*:2]>>[*:1]-[OH0]-[CH2]-[CH2]-[NH0](-[*:2])-[CH1](-[CH3])-[CH3],12,-0.8219999999999992,279.13180201200004,0.5186170338520197,4.034851411066698,0.1447718861173529,-0.1151485889333017,2,86,-7.1,-6.6
O=C(O)O[C@@H]1C[C@H](O)[C@@H](O)[C@@H](O)O1,CC(C)N1CCO[C@H](O)[C@H](O)[C@@H](O)C[C@H]1OC(=O)O,[*]O[*],[*]OCCN([*])C(C)C,[*:1]-[OH0]-[*:2]>>[*:1]-[OH0]-[CH2]-[CH2]-[NH0](-[*:2])-[CH1](-[CH3])-[CH3],12,-0.8220000000000001,279.13180201200004,0.4838677298802385,4.7176412512168255,0.1100225821455717,0.5676412512168261,2,87,-7.1,-4.6
Cc1c(N)c(C(=O)O)cc(O)c1O,COc1cc(O)c(O)c(C)c1N,[*]C(=O)O,[*]OC,[*:1]-[CH0](=[OH0])-[OH1]>>[*:1]-[OH0]-[CH3],264,0.9970199999999998,169.073893212,0.3327567599668145,2.504426921209326,0.0417053067261957,-0.025573078790674,3,0,-7.6,-6.6
Cc1c(N)c(C(=O)O)cc(O)c1O,Cc1c(N)c(C(C)C)cc(O)c1O,[*]C(=O)O,[*]C(C)C,[*:1]-[CH0](=[OH0])-[OH1]>>[*:1]-[CH1](-[CH3])-[CH3],15,2.1118200000000007,181.11027872,0.352923731466651,2.659427162596238,0.0618722782260323,0.1294271625962375,3,1,-7.6,-6.3
Cc1c(N)c(C(=O)O)cc(O)c1O,CCc1cc(O)c(O)c(C)c1N,[*]C(=O)O,[*]CC,[*:1]-[CH0](=[OH0])-[OH1]>>[*:1]-[CH2]-[CH3],27,1.55082,167.094628656,0.3375170383737618,2.5923231991249587,0.0464655851331431,0.0623231991249584,3,2,-7.6,-6.6
Cc1c(N)c(C(=O)O)cc(O)c1O,Cc1c(N)c(CN)cc(O)c1O,[*]C(=O)O,[*]CN,[*:1]-[CH0](=[OH0])-[OH1]>>[*:1]-[CH2]-[NH2],41,0.4471200000000002,168.089877624,0.2780511552671318,2.832174315750269,-0.0130002979734868,0.3021743157502685,3,3,-7.6,-6.6
Cc1c(N)c(C(=O)O)cc(O)c1O,Cc1c(N)c(CO)cc(O)c1O,[*]C(=O)O,[*]CO,[*:1]-[CH0](=[OH0])-[OH1]>>[*:1]-[CH2]-[OH1],242,0.4807200000000001,169.073893212,0.2795989318137329,2.7411157549562244,-0.0114525214268857,0.2111157549562241,3,4,-7.6,-6.6
Cc1c(N)c(C(=O)O)cc(O)c1O,Cc1c(N)c(C(N)=O)cc(O)c1O,[*]C(=O)O,[*]C(N)=O,[*:1]-[CH0](=[OH0])-[OH1]>>[*:1]-[CH0](-[NH2])=[OH0],426,0.0873200000000004,182.06914218,0.2799811942862726,2.5949670227361,-0.011070258954346,0.0649670227360994,3,5,-7.6,-6.7
Cc1c(N)c(C(=O)O)cc(O)c1O,CNc1cc(O)c(O)c(C)c1N,[*]C(=O)O,[*]NC,[*:1]-[CH0](=[OH0])-[OH1]>>[*:1]-[NH1]-[CH3],17,1.0301199999999997,168.089877624,0.2867257456607929,2.7929316358495253,-0.0043257075798258,0.262931635849525,3,6,-7.6,-6.6
Cc1c(N)c(C(=O)O)cc(O)c1O,Cc1c(N)c(N(C)C)cc(O)c1O,[*]C(=O)O,[*]N(C)C,[*:1]-[CH0](=[OH0])-[OH1]>>[*:1]-[NH0](-[CH3])-[CH3],51,1.05442,182.105527688,0.3447885973308068,2.8518509388200144,0.0537371440901881,0.3218509388200141,3,7,-7.6,-5.8
Cc1c(N)c(C(=O)O)cc(O)c1O,CCOc1cc(O)c(O)c(C)c1N,[*]C(=O)O,[*]OCC,[*:1]-[CH0](=[OH0])-[OH1]>>[*:1]-[OH0]-[CH2]-[CH3],26,1.3871199999999997,183.089543276,0.3676428746863877,2.4887058133572424,0.0765914214457689,-0.0412941866427578,3,8,-7.6,-6.4
Cc1c(N)c(C(=O)O)cc(O)c1O,CNC(=O)c1cc(O)c(O)c(C)c1N,[*]C(=O)O,[*]C(=O)NC,[*:1]-[CH0](=[OH0])-[OH1]>>[*:1]-[CH0](=[OH0])-[NH1]-[CH3],187,0.34802,196.084792244,0.2958318730362336,2.5740152010767545,0.0047804197956148,0.0440152010767542,3,9,-7.6,-6.9
Cc1c(N)c(C(=O)O)cc(O)c1O,Cc1c(N)c(C(C)(C)C)cc(O)c1O,[*]C(=O)O,[*]C(C)(C)C,[*:1]-[CH0](=[OH0])-[OH1]>>[*:1]-[CH0](-[CH3])(-[CH3])-[CH3],26,2.28592,195.125928784,0.3378166585599884,2.65156981646137,0.0467652053193696,0.1215698164613696,3,10,-7.6,-5.4
Cc1c(N)c(C(=O)O)cc(O)c1O,Cc1c(N)c(C(=O)N(C)C)cc(O)c1O,[*]C(=O)O,[*]C(=O)N(C)C,[*:1]-[CH0](=[OH0])-[OH1]>>[*:1]-[CH0](=[OH0])-[NH0](-[CH3])-[CH3],153,0.6902199999999998,210.100442308,0.3613569732205843,2.5768683414759828,0.0703055199799656,0.0468683414759825,3,11,-7.6,-4.9
Cc1c(N)c(C(=O)O)cc(O)c1O,Cc1c(N)c(CN(C)C)cc(O)c1O,[*]C(=O)O,[*]CN(C)C,[*:1]-[CH0](=[OH0])-[OH1]>>[*:1]-[CH2]-[NH0](-[CH3])-[CH3],24,1.0500199999999995,196.121177752,0.3754698371365418,2.650576739538291,0.0844183838959231,0.1205767395382908,3,12,-7.6,-6.2
Cc1c(N)c(C(=O)O)cc(O)c1O,CC(=O)Nc1cc(O)c(O)c(C)c1N,[*]C(=O)O,[*]NC(C)=O,[*:1]-[CH0](=[OH0])-[OH1]>>[*:1]-[NH1]-[CH0](-[CH3])=[OH0],88,0.9468199999999998,196.084792244,0.3052302040572419,2.559599816461368,0.0141787508166231,0.029599816461368,3,13,-7.6,-7.1
Cc1c(N)c(C(=O)O)cc(O)c1O,Cc1c(N)c(N2CCN(C)CC2)cc(O)c1O,[*]C(=O)O,[*]N1CCN(C)CC1,[*:1]-[CH0](=[OH0])-[OH1]>>[*:1]-[NH0]1-[CH2]-[CH2]-[NH0](-[CH3])-[CH2]-[CH2]-1,14,0.7402199999999997,237.147726848,0.3815478713354305,2.523423772476008,0.0904964180948117,-0.0065762275239924,3,14,-7.6,-4.0
Cc1c(N)c(C(=O)O)cc(O)c1O,Cc1c(N)c(CCO)cc(O)c1O,[*]C(=O)O,[*]CCO,[*:1]-[CH0](=[OH0])-[OH1]>>[*:1]-[CH2]-[CH2]-[OH1],26,0.5232199999999998,183.089543276,0.3057125511872815,2.741113053176246,0.0146610979466628,0.2111130531762457,3,15,-7.6,-6.9
Cc1c(N)c(C(=O)O)cc(O)c1O,COCc1cc(O)c(O)c(C)c1N,[*]C(=O)O,[*]COC,[*:1]-[CH0](=[OH0])-[OH1]>>[*:1]-[CH2]-[OH0]-[CH3],25,1.1348199999999995,183.089543276,0.3647946010106476,2.726354682135524,0.0737431477700289,0.1963546821355235,3,16,-7.6,-6.6
Cc1c(N)c(C(=O)O)cc(O)c1O,Cc1c(N)c(N2CCOCC2)cc(O)c1O,[*]C(=O)O,[*]N1CCOCC1,[*:1]-[CH0](=[OH0])-[OH1]>>[*:1]-[NH0]1-[CH2]-[CH2]-[OH0]-[CH2]-[CH2]-1,37,0.8250199999999999,224.116092372,0.3738123863643465,2.566753720103577,0.0827609331237278,0.0367537201035768,3,17,-7.6,-5.5
Cc1c(N)c(C(=O)O)cc(O)c1O,Cc1c(N)c(C(F)(F)F)cc(O)c1O,[*]C(=O)O,[*]C(F)(F)F,[*:1]-[CH0](=[OH0])-[OH1]>>[*:1]-[CH0](-[FH0])(-[FH0])-[FH0],118,2.00722,207.050713156,0.3460438555420648,2.663714871406423,0.054992402301446,0.1337148714064229,3,18,-7.6,-7.2
Cc1c(N)c(C(=O)O)cc(O)c1O,Cc1c(N)c(CC(N)=O)cc(O)c1O,[*]C(=O)O,[*]CC(N)=O,[*:1]-[CH0](=[OH0])-[OH1]>>[*:1]-[CH2]-[CH0](-[NH2])=[OH0],13,0.01622,196.084792244,0.3033121800709666,2.735703662615215,0.0122607268303479,0.2057036626152149,3,19,-7.6,-6.6
Cc1c(N)c(C(=O)O)cc(O)c1O,Cc1c(N)c(OC(C)C)cc(O)c1O,[*]C(=O)O,[*]OC(C)C,[*:1]-[CH0](=[OH0])-[OH1]>>[*:1]-[OH0]-[CH1](-[CH3])-[CH3],12,1.77562,197.10519334,0.3834808233931061,2.6127228933844453,0.0924293701524873,0.082722893384445,3,20,-7.6,-6.3
Cc1c(N)c(C(=O)O)cc(O)c1O,Cc1c(N)c(OC(F)(F)F)cc(O)c1O,[*]C(=O)O,[*]OC(F)(F)F,[*:1]-[CH0](=[OH0])-[OH1]>>[*:1]-[OH0]-[CH0](-[FH0])(-[FH0])-[FH0],36,1.8870200000000008,223.045627776,0.3857423027732924,2.7499962766986528,0.0946908495326737,0.2199962766986525,3,21,-7.6,-7.5
Cc1c(N)c(C(=O)O)cc(O)c1O,Cc1c(N)c(C(=O)N2CCC2)cc(O)c1O,[*]C(=O)O,[*]C(=O)N1CCC1,[*:1]-[CH0](=[OH0])-[OH1]>>[*:1]-[CH0](=[OH0])-[NH0]1-[CH2]-[CH2]-[CH2]-1,12,0.8343199999999997,222.100442308,0.3730016337660995,2.427037486337344,0.0819501805254808,-0.1029625136626561,3,22,-7.6,-5.3
Cc1c(N)c(C(=O)O)cc(O)c1O,Cc1c(N)c(CC(=O)O)cc(O)c1O,[*]C(=O)O,[*]CC(=O)O,[*:1]-[CH0](=[OH0])-[OH1]>>[*:1]-[CH2]-[CH0](=[OH0])-[OH1],212,0.6155199999999998,197.068807832,0.3157950918300974,2.6353459703075224,0.0247436385894787,0.1053459703075221,3,23,-7.6,-6.7
Cc1c(N)c(C(=O)O)cc(O)c1O,CCNC(=O)c1cc(O)c(O)c(C)c1N,[*]C(=O)O,[*]C(=O)NCC,[*:1]-[CH0](=[OH0])-[OH1]>>[*:1]-[CH0](=[OH0])-[NH1]-[CH2]-[CH3],40,0.7381199999999999,210.100442308,0.3286553880762248,2.4960727637743325,0.037603934835606,-0.0339272362256677,3,24,-7.6,-6.9
Cc1c(N)c(C(=O)O)cc(O)c1O,Cc1c(N)c(C(=O)N2CCCCC2)cc(O)c1O,[*]C(=O)O,[*]C(=O)N1CCCCC1,[*:1]-[CH0](=[OH0])-[OH1]>>[*:1]-[CH0](=[OH0])-[NH0]1-[CH2]-[CH2]-[CH2]-[CH2]-[CH2]-1,29,1.6145199999999995,250.131742436,0.4013069499796398,2.352765818456593,0.110255496739021,-0.1772341815434073,3,25,-7.6,-3.3
Cc1c(N)c(C(=O)O)cc(O)c1O,Cc1c(N)c(C(=O)N2CCCC2)cc(O)c1O,[*]C(=O)O,[*]C(=O)N1CCCC1,[*:1]-[CH0](=[OH0])-[OH1]>>[*:1]-[CH0](=[OH0])-[NH0]1-[CH2]-[CH2]-[CH2]-[CH2]-1,20,1.2244199999999998,236.116092372,0.3885497630339046,2.377024775820489,0.0974983097932859,-0.152975224179511,3,26,-7.6,-4.8
Cc1c(N)c(C(=O)O)cc(O)c1O,Cc1c(N)c(N2CCCCC2)cc(O)c1O,[*]C(=O)O,[*]N1CCCCC1,[*:1]-[CH0](=[OH0])-[OH1]>>[*:1]-[NH0]1-[CH2]-[CH2]-[CH2]-[CH2]-[CH2]-1,10,1.97872,222.136827816,0.3858522304169904,2.4653400837399406,0.0948007771763717,-0.0646599162600596,3,27,-7.6,-5.4
Cc1c(N)c(C(=O)O)cc(O)c1O,Cc1c(N)c(C(=O)NC2CC2)cc(O)c1O,[*]C(=O)O,[*]C(=O)NC1CC1,[*:1]-[CH0](=[OH0])-[OH1]>>[*:1]-[CH0](=[OH0])-[NH1]-[CH1]1-[CH2]-[CH2]-1,32,0.88062,222.100442308,0.3391354624397814,2.452286936886793,0.0480840091991626,-0.0777130631132072,3,28,-7.6,-6.9
Cc1c(N)c(C(=O)O)cc(O)c1O,CC(=O)NCc1cc(O)c(O)c(C)c1N,[*]C(=O)O,[*]CNC(C)=O,[*:1]-[CH0](=[OH0])-[OH1]>>[*:1]-[CH2]-[NH1]-[CH0](-[CH3])=[OH0],13,0.62452,210.100442308,0.326764309996627,2.586917734188532,0.0357128567560083,0.0569177341885316,3,29,-7.6,-6.8
Cc1c(N)c(C(=O)O)cc(O)c1O,Cc1c(N)c(C(C)(C)O)cc(O)c1O,[*]C(=O)O,[*]C(C)(C)O,[*:1]-[CH0](=[OH0])-[OH1]>>[*:1]-[CH0](-[CH3])(-[CH3])-[OH1],20,1.2158199999999997,197.10519334,0.3094956996534895,2.8939803659119185,0.0184442464128707,0.3639803659119183,3,30,-7.6,-5.7
Cc1c(N)c(C(=O)O)cc(O)c1O,CC(=O)c1cc(O)c(O)c(C)c1N,[*]C(=O)O,[*]C(C)=O,[*:1]-[CH0](=[OH0])-[OH1]>>[*:1]-[CH0](-[CH3])=[OH0],68,1.1910199999999995,181.073893212,0.262809942224831,2.59804674301582,-0.0282415110157876,0.0680467430158193,3,31,-7.6,-6.4
Cc1c(N)c(C(=O)O)cc(O)c1O,Cc1c(N)c(OCCO)cc(O)c1O,[*]C(=O)O,[*]OCCO,[*:1]-[CH0](=[OH0])-[OH1]>>[*:1]-[OH0]-[CH2]-[CH2]-[OH1],17,0.3595199999999999,199.084457896,0.3200226063793582,2.616855637667189,0.0289711531387395,0.0868556376671891,3,32,-7.6,-6.5
Cc1c(N)c(C(=O)O)cc(O)c1O,Cc1c(N)c(C(=O)N2CCOCC2)cc(O)c1O,[*]C(=O)O,[*]C(=O)N1CCOCC1,[*:1]-[CH0](=[OH0])-[OH1]>>[*:1]-[CH0](=[OH0])-[NH0]1-[CH2]-[CH2]-[OH0]-[CH2]-[CH2]-1,80,0.46082,252.111006992,0.383172710000105,2.4608251591159345,0.0921212567594863,-0.0691748408840657,3,33,-7.6,-3.3
Cc1c(N)c(C(=O)O)cc(O)c1O,Cc1c(N)c(C(=O)NC(C)C)cc(O)c1O,[*]C(=O)O,[*]C(=O)NC(C)C,[*:1]-[CH0](=[OH0])-[OH1]>>[*:1]-[CH0](=[OH0])-[NH1]-[CH1](-[CH3])-[CH3],30,1.12662,224.116092372,0.3437632457582814,2.47503853163351,0.0527117925176626,-0.05496146836649,3,34,-7.6,-6.8
Cc1c(N)c(C(=O)O)cc(O)c1O,Cc1c(N)c(C(=O)N2CCNCC2)cc(O)c1O,[*]C(=O)O,[*]C(=O)N1CCNCC1,[*:1]-[CH0](=[OH0])-[OH1]>>[*:1]-[CH0](=[OH0])-[NH0]1-[CH2]-[CH2]-[NH1]-[CH2]-[CH2]-1,11,0.0338199999999992,251.126991404,0.3206007679541731,2.601038659900864,0.0295493147135544,0.0710386599008634,3,35,-7.6,-3.5
Cc1c(N)c(C(=O)O)cc(O)c1O,COC(=O)c1cc(O)c(O)c(C)c1N,[*]C(=O)O,[*]C(=O)OC,[*:1]-[CH0](=[OH0])-[OH1]>>[*:1]-[CH0](=[OH0])-[OH0]-[CH3],638,0.7750199999999998,197.068807832,0.2674927751739549,2.4574613549229074,-0.0235586780666637,-0.0725386450770928,3,36,-7.6,-6.3
Cc1c(N)c(C(=O)O)cc(O)c1O,Cc1c(N)c(OCC(=O)O)cc(O)c1O,[*]C(=O)O,[*]OCC(=O)O,[*:1]-[CH0](=[OH0])-[OH1]>>[*:1]-[OH0]-[CH2]-[CH0](=[OH0])-[OH1],48,0.4518199999999999,213.063722452,0.3291786592655291,2.5215212844843915,0.0381272060249104,-0.0084787155156087,3,37,-7.6,-6.5
Cc1c(N)c(C(=O)O)cc(O)c1O,Cc1c(N)c(CN2CCOCC2)cc(O)c1O,[*]C(=O)O,[*]CN1CCOCC1,[*:1]-[CH0](=[OH0])-[OH1]>>[*:1]-[CH2]-[NH0]1-[CH2]-[CH2]-[OH0]-[CH2]-[CH2]-1,19,0.8206199999999999,238.131742436,0.4037037533065459,2.4998708371597047,0.1126523000659271,-0.0301291628402955,3,38,-7.6,-6.1
Cc1c(N)c(C(=O)O)cc(O)c1O,Cc1c(N)c(NS(C)(=O)=O)cc(O)c1O,[*]C(=O)O,[*]NS(C)(=O)=O,[*:1]-[CH0](=[OH0])-[OH1]>>[*:1]-[NH1]-[SH0](-[CH3])(=[OH0])=[OH0],55,0.3599199999999998,232.051777864,0.3338813055703254,2.6958031592897456,0.0428298523297067,0.1658031592897453,3,39,-7.6,-6.4
Cc1c(N)c(C(=O)O)cc(O)c1O,Cc1c(N)c(NC(N)=O)cc(O)c1O,[*]C(=O)O,[*]NC(N)=O,[*:1]-[CH0](=[OH0])-[OH1]>>[*:1]-[NH1]-[CH0](-[NH2])=[OH0],10,0.47902,197.080041212,0.2550829654565766,2.711295970307521,-0.0359684877840421,0.1812959703075209,3,40,-7.6,-7.6
Cc1c(N)c(C(=O)O)cc(O)c1O,Cc1c(N)c(C(=O)N2CCN(C)CC2)cc(O)c1O,[*]C(=O)O,[*]C(=O)N1CCN(C)CC1,[*:1]-[CH0](=[OH0])-[OH1]>>[*:1]-[CH0](=[OH0])-[NH0]1-[CH2]-[CH2]-[NH0](-[CH3])-[CH2]-[CH2]-1,46,0.3760200000000001,265.142641468,0.3877554663297014,2.4261584457869603,0.0967040130890827,-0.1038415542130399,3,41,-7.6,-4.8
Cc1c(N)c(C(=O)O)cc(O)c1O,CCCNC(=O)c1cc(O)c(O)c(C)c1N,[*]C(=O)O,[*]C(=O)NCCC,[*:1]-[CH0](=[OH0])-[OH1]>>[*:1]-[CH0](=[OH0])-[NH1]-[CH2]-[CH2]-[CH3],12,1.1282199999999998,224.116092372,0.3513599378013426,2.4097924313922885,0.0603084845607239,-0.1202075686077117,3,42,-7.6,-7.0
Cc1c(N)c(C(=O)O)cc(O)c1O,Cc1c(N)c(CCC(=O)O)cc(O)c1O,[*]C(=O)O,[*]CCC(=O)O,[*:1]-[CH0](=[OH0])-[OH1]>>[*:1]-[CH2]-[CH2]-[CH0](=[OH0])-[OH1],69,1.0056199999999995,211.084457896,0.3390717921527861,2.5494195093364613,0.0480203389121674,0.019419509336461,3,43,-7.6,-6.5
Cc1c(N)c(C(=O)O)cc(O)c1O,Cc1c(N)c(C(C)O)cc(O)c1O,[*]C(=O)O,[*]C(C)O,[*:1]-[CH0](=[OH0])-[OH1]>>[*:1]-[CH1](-[CH3])-[OH1],18,1.0417199999999998,183.089543276,0.2974732048323892,3.2967987649841284,0.0064217515917705,0.7667987649841281,3,44,-7.6,-6.2
Cc1c(N)c(C(=O)O)cc(O)c1O,Cc1c(N)c(C(=O)NC2CCCCC2)cc(O)c1O,[*]C(=O)O,[*]C(=O)NC1CCCCC1,[*:1]-[CH0](=[OH0])-[OH1]>>[*:1]-[CH0](=[OH0])-[NH1]-[CH1]1-[CH2]-[CH2]-[CH2]-[CH2]-[CH2]-1,10,2.0509200000000005,264.1473925,0.373280406472214,2.3753779376073574,0.0822289532315952,-0.1546220623926428,3,45,-7.6,-7.4
Cc1c(N)c(C(=O)O)cc(O)c1O,CCOC(=O)c1cc(O)c(O)c(C)c1N,[*]C(=O)O,[*]C(=O)OCC,[*:1]-[CH0](=[OH0])-[OH1]>>[*:1]-[CH0](=[OH0])-[OH0]-[CH2]-[CH3],288,1.1651199999999995,211.084457896,0.2952787175606155,2.397871580342379,0.0042272643199968,-0.1321284196576213,3,46,-7.6,-6.4
Cc1c(N)c(C(=O)O)cc(O)c1O,Cc1c(N)c(C(=O)NS(C)(=O)=O)cc(O)c1O,[*]C(=O)O,[*]C(=O)NS(C)(=O)=O,[*:1]-[CH0](=[OH0])-[OH1]>>[*:1]-[CH0](=[OH0])-[NH1]-[SH0](-[CH3])(=[OH0])=[OH0],60,-0.3221799999999999,260.046692484,0.3273153436199884,2.692655132824456,0.0362638903793697,0.1626551328244554,3,47,-7.6,-6.8
Cc1c(N)c(C(=O)O)cc(O)c1O,Cc1c(N)c(-c2ccccc2)cc(O)c1O,[*]C(=O)O,[*]c1ccccc1,[*:1]-[CH0](=[OH0])-[OH1]>>[*:1]-[cH0]1:[cH1]:[cH1]:[cH1]:[cH1]:[cH1]:1,60,2.655420000000001,215.094628656,0.3889702688809511,2.1768302935301502,0.0979188156403324,-0.35316970646985,3,48,-7.6,-5.9
Cc1c(N)c(C(=O)O)cc(O)c1O,Cc1c(N)c(NC(=O)OC(C)(C)C)cc(O)c1O,[*]C(=O)O,[*]NC(=O)OC(C)(C)C,[*:1]-[CH0](=[OH0])-[OH1]>>[*:1]-[NH1]-[CH0](=[OH0])-[OH0]-[CH0](-[CH3])(-[CH3])-[CH3],15,2.33542,254.126657056,0.3495430304617187,2.55031910492168,0.0584915772210999,0.0203191049216799,3,49,-7.6,-6.0
Cc1c(N)c(C(=O)O)cc(O)c1O,COc1ccc(-c2cc(O)c(O)c(C)c2N)cc1,[*]C(=O)O,[*]c1ccc(OC)cc1,[*:1]-[CH0](=[OH0])-[OH1]>>[*:1]-[cH0]1:[cH1]:[cH1]:[cH0](-[OH0]-[CH3]):[cH1]:[cH1]:1,11,2.6640200000000007,245.10519334,0.4316933308030806,2.1889093035429354,0.1406418775624619,-0.3410906964570648,3,50,-7.6,-5.2
Cc1c(N)c(C(=O)O)cc(O)c1O,Cc1c(N)c(C(=O)NCCN)cc(O)c1O,[*]C(=O)O,[*]C(=O)NCCN,[*:1]-[CH0](=[OH0])-[OH1]>>[*:1]-[CH0](=[OH0])-[NH1]-[CH2]-[CH2]-[NH2],13,-0.3230800000000002,225.11134134,0.27393585431958,2.576556167656024,-0.0171155989210386,0.0465561676560239,3,51,-7.6,-7.3
Cc1c(N)c(C(=O)O)cc(O)c1O,Cc1c(N)c(OCCN(C)C)cc(O)c1O,[*]C(=O)O,[*]OCCN(C)C,[*:1]-[CH0](=[OH0])-[OH1]>>[*:1]-[OH0]-[CH2]-[CH2]-[NH0](-[CH3])-[CH3],14,0.92882,226.131742436,0.404153444676592,2.5703682555681127,0.1131019914359732,0.0403682555681124,3,52,-7.6,-6.5
Cc1c(N)c(C(=O)O)cc(O)c1O,Cc1c(N)c(C(C)(C)C(=O)O)cc(O)c1O,[*]C(=O)O,[*]C(C)(C)C(=O)O,[*:1]-[CH0](=[OH0])-[OH1]>>[*:1]-[CH0](-[CH3])(-[CH3])-[CH0](=[OH0])-[OH1],12,1.3506199999999997,225.10010796,0.3453284458652803,2.878790013809869,0.0542769926246616,0.3487900138098689,3,53,-7.6,-5.7
Cc1c(N)c(C(=O)O)cc(O)c1O,CSc1cc(O)c(O)c(C)c1N,[*]C(=O)O,[*]SC,[*:1]-[CH0](=[OH0])-[OH1]>>[*:1]-[SH0]-[CH3],25,1.7103199999999994,185.051049592,0.2695379455605796,2.936632380266399,-0.0215135076800391,0.4066323802663989,3,54,-7.6,-5.6
Cc1c(N)c(C(=O)O)cc(O)c1O,COC(=O)Cc1cc(O)c(O)c(C)c1N,[*]C(=O)O,[*]CC(=O)OC,[*:1]-[CH0](=[OH0])-[OH1]>>[*:1]-[CH2]-[CH0](=[OH0])-[OH0]-[CH3],18,0.7039199999999999,211.084457896,0.2896725361477961,2.604232527087941,-0.0013789170928225,0.0742325270879407,3,55,-7.6,-6.4
Cc1c(N)c(C(=O)O)cc(O)c1O,CONC(=O)c1cc(O)c(O)c(C)c1N,[*]C(=O)O,[*]C(=O)NOC,[*:1]-[CH0](=[OH0])-[OH1]>>[*:1]-[CH0](=[OH0])-[NH1]-[OH0]-[CH3],13,0.27962,212.079706864,0.2437525591106769,2.7938005744252177,-0.0472988941299418,0.2638005744252174,3,56,-7.6,-7.0
Cc1c(N)c(C(=O)O)cc(O)c1O,Cc1c(N)c(-c2n[nH]c(=O)o2)cc(O)c1O,[*]C(=O)O,[*]c1n[nH]c(=O)o1,[*:1]-[CH0](=[OH0])-[OH1]>>[*:1]-[cH0]1:[nH0]:[nH1]:[cH0](=[OH0]):[oH0]:1,13,0.3317199999999998,223.059305768,0.3133849627568719,3.1145613554914444,0.0223335095162532,0.5845613554914442,3,57,-7.6,-7.0
Cc1c(N)c(C(=O)O)cc(O)c1O,CCN(CC)C(=O)c1cc(O)c(O)c(C)c1N,[*]C(=O)O,[*]C(=O)N(CC)CC,[*:1]-[CH0](=[OH0])-[OH1]>>[*:1]-[CH0](=[OH0])-[NH0](-[CH2]-[CH3])-[CH2]-[CH3],26,1.4704199999999998,238.131742436,0.4225649003177473,2.5321431552671303,0.1315134470771286,0.00214315526713,3,58,-7.6,-4.1
Cc1c(N)c(C(=O)O)cc(O)c1O,Cc1c(N)c(C(=O)NCC(=O)O)cc(O)c1O,[*]C(=O)O,[*]C(=O)NCC(=O)O,[*:1]-[CH0](=[OH0])-[OH1]>>[*:1]-[CH0](=[OH0])-[NH1]-[CH2]-[CH0](=[OH0])-[OH1],23,-0.1971800000000001,240.074621484,0.2821565620408392,2.481991756665732,-0.0088948911997794,-0.0480082433342685,3,59,-7.6,-7.8
Cc1c(N)c(C(=O)O)cc(O)c1O,Cc1c(N)c(-c2ccccn2)cc(O)c1O,[*]C(=O)O,[*]c1ccccn1,[*:1]-[CH0](=[OH0])-[OH1]>>[*:1]-[cH0]1:[cH1]:[cH1]:[cH1]:[cH1]:[nH0]:1,12,2.05042,216.089877624,0.386981655800058,2.5162498739497305,0.0959302025594392,-0.0137501260502697,3,60,-7.6,-5.7
Cc1c(N)c(C(=O)O)cc(O)c1O,Cc1c(N)c(C(=O)NCCN(C)C)cc(O)c1O,[*]C(=O)O,[*]C(=O)NCCN(C)C,[*:1]-[CH0](=[OH0])-[OH1]>>[*:1]-[CH0](=[OH0])-[NH1]-[CH2]-[CH2]-[NH0](-[CH3])-[CH3],35,0.2798200000000002,253.142641468,0.3507992489258866,2.4974052786924066,0.0597477956852679,-0.0325947213075936,3,61,-7.6,-7.0
Cc1c(N)c(C(=O)O)cc(O)c1O,Cc1c(N)c(C(=O)NS(=O)(=O)C2CC2)cc(O)c1O,[*]C(=O)O,[*]C(=O)NS(=O)(=O)C1CC1,[*:1]-[CH0](=[OH0])-[OH1]>>[*:1]-[CH0](=[OH0])-[NH1]-[SH0](=[OH0])(=[OH0])-[CH1]1-[CH2]-[CH2]-1,14,0.21042,286.062342548,0.3568661342649726,2.7738235118133723,0.0658146810243539,0.243823511813372,3,62,-7.6,-6.2
Cc1c(N)c(C(=O)O)cc(O)c1O,Cc1c(N)c(C(=O)OC(C)C)cc(O)c1O,[*]C(=O)O,[*]C(=O)OC(C)C,[*:1]-[CH0](=[OH0])-[OH1]>>[*:1]-[CH0](=[OH0])-[OH0]-[CH1](-[CH3])-[CH3],20,1.5536199999999996,225.10010796,0.3071626111891608,2.522888813059401,0.016111157948542,-0.007111186940599,3,63,-7.6,-6.7
Cc1c(N)c(C(=O)O)cc(O)c1O,Cc1c(N)c(-c2nn[nH]n2)cc(O)c1O,[*]C(=O)O,[*]c1nn[nH]n1,[*:1]-[CH0](=[OH0])-[OH1]>>[*:1]-[cH0]1:[nH0]:[nH0]:[nH1]:[nH0]:1,115,0.1685199999999999,207.075624528,0.3002143957319776,2.9463267398170494,0.0091629424913589,0.4163267398170491,3,64,-7.6,-7.0
Cc1c(N)c(C(=O)O)cc(O)c1O,Cc1c(N)c(C(=O)OCCO)cc(O)c1O,[*]C(=O)O,[*]C(=O)OCCO,[*:1]-[CH0](=[OH0])-[OH1]>>[*:1]-[CH0](=[OH0])-[OH0]-[CH2]-[CH2]-[OH1],10,0.1375199999999999,227.079372516,0.2526312116447824,2.5727715522714085,-0.0384202415958362,0.0427715522714082,3,65,-7.6,-6.8
Cc1c(N)c(C(=O)O)cc(O)c1O,COC(=O)CNC(=O)c1cc(O)c(O)c(C)c1N,[*]C(=O)O,[*]C(=O)NCC(=O)OC,[*:1]-[CH0](=[OH0])-[OH1]>>[*:1]-[CH0](=[OH0])-[NH1]-[CH2]-[CH0](=[OH0])-[OH0]-[CH3],13,-0.1087800000000003,254.090271548,0.2582665994839927,2.471247831883897,-0.0327848537566259,-0.0587521681161034,3,66,-7.6,-7.8
Cc1c(N)c(C(=O)O)cc(O)c1O,Cc1c(N)c(Oc2ccccc2)cc(O)c1O,[*]C(=O)O,[*]Oc1ccccc1,[*:1]-[CH0](=[OH0])-[OH1]>>[*:1]-[OH0]-[cH0]1:[cH1]:[cH1]:[cH1]:[cH1]:[cH1]:1,20,2.7807200000000014,231.089543276,0.4217506636583824,2.1921091350320463,0.1306992104177637,-0.3378908649679539,3,67,-7.6,-6.3
Cc1c(N)c(C(=O)O)cc(O)c1O,Cc1c(N)c(CCCC(=O)O)cc(O)c1O,[*]C(=O)O,[*]CCCC(=O)O,[*:1]-[CH0](=[OH0])-[OH1]>>[*:1]-[CH2]-[CH2]-[CH2]-[CH0](=[OH0])-[OH1],15,1.3957199999999998,225.10010796,0.3520080834580004,2.523133090732948,0.0609566302173817,-0.0068669092670523,3,68,-7.6,-6.9
Cc1c(N)c(C(=O)O)cc(O)c1O,Cc1c(N)c(C(=O)OC(C)(C)C)cc(O)c1O,[*]C(=O)O,[*]C(=O)OC(C)(C)C,[*:1]-[CH0](=[OH0])-[OH1]>>[*:1]-[CH0](=[OH0])-[OH0]-[CH0](-[CH3])(-[CH3])-[CH3],25,1.94372,239.115758024,0.3012480297430044,2.5393138090319702,0.0101965765023857,0.0093138090319699,3,69,-7.6,-5.2
Cc1c(N)c(C(=O)O)cc(O)c1O,Cc1c(N)c(C(C)C(=O)O)cc(O)c1O,[*]C(=O)O,[*]C(C)C(=O)O,[*:1]-[CH0](=[OH0])-[OH1]>>[*:1]-[CH1](-[CH3])-[CH0](=[OH0])-[OH1],12,1.1765199999999998,211.084457896,0.3338136319235542,3.2443345702900768,0.0427621786829354,0.7143345702900765,3,70,-7.6,-6.5
Cc1c(N)c(C(=O)O)cc(O)c1O,Cc1c(N)c(-c2cccs2)cc(O)c1O,[*]C(=O)O,[*]c1cccs1,[*:1]-[CH0](=[OH0])-[OH1]>>[*:1]-[cH0]1:[cH1]:[cH1]:[cH1]:[sH0]:1,10,2.716920000000002,221.051049592,0.3938274957168778,2.6096625747138606,0.1027760424762591,0.0796625747138604,3,71,-7.6,-5.5
Cc1c(N)c(C(=O)O)cc(O)c1O,Cc1c(N)c(C(=O)NCCO)cc(O)c1O,[*]C(=O)O,[*]C(=O)NCCO,[*:1]-[CH0](=[OH0])-[OH1]>>[*:1]-[CH0](=[OH0])-[NH1]-[CH2]-[CH2]-[OH1],48,-0.2894799999999999,226.095356928,0.2757639873856269,2.5225957280955846,-0.0152874658549917,-0.0074042719044156,3,72,-7.6,-7.2
Cc1c(N)c(C(=O)O)cc(O)c1O,COCCNC(=O)c1cc(O)c(O)c(C)c1N,[*]C(=O)O,[*]C(=O)NCCOC,[*:1]-[CH0](=[OH0])-[OH1]>>[*:1]-[CH0](=[OH0])-[NH1]-[CH2]-[CH2]-[OH0]-[CH3],26,0.36462,240.111006992,0.2631700823207166,2.441561966455941,-0.0278813709199021,-0.0884380335440591,3,73,-7.6,-7.0
Cc1c(N)c(C(=O)O)cc(O)c1O,Cc1c(N)c(C(=O)OCc2ccccc2)cc(O)c1O,[*]C(=O)O,[*]C(=O)OCc1ccccc1,[*:1]-[CH0](=[OH0])-[OH1]>>[*:1]-[CH0](=[OH0])-[OH0]-[CH2]-[cH0]1:[cH1]:[cH1]:[cH1]:[cH1]:[cH1]:1,26,2.34542,273.10010796,0.3452900906221777,2.1477320191676608,0.0542386373815589,-0.3822679808323395,3,74,-7.6,-6.7
Cc1c(N)c(C(=O)O)cc(O)c1O,Cc1c(N)c(-c2nnn[nH]2)cc(O)c1O,[*]C(=O)O,[*]c1nnn[nH]1,[*:1]-[CH0](=[OH0])-[OH1]>>[*:1]-[cH0]1:[nH0]:[nH0]:[nH0]:[nH1]:1,179,0.1685199999999999,207.075624528,0.3002143957319776,3.248875332687594,0.0091629424913589,0.7188753326875936,3,75,-7.6,-6.9
Cc1c(N)c(C(=O)O)cc(O)c1O,Cc1c(N)c(C(=O)NCCN2CCOCC2)cc(O)c1O,[*]C(=O)O,[*]C(=O)NCCN1CCOCC1,[*:1]-[CH0](=[OH0])-[OH1]>>[*:1]-[CH0](=[OH0])-[NH1]-[CH2]-[CH2]-[NH0]1-[CH2]-[CH2]-[OH0]-[CH2]-[CH2]-1,24,0.0504199999999996,295.153206152,0.3550359845378519,2.457634071360552,0.0639845312972332,-0.0723659286394484,3,76,-7.6,-6.9
Cc1c(N)c(C(=O)O)cc(O)c1O,COCCOc1cc(O)c(O)c(C)c1N,[*]C(=O)O,[*]OCCOC,[*:1]-[CH0](=[OH0])-[OH1]>>[*:1]-[OH0]-[CH2]-[CH2]-[OH0]-[CH3],12,1.0136199999999995,213.10010796,0.3006808252328055,2.514377734188532,0.0096293719921868,-0.0156222658114684,3,77,-7.6,-6.3
Cc1c(N)c(C(=O)O)cc(O)c1O,Cc1c(N)c(-c2cccnc2)cc(O)c1O,[*]C(=O)O,[*]c1cccnc1,[*:1]-[CH0](=[OH0])-[OH1]>>[*:1]-[cH0]1:[cH1]:[cH1]:[cH1]:[nH0]:[cH1]:1,15,2.05042,216.089877624,0.386981655800058,2.475189734089591,0.0959302025594392,-0.054810265910409,3,78,-7.6,-5.8
Cc1c(N)c(C(=O)O)cc(O)c1O,Cc1c(N)c(C(=O)Nc2ccccc2)cc(O)c1O,[*]C(=O)O,[*]C(=O)Nc1ccccc1,[*:1]-[CH0](=[OH0])-[OH1]>>[*:1]-[CH0](=[OH0])-[NH1]-[cH0]1:[cH1]:[cH1]:[cH1]:[cH1]:[cH1]:1,24,2.2407200000000005,258.100442308,0.3771655291698592,2.0933317837612044,0.0861140759292404,-0.4366682162387958,3,79,-7.6,-7.2
Cc1c(N)c(C(=O)O)cc(O)c1O,Cc1c(N)c(-c2ccncc2)cc(O)c1O,[*]C(=O)O,[*]c1ccncc1,[*:1]-[CH0](=[OH0])-[OH1]>>[*:1]-[cH0]1:[cH1]:[cH1]:[nH0]:[cH1]:[cH1]:1,13,2.050420000000001,216.089877624,0.386981655800058,2.4804481256979827,0.0959302025594392,-0.0495518743020175,3,80,-7.6,-6.2
Cc1c(N)c(C(=O)O)cc(O)c1O,Cc1c(N)c(NC(=O)c2ccccc2)cc(O)c1O,[*]C(=O)O,[*]NC(=O)c1ccccc1,[*:1]-[CH0](=[OH0])-[OH1]>>[*:1]-[NH1]-[CH0](=[OH0])-[cH0]1:[cH1]:[cH1]:[cH1]:[cH1]:[cH1]:1,11,2.2407200000000005,258.100442308,0.3771655291698592,2.117815511571853,0.0861140759292404,-0.4121844884281467,3,81,-7.6,-7.6
Cc1c(N)c(C(=O)O)cc(O)c1O,Cc1c(N)c(NS(=O)(=O)C(F)(F)F)cc(O)c1O,[*]C(=O)O,[*]NS(=O)(=O)C(F)(F)F,[*:1]-[CH0](=[OH0])-[OH1]>>[*:1]-[NH1]-[SH0](=[OH0])(=[OH0])-[CH0](-[FH0])(-[FH0])-[FH0],13,1.2499199999999997,286.023512428,0.371105600483509,2.900095425991914,0.0800541472428902,0.3700954259919138,3,82,-7.6,-6.2
Cc1c(N)c(C(=O)O)cc(O)c1O,Cc1c(N)c(-c2noc(=O)[nH]2)cc(O)c1O,[*]C(=O)O,[*]c1noc(=O)[nH]1,[*:1]-[CH0](=[OH0])-[OH1]>>[*:1]-[cH0]1:[nH0]:[oH0]:[cH0](=[OH0]):[nH1]:1,30,0.3317199999999998,223.059305768,0.3133849627568719,3.511636847441354,0.0223335095162532,0.9816368474413544,3,83,-7.6,-6.6
Cc1c(N)c(C(=O)O)cc(O)c1O,Cc1c(N)c(C(=O)NCc2ccccc2)cc(O)c1O,[*]C(=O)O,[*]C(=O)NCc1ccccc1,[*:1]-[CH0](=[OH0])-[OH1]>>[*:1]-[CH0](=[OH0])-[NH1]-[CH2]-[cH0]1:[cH1]:[cH1]:[cH1]:[cH1]:[cH1]:1,32,1.91842,272.116092372,0.3897615542948359,2.119075515671158,0.0987101010542171,-0.4109244843288424,3,84,-7.6,-7.0
Cc1c(N)c(C(=O)O)cc(O)c1O,Cc1c(N)c(OCc2ccccc2)cc(O)c1O,[*]C(=O)O,[*]OCc1ccccc1,[*:1]-[CH0](=[OH0])-[OH1]>>[*:1]-[OH0]-[CH2]-[cH0]1:[cH1]:[cH1]:[cH1]:[cH1]:[cH1]:1,17,2.5674200000000003,245.10519334,0.4410731296542087,2.128786195222684,0.15002167641359,-0.4012138047773161,3,85,-7.6,-6.9
Cc1c(N)c(C(=O)O)cc(O)c1O,CCCCNC(=O)c1cc(O)c(O)c(C)c1N,[*]C(=O)O,[*]C(=O)NCCCC,[*:1]-[CH0](=[OH0])-[OH1]>>[*:1]-[CH0](=[OH0])-[NH1]-[CH2]-[CH2]-[CH2]-[CH3],10,1.51832,238.131742436,0.2766175564370067,2.3722973510713263,-0.0144338968036119,-0.1577026489286739,3,86,-7.6,-7.0
Cc1c(N)c(C(=O)O)cc(O)c1O,Cc1c(N)c(C(=O)NCCCN(C)C)cc(O)c1O,[*]C(=O)O,[*]C(=O)NCCCN(C)C,[*:1]-[CH0](=[OH0])-[OH1]>>[*:1]-[CH0](=[OH0])-[NH1]-[CH2]-[CH2]-[CH2]-[NH0](-[CH3])-[CH3],28,0.6699199999999994,267.158291532,0.2719004852086507,2.4703246358322097,-0.019150968031968,-0.0596753641677905,3,87,-7.6,-6.9
Cc1c(N)c(C(=O)O)cc(O)c1O,Cc1c(N)c(C(=O)NO)cc(O)c1O,[*]C(=O)O,[*]C(=O)NO,[*:1]-[CH0](=[OH0])-[OH1]>>[*:1]-[CH0](=[OH0])-[NH1]-[OH1],63,0.10742,198.0640568,0.1442601293693031,2.776657508769061,-0.1467913238713155,0.2466575087690605,3,88,-7.6,-7.2
Cc1c(N)c(C(=O)O)cc(O)c1O,Cc1c(N)c(C(=O)NN)cc(O)c1O,[*]C(=O)O,[*]C(=O)NN,[*:1]-[CH0](=[OH0])-[OH1]>>[*:1]-[CH0](=[OH0])-[NH1]-[NH2],12,-0.4080800000000002,197.080041212,0.1045691798726791,2.7269228933844456,-0.1864822733679395,0.1969228933844453,3,89,-7.6,-7.2
O=C(O)[C@H]1OC[C@](O)(CCO)[C@H]1O,CC[C@@]1(O)CO[C@H](C(=O)O)[C@@H]1O,[*]CCO,[*]CC,[*:1]-[CH2]-[CH2]-[OH1]>>[*:1]-[CH2]-[CH3],125,-1.0282000000000002,176.068473484,0.5005621303556284,4.166950680914049,0.0910498164551682,-0.0730493190859515,4,0,-7.4,-7.4
O=C(O)[C@H]1OC[C@](O)(CCO)[C@H]1O,CO[C@@]1(O)CO[C@H](C(=O)O)[C@@H]1O,[*]CCO,[*]OC,[*:1]-[CH2]-[CH2]-[OH1]>>[*:1]-[OH0]-[CH3],31,-1.8343,178.04773804,0.4300933523652487,4.363789390591467,0.0205810384647885,0.1237893905914671,4,1,-7.4,-6.6
O=C(O)[C@H]1OC[C@](O)(CCO)[C@H]1O,CO[C@H]1OC[C@](O)(CCO)[C@H]1O,[*]C(=O)O,[*]OC,[*:1]-[CH0](=[OH0])-[OH1]>>[*:1]-[OH0]-[CH3],264,-1.5365,178.084123548,0.4880356089687834,4.085797703246554,0.0785232950683232,-0.1542022967534464,4,2,-7.4,-5.8
O=C(O)[C@H]1OC[C@](O)(CCO)[C@H]1O,O=C(O)[C@H]1OC[C@](O)(CO)[C@H]1O,[*]CCO,[*]CO,[*:1]-[CH2]-[CH2]-[OH1]>>[*:1]-[CH2]-[OH1],158,-2.445900000000001,178.04773804,0.373783446973719,4.114978472477324,-0.035728866926741,-0.1250215275226764,4,3,-7.4,-7.2
O=C(O)[C@H]1OC[C@](O)(CCO)[C@H]1O,CCO[C@@]1(O)CO[C@H](C(=O)O)[C@@H]1O,[*]CCO,[*]OCC,[*:1]-[CH2]-[CH2]-[OH1]>>[*:1]-[OH0]-[CH2]-[CH3],15,-1.4442000000000002,192.063388104,0.4735735882019078,4.349137747051165,0.0640612743014477,0.1091377470511645,4,4,-7.4,-6.7
O=C(O)[C@H]1OC[C@](O)(CCO)[C@H]1O,O=C(O)[C@H]1OC[C@](O)(C2CC2)[C@H]1O,[*]CCO,[*]C1CC1,[*:1]-[CH2]-[CH2]-[OH1]>>[*:1]-[CH1]1-[CH2]-[CH2]-1,28,-1.0282000000000002,188.068473484,0.5155772281256256,4.092075756100938,0.1060649142251654,-0.1479242438990624,4,5,-7.4,-7.0
O=C(O)[C@H]1OC[C@](O)(CCO)[C@H]1O,NC[C@@]1(O)CO[C@H](C(=O)O)[C@@H]1O,[*]CCO,[*]CN,[*:1]-[CH2]-[CH2]-[OH1]>>[*:1]-[CH2]-[NH2],16,-2.4795,177.063722452,0.371228341858291,4.283548695802386,-0.0382839720421691,0.0435486958023858,4,6,-7.4,-6.9
O=C(O)[C@H]1OC[C@](O)(CCO)[C@H]1O,NC(=O)[C@@]1(O)CO[C@H](C(=O)O)[C@@H]1O,[*]CCO,[*]C(N)=O,[*:1]-[CH2]-[CH2]-[OH1]>>[*:1]-[CH0](-[NH2])=[OH0],23,-2.9529000000000005,191.042987008,0.3688101442221803,4.269087849889502,-0.0407021696782797,0.0290878498895015,4,7,-7.4,-7.0
O=C(O)[C@H]1OC[C@](O)(CCO)[C@H]1O,CC(C)[C@@]1(O)CO[C@H](C(=O)O)[C@@H]1O,[*]CCO,[*]C(C)C,[*:1]-[CH2]-[CH2]-[OH1]>>[*:1]-[CH1](-[CH3])-[CH3],76,-0.7822000000000002,190.084123548,0.5312923874334411,4.260092045693698,0.1217800735329809,0.0200920456936977,4,8,-7.4,-7.0
O=C(O)[C@H]1OC[C@](O)(CCO)[C@H]1O,CC(C)C[C@@]1(O)CO[C@H](C(=O)O)[C@@H]1O,[*]CCO,[*]CC(C)C,[*:1]-[CH2]-[CH2]-[OH1]>>[*:1]-[CH2]-[CH1](-[CH3])-[CH3],29,-0.3920999999999999,204.099773612,0.5823816723894706,4.133005958300085,0.1728693584890104,-0.1069940416999148,4,9,-7.4,-6.5
O=C(O)[C@H]1OC[C@](O)(CCO)[C@H]1O,CC(C)[C@H]1OC[C@](O)(CCO)[C@H]1O,[*]C(=O)O,[*]C(C)C,[*:1]-[CH0](=[OH0])-[OH1]>>[*:1]-[CH1](-[CH3])-[CH3],15,-0.4844,190.120509056,0.5617138038566876,4.238083448408629,0.1522014899562274,-0.0019165515913712,4,10,-7.4,-5.2
O=C(O)[C@H]1OC[C@](O)(CCO)[C@H]1O,O=C(O)[C@H]1OC[C@](O)(C(=O)O)[C@H]1O,[*]CCO,[*]C(=O)O,[*:1]-[CH2]-[CH2]-[OH1]>>[*:1]-[CH0](=[OH0])-[OH1],26,-2.3536,192.027002596,0.3855834234266811,4.123325612127262,-0.0239288904737789,-0.1166743878727381,4,11,-7.4,-7.8
O=C(O)[C@H]1OC[C@](O)(CCO)[C@H]1O,CC[C@H]1OC[C@](O)(CCO)[C@H]1O,[*]C(=O)O,[*]CC,[*:1]-[CH0](=[OH0])-[OH1]>>[*:1]-[CH2]-[CH3],27,-0.7304000000000002,176.104858992,0.5299694555565849,4.235877030169632,0.1204571416561248,-0.0041229698303686,4,12,-7.4,-5.7
O=C(O)[C@H]1OC[C@](O)(CCO)[C@H]1O,COC[C@@]1(O)CO[C@H](C(=O)O)[C@@H]1O,[*]CCO,[*]COC,[*:1]-[CH2]-[CH2]-[OH1]>>[*:1]-[CH2]-[OH0]-[CH3],29,-1.7917999999999994,192.063388104,0.4883313932121941,4.137413765150711,0.078819079311734,-0.1025862348492889,4,13,-7.4,-7.2
O=C(O)[C@H]1OC[C@](O)(CCO)[C@H]1O,CCCC[C@@]1(O)CO[C@H](C(=O)O)[C@@H]1O,[*]CCO,[*]CCCC,[*:1]-[CH2]-[CH2]-[OH1]>>[*:1]-[CH2]-[CH2]-[CH2]-[CH3],26,-0.248,204.099773612,0.5875861033556125,3.959068848112976,0.1780737894551523,-0.2809311518870245,4,14,-7.4,-7.5
O=C(O)[C@H]1OC[C@](O)(CCO)[C@H]1O,NC[C@H]1OC[C@](O)(CCO)[C@H]1O,[*]C(=O)O,[*]CN,[*:1]-[CH0](=[OH0])-[OH1]>>[*:1]-[CH2]-[NH2],41,-2.181699999999999,177.10010796,0.3928278037661693,4.348766453246554,-0.0166845101342907,0.1087664532465542,4,15,-7.4,-6.5
O=C(O)[C@H]1OC[C@](O)(CCO)[C@H]1O,OCC[C@@]1(O)CO[C@H](CO)[C@@H]1O,[*]C(=O)O,[*]CO,[*:1]-[CH0](=[OH0])-[OH1]>>[*:1]-[CH2]-[OH1],242,-2.1481,178.084123548,0.3954792228031668,4.1967529917080935,-0.0140330910972932,-0.0432470082919067,4,16,-7.4,-6.3
O=C(O)[C@H]1OC[C@](O)(CCO)[C@H]1O,O=C(O)[C@H]1OC[C@](O)(N2CCOCC2)[C@H]1O,[*]CCO,[*]N1CCOCC1,[*:1]-[CH2]-[CH2]-[OH1]>>[*:1]-[NH0]1-[CH2]-[CH2]-[OH0]-[CH2]-[CH2]-1,17,-2.1484999999999985,233.0899372,0.499811104345944,4.135294477326911,0.0902987904454839,-0.1047055226730897,4,17,-7.4,-6.0
O=C(O)[C@H]1OC[C@](O)(CCO)[C@H]1O,NC(=O)[C@H]1OC[C@](O)(CCO)[C@H]1O,[*]C(=O)O,[*]C(N)=O,[*:1]-[CH0](=[OH0])-[OH1]>>[*:1]-[CH0](-[NH2])=[OH0],426,-2.6550999999999987,191.079372516,0.3887739507366204,4.304092950671072,-0.0207383631638397,0.0640929506710721,4,18,-7.4,-6.5
O=C(O)[C@H]1OC[C@](O)(CCO)[C@H]1O,CN1CCN([C@@]2(O)CO[C@H](C(=O)O)[C@@H]2O)CC1,[*]CCO,[*]N1CCN(C)CC1,[*:1]-[CH2]-[CH2]-[OH1]>>[*:1]-[NH0]1-[CH2]-[CH2]-[NH0](-[CH3])-[CH2]-[CH2]-1,12,-2.233299999999997,246.121571676,0.507301146431632,4.097131252107367,0.0977888325311719,-0.1428687478926331,4,19,-7.4,-5.0
O=C(O)[C@H]1OC[C@](O)(CCO)[C@H]1O,CC(C)(C)[C@@]1(O)CO[C@H](C(=O)O)[C@@H]1O,[*]CCO,[*]C(C)(C)C,[*:1]-[CH2]-[CH2]-[OH1]>>[*:1]-[CH0](-[CH3])(-[CH3])-[CH3],28,-0.3920999999999999,204.099773612,0.541090204008298,4.221964969289097,0.1315778901078378,-0.0180350307109034,4,20,-7.4,-5.7
O=C(O)[C@H]1OC[C@](O)(CCO)[C@H]1O,CCC[C@@]1(O)CO[C@H](C(=O)O)[C@@H]1O,[*]CCO,[*]CCC,[*:1]-[CH2]-[CH2]-[OH1]>>[*:1]-[CH2]-[CH2]-[CH3],59,-0.6380999999999999,190.084123548,0.5508046324964901,4.084794308137136,0.14129231859603,-0.1552056918628643,4,21,-7.4,-6.6
O=C(O)[C@H]1OC[C@](O)(CCO)[C@H]1O,O=C(O)[C@H]1OC[C@](O)(CC2CC2)[C@H]1O,[*]CCO,[*]CC1CC1,[*:1]-[CH2]-[CH2]-[OH1]>>[*:1]-[CH2]-[CH1]1-[CH2]-[CH2]-1,20,-0.6380999999999999,202.084123548,0.566445403691731,4.186849305493433,0.1569330897912709,-0.0531506945065674,4,22,-7.4,-7.3
O=C(O)[C@H]1OC[C@](O)(CCO)[C@H]1O,CN[C@H]1OC[C@](O)(CCO)[C@H]1O,[*]C(=O)O,[*]NC,[*:1]-[CH0](=[OH0])-[OH1]>>[*:1]-[NH1]-[CH3],17,-1.9635,177.10010796,0.4021104009835546,4.5956823186311695,-0.0074019129169055,0.3556823186311693,4,23,-7.4,-6.3
O=C(O)[C@H]1OC[C@](O)(CCO)[C@H]1O,NCC[C@@]1(O)CO[C@H](C(=O)O)[C@@H]1O,[*]CCO,[*]CCN,[*:1]-[CH2]-[CH2]-[OH1]>>[*:1]-[CH2]-[CH2]-[NH2],26,-2.0893999999999995,191.079372516,0.4065977103410683,4.271098380535326,-0.0029146035593918,0.0310983805353259,4,24,-7.4,-6.7
O=C(O)[C@H]1OC[C@](O)(CCO)[C@H]1O,CN(C)[C@H]1OC[C@](O)(CCO)[C@H]1O,[*]C(=O)O,[*]N(C)C,[*:1]-[CH0](=[OH0])-[OH1]>>[*:1]-[NH0](-[CH3])-[CH3],51,-1.6212999999999995,191.115758024,0.4997558479224549,4.517046796824919,0.0902435340219948,0.2770467968249184,4,25,-7.4,-5.4
O=C(O)[C@H]1OC[C@](O)(CCO)[C@H]1O,CCO[C@H]1OC[C@](O)(CCO)[C@H]1O,[*]C(=O)O,[*]OCC,[*:1]-[CH0](=[OH0])-[OH1]>>[*:1]-[OH0]-[CH2]-[CH3],26,-1.1464,192.099773612,0.5241122571672705,4.022042375364027,0.1145999432668103,-0.2179576246359733,4,26,-7.4,-5.6
O=C(O)[C@H]1OC[C@](O)(CCO)[C@H]1O,O=C(O)[C@H]1OC[C@](O)(C(F)(F)F)[C@H]1O,[*]CCO,[*]C(F)(F)F,[*:1]-[CH2]-[CH2]-[OH1]>>[*:1]-[CH0](-[FH0])(-[FH0])-[FH0],17,-0.8759000000000001,216.024557984,0.5296825721427313,4.251674859398987,0.1201702582422711,0.0116748593989868,4,27,-7.4,-7.2
O=C(O)[C@H]1OC[C@](O)(CCO)[C@H]1O,CNC(=O)[C@@]1(O)CO[C@H](C(=O)O)[C@@H]1O,[*]CCO,[*]C(=O)NC,[*:1]-[CH2]-[CH2]-[OH1]>>[*:1]-[CH0](=[OH0])-[NH1]-[CH3],10,-2.6922,205.058637072,0.3897888057092597,4.23995211214624,-0.0197235081912003,-4.788785376064197e-05,4,28,-7.4,-7.0
O=C(O)[C@H]1OC[C@](O)(CCO)[C@H]1O,CNC(=O)[C@H]1OC[C@](O)(CCO)[C@H]1O,[*]C(=O)O,[*]C(=O)NC,[*:1]-[CH0](=[OH0])-[OH1]>>[*:1]-[CH0](=[OH0])-[NH1]-[CH3],187,-2.394399999999998,205.09502258,0.4116723908206108,4.22695450299863,0.0021600769201507,-0.0130454970013698,4,29,-7.4,-6.0
O=C(O)[C@H]1OC[C@](O)(CCO)[C@H]1O,NC(=O)C[C@@]1(O)CO[C@H](C(=O)O)[C@@H]1O,[*]CCO,[*]CC(N)=O,[*:1]-[CH2]-[CH2]-[OH1]>>[*:1]-[CH2]-[CH0](-[NH2])=[OH0],41,-2.5627999999999997,205.058637072,0.4005679652873974,4.20992134291547,-0.0089443486130626,-0.0300786570845303,4,30,-7.4,-7.9
O=C(O)[C@H]1OC[C@](O)(CCO)[C@H]1O,CC(C)(C)[C@H]1OC[C@](O)(CCO)[C@H]1O,[*]C(=O)O,[*]C(C)(C)C,[*:1]-[CH0](=[OH0])-[OH1]>>[*:1]-[CH0](-[CH3])(-[CH3])-[CH3],26,-0.0943000000000001,204.13615912,0.5875123872427769,4.249579035223164,0.1780000733423167,0.0095790352231635,4,31,-7.4,-5.2
O=C(O)[C@H]1OC[C@](O)(CCO)[C@H]1O,CC(=O)N[C@@]1(O)CO[C@H](C(=O)O)[C@@H]1O,[*]CCO,[*]NC(C)=O,[*:1]-[CH2]-[CH2]-[OH1]>>[*:1]-[NH1]-[CH0](-[CH3])=[OH0],12,-2.3446,205.058637072,0.3751429183850087,4.3067059583000855,-0.0343693955154513,0.0667059583000853,4,32,-7.4,-7.5
O=C(O)[C@H]1OC[C@](O)(CCO)[C@H]1O,O=C(O)[C@H]1OC[C@](O)(C(F)F)[C@H]1O,[*]CCO,[*]C(F)F,[*:1]-[CH2]-[CH2]-[OH1]>>[*:1]-[CH1](-[FH0])-[FH0],11,-1.1731,198.033979796,0.5198991974604559,4.535458479260131,0.1103868835599957,0.2954584792601311,4,33,-7.4,-7.7
O=C(O)[C@H]1OC[C@](O)(CCO)[C@H]1O,CN(C)C(=O)[C@H]1OC[C@](O)(CCO)[C@H]1O,[*]C(=O)O,[*]C(=O)N(C)C,[*:1]-[CH0](=[OH0])-[OH1]>>[*:1]-[CH0](=[OH0])-[NH0](-[CH3])-[CH3],153,-2.0521999999999982,219.110672644,0.5079806376601494,4.211225651175178,0.0984683237596893,-0.0287743488248217,4,34,-7.4,-4.6
O=C(O)[C@H]1OC[C@](O)(CCO)[C@H]1O,O=C(O)C[C@@]1(O)CO[C@H](C(=O)O)[C@@H]1O,[*]CCO,[*]CC(=O)O,[*:1]-[CH2]-[CH2]-[OH1]>>[*:1]-[CH2]-[CH0](=[OH0])-[OH1],53,-1.9635,206.04265266,0.4220559353838341,4.059379035223163,0.012543621483374,-0.1806209647768373,4,35,-7.4,-6.7
O=C(O)[C@H]1OC[C@](O)(CCO)[C@H]1O,CN(C)C[C@H]1OC[C@](O)(CCO)[C@H]1O,[*]C(=O)O,[*]CN(C)C,[*:1]-[CH0](=[OH0])-[OH1]>>[*:1]-[CH2]-[NH0](-[CH3])-[CH3],24,-1.578799999999999,205.131408088,0.5164768302860862,4.195392756636885,0.106964516385626,-0.0446072433631155,4,36,-7.4,-5.0
O=C(O)[C@H]1OC[C@](O)(CCO)[C@H]1O,CC(=O)N[C@H]1OC[C@](O)(CCO)[C@H]1O,[*]C(=O)O,[*]NC(C)=O,[*:1]-[CH0](=[OH0])-[OH1]>>[*:1]-[NH1]-[CH0](-[CH3])=[OH0],88,-2.0467999999999997,205.09502258,0.4249683368985344,4.290781530025658,0.0154560229980743,0.0507815300256577,4,37,-7.4,-5.8
O=C(O)[C@H]1OC[C@](O)(CCO)[C@H]1O,COCC[C@@]1(O)CO[C@H](C(=O)O)[C@@H]1O,[*]CCO,[*]CCOC,[*:1]-[CH2]-[CH2]-[OH1]>>[*:1]-[CH2]-[CH2]-[OH0]-[CH3],82,-1.4016999999999995,206.079038168,0.5231329958800713,4.07653288137701,0.1136206819796112,-0.1634671186229903,4,38,-7.4,-7.4
O=C(O)[C@H]1OC[C@](O)(CCO)[C@H]1O,CN1CCN([C@H]2OC[C@](O)(CCO)[C@H]2O)CC1,[*]C(=O)O,[*]N1CCN(C)CC1,[*:1]-[CH0](=[OH0])-[OH1]>>[*:1]-[NH0]1-[CH2]-[CH2]-[NH0](-[CH3])-[CH2]-[CH2]-1,14,-1.9354999999999976,246.157957184,0.5380262210632867,3.9777833619771448,0.1285139071628265,-0.2622166380228554,4,39,-7.4,-4.4
O=C(O)[C@H]1OC[C@](O)(CCO)[C@H]1O,OCC[C@H]1OC[C@](O)(CCO)[C@H]1O,[*]C(=O)O,[*]CCO,[*:1]-[CH0](=[OH0])-[OH1]>>[*:1]-[CH2]-[CH2]-[OH1],26,-1.7579999999999998,192.099773612,0.4235599544141208,4.245270067671719,0.0140476405136606,0.0052700676717192,4,40,-7.4,-6.0
O=C(O)[C@H]1OC[C@](O)(CCO)[C@H]1O,CN1CCC([C@@]2(O)CO[C@H](C(=O)O)[C@@H]2O)CC1,[*]CCO,[*]C1CCN(C)CC1,[*:1]-[CH2]-[CH2]-[OH1]>>[*:1]-[CH1]1-[CH2]-[CH2]-[NH0](-[CH3])-[CH2]-[CH2]-1,17,-1.0963999999999987,245.126322708,0.5721614571276343,3.948742623344824,0.1626491432271742,-0.2912573766551762,4,41,-7.4,-5.4
O=C(O)[C@H]1OC[C@](O)(CCO)[C@H]1O,CNC(=O)C[C@@]1(O)CO[C@H](C(=O)O)[C@@H]1O,[*]CCO,[*]CC(=O)NC,[*:1]-[CH2]-[CH2]-[OH1]>>[*:1]-[CH2]-[CH0](=[OH0])-[NH1]-[CH3],21,-2.3021,219.074287136,0.4238749113958575,4.16503985235861,0.0143625974953973,-0.0749601476413905,4,42,-7.4,-8.2
O=C(O)[C@H]1OC[C@](O)(CCO)[C@H]1O,O=C(O)[C@H]1OC[C@](O)(OCCO)[C@H]1O,[*]CCO,[*]OCCO,[*:1]-[CH2]-[CH2]-[OH1]>>[*:1]-[OH0]-[CH2]-[CH2]-[OH1],13,-2.4718,208.058302724,0.378045143165458,4.3839998252439525,-0.0314671707350021,0.1439998252439522,4,43,-7.4,-7.1
O=C(O)[C@H]1OC[C@](O)(CCO)[C@H]1O,COC[C@H]1OC[C@](O)(CCO)[C@H]1O,[*]C(=O)O,[*]COC,[*:1]-[CH0](=[OH0])-[OH1]>>[*:1]-[CH2]-[OH0]-[CH3],25,-1.494,192.099773612,0.5052854881785395,4.168795781957433,0.0957731742780793,-0.0712042180425669,4,44,-7.4,-5.7
O=C(O)[C@H]1OC[C@](O)(CCO)[C@H]1O,CC(=O)[C@@]1(O)CO[C@H](C(=O)O)[C@@H]1O,[*]CCO,[*]C(C)=O,[*:1]-[CH2]-[CH2]-[OH1]>>[*:1]-[CH0](-[CH3])=[OH0],13,-1.8492,190.04773804,0.4719108058443181,4.167423514225165,0.062398491943858,-0.0725764857748352,4,45,-7.4,-7.7
O=C(O)[C@H]1OC[C@](O)(CCO)[C@H]1O,N#CC[C@@]1(O)CO[C@H](C(=O)O)[C@@H]1O,[*]CCO,[*]CC#N,[*:1]-[CH2]-[CH2]-[OH1]>>[*:1]-[CH2]-[CH0]#[NH0],17,-1.5245200000000003,187.048072388,0.4835732322942157,4.439198833024014,0.0740609183937556,0.1991988330240142,4,46,-7.4,-7.4
O=C(O)[C@H]1OC[C@](O)(CCO)[C@H]1O,O=C(O)[C@H]1OC[C@](O)(CN2CCOCC2)[C@H]1O,[*]CCO,[*]CN1CCOCC1,[*:1]-[CH2]-[CH2]-[OH1]>>[*:1]-[CH2]-[NH0]1-[CH2]-[CH2]-[OH0]-[CH2]-[CH2]-1,11,-2.105999999999998,247.105587264,0.524762186571723,3.921073051011516,0.1152498726712629,-0.3189269489884845,4,47,-7.4,-5.6
O=C(O)[C@H]1OC[C@](O)(CCO)[C@H]1O,O=C(O)[C@H]1OC[C@](O)(CC(F)(F)F)[C@H]1O,[*]CCO,[*]CC(F)(F)F,[*:1]-[CH2]-[CH2]-[OH1]>>[*:1]-[CH2]-[CH0](-[FH0])(-[FH0])-[FH0],26,-0.4858,230.040208048,0.5957148833143237,4.323228329468545,0.1862025694138635,0.0832283294685449,4,48,-7.4,-8.0
O=C(O)[C@H]1OC[C@](O)(CCO)[C@H]1O,CN(C)C(=O)C[C@@]1(O)CO[C@H](C(=O)O)[C@@H]1O,[*]CCO,[*]CC(=O)N(C)C,[*:1]-[CH2]-[CH2]-[OH1]>>[*:1]-[CH2]-[CH0](=[OH0])-[NH0](-[CH3])-[CH3],17,-1.9598999999999984,233.0899372,0.5222018582411592,4.121051052459094,0.112689544340699,-0.1189489475409057,4,49,-7.4,-5.4
O=C(O)[C@H]1OC[C@](O)(CCO)[C@H]1O,O=C(O)[C@H]1OC[C@](O)(CCCO)[C@H]1O,[*]CCO,[*]CCCO,[*:1]-[CH2]-[CH2]-[OH1]>>[*:1]-[CH2]-[CH2]-[CH2]-[OH1],123,-1.6656999999999995,206.079038168,0.4380537849439995,4.107024357468486,0.0285414710435393,-0.1329756425315142,4,50,-7.4,-7.5
O=C(O)[C@H]1OC[C@](O)(CCO)[C@H]1O,OCC[C@@]1(O)CO[C@H](N2CCOCC2)[C@@H]1O,[*]C(=O)O,[*]N1CCOCC1,[*:1]-[CH0](=[OH0])-[OH1]>>[*:1]-[NH0]1-[CH2]-[CH2]-[OH0]-[CH2]-[CH2]-1,37,-1.8506999999999985,233.126322708,0.5306530396601132,4.061388463340895,0.1211407257596531,-0.1786115366591047,4,51,-7.4,-5.0
O=C(O)[C@H]1OC[C@](O)(CCO)[C@H]1O,OCC[C@@]1(O)CO[C@H](C(F)(F)F)[C@@H]1O,[*]C(=O)O,[*]C(F)(F)F,[*:1]-[CH0](=[OH0])-[OH1]>>[*:1]-[CH0](-[FH0])(-[FH0])-[FH0],118,-0.5781000000000001,216.060943492,0.5773688991293172,4.35260211214624,0.1678565852288571,0.1126021121462397,4,52,-7.4,-6.4
O=C(O)[C@H]1OC[C@](O)(CCO)[C@H]1O,NC(=O)C[C@H]1OC[C@](O)(CCO)[C@H]1O,[*]C(=O)O,[*]CC(N)=O,[*:1]-[CH0](=[OH0])-[OH1]>>[*:1]-[CH2]-[CH0](-[NH2])=[OH0],13,-2.2649999999999983,205.09502258,0.4133009838360176,4.239487143331272,0.0037886699355575,-0.0005128566687284,4,53,-7.4,-6.0
O=C(O)[C@H]1OC[C@](O)(CCO)[C@H]1O,CC(C)O[C@H]1OC[C@](O)(CCO)[C@H]1O,[*]C(=O)O,[*]OC(C)C,[*:1]-[CH0](=[OH0])-[OH1]>>[*:1]-[OH0]-[CH1](-[CH3])-[CH3],12,-0.7579,206.115423676,0.563343581889743,4.143477164121292,0.1538312679892828,-0.0965228358787086,4,54,-7.4,-5.6
O=C(O)[C@H]1OC[C@](O)(CCO)[C@H]1O,COC(=O)[C@@]1(O)CO[C@H](C(=O)O)[C@@H]1O,[*]CCO,[*]C(=O)OC,[*:1]-[CH2]-[CH2]-[OH1]>>[*:1]-[CH0](=[OH0])-[OH0]-[CH3],15,-2.2652,206.04265266,0.4365329286103826,4.065905958300085,0.0270206147099225,-0.1740940416999148,4,55,-7.4,-7.8
O=C(O)[C@H]1OC[C@](O)(CCO)[C@H]1O,OCC[C@@]1(O)CO[C@H](OC(F)(F)F)[C@@H]1O,[*]C(=O)O,[*]OC(F)(F)F,[*:1]-[CH0](=[OH0])-[OH1]>>[*:1]-[OH0]-[CH0](-[FH0])(-[FH0])-[FH0],36,-0.6465000000000001,232.055858112,0.6024741353324561,4.332709674843818,0.1929618214319959,0.0927096748438174,4,56,-7.4,-6.5
O=C(O)[C@H]1OC[C@](O)(CCO)[C@H]1O,N#CCC[C@@]1(O)CO[C@H](C(=O)O)[C@@H]1O,[*]CCO,[*]CCC#N,[*:1]-[CH2]-[CH2]-[OH1]>>[*:1]-[CH2]-[CH2]-[CH0]#[NH0],31,-1.13442,201.063722452,0.5322093142598469,4.332742860586988,0.1226970003593867,0.0927428605869877,4,57,-7.4,-7.7
O=C(O)[C@H]1OC[C@](O)(CCO)[C@H]1O,CN(C)CC[C@@]1(O)CO[C@H](C(=O)O)[C@@H]1O,[*]CCO,[*]CCN(C)C,[*:1]-[CH2]-[CH2]-[OH1]>>[*:1]-[CH2]-[CH2]-[NH0](-[CH3])-[CH3],43,-1.4864999999999993,219.110672644,0.533665527298481,4.062482455908906,0.1241532133980209,-0.1775175440910938,4,58,-7.4,-6.9
O=C(O)[C@H]1OC[C@](O)(CCO)[C@H]1O,O=C([C@H]1OC[C@](O)(CCO)[C@H]1O)N1CCC1,[*]C(=O)O,[*]C(=O)N1CCC1,[*:1]-[CH0](=[OH0])-[OH1]>>[*:1]-[CH0](=[OH0])-[NH0]1-[CH2]-[CH2]-[CH2]-1,12,-1.9080999999999984,231.110672644,0.5272072065655736,3.993260162804223,0.1176948926651135,-0.2467398371957774,4,59,-7.4,-4.9
O=C(O)[C@H]1OC[C@](O)(CCO)[C@H]1O,O=C(O)C[C@H]1OC[C@](O)(CCO)[C@H]1O,[*]C(=O)O,[*]CC(=O)O,[*:1]-[CH0](=[OH0])-[OH1]>>[*:1]-[CH2]-[CH0](=[OH0])-[OH1],212,-1.6656999999999995,206.079038168,0.4380537849439995,4.132145771189899,0.0285414710435393,-0.1078542288101012,4,60,-7.4,-6.9
O=C(O)[C@H]1OC[C@](O)(CCO)[C@H]1O,CCNC(=O)[C@H]1OC[C@](O)(CCO)[C@H]1O,[*]C(=O)O,[*]C(=O)NCC,[*:1]-[CH0](=[OH0])-[OH1]>>[*:1]-[CH0](=[OH0])-[NH1]-[CH2]-[CH3],40,-2.004299999999999,219.110672644,0.4379417105899404,4.08817310679648,0.0284293966894803,-0.1518268932035198,4,61,-7.4,-6.2
O=C(O)[C@H]1OC[C@](O)(CCO)[C@H]1O,O=C(O)[C@H]1OC[C@](O)(CCF)[C@H]1O,[*]CCO,[*]CCF,[*:1]-[CH2]-[CH2]-[OH1]>>[*:1]-[CH2]-[CH2]-[FH0],23,-1.0786000000000002,194.059051672,0.5317061441946904,4.452124624879216,0.1221938302942303,0.2121246248792161,4,62,-7.4,-6.7
O=C(O)[C@H]1OC[C@](O)(CCO)[C@H]1O,O=C(O)[C@H]1OC[C@](O)(C2CCNCC2)[C@H]1O,[*]CCO,[*]C1CCNCC1,[*:1]-[CH2]-[CH2]-[OH1]>>[*:1]-[CH1]1-[CH2]-[CH2]-[NH1]-[CH2]-[CH2]-1,17,-1.438599999999999,231.110672644,0.4644442760940494,4.1378182535506856,0.0549319621935893,-0.1021817464493146,4,63,-7.4,-7.2
O=C(O)[C@H]1OC[C@](O)(CCO)[C@H]1O,O=C([C@H]1OC[C@](O)(CCO)[C@H]1O)N1CCCCC1,[*]C(=O)O,[*]C(=O)N1CCCCC1,[*:1]-[CH0](=[OH0])-[OH1]>>[*:1]-[CH0](=[OH0])-[NH0]1-[CH2]-[CH2]-[CH2]-[CH2]-[CH2]-1,29,-1.1278999999999997,259.14197277200003,0.5966305280514855,3.818980644753708,0.1871182141510254,-0.4210193552462922,4,64,-7.4,-5.1
O=C(O)[C@H]1OC[C@](O)(CCO)[C@H]1O,O=C([C@H]1OC[C@](O)(CCO)[C@H]1O)N1CCCC1,[*]C(=O)O,[*]C(=O)N1CCCC1,[*:1]-[CH0](=[OH0])-[OH1]>>[*:1]-[CH0](=[OH0])-[NH0]1-[CH2]-[CH2]-[CH2]-[CH2]-1,20,-1.5179999999999991,245.126322708,0.5617385861312684,3.882527715495967,0.1522262722308082,-0.3574722845040332,4,65,-7.4,-4.6
O=C(O)[C@H]1OC[C@](O)(CCO)[C@H]1O,NC(=O)CC[C@@]1(O)CO[C@H](C(=O)O)[C@@H]1O,[*]CCO,[*]CCC(N)=O,[*:1]-[CH2]-[CH2]-[OH1]>>[*:1]-[CH2]-[CH2]-[CH0](-[NH2])=[OH0],11,-2.172699999999999,219.074287136,0.425276314576988,4.089777130465119,0.0157640006765278,-0.1502228695348808,4,66,-7.4,-7.3
O=C(O)[C@H]1OC[C@](O)(CCO)[C@H]1O,OCC[C@@]1(O)CO[C@H](N2CCCCC2)[C@@H]1O,[*]C(=O)O,[*]N1CCCCC1,[*:1]-[CH0](=[OH0])-[OH1]>>[*:1]-[NH0]1-[CH2]-[CH2]-[CH2]-[CH2]-[CH2]-1,10,-0.6970000000000001,231.147058152,0.5990042202417166,3.9253300018024335,0.1894919063412565,-0.3146699981975658,4,67,-7.4,-4.8
O=C(O)[C@H]1OC[C@](O)(CCO)[C@H]1O,O=C(NC1CC1)[C@H]1OC[C@](O)(CCO)[C@H]1O,[*]C(=O)O,[*]C(=O)NC1CC1,[*:1]-[CH0](=[OH0])-[OH1]>>[*:1]-[CH0](=[OH0])-[NH1]-[CH1]1-[CH2]-[CH2]-1,32,-1.8617999999999992,231.110672644,0.454512476056265,4.008297729888302,0.0450001621558048,-0.2317022701116986,4,68,-7.4,-6.0
O=C(O)[C@H]1OC[C@](O)(CCO)[C@H]1O,CC(=O)NC[C@H]1OC[C@](O)(CCO)[C@H]1O,[*]C(=O)O,[*]CNC(C)=O,[*:1]-[CH0](=[OH0])-[OH1]>>[*:1]-[CH2]-[NH1]-[CH0](-[CH3])=[OH0],13,-2.004299999999999,219.110672644,0.4379417105899404,4.059535799104173,0.0284293966894803,-0.1804642008958268,4,69,-7.4,-6.2
O=C(O)[C@H]1OC[C@](O)(CCO)[C@H]1O,CC(C)(O)[C@H]1OC[C@](O)(CCO)[C@H]1O,[*]C(=O)O,[*]C(C)(C)O,[*:1]-[CH0](=[OH0])-[OH1]>>[*:1]-[CH0](-[CH3])(-[CH3])-[OH1],20,-1.3695000000000004,206.115423676,0.4572611165533358,4.372309804453932,0.0477488026528757,0.1323098044539321,4,70,-7.4,-7.0
O=C(O)[C@H]1OC[C@](O)(CCO)[C@H]1O,O=C(O)CC[C@@]1(O)CO[C@H](C(=O)O)[C@@H]1O,[*]CCO,[*]CCC(=O)O,[*:1]-[CH2]-[CH2]-[OH1]>>[*:1]-[CH2]-[CH2]-[CH0](=[OH0])-[OH1],30,-1.5733999999999997,220.058302724,0.4505884191636393,3.996709674843817,0.0410761052631791,-0.2432903251561828,4,71,-7.4,-7.1
O=C(O)[C@H]1OC[C@](O)(CCO)[C@H]1O,CC(=O)[C@H]1OC[C@](O)(CCO)[C@H]1O,[*]C(=O)O,[*]C(C)=O,[*:1]-[CH0](=[OH0])-[OH1]>>[*:1]-[CH0](-[CH3])=[OH0],68,-1.5514000000000003,190.084123548,0.5011947374754339,4.298257204064738,0.0916824235749737,0.0582572040647377,4,72,-7.4,-6.4
O=C(O)[C@H]1OC[C@](O)(CCO)[C@H]1O,O=C(O)[C@H]1OC[C@](O)(CC(F)F)[C@H]1O,[*]CCO,[*]CC(F)F,[*:1]-[CH2]-[CH2]-[OH1]>>[*:1]-[CH2]-[CH1](-[FH0])-[FH0],11,-0.7830000000000001,212.04962986,0.5707189418497018,4.46975211214624,0.1612066279492417,0.2297521121462393,4,73,-7.4,-7.8
O=C(O)[C@H]1OC[C@](O)(CCO)[C@H]1O,CC(O)[C@@]1(O)CO[C@H](C(=O)O)[C@@H]1O,[*]CCO,[*]C(C)O,[*:1]-[CH2]-[CH2]-[OH1]>>[*:1]-[CH1](-[CH3])-[OH1],16,-2.0574000000000003,192.063388104,0.4006191608176075,4.504100315453104,-0.0088931530828526,0.2641003154531036,4,74,-7.4,-7.7
O=C(O)[C@H]1OC[C@](O)(CCO)[C@H]1O,CC(C)(O)C[C@@]1(O)CO[C@H](C(=O)O)[C@@H]1O,[*]CCO,[*]CC(C)(C)O,[*:1]-[CH2]-[CH2]-[OH1]>>[*:1]-[CH2]-[CH0](-[CH3])(-[CH3])-[OH1],22,-1.2771999999999997,220.094688232,0.4718105894807861,4.303508491411865,0.0622982755803259,0.0635084914118646,4,75,-7.4,-6.3
O=C(O)[C@H]1OC[C@](O)(CCO)[C@H]1O,OCCO[C@H]1OC[C@](O)(CCO)[C@H]1O,[*]C(=O)O,[*]OCCO,[*:1]-[CH0](=[OH0])-[OH1]>>[*:1]-[OH0]-[CH2]-[CH2]-[OH1],17,-2.173999999999999,208.094688232,0.4100021582065442,4.072065674899276,0.000489844306084,-0.1679343251007239,4,76,-7.4,-5.6
O=C(O)[C@H]1OC[C@](O)(CCO)[C@H]1O,O=C([C@H]1OC[C@](O)(CCO)[C@H]1O)N1CCOCC1,[*]C(=O)O,[*]C(=O)N1CCOCC1,[*:1]-[CH0](=[OH0])-[OH1]>>[*:1]-[CH0](=[OH0])-[NH0]1-[CH2]-[CH2]-[OH0]-[CH2]-[CH2]-1,80,-2.281599999999996,261.121237328,0.5290841051513447,3.924878798599863,0.1195717912508846,-0.315121201400137,4,77,-7.4,-3.7
O=C(O)[C@H]1OC[C@](O)(CCO)[C@H]1O,CC(O)C[C@@]1(O)CO[C@H](C(=O)O)[C@@H]1O,[*]CCO,[*]CC(C)O,[*:1]-[CH2]-[CH2]-[OH1]>>[*:1]-[CH2]-[CH1](-[CH3])-[OH1],17,-1.6672999999999991,206.079038168,0.4396868199228813,4.447689053234319,0.0301745060224212,0.2076890532343185,4,78,-7.4,-7.3
O=C(O)[C@H]1OC[C@](O)(CCO)[C@H]1O,CC(=O)NCC[C@@]1(O)CO[C@H](C(=O)O)[C@@H]1O,[*]CCO,[*]CCNC(C)=O,[*:1]-[CH2]-[CH2]-[OH1]>>[*:1]-[CH2]-[CH2]-[NH1]-[CH0](-[CH3])=[OH0],11,-1.911999999999998,233.0899372,0.4499425619511559,3.9762809908134233,0.0404302480506958,-0.2637190091865777,4,79,-7.4,-7.7
O=C(O)[C@H]1OC[C@](O)(CCO)[C@H]1O,O=C(O)[C@H]1OC[C@](O)(CC2CCOCC2)[C@H]1O,[*]CCO,[*]CC1CCOCC1,[*:1]-[CH2]-[CH2]-[OH1]>>[*:1]-[CH2]-[CH1]1-[CH2]-[CH2]-[OH0]-[CH2]-[CH2]-1,12,-0.6214999999999997,246.110338296,0.6138203724490244,4.087824933171909,0.2043080585485643,-0.1521750668280912,4,80,-7.4,-6.0
O=C(O)[C@H]1OC[C@](O)(CCO)[C@H]1O,O=C(O)[C@H]1OC[C@](O)(CC2CCCCC2)[C@H]1O,[*]CCO,[*]CC1CCCCC1,[*:1]-[CH2]-[CH2]-[OH1]>>[*:1]-[CH2]-[CH1]1-[CH2]-[CH2]-[CH2]-[CH2]-[CH2]-1,10,0.5321999999999998,244.13107374,0.6739049428241363,3.893068468360125,0.2643926289236761,-0.3469315316398749,4,81,-7.4,-5.6
O=C(O)[C@H]1OC[C@](O)(CCO)[C@H]1O,O=C(O)[C@H]1OC[C@](O)(CC(=O)N2CCOCC2)[C@H]1O,[*]CCO,[*]CC(=O)N1CCOCC1,[*:1]-[CH2]-[CH2]-[OH1]>>[*:1]-[CH2]-[CH0](=[OH0])-[NH0]1-[CH2]-[CH2]-[OH0]-[CH2]-[CH2]-1,12,-2.1892999999999976,275.10050188400004,0.5353911223988183,3.8613050853632345,0.1258788084983581,-0.3786949146367657,4,82,-7.4,-5.5
O=C(O)[C@H]1OC[C@](O)(CCO)[C@H]1O,CC(C)NC(=O)[C@H]1OC[C@](O)(CCO)[C@H]1O,[*]C(=O)O,[*]C(=O)NC(C)C,[*:1]-[CH0](=[OH0])-[OH1]>>[*:1]-[CH0](=[OH0])-[NH1]-[CH1](-[CH3])-[CH3],30,-1.6157999999999992,233.126322708,0.4677742788175717,4.051409562241994,0.0582619649171116,-0.1885904377580063,4,83,-7.4,-6.1
O=C(O)[C@H]1OC[C@](O)(CCO)[C@H]1O,O=C([C@H]1OC[C@](O)(CCO)[C@H]1O)N1CCNCC1,[*]C(=O)O,[*]C(=O)N1CCNCC1,[*:1]-[CH0](=[OH0])-[OH1]>>[*:1]-[CH0](=[OH0])-[NH0]1-[CH2]-[CH2]-[NH1]-[CH2]-[CH2]-1,11,-2.708599999999997,260.13722174000003,0.4400090303116231,4.062288029369093,0.0304967164111629,-0.1777119706309076,4,84,-7.4,-4.3
O=C(O)[C@H]1OC[C@](O)(CCO)[C@H]1O,COC(=O)[C@H]1OC[C@](O)(CCO)[C@H]1O,[*]C(=O)O,[*]C(=O)OC,[*:1]-[CH0](=[OH0])-[OH1]>>[*:1]-[CH0](=[OH0])-[OH0]-[CH3],638,-1.9674,206.079038168,0.4635745347642326,4.135517496761624,0.0540622208637725,-0.1044825032383762,4,85,-7.4,-6.2
O=C(O)[C@H]1OC[C@](O)(CCO)[C@H]1O,CN(C)CCC[C@@]1(O)CO[C@H](C(=O)O)[C@@H]1O,[*]CCO,[*]CCCN(C)C,[*:1]-[CH2]-[CH2]-[OH1]>>[*:1]-[CH2]-[CH2]-[CH2]-[NH0](-[CH3])-[CH3],14,-1.0963999999999987,233.126322708,0.5584452372711395,3.987189782022214,0.1489329233706793,-0.2528102179777862,4,86,-7.4,-6.2
O=C(O)[C@H]1OC[C@](O)(CCO)[C@H]1O,O=C(O)CO[C@H]1OC[C@](O)(CCO)[C@H]1O,[*]C(=O)O,[*]OCC(=O)O,[*:1]-[CH0](=[OH0])-[OH1]>>[*:1]-[OH0]-[CH2]-[CH0](=[OH0])-[OH1],48,-2.0817,222.073952788,0.4214271036503386,3.9823988760272497,0.0119147897498785,-0.2576011239727505,4,87,-7.4,-6.9
O=C(O)[C@H]1OC[C@](O)(CCO)[C@H]1O,OCC[C@@]1(O)CO[C@H](CN2CCOCC2)[C@@H]1O,[*]C(=O)O,[*]CN1CCOCC1,[*:1]-[CH0](=[OH0])-[OH1]>>[*:1]-[CH2]-[NH0]1-[CH2]-[CH2]-[OH0]-[CH2]-[CH2]-1,19,-1.808199999999998,247.141972772,0.5431604090976091,3.909769839063889,0.1336480951971489,-0.3302301609361109,4,88,-7.4,-5.1
O=C(O)[C@H]1OC[C@](O)(CCO)[C@H]1O,CS(=O)(=O)N[C@H]1OC[C@](O)(CCO)[C@H]1O,[*]C(=O)O,[*]NS(C)(=O)=O,[*:1]-[CH0](=[OH0])-[OH1]>>[*:1]-[NH1]-[SH0](-[CH3])(=[OH0])=[OH0],55,-2.633699999999997,241.0620082,0.4275944460447304,4.410212633423699,0.0180821321442703,0.1702126334236986,4,89,-7.4,-5.8
O=C(O)[C@H]1OC[C@](O)(CCO)[C@H]1O,O=C(O)[C@H]1OC[C@](O)(C2CCCCC2)[C@H]1O,[*]CCO,[*]C1CCCCC1,[*:1]-[CH2]-[CH2]-[OH1]>>[*:1]-[CH1]1-[CH2]-[CH2]-[CH2]-[CH2]-[CH2]-1,15,0.1420999999999999,230.115423676,0.6279202684337287,3.840154267536698,0.2184079545332686,-0.3998457324633016,4,90,-7.4,-6.0
O=C(O)[C@H]1OC[C@](O)(CCO)[C@H]1O,O=C(O)[C@H]1OC[C@](O)(C2CCOCC2)[C@H]1O,[*]CCO,[*]C1CCOCC1,[*:1]-[CH2]-[CH2]-[OH1]>>[*:1]-[CH1]1-[CH2]-[CH2]-[OH0]-[CH2]-[CH2]-1,19,-1.0116,232.094688232,0.5641772595240221,4.066875596208028,0.1546649456235619,-0.1731244037919719,4,91,-7.4,-6.3
O=C(O)[C@H]1OC[C@](O)(CCO)[C@H]1O,NC(=O)N[C@H]1OC[C@](O)(CCO)[C@H]1O,[*]C(=O)O,[*]NC(N)=O,[*:1]-[CH0](=[OH0])-[OH1]>>[*:1]-[NH1]-[CH0](-[NH2])=[OH0],10,-2.5145999999999984,206.090271548,0.348412353645379,4.426110843954971,-0.0610999602550811,0.186110843954971,4,92,-7.4,-6.3
O=C(O)[C@H]1OC[C@](O)(CCO)[C@H]1O,CS(=O)(=O)CC[C@@]1(O)CO[C@H](C(=O)O)[C@@H]1O,[*]CCO,[*]CCS(C)(=O)=O,[*:1]-[CH2]-[CH2]-[OH1]>>[*:1]-[CH2]-[CH2]-[SH0](-[CH3])(=[OH0])=[OH0],11,-2.003499999999999,254.046023788,0.5299655940511648,4.156682947393429,0.1204532801507047,-0.0833170526065716,4,93,-7.4,-6.2
O=C(O)[C@H]1OC[C@](O)(CCO)[C@H]1O,C=CC[C@@]1(O)CO[C@H](C(=O)O)[C@@H]1O,[*]CCO,[*]CC=C,[*:1]-[CH2]-[CH2]-[OH1]>>[*:1]-[CH2]-[CH1]=[CH2],25,-0.8621000000000001,188.068473484,0.5014346645032133,4.347227792300032,0.0919223506027531,0.1072277923000317,4,94,-7.4,-7.8
O=C(O)[C@H]1OC[C@](O)(CCO)[C@H]1O,CN1CCN(C(=O)[C@H]2OC[C@](O)(CCO)[C@H]2O)CC1,[*]C(=O)O,[*]C(=O)N1CCN(C)CC1,[*:1]-[CH0](=[OH0])-[OH1]>>[*:1]-[CH0](=[OH0])-[NH0]1-[CH2]-[CH2]-[NH0](-[CH3])-[CH2]-[CH2]-1,46,-2.366399999999996,274.15287180400003,0.5326891104626229,3.8671577480851287,0.1231767965621628,-0.3728422519148715,4,95,-7.4,-3.3
O=C(O)[C@H]1OC[C@](O)(CCO)[C@H]1O,CCCNC(=O)[C@H]1OC[C@](O)(CCO)[C@H]1O,[*]C(=O)O,[*]C(=O)NCCC,[*:1]-[CH0](=[OH0])-[OH1]>>[*:1]-[CH0](=[OH0])-[NH1]-[CH2]-[CH2]-[CH3],12,-1.6141999999999994,233.126322708,0.4575251954988691,3.948617586775601,0.048012881598409,-0.2913824132243992,4,96,-7.4,-6.3
O=C(O)[C@H]1OC[C@](O)(CCO)[C@H]1O,O=C(O)[C@H]1OC[C@](O)(CCN2CCOCC2)[C@H]1O,[*]CCO,[*]CCN1CCOCC1,[*:1]-[CH2]-[CH2]-[OH1]>>[*:1]-[CH2]-[CH2]-[NH0]1-[CH2]-[CH2]-[OH0]-[CH2]-[CH2]-1,44,-1.7158999999999978,261.121237328,0.5535216301550613,3.863354798599863,0.1440093162546011,-0.3766452014001373,4,97,-7.4,-5.3
O=C(O)[C@H]1OC[C@](O)(CCO)[C@H]1O,O=C(O)CC[C@H]1OC[C@](O)(CCO)[C@H]1O,[*]C(=O)O,[*]CCC(=O)O,[*:1]-[CH0](=[OH0])-[OH1]>>[*:1]-[CH2]-[CH2]-[CH0](=[OH0])-[OH1],69,-1.2755999999999998,220.094688232,0.4596842835613023,4.056295799104173,0.0501719696608422,-0.1837042008958276,4,98,-7.4,-6.8
O=C(O)[C@H]1OC[C@](O)(CCO)[C@H]1O,CC(O)[C@H]1OC[C@](O)(CCO)[C@H]1O,[*]C(=O)O,[*]C(C)O,[*:1]-[CH0](=[OH0])-[OH1]>>[*:1]-[CH1](-[CH3])-[OH1],18,-1.7596000000000005,192.099773612,0.4251398224291556,4.452024461894897,0.0156275085286954,0.212024461894897,4,99,-7.4,-6.3
CC1=CN=CC[C@@H]1COP(=O)(O)O,CC1=CN=CC[C@@H]1C(=O)OP(=O)(O)O,[*]C[*],[*]C([*])=O,[*:1]-[CH2]-[*:2]>>[*:1]-[CH0](-[*:2])=[OH0],901,0.6167999999999998,219.02965905,0.6632221303296871,4.3972244050522455,-0.0124434723378566,0.1572244050522453,5,0,-7.7,-7.3
CC1=CN=CC[C@@H]1COP(=O)(O)O,CC1=CN=CC[C@@H]1C(=O)OP(=O)(O)O,[*]C[*],[*]C([*])=O,[*:1]-[CH2]-[*:2]>>[*:1]-[CH0](-[*:2])=[OH0],901,0.6167999999999998,219.02965905,0.6632221303296871,4.3972244050522455,-0.0124434723378566,0.1572244050522453,5,1,-7.7,-7.3
CC1=CN=CC[C@@H]1COP(=O)(O)O,CC1=CN=CC[C@@H]1OC(=O)OP(=O)(O)O,[*]C[*],[*]C(=O)O[*],[*:1]-[CH2]-[*:2]>>[*:1]-[CH0](=[OH0])-[OH0]-[*:2],13,0.9792,235.02457367,0.54545471521852,4.390233882030968,-0.1302108874490238,0.1502338820309674,5,2,-7.7,-6.2
CC1=CN=CC[C@@H]1COP(=O)(O)O,CC1=CN=CC(=O)O[C@@H]1COP(=O)(O)O,[*]C[*],[*]C(=O)O[*],[*:1]-[CH2]-[*:2]>>[*:1]-[CH0](=[OH0])-[OH0]-[*:2],13,-0.0043000000000001,235.02457367,0.5262876065701589,4.245018882030967,-0.1493779960973849,0.0050188820309671,5,3,-7.7,-6.4
CC1=CN=CC[C@@H]1COP(=O)(O)O,CC1=CN=CC(=O)C[C@@H]1COP(=O)(O)O,[*]C[*],[*]C(=O)C[*],[*:1]-[CH2]-[*:2]>>[*:1]-[CH0](=[OH0])-[CH2]-[*:2],123,0.6592999999999998,233.045309114,0.6977370184747302,4.191853112800199,0.0220714158071864,-0.0481468871998016,5,4,-7.7,-7.4
CC1=CN=CC[C@@H]1COP(=O)(O)O,CC1=CN=CC(=O)C[C@@H]1COP(=O)(O)O,[*]C[*],[*]C(=O)C[*],[*:1]-[CH2]-[*:2]>>[*:1]-[CH0](=[OH0])-[CH2]-[*:2],123,0.6592999999999998,233.045309114,0.6977370184747302,4.191853112800199,0.0220714158071864,-0.0481468871998016,5,5,-7.7,-7.4
CC1=CN=CC[C@@H]1COP(=O)(O)O,CC1=CN=CC[C@@H]1NC(=O)OP(=O)(O)O,[*]C[*],[*]C(=O)N[*],[*:1]-[CH2]-[*:2]>>[*:1]-[CH0](=[OH0])-[NH1]-[*:2],115,0.5522,234.040558082,0.6044306912444778,4.298873497415583,-0.071234911423066,0.0588734974155826,5,6,-7.7,-6.6
CC1=CN=CC[C@@H]1COP(=O)(O)O,CC1=CN=CC[C@@H]1NC(=O)OP(=O)(O)O,[*]C[*],[*]C(=O)N[*],[*:1]-[CH2]-[*:2]>>[*:1]-[CH0](=[OH0])-[NH1]-[*:2],115,0.5522,234.040558082,0.6044306912444778,4.298873497415583,-0.071234911423066,0.0588734974155826,5,7,-7.7,-6.4
CC1=CN=CC[C@@H]1COP(=O)(O)O,CC1=CN=CCC[C@@H]1COP(=O)(O)O,[*]C[*],[*]CC[*],[*:1]-[CH2]-[*:2]>>[*:1]-[CH2]-[CH2]-[*:2],1929,1.4802999999999995,219.066044558,0.7043855410849846,4.164469081712712,0.0287199384174408,-0.0755309182872885,5,8,-7.7,-7.0
CC1=CN=CC[C@@H]1COP(=O)(O)O,CC1=CN=CCC[C@@H]1COP(=O)(O)O,[*]C[*],[*]CC[*],[*:1]-[CH2]-[*:2]>>[*:1]-[CH2]-[CH2]-[*:2],1929,1.4802999999999995,219.066044558,0.7043855410849846,4.164469081712712,0.0287199384174408,-0.0755309182872885,5,9,-7.7,-7.1
CC1=CN=CC[C@@H]1COP(=O)(O)O,CC1=CN=CCC(C)(C)[C@@H]1COP(=O)(O)O,[*]C[*],[*]CC([*])(C)C,[*:1]-[CH2]-[*:2]>>[*:1]-[CH2]-[CH0](-[*:2])(-[CH3])-[CH3],12,2.1164000000000005,247.097344686,0.7484693803669985,4.258404293520437,0.0728037776994546,0.0184042935204367,5,10,-7.7,-6.1
CC1=CN=CC[C@@H]1COP(=O)(O)O,CC1=CN=CC(C)(C)C[C@@H]1COP(=O)(O)O,[*]C[*],[*]CC([*])(C)C,[*:1]-[CH2]-[*:2]>>[*:1]-[CH2]-[CH0](-[*:2])(-[CH3])-[CH3],12,2.1164000000000005,247.097344686,0.7484693803669986,4.324028469344614,0.0728037776994547,0.0840284693446138,5,11,-7.7,-4.9
CC1=CN=CC[C@@H]1COP(=O)(O)O,CC1=CN=CNC(=O)C[C@@H]1COP(=O)(O)O,[*]C[*],[*]CC(=O)N[*],[*:1]-[CH2]-[*:2]>>[*:1]-[CH2]-[CH0](=[OH0])-[NH1]-[*:2],29,0.1639,248.056208146,0.6164941019967694,4.192255481866976,-0.0591715006707744,-0.0477445181330242,5,12,-7.7,-6.4
CC1=CN=CC[C@@H]1COP(=O)(O)O,CC1=CN=CC[C@@H]1CC(=O)NOP(=O)(O)O,[*]C[*],[*]CC(=O)N[*],[*:1]-[CH2]-[*:2]>>[*:1]-[CH2]-[CH0](=[OH0])-[NH1]-[*:2],29,0.5115000000000001,248.056208146,0.4958847933948015,4.445826859326725,-0.1797808092727423,0.2058268593267245,5,13,-7.7,-6.7
CC1=CN=CC[C@@H]1COP(=O)(O)O,CC1=CN=CC[C@@H]1COC(=O)OP(=O)(O)O,[*]C[*],[*]C(=O)OC[*],[*:1]-[CH2]-[*:2]>>[*:1]-[CH0](=[OH0])-[OH0]-[CH2]-[*:2],52,1.2268,249.040223734,0.5751469418532738,4.362782136607584,-0.10051866081427,0.1227821366075838,5,14,-7.7,-6.5
CC1=CN=CC[C@@H]1COP(=O)(O)O,CC1=CN=CC[C@@H]1C(=O)OCOP(=O)(O)O,[*]C[*],[*]C(=O)OC[*],[*:1]-[CH2]-[*:2]>>[*:1]-[CH0](=[OH0])-[OH0]-[CH2]-[*:2],52,0.5908999999999998,249.040223734,0.4288450115079521,4.115087324443005,-0.2468205911595917,-0.1249126755569953,5,15,-7.7,-7.0
CC1=CN=CC[C@@H]1COP(=O)(O)O,CC1=CN=CC(=O)CO[C@@H]1COP(=O)(O)O,[*]C[*],[*]C(=O)CO[*],[*:1]-[CH2]-[*:2]>>[*:1]-[CH0](=[OH0])-[CH2]-[OH0]-[*:2],14,0.0381999999999997,249.040223734,0.6837984681610733,4.2452218503821815,0.0081328654935294,0.0052218503821812,5,16,-7.7,-7.6
CC1=CN=CC[C@@H]1COP(=O)(O)O,CC1=CN=COCC(=O)[C@@H]1COP(=O)(O)O,[*]C[*],[*]C(=O)CO[*],[*:1]-[CH2]-[*:2]>>[*:1]-[CH0](=[OH0])-[CH2]-[OH0]-[*:2],14,0.2433000000000001,249.040223734,0.6939955542689037,4.500876590990409,0.0183299516013598,0.2608765909904091,5,17,-7.7,-6.5
CC1=CN=CC[C@@H]1COP(=O)(O)O,CC1=CN=CC[C@@H]1CNC(=O)OP(=O)(O)O,[*]C[*],[*]C(=O)NC[*],[*:1]-[CH2]-[*:2]>>[*:1]-[CH0](=[OH0])-[NH1]-[CH2]-[*:2],28,0.7998000000000001,248.056208146,0.6399319580954345,4.286470508700606,-0.0357336445721093,0.0464705087006054,5,18,-7.7,-6.9
CC1=CN=CC[C@@H]1COP(=O)(O)O,CC1=CN=CC(=O)NC[C@@H]1COP(=O)(O)O,[*]C[*],[*]C(=O)NC[*],[*:1]-[CH2]-[*:2]>>[*:1]-[CH0](=[OH0])-[NH1]-[CH2]-[*:2],28,-0.1837,248.056208146,0.6000273758779193,4.274147431777529,-0.0756382267896245,0.0341474317775292,5,19,-7.7,-6.4
CC1=CN=CC[C@@H]1COP(=O)(O)O,CC1=CN=CC[C@@H]1C1(OP(=O)(O)O)CC1,[*]C[*],[*]C1([*])CC1,[*:1]-[CH2]-[*:2]>>[*:1]-[CH0]1(-[*:2])-[CH2]-[CH2]-1,43,1.6227999999999998,231.066044558,0.7231786589072482,4.516424266646353,0.0475130562397043,0.2764242666463525,5,20,-7.7,-6.0
CC1=CN=CC[C@@H]1COP(=O)(O)O,CC1=CN=CC2(CC2)[C@@H]1COP(=O)(O)O,[*]C[*],[*]C1([*])CC1,[*:1]-[CH2]-[*:2]>>[*:1]-[CH0]1(-[*:2])-[CH2]-[CH2]-1,43,1.4802999999999995,231.066044558,0.7208261444937026,4.879982722181095,0.0451605418261588,0.6399827221810952,5,21,-7.7,-6.6
CC1=CN=CC[C@@H]1COP(=O)(O)O,CC1=CN=CC(=O)CC[C@@H]1COP(=O)(O)O,[*]C[*],[*]C(=O)CC[*],[*:1]-[CH2]-[*:2]>>[*:1]-[CH0](=[OH0])-[CH2]-[CH2]-[*:2],33,1.0494,247.060959178,0.7263895839103133,4.050921671491304,0.0507239812427694,-0.1890783285086961,5,22,-7.7,-5.5
CC1=CN=CC[C@@H]1COP(=O)(O)O,CC1=CN=CC[C@@H]1CCC(=O)OP(=O)(O)O,[*]C[*],[*]C(=O)CC[*],[*:1]-[CH2]-[*:2]>>[*:1]-[CH0](=[OH0])-[CH2]-[CH2]-[*:2],33,1.3969999999999998,247.060959178,0.7316673852793358,4.17324117059685,0.056001782611792,-0.0667588294031498,5,23,-7.7,-6.6
CC1=CN=CC[C@@H]1COP(=O)(O)O,CC1=CN=C[C@@H](C)[C@@H]1COP(=O)(O)O,[*]C[*],[*][C@H]([*])C,[*:1]-[CH2]-[*:2]>>[*:1]-[C@H1](-[*:2])-[CH3],224,1.3361999999999998,219.066044558,0.7016915100750741,4.565776127570091,0.0260259074075303,0.3257761275700908,5,24,-7.7,-6.6
CC1=CN=CC[C@@H]1COP(=O)(O)O,CC1=CN=CC[C@@H]1[C@@H](C)OP(=O)(O)O,[*]C[*],[*][C@H]([*])C,[*:1]-[CH2]-[*:2]>>[*:1]-[C@H1](-[*:2])-[CH3],224,1.4787,219.066044558,0.7043577259169292,4.670913341707306,0.0286921232493854,0.4309133417073054,5,25,-7.7,-6.9
CC1=CN=CC[C@@H]1COP(=O)(O)O,CC1=CN=CC[C@@H]1[C@@H](C)OP(=O)(O)O,[*]C[*],[*][C@@H]([*])C,[*:1]-[CH2]-[*:2]>>[*:1]-[C@@H1](-[*:2])-[CH3],308,1.4787,219.066044558,0.7043577259169292,4.670913341707306,0.0286921232493854,0.4309133417073054,5,26,-7.7,-6.9
CC1=CN=CC[C@@H]1COP(=O)(O)O,CC1=CN=C[C@H](C)[C@@H]1COP(=O)(O)O,[*]C[*],[*][C@@H]([*])C,[*:1]-[CH2]-[*:2]>>[*:1]-[C@@H1](-[*:2])-[CH3],308,1.3361999999999998,219.066044558,0.7016915100750741,4.565776127570091,0.0260259074075303,0.3257761275700908,5,27,-7.7,-5.9
CC1=CN=CC[C@@H]1COP(=O)(O)O,CC1=CN=CC[C@@H]1C(C)(C)OP(=O)(O)O,[*]C[*],[*]C([*])(C)C,[*:1]-[CH2]-[*:2]>>[*:1]-[CH0](-[*:2])(-[CH3])-[CH3],77,1.8688,233.081694622,0.7290878672455178,4.431004237060554,0.0534222645779739,0.1910042370605538,5,28,-7.7,-6.2
CC1=CN=CC[C@@H]1COP(=O)(O)O,CC1=CN=CC[C@@H]1C(C)(C)OP(=O)(O)O,[*]C[*],[*]C([*])(C)C,[*:1]-[CH2]-[*:2]>>[*:1]-[CH0](-[*:2])(-[CH3])-[CH3],77,1.8688,233.081694622,0.7290878672455178,4.431004237060554,0.0534222645779739,0.1910042370605538,5,29,-7.7,-6.2
CC1=CN=CC[C@@H]1COP(=O)(O)O,CC1=CN=CC(C)[C@@H]1COP(=O)(O)O,[*]C[*],[*]C([*])C,[*:1]-[CH2]-[*:2]>>[*:1]-[CH1](-[*:2])-[CH3],435,1.3361999999999998,219.066044558,0.7016915100750741,4.565776127570091,0.0260259074075303,0.3257761275700908,5,30,-7.7,-6.6
CC1=CN=CC[C@@H]1COP(=O)(O)O,CC1=CN=CC[C@@H]1C(C)OP(=O)(O)O,[*]C[*],[*]C([*])C,[*:1]-[CH2]-[*:2]>>[*:1]-[CH1](-[*:2])-[CH3],435,1.4787,219.066044558,0.7043577259169292,4.670913341707306,0.0286921232493854,0.4309133417073054,5,31,-7.7,-6.9
CC1=CN=CC[C@@H]1COP(=O)(O)O,CC1=CN=CN2CCC(CC2)[C@@H]1COP(=O)(O)O,[*]C[*],[*]N1CCC([*])CC1,[*:1]-[CH2]-[*:2]>>[*:1]-[NH0]1-[CH2]-[CH2]-[CH1](-[*:2])-[CH2]-[CH2]-1,10,1.3696,274.108243718,0.7594561248071715,5.364038689750164,0.0837905221396276,1.1240386897501642,5,32,-7.7,-4.8
CC1=CN=CC[C@@H]1COP(=O)(O)O,CC1=CN=CC[C@@H]1N1CCC(OP(=O)(O)O)CC1,[*]C[*],[*]N1CCC([*])CC1,[*:1]-[CH2]-[*:2]>>[*:1]-[NH0]1-[CH2]-[CH2]-[CH1](-[*:2])-[CH2]-[CH2]-1,10,1.307,274.108243718,0.7581010315395433,3.865102189218964,0.0824354288719995,-0.3748978107810359,5,33,-7.7,-4.5
CC1=CN=CC[C@@H]1COP(=O)(O)O,CC1=CN=CC[C@@H]1S(=O)(=O)COP(=O)(O)O,[*]C[*],[*]CS([*])(=O)=O,[*:1]-[CH2]-[*:2]>>[*:1]-[CH2]-[SH0](-[*:2])(=[OH0])=[OH0],19,0.2149000000000002,269.012294734,0.705370957676714,4.484066930883075,0.0297053550091701,0.2440669308830747,5,34,-7.7,-6.1
CC1=CN=CC[C@@H]1COP(=O)(O)O,CC1=CN=CCS(=O)(=O)[C@@H]1COP(=O)(O)O,[*]C[*],[*]CS([*])(=O)=O,[*:1]-[CH2]-[*:2]>>[*:1]-[CH2]-[SH0](-[*:2])(=[OH0])=[OH0],19,-0.1327,269.012294734,0.6896625589265314,4.563187810003954,0.0139969562589875,0.3231878100039536,5,35,-7.7,-6.4
CC1=CN=CC[C@@H]1COP(=O)(O)O,CC1=CN=CC[C@@H]1C1(OP(=O)(O)O)CCC1,[*]C[*],[*]C1([*])CCC1,[*:1]-[CH2]-[*:2]>>[*:1]-[CH0]1(-[*:2])-[CH2]-[CH2]-[CH2]-1,15,2.0129,245.081694622,0.7452654693978802,4.400936340543182,0.0695998667303363,0.1609363405431816,5,36,-7.7,-4.8
CC1=CN=CC[C@@H]1COP(=O)(O)O,CC1=CN=CC2(CCC2)[C@@H]1COP(=O)(O)O,[*]C[*],[*]C1([*])CCC1,[*:1]-[CH2]-[*:2]>>[*:1]-[CH0]1(-[*:2])-[CH2]-[CH2]-[CH2]-1,15,1.8704,245.081694622,0.7437423337304642,4.764188248671844,0.0680767310629203,0.5241882486718437,5,37,-7.7,-6.1
CC1=CN=CC[C@@H]1COP(=O)(O)O,CC1=CN=CC[C@@H]1OCCOP(=O)(O)O,[*]C[*],[*]OCC[*],[*:1]-[CH2]-[*:2]>>[*:1]-[OH0]-[CH2]-[CH2]-[*:2],220,0.8591999999999997,235.060959178,0.5446085364566031,4.150227184094758,-0.1310570662109407,-0.089772815905242,5,38,-7.7,-5.9
CC1=CN=CC[C@@H]1COP(=O)(O)O,CC1=CN=CCCO[C@@H]1COP(=O)(O)O,[*]C[*],[*]OCC[*],[*:1]-[CH2]-[*:2]>>[*:1]-[OH0]-[CH2]-[CH2]-[*:2],220,0.8591999999999997,235.060959178,0.7080167708807359,4.267740504920274,0.032351168213192,0.0277405049202741,5,39,-7.7,-6.2
CC1=CN=CC[C@@H]1COP(=O)(O)O,CC1=CN=CC[C@@H]1CNC(=O)COP(=O)(O)O,[*]C[*],[*]CC(=O)NC[*],[*:1]-[CH2]-[*:2]>>[*:1]-[CH2]-[CH0](=[OH0])-[NH1]-[CH2]-[*:2],20,0.2063999999999999,262.07185821,0.6134632413613917,3.962902428679648,-0.062202361306152,-0.2770975713203523,5,40,-7.7,-6.4
CC1=CN=CC[C@@H]1COP(=O)(O)O,CC1=CN=CCNC(=O)C[C@@H]1COP(=O)(O)O,[*]C[*],[*]CC(=O)NC[*],[*:1]-[CH2]-[*:2]>>[*:1]-[CH2]-[CH0](=[OH0])-[NH1]-[CH2]-[*:2],20,0.2064,262.07185821,0.62975236467637,4.648668710301348,-0.0459132379911738,0.408668710301348,5,41,-7.7,-6.3
CC1=CN=CC[C@@H]1COP(=O)(O)O,CC1=CN=CC[C@@H]1C(C)COP(=O)(O)O,[*]C[*],[*]C(C)C[*],[*:1]-[CH2]-[*:2]>>[*:1]-[CH1](-[CH3])-[CH2]-[*:2],10,1.7263000000000002,233.081694622,0.7244773376827671,4.513836779184988,0.0488117350152232,0.2738367791849878,5,42,-7.7,-6.4
CC1=CN=CC[C@@H]1COP(=O)(O)O,CC1=CN=CC[C@@H]1C(C)COP(=O)(O)O,[*]C[*],[*]C(C)C[*],[*:1]-[CH2]-[*:2]>>[*:1]-[CH1](-[CH3])-[CH2]-[*:2],10,1.7263000000000002,233.081694622,0.7244773376827671,4.513836779184988,0.0488117350152232,0.2738367791849878,5,43,-7.7,-6.4
CC1=CN=CC[C@@H]1COP(=O)(O)O,CC1=CN=CC[C@@H]1COc1ccc(OP(=O)(O)O)cc1,[*]C[*],[*]COc1ccc([*])cc1,[*:1]-[CH2]-[*:2]>>[*:1]-[CH2]-[OH0]-[cH0]1:[cH1]:[cH1]:[cH0](-[*:2]):[cH1]:[cH1]:1,14,2.531400000000001,297.076609242,0.815257671337535,3.5134155696075,0.1395920686699912,-0.7265844303925002,5,44,-7.7,-4.9
CC1=CN=CC[C@@H]1COP(=O)(O)O,CC1=CN=CC[C@@H]1COc1ccc(OP(=O)(O)O)cc1,[*]C[*],[*]COc1ccc([*])cc1,[*:1]-[CH2]-[*:2]>>[*:1]-[CH2]-[OH0]-[cH0]1:[cH1]:[cH1]:[cH0](-[*:2]):[cH1]:[cH1]:1,14,2.531400000000001,297.076609242,0.815257671337535,3.5134155696075,0.1395920686699912,-0.7265844303925002,5,45,-7.7,-4.8
CC1=CN=CC[C@@H]1COP(=O)(O)O,CC1=CN=CC2CCN(CC2)C[C@@H]1COP(=O)(O)O,[*]C[*],[*]CN1CCC([*])CC1,[*:1]-[CH2]-[*:2]>>[*:1]-[CH2]-[NH0]1-[CH2]-[CH2]-[CH1](-[*:2])-[CH2]-[CH2]-1,43,1.4121,288.12389378200004,0.7673102280642963,5.287367533843,0.0916446253967524,1.0473675338429995,5,46,-7.7,-5.1
CC1=CN=CC[C@@H]1COP(=O)(O)O,CC1=CN=CC[C@@H]1CN1CCC(OP(=O)(O)O)CC1,[*]C[*],[*]CN1CCC([*])CC1,[*:1]-[CH2]-[*:2]>>[*:1]-[CH2]-[NH0]1-[CH2]-[CH2]-[CH1](-[*:2])-[CH2]-[CH2]-1,43,1.5545999999999998,288.123893782,0.7670176276330891,3.866304989770436,0.0913520249655452,-0.3736950102295644,5,47,-7.7,-4.2
CC1=CN=CC[C@@H]1COP(=O)(O)O,CC1=CN=CCCC[C@@H]1COP(=O)(O)O,[*]C[*],[*]CCC[*],[*:1]-[CH2]-[*:2]>>[*:1]-[CH2]-[CH2]-[CH2]-[*:2],432,1.8704,233.081694622,0.729106248500336,4.0502613304362205,0.0534406458327921,-0.1897386695637797,5,48,-7.7,-6.2
CC1=CN=CC[C@@H]1COP(=O)(O)O,CC1=CN=CCCC[C@@H]1COP(=O)(O)O,[*]C[*],[*]CCC[*],[*:1]-[CH2]-[*:2]>>[*:1]-[CH2]-[CH2]-[CH2]-[*:2],432,1.8704,233.081694622,0.729106248500336,4.0502613304362205,0.0534406458327921,-0.1897386695637797,5,49,-7.7,-6.2
CC1=CN=CC[C@@H]1COP(=O)(O)O,CC1=CN=CC[C@@H]1CC(O)OP(=O)(O)O,[*]C[*],[*]CC([*])O,[*:1]-[CH2]-[*:2]>>[*:1]-[CH2]-[CH1](-[*:2])-[OH1],15,0.7986999999999997,235.060959178,0.4940161547473533,4.818511009954219,-0.1816494479201905,0.5785110099542186,5,50,-7.7,-6.0
CC1=CN=CC[C@@H]1COP(=O)(O)O,CC1=CN=CC[C@@H]1CC(O)OP(=O)(O)O,[*]C[*],[*]CC([*])O,[*:1]-[CH2]-[*:2]>>[*:1]-[CH2]-[CH1](-[*:2])-[OH1],15,0.7986999999999997,235.060959178,0.4940161547473533,4.818511009954219,-0.1816494479201905,0.5785110099542186,5,51,-7.7,-6.1
CC1=CN=CC[C@@H]1COP(=O)(O)O,CC1=CN=CC[C@@H]1C(=O)COP(=O)(O)O,[*]C[*],[*]CC([*])=O,[*:1]-[CH2]-[*:2]>>[*:1]-[CH2]-[CH0](-[*:2])=[OH0],35,0.6592999999999999,233.045309114,0.6950307079772736,4.275383497415584,0.0193651053097297,0.0353834974155837,5,52,-7.7,-6.6
CC1=CN=CC[C@@H]1COP(=O)(O)O,CC1=CN=CCC(=O)[C@@H]1COP(=O)(O)O,[*]C[*],[*]CC([*])=O,[*:1]-[CH2]-[*:2]>>[*:1]-[CH2]-[CH0](-[*:2])=[OH0],35,0.6592999999999998,233.045309114,0.6977370184747302,4.227531189723274,0.0220714158071864,-0.0124688102767258,5,53,-7.7,-7.6
CC1=CN=CC[C@@H]1COP(=O)(O)O,CC1=CN=CC[C@@H]1CN(C)CCOP(=O)(O)O,[*]C[*],[*]CCN(C)C[*],[*:1]-[CH2]-[*:2]>>[*:1]-[CH2]-[CH2]-[NH0](-[CH3])-[CH2]-[*:2],14,1.022,262.108243718,0.6983107563851798,4.064394736371955,0.0226451537176359,-0.1756052636280456,5,54,-7.7,-5.2
CC1=CN=CC[C@@H]1COP(=O)(O)O,CC1=CN=CC[C@@H]1CN(C)CCOP(=O)(O)O,[*]C[*],[*]CCN(C)C[*],[*:1]-[CH2]-[*:2]>>[*:1]-[CH2]-[CH2]-[NH0](-[CH3])-[CH2]-[*:2],14,1.022,262.108243718,0.6983107563851798,4.064394736371955,0.0226451537176359,-0.1756052636280456,5,55,-7.7,-5.5
CC1=CN=CC[C@@H]1COP(=O)(O)O,CC1=CN=CC[C@@H]1C[C@H](C)OP(=O)(O)O,[*]C[*],[*]C[C@@H]([*])C,[*:1]-[CH2]-[*:2]>>[*:1]-[CH2]-[C@@H1](-[*:2])-[CH3],12,1.8688,233.081694622,0.7262599563042177,4.647140625338834,0.0505943536366738,0.4071406253388341,5,56,-7.7,-5.5
CC1=CN=CC[C@@H]1COP(=O)(O)O,CC1=CN=CC[C@@H]1[C@@H](C)COP(=O)(O)O,[*]C[*],[*]C[C@@H]([*])C,[*:1]-[CH2]-[*:2]>>[*:1]-[CH2]-[C@@H1](-[*:2])-[CH3],12,1.7263,233.081694622,0.7244773376827671,4.513836779184988,0.0488117350152232,0.2738367791849878,5,57,-7.7,-6.5
CC1=CN=CC[C@@H]1COP(=O)(O)O,CC1=CN=CC[C@@H]1C(CO)OP(=O)(O)O,[*]C[*],[*]C([*])CO,[*:1]-[CH2]-[*:2]>>[*:1]-[CH1](-[*:2])-[CH2]-[OH1],13,0.4511,235.060959178,0.6142081091622166,4.701618317646526,-0.0614574935053272,0.4616183176465256,5,58,-7.7,-6.5
CC1=CN=CC[C@@H]1COP(=O)(O)O,CC1=CN=CC(CO)[C@@H]1COP(=O)(O)O,[*]C[*],[*]C([*])CO,[*:1]-[CH2]-[*:2]>>[*:1]-[CH1](-[*:2])-[CH2]-[OH1],13,0.3085999999999998,235.060959178,0.6087455695654206,4.583877548415757,-0.0669200331021232,0.3438775484157563,5,59,-7.7,-7.4
CC1=CN=CC[C@@H]1COP(=O)(O)O,CC[C@@H](OP(=O)(O)O)[C@H]1CC=NC=C1C,[*]C[*],[*][C@@H]([*])CC,[*:1]-[CH2]-[*:2]>>[*:1]-[C@@H1](-[*:2])-[CH2]-[CH3],35,1.8688,233.081694622,0.7262599563042177,4.637098702261911,0.0505943536366738,0.3970987022619106,5,60,-7.7,-5.6
CC1=CN=CC[C@@H]1COP(=O)(O)O,CC[C@@H]1C=NC=C(C)[C@H]1COP(=O)(O)O,[*]C[*],[*][C@@H]([*])CC,[*:1]-[CH2]-[*:2]>>[*:1]-[C@@H1](-[*:2])-[CH2]-[CH3],35,1.7263000000000002,233.081694622,0.7244773376827671,4.532446009954219,0.0488117350152232,0.2924460099542187,5,61,-7.7,-6.7
CC1=CN=CC[C@@H]1COP(=O)(O)O,CC1=CN=CC[C@@H]1C(=O)NCCOP(=O)(O)O,[*]C[*],[*]CCNC([*])=O,[*:1]-[CH2]-[*:2]>>[*:1]-[CH2]-[CH2]-[NH1]-[CH0](-[*:2])=[OH0],31,0.2063999999999999,262.07185821,0.4844073301114717,3.872095739716437,-0.1912582725560721,-0.3679042602835629,5,62,-7.7,-6.6
CC1=CN=CC[C@@H]1COP(=O)(O)O,CC1=CN=CC[C@@H]1C(=O)NCCOP(=O)(O)O,[*]C[*],[*]CCNC([*])=O,[*:1]-[CH2]-[*:2]>>[*:1]-[CH2]-[CH2]-[NH1]-[CH0](-[*:2])=[OH0],31,0.2063999999999999,262.07185821,0.4844073301114717,3.872095739716437,-0.1912582725560721,-0.3679042602835629,5,63,-7.7,-6.6
CC1=CN=CC[C@@H]1COP(=O)(O)O,CC1=CN=CC[C@@H]1CC1CCN(C(=O)OP(=O)(O)O)CC1,[*]C[*],[*]CC1CCN(C([*])=O)CC1,[*:1]-[CH2]-[*:2]>>[*:1]-[CH2]-[CH1]1-[CH2]-[CH2]-[NH0](-[CH0](-[*:2])=[OH0])-[CH2]-[CH2]-1,11,2.3123000000000014,316.118808402,0.7783573126861847,3.963986744401927,0.1026917100186408,-0.2760132555980732,5,64,-7.7,-5.4
CC1=CN=CC[C@@H]1COP(=O)(O)O,CC1=CN=CCC2CCN(CC2)C(=O)[C@@H]1COP(=O)(O)O,[*]C[*],[*]CC1CCN(C([*])=O)CC1,[*:1]-[CH2]-[*:2]>>[*:1]-[CH2]-[CH1]1-[CH2]-[CH2]-[NH0](-[CH0](-[*:2])=[OH0])-[CH2]-[CH2]-1,11,1.3287999999999995,316.118808402,0.7652293720998211,5.217504656073708,0.0895637694322772,0.977504656073708,5,65,-7.7,-2.8
CC1=CN=CC[C@@H]1COP(=O)(O)O,CC[C@H](OP(=O)(O)O)[C@H]1CC=NC=C1C,[*]C[*],[*][C@H]([*])CC,[*:1]-[CH2]-[*:2]>>[*:1]-[C@H1](-[*:2])-[CH2]-[CH3],24,1.8688,233.081694622,0.7262599563042177,4.637098702261911,0.0505943536366738,0.3970987022619106,5,66,-7.7,-5.6
CC1=CN=CC[C@@H]1COP(=O)(O)O,CC[C@@H]1C=NC=C(C)[C@H]1COP(=O)(O)O,[*]C[*],[*][C@H]([*])CC,[*:1]-[CH2]-[*:2]>>[*:1]-[C@H1](-[*:2])-[CH2]-[CH3],24,1.7263000000000002,233.081694622,0.7244773376827671,4.532446009954219,0.0488117350152232,0.2924460099542187,5,67,-7.7,-6.7
CC1=CN=CC[C@@H]1COP(=O)(O)O,CC1=CN=CCC(C)[C@@H]1COP(=O)(O)O,[*]C[*],[*]CC([*])C,[*:1]-[CH2]-[*:2]>>[*:1]-[CH2]-[CH1](-[*:2])-[CH3],14,1.7263000000000002,233.081694622,0.7272983074638669,4.46107947149268,0.051632704796323,0.22107947149268,5,68,-7.7,-6.7
CC1=CN=CC[C@@H]1COP(=O)(O)O,CC1=CN=CC[C@@H]1C(C)COP(=O)(O)O,[*]C[*],[*]CC([*])C,[*:1]-[CH2]-[*:2]>>[*:1]-[CH2]-[CH1](-[*:2])-[CH3],14,1.7263,233.081694622,0.7244773376827671,4.513836779184988,0.0488117350152232,0.2738367791849878,5,69,-7.7,-6.4
CC1=CN=CC[C@@H]1COP(=O)(O)O,CC1=CN=CC[C@@H]1[C@@H](OP(=O)(O)O)C(F)(F)F,[*]C[*],[*][C@H]([*])C(F)(F)F,[*:1]-[CH2]-[*:2]>>[*:1]-[C@H1](-[*:2])-[CH0](-[FH0])(-[FH0])-[FH0],10,2.0211,273.037779122,0.7708690524189156,4.681599158305543,0.0952034497513717,0.4415991583055429,5,70,-7.7,-5.9
CC1=CN=CC[C@@H]1COP(=O)(O)O,CC1=CN=CC[C@@H]1[C@H](OP(=O)(O)O)C(F)(F)F,[*]C[*],[*][C@H]([*])C(F)(F)F,[*:1]-[CH2]-[*:2]>>[*:1]-[C@H1](-[*:2])-[CH0](-[FH0])(-[FH0])-[FH0],10,2.021100000000001,273.037779122,0.7708690524189156,4.681599158305543,0.0952034497513717,0.4415991583055429,5,71,-7.7,-6.8
CC1=CN=CC[C@@H]1COP(=O)(O)O,CC1=CN=CC[C@@H]1C(OP(=O)(O)O)C1CC1,[*]C[*],[*]C([*])C1CC1,[*:1]-[CH2]-[*:2]>>[*:1]-[CH1](-[*:2])-[CH1]1-[CH2]-[CH2]-1,13,1.8688,245.081694622,0.7408389050398254,4.593089532867149,0.0651733023722815,0.3530895328671484,5,72,-7.7,-5.2
CC1=CN=CC[C@@H]1COP(=O)(O)O,CC1=CN=CC[C@@H]1C(OP(=O)(O)O)C1CC1,[*]C[*],[*]C([*])C1CC1,[*:1]-[CH2]-[*:2]>>[*:1]-[CH1](-[*:2])-[CH1]1-[CH2]-[CH2]-1,13,1.8688,245.081694622,0.7408389050398254,4.593089532867149,0.0651733023722815,0.3530895328671484,5,73,-7.7,-5.2
CC1=CN=CC[C@@H]1COP(=O)(O)O,CC1=CN=CCCN[C@@H]1COP(=O)(O)O,[*]C[*],[*]CCN[*],[*:1]-[CH2]-[*:2]>>[*:1]-[CH2]-[CH2]-[NH1]-[*:2],22,0.4322,234.07694359,0.6158867143422235,4.246309360454983,-0.0597788883253203,0.006309360454983,5,74,-7.7,-7.3
CC1=CN=CC[C@@H]1COP(=O)(O)O,CC1=CN=CNCC[C@@H]1COP(=O)(O)O,[*]C[*],[*]CCN[*],[*:1]-[CH2]-[*:2]>>[*:1]-[CH2]-[CH2]-[NH1]-[*:2],22,0.6372999999999998,234.07694359,0.6230685714175602,4.337926996477497,-0.0525970312499836,0.0979269964774971,5,75,-7.7,-8.0
CC1=CN=CC[C@@H]1COP(=O)(O)O,CCC1C=NC=C(C)[C@H]1COP(=O)(O)O,[*]C[*],[*]C([*])CC,[*:1]-[CH2]-[*:2]>>[*:1]-[CH1](-[*:2])-[CH2]-[CH3],50,1.7263000000000002,233.081694622,0.7244773376827671,4.532446009954219,0.0488117350152232,0.2924460099542187,5,76,-7.7,-6.0
CC1=CN=CC[C@@H]1COP(=O)(O)O,CCC1C=NC=C(C)[C@H]1COP(=O)(O)O,[*]C[*],[*]C([*])CC,[*:1]-[CH2]-[*:2]>>[*:1]-[CH1](-[*:2])-[CH2]-[CH3],50,1.7263000000000002,233.081694622,0.7244773376827671,4.532446009954219,0.0488117350152232,0.2924460099542187,5,77,-7.7,-6.0
CC1=CN=CC[C@@H]1COP(=O)(O)O,CC1=CN=CCOCC[C@@H]1COP(=O)(O)O,[*]C[*],[*]CCOC[*],[*:1]-[CH2]-[*:2]>>[*:1]-[CH2]-[CH2]-[OH0]-[CH2]-[*:2],44,1.1068,249.076609242,0.7311765882054767,4.608628393410825,0.0555109855379328,0.368628393410825,5,78,-7.7,-5.8
CC1=CN=CC[C@@H]1COP(=O)(O)O,CC1=CN=CCCOC[C@@H]1COP(=O)(O)O,[*]C[*],[*]CCOC[*],[*:1]-[CH2]-[*:2]>>[*:1]-[CH2]-[CH2]-[OH0]-[CH2]-[*:2],44,1.1067999999999998,249.076609242,0.7311765882054767,4.645877694110125,0.0555109855379328,0.4058776941101252,5,79,-7.7,-5.6
CC1=CN=CC[C@@H]1COP(=O)(O)O,COC[C@H](OP(=O)(O)O)[C@H]1CC=NC=C1C,[*]C[*],[*][C@@H]([*])COC,[*:1]-[CH2]-[*:2]>>[*:1]-[C@@H1](-[*:2])-[CH2]-[OH0]-[CH3],23,1.1051999999999995,249.076609242,0.7122234497457489,4.590655185818848,0.036557847078205,0.350655185818848,5,80,-7.7,-6.3
CC1=CN=CC[C@@H]1COP(=O)(O)O,COC[C@@H]1C=NC=C(C)[C@H]1COP(=O)(O)O,[*]C[*],[*][C@@H]([*])COC,[*:1]-[CH2]-[*:2]>>[*:1]-[C@@H1](-[*:2])-[CH2]-[OH0]-[CH3],23,0.9627,249.076609242,0.7083757990647231,4.51169990853799,0.0327101963971793,0.2716999085379896,5,81,-7.7,-6.9
CC1=CN=CC[C@@H]1COP(=O)(O)O,CC1=CN=CC[C@@H]1OCCCOP(=O)(O)O,[*]C[*],[*]OCCC[*],[*:1]-[CH2]-[*:2]>>[*:1]-[OH0]-[CH2]-[CH2]-[CH2]-[*:2],39,1.2493,249.076609242,0.5459557911462731,4.036819378435522,-0.1297098115212707,-0.2031806215644778,5,82,-7.7,-5.8
CC1=CN=CC[C@@H]1COP(=O)(O)O,CC1=CN=COCCC[C@@H]1COP(=O)(O)O,[*]C[*],[*]OCCC[*],[*:1]-[CH2]-[*:2]>>[*:1]-[OH0]-[CH2]-[CH2]-[CH2]-[*:2],39,1.4543999999999997,249.076609242,0.7389147317181822,4.623280141662574,0.0632491290506384,0.3832801416625742,5,83,-7.7,-5.5
CC1=CN=CC[C@@H]1COP(=O)(O)O,CC1=CN=CC[C@@H]1[C@H](CO)OP(=O)(O)O,[*]C[*],[*][C@@H]([*])CO,[*:1]-[CH2]-[*:2]>>[*:1]-[C@@H1](-[*:2])-[CH2]-[OH1],47,0.4510999999999999,235.060959178,0.6142081091622165,4.701618317646526,-0.0614574935053273,0.4616183176465256,5,84,-7.7,-6.5
CC1=CN=CC[C@@H]1COP(=O)(O)O,CC1=CN=CC[C@@H]1[C@@H](CO)OP(=O)(O)O,[*]C[*],[*][C@@H]([*])CO,[*:1]-[CH2]-[*:2]>>[*:1]-[C@@H1](-[*:2])-[CH2]-[OH1],47,0.4511,235.060959178,0.6142081091622166,4.701618317646526,-0.0614574935053272,0.4616183176465256,5,85,-7.7,-6.3
CC1=CN=CC[C@@H]1COP(=O)(O)O,CC1=CN=CC[C@@H]1CCNCOP(=O)(O)O,[*]C[*],[*]CCNC[*],[*:1]-[CH2]-[*:2]>>[*:1]-[CH2]-[CH2]-[NH1]-[CH2]-[*:2],26,1.0274,248.092593654,0.3707327659032718,4.35421098682713,-0.304932836764272,0.1142109868271301,5,86,-7.7,-6.4
CC1=CN=CC[C@@H]1COP(=O)(O)O,CC1=CN=CCNCC[C@@H]1COP(=O)(O)O,[*]C[*],[*]CCNC[*],[*:1]-[CH2]-[*:2]>>[*:1]-[CH2]-[CH2]-[NH1]-[CH2]-[*:2],26,0.6797999999999997,248.092593654,0.6387285773493409,4.632472099704532,-0.0369370253182029,0.3924720997045314,5,87,-7.7,-5.5
CC1=CN=CC[C@@H]1COP(=O)(O)O,CC1=CN=CC[C@@H]1Cc1ccc(OP(=O)(O)O)cc1,[*]C[*],[*]Cc1ccc([*])cc1,[*:1]-[CH2]-[*:2]>>[*:1]-[CH2]-[cH0]1:[cH1]:[cH1]:[cH0](-[*:2]):[cH1]:[cH1]:1,74,2.695100000000002,281.081694622,0.8315327196440765,3.533736049276968,0.1558671169765326,-0.7062639507230326,5,88,-7.7,-4.2
CC1=CN=CC[C@@H]1COP(=O)(O)O,CC1=CN=CC[C@@H]1Cc1ccc(OP(=O)(O)O)cc1,[*]C[*],[*]Cc1ccc([*])cc1,[*:1]-[CH2]-[*:2]>>[*:1]-[CH2]-[cH0]1:[cH1]:[cH1]:[cH0](-[*:2]):[cH1]:[cH1]:1,74,2.695100000000002,281.081694622,0.8315327196440765,3.533736049276968,0.1558671169765326,-0.7062639507230326,5,89,-7.7,-4.3
CC1=CN=CC[C@@H]1COP(=O)(O)O,CC1=CN=Cc2ccc(cc2)[C@@H]1COP(=O)(O)O,[*]C[*],[*]c1ccc([*])cc1,[*:1]-[CH2]-[*:2]>>[*:1]-[cH0]1:[cH1]:[cH1]:[cH0](-[*:2]):[cH1]:[cH1]:1,44,2.215800000000001,267.06604455800004,0.8228176671002732,5.1073891512886265,0.1471520644327293,0.8673891512886263,5,90,-7.7,-6.7
CC1=CN=CC[C@@H]1COP(=O)(O)O,CC1=CN=Cc2ccc(cc2)[C@@H]1COP(=O)(O)O,[*]C[*],[*]c1ccc([*])cc1,[*:1]-[CH2]-[*:2]>>[*:1]-[cH0]1:[cH1]:[cH1]:[cH0](-[*:2]):[cH1]:[cH1]:1,44,2.215800000000001,267.06604455800004,0.8228176671002732,5.1073891512886265,0.1471520644327293,0.8673891512886263,5,91,-7.7,-6.7
CC1=CN=CC[C@@H]1COP(=O)(O)O,CC1=CN=CC[C@@H]1C(OP(=O)(O)O)C(C)C,[*]C[*],[*]C([*])C(C)C,[*:1]-[CH2]-[*:2]>>[*:1]-[CH1](-[*:2])-[CH1](-[CH3])-[CH3],11,2.1148000000000007,247.097344686,0.7455529544062892,4.580968014850281,0.0698873517387453,0.3409680148502811,5,92,-7.7,-5.0
CC1=CN=CC[C@@H]1COP(=O)(O)O,CC1=CN=CC[C@@H]1C(OP(=O)(O)O)C(C)C,[*]C[*],[*]C([*])C(C)C,[*:1]-[CH2]-[*:2]>>[*:1]-[CH1](-[*:2])-[CH1](-[CH3])-[CH3],11,2.1148,247.097344686,0.7455529544062893,4.580968014850281,0.0698873517387455,0.3409680148502811,5,93,-7.7,-5.1
CC1=CN=CC[C@@H]1COP(=O)(O)O,CC1=CN=C[C@H](CO)[C@@H]1COP(=O)(O)O,[*]C[*],[*][C@H]([*])CO,[*:1]-[CH2]-[*:2]>>[*:1]-[C@H1](-[*:2])-[CH2]-[OH1],10,0.3085999999999998,235.060959178,0.6087455695654206,4.583877548415757,-0.0669200331021232,0.3438775484157563,5,94,-7.7,-6.7
CC1=CN=CC[C@@H]1COP(=O)(O)O,CC1=CN=CC[C@@H]1[C@H](CO)OP(=O)(O)O,[*]C[*],[*][C@H]([*])CO,[*:1]-[CH2]-[*:2]>>[*:1]-[C@H1](-[*:2])-[CH2]-[OH1],10,0.4511,235.060959178,0.6142081091622166,4.701618317646526,-0.0614574935053272,0.4616183176465256,5,95,-7.7,-7.0
CC1=CN=CC[C@@H]1COP(=O)(O)O,CC1=CN=Cc2ccccc2[C@@H]1COP(=O)(O)O,[*]C[*],[*]c1ccccc1[*],[*:1]-[CH2]-[*:2]>>[*:1]-[cH0]1:[cH1]:[cH1]:[cH1]:[cH1]:[cH0]:1-[*:2],15,2.2158000000000007,267.06604455800004,0.8228176671002732,3.646067112295889,0.1471520644327293,-0.5939328877041117,5,96,-7.7,-4.1
CC1=CN=CC[C@@H]1COP(=O)(O)O,CC1=CN=CC[C@@H]1c1ccccc1OP(=O)(O)O,[*]C[*],[*]c1ccccc1[*],[*:1]-[CH2]-[*:2]>>[*:1]-[cH0]1:[cH1]:[cH1]:[cH1]:[cH1]:[cH0]:1-[*:2],15,2.620000000000001,267.066044558,0.8249047740002704,3.6209501892189664,0.1492391713327265,-0.6190498107810338,5,97,-7.7,-5.2
CC1=CN=CC[C@@H]1COP(=O)(O)O,CC1=CN=CCCCC[C@@H]1COP(=O)(O)O,[*]C[*],[*]CCCC[*],[*:1]-[CH2]-[*:2]>>[*:1]-[CH2]-[CH2]-[CH2]-[CH2]-[*:2],100,2.2605000000000013,247.097344686,0.7495431401040684,4.319316155648588,0.0738775374365245,0.0793161556485877,5,98,-7.7,-5.5
CC1=CN=CC[C@@H]1COP(=O)(O)O,CC1=CN=CCCCC[C@@H]1COP(=O)(O)O,[*]C[*],[*]CCCC[*],[*:1]-[CH2]-[*:2]>>[*:1]-[CH2]-[CH2]-[CH2]-[CH2]-[*:2],100,2.2605000000000013,247.097344686,0.7495431401040684,4.319316155648588,0.0738775374365245,0.0793161556485877,5,99,-7.7,-5.5
CCc1noc(CC(=O)O)n1,CCNC(=O)CC(=O)O,[*]c1noc([*])n1,[*]NC([*])=O,[*:1]-[cH0]1:[nH0]:[oH0]:[cH0](-[*:2]):[nH0]:1>>[*:1]-[NH1]-[CH0](-[*:2])=[OH0],19,-0.4028000000000003,131.058243148,0.5118402851101799,1.9926654654195364,-0.1668922405280288,-0.3573345345804641,6,0,-6.5,-5.5
CCc1noc(CC(=O)O)n1,CCNC(=O)CC(=O)O,[*]c1noc([*])n1,[*]NC([*])=O,[*:1]-[cH0]1:[nH0]:[oH0]:[cH0](-[*:2]):[nH0]:1>>[*:1]-[NH1]-[CH0](-[*:2])=[OH0],19,-0.4028000000000003,131.058243148,0.5118402851101799,1.9926654654195364,-0.1668922405280288,-0.3573345345804641,6,1,-6.5,-5.5
CCc1noc(CC(=O)O)n1,CCC(=O)NCCC(=O)O,[*]c1noc([*])n1,[*]C(=O)NC[*],[*:1]-[cH0]1:[nH0]:[oH0]:[cH0](-[*:2]):[nH0]:1>>[*:1]-[CH0](=[OH0])-[NH1]-[CH2]-[*:2],13,-0.0126999999999999,145.073893212,0.5841805786562686,1.753387118154805,-0.0945519469819401,-0.5966128818451955,6,2,-6.5,-5.7
CCc1noc(CC(=O)O)n1,CCC(=O)NCCC(=O)O,[*]c1noc([*])n1,[*]C(=O)NC[*],[*:1]-[cH0]1:[nH0]:[oH0]:[cH0](-[*:2]):[nH0]:1>>[*:1]-[CH0](=[OH0])-[NH1]-[CH2]-[*:2],13,-0.0126999999999999,145.073893212,0.5841805786562686,1.753387118154805,-0.0945519469819401,-0.5966128818451955,6,3,-6.5,-5.6
CCc1noc(CC(=O)O)n1,CCc1noc(CC(C)C)n1,[*]CC(=O)O,[*]CC(C)C,[*:1]-[CH2]-[CH0](=[OH0])-[OH1]>>[*:1]-[CH2]-[CH1](-[CH3])-[CH3],10,1.8305,154.110613068,0.6663150686474545,2.3055818747587686,-0.0124174569907542,-0.0444181252412319,6,4,-6.5,-5.3
CCc1noc(CC(=O)O)n1,CCc1noc(OC)n1,[*]CC(=O)O,[*]OC,[*:1]-[CH2]-[CH0](=[OH0])-[OH1]>>[*:1]-[OH0]-[CH3],17,0.6406,128.058577496,0.5860252213176026,2.8442944687640197,-0.0927073043206061,0.4942944687640187,6,5,-6.5,-5.1
CCc1noc(CC(=O)O)n1,CCc1noc(C(C)C)n1,[*]CC(=O)O,[*]C(C)C,[*:1]-[CH2]-[CH0](=[OH0])-[OH1]>>[*:1]-[CH1](-[CH3])-[CH3],14,1.7554,140.094963004,0.6278451789497148,2.3836950077011547,-0.0508873466884939,0.0336950077011541,6,6,-6.5,-5.0
CCc1noc(CC(=O)O)n1,CCCc1nc(CC)no1,[*]CC(=O)O,[*]CCC,[*:1]-[CH2]-[CH0](=[OH0])-[OH1]>>[*:1]-[CH2]-[CH2]-[CH3],14,1.5845,140.094963004,0.6394888593853103,2.2299473886535357,-0.0392436662528984,-0.1200526113464652,6,7,-6.5,-5.0
CCc1noc(CC(=O)O)n1,CCc1noc(C(N)=O)n1,[*]CC(=O)O,[*]C(N)=O,[*:1]-[CH2]-[CH0](=[OH0])-[OH1]>>[*:1]-[CH0](-[NH2])=[OH0],32,-0.2691000000000001,141.053826464,0.6141731193137181,2.597407828213976,-0.0645594063244906,0.2474078282139755,6,8,-6.5,-5.8
CCc1noc(CC(=O)O)n1,CCc1noc(CC)n1,[*]CC(=O)O,[*]CC,[*:1]-[CH2]-[CH0](=[OH0])-[OH1]>>[*:1]-[CH2]-[CH3],24,1.1944,126.07931294,0.597159466361287,2.311007084148633,-0.0815730592769217,-0.0389929158513675,6,9,-6.5,-4.7
CCc1noc(CC(=O)O)n1,CCc1noc(C(=O)O)n1,[*]CC(=O)O,[*]C(=O)O,[*:1]-[CH2]-[CH0](=[OH0])-[OH1]>>[*:1]-[CH0](=[OH0])-[OH1],212,0.3302,142.037842052,0.6433987775286104,2.588966802572949,-0.0353337481095983,0.238966802572949,6,10,-6.5,-6.4
CCc1noc(CC(=O)O)n1,CCc1noc(CO)n1,[*]CC(=O)O,[*]CO,[*:1]-[CH2]-[CH0](=[OH0])-[OH1]>>[*:1]-[CH2]-[OH1],49,0.1243,128.058577496,0.6143424930317402,2.5525670841486328,-0.0643900326064685,0.2025670841486322,6,11,-6.5,-5.3
CCc1noc(CC(=O)O)n1,CCc1noc(C(F)(F)F)n1,[*]CC(=O)O,[*]C(F)(F)F,[*:1]-[CH2]-[CH0](=[OH0])-[OH1]>>[*:1]-[CH0](-[FH0])(-[FH0])-[FH0],11,1.6508,166.03539744,0.6362036101321611,2.6148581612309165,-0.0425289155060476,0.264858161230916,6,12,-6.5,-5.4
CCc1noc(CC(=O)O)n1,CCc1noc(C(=O)NC)n1,[*]CC(=O)O,[*]C(=O)NC,[*:1]-[CH2]-[CH0](=[OH0])-[OH1]>>[*:1]-[CH0](=[OH0])-[NH1]-[CH3],15,-0.0084000000000004,155.069476528,0.651856883796405,2.492454182451077,-0.0268756418418036,0.1424541824510763,6,13,-6.5,-5.3
CCc1noc(CC(=O)O)n1,CCc1noc(NC(C)=O)n1,[*]CC(=O)O,[*]NC(C)=O,[*:1]-[CH2]-[CH0](=[OH0])-[OH1]>>[*:1]-[NH1]-[CH0](-[CH3])=[OH0],14,0.5904,155.069476528,0.6782157336546841,2.540957259374153,-0.0005167919835246,0.1909572593741524,6,14,-6.5,-5.6
CCc1noc(CC(=O)O)n1,CCc1noc(CCN)n1,[*]CC(=O)O,[*]CCN,[*:1]-[CH2]-[CH0](=[OH0])-[OH1]>>[*:1]-[CH2]-[CH2]-[NH2],10,0.1331999999999998,141.090211972,0.6495443733679491,2.4272600260161727,-0.0291881522702596,0.0772600260161722,6,15,-6.5,-5.3
CCc1noc(CC(=O)O)n1,COc1noc(CC(=O)O)n1,[*]CC,[*]OC,[*:1]-[CH2]-[CH3]>>[*:1]-[OH0]-[CH3],857,-0.2947,158.032756672,0.6497667674995201,2.783135720912614,-0.0289657581386886,0.4331357209126141,6,16,-6.5,-6.4
CCc1noc(CC(=O)O)n1,CCc1noc(C(C)=O)n1,[*]CC(=O)O,[*]C(C)=O,[*:1]-[CH2]-[CH0](=[OH0])-[OH1]>>[*:1]-[CH0](-[CH3])=[OH0],12,0.8346,140.058577496,0.5708231286996455,2.572197571803718,-0.1079093969385632,0.2221975718037177,6,17,-6.5,-5.3
CCc1noc(CC(=O)O)n1,CCc1noc(CCO)n1,[*]CC(=O)O,[*]CCO,[*:1]-[CH2]-[CH0](=[OH0])-[OH1]>>[*:1]-[CH2]-[CH2]-[OH1],53,0.1668,142.07422756,0.652990109838352,2.4219292567854023,-0.0257424157998567,0.0719292567854017,6,18,-6.5,-5.0
CCc1noc(CC(=O)O)n1,CCn1cc(CC(=O)O)cn1,[*]c1noc([*])n1,[*]n1cc([*])cn1,[*:1]-[cH0]1:[nH0]:[oH0]:[cH0](-[*:2]):[nH0]:1>>[*:1]-[nH0]1:[cH1]:[cH0](-[*:2]):[cH1]:[nH0]:1,23,0.5300999999999998,154.07422756,0.6904819489250099,2.181418797835692,0.0117494232868011,-0.1685812021643089,6,19,-6.5,-6.2
CCc1noc(CC(=O)O)n1,CCn1cc(CC(=O)O)cn1,[*]c1noc([*])n1,[*]n1cc([*])cn1,[*:1]-[cH0]1:[nH0]:[oH0]:[cH0](-[*:2]):[nH0]:1>>[*:1]-[nH0]1:[cH1]:[cH0](-[*:2]):[cH1]:[nH0]:1,23,0.5300999999999998,154.07422756,0.6904819489250099,2.181418797835692,0.0117494232868011,-0.1685812021643089,6,20,-6.5,-6.1
CCc1noc(CC(=O)O)n1,CCn1ccc(CC(=O)O)n1,[*]c1noc([*])n1,[*]n1ccc([*])n1,[*:1]-[cH0]1:[nH0]:[oH0]:[cH0](-[*:2]):[nH0]:1>>[*:1]-[nH0]1:[cH1]:[cH1]:[cH0](-[*:2]):[nH0]:1,17,0.5301,154.07422756,0.69048194892501,2.3054757209126144,0.0117494232868012,-0.0445242790873861,6,21,-6.5,-6.1
CCc1noc(CC(=O)O)n1,CCn1ccc(CC(=O)O)n1,[*]c1noc([*])n1,[*]n1ccc([*])n1,[*:1]-[cH0]1:[nH0]:[oH0]:[cH0](-[*:2]):[nH0]:1>>[*:1]-[nH0]1:[cH1]:[cH1]:[cH0](-[*:2]):[nH0]:1,17,0.5301,154.07422756,0.69048194892501,2.3054757209126144,0.0117494232868012,-0.0445242790873861,6,22,-6.5,-5.8
CCc1noc(CC(=O)O)n1,CCc1nnc(CC(=O)O)[nH]1,[*]c1noc([*])n1,[*]c1nnc([*])[nH]1,[*:1]-[cH0]1:[nH0]:[oH0]:[cH0](-[*:2]):[nH0]:1>>[*:1]-[cH0]1:[nH0]:[nH0]:[cH0](-[*:2]):[nH1]:1,16,-0.0058,155.069476528,0.6432155136919185,3.078921874758768,-0.0355170119462902,0.7289218747587674,6,23,-6.5,-6.2
CCc1noc(CC(=O)O)n1,CCc1nnc(CC(=O)O)[nH]1,[*]c1noc([*])n1,[*]c1nnc([*])[nH]1,[*:1]-[cH0]1:[nH0]:[oH0]:[cH0](-[*:2]):[nH0]:1>>[*:1]-[cH0]1:[nH0]:[nH0]:[cH0](-[*:2]):[nH1]:1,16,-0.0058,155.069476528,0.6432155136919185,3.078921874758768,-0.0355170119462902,0.7289218747587674,6,24,-6.5,-6.3
CCc1noc(CC(=O)O)n1,CCn1cc(CC(=O)O)nn1,[*]c1noc([*])n1,[*]n1cc([*])nn1,[*:1]-[cH0]1:[nH0]:[oH0]:[cH0](-[*:2]):[nH0]:1>>[*:1]-[nH0]1:[cH1]:[cH0](-[*:2]):[nH0]:[nH0]:1,22,-0.0749,155.069476528,0.6627286499683023,2.45482033629723,-0.0160038756699064,0.1048203362972293,6,25,-6.5,-6.0
CCc1noc(CC(=O)O)n1,CCn1cc(CC(=O)O)nn1,[*]c1noc([*])n1,[*]n1cc([*])nn1,[*:1]-[cH0]1:[nH0]:[oH0]:[cH0](-[*:2]):[nH0]:1>>[*:1]-[nH0]1:[cH1]:[cH0](-[*:2]):[nH0]:[nH0]:1,22,-0.0749,155.069476528,0.6627286499683023,2.45482033629723,-0.0160038756699064,0.1048203362972293,6,26,-6.5,-6.1
CCc1noc(CC(=O)O)n1,CCc1nnc(CC(=O)O)o1,[*]c1noc([*])n1,[*]c1nnc([*])o1,[*:1]-[cH0]1:[nH0]:[oH0]:[cH0](-[*:2]):[nH0]:1>>[*:1]-[cH0]1:[nH0]:[nH0]:[cH0](-[*:2]):[oH0]:1,101,0.2590999999999999,156.053492116,0.6787325256382087,2.399624951681845,0.0,0.049624951681845,6,27,-6.5,-6.4
CCc1noc(CC(=O)O)n1,CCc1nnc(CC(=O)O)o1,[*]c1noc([*])n1,[*]c1nnc([*])o1,[*:1]-[cH0]1:[nH0]:[oH0]:[cH0](-[*:2]):[nH0]:1>>[*:1]-[cH0]1:[nH0]:[nH0]:[cH0](-[*:2]):[oH0]:1,101,0.2590999999999999,156.053492116,0.6787325256382087,2.399624951681845,0.0,0.049624951681845,6,28,-6.5,-6.2
CCc1noc(CC(=O)O)n1,CCc1noc(CC(N)=O)n1,[*]CC(=O)O,[*]CC(N)=O,[*:1]-[CH2]-[CH0](=[OH0])-[OH1]>>[*:1]-[CH2]-[CH0](-[NH2])=[OH0],47,-0.3402000000000005,155.069476528,0.6468854865254486,2.467041874758769,-0.0318470391127601,0.117041874758768,6,29,-6.5,-5.7
CCc1noc(CC(=O)O)n1,CCc1noc(CCOC)n1,[*]CC(=O)O,[*]CCOC,[*:1]-[CH2]-[CH0](=[OH0])-[OH1]>>[*:1]-[CH2]-[CH2]-[OH0]-[CH3],16,0.8208999999999999,156.089877624,0.6471678724647658,2.3305576563964845,-0.0315646531734429,-0.019442343603516,6,30,-6.5,-4.9
CCc1noc(CC(=O)O)n1,CCc1noc(CC(=O)NC)n1,[*]CC(=O)O,[*]CC(=O)NC,[*:1]-[CH2]-[CH0](=[OH0])-[OH1]>>[*:1]-[CH2]-[CH0](=[OH0])-[NH1]-[CH3],27,-0.0795000000000003,169.085126592,0.6867868249674711,2.425694008960285,0.0080542993292623,0.0756940089602844,6,31,-6.5,-5.1
CCc1noc(CC(=O)O)n1,CCn1nnc(CC(=O)O)n1,[*]c1noc([*])n1,[*]n1nnc([*])n1,[*:1]-[cH0]1:[nH0]:[oH0]:[cH0](-[*:2]):[nH0]:1>>[*:1]-[nH0]1:[nH0]:[nH0]:[cH0](-[*:2]):[nH0]:1,20,-0.6799000000000002,156.064725496,0.6266338679034119,2.6992418747587674,-0.0520986577347968,0.3492418747587669,6,32,-6.5,-5.8
CCc1noc(CC(=O)O)n1,CCn1nnc(CC(=O)O)n1,[*]c1noc([*])n1,[*]n1nnc([*])n1,[*:1]-[cH0]1:[nH0]:[oH0]:[cH0](-[*:2]):[nH0]:1>>[*:1]-[nH0]1:[nH0]:[nH0]:[cH0](-[*:2]):[nH0]:1,20,-0.6799000000000002,156.064725496,0.6266338679034119,2.6992418747587674,-0.0520986577347968,0.3492418747587669,6,33,-6.5,-6.1
CCc1noc(CC(=O)O)n1,CN(C)c1noc(CC(=O)O)n1,[*]CC,[*]N(C)C,[*:1]-[CH2]-[CH3]>>[*:1]-[NH0](-[CH3])-[CH3],121,-0.2372999999999999,171.064391148,0.6758026620691129,2.7245338691001457,-0.0029298635690958,0.3745338691001452,6,34,-6.5,-6.4
CCc1noc(CC(=O)O)n1,CCc1noc(CC(=O)N(C)C)n1,[*]CC(=O)O,[*]CC(=O)N(C)C,[*:1]-[CH2]-[CH0](=[OH0])-[OH1]>>[*:1]-[CH2]-[CH0](=[OH0])-[NH0](-[CH3])-[CH3],28,0.2626999999999995,183.100776656,0.6741749737600788,2.5057659038549804,-0.0045575518781298,0.1557659038549799,6,35,-6.5,-4.9
CCc1noc(CC(=O)O)n1,O=C(O)Cc1nc(CO)no1,[*]CC,[*]CO,[*:1]-[CH2]-[CH3]>>[*:1]-[CH2]-[OH1],141,-0.8109999999999999,158.032756672,0.5966414314408415,2.5678234132203066,-0.0820910941973672,0.217823413220306,6,36,-6.5,-6.4
CCc1noc(CC(=O)O)n1,CCc1cc(CC(=O)O)on1,[*]c1noc([*])n1,[*]c1cc([*])on1,[*:1]-[cH0]1:[nH0]:[oH0]:[cH0](-[*:2]):[nH0]:1>>[*:1]-[cH0]1:[cH1]:[cH0](-[*:2]):[oH0]:[nH0]:1,57,0.8641000000000001,155.058243148,0.7027782083129104,2.4248295670664604,0.0240456826747016,0.0748295670664598,6,37,-6.5,-6.5
CCc1noc(CC(=O)O)n1,CCc1cc(CC(=O)O)on1,[*]c1noc([*])n1,[*]c1cc([*])on1,[*:1]-[cH0]1:[nH0]:[oH0]:[cH0](-[*:2]):[nH0]:1>>[*:1]-[cH0]1:[cH1]:[cH0](-[*:2]):[oH0]:[nH0]:1,57,0.8641000000000001,155.058243148,0.7027782083129104,2.4248295670664604,0.0240456826747016,0.0748295670664598,6,38,-6.5,-6.3
CCc1noc(CC(=O)O)n1,CCc1n[nH]c(CC(=O)O)n1,[*]c1noc([*])n1,[*]c1n[nH]c([*])n1,[*:1]-[cH0]1:[nH0]:[oH0]:[cH0](-[*:2]):[nH0]:1>>[*:1]-[cH0]1:[nH0]:[nH1]:[cH0](-[*:2]):[nH0]:1,20,-0.0058,155.069476528,0.6432155136919186,2.662849567066459,-0.03551701194629,0.3128495670664586,6,39,-6.5,-6.3
CCc1noc(CC(=O)O)n1,CCc1n[nH]c(CC(=O)O)n1,[*]c1noc([*])n1,[*]c1n[nH]c([*])n1,[*:1]-[cH0]1:[nH0]:[oH0]:[cH0](-[*:2]):[nH0]:1>>[*:1]-[cH0]1:[nH0]:[nH1]:[cH0](-[*:2]):[nH0]:1,20,-0.0058,155.069476528,0.6432155136919186,2.662849567066459,-0.03551701194629,0.3128495670664586,6,40,-6.5,-6.5
CCc1noc(CC(=O)O)n1,CCc1noc(C(=O)OC)n1,[*]CC(=O)O,[*]C(=O)OC,[*:1]-[CH2]-[CH0](=[OH0])-[OH1]>>[*:1]-[CH0](=[OH0])-[OH0]-[CH3],22,0.4185999999999999,156.053492116,0.580286020257385,2.514608028604922,-0.0984465053808237,0.1646080286049214,6,41,-6.5,-5.9
CCc1noc(CC(=O)O)n1,CCc1noc(CC#N)n1,[*]CC(=O)O,[*]CC#N,[*:1]-[CH2]-[CH0](=[OH0])-[OH1]>>[*:1]-[CH2]-[CH0]#[NH0],18,0.69808,137.058911844,0.6014025234742914,2.8087561798623266,-0.0773300021639173,0.4587561798623261,6,42,-6.5,-5.5
CCc1noc(CC(=O)O)n1,CCc1coc(CC(=O)O)n1,[*]c1noc([*])n1,[*]c1coc([*])n1,[*:1]-[cH0]1:[nH0]:[oH0]:[cH0](-[*:2]):[nH0]:1>>[*:1]-[cH0]1:[cH1]:[oH0]:[cH0](-[*:2]):[nH0]:1,42,0.8641000000000001,155.058243148,0.7027782083129104,2.62576956706646,0.0240456826747016,0.275769567066459,6,43,-6.5,-5.9
CCc1noc(CC(=O)O)n1,CCc1coc(CC(=O)O)n1,[*]c1noc([*])n1,[*]c1coc([*])n1,[*:1]-[cH0]1:[nH0]:[oH0]:[cH0](-[*:2]):[nH0]:1>>[*:1]-[cH0]1:[cH1]:[oH0]:[cH0](-[*:2]):[nH0]:1,42,0.8641000000000001,155.058243148,0.7027782083129104,2.62576956706646,0.0240456826747016,0.275769567066459,6,44,-6.5,-6.2
CCc1noc(CC(=O)O)n1,O=C(O)Cc1nc(C(=O)O)no1,[*]CC,[*]C(=O)O,[*:1]-[CH2]-[CH3]>>[*:1]-[CH0](=[OH0])-[OH1],27,-0.6051000000000002,172.012021228,0.624743060758711,2.538631946023223,-0.0539894648794977,0.1886319460232224,6,45,-6.5,-6.5
CCc1noc(CC(=O)O)n1,CCc1cnc(CC(=O)O)o1,[*]c1noc([*])n1,[*]c1cnc([*])o1,[*:1]-[cH0]1:[nH0]:[oH0]:[cH0](-[*:2]):[nH0]:1>>[*:1]-[cH0]1:[cH1]:[nH0]:[cH0](-[*:2]):[oH0]:1,29,0.8641000000000001,155.058243148,0.7027782083129104,2.593563413220308,0.0240456826747016,0.2435634132203068,6,46,-6.5,-6.1
CCc1noc(CC(=O)O)n1,CCc1cnc(CC(=O)O)o1,[*]c1noc([*])n1,[*]c1cnc([*])o1,[*:1]-[cH0]1:[nH0]:[oH0]:[cH0](-[*:2]):[nH0]:1>>[*:1]-[cH0]1:[cH1]:[nH0]:[cH0](-[*:2]):[oH0]:1,29,0.8641000000000001,155.058243148,0.7027782083129104,2.593563413220308,0.0240456826747016,0.2435634132203068,6,47,-6.5,-6.3
CCc1noc(CC(=O)O)n1,CCc1noc(-c2ccccc2)n1,[*]CC(=O)O,[*]c1ccccc1,[*:1]-[CH2]-[CH0](=[OH0])-[OH1]>>[*:1]-[cH0]1:[cH1]:[cH1]:[cH1]:[cH1]:[cH1]:1,14,2.2989999999999995,174.07931294,0.7007595330834008,1.772738130575629,0.022027007445192,-0.5772618694243716,6,48,-6.5,-5.2
CCc1noc(CC(=O)O)n1,O=C(O)Cc1nc(CF)no1,[*]CC,[*]CF,[*:1]-[CH2]-[CH3]>>[*:1]-[CH2]-[FH0],29,0.1661999999999999,160.02842024,0.6813078251834185,2.8028618747587686,0.0025752995452097,0.452861874758768,6,49,-6.5,-6.0
CCc1noc(CC(=O)O)n1,NC(=O)c1noc(CC(=O)O)n1,[*]CC,[*]C(N)=O,[*:1]-[CH2]-[CH3]>>[*:1]-[CH0](-[NH2])=[OH0],52,-1.2044,171.02800564,0.5886530638747371,2.623599734484761,-0.0900794617634715,0.2735997344847609,6,50,-6.5,-6.6
CCc1noc(CC(=O)O)n1,O=C(O)Cc1nc(C2CC2)no1,[*]CC,[*]C1CC1,[*:1]-[CH2]-[CH3]>>[*:1]-[CH1]1-[CH2]-[CH2]-1,588,0.5741,168.053492116,0.713634672858259,2.389182120848398,0.0349021472200502,0.0391821208483973,6,51,-6.5,-6.0
CCc1noc(CC(=O)O)n1,CCc1nnc(CC(=O)O)s1,[*]c1noc([*])n1,[*]c1nnc([*])s1,[*:1]-[cH0]1:[nH0]:[oH0]:[cH0](-[*:2]):[nH0]:1>>[*:1]-[cH0]1:[nH0]:[nH0]:[cH0](-[*:2]):[sH0]:1,32,0.7276,172.030648496,0.7295455597683896,2.4306911055279983,0.0508130341301809,0.0806911055279977,6,52,-6.5,-6.0
CCc1noc(CC(=O)O)n1,CCc1nnc(CC(=O)O)s1,[*]c1noc([*])n1,[*]c1nnc([*])s1,[*:1]-[cH0]1:[nH0]:[oH0]:[cH0](-[*:2]):[nH0]:1>>[*:1]-[cH0]1:[nH0]:[nH0]:[cH0](-[*:2]):[sH0]:1,32,0.7276,172.030648496,0.7295455597683896,2.4306911055279983,0.0508130341301809,0.0806911055279977,6,53,-6.5,-6.2
CCc1noc(CC(=O)O)n1,CCNc1noc(CC(=O)O)n1,[*]CC,[*]NCC,[*:1]-[CH2]-[CH3]>>[*:1]-[NH1]-[CH2]-[CH3],19,0.1285,171.064391148,0.6688654109505084,2.77875834462462,-0.0098671146877002,0.4287583446246197,6,54,-6.5,-6.5
CCc1noc(CC(=O)O)n1,COCc1noc(CC(=O)O)n1,[*]CC,[*]COC,[*:1]-[CH2]-[CH3]>>[*:1]-[CH2]-[OH0]-[CH3],168,-0.1569000000000001,172.048406736,0.6788570058491983,2.382884218750496,0.0001244802109895,0.0328842187504951,6,55,-6.5,-6.0
CCc1noc(CC(=O)O)n1,CCOc1noc(CC(=O)O)n1,[*]CC,[*]OCC,[*:1]-[CH2]-[CH3]>>[*:1]-[OH0]-[CH2]-[CH3],292,0.0953999999999998,172.048406736,0.6924701222866066,2.6818730299393074,0.0137375966483979,0.3318730299393069,6,56,-6.5,-6.2
CCc1noc(CC(=O)O)n1,CCc1noc(CCN(C)C)n1,[*]CC(=O)O,[*]CCN(C)C,[*:1]-[CH2]-[CH0](=[OH0])-[OH1]>>[*:1]-[CH2]-[CH2]-[NH0](-[CH3])-[CH3],12,0.7360999999999998,169.1215121,0.6662403414509518,2.370145757212033,-0.0124921841872569,0.020145757212032,6,57,-6.5,-4.6
CCc1noc(CC(=O)O)n1,CN(C)C(=O)c1noc(CC(=O)O)n1,[*]CC,[*]C(=O)N(C)C,[*:1]-[CH2]-[CH3]>>[*:1]-[CH0](=[OH0])-[NH0](-[CH3])-[CH3],18,-0.6015000000000001,199.059305768,0.69759617126785,2.583800752012305,0.0188636456296412,0.2338007520123044,6,58,-6.5,-5.6
CCc1noc(CC(=O)O)n1,CNc1noc(CC(=O)O)n1,[*]CC,[*]NC,[*:1]-[CH2]-[CH3]>>[*:1]-[NH1]-[CH3],44,-0.2616000000000003,157.048741084,0.6278777135855761,2.8599587978356915,-0.0508548120526326,0.509958797835691,6,59,-6.5,-6.4
CCc1noc(CC(=O)O)n1,CCc1noc(NS(C)(=O)=O)n1,[*]CC(=O)O,[*]NS(C)(=O)=O,[*:1]-[CH2]-[CH0](=[OH0])-[OH1]>>[*:1]-[NH1]-[SH0](-[CH3])(=[OH0])=[OH0],10,0.0034999999999998,191.036462148,0.7265904672905852,2.7606333883309144,0.0478579416523764,0.4106333883309139,6,60,-6.5,-5.7
CCc1noc(CC(=O)O)n1,CCc1csc(CC(=O)O)n1,[*]c1noc([*])n1,[*]c1csc([*])n1,[*:1]-[cH0]1:[nH0]:[oH0]:[cH0](-[*:2]):[nH0]:1>>[*:1]-[cH0]1:[cH1]:[sH0]:[cH0](-[*:2]):[nH0]:1,39,1.3326000000000002,171.035399528,0.7460402955499866,2.2802480286049214,0.0673077699117778,-0.0697519713950791,6,61,-6.5,-5.9
CCc1noc(CC(=O)O)n1,CCc1csc(CC(=O)O)n1,[*]c1noc([*])n1,[*]c1csc([*])n1,[*:1]-[cH0]1:[nH0]:[oH0]:[cH0](-[*:2]):[nH0]:1>>[*:1]-[cH0]1:[cH1]:[sH0]:[cH0](-[*:2]):[nH0]:1,39,1.3326000000000002,171.035399528,0.7460402955499866,2.2802480286049214,0.0673077699117778,-0.0697519713950791,6,62,-6.5,-6.1
CCc1noc(CC(=O)O)n1,CCc1noc(CCCO)n1,[*]CC(=O)O,[*]CCCO,[*:1]-[CH2]-[CH0](=[OH0])-[OH1]>>[*:1]-[CH2]-[CH2]-[CH2]-[OH1],15,0.5569,156.089877624,0.6914362154811358,2.332991899572665,0.012703689842927,-0.0170081004273354,6,63,-6.5,-5.2
CCc1noc(CC(=O)O)n1,CCCc1noc(CC(=O)O)n1,[*]c1noc([*])n1,[*]Cc1noc([*])n1,[*:1]-[cH0]1:[nH0]:[oH0]:[cH0](-[*:2]):[nH0]:1>>[*:1]-[CH2]-[cH0]1:[nH0]:[oH0]:[cH0](-[*:2]):[nH0]:1,24,0.6492,170.06914218,0.7173960534770459,2.303310792177069,0.0386635278388372,-0.0466892078229319,6,64,-6.5,-6.5
CCc1noc(CC(=O)O)n1,CCCc1noc(CC(=O)O)n1,[*]c1noc([*])n1,[*]Cc1noc([*])n1,[*:1]-[cH0]1:[nH0]:[oH0]:[cH0](-[*:2]):[nH0]:1>>[*:1]-[CH2]-[cH0]1:[nH0]:[oH0]:[cH0](-[*:2]):[nH0]:1,24,0.6492,170.06914218,0.7173960534770459,2.303310792177069,0.0386635278388372,-0.0466892078229319,6,65,-6.5,-6.5
CCc1noc(CC(=O)O)n1,CC(C)c1noc(CC(=O)O)n1,[*]CC,[*]C(C)C,[*:1]-[CH2]-[CH3]>>[*:1]-[CH1](-[CH3])-[CH3],1233,0.8201,170.06914218,0.7262171391016488,2.3712276191001465,0.04748461346344,0.0212276191001459,6,66,-6.5,-6.5
CCc1noc(CC(=O)O)n1,CSCc1noc(CC(=O)O)n1,[*]CC,[*]CSC,[*:1]-[CH2]-[CH3]>>[*:1]-[CH2]-[SH0]-[CH3],13,0.5596999999999999,188.025563116,0.7435390564067453,2.585721980988257,0.0648065307685366,0.2357219809882567,6,67,-6.5,-5.9
CCc1noc(CC(=O)O)n1,CCCc1noc(CC(=O)O)n1,[*]CC,[*]CCC,[*:1]-[CH2]-[CH3]>>[*:1]-[CH2]-[CH2]-[CH3],972,0.6492,170.06914218,0.7173960534770459,2.303310792177069,0.0386635278388372,-0.0466892078229319,6,68,-6.5,-6.3
CCc1noc(CC(=O)O)n1,CN(C)Cc1noc(CC(=O)O)n1,[*]CC,[*]CN(C)C,[*:1]-[CH2]-[CH3]>>[*:1]-[CH2]-[NH0](-[CH3])-[CH3],21,-0.2417000000000003,185.080041212,0.6968353358481592,2.464397552206627,0.0181028102099504,0.1143975522066265,6,69,-6.5,-6.0
CCc1noc(CC(=O)O)n1,CCc1noc(OCC(=O)O)n1,[*]CC(=O)O,[*]OCC(=O)O,[*:1]-[CH2]-[CH0](=[OH0])-[OH1]>>[*:1]-[OH0]-[CH2]-[CH0](=[OH0])-[OH1],50,0.0953999999999999,172.048406736,0.6924701222866066,2.6486926103588875,0.0137375966483979,0.2986926103588869,6,70,-6.5,-6.4
CCc1noc(CC(=O)O)n1,O=C(O)Cc1nc(N2CCCC2)no1,[*]CC,[*]N1CCCC1,[*:1]-[CH2]-[CH3]>>[*:1]-[NH0]1-[CH2]-[CH2]-[CH2]-[CH2]-1,29,0.2968999999999999,197.080041212,0.7500945915321141,2.3788663549229074,0.0713620658939053,0.0288663549229069,6,71,-6.5,-6.0
CCc1noc(CC(=O)O)n1,O=C(O)Cc1nc(CN2CCOCC2)no1,[*]CC,[*]CN1CCOCC1,[*:1]-[CH2]-[CH3]>>[*:1]-[CH2]-[NH0]1-[CH2]-[CH2]-[OH0]-[CH2]-[CH2]-1,13,-0.4711000000000006,227.090605896,0.7432074496731171,2.2997775723383,0.0644749240349084,-0.0502224276617004,6,72,-6.5,-5.8
CCc1noc(CC(=O)O)n1,CC(=O)Nc1noc(CC(=O)O)n1,[*]CC,[*]NC(C)=O,[*:1]-[CH2]-[CH3]>>[*:1]-[NH1]-[CH0](-[CH3])=[OH0],35,-0.3449000000000002,185.043655704,0.6665276458629947,2.594606782975859,-0.012204879775214,0.2446067829758584,6,73,-6.5,-7.0
CCc1noc(CC(=O)O)n1,NC(=O)Cc1noc(CC(=O)O)n1,[*]CC,[*]CC(N)=O,[*:1]-[CH2]-[CH3]>>[*:1]-[CH2]-[CH0](-[NH2])=[OH0],25,-1.2755000000000003,185.043655704,0.6026765445512371,2.506885464294541,-0.0760559810869716,0.1568854642945405,6,74,-6.5,-6.4
CCc1noc(CC(=O)O)n1,N#CCc1noc(CC(=O)O)n1,[*]CC,[*]CC#N,[*:1]-[CH2]-[CH3]>>[*:1]-[CH2]-[CH0]#[NH0],42,-0.2372200000000002,167.03309102,0.6664073432172071,2.8109107921770686,-0.0123251824210016,0.4609107921770681,6,75,-6.5,-6.0
CCc1noc(CC(=O)O)n1,CCc1noc(CC(=O)OC)n1,[*]CC(=O)O,[*]CC(=O)OC,[*:1]-[CH2]-[CH0](=[OH0])-[OH1]>>[*:1]-[CH2]-[CH0](=[OH0])-[OH0]-[CH3],48,0.3474999999999998,170.06914218,0.6120771625421825,2.3441653376316136,-0.0666553630960262,-0.0058346623683869,6,76,-6.5,-5.5
CCc1noc(CC(=O)O)n1,CCc1noc(C(C)(C)C)n1,[*]CC(=O)O,[*]C(C)(C)C,[*:1]-[CH2]-[CH0](=[OH0])-[OH1]>>[*:1]-[CH0](-[CH3])(-[CH3])-[CH3],10,1.9295,154.110613068,0.6200266783688094,2.4915987447852928,-0.0587058472693993,0.1415987447852922,6,77,-6.5,-4.8
CCc1noc(CC(=O)O)n1,O=C(O)Cc1nc(N2CCC2)no1,[*]CC,[*]N1CCC1,[*:1]-[CH2]-[CH3]>>[*:1]-[NH0]1-[CH2]-[CH2]-[CH2]-1,12,-0.0932,183.064391148,0.7048069781822925,2.442624365393442,0.0260744525440838,0.0926243653934415,6,78,-6.5,-5.9
CCc1noc(CC(=O)O)n1,O=C(O)Cc1noc(CC(=O)O)n1,[*]CC,[*]CC(=O)O,[*:1]-[CH2]-[CH3]>>[*:1]-[CH2]-[CH0](=[OH0])-[OH1],24,-0.6762000000000001,186.027671292,0.6399208316295422,2.421838431327508,-0.0388116940086665,0.0718384313275075,6,79,-6.5,-6.4
CCc1noc(CC(=O)O)n1,CCc1noc(CCC(=O)O)n1,[*]CC(=O)O,[*]CCC(=O)O,[*:1]-[CH2]-[CH0](=[OH0])-[OH1]>>[*:1]-[CH2]-[CH2]-[CH0](=[OH0])-[OH1],137,0.6491999999999998,170.06914218,0.7173960534770458,2.175556946023221,0.038663527838837,-0.1744430539767796,6,80,-6.5,-6.1
CCc1noc(CC(=O)O)n1,O=C(O)Cc1nc(C2COC2)no1,[*]CC,[*]C1COC1,[*:1]-[CH2]-[CH3]>>[*:1]-[CH1]1-[CH2]-[OH0]-[CH2]-1,11,-0.1895,184.048406736,0.700270182844381,2.719905134624211,0.0215376572061722,0.3699051346242106,6,81,-6.5,-5.9
CCc1noc(CC(=O)O)n1,CCc1nsc(CC(=O)O)n1,[*]c1noc([*])n1,[*]c1nsc([*])n1,[*:1]-[cH0]1:[nH0]:[oH0]:[cH0](-[*:2]):[nH0]:1>>[*:1]-[cH0]1:[nH0]:[sH0]:[cH0](-[*:2]):[nH0]:1,18,0.7276,172.030648496,0.7295455597683896,2.87477879783569,0.0508130341301809,0.5247787978356895,6,82,-6.5,-5.9
CCc1noc(CC(=O)O)n1,CCc1nsc(CC(=O)O)n1,[*]c1noc([*])n1,[*]c1nsc([*])n1,[*:1]-[cH0]1:[nH0]:[oH0]:[cH0](-[*:2]):[nH0]:1>>[*:1]-[cH0]1:[nH0]:[sH0]:[cH0](-[*:2]):[nH0]:1,18,0.7276,172.030648496,0.7295455597683896,2.87477879783569,0.0508130341301809,0.5247787978356895,6,83,-6.5,-6.0
CCc1noc(CC(=O)O)n1,CC(C)(C)c1noc(CC(=O)O)n1,[*]CC,[*]C(C)(C)C,[*:1]-[CH2]-[CH3]>>[*:1]-[CH0](-[CH3])(-[CH3])-[CH3],335,0.9942,184.084792244,0.7413237496677523,2.415870971728284,0.0625912240295435,0.065870971728283,6,84,-6.5,-5.9
CCc1noc(CC(=O)O)n1,CCc1noc(C2(C(=O)O)CC2)n1,[*]CC(=O)O,[*]C1(C(=O)O)CC1,[*:1]-[CH2]-[CH0](=[OH0])-[OH1]>>[*:1]-[CH0]1(-[CH0](=[OH0])-[OH1])-[CH2]-[CH2]-1,11,0.7481999999999998,182.06914218,0.7458575837964044,2.7943355741846503,0.0671250581581957,0.4443355741846497,6,85,-6.5,-6.3
CCc1noc(CC(=O)O)n1,O=C(O)Cc1nc(N2CCCCC2)no1,[*]CC,[*]N1CCCCC1,[*:1]-[CH2]-[CH3]>>[*:1]-[NH0]1-[CH2]-[CH2]-[CH2]-[CH2]-[CH2]-1,21,0.6869999999999998,211.095691276,0.7917870719239153,2.3405366966214487,0.1130545462857065,-0.0094633033785518,6,86,-6.5,-6.1
CCc1noc(CC(=O)O)n1,N#CCOc1noc(CC(=O)O)n1,[*]CC,[*]OCC#N,[*:1]-[CH2]-[CH3]>>[*:1]-[OH0]-[CH2]-[CH0]#[NH0],10,-0.4009200000000002,183.02800564,0.6755266584716862,3.019508980778056,-0.0032058671665224,0.6695089807780557,6,87,-6.5,-6.7
CCc1noc(CC(=O)O)n1,O=C(O)Cc1nc(CC2CC2)no1,[*]CC,[*]CC1CC1,[*:1]-[CH2]-[CH3]>>[*:1]-[CH2]-[CH1]1-[CH2]-[CH2]-1,98,0.6492,182.06914218,0.7392865416355187,2.450082057701134,0.0605540159973099,0.1000820577011341,6,88,-6.5,-6.4
CCc1noc(CC(=O)O)n1,O=C(O)Cc1nc(N2CCOCC2)no1,[*]CC,[*]N1CCOCC1,[*:1]-[CH2]-[CH3]>>[*:1]-[NH0]1-[CH2]-[CH2]-[OH0]-[CH2]-[CH2]-1,53,-0.4667000000000004,213.074955832,0.725712561943653,2.444308789644703,0.0469800363054442,0.0943087896447023,6,89,-6.5,-5.8
CCc1noc(CC(=O)O)n1,CNC(=O)c1noc(CC(=O)O)n1,[*]CC,[*]C(=O)NC,[*:1]-[CH2]-[CH3]>>[*:1]-[CH0](=[OH0])-[NH1]-[CH3],25,-0.9437000000000004,185.043655704,0.6288628005314545,2.5708190906681665,-0.0498697251067542,0.2208190906681659,6,90,-6.5,-7.0
CCc1noc(CC(=O)O)n1,O=C(O)Cc1nc(CC2CCC2)no1,[*]CC,[*]CC1CCC1,[*:1]-[CH2]-[CH3]>>[*:1]-[CH2]-[CH1]1-[CH2]-[CH2]-[CH2]-1,17,1.0393,196.084792244,0.7780764800911818,2.4201941951595938,0.099343954452973,0.0701941951595932,6,91,-6.5,-6.2
CCc1noc(CC(=O)O)n1,O=C(O)Cc1nc(C2CCC2)no1,[*]CC,[*]C1CCC1,[*:1]-[CH2]-[CH3]>>[*:1]-[CH1]1-[CH2]-[CH2]-[CH2]-1,108,0.9642000000000002,182.06914218,0.7530230648374541,2.366932057701133,0.0742905391992453,0.0169320577011324,6,92,-6.5,-6.0
CCc1noc(CC(=O)O)n1,CN1CCN(c2noc(CC(=O)O)n2)CC1,[*]CC,[*]N1CCN(C)CC1,[*:1]-[CH2]-[CH3]>>[*:1]-[NH0]1-[CH2]-[CH2]-[NH0](-[CH3])-[CH2]-[CH2]-1,17,-0.5515000000000003,226.106590308,0.7398159999038828,2.4032653984252548,0.061083474265674,0.0532653984252542,6,93,-6.5,-5.8
CCc1noc(CC(=O)O)n1,CCc1noc(C(C)(C)C(=O)O)n1,[*]CC(=O)O,[*]C(C)(C)C(=O)O,[*:1]-[CH2]-[CH0](=[OH0])-[OH1]>>[*:1]-[CH0](-[CH3])(-[CH3])-[CH0](=[OH0])-[OH1],24,0.9942,184.084792244,0.7576636448389049,2.8247641843979654,0.0789311192006961,0.4747641843979648,6,94,-6.5,-5.6
CCc1noc(CC(=O)O)n1,O=C(O)Cc1nc(CCF)no1,[*]CC,[*]CCF,[*:1]-[CH2]-[CH3]>>[*:1]-[CH2]-[CH2]-[FH0],38,0.2086999999999999,174.044070304,0.7054856618657992,2.760321980988257,0.0267531362275904,0.4103219809882565,6,95,-6.5,-6.3
CCc1noc(CC(=O)O)n1,CC(C)Cc1noc(CC(=O)O)n1,[*]CC,[*]CC(C)C,[*:1]-[CH2]-[CH3]>>[*:1]-[CH2]-[CH1](-[CH3])-[CH3],232,0.8952,184.084792244,0.7516617999826607,2.3672371126461904,0.0729292743444519,0.0172371126461898,6,96,-6.5,-5.9
CCc1noc(CC(=O)O)n1,CCc1noc(Cc2ccccc2)n1,[*]CC(=O)O,[*]Cc1ccccc1,[*:1]-[CH2]-[CH0](=[OH0])-[OH1]>>[*:1]-[CH2]-[cH0]1:[cH1]:[cH1]:[cH1]:[cH1]:[cH1]:1,22,2.2227999999999994,188.094963004,0.740933323560988,1.8742122930092115,0.0622007979227792,-0.475787706990789,6,97,-6.5,-5.0
CCc1noc(CC(=O)O)n1,O=C(O)Cc1nc(CCO)no1,[*]CC,[*]CCO,[*:1]-[CH2]-[CH3]>>[*:1]-[CH2]-[CH2]-[OH1],125,-0.7685,172.048406736,0.6186790806944733,2.48756953343581,-0.0600534449437354,0.1375695334358093,6,98,-6.5,-6.7
CCc1noc(CC(=O)O)n1,N#CCCc1noc(CC(=O)O)n1,[*]CC,[*]CCC#N,[*:1]-[CH2]-[CH3]>>[*:1]-[CH2]-[CH2]-[CH0]#[NH0],19,0.1528799999999999,181.048741084,0.7091917404850385,2.6889743653934417,0.0304592148468297,0.3389743653934411,6,99,-6.5,-6.1
CC1=CCCC[C@@H]1COP(=O)(O)O,CC1=CCCC(=O)[C@@H]1COP(=O)(O)O,[*]C[*],[*]C([*])=O,[*:1]-[CH2]-[*:2]>>[*:1]-[CH0](-[*:2])=[OH0],901,1.0210999999999997,220.050060146,0.5475942029117897,3.765970766798606,0.0017944387234015,0.1559707667986059,7,0,-7.7,-6.2
CC1=CCCC[C@@H]1COP(=O)(O)O,CC1=CCCC[C@@H]1C(=O)OP(=O)(O)O,[*]C[*],[*]C([*])=O,[*:1]-[CH2]-[*:2]>>[*:1]-[CH0](-[*:2])=[OH0],901,1.3687,220.050060146,0.5419427921122363,3.735262242890084,-0.0038569720761518,0.1252622428900833,7,1,-7.7,-6.6
CC1=CCCC[C@@H]1COP(=O)(O)O,CC1=CCCOC(=O)[C@@H]1COP(=O)(O)O,[*]C[*],[*]C(=O)O[*],[*:1]-[CH2]-[*:2]>>[*:1]-[CH0](=[OH0])-[OH0]-[*:2],13,0.6051,236.044974766,0.423248452965858,3.7934542666463527,-0.1225513112225301,0.1834542666463523,7,2,-7.7,-6.2
CC1=CCCC[C@@H]1COP(=O)(O)O,CC1=CCCC(=O)O[C@@H]1COP(=O)(O)O,[*]C[*],[*]C(=O)O[*],[*:1]-[CH2]-[*:2]>>[*:1]-[CH0](=[OH0])-[OH0]-[*:2],13,0.7475999999999998,236.044974766,0.4263351062375583,3.760220035877122,-0.1194646579508298,0.1502200358771217,7,3,-7.7,-7.8
CC1=CCCC[C@@H]1COP(=O)(O)O,CC1=CCCC(=O)C[C@@H]1COP(=O)(O)O,[*]C[*],[*]C(=O)C[*],[*:1]-[CH2]-[*:2]>>[*:1]-[CH0](=[OH0])-[CH2]-[*:2],123,1.4111999999999998,234.06571021,0.5693853666128591,3.7147700358771214,0.0235856024244709,0.1047700358771219,7,4,-7.7,-6.9
CC1=CCCC[C@@H]1COP(=O)(O)O,CC1=CC(=O)CCC[C@@H]1COP(=O)(O)O,[*]C[*],[*]C(=O)C[*],[*:1]-[CH2]-[*:2]>>[*:1]-[CH0](=[OH0])-[CH2]-[*:2],123,1.4111999999999998,234.06571021,0.7210811457078669,3.537989266646352,0.1752813815194787,-0.0720107333536486,7,5,-7.7,-7.4
CC1=CCCC[C@@H]1COP(=O)(O)O,CC1=CCCC(=O)N[C@@H]1COP(=O)(O)O,[*]C[*],[*]C(=O)N[*],[*:1]-[CH2]-[*:2]>>[*:1]-[CH0](=[OH0])-[NH1]-[*:2],115,0.3206,235.060959178,0.483299506195985,3.672881958954045,-0.0625002579924031,0.062881958954045,7,6,-7.7,-6.5
CC1=CCCC[C@@H]1COP(=O)(O)O,CC1=CC(=O)NCC[C@@H]1COP(=O)(O)O,[*]C[*],[*]C(=O)N[*],[*:1]-[CH2]-[*:2]>>[*:1]-[CH0](=[OH0])-[NH1]-[*:2],115,0.1780999999999998,235.060959178,0.6061668327957647,3.889190035877122,0.0603670686073765,0.2791900358771215,7,7,-7.7,-6.8
CC1=CCCC[C@@H]1COP(=O)(O)O,CC1=CCCCC[C@@H]1COP(=O)(O)O,[*]C[*],[*]CC[*],[*:1]-[CH2]-[*:2]>>[*:1]-[CH2]-[CH2]-[*:2],1929,2.2322000000000006,220.086445654,0.5650012104235553,3.4280249521580552,0.0192014462351671,-0.181975047841945,7,8,-7.7,-6.2
CC1=CCCC[C@@H]1COP(=O)(O)O,CC1=CCCCC[C@@H]1COP(=O)(O)O,[*]C[*],[*]CC[*],[*:1]-[CH2]-[*:2]>>[*:1]-[CH2]-[CH2]-[*:2],1929,2.2322000000000006,220.086445654,0.5650012104235553,3.4280249521580552,0.0192014462351671,-0.181975047841945,7,9,-7.7,-6.2
CC1=CCCC[C@@H]1COP(=O)(O)O,CC1=CCCCC(C)(C)[C@@H]1COP(=O)(O)O,[*]C[*],[*]CC([*])(C)C,[*:1]-[CH2]-[*:2]>>[*:1]-[CH2]-[CH0](-[*:2])(-[CH3])-[CH3],12,2.8683000000000023,248.117745782,0.5949841386535505,3.594774623190768,0.0491843744651623,-0.0152253768092327,7,10,-7.7,-5.9
CC1=CCCC[C@@H]1COP(=O)(O)O,CC1=CCCCC(C)(C)[C@@H]1COP(=O)(O)O,[*]C[*],[*]CC([*])(C)C,[*:1]-[CH2]-[*:2]>>[*:1]-[CH2]-[CH0](-[*:2])(-[CH3])-[CH3],12,2.8683000000000023,248.117745782,0.5949841386535505,3.594774623190768,0.0491843744651623,-0.0152253768092327,7,11,-7.7,-5.9
CC1=CCCC[C@@H]1COP(=O)(O)O,CC1=CCCCC(=O)N[C@@H]1COP(=O)(O)O,[*]C[*],[*]CC(=O)N[*],[*:1]-[CH2]-[*:2]>>[*:1]-[CH2]-[CH0](=[OH0])-[NH1]-[*:2],29,0.7106999999999997,249.076609242,0.5053891676115139,3.621201456822252,-0.0404105965768742,0.0112014568222518,7,12,-7.7,-6.2
CC1=CCCC[C@@H]1COP(=O)(O)O,CC1=CCCNC(=O)C[C@@H]1COP(=O)(O)O,[*]C[*],[*]CC(=O)N[*],[*:1]-[CH2]-[*:2]>>[*:1]-[CH2]-[CH0](=[OH0])-[NH1]-[*:2],29,0.5681999999999998,249.076609242,0.5016282331823666,3.729108075784685,-0.0441715310060215,0.1191080757846849,7,13,-7.7,-6.5
CC1=CCCC[C@@H]1COP(=O)(O)O,CC1=CC(=O)OCCC[C@@H]1COP(=O)(O)O,[*]C[*],[*]C(=O)OC[*],[*:1]-[CH2]-[*:2]>>[*:1]-[CH0](=[OH0])-[OH0]-[CH2]-[*:2],52,0.9951999999999996,250.06062483,0.5728724708905524,3.57332918490812,0.0270727067021642,-0.0366708150918801,7,14,-7.7,-6.7
CC1=CCCC[C@@H]1COP(=O)(O)O,CC1=CCCOC(=O)C[C@@H]1COP(=O)(O)O,[*]C[*],[*]C(=O)OC[*],[*:1]-[CH2]-[*:2]>>[*:1]-[CH0](=[OH0])-[OH0]-[CH2]-[*:2],52,0.9952,250.06062483,0.4405824621486193,3.742931689380393,-0.1052173020397688,0.1329316893803929,7,15,-7.7,-5.8
CC1=CCCC[C@@H]1COP(=O)(O)O,CC1=CC(=O)COCC[C@@H]1COP(=O)(O)O,[*]C[*],[*]C(=O)CO[*],[*:1]-[CH2]-[*:2]>>[*:1]-[CH0](=[OH0])-[CH2]-[OH0]-[*:2],14,0.6475999999999997,250.06062483,0.7140939515617452,3.7910712242641136,0.168294187373357,0.1810712242641132,7,16,-7.7,-6.1
CC1=CCCC[C@@H]1COP(=O)(O)O,CC1=CCOCC(=O)C[C@@H]1COP(=O)(O)O,[*]C[*],[*]C(=O)CO[*],[*:1]-[CH2]-[*:2]>>[*:1]-[CH0](=[OH0])-[CH2]-[OH0]-[*:2],14,0.6476,250.06062483,0.5638680872828342,3.975746716214024,0.018068323094446,0.3657467162140237,7,17,-7.7,-6.0
CC1=CCCC[C@@H]1COP(=O)(O)O,CC1=CCNC(=O)CC[C@@H]1COP(=O)(O)O,[*]C[*],[*]C(=O)NC[*],[*:1]-[CH2]-[*:2]>>[*:1]-[CH0](=[OH0])-[NH1]-[CH2]-[*:2],28,0.5682,249.076609242,0.5016282331823666,3.8152086124573135,-0.0441715310060215,0.205208612457314,7,18,-7.7,-5.8
CC1=CCCC[C@@H]1COP(=O)(O)O,CC1=CCCC(=O)NC[C@@H]1COP(=O)(O)O,[*]C[*],[*]C(=O)NC[*],[*:1]-[CH2]-[*:2]>>[*:1]-[CH0](=[OH0])-[NH1]-[CH2]-[*:2],28,0.5681999999999998,249.076609242,0.5016282331823666,3.6630297215807497,-0.0441715310060215,0.0530297215807493,7,19,-7.7,-6.4
CC1=CCCC[C@@H]1COP(=O)(O)O,CC1=CCC2(CC2)C[C@@H]1COP(=O)(O)O,[*]C[*],[*]C1([*])CC1,[*:1]-[CH2]-[*:2]>>[*:1]-[CH0]1(-[*:2])-[CH2]-[CH2]-1,43,2.2322000000000006,232.086445654,0.5780631140444342,4.401840414488788,0.032263349856046,0.7918404144887878,7,20,-7.7,-6.5
CC1=CCCC[C@@H]1COP(=O)(O)O,CC1=CC2(CC[C@@H]1COP(=O)(O)O)CC2,[*]C[*],[*]C1([*])CC1,[*:1]-[CH2]-[*:2]>>[*:1]-[CH0]1(-[*:2])-[CH2]-[CH2]-1,43,2.2322000000000006,232.086445654,0.5780631140444342,4.518383491411865,0.032263349856046,0.9083834914118648,7,21,-7.7,-6.0
CC1=CCCC[C@@H]1COP(=O)(O)O,CC1=CCCC(=O)CC[C@@H]1COP(=O)(O)O,[*]C[*],[*]C(=O)CC[*],[*:1]-[CH2]-[*:2]>>[*:1]-[CH0](=[OH0])-[CH2]-[CH2]-[*:2],33,1.8013000000000003,248.081360274,0.5873498103224513,3.618374265409015,0.0415500461340631,0.0083742654090146,7,22,-7.7,-6.0
CC1=CCCC[C@@H]1COP(=O)(O)O,CC1=CCCCCC(=O)[C@@H]1COP(=O)(O)O,[*]C[*],[*]C(=O)CC[*],[*:1]-[CH2]-[*:2]>>[*:1]-[CH0](=[OH0])-[CH2]-[CH2]-[*:2],33,1.8013000000000003,248.081360274,0.5873498103224513,3.5575703298097308,0.0415500461340631,-0.0524296701902695,7,23,-7.7,-5.8
CC1=CCCC[C@@H]1COP(=O)(O)O,CC1=CCC[C@H](C)[C@@H]1COP(=O)(O)O,[*]C[*],[*][C@H]([*])C,[*:1]-[CH2]-[*:2]>>[*:1]-[C@H1](-[*:2])-[CH3],224,2.0881000000000007,220.086445654,0.5641530041584192,3.9620838198777832,0.018353239970031,0.3520838198777829,7,24,-7.7,-6.5
CC1=CCCC[C@@H]1COP(=O)(O)O,CC1=CCCC[C@@H]1[C@H](C)OP(=O)(O)O,[*]C[*],[*][C@H]([*])C,[*:1]-[CH2]-[*:2]>>[*:1]-[C@H1](-[*:2])-[CH3],224,2.2306,220.086445654,0.5649928670668879,4.028994422788386,0.0191931028784997,0.4189944227883853,7,25,-7.7,-6.4
CC1=CCCC[C@@H]1COP(=O)(O)O,CC1=CC[C@@H](C)C[C@@H]1COP(=O)(O)O,[*]C[*],[*][C@@H]([*])C,[*:1]-[CH2]-[*:2]>>[*:1]-[C@@H1](-[*:2])-[CH3],308,2.0881000000000007,220.086445654,0.5641530041584193,3.960077998671962,0.0183532399700311,0.3500779986719617,7,26,-7.7,-7.9
CC1=CCCC[C@@H]1COP(=O)(O)O,CC1=C[C@H](C)CC[C@@H]1COP(=O)(O)O,[*]C[*],[*][C@@H]([*])C,[*:1]-[CH2]-[*:2]>>[*:1]-[C@@H1](-[*:2])-[CH3],308,2.0881000000000007,220.086445654,0.5641530041584193,3.938395670189633,0.0183532399700311,0.3283956701896322,7,27,-7.7,-6.6
CC1=CCCC[C@@H]1COP(=O)(O)O,CC1=CCCC(C)(C)[C@@H]1COP(=O)(O)O,[*]C[*],[*]C([*])(C)C,[*:1]-[CH2]-[*:2]>>[*:1]-[CH0](-[*:2])(-[CH3])-[CH3],77,2.478200000000001,234.102095718,0.5811699926946419,3.658747432326825,0.0353702285062537,0.0487474323268246,7,28,-7.7,-5.5
CC1=CCCC[C@@H]1COP(=O)(O)O,CC1=CCC(C)(C)C[C@@H]1COP(=O)(O)O,[*]C[*],[*]C([*])(C)C,[*:1]-[CH2]-[*:2]>>[*:1]-[CH0](-[*:2])(-[CH3])-[CH3],77,2.478200000000001,234.102095718,0.5811699926946419,3.800542698599015,0.0353702285062537,0.1905426985990148,7,29,-7.7,-6.8
CC1=CCCC[C@@H]1COP(=O)(O)O,CC1=CCC(C)C[C@@H]1COP(=O)(O)O,[*]C[*],[*]C([*])C,[*:1]-[CH2]-[*:2]>>[*:1]-[CH1](-[*:2])-[CH3],435,2.0881000000000007,220.086445654,0.5641530041584192,3.960077998671962,0.018353239970031,0.3500779986719617,7,30,-7.7,-7.0
CC1=CCCC[C@@H]1COP(=O)(O)O,CC1=CCC(C)C[C@@H]1COP(=O)(O)O,[*]C[*],[*]C([*])C,[*:1]-[CH2]-[*:2]>>[*:1]-[CH1](-[*:2])-[CH3],435,2.0881000000000007,220.086445654,0.5641530041584193,3.960077998671962,0.0183532399700311,0.3500779986719617,7,31,-7.7,-7.0
CC1=CCCC[C@@H]1COP(=O)(O)O,CC1=CC2CCN(CC2)CC[C@@H]1COP(=O)(O)O,[*]C[*],[*]N1CCC([*])CC1,[*:1]-[CH2]-[*:2]>>[*:1]-[NH0]1-[CH2]-[CH2]-[CH1](-[*:2])-[CH2]-[CH2]-1,10,1.7739000000000005,275.12864481400004,0.6065928614748901,4.837239612827087,0.0607930972865019,1.2272396128270868,7,32,-7.7,-5.0
CC1=CCCC[C@@H]1COP(=O)(O)O,CC1=CCN2CCC(CC2)C[C@@H]1COP(=O)(O)O,[*]C[*],[*]N1CCC([*])CC1,[*:1]-[CH2]-[*:2]>>[*:1]-[NH0]1-[CH2]-[CH2]-[CH1](-[*:2])-[CH2]-[CH2]-1,10,1.7739000000000005,275.12864481400004,0.6065928614748901,5.061624843596319,0.0607930972865019,1.4516248435963188,7,33,-7.7,-4.7
CC1=CCCC[C@@H]1COP(=O)(O)O,CC1=CCS(=O)(=O)CC[C@@H]1COP(=O)(O)O,[*]C[*],[*]CS([*])(=O)=O,[*:1]-[CH2]-[*:2]>>[*:1]-[CH2]-[SH0](-[*:2])(=[OH0])=[OH0],19,0.4766999999999999,270.03269583,0.5709971523477267,3.954791106707251,0.0251973881593385,0.3447911067072509,7,34,-7.7,-5.5
CC1=CCCC[C@@H]1COP(=O)(O)O,CC1=CS(=O)(=O)CCC[C@@H]1COP(=O)(O)O,[*]C[*],[*]CS([*])(=O)=O,[*:1]-[CH2]-[*:2]>>[*:1]-[CH2]-[SH0](-[*:2])(=[OH0])=[OH0],19,0.8242999999999998,270.03269583,0.7363184060793445,3.970150447366592,0.1905186418909563,0.3601504473665917,7,35,-7.7,-5.5
CC1=CCCC[C@@H]1COP(=O)(O)O,CC1=CCCC[C@@H]1C1(OP(=O)(O)O)CCC1,[*]C[*],[*]C1([*])CCC1,[*:1]-[CH2]-[*:2]>>[*:1]-[CH0]1(-[*:2])-[CH2]-[CH2]-[CH2]-1,15,2.764800000000002,246.102095718,0.5932090083479382,3.855188576679139,0.04740924415955,0.2451885766791388,7,36,-7.7,-6.0
CC1=CCCC[C@@H]1COP(=O)(O)O,CC1=CCCC2(CCC2)[C@@H]1COP(=O)(O)O,[*]C[*],[*]C1([*])CCC1,[*:1]-[CH2]-[*:2]>>[*:1]-[CH0]1(-[*:2])-[CH2]-[CH2]-[CH2]-1,15,2.622300000000002,246.102095718,0.5930444509348612,4.224349250460753,0.047244686746473,0.6143492504607524,7,37,-7.7,-5.6
CC1=CCCC[C@@H]1COP(=O)(O)O,CC1=CCCCOC[C@@H]1COP(=O)(O)O,[*]C[*],[*]OCC[*],[*:1]-[CH2]-[*:2]>>[*:1]-[OH0]-[CH2]-[CH2]-[*:2],220,1.4686,236.081360274,0.5728524957918036,3.6435896606426,0.0270527316034154,0.0335896606425993,7,38,-7.7,-6.1
CC1=CCCC[C@@H]1COP(=O)(O)O,CC1=CCOCCC[C@@H]1COP(=O)(O)O,[*]C[*],[*]OCC[*],[*:1]-[CH2]-[*:2]>>[*:1]-[OH0]-[CH2]-[CH2]-[*:2],220,1.4686,236.081360274,0.5728524957918035,3.6571723998546064,0.0270527316034153,0.047172399854606,7,39,-7.7,-6.2
CC1=CCCC[C@@H]1COP(=O)(O)O,CC1=CCCCC(=O)NC[C@@H]1COP(=O)(O)O,[*]C[*],[*]CC(=O)NC[*],[*:1]-[CH2]-[*:2]>>[*:1]-[CH2]-[CH0](=[OH0])-[NH1]-[CH2]-[*:2],20,0.9582999999999996,263.092259306,0.5203142591476799,4.036021553110711,-0.0254855050407082,0.4260215531107105,7,40,-7.7,-5.7
CC1=CCCC[C@@H]1COP(=O)(O)O,CC1=CCCNC(=O)CC[C@@H]1COP(=O)(O)O,[*]C[*],[*]CC(=O)NC[*],[*:1]-[CH2]-[*:2]>>[*:1]-[CH2]-[CH0](=[OH0])-[NH1]-[CH2]-[*:2],20,0.9583,263.092259306,0.5203142591476799,4.058416201940143,-0.0254855050407082,0.4484162019401427,7,41,-7.7,-5.4
CC1=CCCC[C@@H]1COP(=O)(O)O,CC1=CCCC(C)C[C@@H]1COP(=O)(O)O,[*]C[*],[*]C(C)C[*],[*:1]-[CH2]-[*:2]>>[*:1]-[CH1](-[CH3])-[CH2]-[*:2],10,2.478200000000001,234.102095718,0.5811699926946419,3.876290625338834,0.0353702285062537,0.2662906253388337,7,42,-7.7,-5.8
CC1=CCCC[C@@H]1COP(=O)(O)O,CC1=CC(C)CCC[C@@H]1COP(=O)(O)O,[*]C[*],[*]C(C)C[*],[*:1]-[CH2]-[*:2]>>[*:1]-[CH1](-[CH3])-[CH2]-[*:2],10,2.478200000000001,234.102095718,0.5811699926946419,3.817821779184988,0.0353702285062537,0.2078217791849876,7,43,-7.7,-6.0
CC1=CCCC[C@@H]1COP(=O)(O)O,CC1=CCCc2ccc(cc2)OC[C@@H]1COP(=O)(O)O,[*]C[*],[*]COc1ccc([*])cc1,[*:1]-[CH2]-[*:2]>>[*:1]-[CH2]-[OH0]-[cH0]1:[cH1]:[cH1]:[cH0](-[*:2]):[cH1]:[cH1]:1,14,2.6834000000000016,298.097010338,0.6625442869635964,4.837814278929908,0.1167445227752081,1.2278142789299071,7,44,-7.7,1.2
CC1=CCCC[C@@H]1COP(=O)(O)O,CC1=CCCC[C@@H]1COc1ccc(OP(=O)(O)O)cc1,[*]C[*],[*]COc1ccc([*])cc1,[*:1]-[CH2]-[*:2]>>[*:1]-[CH2]-[OH0]-[cH0]1:[cH1]:[cH1]:[cH0](-[*:2]):[cH1]:[cH1]:1,14,3.283300000000003,298.097010338,0.6441651717025753,3.07632958059651,0.0983654075141871,-0.5336704194034905,7,45,-7.7,-5.3
CC1=CCCC[C@@H]1COP(=O)(O)O,CC1=CCCCN2CCC(CC2)[C@@H]1COP(=O)(O)O,[*]C[*],[*]CN1CCC([*])CC1,[*:1]-[CH2]-[*:2]>>[*:1]-[CH2]-[NH0]1-[CH2]-[CH2]-[CH1](-[*:2])-[CH2]-[CH2]-1,43,2.1640000000000006,289.144294878,0.6152580101284595,4.726342279851709,0.0694582459400713,1.1163422798517084,7,46,-7.7,-4.6
CC1=CCCC[C@@H]1COP(=O)(O)O,CC1=CCCN2CCC(CC2)C[C@@H]1COP(=O)(O)O,[*]C[*],[*]CN1CCC([*])CC1,[*:1]-[CH2]-[*:2]>>[*:1]-[CH2]-[NH0]1-[CH2]-[CH2]-[CH1](-[*:2])-[CH2]-[CH2]-1,43,2.1640000000000006,289.144294878,0.6152580101284595,4.905890320490315,0.0694582459400713,1.2958903204903145,7,47,-7.7,-5.5
CC1=CCCC[C@@H]1COP(=O)(O)O,CC1=CCCCCC[C@@H]1COP(=O)(O)O,[*]C[*],[*]CCC[*],[*:1]-[CH2]-[*:2]>>[*:1]-[CH2]-[CH2]-[CH2]-[*:2],432,2.622300000000002,234.102095718,0.5815214835537985,3.3403048576407235,0.0357217193654103,-0.2696951423592768,7,48,-7.7,-7.4
CC1=CCCC[C@@H]1COP(=O)(O)O,CC1=CCCCCC[C@@H]1COP(=O)(O)O,[*]C[*],[*]CCC[*],[*:1]-[CH2]-[*:2]>>[*:1]-[CH2]-[CH2]-[CH2]-[*:2],432,2.622300000000002,234.102095718,0.5815214835537985,3.3403048576407235,0.0357217193654103,-0.2696951423592768,7,49,-7.7,-7.4
CC1=CCCC[C@@H]1COP(=O)(O)O,CC1=CCCCC(O)[C@@H]1COP(=O)(O)O,[*]C[*],[*]CC([*])O,[*:1]-[CH2]-[*:2]>>[*:1]-[CH2]-[CH1](-[*:2])-[OH1],15,1.2029999999999998,236.081360274,0.5060005688127558,3.8804306253388337,-0.0397991953756323,0.2704306253388333,7,50,-7.7,-7.0
CC1=CCCC[C@@H]1COP(=O)(O)O,CC1=CC(O)CCC[C@@H]1COP(=O)(O)O,[*]C[*],[*]CC([*])O,[*:1]-[CH2]-[*:2]>>[*:1]-[CH2]-[CH1](-[*:2])-[OH1],15,1.2029999999999998,236.081360274,0.5060005688127558,3.820525240723449,-0.0397991953756323,0.2105252407234488,7,51,-7.7,-6.4
CC1=CCCC[C@@H]1COP(=O)(O)O,CC1=CCCC[C@@H]1C(=O)COP(=O)(O)O,[*]C[*],[*]CC([*])=O,[*:1]-[CH2]-[*:2]>>[*:1]-[CH2]-[CH0](-[*:2])=[OH0],35,1.4111999999999998,234.06571021,0.5671768932855715,3.663068497415584,0.0213771290971833,0.053068497415583,7,52,-7.7,-7.0
CC1=CCCC[C@@H]1COP(=O)(O)O,CC1=CCCC[C@@H]1CC(=O)OP(=O)(O)O,[*]C[*],[*]CC([*])=O,[*:1]-[CH2]-[*:2]>>[*:1]-[CH2]-[CH0](-[*:2])=[OH0],35,1.7588,234.06571021,0.5737789368006451,3.6808192666463535,0.0279791726122569,0.0708192666463531,7,53,-7.7,-6.6
CC1=CCCC[C@@H]1COP(=O)(O)O,CC1=CCCCN(C)CC[C@@H]1COP(=O)(O)O,[*]C[*],[*]CCN(C)C[*],[*:1]-[CH2]-[*:2]>>[*:1]-[CH2]-[CH2]-[NH0](-[CH3])-[CH2]-[*:2],14,1.7739000000000005,263.12864481400004,0.5996349030261372,3.867267038060545,0.053835138837749,0.2572670380605446,7,54,-7.7,-5.0
CC1=CCCC[C@@H]1COP(=O)(O)O,CC1=CCCCN(C)CC[C@@H]1COP(=O)(O)O,[*]C[*],[*]CCN(C)C[*],[*:1]-[CH2]-[*:2]>>[*:1]-[CH2]-[CH2]-[NH0](-[CH3])-[CH2]-[*:2],14,1.7739000000000005,263.12864481400004,0.5996349030261372,3.867267038060545,0.053835138837749,0.2572670380605446,7,55,-7.7,-5.0
CC1=CCCC[C@@H]1COP(=O)(O)O,CC1=CCCC[C@@H]1[C@@H](C)COP(=O)(O)O,[*]C[*],[*]C[C@@H]([*])C,[*:1]-[CH2]-[*:2]>>[*:1]-[CH2]-[C@@H1](-[*:2])-[CH3],12,2.4782,234.102095718,0.5789158103732359,3.920061779184987,0.0331160461848477,0.3100617791849869,7,56,-7.7,-6.0
CC1=CCCC[C@@H]1COP(=O)(O)O,CC1=CC[C@@H](C)CC[C@@H]1COP(=O)(O)O,[*]C[*],[*]C[C@@H]([*])C,[*:1]-[CH2]-[*:2]>>[*:1]-[CH2]-[C@@H1](-[*:2])-[CH3],12,2.478200000000001,234.102095718,0.5811699926946419,3.834762548415757,0.0353702285062537,0.2247625484157565,7,57,-7.7,-5.8
CC1=CCCC[C@@H]1COP(=O)(O)O,CC1=CCCC[C@@H]1C(CO)OP(=O)(O)O,[*]C[*],[*]C([*])CO,[*:1]-[CH2]-[*:2]>>[*:1]-[CH1](-[*:2])-[CH2]-[OH1],13,1.203,236.081360274,0.5040379459120954,4.107843317646527,-0.0417618182762927,0.4978433176465264,7,58,-7.7,-6.3
CC1=CCCC[C@@H]1COP(=O)(O)O,CC1=CCC(CO)C[C@@H]1COP(=O)(O)O,[*]C[*],[*]C([*])CO,[*:1]-[CH2]-[*:2]>>[*:1]-[CH1](-[*:2])-[CH2]-[OH1],13,1.0604999999999998,236.081360274,0.5015449097724407,3.960655240723449,-0.0442548544159474,0.3506552407234489,7,59,-7.7,-7.5
CC1=CCCC[C@@H]1COP(=O)(O)O,CC[C@@H]1CC=C(C)[C@@H](COP(=O)(O)O)C1,[*]C[*],[*][C@@H]([*])CC,[*:1]-[CH2]-[*:2]>>[*:1]-[C@@H1](-[*:2])-[CH2]-[CH3],35,2.478200000000001,234.102095718,0.5789158103732359,3.920487548415757,0.0331160461848477,0.3104875484157565,7,60,-7.7,-7.1
CC1=CCCC[C@@H]1COP(=O)(O)O,CC[C@H]1C=C(C)[C@@H](COP(=O)(O)O)CC1,[*]C[*],[*][C@@H]([*])CC,[*:1]-[CH2]-[*:2]>>[*:1]-[C@@H1](-[*:2])-[CH2]-[CH3],35,2.478200000000001,234.102095718,0.5789158103732359,4.045002548415757,0.0331160461848477,0.4350025484157562,7,61,-7.7,-6.1
CC1=CCCC[C@@H]1COP(=O)(O)O,CC1=CCCC[C@@H]1C(=O)NCCOP(=O)(O)O,[*]C[*],[*]CCNC([*])=O,[*:1]-[CH2]-[*:2]>>[*:1]-[CH2]-[CH2]-[NH1]-[CH0](-[*:2])=[OH0],31,0.9582999999999996,263.092259306,0.3898106664098898,3.313355271489012,-0.1559890977784983,-0.2966447285109881,7,62,-7.7,-6.2
CC1=CCCC[C@@H]1COP(=O)(O)O,CC1=CCCCNC(=O)C[C@@H]1COP(=O)(O)O,[*]C[*],[*]CCNC([*])=O,[*:1]-[CH2]-[*:2]>>[*:1]-[CH2]-[CH2]-[NH1]-[CH0](-[*:2])=[OH0],31,0.9583,263.092259306,0.5203142591476799,4.056038275518738,-0.0254855050407082,0.4460382755187373,7,63,-7.7,-6.5
CC1=CCCC[C@@H]1COP(=O)(O)O,CC1=CCC(=O)N2CCC(CC[C@@H]1COP(=O)(O)O)CC2,[*]C[*],[*]CC1CCN(C([*])=O)CC1,[*:1]-[CH2]-[*:2]>>[*:1]-[CH2]-[CH1]1-[CH2]-[CH2]-[NH0](-[CH0](-[*:2])=[OH0])-[CH2]-[CH2]-1,11,2.080700000000001,317.1392094979999,0.6145473675446026,4.776767255543205,0.0687476033562144,1.1667672555432045,7,64,-7.7,-3.4
CC1=CCCC[C@@H]1COP(=O)(O)O,CC1=CCC(=O)N2CCC(CC[C@@H]1COP(=O)(O)O)CC2,[*]C[*],[*]CC1CCN(C([*])=O)CC1,[*:1]-[CH2]-[*:2]>>[*:1]-[CH2]-[CH1]1-[CH2]-[CH2]-[NH0](-[CH0](-[*:2])=[OH0])-[CH2]-[CH2]-1,11,2.080700000000001,317.1392094979999,0.6145473675446026,4.776767255543205,0.0687476033562144,1.1667672555432045,7,65,-7.7,-2.3
CC1=CCCC[C@@H]1COP(=O)(O)O,CC[C@@H]1C=C(C)[C@@H](COP(=O)(O)O)CC1,[*]C[*],[*][C@H]([*])CC,[*:1]-[CH2]-[*:2]>>[*:1]-[C@H1](-[*:2])-[CH2]-[CH3],24,2.478200000000001,234.102095718,0.5789158103732359,4.045002548415757,0.0331160461848477,0.4350025484157562,7,66,-7.7,-6.6
CC1=CCCC[C@@H]1COP(=O)(O)O,CC[C@@H](OP(=O)(O)O)[C@H]1CCCC=C1C,[*]C[*],[*][C@H]([*])CC,[*:1]-[CH2]-[*:2]>>[*:1]-[C@H1](-[*:2])-[CH2]-[CH3],24,2.620700000000002,234.102095718,0.579263076439924,4.043323702261911,0.0334633122515358,0.4333237022619105,7,67,-7.7,-5.2
CC1=CCCC[C@@H]1COP(=O)(O)O,CC1=CCCC(C)C[C@@H]1COP(=O)(O)O,[*]C[*],[*]CC([*])C,[*:1]-[CH2]-[*:2]>>[*:1]-[CH2]-[CH1](-[*:2])-[CH3],14,2.478200000000001,234.102095718,0.5811699926946419,3.876290625338834,0.0353702285062537,0.2662906253388337,7,68,-7.7,-5.8
CC1=CCCC[C@@H]1COP(=O)(O)O,CC1=CCC(C)CC[C@@H]1COP(=O)(O)O,[*]C[*],[*]CC([*])C,[*:1]-[CH2]-[*:2]>>[*:1]-[CH2]-[CH1](-[*:2])-[CH3],14,2.478200000000001,234.102095718,0.5811699926946419,3.834762548415757,0.0353702285062537,0.2247625484157565,7,69,-7.7,-5.9
CC1=CCCC[C@@H]1COP(=O)(O)O,CC1=CCCC[C@@H]1[C@@H](OP(=O)(O)O)C(F)(F)F,[*]C[*],[*][C@H]([*])C(F)(F)F,[*:1]-[CH2]-[*:2]>>[*:1]-[C@H1](-[*:2])-[CH0](-[FH0])(-[FH0])-[FH0],10,2.773000000000001,274.058180218,0.6131055871634645,4.141803703760088,0.0673058229750763,0.5318037037600876,7,70,-7.7,-6.0
CC1=CCCC[C@@H]1COP(=O)(O)O,CC1=CC[C@H](C(F)(F)F)C[C@@H]1COP(=O)(O)O,[*]C[*],[*][C@H]([*])C(F)(F)F,[*:1]-[CH2]-[*:2]>>[*:1]-[C@H1](-[*:2])-[CH0](-[FH0])(-[FH0])-[FH0],10,2.6305000000000023,274.058180218,0.6129469460932548,4.041557549913934,0.0671471819048666,0.4315575499139337,7,71,-7.7,-7.4
CC1=CCCC[C@@H]1COP(=O)(O)O,CC1=CCC(C2CC2)C[C@@H]1COP(=O)(O)O,[*]C[*],[*]C([*])C1CC1,[*:1]-[CH2]-[*:2]>>[*:1]-[CH1](-[*:2])-[CH1]1-[CH2]-[CH2]-1,13,2.478200000000001,246.102095718,0.5903871458061858,3.90547021265248,0.0445873816177976,0.2954702126524795,7,72,-7.7,-5.4
CC1=CCCC[C@@H]1COP(=O)(O)O,CC1=CCCC(C2CC2)[C@@H]1COP(=O)(O)O,[*]C[*],[*]C([*])C1CC1,[*:1]-[CH2]-[*:2]>>[*:1]-[CH1](-[*:2])-[CH1]1-[CH2]-[CH2]-1,13,2.478200000000001,246.102095718,0.5903871458061858,3.914747135729402,0.0445873816177976,0.3047471357294018,7,73,-7.7,-5.3
CC1=CCCC[C@@H]1COP(=O)(O)O,CC1=CCCCCN[C@@H]1COP(=O)(O)O,[*]C[*],[*]CCN[*],[*:1]-[CH2]-[*:2]>>[*:1]-[CH2]-[CH2]-[NH1]-[*:2],22,1.1840999999999997,235.097344686,0.5054598900798054,3.622874463644476,-0.0403398741085827,0.0128744636444757,7,74,-7.7,-6.1
CC1=CCCC[C@@H]1COP(=O)(O)O,CC1=CCCCCN[C@@H]1COP(=O)(O)O,[*]C[*],[*]CCN[*],[*:1]-[CH2]-[*:2]>>[*:1]-[CH2]-[CH2]-[NH1]-[*:2],22,1.1840999999999997,235.097344686,0.5054598900798054,3.622874463644476,-0.0403398741085827,0.0128744636444757,7,75,-7.7,-6.1
CC1=CCCC[C@@H]1COP(=O)(O)O,CCC1CC=C(C)[C@@H](COP(=O)(O)O)C1,[*]C[*],[*]C([*])CC,[*:1]-[CH2]-[*:2]>>[*:1]-[CH1](-[*:2])-[CH2]-[CH3],50,2.478200000000001,234.102095718,0.5789158103732359,3.920487548415757,0.0331160461848477,0.3104875484157565,7,76,-7.7,-7.1
CC1=CCCC[C@@H]1COP(=O)(O)O,CCC1CC=C(C)[C@@H](COP(=O)(O)O)C1,[*]C[*],[*]C([*])CC,[*:1]-[CH2]-[*:2]>>[*:1]-[CH1](-[*:2])-[CH2]-[CH3],50,2.478200000000001,234.102095718,0.5789158103732358,3.920487548415757,0.0331160461848476,0.3104875484157565,7,77,-7.7,-7.0
CC1=CCCC[C@@H]1COP(=O)(O)O,CC1=CCCC[C@@H]1COCCOP(=O)(O)O,[*]C[*],[*]CCOC[*],[*:1]-[CH2]-[*:2]>>[*:1]-[CH2]-[CH2]-[OH0]-[CH2]-[*:2],44,1.8587,250.097010338,0.4272343689478826,3.5288795182956623,-0.1185653952405055,-0.081120481704338,7,78,-7.7,-5.8
CC1=CCCC[C@@H]1COP(=O)(O)O,CC1=CCOCCCC[C@@H]1COP(=O)(O)O,[*]C[*],[*]CCOC[*],[*:1]-[CH2]-[*:2]>>[*:1]-[CH2]-[CH2]-[OH0]-[CH2]-[*:2],44,1.858700000000001,250.097010338,0.5902642946384286,3.9974623094947415,0.0444645304500403,0.3874623094947411,7,79,-7.7,-6.0
CC1=CCCC[C@@H]1COP(=O)(O)O,COC[C@@H](OP(=O)(O)O)[C@H]1CCCC=C1C,[*]C[*],[*][C@@H]([*])COC,[*:1]-[CH2]-[*:2]>>[*:1]-[C@@H1](-[*:2])-[CH2]-[OH0]-[CH3],23,1.8571,250.097010338,0.5749818541293468,4.038306348609545,0.0291820899409586,0.4283063486095448,7,80,-7.7,-5.8
CC1=CCCC[C@@H]1COP(=O)(O)O,COC[C@@H]1CC=C(C)[C@@H](COP(=O)(O)O)C1,[*]C[*],[*][C@@H]([*])COC,[*:1]-[CH2]-[*:2]>>[*:1]-[C@@H1](-[*:2])-[CH2]-[OH0]-[CH3],23,1.7146,250.097010338,0.5735503859550162,3.9314076008456817,0.027750621766628,0.3214076008456814,7,81,-7.7,-7.6
CC1=CCCC[C@@H]1COP(=O)(O)O,CC1=CCCCCCO[C@@H]1COP(=O)(O)O,[*]C[*],[*]OCCC[*],[*:1]-[CH2]-[*:2]>>[*:1]-[OH0]-[CH2]-[CH2]-[CH2]-[*:2],39,2.0012000000000008,250.097010338,0.5914920657451014,3.8638028689353,0.0456923015567132,0.2538028689353,7,82,-7.7,-6.0
CC1=CCCC[C@@H]1COP(=O)(O)O,CC1=CCCCCCO[C@@H]1COP(=O)(O)O,[*]C[*],[*]OCCC[*],[*:1]-[CH2]-[*:2]>>[*:1]-[OH0]-[CH2]-[CH2]-[CH2]-[*:2],39,2.0012000000000008,250.097010338,0.5914920657451014,3.8638028689353,0.0456923015567132,0.2538028689353,7,83,-7.7,-6.0
CC1=CCCC[C@@H]1COP(=O)(O)O,CC1=CC[C@@H](CO)C[C@@H]1COP(=O)(O)O,[*]C[*],[*][C@@H]([*])CO,[*:1]-[CH2]-[*:2]>>[*:1]-[C@@H1](-[*:2])-[CH2]-[OH1],47,1.0604999999999998,236.081360274,0.5015449097724407,3.960655240723449,-0.0442548544159474,0.3506552407234489,7,84,-7.7,-6.2
CC1=CCCC[C@@H]1COP(=O)(O)O,CC1=CCC[C@H](CO)[C@@H]1COP(=O)(O)O,[*]C[*],[*][C@@H]([*])CO,[*:1]-[CH2]-[*:2]>>[*:1]-[C@@H1](-[*:2])-[CH2]-[OH1],47,1.0604999999999998,236.081360274,0.5015449097724407,4.057972933031142,-0.0442548544159474,0.4479729330311413,7,85,-7.7,-6.0
CC1=CCCC[C@@H]1COP(=O)(O)O,CC1=CCNCCCC[C@@H]1COP(=O)(O)O,[*]C[*],[*]CCNC[*],[*:1]-[CH2]-[*:2]>>[*:1]-[CH2]-[CH2]-[NH1]-[CH2]-[*:2],26,1.4316999999999998,249.11299475,0.520653177832167,4.065550771033204,-0.0251465863562211,0.4555507710332032,7,86,-7.7,-5.7
CC1=CCCC[C@@H]1COP(=O)(O)O,CC1=CCCCCNC[C@@H]1COP(=O)(O)O,[*]C[*],[*]CCNC[*],[*:1]-[CH2]-[*:2]>>[*:1]-[CH2]-[CH2]-[NH1]-[CH2]-[*:2],26,1.4316999999999998,249.11299475,0.5206531778321669,3.9840063654387983,-0.0251465863562212,0.3740063654387979,7,87,-7.7,-7.0
CC1=CCCC[C@@H]1COP(=O)(O)O,CC1=CCc2ccc(cc2)CC[C@@H]1COP(=O)(O)O,[*]C[*],[*]Cc1ccc([*])cc1,[*:1]-[CH2]-[*:2]>>[*:1]-[CH2]-[cH0]1:[cH1]:[cH1]:[cH0](-[*:2]):[cH1]:[cH1]:1,74,2.847100000000002,282.102095718,0.6605482356100556,4.862003237761721,0.1147484714216674,1.2520032377617207,7,88,-7.7,-4.3
CC1=CCCC[C@@H]1COP(=O)(O)O,CC1=CCc2ccc(cc2)CC[C@@H]1COP(=O)(O)O,[*]C[*],[*]Cc1ccc([*])cc1,[*:1]-[CH2]-[*:2]>>[*:1]-[CH2]-[cH0]1:[cH1]:[cH1]:[cH0](-[*:2]):[cH1]:[cH1]:1,74,2.847100000000002,282.102095718,0.6605482356100556,4.862003237761721,0.1147484714216674,1.2520032377617207,7,89,-7.7,-4.4
CC1=CCCC[C@@H]1COP(=O)(O)O,CC1=CCc2ccc(cc2)C[C@@H]1COP(=O)(O)O,[*]C[*],[*]c1ccc([*])cc1,[*:1]-[CH2]-[*:2]>>[*:1]-[cH0]1:[cH1]:[cH1]:[cH0](-[*:2]):[cH1]:[cH1]:1,44,2.4570000000000016,268.086445654,0.6524493062887807,4.884050689750164,0.1066495421003925,1.2740506897501636,7,90,-7.7,-4.4
CC1=CCCC[C@@H]1COP(=O)(O)O,CC1=Cc2ccc(cc2)CC[C@@H]1COP(=O)(O)O,[*]C[*],[*]c1ccc([*])cc1,[*:1]-[CH2]-[*:2]>>[*:1]-[cH0]1:[cH1]:[cH1]:[cH0](-[*:2]):[cH1]:[cH1]:1,44,2.7616000000000023,268.086445654,0.8270979984609541,4.948119612827087,0.2812982342725659,1.3381196128270867,7,91,-7.7,-6.1
CC1=CCCC[C@@H]1COP(=O)(O)O,CC1=CC(C(C)C)CC[C@@H]1COP(=O)(O)O,[*]C[*],[*]C([*])C(C)C,[*:1]-[CH2]-[*:2]>>[*:1]-[CH1](-[*:2])-[CH1](-[CH3])-[CH3],11,2.724200000000001,248.117745782,0.5926526363623452,3.992641641223909,0.046852872173957,0.3826416412239082,7,92,-7.7,-5.7
CC1=CCCC[C@@H]1COP(=O)(O)O,CC1=CCCC(C(C)C)[C@@H]1COP(=O)(O)O,[*]C[*],[*]C([*])C(C)C,[*:1]-[CH2]-[*:2]>>[*:1]-[CH1](-[*:2])-[CH1](-[CH3])-[CH3],11,2.724200000000001,248.117745782,0.5926526363623452,4.00365922364149,0.046852872173957,0.3936592236414897,7,93,-7.7,-6.3
CC1=CCCC[C@@H]1COP(=O)(O)O,CC1=CCC[C@@H](CO)[C@@H]1COP(=O)(O)O,[*]C[*],[*][C@H]([*])CO,[*:1]-[CH2]-[*:2]>>[*:1]-[C@H1](-[*:2])-[CH2]-[OH1],10,1.0604999999999998,236.081360274,0.5015449097724407,4.057972933031142,-0.0442548544159474,0.4479729330311413,7,94,-7.7,-6.5
CC1=CCCC[C@@H]1COP(=O)(O)O,CC1=CC[C@H](CO)C[C@@H]1COP(=O)(O)O,[*]C[*],[*][C@H]([*])CO,[*:1]-[CH2]-[*:2]>>[*:1]-[C@H1](-[*:2])-[CH2]-[OH1],10,1.0604999999999998,236.081360274,0.5015449097724407,3.960655240723449,-0.0442548544159474,0.3506552407234489,7,95,-7.7,-7.4
CC1=CCCC[C@@H]1COP(=O)(O)O,CC1=CCCC[C@@H]1c1ccccc1OP(=O)(O)O,[*]C[*],[*]c1ccccc1[*],[*:1]-[CH2]-[*:2]>>[*:1]-[cH0]1:[cH1]:[cH1]:[cH1]:[cH1]:[cH0]:1-[*:2],15,3.371900000000003,268.086445654,0.6511582705673116,3.19264434306512,0.1053585063789234,-0.4173556569348804,7,96,-7.7,-4.8
CC1=CCCC[C@@H]1COP(=O)(O)O,CC1=CCCC[C@@H]1c1ccccc1OP(=O)(O)O,[*]C[*],[*]c1ccccc1[*],[*:1]-[CH2]-[*:2]>>[*:1]-[cH0]1:[cH1]:[cH1]:[cH1]:[cH1]:[cH0]:1-[*:2],15,3.371900000000003,268.086445654,0.6511582705673116,3.19264434306512,0.1053585063789234,-0.4173556569348804,7,97,-7.7,-4.8
CC1=CCCC[C@@H]1COP(=O)(O)O,CC1=CCCCCCC[C@@H]1COP(=O)(O)O,[*]C[*],[*]CCCC[*],[*:1]-[CH2]-[*:2]>>[*:1]-[CH2]-[CH2]-[CH2]-[CH2]-[*:2],100,3.012400000000002,248.117745782,0.5947943006835201,3.685325945858377,0.0489945364951319,0.0753259458583768,7,98,-7.7,-5.6
CC1=CCCC[C@@H]1COP(=O)(O)O,CC1=CCCCCCC[C@@H]1COP(=O)(O)O,[*]C[*],[*]CCCC[*],[*:1]-[CH2]-[*:2]>>[*:1]-[CH2]-[CH2]-[CH2]-[CH2]-[*:2],100,3.012400000000003,248.117745782,0.5947943006835201,3.685325945858377,0.0489945364951319,0.0753259458583768,7,99,-7.7,-5.6
O=P(O)(O)OCc1ccccc1O,O=C(OP(=O)(O)O)c1ccccc1O,[*]C[*],[*]C([*])=O,[*:1]-[CH2]-[*:2]>>[*:1]-[CH0](-[*:2])=[OH0],901,0.6416999999999995,217.998024574,0.6289857757786971,2.315211562823116,-0.0101016188931994,0.055211562823116,8,0,-6.9,-7.0
O=P(O)(O)OCc1ccccc1O,O=C(OP(=O)(O)O)c1ccccc1O,[*]C[*],[*]C([*])=O,[*:1]-[CH2]-[*:2]>>[*:1]-[CH0](-[*:2])=[OH0],901,0.6416999999999995,217.998024574,0.6289857757786971,2.315211562823116,-0.0101016188931994,0.055211562823116,8,1,-6.9,-7.0
O=P(O)(O)OCc1ccccc1O,O=C(OOP(=O)(O)O)c1ccccc1O,[*]C[*],[*]C(=O)O[*],[*:1]-[CH2]-[*:2]>>[*:1]-[CH0](=[OH0])-[OH0]-[*:2],13,0.5732999999999995,233.99293919400003,0.3976768949272003,2.6901996572654543,-0.2414104997446962,0.4301996572654545,8,2,-6.9,-7.4
O=P(O)(O)OCc1ccccc1O,O=C(Oc1ccccc1O)OP(=O)(O)O,[*]C[*],[*]C(=O)O[*],[*:1]-[CH2]-[*:2]>>[*:1]-[CH0](=[OH0])-[OH0]-[*:2],13,1.0002999999999995,233.992939194,0.3969692210004881,2.5664877341885344,-0.2421181736714084,0.3064877341885346,8,3,-6.9,-7.1
O=P(O)(O)OCc1ccccc1O,O=C(COP(=O)(O)O)c1ccccc1O,[*]C[*],[*]C(=O)C[*],[*:1]-[CH2]-[*:2]>>[*:1]-[CH0](=[OH0])-[CH2]-[*:2],123,0.6841999999999995,232.013674638,0.520595637471554,2.2494800418808403,-0.1184917572003425,-0.0105199581191595,8,4,-6.9,-7.2
O=P(O)(O)OCc1ccccc1O,O=C(COP(=O)(O)O)c1ccccc1O,[*]C[*],[*]C(=O)C[*],[*:1]-[CH2]-[*:2]>>[*:1]-[CH0](=[OH0])-[CH2]-[*:2],123,0.6841999999999995,232.013674638,0.520595637471554,2.2494800418808403,-0.1184917572003425,-0.0105199581191595,8,5,-6.9,-7.2
O=P(O)(O)OCc1ccccc1O,O=C(Nc1ccccc1O)OP(=O)(O)O,[*]C[*],[*]C(=O)N[*],[*:1]-[CH2]-[*:2]>>[*:1]-[CH0](=[OH0])-[NH1]-[*:2],115,1.0333999999999994,233.008923606,0.4474915690640069,2.443031964957763,-0.1915958256078896,0.1830319649577632,8,6,-6.9,-6.5
O=P(O)(O)OCc1ccccc1O,O=C(NOP(=O)(O)O)c1ccccc1O,[*]C[*],[*]C(=O)N[*],[*:1]-[CH2]-[*:2]>>[*:1]-[CH0](=[OH0])-[NH1]-[*:2],115,0.1462999999999997,233.008923606,0.4357426499944403,2.543028888034687,-0.2033447446774562,0.2830288880346874,8,7,-6.9,-6.9
O=P(O)(O)OCc1ccccc1O,O=P(O)(O)OCCc1ccccc1O,[*]C[*],[*]CC[*],[*:1]-[CH2]-[*:2]>>[*:1]-[CH2]-[CH2]-[*:2],1929,1.0439999999999998,218.034410082,0.6571101648789314,2.2757028528986165,0.0180227702070348,0.0157028528986167,8,8,-6.9,-6.8
O=P(O)(O)OCc1ccccc1O,O=P(O)(O)OCCc1ccccc1O,[*]C[*],[*]CC[*],[*:1]-[CH2]-[*:2]>>[*:1]-[CH2]-[CH2]-[*:2],1929,1.0439999999999998,218.034410082,0.6571101648789314,2.2757028528986165,0.0180227702070348,0.0157028528986167,8,9,-6.9,-6.8
O=P(O)(O)OCc1ccccc1O,CC(C)(Cc1ccccc1O)OP(=O)(O)O,[*]C[*],[*]CC([*])(C)C,[*:1]-[CH2]-[*:2]>>[*:1]-[CH2]-[CH0](-[*:2])(-[CH3])-[CH3],12,1.8226000000000004,246.06571021,0.7052205116766573,2.6775275962274527,0.0661331170047607,0.4175275962274529,8,10,-6.9,-6.3
O=P(O)(O)OCc1ccccc1O,CC(C)(Cc1ccccc1O)OP(=O)(O)O,[*]C[*],[*]CC([*])(C)C,[*:1]-[CH2]-[*:2]>>[*:1]-[CH2]-[CH0](-[*:2])(-[CH3])-[CH3],12,1.8226000000000004,246.06571021,0.7052205116766573,2.6775275962274527,0.0661331170047607,0.4175275962274529,8,11,-6.9,-6.3
O=P(O)(O)OCc1ccccc1O,O=C(COP(=O)(O)O)Nc1ccccc1O,[*]C[*],[*]CC(=O)N[*],[*:1]-[CH2]-[*:2]>>[*:1]-[CH2]-[CH0](=[OH0])-[NH1]-[*:2],29,0.4399999999999999,247.02457367,0.4528373175754728,2.15448192794225,-0.1862500770964237,-0.1055180720577499,8,12,-6.9,-6.8
O=P(O)(O)OCc1ccccc1O,O=C(Cc1ccccc1O)NOP(=O)(O)O,[*]C[*],[*]CC(=O)N[*],[*:1]-[CH2]-[*:2]>>[*:1]-[CH2]-[CH0](=[OH0])-[NH1]-[*:2],29,0.0751999999999998,247.02457367,0.4418145459900532,2.6761148438635374,-0.1972728486818433,0.4161148438635376,8,13,-6.9,-6.9
O=P(O)(O)OCc1ccccc1O,O=C(OCc1ccccc1O)OP(=O)(O)O,[*]C[*],[*]C(=O)OC[*],[*:1]-[CH2]-[*:2]>>[*:1]-[CH0](=[OH0])-[OH0]-[CH2]-[*:2],52,1.1380999999999994,248.008589258,0.5423741402572563,2.590651874274986,-0.0967132544146402,0.3306518742749862,8,14,-6.9,-7.1
O=P(O)(O)OCc1ccccc1O,O=C(OCOP(=O)(O)O)c1ccccc1O,[*]C[*],[*]C(=O)OC[*],[*:1]-[CH2]-[*:2]>>[*:1]-[CH0](=[OH0])-[OH0]-[CH2]-[*:2],52,0.6157999999999997,248.00858925800003,0.406144661725333,2.2746311229333056,-0.2329427329465635,0.0146311229333058,8,15,-6.9,-7.1
O=P(O)(O)OCc1ccccc1O,O=C(COc1ccccc1O)OP(=O)(O)O,[*]C[*],[*]C(=O)CO[*],[*:1]-[CH2]-[*:2]>>[*:1]-[CH0](=[OH0])-[CH2]-[OH0]-[*:2],14,0.4068999999999999,248.008589258,0.6608106150728377,2.3578465075486914,0.0217232204009411,0.0978465075486916,8,16,-6.9,-6.6
O=P(O)(O)OCc1ccccc1O,O=C(COc1ccccc1O)OP(=O)(O)O,[*]C[*],[*]C(=O)CO[*],[*:1]-[CH2]-[*:2]>>[*:1]-[CH0](=[OH0])-[CH2]-[OH0]-[*:2],14,0.4068999999999999,248.008589258,0.6608106150728377,2.3578465075486914,0.0217232204009411,0.0978465075486916,8,17,-6.9,-6.6
O=P(O)(O)OCc1ccccc1O,O=C(NCc1ccccc1O)OP(=O)(O)O,[*]C[*],[*]C(=O)NC[*],[*:1]-[CH2]-[*:2]>>[*:1]-[CH0](=[OH0])-[NH1]-[CH2]-[*:2],28,0.7110999999999998,247.02457367,0.5843524625672116,2.471890514704325,-0.0547349321046849,0.2118905147043257,8,18,-6.9,-6.6
O=P(O)(O)OCc1ccccc1O,O=C(NCc1ccccc1O)OP(=O)(O)O,[*]C[*],[*]C(=O)NC[*],[*:1]-[CH2]-[*:2]>>[*:1]-[CH0](=[OH0])-[NH1]-[CH2]-[*:2],28,0.7110999999999998,247.02457367,0.5843524625672116,2.471890514704325,-0.0547349321046849,0.2118905147043257,8,19,-6.9,-6.6
O=P(O)(O)OCc1ccccc1O,O=P(O)(O)OC1(c2ccccc2O)CC1,[*]C[*],[*]C1([*])CC1,[*:1]-[CH2]-[*:2]>>[*:1]-[CH0]1(-[*:2])-[CH2]-[CH2]-1,43,1.4905999999999997,230.034410082,0.6845435681207304,2.928325811111609,0.0454561734488337,0.6683258111116093,8,20,-6.9,-5.6
O=P(O)(O)OCc1ccccc1O,O=P(O)(O)OC1(c2ccccc2O)CC1,[*]C[*],[*]C1([*])CC1,[*:1]-[CH2]-[*:2]>>[*:1]-[CH0]1(-[*:2])-[CH2]-[CH2]-1,43,1.4905999999999997,230.034410082,0.6845435681207304,2.928325811111609,0.0454561734488337,0.6683258111116093,8,21,-6.9,-5.6
O=P(O)(O)OCc1ccccc1O,O=C(CCOP(=O)(O)O)c1ccccc1O,[*]C[*],[*]C(=O)CC[*],[*:1]-[CH2]-[*:2]>>[*:1]-[CH0](=[OH0])-[CH2]-[CH2]-[*:2],33,1.0742999999999998,246.029324702,0.5299825129067133,2.31861681166318,-0.1091048817651832,0.05861681166318,8,22,-6.9,-6.5
O=P(O)(O)OCc1ccccc1O,O=C(CCOP(=O)(O)O)c1ccccc1O,[*]C[*],[*]C(=O)CC[*],[*:1]-[CH2]-[*:2]>>[*:1]-[CH0](=[OH0])-[CH2]-[CH2]-[*:2],33,1.0742999999999998,246.029324702,0.5299825129067133,2.31861681166318,-0.1091048817651832,0.05861681166318,8,23,-6.9,-6.4
O=P(O)(O)OCc1ccccc1O,C[C@H](OP(=O)(O)O)c1ccccc1O,[*]C[*],[*][C@H]([*])C,[*:1]-[CH2]-[*:2]>>[*:1]-[C@H1](-[*:2])-[CH3],224,1.5624999999999991,218.034410082,0.6699167254347266,2.9868888541166942,0.03082933076283,0.7268888541166945,8,24,-6.9,-6.9
O=P(O)(O)OCc1ccccc1O,C[C@H](OP(=O)(O)O)c1ccccc1O,[*]C[*],[*][C@H]([*])C,[*:1]-[CH2]-[*:2]>>[*:1]-[C@H1](-[*:2])-[CH3],224,1.5624999999999991,218.034410082,0.6699167254347266,2.9868888541166942,0.03082933076283,0.7268888541166945,8,25,-6.9,-6.9
O=P(O)(O)OCc1ccccc1O,C[C@H](OP(=O)(O)O)c1ccccc1O,[*]C[*],[*][C@@H]([*])C,[*:1]-[CH2]-[*:2]>>[*:1]-[C@@H1](-[*:2])-[CH3],308,1.5624999999999991,218.034410082,0.6699167254347265,2.9868888541166942,0.0308293307628299,0.7268888541166945,8,26,-6.9,-6.9
O=P(O)(O)OCc1ccccc1O,C[C@@H](OP(=O)(O)O)c1ccccc1O,[*]C[*],[*][C@@H]([*])C,[*:1]-[CH2]-[*:2]>>[*:1]-[C@@H1](-[*:2])-[CH3],308,1.5624999999999991,218.034410082,0.6699167254347266,2.9868888541166942,0.03082933076283,0.7268888541166945,8,27,-6.9,-6.8
O=P(O)(O)OCc1ccccc1O,CC(C)(OP(=O)(O)O)c1ccccc1O,[*]C[*],[*]C([*])(C)C,[*:1]-[CH2]-[*:2]>>[*:1]-[CH0](-[*:2])(-[CH3])-[CH3],77,1.7366,232.050060146,0.6906753089379094,2.7203875566737388,0.0515879142660128,0.460387556673739,8,28,-6.9,-6.6
O=P(O)(O)OCc1ccccc1O,CC(C)(OP(=O)(O)O)c1ccccc1O,[*]C[*],[*]C([*])(C)C,[*:1]-[CH2]-[*:2]>>[*:1]-[CH0](-[*:2])(-[CH3])-[CH3],77,1.7365999999999997,232.050060146,0.6906753089379095,2.7203875566737388,0.0515879142660129,0.460387556673739,8,29,-6.9,-6.6
O=P(O)(O)OCc1ccccc1O,CC(OP(=O)(O)O)c1ccccc1O,[*]C[*],[*]C([*])C,[*:1]-[CH2]-[*:2]>>[*:1]-[CH1](-[*:2])-[CH3],435,1.5624999999999991,218.034410082,0.6699167254347265,2.9868888541166942,0.0308293307628299,0.7268888541166945,8,30,-6.9,-6.9
O=P(O)(O)OCc1ccccc1O,CC(OP(=O)(O)O)c1ccccc1O,[*]C[*],[*]C([*])C,[*:1]-[CH2]-[*:2]>>[*:1]-[CH1](-[*:2])-[CH3],435,1.5624999999999991,218.034410082,0.6699167254347265,2.9868888541166942,0.0308293307628299,0.7268888541166945,8,31,-6.9,-6.9
O=P(O)(O)OCc1ccccc1O,O=P(O)(O)OC1CCN(c2ccccc2O)CC1,[*]C[*],[*]N1CCC([*])CC1,[*:1]-[CH2]-[*:2]>>[*:1]-[NH0]1-[CH2]-[CH2]-[CH1](-[*:2])-[CH2]-[CH2]-1,10,1.4703,273.076609242,0.7224455614531553,2.343600964453453,0.0833581667812587,0.0836009644534527,8,32,-6.9,-4.2
O=P(O)(O)OCc1ccccc1O,O=P(O)(O)ON1CCC(c2ccccc2O)CC1,[*]C[*],[*]N1CCC([*])CC1,[*:1]-[CH2]-[*:2]>>[*:1]-[NH0]1-[CH2]-[CH2]-[CH1](-[*:2])-[CH2]-[CH2]-1,10,1.5959,273.076609242,0.7245649295179912,2.76567604137653,0.0854775348460946,0.50567604137653,8,33,-6.9,-3.8
O=P(O)(O)OCc1ccccc1O,O=P(O)(O)OS(=O)(=O)Cc1ccccc1O,[*]C[*],[*]CS([*])(=O)=O,[*:1]-[CH2]-[*:2]>>[*:1]-[CH2]-[SH0](-[*:2])(=[OH0])=[OH0],19,0.3313,267.980660258,0.672510228238728,2.846331991831848,0.0334228335668314,0.5863319918318481,8,34,-6.9,-6.6
O=P(O)(O)OCc1ccccc1O,O=P(O)(O)OS(=O)(=O)Cc1ccccc1O,[*]C[*],[*]CS([*])(=O)=O,[*:1]-[CH2]-[*:2]>>[*:1]-[CH2]-[SH0](-[*:2])(=[OH0])=[OH0],19,0.3313,267.980660258,0.672510228238728,2.846331991831848,0.0334228335668314,0.5863319918318481,8,35,-6.9,-6.0
O=P(O)(O)OCc1ccccc1O,O=P(O)(O)OC1(c2ccccc2O)CCC1,[*]C[*],[*]C1([*])CCC1,[*:1]-[CH2]-[*:2]>>[*:1]-[CH0]1(-[*:2])-[CH2]-[CH2]-[CH2]-1,15,1.8806999999999996,244.050060146,0.7064474772123406,2.8907334485147,0.067360082540444,0.6307334485147003,8,36,-6.9,-6.1
O=P(O)(O)OCc1ccccc1O,O=P(O)(O)OC1(c2ccccc2O)CCC1,[*]C[*],[*]C1([*])CCC1,[*:1]-[CH2]-[*:2]>>[*:1]-[CH0]1(-[*:2])-[CH2]-[CH2]-[CH2]-1,15,1.880700000000001,244.050060146,0.7064474772123406,2.8907334485147,0.067360082540444,0.6307334485147003,8,37,-6.9,-6.1
O=P(O)(O)OCc1ccccc1O,O=P(O)(O)OOCCc1ccccc1O,[*]C[*],[*]OCC[*],[*:1]-[CH2]-[*:2]>>[*:1]-[OH0]-[CH2]-[CH2]-[*:2],220,0.9755999999999998,234.029324702,0.3038807137723605,2.813923737940877,-0.3352066808995361,0.5539237379408775,8,38,-6.9,-6.6
O=P(O)(O)OCc1ccccc1O,O=P(O)(O)OOCCc1ccccc1O,[*]C[*],[*]OCC[*],[*:1]-[CH2]-[*:2]>>[*:1]-[OH0]-[CH2]-[CH2]-[*:2],220,0.9755999999999998,234.029324702,0.3038807137723605,2.813923737940877,-0.3352066808995361,0.5539237379408775,8,39,-6.9,-6.5
O=P(O)(O)OCc1ccccc1O,O=C(COP(=O)(O)O)NCc1ccccc1O,[*]C[*],[*]CC(=O)NC[*],[*:1]-[CH2]-[*:2]>>[*:1]-[CH2]-[CH0](=[OH0])-[NH1]-[CH2]-[*:2],20,0.1176999999999995,261.040223734,0.5592107002801701,2.224367919633199,-0.0798766943917265,-0.0356320803668008,8,40,-6.9,-6.2
O=P(O)(O)OCc1ccccc1O,O=C(COP(=O)(O)O)NCc1ccccc1O,[*]C[*],[*]CC(=O)NC[*],[*:1]-[CH2]-[*:2]>>[*:1]-[CH2]-[CH0](=[OH0])-[NH1]-[CH2]-[*:2],20,0.1176999999999995,261.040223734,0.5592107002801701,2.224367919633199,-0.0798766943917265,-0.0356320803668008,8,41,-6.9,-6.3
O=P(O)(O)OCc1ccccc1O,CC(COP(=O)(O)O)c1ccccc1O,[*]C[*],[*]C(C)C[*],[*:1]-[CH2]-[*:2]>>[*:1]-[CH1](-[CH3])-[CH2]-[*:2],10,1.6050000000000004,232.050060146,0.6861859146504451,2.875880035877122,0.0470985199785485,0.6158800358771224,8,42,-6.9,-6.9
O=P(O)(O)OCc1ccccc1O,CC(COP(=O)(O)O)c1ccccc1O,[*]C[*],[*]C(C)C[*],[*:1]-[CH2]-[*:2]>>[*:1]-[CH1](-[CH3])-[CH2]-[*:2],10,1.6050000000000004,232.050060146,0.6861859146504451,2.875880035877122,0.0470985199785485,0.6158800358771224,8,43,-6.9,-6.8
O=P(O)(O)OCc1ccccc1O,O=P(O)(O)OCOc1ccc(-c2ccccc2O)cc1,[*]C[*],[*]COc1ccc([*])cc1,[*:1]-[CH2]-[*:2]>>[*:1]-[CH2]-[OH0]-[cH0]1:[cH1]:[cH1]:[cH0](-[*:2]):[cH1]:[cH1]:1,14,2.504800000000002,296.04497476600005,0.5792445354978345,2.1429287074793493,-0.059842859174062,-0.1170712925206505,8,44,-6.9,-5.0
O=P(O)(O)OCc1ccccc1O,O=P(O)(O)OCOc1ccc(-c2ccccc2O)cc1,[*]C[*],[*]COc1ccc([*])cc1,[*:1]-[CH2]-[*:2]>>[*:1]-[CH2]-[OH0]-[cH0]1:[cH1]:[cH1]:[cH0](-[*:2]):[cH1]:[cH1]:1,14,2.504800000000002,296.04497476600005,0.5792445354978345,2.1429287074793493,-0.059842859174062,-0.1170712925206505,8,45,-6.9,-5.1
O=P(O)(O)OCc1ccccc1O,O=P(O)(O)OC1CCN(Cc2ccccc2O)CC1,[*]C[*],[*]CN1CCC([*])CC1,[*:1]-[CH2]-[*:2]>>[*:1]-[CH2]-[NH0]1-[CH2]-[CH2]-[CH1](-[*:2])-[CH2]-[CH2]-1,43,1.4658999999999995,287.092259306,0.7264451836722416,2.310611497951223,0.087357789000345,0.0506114979512233,8,46,-6.9,-5.4
O=P(O)(O)OCc1ccccc1O,O=P(O)(O)OC1CCN(Cc2ccccc2O)CC1,[*]C[*],[*]CN1CCC([*])CC1,[*:1]-[CH2]-[*:2]>>[*:1]-[CH2]-[NH0]1-[CH2]-[CH2]-[CH1](-[*:2])-[CH2]-[CH2]-1,43,1.4658999999999995,287.092259306,0.7264451836722416,2.310611497951223,0.087357789000345,0.0506114979512233,8,47,-6.9,-5.4
O=P(O)(O)OCc1ccccc1O,O=P(O)(O)OCCCc1ccccc1O,[*]C[*],[*]CCC[*],[*:1]-[CH2]-[*:2]>>[*:1]-[CH2]-[CH2]-[CH2]-[*:2],432,1.4341000000000002,232.050060146,0.527731958023387,2.219359760454948,-0.1113554366485095,-0.040640239545052,8,48,-6.9,-6.4
O=P(O)(O)OCc1ccccc1O,O=P(O)(O)OCCCc1ccccc1O,[*]C[*],[*]CCC[*],[*:1]-[CH2]-[*:2]>>[*:1]-[CH2]-[CH2]-[CH2]-[*:2],432,1.4340999999999997,232.050060146,0.5277319580233871,2.219359760454948,-0.1113554366485094,-0.040640239545052,8,49,-6.9,-6.4
O=P(O)(O)OCc1ccccc1O,O=P(O)(O)OCC(O)c1ccccc1O,[*]C[*],[*]CC([*])O,[*:1]-[CH2]-[*:2]>>[*:1]-[CH2]-[CH1](-[*:2])-[OH1],15,0.5348999999999999,234.029324702,0.566025733993761,2.9388281128001985,-0.0730616606781355,0.6788281128001987,8,50,-6.9,-6.9
O=P(O)(O)OCc1ccccc1O,O=P(O)(O)OC(O)Cc1ccccc1O,[*]C[*],[*]CC([*])O,[*:1]-[CH2]-[*:2]>>[*:1]-[CH2]-[CH1](-[*:2])-[OH1],15,0.3623999999999999,234.029324702,0.4423516456272686,3.1289254204925063,-0.1967357490446279,0.8689254204925065,8,51,-6.9,-6.8
O=P(O)(O)OCc1ccccc1O,O=C(COP(=O)(O)O)c1ccccc1O,[*]C[*],[*]CC([*])=O,[*:1]-[CH2]-[*:2]>>[*:1]-[CH2]-[CH0](-[*:2])=[OH0],35,0.6841999999999999,232.013674638,0.520595637471554,2.2494800418808403,-0.1184917572003425,-0.0105199581191595,8,52,-6.9,-7.2
O=P(O)(O)OCc1ccccc1O,O=C(Cc1ccccc1O)OP(=O)(O)O,[*]C[*],[*]CC([*])=O,[*:1]-[CH2]-[*:2]>>[*:1]-[CH2]-[CH0](-[*:2])=[OH0],35,0.5705999999999998,232.013674638,0.6578957804980972,2.4535515803423777,0.0188083858262005,0.1935515803423779,8,53,-6.9,-6.8
O=P(O)(O)OCc1ccccc1O,CN(CCc1ccccc1O)COP(=O)(O)O,[*]C[*],[*]CCN(C)C[*],[*:1]-[CH2]-[*:2]>>[*:1]-[CH2]-[CH2]-[NH0](-[CH3])-[CH2]-[*:2],14,0.9332999999999998,261.076609242,0.5211364627852354,2.6267190902017603,-0.1179509318866611,0.3667190902017605,8,54,-6.9,-6.7
O=P(O)(O)OCc1ccccc1O,CN(CCOP(=O)(O)O)Cc1ccccc1O,[*]C[*],[*]CCN(C)C[*],[*:1]-[CH2]-[*:2]>>[*:1]-[CH2]-[CH2]-[NH0](-[CH3])-[CH2]-[*:2],14,0.9332999999999998,261.076609242,0.6599777579300296,2.355421765787044,0.0208903632581329,0.0954217657870444,8,55,-6.9,-6.1
O=P(O)(O)OCc1ccccc1O,C[C@@H](Cc1ccccc1O)OP(=O)(O)O,[*]C[*],[*]C[C@@H]([*])C,[*:1]-[CH2]-[*:2]>>[*:1]-[CH2]-[C@@H1](-[*:2])-[CH3],12,1.4324999999999994,232.050060146,0.6833870199566464,2.9380250358771214,0.0442996252847498,0.6780250358771216,8,56,-6.9,-6.6
O=P(O)(O)OCc1ccccc1O,C[C@@H](Cc1ccccc1O)OP(=O)(O)O,[*]C[*],[*]C[C@@H]([*])C,[*:1]-[CH2]-[*:2]>>[*:1]-[CH2]-[C@@H1](-[*:2])-[CH3],12,1.4324999999999994,232.050060146,0.6833870199566464,2.9380250358771214,0.0442996252847498,0.6780250358771216,8,57,-6.9,-6.6
O=P(O)(O)OCc1ccccc1O,O=P(O)(O)OC(CO)c1ccccc1O,[*]C[*],[*]C([*])CO,[*:1]-[CH2]-[*:2]>>[*:1]-[CH1](-[*:2])-[CH2]-[OH1],13,0.5348999999999999,234.029324702,0.566025733993761,3.1324596512617378,-0.0730616606781355,0.872459651261738,8,58,-6.9,-7.2
O=P(O)(O)OCc1ccccc1O,O=P(O)(O)OC(CO)c1ccccc1O,[*]C[*],[*]C([*])CO,[*:1]-[CH2]-[*:2]>>[*:1]-[CH1](-[*:2])-[CH2]-[OH1],13,0.5348999999999999,234.029324702,0.566025733993761,3.1324596512617378,-0.0730616606781355,0.872459651261738,8,59,-6.9,-7.2
O=P(O)(O)OCc1ccccc1O,CC[C@H](OP(=O)(O)O)c1ccccc1O,[*]C[*],[*][C@@H]([*])CC,[*:1]-[CH2]-[*:2]>>[*:1]-[C@@H1](-[*:2])-[CH2]-[CH3],35,1.9526000000000003,232.050060146,0.6904210731000965,3.02208157433866,0.0513336784281999,0.7620815743386604,8,60,-6.9,-6.2
O=P(O)(O)OCc1ccccc1O,CC[C@H](OP(=O)(O)O)c1ccccc1O,[*]C[*],[*][C@@H]([*])CC,[*:1]-[CH2]-[*:2]>>[*:1]-[C@@H1](-[*:2])-[CH2]-[CH3],35,1.9526000000000003,232.050060146,0.6904210731000965,3.02208157433866,0.0513336784281999,0.7620815743386604,8,61,-6.9,-6.2
O=P(O)(O)OCc1ccccc1O,O=C(NCCc1ccccc1O)OP(=O)(O)O,[*]C[*],[*]CCNC([*])=O,[*:1]-[CH2]-[*:2]>>[*:1]-[CH2]-[CH2]-[NH1]-[CH0](-[*:2])=[OH0],31,0.7535999999999998,261.04022373400005,0.5942588093956547,2.4665010300010923,-0.0448285852762418,0.2065010300010925,8,62,-6.9,-6.7
O=P(O)(O)OCc1ccccc1O,O=C(NCCc1ccccc1O)OP(=O)(O)O,[*]C[*],[*]CCNC([*])=O,[*:1]-[CH2]-[*:2]>>[*:1]-[CH2]-[CH2]-[NH1]-[CH0](-[*:2])=[OH0],31,0.7535999999999998,261.04022373400005,0.5942588093956547,2.4665010300010923,-0.0448285852762418,0.2065010300010925,8,63,-6.9,-6.8
O=P(O)(O)OCc1ccccc1O,O=C(OP(=O)(O)O)N1CCC(Cc2ccccc2O)CC1,[*]C[*],[*]CC1CCN(C([*])=O)CC1,[*:1]-[CH2]-[*:2]>>[*:1]-[CH2]-[CH1]1-[CH2]-[CH2]-[NH0](-[CH0](-[*:2])=[OH0])-[CH2]-[CH2]-1,11,1.8760000000000003,315.08717392599993,0.7351193734718718,2.5497086071695705,0.0960319787999752,0.2897086071695707,8,64,-6.9,-4.6
O=P(O)(O)OCc1ccccc1O,O=C(OP(=O)(O)O)N1CCC(Cc2ccccc2O)CC1,[*]C[*],[*]CC1CCN(C([*])=O)CC1,[*:1]-[CH2]-[*:2]>>[*:1]-[CH2]-[CH1]1-[CH2]-[CH2]-[NH0](-[CH0](-[*:2])=[OH0])-[CH2]-[CH2]-1,11,1.8760000000000003,315.08717392599993,0.7351193734718718,2.5497086071695705,0.0960319787999752,0.2897086071695707,8,65,-6.9,-4.5
O=P(O)(O)OCc1ccccc1O,CC[C@H](OP(=O)(O)O)c1ccccc1O,[*]C[*],[*][C@H]([*])CC,[*:1]-[CH2]-[*:2]>>[*:1]-[C@H1](-[*:2])-[CH2]-[CH3],24,1.9526,232.050060146,0.6904210731000966,3.02208157433866,0.0513336784282,0.7620815743386604,8,66,-6.9,-6.2
O=P(O)(O)OCc1ccccc1O,CC[C@@H](OP(=O)(O)O)c1ccccc1O,[*]C[*],[*][C@H]([*])CC,[*:1]-[CH2]-[*:2]>>[*:1]-[C@H1](-[*:2])-[CH2]-[CH3],24,1.9526000000000003,232.050060146,0.6904210731000965,3.02208157433866,0.0513336784281999,0.7620815743386604,8,67,-6.9,-6.3
O=P(O)(O)OCc1ccccc1O,CC(COP(=O)(O)O)c1ccccc1O,[*]C[*],[*]CC([*])C,[*:1]-[CH2]-[*:2]>>[*:1]-[CH2]-[CH1](-[*:2])-[CH3],14,1.6049999999999998,232.050060146,0.6861859146504452,2.875880035877122,0.0470985199785486,0.6158800358771224,8,68,-6.9,-6.8
O=P(O)(O)OCc1ccccc1O,CC(COP(=O)(O)O)c1ccccc1O,[*]C[*],[*]CC([*])C,[*:1]-[CH2]-[*:2]>>[*:1]-[CH2]-[CH1](-[*:2])-[CH3],14,1.6049999999999998,232.050060146,0.6861859146504452,2.875880035877122,0.0470985199785486,0.6158800358771224,8,69,-6.9,-6.9
O=P(O)(O)OCc1ccccc1O,O=P(O)(O)O[C@@H](c1ccccc1O)C(F)(F)F,[*]C[*],[*][C@H]([*])C(F)(F)F,[*:1]-[CH2]-[*:2]>>[*:1]-[C@H1](-[*:2])-[CH0](-[FH0])(-[FH0])-[FH0],10,2.1049000000000007,272.006144646,0.7333422400812136,3.225310561850824,0.094254845409317,0.9653105618508242,8,70,-6.9,-7.4
O=P(O)(O)OCc1ccccc1O,O=P(O)(O)O[C@@H](c1ccccc1O)C(F)(F)F,[*]C[*],[*][C@H]([*])C(F)(F)F,[*:1]-[CH2]-[*:2]>>[*:1]-[C@H1](-[*:2])-[CH0](-[FH0])(-[FH0])-[FH0],10,2.1049000000000007,272.006144646,0.7333422400812136,3.225310561850824,0.094254845409317,0.9653105618508242,8,71,-6.9,-7.4
O=P(O)(O)OCc1ccccc1O,O=P(O)(O)OC(c1ccccc1O)C1CC1,[*]C[*],[*]C([*])C1CC1,[*:1]-[CH2]-[*:2]>>[*:1]-[CH1](-[*:2])-[CH1]1-[CH2]-[CH2]-1,13,1.9526000000000003,244.050060146,0.7044582012630943,3.1470866088794978,0.0653708065911977,0.887086608879498,8,72,-6.9,-6.6
O=P(O)(O)OCc1ccccc1O,O=P(O)(O)OC(c1ccccc1O)C1CC1,[*]C[*],[*]C([*])C1CC1,[*:1]-[CH2]-[*:2]>>[*:1]-[CH1](-[*:2])-[CH1]1-[CH2]-[CH2]-1,13,1.9526,244.050060146,0.7044582012630943,3.1470866088794978,0.0653708065911977,0.887086608879498,8,73,-6.9,-6.6
O=P(O)(O)OCc1ccccc1O,O=P(O)(O)OCCNc1ccccc1O,[*]C[*],[*]CCN[*],[*:1]-[CH2]-[*:2]>>[*:1]-[CH2]-[CH2]-[NH1]-[*:2],22,0.9133999999999998,233.045309114,0.3425587362473195,2.2935886535131083,-0.296528658424577,0.0335886535131084,8,74,-6.9,-6.8
O=P(O)(O)OCc1ccccc1O,O=P(O)(O)ONCCc1ccccc1O,[*]C[*],[*]CCN[*],[*:1]-[CH2]-[*:2]>>[*:1]-[CH2]-[CH2]-[NH1]-[*:2],22,0.5485999999999998,233.045309114,0.3364953666027496,2.710492968710108,-0.302592028069147,0.4504929687101082,8,75,-6.9,-6.9
O=P(O)(O)OCc1ccccc1O,CCC(OP(=O)(O)O)c1ccccc1O,[*]C[*],[*]C([*])CC,[*:1]-[CH2]-[*:2]>>[*:1]-[CH1](-[*:2])-[CH2]-[CH3],50,1.9526000000000003,232.050060146,0.6904210731000965,3.02208157433866,0.0513336784281999,0.7620815743386604,8,76,-6.9,-6.3
O=P(O)(O)OCc1ccccc1O,CCC(OP(=O)(O)O)c1ccccc1O,[*]C[*],[*]C([*])CC,[*:1]-[CH2]-[*:2]>>[*:1]-[CH1](-[*:2])-[CH2]-[CH3],50,1.9526,232.050060146,0.6904210731000966,3.02208157433866,0.0513336784282,0.7620815743386604,8,77,-6.9,-6.3
O=P(O)(O)OCc1ccccc1O,O=P(O)(O)OCOCCc1ccccc1O,[*]C[*],[*]CCOC[*],[*:1]-[CH2]-[*:2]>>[*:1]-[CH2]-[CH2]-[OH0]-[CH2]-[*:2],44,1.0180999999999998,248.044974766,0.3948463317533036,2.4812537201035774,-0.244241062918593,0.2212537201035775,8,78,-6.9,-6.7
O=P(O)(O)OCc1ccccc1O,O=P(O)(O)OCOCCc1ccccc1O,[*]C[*],[*]CCOC[*],[*:1]-[CH2]-[*:2]>>[*:1]-[CH2]-[CH2]-[OH0]-[CH2]-[*:2],44,1.0180999999999998,248.044974766,0.3948463317533036,2.4812537201035774,-0.244241062918593,0.2212537201035775,8,79,-6.9,-6.5
O=P(O)(O)OCc1ccccc1O,COC[C@@H](OP(=O)(O)O)c1ccccc1O,[*]C[*],[*][C@@H]([*])COC,[*:1]-[CH2]-[*:2]>>[*:1]-[C@@H1](-[*:2])-[CH2]-[OH0]-[CH3],23,1.1889999999999998,248.044974766,0.6771045051338136,3.1066204192551687,0.038017110461917,0.846620419255169,8,80,-6.9,-6.9
O=P(O)(O)OCc1ccccc1O,COC[C@@H](OP(=O)(O)O)c1ccccc1O,[*]C[*],[*][C@@H]([*])COC,[*:1]-[CH2]-[*:2]>>[*:1]-[C@@H1](-[*:2])-[CH2]-[OH0]-[CH3],23,1.1889999999999998,248.044974766,0.6771045051338136,3.1066204192551687,0.038017110461917,0.846620419255169,8,81,-6.9,-6.9
O=P(O)(O)OCc1ccccc1O,O=P(O)(O)OOCCCc1ccccc1O,[*]C[*],[*]OCCC[*],[*:1]-[CH2]-[*:2]>>[*:1]-[OH0]-[CH2]-[CH2]-[CH2]-[*:2],39,1.3656999999999997,248.044974766,0.3042773136840752,2.717462811012668,-0.3348100809878213,0.4574628110126681,8,82,-6.9,-6.2
O=P(O)(O)OCc1ccccc1O,O=P(O)(O)OCCCOc1ccccc1O,[*]C[*],[*]OCCC[*],[*:1]-[CH2]-[*:2]>>[*:1]-[OH0]-[CH2]-[CH2]-[CH2]-[*:2],39,1.2704,248.044974766,0.5178823587192807,2.175524349474207,-0.1212050359526158,-0.0844756505257926,8,83,-6.9,-6.9
O=P(O)(O)OCc1ccccc1O,O=P(O)(O)O[C@H](CO)c1ccccc1O,[*]C[*],[*][C@@H]([*])CO,[*:1]-[CH2]-[*:2]>>[*:1]-[C@@H1](-[*:2])-[CH2]-[OH1],47,0.5348999999999999,234.029324702,0.566025733993761,3.1324596512617378,-0.0730616606781355,0.872459651261738,8,84,-6.9,-7.0
O=P(O)(O)OCc1ccccc1O,O=P(O)(O)O[C@@H](CO)c1ccccc1O,[*]C[*],[*][C@@H]([*])CO,[*:1]-[CH2]-[*:2]>>[*:1]-[C@@H1](-[*:2])-[CH2]-[OH1],47,0.5348999999999995,234.029324702,0.566025733993761,3.1324596512617378,-0.0730616606781355,0.872459651261738,8,85,-6.9,-7.2
O=P(O)(O)OCc1ccccc1O,O=P(O)(O)OCNCCc1ccccc1O,[*]C[*],[*]CCNC[*],[*:1]-[CH2]-[*:2]>>[*:1]-[CH2]-[CH2]-[NH1]-[CH2]-[*:2],26,0.5910999999999997,247.060959178,0.3334153081823646,2.574183440383297,-0.3056720864895319,0.3141834403832977,8,86,-6.9,-6.8
O=P(O)(O)OCc1ccccc1O,O=P(O)(O)OCNCCc1ccccc1O,[*]C[*],[*]CCNC[*],[*:1]-[CH2]-[*:2]>>[*:1]-[CH2]-[CH2]-[NH1]-[CH2]-[*:2],26,0.5910999999999997,247.060959178,0.3334153081823646,2.574183440383297,-0.3056720864895319,0.3141834403832977,8,87,-6.9,-6.7
O=P(O)(O)OCc1ccccc1O,O=P(O)(O)OCc1ccc(-c2ccccc2O)cc1,[*]C[*],[*]Cc1ccc([*])cc1,[*:1]-[CH2]-[*:2]>>[*:1]-[CH2]-[cH0]1:[cH1]:[cH1]:[cH0](-[*:2]):[cH1]:[cH1]:1,74,2.6685000000000016,280.050060146,0.74937625489492,2.011511062537579,0.1102888602230234,-0.2484889374624206,8,88,-6.9,-5.3
O=P(O)(O)OCc1ccccc1O,O=P(O)(O)Oc1ccc(Cc2ccccc2O)cc1,[*]C[*],[*]Cc1ccc([*])cc1,[*:1]-[CH2]-[*:2]>>[*:1]-[CH2]-[cH0]1:[cH1]:[cH1]:[cH0](-[*:2]):[cH1]:[cH1]:1,74,2.454500000000001,280.050060146,0.7487319081015115,2.048386243959932,0.1096445134296149,-0.2116137560400677,8,89,-6.9,-4.2
O=P(O)(O)OCc1ccccc1O,O=P(O)(O)Oc1ccc(-c2ccccc2O)cc1,[*]C[*],[*]c1ccc([*])cc1,[*:1]-[CH2]-[*:2]>>[*:1]-[cH0]1:[cH1]:[cH1]:[cH0](-[*:2]):[cH1]:[cH1]:1,44,2.5307000000000013,266.034410082,0.7429168520851441,1.989504964453454,0.1038294574132475,-0.2704950355465456,8,90,-6.9,-4.6
O=P(O)(O)OCc1ccccc1O,O=P(O)(O)Oc1ccc(-c2ccccc2O)cc1,[*]C[*],[*]c1ccc([*])cc1,[*:1]-[CH2]-[*:2]>>[*:1]-[cH0]1:[cH1]:[cH1]:[cH0](-[*:2]):[cH1]:[cH1]:1,44,2.5307000000000013,266.034410082,0.7429168520851441,1.989504964453454,0.1038294574132475,-0.2704950355465456,8,91,-6.9,-4.7
O=P(O)(O)OCc1ccccc1O,CC(C)C(OP(=O)(O)O)c1ccccc1O,[*]C[*],[*]C([*])C(C)C,[*:1]-[CH2]-[*:2]>>[*:1]-[CH1](-[*:2])-[CH1](-[CH3])-[CH3],11,2.1986000000000008,246.06571021,0.7087073845876335,3.0832152825314285,0.0696199899157369,0.8232152825314287,8,92,-6.9,-6.0
O=P(O)(O)OCc1ccccc1O,CC(C)C(OP(=O)(O)O)c1ccccc1O,[*]C[*],[*]C([*])C(C)C,[*:1]-[CH2]-[*:2]>>[*:1]-[CH1](-[*:2])-[CH1](-[CH3])-[CH3],11,2.1986000000000008,246.06571021,0.7087073845876336,3.0832152825314285,0.069619989915737,0.8232152825314287,8,93,-6.9,-6.0
O=P(O)(O)OCc1ccccc1O,O=P(O)(O)O[C@H](CO)c1ccccc1O,[*]C[*],[*][C@H]([*])CO,[*:1]-[CH2]-[*:2]>>[*:1]-[C@H1](-[*:2])-[CH2]-[OH1],10,0.5348999999999995,234.029324702,0.566025733993761,3.1324596512617378,-0.0730616606781355,0.872459651261738,8,94,-6.9,-7.0
O=P(O)(O)OCc1ccccc1O,O=P(O)(O)O[C@H](CO)c1ccccc1O,[*]C[*],[*][C@H]([*])CO,[*:1]-[CH2]-[*:2]>>[*:1]-[C@H1](-[*:2])-[CH2]-[OH1],10,0.5348999999999995,234.029324702,0.566025733993761,3.1324596512617378,-0.0730616606781355,0.872459651261738,8,95,-6.9,-7.0
O=P(O)(O)OCc1ccccc1O,O=P(O)(O)Oc1ccccc1-c1ccccc1O,[*]C[*],[*]c1ccccc1[*],[*:1]-[CH2]-[*:2]>>[*:1]-[cH0]1:[cH1]:[cH1]:[cH1]:[cH1]:[cH0]:1-[*:2],15,2.5307000000000013,266.034410082,0.7429168520851442,2.0986486567611458,0.1038294574132476,-0.161351343238854,8,96,-6.9,-5.4
O=P(O)(O)OCc1ccccc1O,O=P(O)(O)Oc1ccccc1-c1ccccc1O,[*]C[*],[*]c1ccccc1[*],[*:1]-[CH2]-[*:2]>>[*:1]-[cH0]1:[cH1]:[cH1]:[cH1]:[cH1]:[cH0]:1-[*:2],15,2.5307000000000013,266.034410082,0.7429168520851442,2.0986486567611458,0.1038294574132476,-0.161351343238854,8,97,-6.9,-5.4
O=P(O)(O)OCc1ccccc1O,O=P(O)(O)OCCCCc1ccccc1O,[*]C[*],[*]CCCC[*],[*:1]-[CH2]-[*:2]>>[*:1]-[CH2]-[CH2]-[CH2]-[CH2]-[*:2],100,1.8242000000000005,246.06571021,0.5261346286361613,2.192382041781899,-0.1129527660357352,-0.0676179582181006,8,98,-6.9,-6.1
O=P(O)(O)OCc1ccccc1O,O=P(O)(O)OCCCCc1ccccc1O,[*]C[*],[*]CCCC[*],[*:1]-[CH2]-[*:2]>>[*:1]-[CH2]-[CH2]-[CH2]-[CH2]-[*:2],100,1.8242000000000005,246.06571021,0.5261346286361613,2.192382041781899,-0.1129527660357352,-0.0676179582181006,8,99,-6.9,-6.3
O=C(O)NC[C@H]1C(=O)N=CNC1=O,O=C(O)NC[C@@H]1C(=O)CC=NC1=O,[*]N[*],[*]C[*],[*:1]-[NH1]-[*:2]>>[*:1]-[CH2]-[*:2],77,-0.5596000000000001,184.048406736,0.5620240105835616,3.837000403345768,0.1046902491608842,-0.0429995966542318,9,0,-7.1,-6.7
O=C(O)NC[C@H]1C(=O)N=CNC1=O,O=C(O)CC[C@H]1C(=O)N=CNC1=O,[*]N[*],[*]C[*],[*:1]-[NH1]-[*:2]>>[*:1]-[CH2]-[*:2],77,-0.8479000000000001,184.048406736,0.5582838127233442,3.738577985763349,0.1009500513006668,-0.1414220142366504,9,1,-7.1,-7.4
O=C(O)NC[C@H]1C(=O)N=CNC1=O,O=C(O)NC[C@@H]1C(=O)CCC=NC1=O,[*]N[*],[*]CC[*],[*:1]-[NH1]-[*:2]>>[*:1]-[CH2]-[CH2]-[*:2],11,-0.1695000000000002,198.0640568,0.6018772433584301,3.772564628271416,0.1445434819357527,-0.1074353717285836,9,2,-7.1,-6.3
O=C(O)NC[C@H]1C(=O)N=CNC1=O,O=C(O)CCC[C@H]1C(=O)N=CNC1=O,[*]N[*],[*]CC[*],[*:1]-[NH1]-[*:2]>>[*:1]-[CH2]-[CH2]-[*:2],11,-0.4578000000000002,198.0640568,0.597330313897709,3.637422523008258,0.1399965524750316,-0.2425774769917419,9,3,-7.1,-7.3
O=C(O)NC[C@H]1C(=O)N=CNC1=O,O=C(O)NC(=O)[C@H]1C(=O)N=CNC1=O,[*]C[*],[*]C([*])=O,[*:1]-[CH2]-[*:2]>>[*:1]-[CH0](-[*:2])=[OH0],901,-1.9185,199.02292026,0.4243331484794018,3.960206109833949,-0.0330006129432754,0.0802061098339494,9,4,-7.1,-7.8
O=C(O)NC[C@H]1C(=O)N=CNC1=O,O=C(O)NC(=O)[C@H]1C(=O)N=CNC1=O,[*]C[*],[*]C([*])=O,[*:1]-[CH2]-[*:2]>>[*:1]-[CH0](-[*:2])=[OH0],901,-1.9185,199.02292026,0.4243331484794018,3.960206109833949,-0.0330006129432754,0.0802061098339494,9,5,-7.1,-7.9
O=C(O)NC[C@H]1C(=O)N=CNC1=O,O=C(O)OC[C@H]1C(=O)N=CNC1=O,[*]N[*],[*]O[*],[*:1]-[NH1]-[*:2]>>[*:1]-[OH0]-[*:2],1876,-1.0181000000000004,186.027671292,0.4239047978959059,3.9195867769721406,-0.0334289635267713,0.0395867769721407,9,6,-7.1,-7.2
O=C(O)NC[C@H]1C(=O)N=CNC1=O,O=C(O)NC[C@H]1C(=O)N=COC1=O,[*]N[*],[*]O[*],[*:1]-[NH1]-[*:2]>>[*:1]-[OH0]-[*:2],1876,-1.0181,186.027671292,0.4239047978959059,4.058645678071041,-0.0334289635267713,0.1786456780710414,9,7,-7.1,-6.7
O=C(O)NC[C@H]1C(=O)N=CNC1=O,O=C(O)NC(=O)C[C@H]1C(=O)N=CNC1=O,[*]N[*],[*]NC([*])=O,[*:1]-[NH1]-[*:2]>>[*:1]-[NH1]-[CH0](-[*:2])=[OH0],131,-1.5284,213.038570324,0.4797152764683587,3.870193112800198,0.0223815150456814,-0.0098068871998018,9,8,-7.1,-7.7
O=C(O)NC[C@H]1C(=O)N=CNC1=O,O=C(O)NC[C@H]1C(=O)N=CNC(=O)C1=O,[*]N[*],[*]NC([*])=O,[*:1]-[NH1]-[*:2]>>[*:1]-[NH1]-[CH0](-[*:2])=[OH0],131,-1.8759999999999997,213.038570324,0.3655192591939167,3.915785035877122,-0.0918145022287605,0.0357850358771223,9,9,-7.1,-7.5
O=C(O)NC[C@H]1C(=O)N=CNC1=O,CN1C=NC(=O)[C@H](CNC(=O)O)C1=O,[*]N[*],[*]N([*])C,[*:1]-[NH1]-[*:2]>>[*:1]-[NH0](-[*:2])-[CH3],2052,-1.1029,199.059305768,0.5509923398030792,3.9599067335345737,0.0936585783804018,0.0799067335345737,9,10,-7.1,-6.4
O=C(O)NC[C@H]1C(=O)N=CNC1=O,CN(C[C@H]1C(=O)N=CNC1=O)C(=O)O,[*]N[*],[*]N([*])C,[*:1]-[NH1]-[*:2]>>[*:1]-[NH0](-[*:2])-[CH3],2052,-1.102899999999999,199.059305768,0.5509923398030792,3.966975756403596,0.0936585783804018,0.0869757564035964,9,11,-7.1,-6.7
O=C(O)NC[C@H]1C(=O)N=CNC1=O,O=C(O)NC[C@H]1C(=O)N=CCOC1=O,[*]N[*],[*]OC[*],[*:1]-[NH1]-[*:2]>>[*:1]-[OH0]-[CH2]-[*:2],105,-0.9756000000000002,200.043321356,0.4401238389929858,3.885465437988015,-0.0172099224296914,0.0054654379880147,9,12,-7.1,-6.8
O=C(O)NC[C@H]1C(=O)N=CNC1=O,O=C(O)NC[C@@H]1C(=O)COC=NC1=O,[*]N[*],[*]OC[*],[*:1]-[NH1]-[*:2]>>[*:1]-[OH0]-[CH2]-[*:2],105,-0.9756000000000002,200.043321356,0.5573817324500934,4.123437097907043,0.100047971027416,0.2434370979070435,9,13,-7.1,-6.6
O=C(O)NC[C@H]1C(=O)N=CNC1=O,O=C(O)NC(=O)O[C@H]1C(=O)N=CNC1=O,[*]C[*],[*]C(=O)O[*],[*:1]-[CH2]-[*:2]>>[*:1]-[CH0](=[OH0])-[OH0]-[*:2],13,-1.5561,215.01783488,0.4527323999014399,3.944993497415584,-0.0046013615212374,0.0649934974155836,9,14,-7.1,-7.9
O=C(O)NC[C@H]1C(=O)N=CNC1=O,O=C(O)NC(=O)O[C@H]1C(=O)N=CNC1=O,[*]C[*],[*]C(=O)O[*],[*:1]-[CH2]-[*:2]>>[*:1]-[CH0](=[OH0])-[OH0]-[*:2],13,-1.5561,215.01783488,0.4527323999014399,3.944993497415584,-0.0046013615212374,0.0649934974155836,9,15,-7.1,-7.9
O=C(O)NC[C@H]1C(=O)N=CNC1=O,O=C(O)CNC[C@H]1C(=O)N=CNC1=O,[*]N[*],[*]NC[*],[*:1]-[NH1]-[*:2]>>[*:1]-[NH1]-[CH2]-[*:2],1418,-2.038499999999999,199.059305768,0.4519977503858437,3.858611186975869,-0.0053360110368335,-0.0213888130241306,9,16,-7.1,-7.2
O=C(O)NC[C@H]1C(=O)N=CNC1=O,O=C(O)NCC[C@H]1C(=O)N=CNC1=O,[*]N[*],[*]NC[*],[*:1]-[NH1]-[*:2]>>[*:1]-[NH1]-[CH2]-[*:2],1418,-1.0549999999999995,199.059305768,0.5034597827964395,3.814088514911093,0.0461260213737622,-0.0659114850889075,9,17,-7.1,-7.1
O=C(O)NC[C@H]1C(=O)N=CNC1=O,O=C(O)NCC(=O)[C@H]1C(=O)N=CNC1=O,[*]C[*],[*]C(=O)C[*],[*:1]-[CH2]-[*:2]>>[*:1]-[CH0](=[OH0])-[CH2]-[*:2],123,-1.8759999999999997,213.038570324,0.4731040203666642,3.9540973435694298,0.0157702589439869,0.0740973435694298,9,18,-7.1,-7.2
O=C(O)NC[C@H]1C(=O)N=CNC1=O,O=C(O)NC(=O)C[C@H]1C(=O)N=CNC1=O,[*]C[*],[*]C(=O)C[*],[*:1]-[CH2]-[*:2]>>[*:1]-[CH0](=[OH0])-[CH2]-[*:2],123,-1.5283999999999998,213.038570324,0.4797152764683587,3.870193112800198,0.0223815150456814,-0.0098068871998018,9,19,-7.1,-7.9
O=C(O)NC[C@H]1C(=O)N=CNC1=O,CN1C=NC(=O)[C@H](CNC(=O)O)C(=O)C1,[*]N[*],[*]N(C)C[*],[*:1]-[NH1]-[*:2]>>[*:1]-[NH0](-[CH3])-[CH2]-[*:2],69,-1.0603999999999996,213.074955832,0.5694275072734011,4.026249651261737,0.1120937458507237,0.146249651261737,9,20,-7.1,-7.2
O=C(O)NC[C@H]1C(=O)N=CNC1=O,CN(CC[C@H]1C(=O)N=CNC1=O)C(=O)O,[*]N[*],[*]N(C)C[*],[*:1]-[NH1]-[*:2]>>[*:1]-[NH0](-[CH3])-[CH2]-[*:2],69,-0.7127999999999994,213.074955832,0.6045208766859567,3.893451189723275,0.1471871152632793,0.0134511897232751,9,21,-7.1,-7.0
O=C(O)NC[C@H]1C(=O)N=CNC1=O,O=C(O)NC[C@H]1C(=O)N=CC(=O)C1=O,[*]N[*],[*]C([*])=O,[*:1]-[NH1]-[*:2]>>[*:1]-[CH0](-[*:2])=[OH0],41,-1.3805999999999996,198.027671292,0.418990280757086,3.764683448711288,-0.0383434806655912,-0.1153165512887115,9,22,-7.1,-7.6
O=C(O)NC[C@H]1C(=O)N=CNC1=O,O=C(O)NC[C@H]1C(=O)N=CC(=O)C1=O,[*]N[*],[*]C([*])=O,[*:1]-[NH1]-[*:2]>>[*:1]-[CH0](-[*:2])=[OH0],41,-1.3805999999999996,198.027671292,0.418990280757086,3.764683448711288,-0.0383434806655912,-0.1153165512887115,9,23,-7.1,-7.6
O=C(O)NC[C@H]1C(=O)N=CNC1=O,O=C(O)NC(=O)N[C@H]1C(=O)N=CNC1=O,[*]C[*],[*]C(=O)N[*],[*:1]-[CH2]-[*:2]>>[*:1]-[CH0](=[OH0])-[NH1]-[*:2],115,-1.9831,214.033819292,0.3745272876917508,3.856073497415583,-0.0828064737309264,-0.023926502584417,9,24,-7.1,-6.7
O=C(O)NC[C@H]1C(=O)N=CNC1=O,O=C(O)NNC(=O)[C@H]1C(=O)N=CNC1=O,[*]C[*],[*]C(=O)N[*],[*:1]-[CH2]-[*:2]>>[*:1]-[CH0](=[OH0])-[NH1]-[*:2],115,-2.413899999999999,214.033819292,0.2842434786575503,3.872979651261737,-0.1730902827651269,-0.0070203487382629,9,25,-7.1,-7.7
O=C(O)NC[C@H]1C(=O)N=CNC1=O,O=C(O)NCC[C@H]1C(=O)N=CNC1=O,[*]C[*],[*]CC[*],[*:1]-[CH2]-[*:2]>>[*:1]-[CH2]-[CH2]-[*:2],1929,-1.0549999999999995,199.059305768,0.5034597827964395,3.814088514911093,0.0461260213737622,-0.0659114850889075,9,26,-7.1,-7.3
O=C(O)NC[C@H]1C(=O)N=CNC1=O,O=C(O)NCC[C@H]1C(=O)N=CNC1=O,[*]C[*],[*]CC[*],[*:1]-[CH2]-[*:2]>>[*:1]-[CH2]-[CH2]-[*:2],1929,-1.0549999999999995,199.059305768,0.5034597827964395,3.814088514911093,0.0461260213737622,-0.0659114850889075,9,27,-7.1,-7.3
O=C(O)NC[C@H]1C(=O)N=CNC1=O,O=C(O)OC(=O)NC[C@H]1C(=O)N=CNC1=O,[*]N[*],[*]OC(=O)N[*],[*:1]-[NH1]-[*:2]>>[*:1]-[OH0]-[CH0](=[OH0])-[NH1]-[*:2],45,-1.3085,229.033484944,0.397238234538787,4.01974850512279,-0.0600955268838902,0.1397485051227898,9,28,-7.1,-7.3
O=C(O)NC[C@H]1C(=O)N=CNC1=O,O=C(O)NC(=O)OC[C@H]1C(=O)N=CNC1=O,[*]N[*],[*]OC(=O)N[*],[*:1]-[NH1]-[*:2]>>[*:1]-[OH0]-[CH0](=[OH0])-[NH1]-[*:2],45,-1.3085,229.033484944,0.5030705354866594,3.774887324443004,0.045736774063982,-0.1051126755569962,9,29,-7.1,-7.3
O=C(O)NC[C@H]1C(=O)N=CNC1=O,O=C(O)NC[C@@H]1C(=O)CC(=O)NC=NC1=O,[*]N[*],[*]NC(=O)C[*],[*:1]-[NH1]-[*:2]>>[*:1]-[NH1]-[CH0](=[OH0])-[CH2]-[*:2],10,-1.485899999999999,227.054220388,0.4956020489643647,3.9536282904537376,0.0382682875416874,0.0736282904537377,9,30,-7.1,-6.7
O=C(O)NC[C@H]1C(=O)N=CNC1=O,O=C(O)NC(=O)CC[C@H]1C(=O)N=CNC1=O,[*]N[*],[*]NC(=O)C[*],[*:1]-[NH1]-[*:2]>>[*:1]-[NH1]-[CH0](=[OH0])-[CH2]-[*:2],10,-1.1383,227.054220388,0.5253988098023966,3.7903080757846848,0.0680650483797193,-0.0896919242153151,9,31,-7.1,-7.6
O=C(O)NC[C@H]1C(=O)N=CNC1=O,CCN1C=NC(=O)[C@H](CNC(=O)O)C1=O,[*]N[*],[*]N([*])CC,[*:1]-[NH1]-[*:2]>>[*:1]-[NH0](-[*:2])-[CH2]-[CH3],549,-0.7127999999999994,213.074955832,0.6045208766859567,3.885243882030968,0.1471871152632793,0.0052438820309674,9,32,-7.1,-6.5
O=C(O)NC[C@H]1C(=O)N=CNC1=O,CCN1C=NC(=O)[C@H](CNC(=O)O)C1=O,[*]N[*],[*]N([*])CC,[*:1]-[NH1]-[*:2]>>[*:1]-[NH0](-[*:2])-[CH2]-[CH3],549,-0.7127999999999994,213.074955832,0.6045208766859567,3.885243882030968,0.1471871152632793,0.0052438820309674,9,33,-7.1,-6.4
O=C(O)NC[C@H]1C(=O)N=CNC1=O,O=C(O)NC[C@H]1C(=O)N=CCCOC1=O,[*]N[*],[*]OCC[*],[*:1]-[NH1]-[*:2]>>[*:1]-[OH0]-[CH2]-[CH2]-[*:2],17,-0.5855000000000001,214.05897142,0.4719993462252512,3.829134876402449,0.0146655848025739,-0.0508651235975508,9,34,-7.1,-6.1
O=C(O)NC[C@H]1C(=O)N=CNC1=O,O=C(O)CCOC[C@H]1C(=O)N=CNC1=O,[*]N[*],[*]OCC[*],[*:1]-[NH1]-[*:2]>>[*:1]-[OH0]-[CH2]-[CH2]-[*:2],17,-1.221399999999999,214.05897142,0.4404523065692361,3.725028685032844,-0.0168814548534411,-0.1549713149671561,9,35,-7.1,-6.9
O=C(O)NC[C@H]1C(=O)N=CNC1=O,CC(C)(C[C@H]1C(=O)N=CNC1=O)NC(=O)O,[*]C[*],[*]CC([*])(C)C,[*:1]-[CH2]-[*:2]>>[*:1]-[CH2]-[CH0](-[*:2])(-[CH3])-[CH3],12,-0.2764,227.090605896,0.5761670569416033,4.0316966012127455,0.118833295518926,0.1516966012127456,9,36,-7.1,-5.9
O=C(O)NC[C@H]1C(=O)N=CNC1=O,CC(C)(CNC(=O)O)[C@H]1C(=O)N=CNC1=O,[*]C[*],[*]CC([*])(C)C,[*:1]-[CH2]-[*:2]>>[*:1]-[CH2]-[CH0](-[*:2])(-[CH3])-[CH3],12,-0.4189,227.090605896,0.56885964101848,4.0018878100039545,0.1115258795958026,0.1218878100039546,9,37,-7.1,-7.2
O=C(O)NC[C@H]1C(=O)N=CNC1=O,O=C(O)NC[C@H]1C(=O)N=CN2CCN(CC2)C1=O,[*]N[*],[*]N1CCN([*])CC1,[*:1]-[NH1]-[*:2]>>[*:1]-[NH0]1-[CH2]-[CH2]-[NH0](-[*:2])-[CH2]-[CH2]-1,225,-1.417099999999998,254.101504928,0.5888910677994247,5.019961766673242,0.1315573063767474,1.1399617666732418,9,38,-7.1,-5.4
O=C(O)NC[C@H]1C(=O)N=CNC1=O,O=C(O)NC[C@H]1C(=O)N=CN2CCN(CC2)C1=O,[*]N[*],[*]N1CCN([*])CC1,[*:1]-[NH1]-[*:2]>>[*:1]-[NH0]1-[CH2]-[CH2]-[NH0](-[*:2])-[CH2]-[CH2]-1,225,-1.417099999999998,254.101504928,0.5888910677994247,5.019961766673242,0.1315573063767474,1.1399617666732418,9,39,-7.1,-5.4
O=C(O)NC[C@H]1C(=O)N=CNC1=O,CN1C=NC(=O)[C@H](CNC(=O)O)C(=O)CC1,[*]N[*],[*]N(C)CC[*],[*:1]-[NH1]-[*:2]>>[*:1]-[NH0](-[CH3])-[CH2]-[CH2]-[*:2],10,-0.6702999999999999,227.090605896,0.6093532637102897,3.9045324049438985,0.1520195022876124,0.0245324049438986,9,40,-7.1,-5.6
O=C(O)NC[C@H]1C(=O)N=CNC1=O,CN1CCC=NC(=O)[C@H](CNC(=O)O)C1=O,[*]N[*],[*]N(C)CC[*],[*:1]-[NH1]-[*:2]>>[*:1]-[NH0](-[CH3])-[CH2]-[CH2]-[*:2],10,-0.670299999999999,227.090605896,0.6109061084701026,3.731655124085224,0.1535723470474253,-0.148344875914776,9,41,-7.1,-6.0
O=C(O)NC[C@H]1C(=O)N=CNC1=O,CC(=O)N1C=NC(=O)[C@H](CNC(=O)O)C1=O,[*]N[*],[*]N([*])C(C)=O,[*:1]-[NH1]-[*:2]>>[*:1]-[NH0](-[*:2])-[CH0](-[CH3])=[OH0],56,-1.1861999999999993,227.054220388,0.5753620938454627,3.946143853959998,0.1180283324227853,0.0661438539599981,9,42,-7.1,-6.3
O=C(O)NC[C@H]1C(=O)N=CNC1=O,CC(=O)N(C[C@H]1C(=O)N=CNC1=O)C(=O)O,[*]N[*],[*]N([*])C(C)=O,[*:1]-[NH1]-[*:2]>>[*:1]-[NH0](-[*:2])-[CH0](-[CH3])=[OH0],56,-1.1861999999999993,227.054220388,0.5753620938454627,4.0392361616523065,0.1180283324227853,0.1592361616523065,9,43,-7.1,-6.8
O=C(O)NC[C@H]1C(=O)N=CNC1=O,O=C(O)NCC(=O)N[C@H]1C(=O)N=CNC1=O,[*]C[*],[*]CC(=O)N[*],[*:1]-[CH2]-[*:2]>>[*:1]-[CH2]-[CH0](=[OH0])-[NH1]-[*:2],29,-2.5764999999999985,228.049469356,0.3930853064716419,3.6416873244430032,-0.0642484549510353,-0.2383126755569966,9,44,-7.1,-6.8
O=C(O)NC[C@H]1C(=O)N=CNC1=O,O=C(O)NCC(=O)N[C@H]1C(=O)N=CNC1=O,[*]C[*],[*]CC(=O)N[*],[*:1]-[CH2]-[*:2]>>[*:1]-[CH2]-[CH0](=[OH0])-[NH1]-[*:2],29,-2.5764999999999985,228.049469356,0.3930853064716419,3.6416873244430032,-0.0642484549510353,-0.2383126755569966,9,45,-7.1,-6.8
O=C(O)NC[C@H]1C(=O)N=CNC1=O,O=C(O)NCOC(=O)[C@H]1C(=O)N=CNC1=O,[*]C[*],[*]C(=O)OC[*],[*:1]-[CH2]-[*:2]>>[*:1]-[CH0](=[OH0])-[OH0]-[CH2]-[*:2],52,-1.944399999999999,229.033484944,0.2924152445288303,3.970733120507404,-0.164918516893847,0.0907331205074042,9,46,-7.1,-7.6
O=C(O)NC[C@H]1C(=O)N=CNC1=O,O=C(O)NC(=O)OC[C@H]1C(=O)N=CNC1=O,[*]C[*],[*]C(=O)OC[*],[*:1]-[CH2]-[*:2]>>[*:1]-[CH0](=[OH0])-[OH0]-[CH2]-[*:2],52,-1.3085,229.033484944,0.5030705354866594,3.774887324443004,0.045736774063982,-0.1051126755569962,9,47,-7.1,-7.3
O=C(O)NC[C@H]1C(=O)N=CNC1=O,O=C(O)NC(=O)CO[C@H]1C(=O)N=CNC1=O,[*]C[*],[*]C(=O)CO[*],[*:1]-[CH2]-[*:2]>>[*:1]-[CH0](=[OH0])-[CH2]-[OH0]-[*:2],14,-2.149499999999999,229.033484944,0.4721067842794417,3.910908075784685,0.0147730228567644,0.0309080757846844,9,48,-7.1,-7.6
O=C(O)NC[C@H]1C(=O)N=CNC1=O,O=C(O)NOCC(=O)[C@H]1C(=O)N=CNC1=O,[*]C[*],[*]C(=O)CO[*],[*:1]-[CH2]-[*:2]>>[*:1]-[CH0](=[OH0])-[CH2]-[OH0]-[*:2],14,-1.944399999999999,229.033484944,0.3787415789049012,4.180995016750695,-0.0785921825177761,0.3009950167506954,9,49,-7.1,-7.0
O=C(O)NC[C@H]1C(=O)N=CNC1=O,O=C1N=CNC(=O)[C@H]1CN(C(=O)O)C1CC1,[*]N[*],[*]N([*])C1CC1,[*:1]-[NH1]-[*:2]>>[*:1]-[NH0](-[*:2])-[CH1]1-[CH2]-[CH2]-1,32,-0.5703000000000005,225.074955832,0.6280435156013932,3.836396447877709,0.1707097541787158,-0.043603552122291,9,50,-7.1,-6.8
O=C(O)NC[C@H]1C(=O)N=CNC1=O,O=C1N=CNC(=O)[C@H]1CN(C(=O)O)C1CC1,[*]N[*],[*]N([*])C1CC1,[*:1]-[NH1]-[*:2]>>[*:1]-[NH0](-[*:2])-[CH1]1-[CH2]-[CH2]-1,32,-0.5703000000000005,225.074955832,0.6280435156013932,3.836396447877709,0.1707097541787158,-0.043603552122291,9,51,-7.1,-6.4
O=C(O)NC[C@H]1C(=O)N=CNC1=O,O=C(O)NCCC[C@H]1C(=O)N=CNC1=O,[*]N[*],[*]NCC[*],[*:1]-[NH1]-[*:2]>>[*:1]-[NH1]-[CH2]-[CH2]-[*:2],333,-0.6649,213.074955832,0.4249861682135265,3.694266583719523,-0.0323475932091507,-0.1857334162804766,9,52,-7.1,-7.3
O=C(O)NC[C@H]1C(=O)N=CNC1=O,O=C(O)NCCC[C@H]1C(=O)N=CNC1=O,[*]N[*],[*]NCC[*],[*:1]-[NH1]-[*:2]>>[*:1]-[NH1]-[CH2]-[CH2]-[*:2],333,-0.6649,213.074955832,0.4249861682135265,3.694266583719523,-0.0323475932091507,-0.1857334162804766,9,53,-7.1,-6.6
O=C(O)NC[C@H]1C(=O)N=CNC1=O,O=C(O)NC[C@H]1C(=O)N=CSC1=O,[*]N[*],[*]S[*],[*:1]-[NH1]-[*:2]>>[*:1]-[SH0]-[*:2],221,-0.3014999999999999,202.004827672,0.599047513003123,4.185721722027085,0.1417137515804457,0.3057217220270853,9,54,-7.1,-6.1
O=C(O)NC[C@H]1C(=O)N=CNC1=O,O=C(O)NC[C@H]1C(=O)N=CSC1=O,[*]N[*],[*]S[*],[*:1]-[NH1]-[*:2]>>[*:1]-[SH0]-[*:2],221,-0.3014999999999999,202.004827672,0.5990475130031231,4.185721722027085,0.1417137515804458,0.3057217220270853,9,55,-7.1,-6.0
O=C(O)NC[C@H]1C(=O)N=CNC1=O,O=C(O)C(O)C[C@H]1C(=O)N=CNC1=O,[*]N[*],[*]C([*])O,[*:1]-[NH1]-[*:2]>>[*:1]-[CH1](-[*:2])-[OH1],16,-1.8770999999999995,200.043321356,0.460984562791042,4.268087562081526,0.0036508013683647,0.3880875620815258,9,56,-7.1,-7.4
O=C(O)NC[C@H]1C(=O)N=CNC1=O,O=C(O)NC[C@H]1C(=O)N=CC(O)C1=O,[*]N[*],[*]C([*])O,[*:1]-[NH1]-[*:2]>>[*:1]-[CH1](-[*:2])-[OH1],16,-1.5888,200.043321356,0.4645397240320993,4.265322073516036,0.007205962609422,0.3853220735160363,9,57,-7.1,-7.4
O=C(O)NC[C@H]1C(=O)N=CNC1=O,O=C1N=CNC(=O)[C@H]1CN(C(=O)O)C1CCC1,[*]N[*],[*]N([*])C1CCC1,[*:1]-[NH1]-[*:2]>>[*:1]-[NH0](-[*:2])-[CH1]1-[CH2]-[CH2]-[CH2]-1,10,-0.1802000000000004,239.090605896,0.6671175655204583,3.76062216112112,0.209783804097781,-0.1193778388788802,9,58,-7.1,-5.3
O=C(O)NC[C@H]1C(=O)N=CNC1=O,O=C(O)NC[C@H]1C(=O)N=CN(C2CCC2)C1=O,[*]N[*],[*]N([*])C1CCC1,[*:1]-[NH1]-[*:2]>>[*:1]-[NH0](-[*:2])-[CH1]1-[CH2]-[CH2]-[CH2]-1,10,-0.1802000000000003,239.090605896,0.6671175655204582,3.702480355101053,0.2097838040977809,-0.1775196448989469,9,59,-7.1,-5.6
O=C(O)NC[C@H]1C(=O)N=CNC1=O,O=C(O)NC(=O)NC[C@H]1C(=O)N=CNC1=O,[*]C[*],[*]C(=O)NC[*],[*:1]-[CH2]-[*:2]>>[*:1]-[CH0](=[OH0])-[NH1]-[CH2]-[*:2],28,-1.7354999999999994,228.049469356,0.415762684868477,3.860028290453736,-0.0415710765542002,-0.0199717095462634,9,60,-7.1,-8.2
O=C(O)NC[C@H]1C(=O)N=CNC1=O,O=C(O)NC(=O)NC[C@H]1C(=O)N=CNC1=O,[*]C[*],[*]C(=O)NC[*],[*:1]-[CH2]-[*:2]>>[*:1]-[CH0](=[OH0])-[NH1]-[CH2]-[*:2],28,-1.7354999999999994,228.049469356,0.415762684868477,3.860028290453736,-0.0415710765542002,-0.0199717095462634,9,61,-7.1,-8.2
O=C(O)NC[C@H]1C(=O)N=CNC1=O,O=C(O)NC[C@H]1C(=O)N=CN2CCCN(CC2)C1=O,[*]N[*],[*]N1CCCN([*])CC1,[*:1]-[NH1]-[*:2]>>[*:1]-[NH0]1-[CH2]-[CH2]-[CH2]-[NH0](-[*:2])-[CH2]-[CH2]-1,10,-1.0269999999999977,268.117154992,0.6235771963935759,5.400367556866858,0.1662434349708986,1.5203675568668578,9,62,-7.1,-4.8
O=C(O)NC[C@H]1C(=O)N=CNC1=O,O=C1N=CNC(=O)[C@H]1CN1CCCN(C(=O)O)CC1,[*]N[*],[*]N1CCCN([*])CC1,[*:1]-[NH1]-[*:2]>>[*:1]-[NH0]1-[CH2]-[CH2]-[CH2]-[NH0](-[*:2])-[CH2]-[CH2]-1,10,-1.0269999999999977,268.117154992,0.6235771963935759,3.4432867023974314,0.1662434349708986,-0.4367132976025685,9,63,-7.1,-5.4
O=C(O)NC[C@H]1C(=O)N=CNC1=O,O=C(O)NC1([C@H]2C(=O)N=CNC2=O)CC1,[*]C[*],[*]C1([*])CC1,[*:1]-[CH2]-[*:2]>>[*:1]-[CH0]1(-[*:2])-[CH2]-[CH2]-1,43,-0.9125,211.059305768,0.5134560589502536,4.13333580510789,0.0561222975275763,0.2533358051078904,9,64,-7.1,-6.7
O=C(O)NC[C@H]1C(=O)N=CNC1=O,O=C(O)NC1([C@H]2C(=O)N=CNC2=O)CC1,[*]C[*],[*]C1([*])CC1,[*:1]-[CH2]-[*:2]>>[*:1]-[CH0]1(-[*:2])-[CH2]-[CH2]-1,43,-0.9125,211.059305768,0.5134560589502536,4.13333580510789,0.0561222975275763,0.2533358051078904,9,65,-7.1,-6.7
O=C(O)NC[C@H]1C(=O)N=CNC1=O,O=C(O)NC[C@@H]1C(=O)CSC=NC1=O,[*]N[*],[*]CS[*],[*:1]-[NH1]-[*:2]>>[*:1]-[CH2]-[SH0]-[*:2],12,-0.2589999999999999,216.020477736,0.6198657076776455,4.26286057968842,0.1625319462549682,0.3828605796884199,9,66,-7.1,-6.9
O=C(O)NC[C@H]1C(=O)N=CNC1=O,O=C(O)NC[C@@H]1C(=O)CSC=NC1=O,[*]N[*],[*]CS[*],[*:1]-[NH1]-[*:2]>>[*:1]-[CH2]-[SH0]-[*:2],12,-0.2589999999999999,216.020477736,0.6198657076776455,4.26286057968842,0.1625319462549682,0.3828605796884199,9,67,-7.1,-7.0
O=C(O)NC[C@H]1C(=O)N=CNC1=O,O=C(O)NC(=O)CC[C@H]1C(=O)N=CNC1=O,[*]C[*],[*]C(=O)CC[*],[*:1]-[CH2]-[*:2]>>[*:1]-[CH0](=[OH0])-[CH2]-[CH2]-[*:2],33,-1.1383,227.054220388,0.5253988098023966,3.7903080757846848,0.0680650483797193,-0.0896919242153151,9,68,-7.1,-7.6
O=C(O)NC[C@H]1C(=O)N=CNC1=O,O=C(O)NCCC(=O)[C@H]1C(=O)N=CNC1=O,[*]C[*],[*]C(=O)CC[*],[*:1]-[CH2]-[*:2]>>[*:1]-[CH0](=[OH0])-[CH2]-[CH2]-[*:2],33,-1.485899999999999,227.054220388,0.5045612063309677,3.733136340543183,0.0472274449082903,-0.1468636594568169,9,69,-7.1,-6.7
O=C(O)NC[C@H]1C(=O)N=CNC1=O,C[C@H](NC(=O)O)[C@H]1C(=O)N=CNC1=O,[*]C[*],[*][C@H]([*])C,[*:1]-[CH2]-[*:2]>>[*:1]-[C@H1](-[*:2])-[CH3],224,-1.0565999999999995,199.059305768,0.4925199540199727,4.24939899659296,0.0351861925972954,0.3693989965929596,9,70,-7.1,-6.9
O=C(O)NC[C@H]1C(=O)N=CNC1=O,C[C@H](NC(=O)O)[C@H]1C(=O)N=CNC1=O,[*]C[*],[*][C@H]([*])C,[*:1]-[CH2]-[*:2]>>[*:1]-[C@H1](-[*:2])-[CH3],224,-1.0565999999999995,199.059305768,0.4925199540199727,4.24939899659296,0.0351861925972954,0.3693989965929596,9,71,-7.1,-6.9
O=C(O)NC[C@H]1C(=O)N=CNC1=O,C[C@@H](NC(=O)O)[C@H]1C(=O)N=CNC1=O,[*]C[*],[*][C@@H]([*])C,[*:1]-[CH2]-[*:2]>>[*:1]-[C@@H1](-[*:2])-[CH3],308,-1.0565999999999995,199.059305768,0.4925199540199727,4.24939899659296,0.0351861925972954,0.3693989965929596,9,72,-7.1,-6.8
O=C(O)NC[C@H]1C(=O)N=CNC1=O,C[C@H](NC(=O)O)[C@H]1C(=O)N=CNC1=O,[*]C[*],[*][C@@H]([*])C,[*:1]-[CH2]-[*:2]>>[*:1]-[C@@H1](-[*:2])-[CH3],308,-1.0565999999999995,199.059305768,0.4925199540199727,4.24939899659296,0.0351861925972954,0.3693989965929596,9,73,-7.1,-6.9
O=C(O)NC[C@H]1C(=O)N=CNC1=O,CC(C)(NC(=O)O)[C@H]1C(=O)N=CNC1=O,[*]C[*],[*]C([*])(C)C,[*:1]-[CH2]-[*:2]>>[*:1]-[CH0](-[*:2])(-[CH3])-[CH3],77,-0.6664999999999999,213.074955832,0.5285714749878438,4.072889444161145,0.0712377135651665,0.1928894441611452,9,74,-7.1,-6.9
O=C(O)NC[C@H]1C(=O)N=CNC1=O,CC(C)(NC(=O)O)[C@H]1C(=O)N=CNC1=O,[*]C[*],[*]C([*])(C)C,[*:1]-[CH2]-[*:2]>>[*:1]-[CH0](-[*:2])(-[CH3])-[CH3],77,-0.6664999999999999,213.074955832,0.5285714749878438,4.072889444161145,0.0712377135651665,0.1928894441611452,9,75,-7.1,-6.8
O=C(O)NC[C@H]1C(=O)N=CNC1=O,O=C(O)NC[C@H]1C(=O)N=CNC(=O)NC1=O,[*]N[*],[*]NC(=O)N[*],[*:1]-[NH1]-[*:2]>>[*:1]-[NH1]-[CH0](=[OH0])-[NH1]-[*:2],40,-1.7355,228.049469356,0.415762684868477,3.8954776643356688,-0.0415710765542002,0.0154776643356688,9,76,-7.1,-7.1
O=C(O)NC[C@H]1C(=O)N=CNC1=O,O=C(O)NC[C@H]1C(=O)N=CNC(=O)NC1=O,[*]N[*],[*]NC(=O)N[*],[*:1]-[NH1]-[*:2]>>[*:1]-[NH1]-[CH0](=[OH0])-[NH1]-[*:2],40,-1.7355,228.049469356,0.415762684868477,3.8954776643356688,-0.0415710765542002,0.0154776643356688,9,77,-7.1,-7.1
O=C(O)NC[C@H]1C(=O)N=CNC1=O,CC(C)N1C=NC(=O)[C@H](CNC(=O)O)C1=O,[*]N[*],[*]N([*])C(C)C,[*:1]-[NH1]-[*:2]>>[*:1]-[NH0](-[*:2])-[CH1](-[CH3])-[CH3],95,-0.3242999999999996,227.090605896,0.6449665458256701,3.924797700113844,0.1876327844029928,0.0447977001138442,9,78,-7.1,-5.6
O=C(O)NC[C@H]1C(=O)N=CNC1=O,CC(C)N1C=NC(=O)[C@H](CNC(=O)O)C1=O,[*]N[*],[*]N([*])C(C)C,[*:1]-[NH1]-[*:2]>>[*:1]-[NH0](-[*:2])-[CH1](-[CH3])-[CH3],95,-0.3243000000000005,227.090605896,0.6449665458256701,3.924797700113844,0.1876327844029928,0.0447977001138442,9,79,-7.1,-5.6
O=C(O)NC[C@H]1C(=O)N=CNC1=O,O=C1N=CNC(=O)[C@H]1CC1CCN(C(=O)O)CC1,[*]N[*],[*]N1CCC([*])CC1,[*:1]-[NH1]-[*:2]>>[*:1]-[NH0]1-[CH2]-[CH2]-[CH1](-[*:2])-[CH2]-[CH2]-1,24,0.0673999999999999,253.10625596,0.6799386560128131,3.58496957383435,0.2226048945901358,-0.29503042616565,9,80,-7.1,-3.7
O=C(O)NC[C@H]1C(=O)N=CNC1=O,O=C1N=CNC(=O)[C@H]1CC1CCN(C(=O)O)CC1,[*]N[*],[*]N1CCC([*])CC1,[*:1]-[NH1]-[*:2]>>[*:1]-[NH0]1-[CH2]-[CH2]-[CH1](-[*:2])-[CH2]-[CH2]-1,24,0.0673999999999999,253.10625596,0.6799386560128131,3.58496957383435,0.2226048945901358,-0.29503042616565,9,81,-7.1,-4.4
O=C(O)NC[C@H]1C(=O)N=CNC1=O,O=C(O)NC[C@H]1C(=O)N=COC2CN(C2)C1=O,[*]N[*],[*]OC1CN([*])C1,[*:1]-[NH1]-[*:2]>>[*:1]-[OH0]-[CH1]1-[CH2]-[NH0](-[*:2])-[CH2]-1,10,-1.3338999999999994,241.069870452,0.5818860524545332,5.219021216836264,0.1245522910318558,1.3390212168362643,9,82,-7.1,-6.8
O=C(O)NC[C@H]1C(=O)N=CNC1=O,O=C(O)NC[C@H]1C(=O)N=COC2CN(C2)C1=O,[*]N[*],[*]OC1CN([*])C1,[*:1]-[NH1]-[*:2]>>[*:1]-[OH0]-[CH1]1-[CH2]-[NH0](-[*:2])-[CH2]-1,10,-1.3338999999999994,241.069870452,0.5818860524545332,5.219021216836264,0.1245522910318558,1.3390212168362643,9,83,-7.1,-6.7
O=C(O)NC[C@H]1C(=O)N=CNC1=O,CC(NC(=O)O)[C@H]1C(=O)N=CNC1=O,[*]C[*],[*]C([*])C,[*:1]-[CH2]-[*:2]>>[*:1]-[CH1](-[*:2])-[CH3],435,-1.0565999999999995,199.059305768,0.4925199540199727,4.24939899659296,0.0351861925972954,0.3693989965929596,9,84,-7.1,-6.9
O=C(O)NC[C@H]1C(=O)N=CNC1=O,CC(NC(=O)O)[C@H]1C(=O)N=CNC1=O,[*]C[*],[*]C([*])C,[*:1]-[CH2]-[*:2]>>[*:1]-[CH1](-[*:2])-[CH3],435,-1.0565999999999995,199.059305768,0.4925199540199727,4.24939899659296,0.0351861925972954,0.3693989965929596,9,85,-7.1,-6.9
O=C(O)NC[C@H]1C(=O)N=CNC1=O,O=C(O)NC1CCN([C@H]2C(=O)N=CNC2=O)CC1,[*]C[*],[*]N1CCC([*])CC1,[*:1]-[CH2]-[*:2]>>[*:1]-[NH0]1-[CH2]-[CH2]-[CH1](-[*:2])-[CH2]-[CH2]-1,10,-1.228299999999998,254.101504928,0.5343147397241576,3.533074189218965,0.0769809783014802,-0.3469258107810349,9,86,-7.1,-4.9
O=C(O)NC[C@H]1C(=O)N=CNC1=O,O=C(O)NN1CCC([C@H]2C(=O)N=CNC2=O)CC1,[*]C[*],[*]N1CCC([*])CC1,[*:1]-[CH2]-[*:2]>>[*:1]-[NH0]1-[CH2]-[CH2]-[CH1](-[*:2])-[CH2]-[CH2]-1,10,-0.8180999999999989,254.101504928,0.5575244329737254,3.880850804603581,0.1001906715510481,0.0008508046035808,9,87,-7.1,-4.9
O=C(O)NC[C@H]1C(=O)N=CNC1=O,O=C1N=CNC(=O)[C@H]1CCN1CCN(C(=O)O)CC1,[*]N[*],[*]N1CCN(C[*])CC1,[*:1]-[NH1]-[*:2]>>[*:1]-[NH0]1-[CH2]-[CH2]-[NH0](-[CH2]-[*:2])-[CH2]-[CH2]-1,34,-1.0269999999999977,268.117154992,0.637321779680917,3.424829518072322,0.1799880182582396,-0.455170481927678,9,88,-7.1,-5.4
O=C(O)NC[C@H]1C(=O)N=CNC1=O,O=C(O)NC[C@H]1C(=O)N=CCN2CCN(CC2)C1=O,[*]N[*],[*]N1CCN(C[*])CC1,[*:1]-[NH1]-[*:2]>>[*:1]-[NH0]1-[CH2]-[CH2]-[NH0](-[CH2]-[*:2])-[CH2]-[CH2]-1,34,-1.3745999999999976,268.117154992,0.6012271435185178,4.917270291462738,0.1438933820958405,1.037270291462738,9,89,-7.1,-4.5
O=C(O)NC[C@H]1C(=O)N=CNC1=O,O=C(O)NC[C@H]1C(=O)N=CN(CCO)C1=O,[*]N[*],[*]N([*])CCO,[*:1]-[NH1]-[*:2]>>[*:1]-[NH0](-[*:2])-[CH2]-[CH2]-[OH1],109,-1.7403999999999993,229.069870452,0.4941674819714907,3.941417914782897,0.0368337205488134,0.061417914782897,9,90,-7.1,-6.4
O=C(O)NC[C@H]1C(=O)N=CNC1=O,O=C(O)NC[C@H]1C(=O)N=CN(CCO)C1=O,[*]N[*],[*]N([*])CCO,[*:1]-[NH1]-[*:2]>>[*:1]-[NH0](-[*:2])-[CH2]-[CH2]-[OH1],109,-1.7403999999999993,229.069870452,0.4941674819714907,3.941417914782897,0.0368337205488134,0.061417914782897,9,91,-7.1,-6.3
O=C(O)NC[C@H]1C(=O)N=CNC1=O,CCC(=O)N1C=NC(=O)[C@H](CNC(=O)O)C1=O,[*]N[*],[*]N([*])C(=O)CC,[*:1]-[NH1]-[*:2]>>[*:1]-[NH0](-[*:2])-[CH0](=[OH0])-[CH2]-[CH3],13,-0.7960999999999996,241.069870452,0.6274860386983063,3.9194096527599154,0.170152277275629,0.0394096527599154,9,92,-7.1,-5.8
O=C(O)NC[C@H]1C(=O)N=CNC1=O,CCC(=O)N1C=NC(=O)[C@H](CNC(=O)O)C1=O,[*]N[*],[*]N([*])C(=O)CC,[*:1]-[NH1]-[*:2]>>[*:1]-[NH0](-[*:2])-[CH0](=[OH0])-[CH2]-[CH3],13,-0.7960999999999996,241.069870452,0.6274860386983063,3.9194096527599154,0.170152277275629,0.0394096527599154,9,93,-7.1,-5.8
O=C(O)NC[C@H]1C(=O)N=CNC1=O,C[C@@H]1NC=NC(=O)[C@H](CNC(=O)O)C1=O,[*]N[*],[*]N[C@H]([*])C,[*:1]-[NH1]-[*:2]>>[*:1]-[NH1]-[C@H1](-[*:2])-[CH3],44,-1.0141,213.074955832,0.5089896518601454,4.377171779184988,0.0516558904374681,0.4971717791849883,9,94,-7.1,-6.7
O=C(O)NC[C@H]1C(=O)N=CNC1=O,C[C@H](NC[C@H]1C(=O)N=CNC1=O)C(=O)O,[*]N[*],[*]N[C@H]([*])C,[*:1]-[NH1]-[*:2]>>[*:1]-[NH1]-[C@H1](-[*:2])-[CH3],44,-1.6499999999999997,213.074955832,0.4847759499427927,4.070562548415757,0.0274421885201154,0.1905625484157571,9,95,-7.1,-7.2
O=C(O)NC[C@H]1C(=O)N=CNC1=O,O=C1N=CNC(=O)[C@H]1CC1CCN(C(=O)O)C1,[*]N[*],[*]N1CCC([*])C1,[*:1]-[NH1]-[*:2]>>[*:1]-[NH0]1-[CH2]-[CH2]-[CH1](-[*:2])-[CH2]-1,10,-0.3226999999999997,239.090605896,0.6447348030512593,3.987095029455669,0.187401041628582,0.1070950294556691,9,96,-7.1,-6.0
O=C(O)NC[C@H]1C(=O)N=CNC1=O,O=C(O)C1CCN(C[C@H]2C(=O)N=CNC2=O)C1,[*]N[*],[*]N1CCC([*])C1,[*:1]-[NH1]-[*:2]>>[*:1]-[NH0]1-[CH2]-[CH2]-[CH1](-[*:2])-[CH2]-1,10,-1.3061999999999985,239.090605896,0.5958794762255372,3.818133654660252,0.1385457148028598,-0.0618663453397481,9,97,-7.1,-5.9
O=C(O)NC[C@H]1C(=O)N=CNC1=O,O=C(O)NS(=O)(=O)C[C@H]1C(=O)N=CNC1=O,[*]C[*],[*]CS([*])(=O)=O,[*:1]-[CH2]-[*:2]>>[*:1]-[CH2]-[SH0](-[*:2])(=[OH0])=[OH0],19,-2.115299999999998,249.005555944,0.48814155038713,4.0847603374764825,0.0308077889644526,0.2047603374764826,9,98,-7.1,-5.9
O=C(O)NC[C@H]1C(=O)N=CNC1=O,O=C(O)NS(=O)(=O)C[C@H]1C(=O)N=CNC1=O,[*]C[*],[*]CS([*])(=O)=O,[*:1]-[CH2]-[*:2]>>[*:1]-[CH2]-[SH0](-[*:2])(=[OH0])=[OH0],19,-2.115299999999998,249.005555944,0.48814155038713,4.0847603374764825,0.0308077889644526,0.2047603374764826,9,99,-7.1,-5.9
CC(C)C1=CC[C@H](O)[C@@H](C(=O)O)C1,CO[C@H]1CC(C(C)C)=CC[C@@H]1O,[*]C(=O)O,[*]OC,[*:1]-[CH0](=[OH0])-[OH1]>>[*:1]-[OH0]-[CH3],264,1.7385000000000002,170.130679816,0.6395470310247673,3.917937337173525,0.0014948829177303,0.1279373371735239,10,0,-7.5,-6.1
CC(C)C1=CC[C@H](O)[C@@H](C(=O)O)C1,CC(C)C1=CC[C@H](O)[C@@H](C(C)C)C1,[*]C(=O)O,[*]C(C)C,[*:1]-[CH0](=[OH0])-[OH1]>>[*:1]-[CH1](-[CH3])-[CH3],15,2.995700000000001,182.167065324,0.6508529935007136,3.8924135235120687,0.0128008453936766,0.1024135235120677,10,1,-7.5,-5.3
CC(C)C1=CC[C@H](O)[C@@H](C(=O)O)C1,CC[C@H]1CC(C(C)C)=CC[C@@H]1O,[*]C(=O)O,[*]CC,[*:1]-[CH0](=[OH0])-[OH1]>>[*:1]-[CH2]-[CH3],27,2.7497000000000007,168.15141526,0.6285188987122619,3.949679644865832,-0.009533249394775,0.1596796448658306,10,2,-7.5,-5.6
CC(C)C1=CC[C@H](O)[C@@H](C(=O)O)C1,CC(C)C1=CC[C@H](O)[C@@H](CN)C1,[*]C(=O)O,[*]CN,[*:1]-[CH0](=[OH0])-[OH1]>>[*:1]-[CH2]-[NH2],41,1.2984,169.146664228,0.6119630287023544,4.0530714717889085,-0.0260891194046825,0.2630714717889075,10,3,-7.5,-6.4
CC(C)C1=CC[C@H](O)[C@@H](C(=O)O)C1,CC(C)C1=CC[C@H](O)[C@@H](CO)C1,[*]C(=O)O,[*]CO,[*:1]-[CH0](=[OH0])-[OH1]>>[*:1]-[CH2]-[OH1],242,1.332,170.130679816,0.6137584267367521,4.005284933327371,-0.0242937213702848,0.2152849333273696,10,4,-7.5,-6.0
CC(C)C1=CC[C@H](O)[C@@H](C(=O)O)C1,CC(C)C1=CC[C@H](O)[C@@H](C(N)=O)C1,[*]C(=O)O,[*]C(N)=O,[*:1]-[CH0](=[OH0])-[OH1]>>[*:1]-[CH0](-[NH2])=[OH0],426,0.8249999999999997,183.125928784,0.6225830299576464,3.898579134371798,-0.0154691181493905,0.108579134371797,10,5,-7.5,-6.8
CC(C)C1=CC[C@H](O)[C@@H](C(=O)O)C1,CN[C@H]1CC(C(C)C)=CC[C@@H]1O,[*]C(=O)O,[*]NC,[*:1]-[CH0](=[OH0])-[OH1]>>[*:1]-[NH1]-[CH3],17,1.3114999999999997,169.146664228,0.6108635789957195,4.036685414096601,-0.0271885691113173,0.2466854140965999,10,6,-7.5,-6.1
CC(C)C1=CC[C@H](O)[C@@H](C(=O)O)C1,CC(C)C1=CC[C@H](O)[C@@H](N(C)C)C1,[*]C(=O)O,[*]N(C)C,[*:1]-[CH0](=[OH0])-[OH1]>>[*:1]-[NH0](-[CH3])-[CH3],51,1.6537,183.162314292,0.6580425573663599,3.9486248357292633,0.0199904092593229,0.1586248357292623,10,7,-7.5,-5.4
CC(C)C1=CC[C@H](O)[C@@H](C(=O)O)C1,CCO[C@H]1CC(C(C)C)=CC[C@@H]1O,[*]C(=O)O,[*]OCC,[*:1]-[CH0](=[OH0])-[OH1]>>[*:1]-[OH0]-[CH2]-[CH3],26,2.1286,184.14632988,0.6807849137461407,3.8582124763239634,0.0427327656391037,0.0682124763239624,10,8,-7.5,-5.8
CC(C)C1=CC[C@H](O)[C@@H](C(=O)O)C1,CNC(=O)[C@H]1CC(C(C)C)=CC[C@@H]1O,[*]C(=O)O,[*]C(=O)NC,[*:1]-[CH0](=[OH0])-[OH1]>>[*:1]-[CH0](=[OH0])-[NH1]-[CH3],187,1.0856999999999997,197.141578848,0.6508821676336108,3.830283404077367,0.0128300195265739,0.0402834040773658,10,9,-7.5,-6.1
CC(C)C1=CC[C@H](O)[C@@H](C(=O)O)C1,CC(C)C1=CC[C@H](O)[C@@H](C(C)(C)C)C1,[*]C(=O)O,[*]C(C)(C)C,[*:1]-[CH0](=[OH0])-[OH1]>>[*:1]-[CH0](-[CH3])(-[CH3])-[CH3],26,3.3858000000000024,196.182715388,0.6373585905571486,3.9077292460732087,-0.0006935575498883,0.1177292460732077,10,10,-7.5,-3.7
CC(C)C1=CC[C@H](O)[C@@H](C(=O)O)C1,CC(C)C1=CC[C@H](O)[C@@H](C(=O)N(C)C)C1,[*]C(=O)O,[*]C(=O)N(C)C,[*:1]-[CH0](=[OH0])-[OH1]>>[*:1]-[CH0](=[OH0])-[NH0](-[CH3])-[CH3],153,1.4279,211.157228912,0.7018755448284401,3.8338465720843953,0.0638233967214031,0.0438465720843943,10,11,-7.5,-4.0
CC(C)C1=CC[C@H](O)[C@@H](C(=O)O)C1,CC(C)C1=CC[C@H](O)[C@@H](CN(C)C)C1,[*]C(=O)O,[*]CN(C)C,[*:1]-[CH0](=[OH0])-[OH1]>>[*:1]-[CH2]-[NH0](-[CH3])-[CH3],24,1.9013,197.177964356,0.6985349994276923,3.936520826114789,0.0604828513206553,0.1465208261147879,10,12,-7.5,-4.8
CC(C)C1=CC[C@H](O)[C@@H](C(=O)O)C1,CC(=O)N[C@H]1CC(C(C)C)=CC[C@@H]1O,[*]C(=O)O,[*]NC(C)=O,[*:1]-[CH0](=[OH0])-[OH1]>>[*:1]-[NH1]-[CH0](-[CH3])=[OH0],88,1.2281999999999995,197.141578848,0.6540426724759788,3.82998402777799,0.0159905243689418,0.0399840277779892,10,13,-7.5,-6.1
CC(C)C1=CC[C@H](O)[C@@H](C(=O)O)C1,CC(C)C1=CC[C@H](O)[C@@H](N2CCN(C)CC2)C1,[*]C(=O)O,[*]N1CCN(C)CC1,[*:1]-[CH0](=[OH0])-[OH1]>>[*:1]-[NH0]1-[CH2]-[CH2]-[NH0](-[CH3])-[CH2]-[CH2]-1,14,1.3394999999999997,238.204513452,0.7355210755513752,3.6123415106340655,0.0974689274443383,-0.1776584893659354,10,14,-7.5,-3.3
CC(C)C1=CC[C@H](O)[C@@H](C(=O)O)C1,CC(C)C1=CC[C@H](O)[C@@H](CCO)C1,[*]C(=O)O,[*]CCO,[*:1]-[CH0](=[OH0])-[OH1]>>[*:1]-[CH2]-[CH2]-[OH1],26,1.7221,184.14632988,0.655629313093414,3.966671377422864,0.017577164986377,0.1766713774228634,10,15,-7.5,-5.9
CC(C)C1=CC[C@H](O)[C@@H](C(=O)O)C1,COC[C@H]1CC(C(C)C)=CC[C@@H]1O,[*]C(=O)O,[*]COC,[*:1]-[CH0](=[OH0])-[OH1]>>[*:1]-[CH2]-[OH0]-[CH3],25,1.9861,184.14632988,0.6796008091231638,3.9682340147855015,0.0415486610161268,0.1782340147855006,10,16,-7.5,-5.4
CC(C)C1=CC[C@H](O)[C@@H](C(=O)O)C1,CC(C)C1=CC[C@H](O)[C@@H](N2CCOCC2)C1,[*]C(=O)O,[*]N1CCOCC1,[*:1]-[CH0](=[OH0])-[OH1]>>[*:1]-[NH0]1-[CH2]-[CH2]-[OH0]-[CH2]-[CH2]-1,37,1.4242999999999997,225.172878976,0.7215518319488757,3.6873932895755575,0.0834996838418388,-0.1026067104244434,10,17,-7.5,-4.9
CC(C)C1=CC[C@H](O)[C@@H](C(=O)O)C1,CC(C)C1=CC[C@H](O)[C@@H](C(F)(F)F)C1,[*]C(=O)O,[*]C(F)(F)F,[*:1]-[CH0](=[OH0])-[OH1]>>[*:1]-[CH0](-[FH0])(-[FH0])-[FH0],118,2.902000000000001,208.10749976,0.6567563556826252,4.015690784534748,0.0187042075755883,0.2256907845347466,10,18,-7.5,-6.4
CC(C)C1=CC[C@H](O)[C@@H](C(=O)O)C1,CC(C)C1=CC[C@H](O)[C@@H](CC(N)=O)C1,[*]C(=O)O,[*]CC(N)=O,[*:1]-[CH0](=[OH0])-[OH1]>>[*:1]-[CH2]-[CH0](-[NH2])=[OH0],13,1.2150999999999998,197.141578848,0.6679840534639517,3.963711678505641,0.0299319053569148,0.17371167850564,10,19,-7.5,-5.7
CC(C)C1=CC[C@H](O)[C@@H](C(=O)O)C1,CC(C)O[C@H]1CC(C(C)C)=CC[C@@H]1O,[*]C(=O)O,[*]OC(C)C,[*:1]-[CH0](=[OH0])-[OH1]>>[*:1]-[OH0]-[CH1](-[CH3])-[CH3],12,2.517100000000001,198.161979944,0.7060374448148193,3.923569058963023,0.0679852967077824,0.1335690589630216,10,20,-7.5,-5.4
CC(C)C1=CC[C@H](O)[C@@H](C(=O)O)C1,CC(C)C1=CC[C@H](O)[C@@H](OC(F)(F)F)C1,[*]C(=O)O,[*]OC(F)(F)F,[*:1]-[CH0](=[OH0])-[OH1]>>[*:1]-[OH0]-[CH0](-[FH0])(-[FH0])-[FH0],36,2.6285000000000007,224.10241438,0.7304612773436951,4.099795684510432,0.0924091292366582,0.3097956845104308,10,21,-7.5,-6.2
CC(C)C1=CC[C@H](O)[C@@H](C(=O)O)C1,CC(C)C1=CC[C@H](O)[C@@H](C(=O)N2CCC2)C1,[*]C(=O)O,[*]C(=O)N1CCC1,[*:1]-[CH0](=[OH0])-[OH1]>>[*:1]-[CH0](=[OH0])-[NH0]1-[CH2]-[CH2]-[CH2]-1,12,1.5719999999999998,223.157228912,0.7218935643678119,3.607900266319742,0.083841416260775,-0.1820997336802587,10,22,-7.5,-5.0
CC(C)C1=CC[C@H](O)[C@@H](C(=O)O)C1,CC(C)C1=CC[C@H](O)[C@@H](CC(=O)O)C1,[*]C(=O)O,[*]CC(=O)O,[*:1]-[CH0](=[OH0])-[OH1]>>[*:1]-[CH2]-[CH0](=[OH0])-[OH1],212,1.8144,198.125594436,0.6798969716214033,3.8373150049089686,0.0418448235143663,0.0473150049089676,10,23,-7.5,-5.9
CC(C)C1=CC[C@H](O)[C@@H](C(=O)O)C1,CCNC(=O)[C@H]1CC(C(C)C)=CC[C@@H]1O,[*]C(=O)O,[*]C(=O)NCC,[*:1]-[CH0](=[OH0])-[OH1]>>[*:1]-[CH0](=[OH0])-[NH1]-[CH2]-[CH3],40,1.4758,211.157228912,0.6945828050565954,3.6796440868772953,0.0565306569495585,-0.1103559131227056,10,24,-7.5,-5.8
CC(C)C1=CC[C@H](O)[C@@H](C(=O)O)C1,CC(C)C1=CC[C@H](O)[C@@H](C(=O)N2CCCCC2)C1,[*]C(=O)O,[*]C(=O)N1CCCCC1,[*:1]-[CH0](=[OH0])-[OH1]>>[*:1]-[CH0](=[OH0])-[NH0]1-[CH2]-[CH2]-[CH2]-[CH2]-[CH2]-1,29,2.3522000000000007,251.18852904,0.7653410661279337,3.4633522402191392,0.1272889180208968,-0.3266477597808617,10,25,-7.5,-4.4
CC(C)C1=CC[C@H](O)[C@@H](C(=O)O)C1,CC(C)C1=CC[C@H](O)[C@@H](C(=O)N2CCCC2)C1,[*]C(=O)O,[*]C(=O)N1CCCC1,[*:1]-[CH0](=[OH0])-[OH1]>>[*:1]-[CH0](=[OH0])-[NH0]1-[CH2]-[CH2]-[CH2]-[CH2]-1,20,1.9621,237.172878976,0.7458505975085776,3.515241674300187,0.1077984494015407,-0.274758325699814,10,26,-7.5,-4.5
CC(C)C1=CC[C@H](O)[C@@H](C(=O)O)C1,CC(C)C1=CC[C@H](O)[C@@H](N2CCCCC2)C1,[*]C(=O)O,[*]N1CCCCC1,[*:1]-[CH0](=[OH0])-[OH1]>>[*:1]-[NH0]1-[CH2]-[CH2]-[CH2]-[CH2]-[CH2]-1,10,2.578000000000001,223.19361442,0.727343744903,3.5513348280370955,0.0892915967959631,-0.2386651719629053,10,27,-7.5,-3.4
CC(C)C1=CC[C@H](O)[C@@H](C(=O)O)C1,CC(C)C1=CC[C@H](O)[C@@H](C(=O)NC2CC2)C1,[*]C(=O)O,[*]C(=O)NC1CC1,[*:1]-[CH0](=[OH0])-[OH1]>>[*:1]-[CH0](=[OH0])-[NH1]-[CH1]1-[CH2]-[CH2]-1,32,1.6182999999999996,223.157228912,0.7142440593416283,3.620722448788437,0.0761919112345913,-0.1692775512115636,10,28,-7.5,-6.0
CC(C)C1=CC[C@H](O)[C@@H](C(=O)O)C1,CC(=O)NC[C@H]1CC(C(C)C)=CC[C@@H]1O,[*]C(=O)O,[*]CNC(C)=O,[*:1]-[CH0](=[OH0])-[OH1]>>[*:1]-[CH2]-[NH1]-[CH0](-[CH3])=[OH0],13,1.4758,211.157228912,0.6945828050565954,3.787664856108064,0.0565306569495585,-0.002335143891937,10,29,-7.5,-6.1
CC(C)C1=CC[C@H](O)[C@@H](C(=O)O)C1,CC(C)C1=CC[C@H](O)[C@@H](C(C)(C)O)C1,[*]C(=O)O,[*]C(C)(C)O,[*:1]-[CH0](=[OH0])-[OH1]>>[*:1]-[CH0](-[CH3])(-[CH3])-[OH1],20,2.1106,198.161979944,0.6671310934940894,4.036686938380901,0.0290789453870524,0.2466869383809005,10,30,-7.5,-5.1
CC(C)C1=CC[C@H](O)[C@@H](C(=O)O)C1,CC(=O)[C@H]1CC(C(C)C)=CC[C@@H]1O,[*]C(=O)O,[*]C(C)=O,[*:1]-[CH0](=[OH0])-[OH1]>>[*:1]-[CH0](-[CH3])=[OH0],68,1.9287,182.130679816,0.6624486739503296,3.886304926227001,0.0243965258432926,0.0963049262269999,10,31,-7.5,-5.9
CC(C)C1=CC[C@H](O)[C@@H](C(=O)O)C1,CC(C)C1=CC[C@H](O)[C@@H](OCCO)C1,[*]C(=O)O,[*]OCCO,[*:1]-[CH0](=[OH0])-[OH1]>>[*:1]-[OH0]-[CH2]-[CH2]-[OH1],17,1.101,200.1412445,0.6681024072542114,3.901544023401145,0.0300502591471745,0.1115440234011435,10,32,-7.5,-6.2
CC(C)C1=CC[C@H](O)[C@@H](C(=O)O)C1,CC(C)C1=CC[C@H](O)[C@@H](C(=O)N2CCOCC2)C1,[*]C(=O)O,[*]C(=O)N1CCOCC1,[*:1]-[CH0](=[OH0])-[OH1]>>[*:1]-[CH0](=[OH0])-[NH0]1-[CH2]-[CH2]-[OH0]-[CH2]-[CH2]-1,80,1.1984999999999997,253.167793596,0.7522923649410557,3.5692503940652944,0.1142402168340187,-0.2207496059347065,10,33,-7.5,-3.5
CC(C)C1=CC[C@H](O)[C@@H](C(=O)O)C1,CC(C)NC(=O)[C@H]1CC(C(C)C)=CC[C@@H]1O,[*]C(=O)O,[*]C(=O)NC(C)C,[*:1]-[CH0](=[OH0])-[OH1]>>[*:1]-[CH0](=[OH0])-[NH1]-[CH1](-[CH3])-[CH3],30,1.8643,225.172878976,0.720304957673056,3.649444937927205,0.0822528095660191,-0.1405550620727957,10,34,-7.5,-6.3
CC(C)C1=CC[C@H](O)[C@@H](C(=O)O)C1,CC(C)C1=CC[C@H](O)[C@@H](C(=O)N2CCNCC2)C1,[*]C(=O)O,[*]C(=O)N1CCNCC1,[*:1]-[CH0](=[OH0])-[OH1]>>[*:1]-[CH0](=[OH0])-[NH0]1-[CH2]-[CH2]-[NH1]-[CH2]-[CH2]-1,11,0.7714999999999996,252.183778008,0.713866918137474,3.7066596248345247,0.0758147700304371,-0.0833403751654762,10,35,-7.5,-3.8
CC(C)C1=CC[C@H](O)[C@@H](C(=O)O)C1,COC(=O)[C@H]1CC(C(C)C)=CC[C@@H]1O,[*]C(=O)O,[*]C(=O)OC,[*:1]-[CH0](=[OH0])-[OH1]>>[*:1]-[CH0](=[OH0])-[OH0]-[CH3],638,1.5127000000000002,198.125594436,0.5401652804288118,3.753774048568012,-0.097886867678225,-0.0362259514319891,10,36,-7.5,-5.9
CC(C)C1=CC[C@H](O)[C@@H](C(=O)O)C1,CC(C)C1=CC[C@H](O)[C@@H](OCC(=O)O)C1,[*]C(=O)O,[*]OCC(=O)O,[*:1]-[CH0](=[OH0])-[OH1]>>[*:1]-[OH0]-[CH2]-[CH0](=[OH0])-[OH1],48,1.1933,214.120509056,0.689821462892896,3.788623702261911,0.0517693147858591,-0.0013762977380897,10,37,-7.5,-6.7
CC(C)C1=CC[C@H](O)[C@@H](C(=O)O)C1,CC(C)C1=CC[C@H](O)[C@@H](CN2CCOCC2)C1,[*]C(=O)O,[*]CN1CCOCC1,[*:1]-[CH0](=[OH0])-[OH1]>>[*:1]-[CH2]-[NH0]1-[CH2]-[CH2]-[OH0]-[CH2]-[CH2]-1,19,1.6718999999999995,239.18852904,0.7605190995550205,3.657906588375473,0.1224669514479835,-0.1320934116245276,10,38,-7.5,-3.9
CC(C)C1=CC[C@H](O)[C@@H](C(=O)O)C1,CC(C)C1=CC[C@H](O)[C@@H](NS(C)(=O)=O)C1,[*]C(=O)O,[*]NS(C)(=O)=O,[*:1]-[CH0](=[OH0])-[OH1]>>[*:1]-[NH1]-[SH0](-[CH3])(=[OH0])=[OH0],55,0.6413,233.108564468,0.703054742638584,3.932377933031141,0.0650025945315471,0.1423779330311401,10,39,-7.5,-5.7
CC(C)C1=CC[C@H](O)[C@@H](C(=O)O)C1,CC(C)C1=CC[C@H](O)[C@@H](NC(N)=O)C1,[*]C(=O)O,[*]NC(N)=O,[*:1]-[CH0](=[OH0])-[OH1]>>[*:1]-[NH1]-[CH0](-[NH2])=[OH0],10,0.7603999999999997,198.136827816,0.5728997137575688,3.984256377050341,-0.0651524343494681,0.1942563770503396,10,40,-7.5,-6.6
CC(C)C1=CC[C@H](O)[C@@H](C(=O)O)C1,CC(C)C1=CC[C@H](O)[C@@H](C(=O)N2CCN(C)CC2)C1,[*]C(=O)O,[*]C(=O)N1CCN(C)CC1,[*:1]-[CH0](=[OH0])-[OH1]>>[*:1]-[CH0](=[OH0])-[NH0]1-[CH2]-[CH2]-[NH0](-[CH3])-[CH2]-[CH2]-1,46,1.1137,266.199428072,0.7616301207429043,3.5185538169233395,0.1235779726358673,-0.2714461830766614,10,41,-7.5,-2.6
CC(C)C1=CC[C@H](O)[C@@H](C(=O)O)C1,CCCNC(=O)[C@H]1CC(C(C)C)=CC[C@@H]1O,[*]C(=O)O,[*]C(=O)NCCC,[*:1]-[CH0](=[OH0])-[OH1]>>[*:1]-[CH0](=[OH0])-[NH1]-[CH2]-[CH2]-[CH3],12,1.8659,225.172878976,0.7175293059642182,3.556521375443177,0.0794771578571812,-0.2334786245568239,10,42,-7.5,-6.1
CC(C)C1=CC[C@H](O)[C@@H](C(=O)O)C1,CC(C)C1=CC[C@H](O)[C@@H](CCC(=O)O)C1,[*]C(=O)O,[*]CCC(=O)O,[*:1]-[CH0](=[OH0])-[OH1]>>[*:1]-[CH2]-[CH2]-[CH0](=[OH0])-[OH1],69,2.2045000000000003,212.1412445,0.7023025896226228,3.7400444714926806,0.0642504415155859,-0.0499555285073203,10,43,-7.5,-6.2
CC(C)C1=CC[C@H](O)[C@@H](C(=O)O)C1,CC(C)C1=CC[C@H](O)[C@@H](C(C)O)C1,[*]C(=O)O,[*]C(C)O,[*:1]-[CH0](=[OH0])-[OH1]>>[*:1]-[CH1](-[CH3])-[OH1],18,1.7205,184.14632988,0.6414705325216334,4.203582090942566,0.0034183844145965,0.4135820909425654,10,44,-7.5,-5.8
CC(C)C1=CC[C@H](O)[C@@H](C(=O)O)C1,CC(C)C1=CC[C@H](O)[C@@H](C(=O)NC2CCCCC2)C1,[*]C(=O)O,[*]C(=O)NC1CCCCC1,[*:1]-[CH0](=[OH0])-[OH1]>>[*:1]-[CH0](=[OH0])-[NH1]-[CH1]1-[CH2]-[CH2]-[CH2]-[CH2]-[CH2]-1,10,2.7886000000000006,265.204179104,0.7709132579196326,3.4509788085500004,0.1328611098125957,-0.3390211914500005,10,45,-7.5,-7.1
CC(C)C1=CC[C@H](O)[C@@H](C(=O)O)C1,CCOC(=O)[C@H]1CC(C(C)C)=CC[C@@H]1O,[*]C(=O)O,[*]C(=O)OCC,[*:1]-[CH0](=[OH0])-[OH1]>>[*:1]-[CH0](=[OH0])-[OH0]-[CH2]-[CH3],288,1.9028,212.1412445,0.5738554504356679,3.647309856108065,-0.064196697671369,-0.1426901438919356,10,46,-7.5,-5.5
CC(C)C1=CC[C@H](O)[C@@H](C(=O)O)C1,CC(C)C1=CC[C@H](O)[C@@H](C(=O)NS(C)(=O)=O)C1,[*]C(=O)O,[*]C(=O)NS(C)(=O)=O,[*:1]-[CH0](=[OH0])-[OH1]>>[*:1]-[CH0](=[OH0])-[NH1]-[SH0](-[CH3])(=[OH0])=[OH0],60,0.4155,261.10347908800003,0.7210023931407337,3.843324682781068,0.0829502450336967,0.0533246827810671,10,47,-7.5,-6.1
CC(C)C1=CC[C@H](O)[C@@H](C(=O)O)C1,CC(C)C1=CC[C@H](O)[C@@H](c2ccccc2)C1,[*]C(=O)O,[*]c1ccccc1,[*:1]-[CH0](=[OH0])-[OH1]>>[*:1]-[cH0]1:[cH1]:[cH1]:[cH1]:[cH1]:[cH1]:1,60,3.5073000000000025,216.15141526,0.7500319412727097,3.2404179049601733,0.1119797931656727,-0.5495820950398276,10,48,-7.5,-4.2
CC(C)C1=CC[C@H](O)[C@@H](C(=O)O)C1,CC(C)C1=CC[C@H](O)[C@@H](NC(=O)OC(C)(C)C)C1,[*]C(=O)O,[*]NC(=O)OC(C)(C)C,[*:1]-[CH0](=[OH0])-[OH1]>>[*:1]-[NH1]-[CH0](=[OH0])-[OH0]-[CH0](-[CH3])(-[CH3])-[CH3],15,2.6168000000000013,255.18344366,0.7456705002181766,3.653485444801792,0.1076183521111396,-0.1365145551982092,10,49,-7.5,-5.3
CC(C)C1=CC[C@H](O)[C@@H](C(=O)O)C1,COc1ccc([C@H]2CC(C(C)C)=CC[C@@H]2O)cc1,[*]C(=O)O,[*]c1ccc(OC)cc1,[*:1]-[CH0](=[OH0])-[OH1]>>[*:1]-[cH0]1:[cH1]:[cH1]:[cH0](-[OH0]-[CH3]):[cH1]:[cH1]:1,11,3.515900000000003,246.161979944,0.8268867692408884,3.210499317142217,0.1888346211338515,-0.579500682857784,10,50,-7.5,-4.4
CC(C)C1=CC[C@H](O)[C@@H](C(=O)O)C1,CC(C)C1=CC[C@H](O)[C@@H](C(=O)NCCN)C1,[*]C(=O)O,[*]C(=O)NCCN,[*:1]-[CH0](=[OH0])-[OH1]>>[*:1]-[CH0](=[OH0])-[NH1]-[CH2]-[CH2]-[NH2],13,0.4145999999999994,226.168127944,0.6079040267112665,3.7194068852821767,-0.0301481213957703,-0.0705931147178242,10,51,-7.5,-6.2
CC(C)C1=CC[C@H](O)[C@@H](C(=O)O)C1,CC(C)C1=CC[C@H](O)[C@@H](OCCN(C)C)C1,[*]C(=O)O,[*]OCCN(C)C,[*:1]-[CH0](=[OH0])-[OH1]>>[*:1]-[OH0]-[CH2]-[CH2]-[NH0](-[CH3])-[CH3],14,1.6702999999999997,227.18852904,0.7252321797512189,3.789494184029939,0.0871800316441819,-0.0005058159700617,10,52,-7.5,-6.1
CC(C)C1=CC[C@H](O)[C@@H](C(=O)O)C1,CC(C)C1=CC[C@H](O)[C@@H](C(C)(C)C(=O)O)C1,[*]C(=O)O,[*]C(C)(C)C(=O)O,[*:1]-[CH0](=[OH0])-[OH1]>>[*:1]-[CH0](-[CH3])(-[CH3])-[CH0](=[OH0])-[OH1],12,2.450500000000001,226.156894564,0.7266643821257028,4.048686722971429,0.0886122340186659,0.2586867229714285,10,53,-7.5,-4.1
CC(C)C1=CC[C@H](O)[C@@H](C(=O)O)C1,CS[C@H]1CC(C(C)C)=CC[C@@H]1O,[*]C(=O)O,[*]SC,[*:1]-[CH0](=[OH0])-[OH1]>>[*:1]-[SH0]-[CH3],25,2.4551000000000007,186.107836196,0.668476939098004,4.24372868332737,0.030424790990967,0.4537286833273688,10,54,-7.5,-5.2
CC(C)C1=CC[C@H](O)[C@@H](C(=O)O)C1,COC(=O)C[C@H]1CC(C(C)C)=CC[C@@H]1O,[*]C(=O)O,[*]CC(=O)OC,[*:1]-[CH0](=[OH0])-[OH1]>>[*:1]-[CH2]-[CH0](=[OH0])-[OH0]-[CH3],18,1.9028,212.1412445,0.5738554504356679,3.775002548415757,-0.064196697671369,-0.0149974515842439,10,55,-7.5,-5.0
CC(C)C1=CC[C@H](O)[C@@H](C(=O)O)C1,CONC(=O)[C@H]1CC(C(C)C)=CC[C@@H]1O,[*]C(=O)O,[*]C(=O)NOC,[*:1]-[CH0](=[OH0])-[OH1]>>[*:1]-[CH0](=[OH0])-[NH1]-[OH0]-[CH3],13,1.0172999999999994,213.136493468,0.5432702821367476,4.017168317646526,-0.0947818659702893,0.2271683176465249,10,56,-7.5,-7.1
CC(C)C1=CC[C@H](O)[C@@H](C(=O)O)C1,CC(C)C1=CC[C@H](O)[C@@H](c2n[nH]c(=O)o2)C1,[*]C(=O)O,[*]c1n[nH]c(=O)o1,[*:1]-[CH0](=[OH0])-[OH1]>>[*:1]-[cH0]1:[nH0]:[nH1]:[cH0](=[OH0]):[oH0]:1,13,1.1836,224.116092372,0.7392694508083076,4.244222660204928,0.1012173027012707,0.4542226602049268,10,57,-7.5,-6.6
CC(C)C1=CC[C@H](O)[C@@H](C(=O)O)C1,CCN(CC)C(=O)[C@H]1CC(C(C)C)=CC[C@@H]1O,[*]C(=O)O,[*]C(=O)N(CC)CC,[*:1]-[CH0](=[OH0])-[OH1]>>[*:1]-[CH0](=[OH0])-[NH0](-[CH2]-[CH3])-[CH2]-[CH3],26,2.2081,239.18852904,0.7641030366477625,3.699071396067781,0.1260508885407255,-0.0909286039322196,10,58,-7.5,-3.8
CC(C)C1=CC[C@H](O)[C@@H](C(=O)O)C1,CC(C)C1=CC[C@H](O)[C@@H](C(=O)NCC(=O)O)C1,[*]C(=O)O,[*]C(=O)NCC(=O)O,[*:1]-[CH0](=[OH0])-[OH1]>>[*:1]-[CH0](=[OH0])-[NH1]-[CH2]-[CH0](=[OH0])-[OH1],23,0.5404999999999998,241.131408088,0.6269186461867913,3.5970190883754736,-0.0111335019202456,-0.1929809116245273,10,59,-7.5,-6.5
CC(C)C1=CC[C@H](O)[C@@H](C(=O)O)C1,CC(C)C1=CC[C@H](O)[C@@H](c2ccccn2)C1,[*]C(=O)O,[*]c1ccccn1,[*:1]-[CH0](=[OH0])-[OH1]>>[*:1]-[cH0]1:[cH1]:[cH1]:[cH1]:[cH1]:[nH0]:1,12,2.902300000000001,217.146664228,0.7726107167882802,3.598199443421711,0.1345585686812432,-0.1918005565782898,10,60,-7.5,-5.4
CC(C)C1=CC[C@H](O)[C@@H](C(=O)O)C1,CC(C)C1=CC[C@H](O)[C@@H](C(=O)NCCN(C)C)C1,[*]C(=O)O,[*]C(=O)NCCN(C)C,[*:1]-[CH0](=[OH0])-[OH1]>>[*:1]-[CH0](=[OH0])-[NH1]-[CH2]-[CH2]-[NH0](-[CH3])-[CH3],35,1.0174999999999996,254.199428072,0.7202217862952861,3.592789086372985,0.0821696381882491,-0.1972109136270159,10,61,-7.5,-6.1
CC(C)C1=CC[C@H](O)[C@@H](C(=O)O)C1,CC(C)C1=CC[C@H](O)[C@@H](C(=O)NS(=O)(=O)C2CC2)C1,[*]C(=O)O,[*]C(=O)NS(=O)(=O)C1CC1,[*:1]-[CH0](=[OH0])-[OH1]>>[*:1]-[CH0](=[OH0])-[NH1]-[SH0](=[OH0])(=[OH0])-[CH1]1-[CH2]-[CH2]-1,14,0.9481,287.119129152,0.7540420407437765,3.850084526982512,0.1159898926367395,0.0600845269825107,10,62,-7.5,-5.7
CC(C)C1=CC[C@H](O)[C@@H](C(=O)O)C1,CC(C)OC(=O)[C@H]1CC(C(C)C)=CC[C@@H]1O,[*]C(=O)O,[*]C(=O)OC(C)C,[*:1]-[CH0](=[OH0])-[OH1]>>[*:1]-[CH0](=[OH0])-[OH0]-[CH1](-[CH3])-[CH3],20,2.291300000000001,226.156894564,0.5929991701931177,3.760646036828304,-0.0450529779139192,-0.0293539631716974,10,63,-7.5,-5.4
CC(C)C1=CC[C@H](O)[C@@H](C(=O)O)C1,CC(C)C1=CC[C@H](O)[C@@H](c2nn[nH]n2)C1,[*]C(=O)O,[*]c1nn[nH]n1,[*:1]-[CH0](=[OH0])-[OH1]>>[*:1]-[cH0]1:[nH0]:[nH0]:[nH1]:[nH0]:1,115,1.0204,208.132411132,0.7114680362603676,4.155462548415757,0.0734158881533306,0.3654625484157563,10,64,-7.5,-5.8
CC(C)C1=CC[C@H](O)[C@@H](C(=O)O)C1,CC(C)C1=CC[C@H](O)[C@@H](C(=O)OCCO)C1,[*]C(=O)O,[*]C(=O)OCCO,[*:1]-[CH0](=[OH0])-[OH1]>>[*:1]-[CH0](=[OH0])-[OH0]-[CH2]-[CH2]-[OH1],10,0.8751999999999999,228.13615912,0.5533568365316651,3.7767975829565934,-0.0846953115753718,-0.0132024170434066,10,65,-7.5,-5.8
CC(C)C1=CC[C@H](O)[C@@H](C(=O)O)C1,COC(=O)CNC(=O)[C@H]1CC(C(C)C)=CC[C@@H]1O,[*]C(=O)O,[*]C(=O)NCC(=O)OC,[*:1]-[CH0](=[OH0])-[OH1]>>[*:1]-[CH0](=[OH0])-[NH1]-[CH2]-[CH0](=[OH0])-[OH0]-[CH3],13,0.6288999999999996,255.147058152,0.5704320289033472,3.5586612017576016,-0.0676201192036897,-0.2313387982423993,10,66,-7.5,-6.5
CC(C)C1=CC[C@H](O)[C@@H](C(=O)O)C1,CC(C)C1=CC[C@H](O)[C@@H](Oc2ccccc2)C1,[*]C(=O)O,[*]Oc1ccccc1,[*:1]-[CH0](=[OH0])-[OH1]>>[*:1]-[OH0]-[cH0]1:[cH1]:[cH1]:[cH1]:[cH1]:[cH1]:1,20,3.171100000000002,232.14632988,0.8110461130094069,3.327996011452397,0.1729939649023699,-0.4620039885476039,10,67,-7.5,-5.7
CC(C)C1=CC[C@H](O)[C@@H](C(=O)O)C1,CC(C)C1=CC[C@H](O)[C@@H](CCCC(=O)O)C1,[*]C(=O)O,[*]CCCC(=O)O,[*:1]-[CH0](=[OH0])-[OH1]>>[*:1]-[CH2]-[CH2]-[CH2]-[CH0](=[OH0])-[OH1],15,2.5946000000000007,226.156894564,0.7083405552226046,3.681507064173053,0.0702884071155677,-0.1084929358269484,10,68,-7.5,-6.2
CC(C)C1=CC[C@H](O)[C@@H](C(=O)O)C1,CC(C)C1=CC[C@H](O)[C@@H](C(=O)OC(C)(C)C)C1,[*]C(=O)O,[*]C(=O)OC(C)(C)C,[*:1]-[CH0](=[OH0])-[OH1]>>[*:1]-[CH0](=[OH0])-[OH0]-[CH0](-[CH3])(-[CH3])-[CH3],25,2.681400000000001,240.172544628,0.5960099388647603,3.69346209536848,-0.0420422092422766,-0.0965379046315213,10,69,-7.5,-4.4
CC(C)C1=CC[C@H](O)[C@@H](C(=O)O)C1,CC(C)C1=CC[C@H](O)[C@@H](C(C)C(=O)O)C1,[*]C(=O)O,[*]C(C)C(=O)O,[*:1]-[CH0](=[OH0])-[OH1]>>[*:1]-[CH1](-[CH3])-[CH0](=[OH0])-[OH1],12,2.0604,212.1412445,0.7039307568788912,4.107358195553877,0.0658786087718542,0.3173581955538758,10,70,-7.5,-4.9
CC(C)C1=CC[C@H](O)[C@@H](C(=O)O)C1,CC(C)C1=CC[C@H](O)[C@@H](c2cccs2)C1,[*]C(=O)O,[*]c1cccs1,[*:1]-[CH0](=[OH0])-[OH1]>>[*:1]-[cH0]1:[cH1]:[cH1]:[cH1]:[sH0]:1,10,3.568800000000002,222.107836196,0.7584429388728602,3.719137273690484,0.1203907907658232,-0.0708627263095174,10,71,-7.5,-4.5
CC(C)C1=CC[C@H](O)[C@@H](C(=O)O)C1,CC(C)C1=CC[C@H](O)[C@@H](C(=O)NCCO)C1,[*]C(=O)O,[*]C(=O)NCCO,[*:1]-[CH0](=[OH0])-[OH1]>>[*:1]-[CH0](=[OH0])-[NH1]-[CH2]-[CH2]-[OH1],48,0.4481999999999995,227.152143532,0.6106573759673757,3.6667013396650017,-0.0273947721396612,-0.1232986603349992,10,72,-7.5,-6.1
CC(C)C1=CC[C@H](O)[C@@H](C(=O)O)C1,COCCNC(=O)[C@H]1CC(C(C)C)=CC[C@@H]1O,[*]C(=O)O,[*]C(=O)NCCOC,[*:1]-[CH0](=[OH0])-[OH1]>>[*:1]-[CH0](=[OH0])-[NH1]-[CH2]-[CH2]-[OH0]-[CH3],26,1.1022999999999994,241.167793596,0.559603698986312,3.556475610114604,-0.0784484491207249,-0.2335243898853969,10,73,-7.5,-6.2
CC(C)C1=CC[C@H](O)[C@@H](C(=O)O)C1,CC(C)C1=CC[C@H](O)[C@@H](C(=O)OCc2ccccc2)C1,[*]C(=O)O,[*]C(=O)OCc1ccccc1,[*:1]-[CH0](=[OH0])-[OH1]>>[*:1]-[CH0](=[OH0])-[OH0]-[CH2]-[cH0]1:[cH1]:[cH1]:[cH1]:[cH1]:[cH1]:1,26,3.0831000000000017,274.156894564,0.677684418858657,3.2374817634648165,0.0396322707516201,-0.5525182365351844,10,74,-7.5,-6.9
CC(C)C1=CC[C@H](O)[C@@H](C(=O)O)C1,CC(C)C1=CC[C@H](O)[C@@H](c2nnn[nH]2)C1,[*]C(=O)O,[*]c1nnn[nH]1,[*:1]-[CH0](=[OH0])-[OH1]>>[*:1]-[cH0]1:[nH0]:[nH0]:[nH0]:[nH1]:1,179,1.0204,208.132411132,0.7114680362603676,4.377139471492681,0.0734158881533306,0.5871394714926801,10,75,-7.5,-6.4
CC(C)C1=CC[C@H](O)[C@@H](C(=O)O)C1,CC(C)C1=CC[C@H](O)[C@@H](C(=O)NCCN2CCOCC2)C1,[*]C(=O)O,[*]C(=O)NCCN1CCOCC1,[*:1]-[CH0](=[OH0])-[OH1]>>[*:1]-[CH0](=[OH0])-[NH1]-[CH2]-[CH2]-[NH0]1-[CH2]-[CH2]-[OH0]-[CH2]-[CH2]-1,24,0.7880999999999994,296.209992756,0.7364127644500096,3.474046452912328,0.0983606163429726,-0.3159535470876733,10,76,-7.5,-6.2
CC(C)C1=CC[C@H](O)[C@@H](C(=O)O)C1,COCCO[C@H]1CC(C(C)C)=CC[C@@H]1O,[*]C(=O)O,[*]OCCOC,[*:1]-[CH0](=[OH0])-[OH1]>>[*:1]-[OH0]-[CH2]-[CH2]-[OH0]-[CH3],12,1.7551,214.156894564,0.5595636354303742,3.753806450854782,-0.0784885126766626,-0.0361935491452189,10,77,-7.5,-6.2
CC(C)C1=CC[C@H](O)[C@@H](C(=O)O)C1,CC(C)C1=CC[C@H](O)[C@@H](c2cccnc2)C1,[*]C(=O)O,[*]c1cccnc1,[*:1]-[CH0](=[OH0])-[OH1]>>[*:1]-[cH0]1:[cH1]:[cH1]:[cH1]:[nH0]:[cH1]:1,15,2.902300000000001,217.146664228,0.7726107167882802,3.546414828037096,0.1345585686812432,-0.2435851719629047,10,78,-7.5,-5.0
CC(C)C1=CC[C@H](O)[C@@H](C(=O)O)C1,CC(C)C1=CC[C@H](O)[C@@H](C(=O)Nc2ccccc2)C1,[*]C(=O)O,[*]C(=O)Nc1ccccc1,[*:1]-[CH0](=[OH0])-[OH1]>>[*:1]-[CH0](=[OH0])-[NH1]-[cH0]1:[cH1]:[cH1]:[cH1]:[cH1]:[cH1]:1,24,2.978400000000001,259.157228912,0.8198326330288024,3.155650796938969,0.1817804849217654,-0.6343492030610314,10,79,-7.5,-7.2
CC(C)C1=CC[C@H](O)[C@@H](C(=O)O)C1,CC(C)C1=CC[C@H](O)[C@@H](c2ccncc2)C1,[*]C(=O)O,[*]c1ccncc1,[*:1]-[CH0](=[OH0])-[OH1]>>[*:1]-[cH0]1:[cH1]:[cH1]:[nH0]:[cH1]:[cH1]:1,13,2.902300000000001,217.146664228,0.7726107167882802,3.5611163664986334,0.1345585686812432,-0.2288836335013675,10,80,-7.5,-3.9
CC(C)C1=CC[C@H](O)[C@@H](C(=O)O)C1,CC(C)C1=CC[C@H](O)[C@@H](NC(=O)c2ccccc2)C1,[*]C(=O)O,[*]NC(=O)c1ccccc1,[*:1]-[CH0](=[OH0])-[OH1]>>[*:1]-[NH1]-[CH0](=[OH0])-[cH0]1:[cH1]:[cH1]:[cH1]:[cH1]:[cH1]:1,11,2.522100000000001,259.157228912,0.8194653023629574,3.2084621176936867,0.1814131542559205,-0.5815378823063142,10,81,-7.5,-7.1
CC(C)C1=CC[C@H](O)[C@@H](C(=O)O)C1,CC(C)C1=CC[C@H](O)[C@@H](NS(=O)(=O)C(F)(F)F)C1,[*]C(=O)O,[*]NS(=O)(=O)C(F)(F)F,[*:1]-[CH0](=[OH0])-[OH1]>>[*:1]-[NH1]-[SH0](=[OH0])(=[OH0])-[CH0](-[FH0])(-[FH0])-[FH0],13,1.5313000000000003,287.080299032,0.7736436623563026,4.051181310453252,0.1355915142492656,0.2611813104532512,10,82,-7.5,-6.1
CC(C)C1=CC[C@H](O)[C@@H](C(=O)O)C1,CC(C)C1=CC[C@H](O)[C@@H](c2noc(=O)[nH]2)C1,[*]C(=O)O,[*]c1noc(=O)[nH]1,[*:1]-[CH0](=[OH0])-[OH1]>>[*:1]-[cH0]1:[nH0]:[oH0]:[cH0](=[OH0]):[nH1]:1,30,1.1836,224.116092372,0.7392694508083076,4.4947656671979335,0.1012173027012707,0.7047656671979325,10,83,-7.5,-6.8
CC(C)C1=CC[C@H](O)[C@@H](C(=O)O)C1,CC(C)C1=CC[C@H](O)[C@@H](C(=O)NCc2ccccc2)C1,[*]C(=O)O,[*]C(=O)NCc1ccccc1,[*:1]-[CH0](=[OH0])-[OH1]>>[*:1]-[CH0](=[OH0])-[NH1]-[CH2]-[cH0]1:[cH1]:[cH1]:[cH1]:[cH1]:[cH1]:1,32,2.6561000000000003,273.172878976,0.8286045030025577,3.165002093135145,0.1905523548955208,-0.6249979068648557,10,84,-7.5,-5.3
CC(C)C1=CC[C@H](O)[C@@H](C(=O)O)C1,CC(C)C1=CC[C@H](O)[C@@H](OCc2ccccc2)C1,[*]C(=O)O,[*]OCc1ccccc1,[*:1]-[CH0](=[OH0])-[OH1]>>[*:1]-[OH0]-[CH2]-[cH0]1:[cH1]:[cH1]:[cH1]:[cH1]:[cH1]:1,17,3.308900000000002,246.161979944,0.8258820971274641,3.2410801497214026,0.1878299490204271,-0.5489198502785984,10,85,-7.5,-6.6
CC(C)C1=CC[C@H](O)[C@@H](C(=O)O)C1,CCCCNC(=O)[C@H]1CC(C(C)C)=CC[C@@H]1O,[*]C(=O)O,[*]C(=O)NCCCC,[*:1]-[CH0](=[OH0])-[OH1]>>[*:1]-[CH0](=[OH0])-[NH1]-[CH2]-[CH2]-[CH2]-[CH3],10,2.256,239.18852904,0.5708726147118393,3.4887167472383496,-0.0671795333951976,-0.3012832527616513,10,86,-7.5,-6.6
CC(C)C1=CC[C@H](O)[C@@H](C(=O)O)C1,CC(C)C1=CC[C@H](O)[C@@H](C(=O)NCCCN(C)C)C1,[*]C(=O)O,[*]C(=O)NCCCN(C)C,[*:1]-[CH0](=[OH0])-[OH1]>>[*:1]-[CH0](=[OH0])-[NH1]-[CH2]-[CH2]-[CH2]-[NH0](-[CH3])-[CH3],28,1.4076,268.215078136,0.5655131618214916,3.541202355036809,-0.0725389862855453,-0.2487976449631919,10,87,-7.5,-6.1
CC(C)C1=CC[C@H](O)[C@@H](C(=O)O)C1,CC(C)C1=CC[C@H](O)[C@@H](C(=O)NO)C1,[*]C(=O)O,[*]C(=O)NO,[*:1]-[CH0](=[OH0])-[OH1]>>[*:1]-[CH0](=[OH0])-[NH1]-[OH1],63,0.8450999999999996,199.120843404,0.3505398208945875,3.933250140044104,-0.2875123272124494,0.1432501400441026,10,88,-7.5,-6.3
CC(C)C1=CC[C@H](O)[C@@H](C(=O)O)C1,CC(C)C1=CC[C@H](O)[C@@H](C(=O)NN)C1,[*]C(=O)O,[*]C(=O)NN,[*:1]-[CH0](=[OH0])-[OH1]>>[*:1]-[CH0](=[OH0])-[NH1]-[NH2],12,0.3295999999999996,198.136827816,0.2589060607319686,3.9738044019983647,-0.3791460873750683,0.1838044019983638,10,89,-7.5,-6.8
C[C@]1(C(=O)O)C[C@H](C(=O)O)OC=N1,CO[C@@]1(C)C[C@H](C(=O)O)OC=N1,[*]C(=O)O,[*]OC,[*:1]-[CH0](=[OH0])-[OH1]>>[*:1]-[OH0]-[CH3],264,0.2507999999999998,173.068807832,0.6495183634028715,4.695558971788909,0.0296063894102996,0.2755589717889091,11,0,-6.9,-6.1
C[C@]1(C(=O)O)C[C@H](C(=O)O)OC=N1,CC(C)[C@@]1(C)C[C@H](C(=O)O)OC=N1,[*]C(=O)O,[*]C(C)C,[*:1]-[CH0](=[OH0])-[OH1]>>[*:1]-[CH1](-[CH3])-[CH3],15,1.3029000000000002,185.10519334,0.705049268886634,4.464854247493969,0.0851372948940621,0.0448542474939692,11,1,-6.9,-7.1
C[C@]1(C(=O)O)C[C@H](C(=O)O)OC=N1,CC[C@@]1(C)C[C@H](C(=O)O)OC=N1,[*]C(=O)O,[*]CC,[*:1]-[CH0](=[OH0])-[OH1]>>[*:1]-[CH2]-[CH3],27,1.0569,171.089543276,0.675306386426982,4.495698394865832,0.0553944124344102,0.0756983948658325,11,2,-6.9,-6.9
C[C@]1(C(=O)O)C[C@H](C(=O)O)OC=N1,C[C@]1(C(=O)O)C[C@H](CN)OC=N1,[*]C(=O)O,[*]CN,[*:1]-[CH0](=[OH0])-[OH1]>>[*:1]-[CH2]-[NH2],41,-0.3944000000000001,172.084792244,0.5934274060351739,4.626752241019678,-0.0264845679573979,0.2067522410196778,11,3,-6.9,-6.9
C[C@]1(C(=O)O)C[C@H](C(=O)O)OC=N1,C[C@]1(C(=O)O)C[C@H](CO)OC=N1,[*]C(=O)O,[*]CO,[*:1]-[CH0](=[OH0])-[OH1]>>[*:1]-[CH2]-[OH1],242,-0.3608,173.068807832,0.5972289287836386,4.565093587173525,-0.0226830452089331,0.145093587173525,11,4,-6.9,-6.9
C[C@]1(C(=O)O)C[C@H](C(=O)O)OC=N1,C[C@]1(C(N)=O)C[C@H](C(=O)O)OC=N1,[*]C(=O)O,[*]C(N)=O,[*:1]-[CH0](=[OH0])-[OH1]>>[*:1]-[CH0](-[NH2])=[OH0],426,-0.8678000000000001,186.0640568,0.5848154451437675,4.506804021249625,-0.0350965288488043,0.086804021249625,11,5,-6.9,-7.1
C[C@]1(C(=O)O)C[C@H](C(=O)O)OC=N1,CN[C@@]1(C)C[C@H](C(=O)O)OC=N1,[*]C(=O)O,[*]NC,[*:1]-[CH0](=[OH0])-[OH1]>>[*:1]-[NH1]-[CH3],17,-0.1762000000000002,172.084792244,0.6059836218414193,4.777632048711985,-0.0139283521511525,0.3576320487119853,11,6,-6.9,-6.6
C[C@]1(C(=O)O)C[C@H](C(=O)O)OC=N1,CN(C)[C@@]1(C)C[C@H](C(=O)O)OC=N1,[*]C(=O)O,[*]N(C)C,[*:1]-[CH0](=[OH0])-[OH1]>>[*:1]-[NH0](-[CH3])-[CH3],51,0.1659999999999996,186.100442308,0.6672070540539154,4.61242166830845,0.0472950800613436,0.1924216683084498,11,7,-6.9,-6.6
C[C@]1(C(=O)O)C[C@H](C(=O)O)OC=N1,CCO[C@H]1C[C@](C)(C(=O)O)N=CO1,[*]C(=O)O,[*]OCC,[*:1]-[CH0](=[OH0])-[OH1]>>[*:1]-[OH0]-[CH2]-[CH3],26,0.6409000000000002,187.084457896,0.7035803608364026,4.4886872015986885,0.0836683868438308,0.0686872015986885,11,8,-6.9,-7.0
C[C@]1(C(=O)O)C[C@H](C(=O)O)OC=N1,CNC(=O)[C@H]1C[C@](C)(C(=O)O)N=CO1,[*]C(=O)O,[*]C(=O)NC,[*:1]-[CH0](=[OH0])-[OH1]>>[*:1]-[CH0](=[OH0])-[NH1]-[CH3],187,-0.6071000000000002,200.079706864,0.6221952483515344,4.356643071437035,0.0022832743589625,-0.0633569285629649,11,9,-6.9,-6.3
C[C@]1(C(=O)O)C[C@H](C(=O)O)OC=N1,CC(C)(C)[C@@]1(C)C[C@H](C(=O)O)OC=N1,[*]C(=O)O,[*]C(C)(C)C,[*:1]-[CH0](=[OH0])-[OH1]>>[*:1]-[CH0](-[CH3])(-[CH3])-[CH3],26,1.693,199.120843404,0.6987435903622059,4.451083092227056,0.0788316163696341,0.0310830922270559,11,10,-6.9,-6.5
C[C@]1(C(=O)O)C[C@H](C(=O)O)OC=N1,CN(C)C(=O)[C@@]1(C)C[C@H](C(=O)O)OC=N1,[*]C(=O)O,[*]C(=O)N(C)C,[*:1]-[CH0](=[OH0])-[OH1]>>[*:1]-[CH0](=[OH0])-[NH0](-[CH3])-[CH3],153,-0.2648999999999999,214.095356928,0.6861569502299869,4.381355447824042,0.0662449762374151,-0.0386445521759579,11,11,-6.9,-6.0
C[C@]1(C(=O)O)C[C@H](C(=O)O)OC=N1,CN(C)C[C@H]1C[C@](C)(C(=O)O)N=CO1,[*]C(=O)O,[*]CN(C)C,[*:1]-[CH0](=[OH0])-[OH1]>>[*:1]-[CH2]-[NH0](-[CH3])-[CH3],24,0.2085,200.116092372,0.7069952306538518,4.419601907195871,0.08708325666128,-0.0003980928041293,11,12,-6.9,-5.4
C[C@]1(C(=O)O)C[C@H](C(=O)O)OC=N1,CC(=O)N[C@@]1(C)C[C@H](C(=O)O)OC=N1,[*]C(=O)O,[*]NC(C)=O,[*:1]-[CH0](=[OH0])-[OH1]>>[*:1]-[NH1]-[CH0](-[CH3])=[OH0],88,-0.2595000000000005,200.079706864,0.6424176643438579,4.473979869773832,0.0225056903512861,0.0539798697738325,11,13,-6.9,-6.9
C[C@]1(C(=O)O)C[C@H](C(=O)O)OC=N1,CN1CCN([C@@]2(C)C[C@H](C(=O)O)OC=N2)CC1,[*]C(=O)O,[*]N1CCN(C)CC1,[*:1]-[CH0](=[OH0])-[OH1]>>[*:1]-[NH0]1-[CH2]-[CH2]-[NH0](-[CH3])-[CH2]-[CH2]-1,14,-0.1481999999999995,241.142641468,0.7281894098093856,4.245284554823918,0.1082774358168138,-0.1747154451760817,11,14,-6.9,-4.1
C[C@]1(C(=O)O)C[C@H](C(=O)O)OC=N1,C[C@]1(C(=O)O)C[C@H](CCO)OC=N1,[*]C(=O)O,[*]CCO,[*:1]-[CH0](=[OH0])-[OH1]>>[*:1]-[CH2]-[CH2]-[OH1],26,0.0292999999999998,187.084457896,0.6528734863161089,4.510928080719568,0.032961512323537,0.0909280807195678,11,15,-6.9,-6.0
C[C@]1(C(=O)O)C[C@H](C(=O)O)OC=N1,COC[C@H]1C[C@](C)(C(=O)O)N=CO1,[*]C(=O)O,[*]COC,[*:1]-[CH0](=[OH0])-[OH1]>>[*:1]-[CH2]-[OH0]-[CH3],25,0.2932999999999998,187.084457896,0.6892452298853952,4.464974674126161,0.0693332558928233,0.0449746741261609,11,16,-6.9,-5.7
C[C@]1(C(=O)O)C[C@H](C(=O)O)OC=N1,C[C@]1(N2CCOCC2)C[C@H](C(=O)O)OC=N1,[*]C(=O)O,[*]N1CCOCC1,[*:1]-[CH0](=[OH0])-[OH1]>>[*:1]-[NH0]1-[CH2]-[CH2]-[OH0]-[CH2]-[CH2]-1,37,-0.0634000000000001,228.111006992,0.7163749395745056,4.2962825203447865,0.0964629655819337,-0.1237174796552134,11,17,-6.9,-6.2
C[C@]1(C(=O)O)C[C@H](C(=O)O)OC=N1,C[C@]1(C(=O)O)C[C@H](C(F)(F)F)OC=N1,[*]C(=O)O,[*]C(F)(F)F,[*:1]-[CH0](=[OH0])-[OH1]>>[*:1]-[CH0](-[FH0])(-[FH0])-[FH0],118,1.2092,211.045627776,0.7086412846253511,4.55146770761167,0.0887293106327793,0.1314677076116703,11,18,-6.9,-6.1
C[C@]1(C(=O)O)C[C@H](C(=O)O)OC=N1,C[C@]1(CC(N)=O)C[C@H](C(=O)O)OC=N1,[*]C(=O)O,[*]CC(N)=O,[*:1]-[CH0](=[OH0])-[OH1]>>[*:1]-[CH2]-[CH0](-[NH2])=[OH0],13,-0.4777000000000003,200.079706864,0.6419295838111807,4.46083350802747,0.0220176098186088,0.0408335080274699,11,19,-6.9,-6.5
C[C@]1(C(=O)O)C[C@H](C(=O)O)OC=N1,CC(C)O[C@@]1(C)C[C@H](C(=O)O)OC=N1,[*]C(=O)O,[*]OC(C)C,[*:1]-[CH0](=[OH0])-[OH1]>>[*:1]-[OH0]-[CH1](-[CH3])-[CH3],12,1.0294,201.10010796,0.7400287053526728,4.588031013224976,0.120116731360101,0.1680310132249758,11,20,-6.9,-5.9
C[C@]1(C(=O)O)C[C@H](C(=O)O)OC=N1,C[C@]1(OC(F)(F)F)C[C@H](C(=O)O)OC=N1,[*]C(=O)O,[*]OC(F)(F)F,[*:1]-[CH0](=[OH0])-[OH1]>>[*:1]-[OH0]-[CH0](-[FH0])(-[FH0])-[FH0],36,1.1408,227.040542396,0.7675530890356294,4.67226669042759,0.1476411150430575,0.2522666904275903,11,21,-6.9,-6.8
C[C@]1(C(=O)O)C[C@H](C(=O)O)OC=N1,C[C@]1(C(=O)N2CCC2)C[C@H](C(=O)O)OC=N1,[*]C(=O)O,[*]C(=O)N1CCC1,[*:1]-[CH0](=[OH0])-[OH1]>>[*:1]-[CH0](=[OH0])-[NH0]1-[CH2]-[CH2]-[CH2]-1,12,-0.1208000000000003,226.095356928,0.7114915068708313,4.153828352187363,0.0915795328782594,-0.2661716478126372,11,22,-6.9,-5.4
C[C@]1(C(=O)O)C[C@H](C(=O)O)OC=N1,C[C@]1(C(=O)O)C[C@H](CC(=O)O)OC=N1,[*]C(=O)O,[*]CC(=O)O,[*:1]-[CH0](=[OH0])-[OH1]>>[*:1]-[CH2]-[CH0](=[OH0])-[OH1],212,0.1216000000000001,201.063722452,0.6756414791506942,4.316485483079445,0.0557295051581223,-0.1035145169205549,11,23,-6.9,-6.9
C[C@]1(C(=O)O)C[C@H](C(=O)O)OC=N1,CCNC(=O)[C@H]1C[C@](C)(C(=O)O)N=CO1,[*]C(=O)O,[*]C(=O)NCC,[*:1]-[CH0](=[OH0])-[OH1]>>[*:1]-[CH0](=[OH0])-[NH1]-[CH2]-[CH3],40,-0.2170000000000003,214.095356928,0.6796137749527562,4.21099370226191,0.0597018009601844,-0.2090062977380897,11,24,-6.9,-6.0
C[C@]1(C(=O)O)C[C@H](C(=O)O)OC=N1,C[C@]1(C(=O)N2CCCCC2)C[C@H](C(=O)O)OC=N1,[*]C(=O)O,[*]C(=O)N1CCCCC1,[*:1]-[CH0](=[OH0])-[OH1]>>[*:1]-[CH0](=[OH0])-[NH0]1-[CH2]-[CH2]-[CH2]-[CH2]-[CH2]-1,29,0.6594,254.126657056,0.7847111578956641,3.932850394065293,0.1647991839030923,-0.4871496059347073,11,25,-6.9,-3.1
C[C@]1(C(=O)O)C[C@H](C(=O)O)OC=N1,C[C@]1(C(=O)N2CCCC2)C[C@H](C(=O)O)OC=N1,[*]C(=O)O,[*]C(=O)N1CCCC1,[*:1]-[CH0](=[OH0])-[OH1]>>[*:1]-[CH0](=[OH0])-[NH0]1-[CH2]-[CH2]-[CH2]-[CH2]-1,20,0.2693,240.111006992,0.7509702937461248,4.014707795413116,0.1310583197535529,-0.4052922045868836,11,26,-6.9,-5.5
C[C@]1(C(=O)O)C[C@H](C(=O)O)OC=N1,C[C@]1(N2CCCCC2)C[C@H](C(=O)O)OC=N1,[*]C(=O)O,[*]N1CCCCC1,[*:1]-[CH0](=[OH0])-[OH1]>>[*:1]-[NH0]1-[CH2]-[CH2]-[CH2]-[CH2]-[CH2]-1,10,1.0902999999999998,226.131742436,0.7652677154266964,4.201651751114019,0.1453557414341245,-0.2183482488859809,11,27,-6.9,-5.5
C[C@]1(C(=O)O)C[C@H](C(=O)O)OC=N1,C[C@]1(C(=O)O)C[C@H](C(=O)NC2CC2)OC=N1,[*]C(=O)O,[*]C(=O)NC1CC1,[*:1]-[CH0](=[OH0])-[OH1]>>[*:1]-[CH0](=[OH0])-[NH1]-[CH1]1-[CH2]-[CH2]-1,32,-0.0745000000000005,226.095356928,0.7044471634324542,4.114473074906504,0.0845351894398823,-0.3055269250934955,11,28,-6.9,-6.1
C[C@]1(C(=O)O)C[C@H](C(=O)O)OC=N1,CC(=O)NC[C@@]1(C)C[C@H](C(=O)O)OC=N1,[*]C(=O)O,[*]CNC(C)=O,[*:1]-[CH0](=[OH0])-[OH1]>>[*:1]-[CH2]-[NH1]-[CH0](-[CH3])=[OH0],13,-0.2170000000000003,214.095356928,0.6796137749527562,4.339004856108065,0.0597018009601844,-0.0809951438919345,11,29,-6.9,-6.6
C[C@]1(C(=O)O)C[C@H](C(=O)O)OC=N1,CC(C)(O)[C@@]1(C)C[C@H](C(=O)O)OC=N1,[*]C(=O)O,[*]C(C)(C)O,[*:1]-[CH0](=[OH0])-[OH1]>>[*:1]-[CH0](-[CH3])(-[CH3])-[OH1],20,0.4177999999999999,201.10010796,0.6781276543568385,4.544006169150132,0.0582156803642667,0.1240061691501317,11,30,-6.9,-6.8
C[C@]1(C(=O)O)C[C@H](C(=O)O)OC=N1,CC(=O)[C@@]1(C)C[C@H](C(=O)O)OC=N1,[*]C(=O)O,[*]C(C)=O,[*:1]-[CH0](=[OH0])-[OH1]>>[*:1]-[CH0](-[CH3])=[OH0],68,0.2358999999999999,185.068807832,0.6679487914332405,4.4398212158197605,0.0480368174406686,0.0198212158197605,11,31,-6.9,-6.7
C[C@]1(C(=O)O)C[C@H](C(=O)O)OC=N1,C[C@]1(OCCO)C[C@H](C(=O)O)OC=N1,[*]C(=O)O,[*]OCCO,[*:1]-[CH0](=[OH0])-[OH1]>>[*:1]-[OH0]-[CH2]-[CH2]-[OH1],17,-0.3867000000000001,203.079372516,0.6494061693854839,4.605019731903169,0.029494195392912,0.1850197319031687,11,32,-6.9,-6.7
C[C@]1(C(=O)O)C[C@H](C(=O)O)OC=N1,C[C@]1(C(=O)N2CCOCC2)C[C@H](C(=O)O)OC=N1,[*]C(=O)O,[*]C(=O)N1CCOCC1,[*:1]-[CH0](=[OH0])-[OH1]>>[*:1]-[CH0](=[OH0])-[NH0]1-[CH2]-[CH2]-[OH0]-[CH2]-[CH2]-1,80,-0.4942999999999996,256.10592161200003,0.7195804279506613,4.038748547911448,0.0996684539580895,-0.3812514520885521,11,33,-6.9,-4.4
C[C@]1(C(=O)O)C[C@H](C(=O)O)OC=N1,CC(C)NC(=O)[C@@]1(C)C[C@H](C(=O)O)OC=N1,[*]C(=O)O,[*]C(=O)NC(C)C,[*:1]-[CH0](=[OH0])-[OH1]>>[*:1]-[CH0](=[OH0])-[NH1]-[CH1](-[CH3])-[CH3],30,0.1714999999999995,228.111006992,0.7204256846409157,4.183454828037096,0.1005137106483439,-0.2365451719629039,11,34,-6.9,-5.8
C[C@]1(C(=O)O)C[C@H](C(=O)O)OC=N1,C[C@]1(C(=O)N2CCNCC2)C[C@H](C(=O)O)OC=N1,[*]C(=O)O,[*]C(=O)N1CCNCC1,[*:1]-[CH0](=[OH0])-[OH1]>>[*:1]-[CH0](=[OH0])-[NH0]1-[CH2]-[CH2]-[NH1]-[CH2]-[CH2]-1,11,-0.9212999999999976,255.121906024,0.6655278795935908,4.176157778680677,0.045615905601019,-0.2438422213193227,11,35,-6.9,-4.6
C[C@]1(C(=O)O)C[C@H](C(=O)O)OC=N1,COC(=O)[C@H]1C[C@](C)(C(=O)O)N=CO1,[*]C(=O)O,[*]C(=O)OC,[*:1]-[CH0](=[OH0])-[OH1]>>[*:1]-[CH0](=[OH0])-[OH0]-[CH3],638,-0.1800999999999999,201.063722452,0.62617044782282,4.311081740875704,0.0062584738302482,-0.1089182591242963,11,36,-6.9,-6.1
C[C@]1(C(=O)O)C[C@H](C(=O)O)OC=N1,C[C@]1(OCC(=O)O)C[C@H](C(=O)O)OC=N1,[*]C(=O)O,[*]OCC(=O)O,[*:1]-[CH0](=[OH0])-[OH1]>>[*:1]-[OH0]-[CH2]-[CH0](=[OH0])-[OH1],48,-0.2944000000000003,217.058637072,0.6695810227728025,4.4437060099542185,0.0496690487802307,0.0237060099542185,11,37,-6.9,-6.5
C[C@]1(C(=O)O)C[C@H](C(=O)O)OC=N1,C[C@]1(CN2CCOCC2)C[C@H](C(=O)O)OC=N1,[*]C(=O)O,[*]CN1CCOCC1,[*:1]-[CH0](=[OH0])-[OH1]>>[*:1]-[CH2]-[NH0]1-[CH2]-[CH2]-[OH0]-[CH2]-[CH2]-1,19,-0.0208999999999997,242.126657056,0.7527134093731915,4.107687357606242,0.1328014353806197,-0.3123126423937581,11,38,-6.9,-3.5
C[C@]1(C(=O)O)C[C@H](C(=O)O)OC=N1,C[C@]1(C(=O)O)C[C@H](NS(C)(=O)=O)OC=N1,[*]C(=O)O,[*]NS(C)(=O)=O,[*:1]-[CH0](=[OH0])-[OH1]>>[*:1]-[NH1]-[SH0](-[CH3])(=[OH0])=[OH0],55,-0.8463999999999998,236.046692484,0.6639213166222839,4.527567282143567,0.0440093426297121,0.1075672821435667,11,39,-6.9,-6.1
C[C@]1(C(=O)O)C[C@H](C(=O)O)OC=N1,C[C@]1(NC(N)=O)C[C@H](C(=O)O)OC=N1,[*]C(=O)O,[*]NC(N)=O,[*:1]-[CH0](=[OH0])-[OH1]>>[*:1]-[NH1]-[CH0](-[NH2])=[OH0],10,-0.7272999999999998,201.074955832,0.5460857187917277,4.582709599503563,-0.073826255200844,0.1627095995035627,11,40,-6.9,-6.6
C[C@]1(C(=O)O)C[C@H](C(=O)O)OC=N1,CN1CCN(C(=O)[C@H]2C[C@](C)(C(=O)O)N=CO2)CC1,[*]C(=O)O,[*]C(=O)N1CCN(C)CC1,[*:1]-[CH0](=[OH0])-[OH1]>>[*:1]-[CH0](=[OH0])-[NH0]1-[CH2]-[CH2]-[NH0](-[CH3])-[CH2]-[CH2]-1,46,-0.5790999999999982,269.137556088,0.7250418689523683,3.893864467810914,0.1051298949597965,-0.5261355321890857,11,41,-6.9,-3.8
C[C@]1(C(=O)O)C[C@H](C(=O)O)OC=N1,CCCNC(=O)[C@@]1(C)C[C@H](C(=O)O)OC=N1,[*]C(=O)O,[*]C(=O)NCCC,[*:1]-[CH0](=[OH0])-[OH1]>>[*:1]-[CH0](=[OH0])-[NH1]-[CH2]-[CH2]-[CH3],12,0.1730999999999993,228.111006992,0.7177128410634493,4.137644452366255,0.0978008670708775,-0.2823555476337454,11,42,-6.9,-6.0
C[C@]1(C(=O)O)C[C@H](C(=O)O)OC=N1,C[C@]1(C(=O)O)C[C@H](CCC(=O)O)OC=N1,[*]C(=O)O,[*]CCC(=O)O,[*:1]-[CH0](=[OH0])-[OH1]>>[*:1]-[CH2]-[CH2]-[CH0](=[OH0])-[OH1],69,0.5117,215.079372516,0.711840023413499,4.212326394569603,0.0919280494209271,-0.2076736054303971,11,43,-6.9,-6.5
C[C@]1(C(=O)O)C[C@H](C(=O)O)OC=N1,CC(O)[C@H]1C[C@](C)(C(=O)O)N=CO1,[*]C(=O)O,[*]C(C)O,[*:1]-[CH0](=[OH0])-[OH1]>>[*:1]-[CH1](-[CH3])-[OH1],18,0.0276999999999995,187.084457896,0.6387153187938256,4.703016932571525,0.0188033448012537,0.2830169325715248,11,44,-6.9,-6.7
C[C@]1(C(=O)O)C[C@H](C(=O)O)OC=N1,C[C@]1(C(=O)NC2CCCCC2)C[C@H](C(=O)O)OC=N1,[*]C(=O)O,[*]C(=O)NC1CCCCC1,[*:1]-[CH0](=[OH0])-[OH1]>>[*:1]-[CH0](=[OH0])-[NH1]-[CH1]1-[CH2]-[CH2]-[CH2]-[CH2]-[CH2]-1,10,1.0957999999999997,268.14230712,0.8018042655047665,3.889238315081205,0.1818922915121946,-0.5307616849187946,11,45,-6.9,-7.0
C[C@]1(C(=O)O)C[C@H](C(=O)O)OC=N1,CCOC(=O)[C@@]1(C)C[C@H](C(=O)O)OC=N1,[*]C(=O)O,[*]C(=O)OCC,[*:1]-[CH0](=[OH0])-[OH1]>>[*:1]-[CH0](=[OH0])-[OH0]-[CH2]-[CH3],288,0.2099999999999999,215.079372516,0.6799908340822464,4.206099086877295,0.0600788600896745,-0.2139009131227052,11,46,-6.9,-6.2
C[C@]1(C(=O)O)C[C@H](C(=O)O)OC=N1,C[C@]1(C(=O)O)C[C@H](C(=O)NS(C)(=O)=O)OC=N1,[*]C(=O)O,[*]C(=O)NS(C)(=O)=O,[*:1]-[CH0](=[OH0])-[OH1]>>[*:1]-[CH0](=[OH0])-[NH1]-[SH0](-[CH3])(=[OH0])=[OH0],60,-1.2772999999999983,264.04160710400004,0.654468570146375,4.3317918156482005,0.0345565961538032,-0.0882081843517994,11,47,-6.9,-6.4
C[C@]1(C(=O)O)C[C@H](C(=O)O)OC=N1,C[C@]1(C(=O)O)C[C@H](c2ccccc2)OC=N1,[*]C(=O)O,[*]c1ccccc1,[*:1]-[CH0](=[OH0])-[OH1]>>[*:1]-[cH0]1:[cH1]:[cH1]:[cH1]:[cH1]:[cH1]:1,60,2.0196,219.089543276,0.8273409831448162,3.704427135729404,0.2074290091522443,-0.7155728642705963,11,48,-6.9,-5.9
C[C@]1(C(=O)O)C[C@H](C(=O)O)OC=N1,CC(C)(C)OC(=O)N[C@@]1(C)C[C@H](C(=O)O)OC=N1,[*]C(=O)O,[*]NC(=O)OC(C)(C)C,[*:1]-[CH0](=[OH0])-[OH1]>>[*:1]-[NH1]-[CH0](=[OH0])-[OH0]-[CH0](-[CH3])(-[CH3])-[CH3],15,1.1290999999999998,258.12157167600003,0.773365300259692,4.167684462805064,0.1534533262671201,-0.2523155371949359,11,49,-6.9,-5.2
C[C@]1(C(=O)O)C[C@H](C(=O)O)OC=N1,COc1ccc([C@@]2(C)C[C@H](C(=O)O)OC=N2)cc1,[*]C(=O)O,[*]c1ccc(OC)cc1,[*:1]-[CH0](=[OH0])-[OH1]>>[*:1]-[cH0]1:[cH1]:[cH1]:[cH0](-[OH0]-[CH3]):[cH1]:[cH1]:1,11,1.8122,249.10010796,0.8866560367940916,3.6647694709883702,0.2667440628015197,-0.7552305290116292,11,50,-6.9,-4.6
C[C@]1(C(=O)O)C[C@H](C(=O)O)OC=N1,C[C@]1(C(=O)NCCN)C[C@H](C(=O)O)OC=N1,[*]C(=O)O,[*]C(=O)NCCN,[*:1]-[CH0](=[OH0])-[OH1]>>[*:1]-[CH0](=[OH0])-[NH1]-[CH2]-[CH2]-[NH2],13,-1.2781999999999982,229.10625596,0.555325491744106,4.300529962205252,-0.0645864822484658,-0.1194700377947484,11,51,-6.9,-6.0
C[C@]1(C(=O)O)C[C@H](C(=O)O)OC=N1,CN(C)CCO[C@@]1(C)C[C@H](C(=O)O)OC=N1,[*]C(=O)O,[*]OCCN(C)C,[*:1]-[CH0](=[OH0])-[OH1]>>[*:1]-[OH0]-[CH2]-[CH2]-[NH0](-[CH3])-[CH3],14,0.1825999999999998,230.126657056,0.7292747923798276,4.416287028394876,0.1093628183872558,-0.0037129716051236,11,52,-6.9,-5.6
C[C@]1(C(=O)O)C[C@H](C(=O)O)OC=N1,CC(C)(C(=O)O)[C@H]1C[C@](C)(C(=O)O)N=CO1,[*]C(=O)O,[*]C(C)(C)C(=O)O,[*:1]-[CH0](=[OH0])-[OH1]>>[*:1]-[CH0](-[CH3])(-[CH3])-[CH0](=[OH0])-[OH1],12,0.7576999999999999,229.09502258,0.7442170668921089,4.498278092577433,0.124305092899537,0.0782780925774329,11,53,-6.9,-5.5
C[C@]1(C(=O)O)C[C@H](C(=O)O)OC=N1,CS[C@@]1(C)C[C@H](C(=O)O)OC=N1,[*]C(=O)O,[*]SC,[*:1]-[CH0](=[OH0])-[OH1]>>[*:1]-[SH0]-[CH3],25,0.9674,189.045964212,0.7027352040320812,4.829754164096601,0.0828232300395094,0.4097541640966007,11,54,-6.9,-6.0
C[C@]1(C(=O)O)C[C@H](C(=O)O)OC=N1,COC(=O)C[C@@]1(C)C[C@H](C(=O)O)OC=N1,[*]C(=O)O,[*]CC(=O)OC,[*:1]-[CH0](=[OH0])-[OH1]>>[*:1]-[CH2]-[CH0](=[OH0])-[OH0]-[CH3],18,0.2099999999999999,215.079372516,0.6799908340822463,4.283831394569604,0.0600788600896744,-0.1361686054303961,11,55,-6.9,-6.6
C[C@]1(C(=O)O)C[C@H](C(=O)O)OC=N1,CONC(=O)[C@@]1(C)C[C@H](C(=O)O)OC=N1,[*]C(=O)O,[*]C(=O)NOC,[*:1]-[CH0](=[OH0])-[OH1]>>[*:1]-[CH0](=[OH0])-[NH1]-[OH0]-[CH3],13,-0.6755000000000007,216.074621484,0.6092682421420387,4.51683447149268,-0.0106437318505331,0.0968344714926798,11,56,-6.9,-6.7
C[C@]1(C(=O)O)C[C@H](C(=O)O)OC=N1,C[C@]1(C(=O)O)C[C@H](c2n[nH]c(=O)o2)OC=N1,[*]C(=O)O,[*]c1n[nH]c(=O)o1,[*:1]-[CH0](=[OH0])-[OH1]>>[*:1]-[cH0]1:[nH0]:[nH1]:[cH0](=[OH0]):[oH0]:1,13,-0.3040999999999998,227.054220388,0.7153281624099288,4.661983149715416,0.095416188417357,0.2419831497154163,11,57,-6.9,-6.9
C[C@]1(C(=O)O)C[C@H](C(=O)O)OC=N1,CCN(CC)C(=O)[C@@]1(C)C[C@H](C(=O)O)OC=N1,[*]C(=O)O,[*]C(=O)N(CC)CC,[*:1]-[CH0](=[OH0])-[OH1]>>[*:1]-[CH0](=[OH0])-[NH0](-[CH2]-[CH3])-[CH2]-[CH3],26,0.5152999999999996,242.126657056,0.7788623538462733,4.2009790883754725,0.1589503798537015,-0.2190209116245274,11,58,-6.9,-5.3
C[C@]1(C(=O)O)C[C@H](C(=O)O)OC=N1,C[C@]1(C(=O)O)C[C@H](C(=O)NCC(=O)O)OC=N1,[*]C(=O)O,[*]C(=O)NCC(=O)O,[*:1]-[CH0](=[OH0])-[OH1]>>[*:1]-[CH0](=[OH0])-[NH1]-[CH2]-[CH0](=[OH0])-[OH1],23,-1.1522999999999997,244.069536104,0.5728410333624432,4.069329857606242,-0.0470709406301286,-0.3506701423937581,11,59,-6.9,-7.1
C[C@]1(C(=O)O)C[C@H](C(=O)O)OC=N1,C[C@]1(C(=O)O)C[C@H](c2ccccn2)OC=N1,[*]C(=O)O,[*]c1ccccn1,[*:1]-[CH0](=[OH0])-[OH1]>>[*:1]-[cH0]1:[cH1]:[cH1]:[cH1]:[cH1]:[nH0]:1,12,1.4146,220.084792244,0.8175487174787796,4.047313289575557,0.1976367434862077,-0.3726867104244427,11,60,-6.9,-6.4
C[C@]1(C(=O)O)C[C@H](C(=O)O)OC=N1,CN(C)CCNC(=O)[C@@]1(C)C[C@H](C(=O)O)OC=N1,[*]C(=O)O,[*]C(=O)NCCN(C)C,[*:1]-[CH0](=[OH0])-[OH1]>>[*:1]-[CH0](=[OH0])-[NH1]-[CH2]-[CH2]-[NH0](-[CH3])-[CH3],35,-0.6752999999999976,257.137556088,0.6809665907196538,4.113378509449909,0.061054616727082,-0.306621490550091,11,61,-6.9,-7.1
C[C@]1(C(=O)O)C[C@H](C(=O)O)OC=N1,C[C@]1(C(=O)NS(=O)(=O)C2CC2)C[C@H](C(=O)O)OC=N1,[*]C(=O)O,[*]C(=O)NS(=O)(=O)C1CC1,[*:1]-[CH0](=[OH0])-[OH1]>>[*:1]-[CH0](=[OH0])-[NH1]-[SH0](=[OH0])(=[OH0])-[CH1]1-[CH2]-[CH2]-1,14,-0.7446999999999999,290.057257168,0.702487137955056,4.215124526982511,0.0825751639624842,-0.2048754730174886,11,62,-6.9,-5.5
C[C@]1(C(=O)O)C[C@H](C(=O)O)OC=N1,CC(C)OC(=O)[C@@]1(C)C[C@H](C(=O)O)OC=N1,[*]C(=O)O,[*]C(=O)OC(C)C,[*:1]-[CH0](=[OH0])-[OH1]>>[*:1]-[CH0](=[OH0])-[OH0]-[CH1](-[CH3])-[CH3],20,0.5985,229.09502258,0.716019789818881,4.271651531333799,0.0961078158263092,-0.1483484686662013,11,63,-6.9,-5.9
C[C@]1(C(=O)O)C[C@H](C(=O)O)OC=N1,C[C@]1(C(=O)O)C[C@H](c2nn[nH]n2)OC=N1,[*]C(=O)O,[*]c1nn[nH]n1,[*:1]-[CH0](=[OH0])-[OH1]>>[*:1]-[cH0]1:[nH0]:[nH0]:[nH1]:[nH0]:1,115,-0.4673000000000001,211.070539148,0.6833018280634319,4.587581229734439,0.06338985407086,0.1675812297344387,11,64,-6.9,-7.0
C[C@]1(C(=O)O)C[C@H](C(=O)O)OC=N1,C[C@]1(C(=O)OCCO)C[C@H](C(=O)O)OC=N1,[*]C(=O)O,[*]C(=O)OCCO,[*:1]-[CH0](=[OH0])-[OH1]>>[*:1]-[CH0](=[OH0])-[OH0]-[CH2]-[CH2]-[OH1],10,-0.8176000000000005,231.074287136,0.6123698803096337,4.304129962205254,-0.0075420936829381,-0.1158700377947461,11,65,-6.9,-6.4
C[C@]1(C(=O)O)C[C@H](C(=O)O)OC=N1,COC(=O)CNC(=O)[C@H]1C[C@](C)(C(=O)O)N=CO1,[*]C(=O)O,[*]C(=O)NCC(=O)OC,[*:1]-[CH0](=[OH0])-[OH1]>>[*:1]-[CH0](=[OH0])-[NH1]-[CH2]-[CH0](=[OH0])-[OH0]-[CH3],13,-1.063899999999999,258.085186168,0.6208270980237565,4.001452547911447,0.0009151240311846,-0.4185474520885526,11,66,-6.9,-6.2
C[C@]1(C(=O)O)C[C@H](C(=O)O)OC=N1,C[C@]1(C(=O)O)C[C@H](Oc2ccccc2)OC=N1,[*]C(=O)O,[*]Oc1ccccc1,[*:1]-[CH0](=[OH0])-[OH1]>>[*:1]-[OH0]-[cH0]1:[cH1]:[cH1]:[cH1]:[cH1]:[cH1]:1,20,1.6833999999999998,235.084457896,0.8650435715049847,3.764256588375473,0.2451315975124128,-0.6557434116245267,11,67,-6.9,-6.8
C[C@]1(C(=O)O)C[C@H](C(=O)O)OC=N1,C[C@]1(CCCC(=O)O)C[C@H](C(=O)O)OC=N1,[*]C(=O)O,[*]CCCC(=O)O,[*:1]-[CH0](=[OH0])-[OH1]>>[*:1]-[CH2]-[CH2]-[CH2]-[CH0](=[OH0])-[OH1],15,0.9018,229.09502258,0.7297063478661807,4.204257332509367,0.1097943738736089,-0.2157426674906331,11,68,-6.9,-6.6
C[C@]1(C(=O)O)C[C@H](C(=O)O)OC=N1,CC(C)(C)OC(=O)[C@H]1C[C@](C)(C(=O)O)N=CO1,[*]C(=O)O,[*]C(=O)OC(C)(C)C,[*:1]-[CH0](=[OH0])-[OH1]>>[*:1]-[CH0](=[OH0])-[OH0]-[CH0](-[CH3])(-[CH3])-[CH3],25,0.9886,243.110672644,0.7307966837309097,4.191753703760089,0.1108847097383378,-0.2282462962399112,11,69,-6.9,-5.1
C[C@]1(C(=O)O)C[C@H](C(=O)O)OC=N1,CC(C(=O)O)[C@@]1(C)C[C@H](C(=O)O)OC=N1,[*]C(=O)O,[*]C(C)C(=O)O,[*:1]-[CH0](=[OH0])-[OH1]>>[*:1]-[CH1](-[CH3])-[CH0](=[OH0])-[OH1],12,0.3676000000000001,215.079372516,0.7084291328368437,4.5898327517668935,0.0885171588442719,0.1698327517668936,11,70,-6.9,-7.2
C[C@]1(C(=O)O)C[C@H](C(=O)O)OC=N1,C[C@]1(C(=O)O)C[C@H](c2cccs2)OC=N1,[*]C(=O)O,[*]c1cccs1,[*:1]-[CH0](=[OH0])-[OH1]>>[*:1]-[cH0]1:[cH1]:[cH1]:[cH1]:[sH0]:1,10,2.0811,225.045964212,0.8378718931577814,4.25988892204213,0.2179599191652096,-0.16011107795787,11,71,-6.9,-5.3
C[C@]1(C(=O)O)C[C@H](C(=O)O)OC=N1,C[C@]1(C(=O)NCCO)C[C@H](C(=O)O)OC=N1,[*]C(=O)O,[*]C(=O)NCCO,[*:1]-[CH0](=[OH0])-[OH1]>>[*:1]-[CH0](=[OH0])-[NH1]-[CH2]-[CH2]-[OH1],48,-1.2445999999999993,230.090271548,0.5592074479532788,4.247824416588079,-0.0607045260392929,-0.1721755834119207,11,72,-6.9,-6.0
C[C@]1(C(=O)O)C[C@H](C(=O)O)OC=N1,COCCNC(=O)[C@H]1C[C@](C)(C(=O)O)N=CO1,[*]C(=O)O,[*]C(=O)NCCOC,[*:1]-[CH0](=[OH0])-[OH1]>>[*:1]-[CH0](=[OH0])-[NH1]-[CH2]-[CH2]-[OH0]-[CH3],26,-0.5904999999999991,244.105921612,0.6298657209287439,4.018518753927312,0.0099537469361721,-0.401481246072688,11,73,-6.9,-6.1
C[C@]1(C(=O)O)C[C@H](C(=O)O)OC=N1,C[C@]1(C(=O)O)C[C@H](C(=O)OCc2ccccc2)OC=N1,[*]C(=O)O,[*]C(=O)OCc1ccccc1,[*:1]-[CH0](=[OH0])-[OH1]>>[*:1]-[CH0](=[OH0])-[OH0]-[CH2]-[cH0]1:[cH1]:[cH1]:[cH1]:[cH1]:[cH1]:1,26,1.3903,277.09502258000003,0.8404940292481162,3.601625719508773,0.2205820552555444,-0.8183742804912271,11,74,-6.9,-6.3
C[C@]1(C(=O)O)C[C@H](C(=O)O)OC=N1,C[C@]1(C(=O)O)C[C@H](c2nnn[nH]2)OC=N1,[*]C(=O)O,[*]c1nnn[nH]1,[*:1]-[CH0](=[OH0])-[OH1]>>[*:1]-[cH0]1:[nH0]:[nH0]:[nH0]:[nH1]:1,179,-0.4673000000000001,211.070539148,0.6833018280634319,4.843590020943229,0.06338985407086,0.4235900209432293,11,75,-6.9,-7.5
C[C@]1(C(=O)O)C[C@H](C(=O)O)OC=N1,C[C@]1(C(=O)NCCN2CCOCC2)C[C@H](C(=O)O)OC=N1,[*]C(=O)O,[*]C(=O)NCCN1CCOCC1,[*:1]-[CH0](=[OH0])-[OH1]>>[*:1]-[CH0](=[OH0])-[NH1]-[CH2]-[CH2]-[NH0]1-[CH2]-[CH2]-[OH0]-[CH2]-[CH2]-1,24,-0.9046999999999972,299.148120772,0.6818663255271339,3.897576831008808,0.061954351534562,-0.5224231689911925,11,76,-6.9,-6.2
C[C@]1(C(=O)O)C[C@H](C(=O)O)OC=N1,COCCO[C@H]1C[C@](C)(C(=O)O)N=CO1,[*]C(=O)O,[*]OCCOC,[*:1]-[CH0](=[OH0])-[OH1]>>[*:1]-[OH0]-[CH2]-[CH2]-[OH0]-[CH3],12,0.2673999999999998,217.09502258,0.668547449764842,4.2764345934438985,0.0486354757722702,-0.1435654065561014,11,77,-6.9,-6.1
C[C@]1(C(=O)O)C[C@H](C(=O)O)OC=N1,C[C@]1(C(=O)O)C[C@H](c2cccnc2)OC=N1,[*]C(=O)O,[*]c1cccnc1,[*:1]-[CH0](=[OH0])-[OH1]>>[*:1]-[cH0]1:[cH1]:[cH1]:[cH1]:[nH0]:[cH1]:1,15,1.4146,220.084792244,0.8175487174787796,4.024734828037095,0.1976367434862077,-0.3952651719629045,11,78,-6.9,-5.8
C[C@]1(C(=O)O)C[C@H](C(=O)O)OC=N1,C[C@]1(C(=O)O)C[C@H](C(=O)Nc2ccccc2)OC=N1,[*]C(=O)O,[*]C(=O)Nc1ccccc1,[*:1]-[CH0](=[OH0])-[OH1]>>[*:1]-[CH0](=[OH0])-[NH1]-[cH0]1:[cH1]:[cH1]:[cH1]:[cH1]:[cH1]:1,24,1.2856,262.095356928,0.8586026698346485,3.5540072555746747,0.2386906958420767,-0.8659927444253253,11,79,-6.9,-7.0
C[C@]1(C(=O)O)C[C@H](C(=O)O)OC=N1,C[C@]1(C(=O)O)C[C@H](c2ccncc2)OC=N1,[*]C(=O)O,[*]c1ccncc1,[*:1]-[CH0](=[OH0])-[OH1]>>[*:1]-[cH0]1:[cH1]:[cH1]:[nH0]:[cH1]:[cH1]:1,13,1.4146,220.084792244,0.8175487174787796,4.025125597267864,0.1976367434862077,-0.3948744027321362,11,80,-6.9,-6.0
C[C@]1(C(=O)O)C[C@H](C(=O)O)OC=N1,C[C@]1(NC(=O)c2ccccc2)C[C@H](C(=O)O)OC=N1,[*]C(=O)O,[*]NC(=O)c1ccccc1,[*:1]-[CH0](=[OH0])-[OH1]>>[*:1]-[NH1]-[CH0](=[OH0])-[cH0]1:[cH1]:[cH1]:[cH1]:[cH1]:[cH1]:1,11,1.0344000000000002,262.095356928,0.8513163334304822,3.700724236706749,0.2314043594379103,-0.7192757632932505,11,81,-6.9,-6.7
C[C@]1(C(=O)O)C[C@H](C(=O)O)OC=N1,C[C@]1(C(=O)O)C[C@H](NS(=O)(=O)C(F)(F)F)OC=N1,[*]C(=O)O,[*]NS(=O)(=O)C(F)(F)F,[*:1]-[CH0](=[OH0])-[OH1]>>[*:1]-[NH1]-[SH0](=[OH0])(=[OH0])-[CH0](-[FH0])(-[FH0])-[FH0],13,0.0436000000000002,290.018427048,0.7633935796839659,4.548068601423153,0.1434816056913941,0.1280686014231529,11,82,-6.9,-6.2
C[C@]1(C(=O)O)C[C@H](C(=O)O)OC=N1,C[C@]1(C(=O)O)C[C@H](c2noc(=O)[nH]2)OC=N1,[*]C(=O)O,[*]c1noc(=O)[nH]1,[*:1]-[CH0](=[OH0])-[OH1]>>[*:1]-[cH0]1:[nH0]:[oH0]:[cH0](=[OH0]):[nH1]:1,30,-0.3040999999999998,227.054220388,0.7153281624099288,4.940013918946185,0.095416188417357,0.5200139189461854,11,83,-6.9,-7.0
C[C@]1(C(=O)O)C[C@H](C(=O)O)OC=N1,C[C@]1(C(=O)O)C[C@H](C(=O)NCc2ccccc2)OC=N1,[*]C(=O)O,[*]C(=O)NCc1ccccc1,[*:1]-[CH0](=[OH0])-[OH1]>>[*:1]-[CH0](=[OH0])-[NH1]-[CH2]-[cH0]1:[cH1]:[cH1]:[cH1]:[cH1]:[cH1]:1,32,0.9632999999999998,276.111006992,0.8571226680678014,3.544537532695585,0.2372106940752295,-0.8754624673044145,11,84,-6.9,-5.7
C[C@]1(C(=O)O)C[C@H](C(=O)O)OC=N1,C[C@]1(C(=O)O)C[C@H](OCc2ccccc2)OC=N1,[*]C(=O)O,[*]OCc1ccccc1,[*:1]-[CH0](=[OH0])-[OH1]>>[*:1]-[OH0]-[CH2]-[cH0]1:[cH1]:[cH1]:[cH1]:[cH1]:[cH1]:1,17,1.8212,249.10010796,0.8833507944534555,3.6806982492689135,0.2634388204608837,-0.7393017507310864,11,85,-6.9,-5.9
C[C@]1(C(=O)O)C[C@H](C(=O)O)OC=N1,CCCCNC(=O)[C@H]1C[C@](C)(C(=O)O)N=CO1,[*]C(=O)O,[*]C(=O)NCCCC,[*:1]-[CH0](=[OH0])-[OH1]>>[*:1]-[CH0](=[OH0])-[NH1]-[CH2]-[CH2]-[CH2]-[CH3],10,0.5631999999999997,242.126657056,0.6895129805043012,3.9507598910510593,0.0696010065117294,-0.4692401089489406,11,86,-6.9,-6.3
C[C@]1(C(=O)O)C[C@H](C(=O)O)OC=N1,CN(C)CCCNC(=O)[C@@]1(C)C[C@H](C(=O)O)OC=N1,[*]C(=O)O,[*]C(=O)NCCCN(C)C,[*:1]-[CH0](=[OH0])-[OH1]>>[*:1]-[CH0](=[OH0])-[NH1]-[CH2]-[CH2]-[CH2]-[NH0](-[CH3])-[CH3],28,-0.2851999999999988,271.153206152,0.6480300309698294,4.0311688708739135,0.0281180569772575,-0.3888311291260864,11,87,-6.9,-6.0
C[C@]1(C(=O)O)C[C@H](C(=O)O)OC=N1,C[C@]1(C(=O)O)C[C@H](C(=O)NO)OC=N1,[*]C(=O)O,[*]C(=O)NO,[*:1]-[CH0](=[OH0])-[OH1]>>[*:1]-[CH0](=[OH0])-[NH1]-[OH1],63,-0.8477000000000001,202.05897142,0.3990421049052294,4.545759079753043,-0.2208698690873423,0.1257590797530428,11,88,-6.9,-6.7
C[C@]1(C(=O)O)C[C@H](C(=O)O)OC=N1,C[C@]1(C(=O)O)C[C@H](C(=O)NN)OC=N1,[*]C(=O)O,[*]C(=O)NN,[*:1]-[CH0](=[OH0])-[OH1]>>[*:1]-[CH0](=[OH0])-[NH1]-[NH2],12,-1.3631999999999995,201.074955832,0.2897198702547352,4.515349932143895,-0.3301921037378366,0.095349932143895,11,89,-6.9,-6.4
OC[C@@H]1C[C@H](CO)[C@@H](CO)O1,CO[C@@H]1C[C@H](CO)[C@@H](CO)O1,[*]CO,[*]OC,[*:1]-[CH2]-[OH1]>>[*:1]-[OH0]-[CH3],353,-0.6514000000000001,162.089208928,0.5785931645985691,3.9246357089051775,0.0945313274397449,0.0446357089051776,12,0,-5.9,-6.1
OC[C@@H]1C[C@H](CO)[C@@H](CO)O1,CCCC[C@H]1C[C@@H](CO)O[C@@H]1CO,[*]CO,[*]CCCC,[*:1]-[CH2]-[OH1]>>[*:1]-[CH2]-[CH2]-[CH2]-[CH3],19,0.9349,188.1412445,0.6746451909288341,3.6289074303090816,0.1905833537700099,-0.2510925696909183,12,1,-5.9,-6.1
OC[C@@H]1C[C@H](CO)[C@@H](CO)O1,CSC[C@H]1C[C@@H](CO)O[C@@H]1CO,[*]CO,[*]CSC,[*:1]-[CH2]-[OH1]>>[*:1]-[CH2]-[SH0]-[CH3],15,0.1077,192.082015372,0.663456554311,4.1095029480018,0.1793947171521758,0.2295029480017998,12,2,-5.9,-5.7
OC[C@@H]1C[C@H](CO)[C@@H](CO)O1,CC[C@@H]1C[C@H](CO)[C@@H](CO)O1,[*]CO,[*]CC,[*:1]-[CH2]-[OH1]>>[*:1]-[CH2]-[CH3],141,0.1547000000000001,160.109944372,0.6177791284521776,3.856789555059023,0.1337172912933534,-0.0232104449409771,12,3,-5.9,-5.8
OC[C@@H]1C[C@H](CO)[C@@H](CO)O1,CC(C)C[C@H]1O[C@H](CO)C[C@@H]1CO,[*]CO,[*]CC(C)C,[*:1]-[CH2]-[OH1]>>[*:1]-[CH2]-[CH1](-[CH3])-[CH3],19,0.7908,188.1412445,0.6855115658972318,3.910062595144247,0.2014497287384076,0.0300625951442468,12,4,-5.9,-5.9
OC[C@@H]1C[C@H](CO)[C@@H](CO)O1,CN(C)[C@H]1O[C@H](CO)C[C@@H]1CO,[*]CO,[*]N(C)C,[*:1]-[CH2]-[OH1]>>[*:1]-[NH0](-[CH3])-[CH3],70,-0.7362,175.120843404,0.5931940950228665,4.2617823186311705,0.1091322578640422,0.3817823186311706,12,5,-5.9,-6.0
OC[C@@H]1C[C@H](CO)[C@@H](CO)O1,OC[C@@H]1C[C@H](CO)[C@@H](C2CC2)O1,[*]CO,[*]C1CC1,[*:1]-[CH2]-[OH1]>>[*:1]-[CH1]1-[CH2]-[CH2]-1,61,0.1546999999999999,172.109944372,0.637025592656121,3.897409241708094,0.1529637554972968,0.0174092417080942,12,6,-5.9,-6.2
OC[C@@H]1C[C@H](CO)[C@@H](CO)O1,CN[C@@H]1C[C@H](CO)[C@@H](CO)O1,[*]CO,[*]NC,[*:1]-[CH2]-[OH1]>>[*:1]-[NH1]-[CH3],31,-1.0784,161.10519334,0.4925943180451856,4.357411093520563,0.0085324808863613,0.4774110935205629,12,7,-5.9,-6.0
OC[C@@H]1C[C@H](CO)[C@@H](CO)O1,NC[C@H]1O[C@H](CO)C[C@@H]1CO,[*]CO,[*]CN,[*:1]-[CH2]-[OH1]>>[*:1]-[CH2]-[NH2],150,-1.2965999999999998,161.10519334,0.4808295000983246,4.079791093520562,-0.0032323370604996,0.1997910935205622,12,8,-5.9,-5.9
OC[C@@H]1C[C@H](CO)[C@@H](CO)O1,CCO[C@@H]1C[C@H](CO)[C@@H](CO)O1,[*]CO,[*]OCC,[*:1]-[CH2]-[OH1]>>[*:1]-[OH0]-[CH2]-[CH3],66,-0.2612999999999997,176.104858992,0.6192358222389375,3.884637213736066,0.1351739850801132,0.0046372137360659,12,9,-5.9,-6.2
OC[C@@H]1C[C@H](CO)[C@@H](CO)O1,NC(=O)[C@@H]1C[C@H](CO)[C@@H](CO)O1,[*]CO,[*]C(N)=O,[*:1]-[CH2]-[OH1]>>[*:1]-[CH0](-[NH2])=[OH0],246,-1.7699999999999994,175.084457896,0.4729721891826385,4.040628953246555,-0.0110896479761856,0.1606289532465554,12,10,-5.9,-6.1
OC[C@@H]1C[C@H](CO)[C@@H](CO)O1,CC(C)[C@H]1C[C@@H](CO)O[C@@H]1CO,[*]CO,[*]C(C)C,[*:1]-[CH2]-[OH1]>>[*:1]-[CH1](-[CH3])-[CH3],91,0.4007000000000001,174.125594436,0.6508746447568342,3.7973520301696304,0.1668128075980099,-0.0826479698303694,12,11,-5.9,-6.7
OC[C@@H]1C[C@H](CO)[C@@H](CO)O1,O=C(O)[C@H]1C[C@@H](CO)O[C@@H]1CO,[*]CO,[*]C(=O)O,[*:1]-[CH2]-[OH1]>>[*:1]-[CH0](=[OH0])-[OH1],242,-1.1707,176.068473484,0.5040293501433332,3.6400683763234776,0.0199675129845089,-0.2399316236765223,12,12,-5.9,-6.7
OC[C@@H]1C[C@H](CO)[C@@H](CO)O1,COC[C@H]1O[C@H](CO)C[C@@H]1CO,[*]CO,[*]COC,[*:1]-[CH2]-[OH1]>>[*:1]-[CH2]-[OH0]-[CH3],258,-0.6089000000000002,176.104858992,0.5997324038457204,3.879774276673128,0.1156705666868961,-0.0002257233268716,12,13,-5.9,-5.8
OC[C@@H]1C[C@H](CO)[C@@H](CO)O1,OC[C@@H]1C[C@H](CF)[C@@H](CO)O1,[*]CO,[*]CF,[*:1]-[CH2]-[OH1]>>[*:1]-[CH2]-[FH0],60,-0.2858000000000001,164.084872496,0.6025227136529331,4.13040340121287,0.1184608764941088,0.2504034012128704,12,14,-5.9,-6.0
OC[C@@H]1C[C@H](CO)[C@@H](CO)O1,N#CC[C@H]1O[C@H](CO)C[C@@H]1CO,[*]CO,[*]CC#N,[*:1]-[CH2]-[OH1]>>[*:1]-[CH2]-[CH0]#[NH0],35,-0.3416199999999999,171.089543276,0.6088291409381416,4.288663787162639,0.1247673037793173,0.4086637871626388,12,15,-5.9,-5.9
OC[C@@H]1C[C@H](CO)[C@@H](CO)O1,CCN[C@H]1C[C@@H](CO)O[C@@H]1CO,[*]CO,[*]NCC,[*:1]-[CH2]-[OH1]>>[*:1]-[NH1]-[CH2]-[CH3],10,-0.8934,175.120843404,0.5183431178253,3.708564486463338,0.0342812806664757,-0.1714355135366618,12,16,-5.9,-6.2
OC[C@@H]1C[C@H](CO)[C@@H](CO)O1,CNC(=O)[C@H]1C[C@@H](CO)O[C@@H]1CO,[*]CO,[*]C(=O)NC,[*:1]-[CH2]-[OH1]>>[*:1]-[CH0](=[OH0])-[NH1]-[CH3],106,-1.5093,189.10010796,0.5041301217619144,3.773207210528862,0.0200682846030901,-0.1067927894711378,12,17,-5.9,-6.6
OC[C@@H]1C[C@H](CO)[C@@H](CO)O1,CC(=O)N[C@H]1O[C@H](CO)C[C@@H]1CO,[*]CO,[*]NC(C)=O,[*:1]-[CH2]-[OH1]>>[*:1]-[NH1]-[CH0](-[CH3])=[OH0],71,-1.1617000000000004,189.10010796,0.5229127742918267,4.059256880858532,0.0388509371330024,0.1792568808585324,12,18,-5.9,-6.7
OC[C@@H]1C[C@H](CO)[C@@H](CO)O1,CN(C)C(=O)[C@@H]1C[C@H](CO)[C@@H](CO)O1,[*]CO,[*]C(=O)N(C)C,[*:1]-[CH2]-[OH1]>>[*:1]-[CH0](=[OH0])-[NH0](-[CH3])-[CH3],100,-1.1670999999999996,203.115758024,0.6063291496711061,3.9607678086119353,0.1222673125122818,0.0807678086119354,12,19,-5.9,-6.3
OC[C@@H]1C[C@H](CO)[C@@H](CO)O1,CN(C)C[C@H]1O[C@H](CO)C[C@@H]1CO,[*]CO,[*]CN(C)C,[*:1]-[CH2]-[OH1]>>[*:1]-[CH2]-[NH0](-[CH3])-[CH3],100,-0.6936999999999995,189.136493468,0.6142180642331642,3.9486735841552343,0.1301562270743399,0.0686735841552348,12,20,-5.9,-5.6
OC[C@@H]1C[C@H](CO)[C@@H](CO)O1,OCC[C@H]1C[C@@H](CO)O[C@@H]1CO,[*]CO,[*]CCO,[*:1]-[CH2]-[OH1]>>[*:1]-[CH2]-[CH2]-[OH1],158,-0.8729000000000002,176.104858992,0.5203882660545841,3.863469381568233,0.0363264288957598,-0.0165306184317666,12,21,-5.9,-6.4
OC[C@@H]1C[C@H](CO)[C@@H](CO)O1,CN1CCN([C@H]2C[C@@H](CO)O[C@@H]2CO)CC1,[*]CO,[*]N1CCN(C)CC1,[*:1]-[CH2]-[OH1]>>[*:1]-[NH0]1-[CH2]-[CH2]-[NH0](-[CH3])-[CH2]-[CH2]-1,20,-1.2554999999999985,230.163042564,0.6339886427769694,3.574508463340896,0.1499268056181452,-0.3054915366591038,12,22,-5.9,-5.3
OC[C@@H]1C[C@H](CO)[C@@H](CO)O1,OC[C@H]1O[C@H](C(F)F)C[C@@H]1CO,[*]CO,[*]C(F)F,[*:1]-[CH2]-[OH1]>>[*:1]-[CH1](-[FH0])-[FH0],42,0.0098,182.075450684,0.6460271044833642,4.309625107092709,0.1619652673245399,0.4296251070927095,12,23,-5.9,-5.9
OC[C@@H]1C[C@H](CO)[C@@H](CO)O1,CNC[C@H]1O[C@H](CO)C[C@@H]1CO,[*]CO,[*]CNC,[*:1]-[CH2]-[OH1]>>[*:1]-[CH2]-[NH1]-[CH3],38,-1.0358999999999996,175.120843404,0.5107753782987527,4.014828822127674,0.0267135411399285,0.1348288221276741,12,24,-5.9,-5.8
OC[C@@H]1C[C@H](CO)[C@@H](CO)O1,CCC[C@H]1O[C@H](CO)C[C@@H]1CO,[*]CO,[*]CCC,[*:1]-[CH2]-[OH1]>>[*:1]-[CH2]-[CH2]-[CH3],44,0.5448,174.125594436,0.6538840924290072,3.8770302207290728,0.169822255270183,-0.0029697792709271,12,25,-5.9,-5.8
OC[C@@H]1C[C@H](CO)[C@@H](CO)O1,NC(=O)C[C@@H]1C[C@H](CO)[C@@H](CO)O1,[*]CO,[*]CC(N)=O,[*:1]-[CH2]-[OH1]>>[*:1]-[CH2]-[CH0](-[NH2])=[OH0],21,-1.3798999999999992,189.10010796,0.507876540360606,3.912242375364027,0.0238147032017818,0.032242375364027,12,26,-5.9,-6.4
OC[C@@H]1C[C@H](CO)[C@@H](CO)O1,CCOC[C@H]1O[C@H](CO)C[C@@H]1CO,[*]CO,[*]COCC,[*:1]-[CH2]-[OH1]>>[*:1]-[CH2]-[OH0]-[CH2]-[CH3],20,-0.2187999999999997,190.120509056,0.6290566623669781,3.846738199539852,0.1449948252081538,-0.0332618004601483,12,27,-5.9,-5.6
OC[C@@H]1C[C@H](CO)[C@@H](CO)O1,OC[C@H]1O[C@H](N2CCOCC2)C[C@@H]1CO,[*]CO,[*]N1CCOCC1,[*:1]-[CH2]-[OH1]>>[*:1]-[NH0]1-[CH2]-[CH2]-[OH0]-[CH2]-[CH2]-1,42,-0.9655999999999996,217.131408088,0.6369752745165986,3.769546058495944,0.1529134373577744,-0.1104539415040557,12,28,-5.9,-6.6
OC[C@@H]1C[C@H](CO)[C@@H](CO)O1,O=C(O)C[C@H]1O[C@H](CO)C[C@@H]1CO,[*]CO,[*]CC(=O)O,[*:1]-[CH2]-[OH1]>>[*:1]-[CH2]-[CH0](=[OH0])-[OH1],49,-0.7806,190.084123548,0.5409836433261753,3.881812485254138,0.0569218061673511,0.0018124852541374,12,29,-5.9,-6.8
OC[C@@H]1C[C@H](CO)[C@@H](CO)O1,OC[C@@H]1C[C@H](CO)[C@@H](C(F)(F)F)O1,[*]CO,[*]C(F)(F)F,[*:1]-[CH2]-[OH1]>>[*:1]-[CH0](-[FH0])(-[FH0])-[FH0],176,0.307,200.066028872,0.6739237806828774,4.209222362435779,0.1898619435240531,0.3292223624357788,12,30,-5.9,-6.4
OC[C@@H]1C[C@H](CO)[C@@H](CO)O1,COCC[C@H]1O[C@H](CO)C[C@@H]1CO,[*]CO,[*]CCOC,[*:1]-[CH2]-[OH1]>>[*:1]-[CH2]-[CH2]-[OH0]-[CH3],13,-0.2187999999999997,190.120509056,0.6290566623669781,3.879107430309081,0.1449948252081538,-0.0008925696909187,12,31,-5.9,-5.6
OC[C@@H]1C[C@H](CO)[C@@H](CO)O1,OC[C@H]1O[C@H](N2CCCC2)C[C@@H]1CO,[*]CO,[*]N1CCCC1,[*:1]-[CH2]-[OH1]>>[*:1]-[NH0]1-[CH2]-[CH2]-[CH2]-[CH2]-1,11,-0.202,201.136493468,0.6636400145861334,3.699464035223162,0.1795781774273092,-0.1805359647768378,12,32,-5.9,-5.8
OC[C@@H]1C[C@H](CO)[C@@H](CO)O1,O=C1CCCN1[C@H]1O[C@H](CO)C[C@@H]1CO,[*]CO,[*]N1CCCC1=O,[*:1]-[CH2]-[OH1]>>[*:1]-[NH0]1-[CH2]-[CH2]-[CH2]-[CH0]-1=[OH0],10,-0.6754,215.115758024,0.6544592738376669,3.939901898005271,0.1703974366788426,0.059901898005271,12,33,-5.9,-5.3
OC[C@@H]1C[C@H](CO)[C@@H](CO)O1,O=C(NC1CC1)[C@H]1C[C@@H](CO)O[C@@H]1CO,[*]CO,[*]C(=O)NC1CC1,[*:1]-[CH2]-[OH1]>>[*:1]-[CH0](=[OH0])-[NH1]-[CH1]1-[CH2]-[CH2]-1,14,-0.9767000000000003,215.115758024,0.5631694956425324,3.57991186852256,0.0791076584837081,-0.3000881314774402,12,34,-5.9,-5.7
OC[C@@H]1C[C@H](CO)[C@@H](CO)O1,OC[C@H]1O[C@H](OC(F)F)C[C@@H]1CO,[*]CO,[*]OC(F)F,[*:1]-[CH2]-[OH1]>>[*:1]-[OH0]-[CH1](-[FH0])-[FH0],13,-0.0585999999999999,198.070365304,0.6640980674636494,4.245653803935455,0.1800362303048251,0.3656538039354551,12,35,-5.9,-6.2
OC[C@@H]1C[C@H](CO)[C@@H](CO)O1,CCNC(=O)[C@H]1O[C@H](CO)C[C@@H]1CO,[*]CO,[*]C(=O)NCC,[*:1]-[CH2]-[OH1]>>[*:1]-[CH0](=[OH0])-[NH1]-[CH2]-[CH3],41,-1.1192000000000002,203.115758024,0.5405974648351466,3.87486365060778,0.0565356276763223,-0.0051363493922202,12,36,-5.9,-5.9
OC[C@@H]1C[C@H](CO)[C@@H](CO)O1,CC(C)(C)[C@H]1O[C@H](CO)C[C@@H]1CO,[*]CO,[*]C(C)(C)C,[*:1]-[CH2]-[OH1]>>[*:1]-[CH0](-[CH3])(-[CH3])-[CH3],32,0.7908,188.1412445,0.6733393934859603,4.1001391045172255,0.189277556327136,0.2201391045172256,12,37,-5.9,-5.3
OC[C@@H]1C[C@H](CO)[C@@H](CO)O1,OCCC[C@@H]1C[C@H](CO)[C@@H](CO)O1,[*]CO,[*]CCCO,[*:1]-[CH2]-[OH1]>>[*:1]-[CH2]-[CH2]-[CH2]-[OH1],32,-0.4827999999999998,190.120509056,0.5472664780993155,3.803003584155236,0.0632046409404912,-0.0769964158447642,12,38,-5.9,-5.8
OC[C@@H]1C[C@H](CO)[C@@H](CO)O1,OC[C@@H]1C[C@H](CO)[C@@H](Cc2ccc(O)cc2)O1,[*]CO,[*]Cc1ccc(O)cc1,[*:1]-[CH2]-[OH1]>>[*:1]-[CH2]-[cH0]1:[cH1]:[cH1]:[cH0](-[OH1]):[cH1]:[cH1]:1,10,0.6929999999999998,238.120509056,0.7216490467804275,3.523646762140812,0.2375872096216033,-0.3563532378591878,12,39,-5.9,-5.7
OC[C@@H]1C[C@H](CO)[C@@H](CO)O1,O=C([C@H]1O[C@H](CO)C[C@@H]1CO)N1CCCC1,[*]CO,[*]C(=O)N1CCCC1,[*:1]-[CH2]-[OH1]>>[*:1]-[CH0](=[OH0])-[NH0]1-[CH2]-[CH2]-[CH2]-[CH2]-1,17,-0.6329000000000002,229.131408088,0.6756032010089059,3.686016155648588,0.1915413638500817,-0.1939838443514121,12,40,-5.9,-4.8
OC[C@@H]1C[C@H](CO)[C@@H](CO)O1,OC[C@H]1O[C@H](CN2CCCC2)C[C@@H]1CO,[*]CO,[*]CN1CCCC1,[*:1]-[CH2]-[OH1]>>[*:1]-[CH2]-[NH0]1-[CH2]-[CH2]-[CH2]-[CH2]-1,27,-0.1595000000000001,215.152143532,0.6840641318534275,3.5313181515192,0.2000022946946033,-0.3486818484808003,12,41,-5.9,-5.9
OC[C@@H]1C[C@H](CO)[C@@H](CO)O1,O=C([C@@H]1C[C@H](CO)[C@@H](CO)O1)N1CCOCC1,[*]CO,[*]C(=O)N1CCOCC1,[*:1]-[CH2]-[OH1]>>[*:1]-[CH0](=[OH0])-[NH0]1-[CH2]-[CH2]-[OH0]-[CH2]-[CH2]-1,26,-1.3964999999999983,245.126322708,0.6393405971960046,3.688418877525428,0.1552787600371803,-0.191581122474572,12,42,-5.9,-6.2
OC[C@@H]1C[C@H](CO)[C@@H](CO)O1,CC(C)O[C@H]1C[C@@H](CO)O[C@@H]1CO,[*]CO,[*]OC(C)C,[*:1]-[CH2]-[OH1]>>[*:1]-[OH0]-[CH1](-[CH3])-[CH3],22,-0.0778999999999999,190.120509056,0.6508193990668193,3.654561496243147,0.166757561907995,-0.2254385037568527,12,43,-5.9,-6.1
OC[C@@H]1C[C@H](CO)[C@@H](CO)O1,C[C@H](O)[C@H]1C[C@@H](CO)O[C@@H]1CO,[*]CO,[*][C@H](C)O,[*:1]-[CH2]-[OH1]>>[*:1]-[C@H1](-[CH3])-[OH1],30,-0.8745,176.104858992,0.5223293199533664,4.078347625103864,0.0382674827945421,0.1983476251038638,12,44,-5.9,-6.3
OC[C@@H]1C[C@H](CO)[C@@H](CO)O1,C[C@@H](O)[C@H]1O[C@H](CO)C[C@@H]1CO,[*]CO,[*][C@@H](C)O,[*:1]-[CH2]-[OH1]>>[*:1]-[C@@H1](-[CH3])-[OH1],25,-0.8745,176.104858992,0.5223293199533664,4.246946182796172,0.0382674827945421,0.3669461827961724,12,45,-5.9,-6.0
OC[C@@H]1C[C@H](CO)[C@@H](CO)O1,CC(C)(O)[C@H]1C[C@@H](CO)O[C@@H]1CO,[*]CO,[*]C(C)(C)O,[*:1]-[CH2]-[OH1]>>[*:1]-[CH0](-[CH3])(-[CH3])-[OH1],77,-0.4844,190.120509056,0.5617138038566877,3.962410597729896,0.0776519666978634,0.0824105977298961,12,46,-5.9,-6.1
OC[C@@H]1C[C@H](CO)[C@@H](CO)O1,CC(=O)[C@H]1C[C@@H](CO)O[C@@H]1CO,[*]CO,[*]C(C)=O,[*:1]-[CH2]-[OH1]>>[*:1]-[CH0](-[CH3])=[OH0],116,-0.6663,174.089208928,0.5954044946240697,3.777837607092709,0.1113426574652455,-0.1021623929072914,12,47,-5.9,-6.3
OC[C@@H]1C[C@H](CO)[C@@H](CO)O1,OCCO[C@H]1O[C@H](CO)C[C@@H]1CO,[*]CO,[*]OCCO,[*:1]-[CH2]-[OH1]>>[*:1]-[OH0]-[CH2]-[CH2]-[OH1],42,-1.2889000000000002,192.099773612,0.5049161911836535,4.024280507232159,0.0208543540248292,0.1442805072321586,12,48,-5.9,-5.8
OC[C@@H]1C[C@H](CO)[C@@H](CO)O1,CC(=O)NC[C@H]1O[C@H](CO)C[C@@H]1CO,[*]CO,[*]CNC(C)=O,[*:1]-[CH2]-[OH1]>>[*:1]-[CH2]-[NH1]-[CH0](-[CH3])=[OH0],48,-1.1192,203.115758024,0.5405974648351466,3.7894766060733662,0.0565356276763223,-0.0905233939266336,12,49,-5.9,-6.2
OC[C@@H]1C[C@H](CO)[C@@H](CO)O1,OC[C@H]1O[C@H](N2CCNCC2)C[C@@H]1CO,[*]CO,[*]N1CCNCC1,[*:1]-[CH2]-[OH1]>>[*:1]-[NH0]1-[CH2]-[CH2]-[NH1]-[CH2]-[CH2]-1,11,-1.3925999999999985,216.1473925,0.5417975914554389,3.9039245915907568,0.0577357542966147,0.0239245915907568,12,50,-5.9,-6.6
OC[C@@H]1C[C@H](CO)[C@@H](CO)O1,CCNC[C@H]1C[C@@H](CO)O[C@@H]1CO,[*]CO,[*]CNCC,[*:1]-[CH2]-[OH1]>>[*:1]-[CH2]-[NH1]-[CH2]-[CH3],14,-0.6457999999999998,189.136493468,0.5378653167092766,3.814030507232157,0.0538034795504523,-0.0659694927678424,12,51,-5.9,-5.8
OC[C@@H]1C[C@H](CO)[C@@H](CO)O1,NC(=O)CO[C@@H]1C[C@H](CO)[C@@H](CO)O1,[*]CO,[*]OCC(N)=O,[*:1]-[CH2]-[OH1]>>[*:1]-[OH0]-[CH2]-[CH0](-[NH2])=[OH0],13,-1.7958999999999994,205.09502258,0.4914010813888642,3.941846241700896,0.0073392442300399,0.0618462417008958,12,52,-5.9,-6.5
OC[C@@H]1C[C@H](CO)[C@@H](CO)O1,OC[C@@H]1C[C@H](CN2CCOCC2)[C@@H](CO)O1,[*]CO,[*]CN1CCOCC1,[*:1]-[CH2]-[OH1]>>[*:1]-[CH2]-[NH0]1-[CH2]-[CH2]-[OH0]-[CH2]-[CH2]-1,66,-0.9230999999999994,231.147058152,0.6548322961909411,3.6112238479562793,0.1707704590321168,-0.2687761520437206,12,53,-5.9,-5.1
OC[C@@H]1C[C@H](CO)[C@@H](CO)O1,CC(C)NC(=O)[C@H]1O[C@H](CO)C[C@@H]1CO,[*]CO,[*]C(=O)NC(C)C,[*:1]-[CH2]-[OH1]>>[*:1]-[CH0](=[OH0])-[NH1]-[CH1](-[CH3])-[CH3],16,-0.7307000000000003,217.131408088,0.5798335048420827,3.8438681067964815,0.0957716676832585,-0.0361318932035183,12,54,-5.9,-5.8
OC[C@@H]1C[C@H](CO)[C@@H](CO)O1,O=C(O)CC[C@H]1O[C@H](CO)C[C@@H]1CO,[*]CO,[*]CCC(=O)O,[*:1]-[CH2]-[OH1]>>[*:1]-[CH2]-[CH2]-[CH0](=[OH0])-[OH1],17,-0.3904999999999999,204.099773612,0.5674003683291577,3.786066079757577,0.0833385311703335,-0.0939339202424234,12,55,-5.9,-6.4
OC[C@@H]1C[C@H](CO)[C@@H](CO)O1,OC[C@H]1O[C@H](N2CCCCC2)C[C@@H]1CO,[*]CO,[*]N1CCCCC1,[*:1]-[CH2]-[OH1]>>[*:1]-[NH0]1-[CH2]-[CH2]-[CH2]-[CH2]-[CH2]-1,11,0.1880999999999998,215.152143532,0.7053519424551047,3.6271592964208086,0.2212901052962804,-0.2528407035791913,12,56,-5.9,-5.4
OC[C@@H]1C[C@H](CO)[C@@H](CO)O1,COC(=O)[C@H]1O[C@H](CO)C[C@@H]1CO,[*]CO,[*]C(=O)OC,[*:1]-[CH2]-[OH1]>>[*:1]-[CH0](=[OH0])-[OH0]-[CH3],219,-1.0823,190.084123548,0.5533886451660354,3.8762423753640274,0.0693268080072111,-0.0037576246359725,12,57,-5.9,-6.0
OC[C@@H]1C[C@H](CO)[C@@H](CO)O1,OC[C@@H]1C[C@H](CO)[C@@H](Cc2ccccc2)O1,[*]CO,[*]Cc1ccccc1,[*:1]-[CH2]-[OH1]>>[*:1]-[CH2]-[cH0]1:[cH1]:[cH1]:[cH1]:[cH1]:[cH1]:1,42,0.9874,222.125594436,0.798347962457197,3.360563312839222,0.3142861252983727,-0.5194366871607778,12,58,-5.9,-5.7
OC[C@@H]1C[C@H](CO)[C@@H](CO)O1,OC[C@@H]1C[C@H](CNC2CC2)[C@@H](CO)O1,[*]CO,[*]CNC1CC1,[*:1]-[CH2]-[OH1]>>[*:1]-[CH2]-[NH1]-[CH1]1-[CH2]-[CH2]-1,10,-0.5033,201.136493468,0.5608183653718913,3.760080810371092,0.0767565282130671,-0.1199191896289075,12,59,-5.9,-5.9
OC[C@@H]1C[C@H](CO)[C@@H](CO)O1,CC(O)[C@@H]1C[C@H](CO)[C@@H](CO)O1,[*]CO,[*]C(C)O,[*:1]-[CH2]-[OH1]>>[*:1]-[CH1](-[CH3])-[OH1],90,-0.8745,176.104858992,0.5223293199533664,4.199194259719249,0.0382674827945421,0.3191942597192492,12,60,-5.9,-6.2
OC[C@@H]1C[C@H](CO)[C@@H](CO)O1,CS[C@H]1C[C@@H](CO)O[C@@H]1CO,[*]CO,[*]SC,[*:1]-[CH2]-[OH1]>>[*:1]-[SH0]-[CH3],29,-0.1398999999999998,178.066365308,0.6313349746314587,4.1316680165974855,0.1472731374726344,0.2516680165974856,12,61,-5.9,-5.6
OC[C@@H]1C[C@H](CO)[C@@H](CO)O1,OC[C@H]1O[C@H](c2ccc(F)cc2)C[C@@H]1CO,[*]CO,[*]c1ccc(F)cc1,[*:1]-[CH2]-[OH1]>>[*:1]-[cH0]1:[cH1]:[cH1]:[cH0](-[FH0]):[cH1]:[cH1]:1,16,1.2564999999999995,226.10052256,0.815310874226498,3.2862223094947414,0.3312490370676737,-0.5937776905052585,12,62,-5.9,-5.0
OC[C@@H]1C[C@H](CO)[C@@H](CO)O1,OC[C@@H]1C[C@H](C2CCCCC2)[C@@H](CO)O1,[*]CO,[*]C1CCCCC1,[*:1]-[CH2]-[OH1]>>[*:1]-[CH1]1-[CH2]-[CH2]-[CH2]-[CH2]-[CH2]-1,11,1.3249999999999995,214.156894564,0.7447751755446035,3.4772086703027423,0.2607133383857792,-0.4027913296972576,12,63,-5.9,-6.2
OC[C@@H]1C[C@H](CO)[C@@H](CO)O1,CS(=O)(=O)N[C@H]1C[C@@H](CO)O[C@@H]1CO,[*]CO,[*]NS(C)(=O)=O,[*:1]-[CH2]-[OH1]>>[*:1]-[NH1]-[SH0](-[CH3])(=[OH0])=[OH0],59,-1.9536999999999989,225.06709358,0.5164188626002304,3.7356143782585054,0.0323570254414061,-0.1443856217414936,12,64,-5.9,-6.5
OC[C@@H]1C[C@H](CO)[C@@H](CO)O1,OC[C@@H]1C[C@H](CN2CCNCC2)[C@@H](CO)O1,[*]CO,[*]CN1CCNCC1,[*:1]-[CH2]-[OH1]>>[*:1]-[CH2]-[NH0]1-[CH2]-[CH2]-[NH1]-[CH2]-[CH2]-1,11,-1.350099999999998,230.163042564,0.5571746926838054,3.766198429896079,0.0731128555249811,-0.113801570103921,12,65,-5.9,-5.4
OC[C@@H]1C[C@H](CO)[C@@H](CO)O1,CS(=O)(=O)C[C@H]1O[C@H](CO)C[C@@H]1CO,[*]CO,[*]CS(C)(=O)=O,[*:1]-[CH2]-[OH1]>>[*:1]-[CH2]-[SH0](-[CH3])(=[OH0])=[OH0],19,-1.2107,224.071844612,0.6257199579234702,4.112929554973682,0.141658120764646,0.2329295549736825,12,66,-5.9,-6.0
OC[C@@H]1C[C@H](CO)[C@@H](CO)O1,CN1CCN(C[C@H]2C[C@@H](CO)O[C@@H]2CO)CC1,[*]CO,[*]CN1CCN(C)CC1,[*:1]-[CH2]-[OH1]>>[*:1]-[CH2]-[NH0]1-[CH2]-[CH2]-[NH0](-[CH3])-[CH2]-[CH2]-1,33,-1.007899999999999,244.178692628,0.6636906274158625,3.5682804159869663,0.1796287902570382,-0.3117195840130335,12,67,-5.9,-4.7
OC[C@@H]1C[C@H](CO)[C@@H](CO)O1,CCOC(=O)[C@H]1C[C@@H](CO)O[C@@H]1CO,[*]CO,[*]C(=O)OCC,[*:1]-[CH2]-[OH1]>>[*:1]-[CH0](=[OH0])-[OH0]-[CH2]-[CH3],107,-0.6922,204.099773612,0.5925838424079674,3.5312713429154705,0.1085220052491431,-0.3487286570845294,12,68,-5.9,-6.1
OC[C@@H]1C[C@H](CO)[C@@H](CO)O1,COC(=O)C[C@@H]1C[C@H](CO)[C@@H](CO)O1,[*]CO,[*]CC(=O)OC,[*:1]-[CH2]-[OH1]>>[*:1]-[CH2]-[CH0](=[OH0])-[OH0]-[CH3],18,-0.6922,204.099773612,0.5925838424079675,3.6860604117413818,0.1085220052491432,-0.1939395882586181,12,69,-5.9,-6.5
OC[C@@H]1C[C@H](CO)[C@@H](CO)O1,OC[C@H]1O[C@H](CN2CCCCC2)C[C@@H]1CO,[*]CO,[*]CN1CCCCC1,[*:1]-[CH2]-[OH1]>>[*:1]-[CH2]-[NH0]1-[CH2]-[CH2]-[CH2]-[CH2]-[CH2]-1,19,0.2306000000000002,229.167793596,0.7244356554779018,3.47851147337434,0.2403738183190775,-0.40148852662566,12,70,-5.9,-5.4
OC[C@@H]1C[C@H](CO)[C@@H](CO)O1,OC[C@H]1O[C@H](OC(F)(F)F)C[C@@H]1CO,[*]CO,[*]OC(F)(F)F,[*:1]-[CH2]-[OH1]>>[*:1]-[OH0]-[CH0](-[FH0])(-[FH0])-[FH0],46,0.2385999999999999,216.060943492,0.709009508142757,4.177276748320876,0.2249476709839327,0.2972767483208756,12,71,-5.9,-6.2
OC[C@@H]1C[C@H](CO)[C@@H](CO)O1,CCOC(=O)C[C@H]1O[C@H](CO)C[C@@H]1CO,[*]CO,[*]CC(=O)OCC,[*:1]-[CH2]-[OH1]>>[*:1]-[CH2]-[CH0](=[OH0])-[OH0]-[CH2]-[CH3],26,-0.3021000000000001,218.115423676,0.6194241777594789,3.736315996102297,0.1353623406006546,-0.1436840038977029,12,72,-5.9,-5.6
OC[C@@H]1C[C@H](CO)[C@@H](CO)O1,OC[C@@H]1C[C@H](CO)[C@@H](C2CCOCC2)O1,[*]CO,[*]C1CCOCC1,[*:1]-[CH2]-[OH1]>>[*:1]-[CH1]1-[CH2]-[CH2]-[OH0]-[CH2]-[CH2]-1,19,0.1713000000000001,216.13615912,0.7058715327859121,3.902984341143529,0.2218096956270878,0.0229843411435286,12,73,-5.9,-5.2
OC[C@@H]1C[C@H](CO)[C@@H](CO)O1,OC[C@H]1O[C@H](CCl)C[C@@H]1CO,[*]CO,[*]CCl,[*:1]-[CH2]-[OH1]>>[*:1]-[CH2]-[ClH0],22,-0.0164999999999999,180.055321956,0.6008185577465844,4.169869555059025,0.1167567205877602,0.2898695550590249,12,74,-5.9,-5.6
OC[C@@H]1C[C@H](CO)[C@@H](CO)O1,CN(C)CCO[C@@H]1C[C@H](CO)[C@@H](CO)O1,[*]CO,[*]OCCN(C)C,[*:1]-[CH2]-[OH1]>>[*:1]-[OH0]-[CH2]-[CH2]-[NH0](-[CH3])-[CH3],15,-0.7195999999999995,219.147058152,0.6171493680216529,3.815512618991602,0.1330875308628286,-0.0644873810083979,12,75,-5.9,-5.8
OC[C@@H]1C[C@H](CO)[C@@H](CO)O1,CCN(CC)C[C@@H]1C[C@H](CO)[C@@H](CO)O1,[*]CO,[*]CN(CC)CC,[*:1]-[CH2]-[OH1]>>[*:1]-[CH2]-[NH0](-[CH2]-[CH3])-[CH2]-[CH3],16,0.0864999999999999,217.167793596,0.6617231600938722,3.726106990473779,0.177661322935048,-0.1538930095262207,12,76,-5.9,-5.2
OC[C@@H]1C[C@H](CO)[C@@H](CO)O1,CC(C)NC[C@@H]1C[C@H](CO)[C@@H](CO)O1,[*]CO,[*]CNC(C)C,[*:1]-[CH2]-[OH1]>>[*:1]-[CH2]-[NH1]-[CH1](-[CH3])-[CH3],12,-0.2573,203.152143532,0.5760690920879871,3.818619116194823,0.0920072549291628,-0.0613808838051772,12,77,-5.9,-6.4
OC[C@@H]1C[C@H](CO)[C@@H](CO)O1,CCN(CC)C(=O)[C@H]1O[C@H](CO)C[C@@H]1CO,[*]CO,[*]C(=O)N(CC)CC,[*:1]-[CH2]-[OH1]>>[*:1]-[CH0](=[OH0])-[NH0](-[CH2]-[CH3])-[CH2]-[CH3],11,-0.3869000000000001,231.147058152,0.676047123882806,3.86613637031764,0.1919852867239817,-0.0138636296823602,12,78,-5.9,-4.4
OC[C@@H]1C[C@H](CO)[C@@H](CO)O1,CC(=O)OC[C@H]1C[C@@H](CO)O[C@@H]1CO,[*]CO,[*]COC(C)=O,[*:1]-[CH2]-[OH1]>>[*:1]-[CH2]-[OH0]-[CH0](-[CH3])=[OH0],72,-0.6922,204.099773612,0.5925838424079674,3.679844217409397,0.1085220052491431,-0.2001557825906026,12,79,-5.9,-5.8
OC[C@@H]1C[C@H](CO)[C@@H](CO)O1,CS(=O)(=O)NC[C@H]1C[C@@H](CO)O[C@@H]1CO,[*]CO,[*]CNS(C)(=O)=O,[*:1]-[CH2]-[OH1]>>[*:1]-[CH2]-[NH1]-[SH0](-[CH3])(=[OH0])=[OH0],16,-1.706099999999999,239.082743644,0.5309486431957702,3.818114260642634,0.0468868060369459,-0.0618857393573657,12,80,-5.9,-6.4
OC[C@@H]1C[C@H](CO)[C@@H](CO)O1,O=C(NCCO)[C@@H]1C[C@H](CO)[C@@H](CO)O1,[*]CO,[*]C(=O)NCCO,[*:1]-[CH2]-[OH1]>>[*:1]-[CH0](=[OH0])-[NH1]-[CH2]-[CH2]-[OH1],30,-2.146799999999999,219.110672644,0.422485671823387,3.831894982969088,-0.0615761653354371,-0.0481050170309123,12,81,-5.9,-5.9
OC[C@@H]1C[C@H](CO)[C@@H](CO)O1,OC[C@@H]1C[C@H](Cn2ccnc2)[C@@H](CO)O1,[*]CO,[*]Cn1ccnc1,[*:1]-[CH2]-[OH1]>>[*:1]-[CH2]-[nH0]1:[cH1]:[cH1]:[nH0]:[cH1]:1,11,-0.3585999999999999,212.116092372,0.715026028390528,3.946966809837625,0.2309641912317037,0.0669668098376252,12,82,-5.9,-5.0
OC[C@@H]1C[C@H](CO)[C@@H](CO)O1,OC[C@@H]1C[C@H](CO)[C@@H](c2ccccc2)O1,[*]CO,[*]c1ccccc1,[*:1]-[CH2]-[OH1]>>[*:1]-[cH0]1:[cH1]:[cH1]:[cH1]:[cH1]:[cH1]:1,93,1.1174,208.109944372,0.782177764774396,3.331357149730291,0.2981159276155718,-0.5486428502697089,12,83,-5.9,-5.5
OC[C@@H]1C[C@H](CO)[C@@H](CO)O1,CCC(O)[C@H]1O[C@H](CO)C[C@@H]1CO,[*]CO,[*]C(O)CC,[*:1]-[CH2]-[OH1]>>[*:1]-[CH1](-[OH1])-[CH2]-[CH3],11,-0.4844,190.120509056,0.5595350861970358,4.308746788979578,0.0754732490382116,0.4287467889795779,12,84,-5.9,-5.9
OC[C@@H]1C[C@H](CO)[C@@H](CO)O1,OC[C@@H]1C[C@H](CCc2ccccc2)[C@@H](CO)O1,[*]CO,[*]CCc1ccccc1,[*:1]-[CH2]-[OH1]>>[*:1]-[CH2]-[CH2]-[cH0]1:[cH1]:[cH1]:[cH1]:[cH1]:[cH1]:1,12,1.3774999999999995,236.1412445,0.8116861291520394,3.2308001962067463,0.3276242919932152,-0.6491998037932536,12,85,-5.9,-5.7
OC[C@@H]1C[C@H](CO)[C@@H](CO)O1,OC[C@H]1O[C@H](COc2ccccc2)C[C@@H]1CO,[*]CO,[*]COc1ccccc1,[*:1]-[CH2]-[OH1]>>[*:1]-[CH2]-[OH0]-[cH0]1:[cH1]:[cH1]:[cH1]:[cH1]:[cH1]:1,14,0.8236999999999999,238.120509056,0.7971968003432983,3.2332925038990528,0.3131349631844741,-0.6467074961009471,12,86,-5.9,-6.7
OC[C@@H]1C[C@H](CO)[C@@H](CO)O1,CC(C)(C)OC(=O)N[C@H]1C[C@@H](CO)O[C@@H]1CO,[*]CO,[*]NC(=O)OC(C)(C)C,[*:1]-[CH2]-[OH1]>>[*:1]-[NH1]-[CH0](=[OH0])-[OH0]-[CH0](-[CH3])(-[CH3])-[CH3],11,0.0217999999999999,247.141972772,0.6541859865973063,3.472845031371582,0.1701241494384821,-0.4071549686284177,12,87,-5.9,-5.4
OC[C@@H]1C[C@H](CO)[C@@H](CO)O1,OC[C@@H]1C[C@H](c2ccccn2)[C@@H](CO)O1,[*]CO,[*]c1ccccn1,[*:1]-[CH2]-[OH1]>>[*:1]-[cH0]1:[cH1]:[cH1]:[cH1]:[cH1]:[nH0]:1,18,0.3073000000000002,209.10519334,0.7516179303541926,3.522662695347464,0.2675560931953683,-0.3573373046525363,12,88,-5.9,-6.0
OC[C@@H]1C[C@H](CO)[C@@H](CO)O1,COCCO[C@H]1C[C@@H](CO)O[C@@H]1CO,[*]CO,[*]OCCOC,[*:1]-[CH2]-[OH1]>>[*:1]-[OH0]-[CH2]-[CH2]-[OH0]-[CH3],24,-0.8398999999999996,206.115423676,0.5545914069393644,3.5239257807852926,0.0705295697805401,-0.3560742192147073,12,89,-5.9,-5.9
OC[C@@H]1C[C@H](CO)[C@@H](CO)O1,CN(C)CCNC(=O)[C@@H]1C[C@H](CO)[C@@H](CO)O1,[*]CO,[*]C(=O)NCCN(C)C,[*:1]-[CH2]-[OH1]>>[*:1]-[CH0](=[OH0])-[NH1]-[CH2]-[CH2]-[NH0](-[CH3])-[CH3],12,-1.577499999999998,246.157957184,0.5269364588960666,3.749592790568905,0.0428746217372423,-0.1304072094310946,12,90,-5.9,-5.8
OC[C@@H]1C[C@H](CO)[C@@H](CO)O1,OCC(O)[C@@H]1C[C@H](CO)[C@@H](CO)O1,[*]CO,[*]C(O)CO,[*:1]-[CH2]-[OH1]>>[*:1]-[CH1](-[OH1])-[CH2]-[OH1],10,-1.9021000000000003,192.099773612,0.4174522617005899,4.221852283485072,-0.0666095754582343,0.3418522834850721,12,91,-5.9,-6.3
OC[C@@H]1C[C@H](CO)[C@@H](CO)O1,OC[C@@H]1C[C@H](c2ccncc2)[C@@H](CO)O1,[*]CO,[*]c1ccncc1,[*:1]-[CH2]-[OH1]>>[*:1]-[cH0]1:[cH1]:[cH1]:[nH0]:[cH1]:[cH1]:1,25,0.3072999999999999,209.10519334,0.7516179303541926,3.5119818366712554,0.2675560931953683,-0.3680181633287445,12,92,-5.9,-6.2
OC[C@@H]1C[C@H](CO)[C@@H](CO)O1,COCCNC(=O)[C@H]1O[C@H](CO)C[C@@H]1CO,[*]CO,[*]C(=O)NCCOC,[*:1]-[CH2]-[OH1]>>[*:1]-[CH0](=[OH0])-[NH1]-[CH2]-[CH2]-[OH0]-[CH3],10,-1.4926999999999986,233.126322708,0.4863050654269296,3.736260910893344,0.0022432282681054,-0.1437390891066563,12,93,-5.9,-6.3
OC[C@@H]1C[C@H](CO)[C@@H](CO)O1,OC[C@@H]1C[C@H](Oc2ccccc2)[C@@H](CO)O1,[*]CO,[*]Oc1ccccc1,[*:1]-[CH2]-[OH1]>>[*:1]-[OH0]-[cH0]1:[cH1]:[cH1]:[cH1]:[cH1]:[cH1]:1,12,0.5760999999999998,224.104858992,0.7849539614408853,3.142314817855945,0.300892124282061,-0.7376851821440544,12,94,-5.9,-5.4
OC[C@@H]1C[C@H](CO)[C@@H](CO)O1,OC[C@H]1O[C@H](c2cccnc2)C[C@@H]1CO,[*]CO,[*]c1cccnc1,[*:1]-[CH2]-[OH1]>>[*:1]-[cH0]1:[cH1]:[cH1]:[cH1]:[nH0]:[cH1]:1,22,0.5124,209.10519334,0.7611574547418166,3.5571524985675005,0.2770956175829924,-0.3228475014324994,12,95,-5.9,-6.4
OC[C@@H]1C[C@H](CO)[C@@H](CO)O1,OC[C@@H]1C[C@H](CO)[C@@H](OCc2ccccc2)O1,[*]CO,[*]OCc1ccccc1,[*:1]-[CH2]-[OH1]>>[*:1]-[OH0]-[CH2]-[cH0]1:[cH1]:[cH1]:[cH1]:[cH1]:[cH1]:1,20,0.9189999999999998,238.120509056,0.8005232643402186,3.3532906200685995,0.3164614271813943,-0.5267093799314004,12,96,-5.9,-5.4
OC[C@@H]1C[C@H](CO)[C@@H](CO)O1,Cn1cc([C@H]2C[C@@H](CO)O[C@@H]2CO)cn1,[*]CO,[*]c1cnn(C)c1,[*:1]-[CH2]-[OH1]>>[*:1]-[cH0]1:[cH1]:[nH0]:[nH0](-[CH3]):[cH1]:1,17,-0.3541999999999999,212.116092372,0.7180940677493984,3.823426073829447,0.2340322305905742,-0.0565739261705529,12,97,-5.9,-5.9
OC[C@@H]1C[C@H](CO)[C@@H](CO)O1,OC[C@@H]1C[C@H](c2nnn[nH]2)[C@@H](CO)O1,[*]CO,[*]c1nnn[nH]1,[*:1]-[CH2]-[OH1]>>[*:1]-[cH0]1:[nH0]:[nH0]:[nH0]:[nH1]:1,10,-1.5746000000000002,200.090940244,0.5439619203207607,4.325645958300086,0.0599000831619365,0.4456459583000862,12,98,-5.9,-8.1
OC[C@@H]1C[C@H](CO)[C@@H](CO)O1,OCCOC[C@@H]1C[C@H](CO)[C@@H](CO)O1,[*]CO,[*]COCCO,[*:1]-[CH2]-[OH1]>>[*:1]-[CH2]-[OH0]-[CH2]-[CH2]-[OH1],10,-1.2464000000000002,206.115423676,0.4733844075092343,3.8348180884776006,-0.0106774296495898,-0.0451819115223992,12,99,-5.9,-6.0
C=Cc1ccc(C(=O)O)c(N)c1C,C=Cc1ccc(OC)c(N)c1C,[*]C(=O)O,[*]OC,[*:1]-[CH0](=[OH0])-[OH1]>>[*:1]-[OH0]-[CH3],264,2.22882,163.099714036,0.6783731383689188,2.44966175371553,0.0002547731087806,0.0096617537155294,13,0,-7.1,-5.6
C=Cc1ccc(C(=O)O)c(N)c1C,C=Cc1ccc(C(C)C)c(N)c1C,[*]C(=O)O,[*]C(C)C,[*:1]-[CH0](=[OH0])-[OH1]>>[*:1]-[CH1](-[CH3])-[CH3],15,3.3436200000000014,175.136099544,0.6852913561463487,2.658296763583486,0.0071729908862105,0.2182967635834858,13,1,-7.1,-5.2
C=Cc1ccc(C(=O)O)c(N)c1C,C=Cc1ccc(CC)c(N)c1C,[*]C(=O)O,[*]CC,[*:1]-[CH0](=[OH0])-[OH1]>>[*:1]-[CH2]-[CH3],27,2.782620000000001,161.12044948,0.6630276919589222,2.596816080638608,-0.0150906733012159,0.1568160806386069,13,2,-7.1,-5.3
C=Cc1ccc(C(=O)O)c(N)c1C,C=Cc1ccc(CN)c(N)c1C,[*]C(=O)O,[*]CN,[*:1]-[CH0](=[OH0])-[OH1]>>[*:1]-[CH2]-[NH2],41,1.6789200000000002,162.115698448,0.6499064721492853,2.805101176792453,-0.0282118931108528,0.3651011767924528,13,3,-7.1,-6.3
C=Cc1ccc(C(=O)O)c(N)c1C,C=Cc1ccc(CO)c(N)c1C,[*]C(=O)O,[*]CO,[*:1]-[CH0](=[OH0])-[OH1]>>[*:1]-[CH2]-[OH1],242,1.7125199999999998,163.099714036,0.6518518377415394,2.76771223448476,-0.0262665275185987,0.3277122344847596,13,4,-7.1,-6.2
C=Cc1ccc(C(=O)O)c(N)c1C,C=Cc1ccc(C(N)=O)c(N)c1C,[*]C(=O)O,[*]C(N)=O,[*:1]-[CH0](=[OH0])-[OH1]>>[*:1]-[CH0](-[NH2])=[OH0],426,1.3191200000000003,176.094963004,0.667023205763285,2.566614863130999,-0.0110951594968531,0.1266148631309986,13,5,-7.1,-7.0
C=Cc1ccc(C(=O)O)c(N)c1C,C=Cc1ccc(NC)c(N)c1C,[*]C(=O)O,[*]NC,[*:1]-[CH0](=[OH0])-[OH1]>>[*:1]-[NH1]-[CH3],17,2.26192,162.115698448,0.654494344166545,2.781272811407838,-0.0236240210935931,0.3412728114078378,13,6,-7.1,-5.9
C=Cc1ccc(C(=O)O)c(N)c1C,C=Cc1ccc(N(C)C)c(N)c1C,[*]C(=O)O,[*]N(C)C,[*:1]-[CH0](=[OH0])-[OH1]>>[*:1]-[NH0](-[CH3])-[CH3],51,2.28622,176.131348512,0.7004031691628684,2.7546497047599576,0.0222848039027302,0.3146497047599572,13,7,-7.1,-4.8
C=Cc1ccc(C(=O)O)c(N)c1C,C=Cc1ccc(OCC)c(N)c1C,[*]C(=O)O,[*]OCC,[*:1]-[CH0](=[OH0])-[OH1]>>[*:1]-[OH0]-[CH2]-[CH3],26,2.618920000000001,177.1153641,0.720159768992535,2.449273596162673,0.0420414037323968,0.0092735961626724,13,8,-7.1,-5.7
C=Cc1ccc(C(=O)O)c(N)c1C,C=Cc1ccc(C(=O)NC)c(N)c1C,[*]C(=O)O,[*]C(=O)NC,[*:1]-[CH0](=[OH0])-[OH1]>>[*:1]-[CH0](=[OH0])-[NH1]-[CH3],187,1.57982,190.110613068,0.6955163237805453,2.5256918123033643,0.0173979585204071,0.0856918123033638,13,9,-7.1,-6.0
C=Cc1ccc(C(=O)O)c(N)c1C,C=Cc1ccc(C(C)(C)C)c(N)c1C,[*]C(=O)O,[*]C(C)(C)C,[*:1]-[CH0](=[OH0])-[OH1]>>[*:1]-[CH0](-[CH3])(-[CH3])-[CH3],26,3.517720000000001,189.151749608,0.6720064828451718,2.6699305856921374,-0.0061118824149662,0.2299305856921369,13,10,-7.1,-4.5
C=Cc1ccc(C(=O)O)c(N)c1C,C=Cc1ccc(C(=O)N(C)C)c(N)c1C,[*]C(=O)O,[*]C(=O)N(C)C,[*:1]-[CH0](=[OH0])-[OH1]>>[*:1]-[CH0](=[OH0])-[NH0](-[CH3])-[CH3],153,1.92202,204.126263132,0.7480093680933839,2.534600574425218,0.0698910028332457,0.0946005744252174,13,11,-7.1,-4.2
C=Cc1ccc(C(=O)O)c(N)c1C,C=Cc1ccc(CN(C)C)c(N)c1C,[*]C(=O)O,[*]CN(C)C,[*:1]-[CH0](=[OH0])-[OH1]>>[*:1]-[CH2]-[NH0](-[CH3])-[CH3],24,2.2818200000000006,190.146998576,0.7408591229900926,2.682898049309601,0.0627407577299544,0.2428980493096011,13,12,-7.1,-4.4
C=Cc1ccc(C(=O)O)c(N)c1C,C=Cc1ccc(NC(C)=O)c(N)c1C,[*]C(=O)O,[*]NC(C)=O,[*:1]-[CH0](=[OH0])-[OH1]>>[*:1]-[NH1]-[CH0](-[CH3])=[OH0],88,2.1786200000000004,190.110613068,0.7021088327723338,2.498325076336629,0.0239904675121956,0.0583250763366285,13,13,-7.1,-5.9
C=Cc1ccc(C(=O)O)c(N)c1C,C=Cc1ccc(N2CCN(C)CC2)c(N)c1C,[*]C(=O)O,[*]N1CCN(C)CC1,[*:1]-[CH0](=[OH0])-[OH1]>>[*:1]-[NH0]1-[CH2]-[CH2]-[NH0](-[CH3])-[CH2]-[CH2]-1,14,1.97202,231.173547672,0.7898912963528512,2.493413226685073,0.111772931092713,0.0534132266850724,13,14,-7.1,-4.1
C=Cc1ccc(C(=O)O)c(N)c1C,C=Cc1ccc(CCO)c(N)c1C,[*]C(=O)O,[*]CCO,[*:1]-[CH0](=[OH0])-[OH1]>>[*:1]-[CH2]-[CH2]-[OH1],26,1.75502,177.1153641,0.6908865910948196,2.715345244514321,0.0127682258346815,0.2753452445143205,13,15,-7.1,-5.9
C=Cc1ccc(C(=O)O)c(N)c1C,C=Cc1ccc(COC)c(N)c1C,[*]C(=O)O,[*]COC,[*:1]-[CH0](=[OH0])-[OH1]>>[*:1]-[CH2]-[OH0]-[CH3],25,2.36662,177.1153641,0.7192357041194302,2.705328541217618,0.041117338859292,0.2653285412176176,13,16,-7.1,-5.2
C=Cc1ccc(C(=O)O)c(N)c1C,C=Cc1ccc(N2CCOCC2)c(N)c1C,[*]C(=O)O,[*]N1CCOCC1,[*:1]-[CH0](=[OH0])-[OH1]>>[*:1]-[NH0]1-[CH2]-[CH2]-[OH0]-[CH2]-[CH2]-1,37,2.05682,218.141913196,0.7721220100298515,2.5338561676560243,0.0940036447697133,0.0938561676560238,13,17,-7.1,-4.7
C=Cc1ccc(C(=O)O)c(N)c1C,C=Cc1ccc(C(F)(F)F)c(N)c1C,[*]C(=O)O,[*]C(F)(F)F,[*:1]-[CH0](=[OH0])-[OH1]>>[*:1]-[CH0](-[FH0])(-[FH0])-[FH0],118,3.239020000000001,201.07653398,0.6932894219276811,2.693861354922907,0.0151710566675429,0.2538613549229067,13,18,-7.1,-5.5
C=Cc1ccc(C(=O)O)c(N)c1C,C=Cc1ccc(CC(N)=O)c(N)c1C,[*]C(=O)O,[*]CC(N)=O,[*:1]-[CH0](=[OH0])-[OH1]>>[*:1]-[CH2]-[CH0](-[NH2])=[OH0],13,1.2480200000000004,190.110613068,0.7040714250445904,2.677269774881328,0.0259530597844522,0.2372697748813275,13,19,-7.1,-6.0
C=Cc1ccc(C(=O)O)c(N)c1C,C=Cc1ccc(OC(C)C)c(N)c1C,[*]C(=O)O,[*]OC(C)C,[*:1]-[CH0](=[OH0])-[OH1]>>[*:1]-[OH0]-[CH1](-[CH3])-[CH3],12,3.007420000000001,191.131014164,0.745259176551618,2.5800024152139684,0.0671408112914798,0.140002415213968,13,20,-7.1,-5.4
C=Cc1ccc(C(=O)O)c(N)c1C,C=Cc1ccc(OC(F)(F)F)c(N)c1C,[*]C(=O)O,[*]OC(F)(F)F,[*:1]-[CH0](=[OH0])-[OH1]>>[*:1]-[OH0]-[CH0](-[FH0])(-[FH0])-[FH0],36,3.1188200000000013,217.0714486,0.7722153449079805,2.747103533005101,0.0940969796478423,0.3071035330051002,13,21,-7.1,-5.9
C=Cc1ccc(C(=O)O)c(N)c1C,C=Cc1ccc(C(=O)N2CCC2)c(N)c1C,[*]C(=O)O,[*]C(=O)N1CCC1,[*:1]-[CH0](=[OH0])-[OH1]>>[*:1]-[CH0](=[OH0])-[NH0]1-[CH2]-[CH2]-[CH2]-1,12,2.06612,216.126263132,0.7691128187893818,2.396168153344755,0.0909944535292436,-0.0438318466552454,13,22,-7.1,-3.8
C=Cc1ccc(C(=O)O)c(N)c1C,C=Cc1ccc(CC(=O)O)c(N)c1C,[*]C(=O)O,[*]CC(=O)O,[*:1]-[CH0](=[OH0])-[OH1]>>[*:1]-[CH2]-[CH0](=[OH0])-[OH1],212,1.84732,191.094628656,0.7164481974915011,2.579624452636006,0.0383298322313629,0.1396244526360055,13,23,-7.1,-6.5
C=Cc1ccc(C(=O)O)c(N)c1C,C=Cc1ccc(C(=O)NCC)c(N)c1C,[*]C(=O)O,[*]C(=O)NCC,[*:1]-[CH0](=[OH0])-[OH1]>>[*:1]-[CH0](=[OH0])-[NH1]-[CH2]-[CH3],40,1.96992,204.126263132,0.7394691289851107,2.453963503419301,0.0613507637249726,0.0139635034193004,13,24,-7.1,-5.8
C=Cc1ccc(C(=O)O)c(N)c1C,C=Cc1ccc(C(=O)N2CCCCC2)c(N)c1C,[*]C(=O)O,[*]C(=O)N1CCCCC1,[*:1]-[CH0](=[OH0])-[OH1]>>[*:1]-[CH0](=[OH0])-[NH0]1-[CH2]-[CH2]-[CH2]-[CH2]-[CH2]-1,29,2.8463200000000013,244.15756326,0.8130640190989367,2.3287745029149907,0.1349456538387985,-0.1112254970850097,13,25,-7.1,-3.6
C=Cc1ccc(C(=O)O)c(N)c1C,C=Cc1ccc(C(=O)N2CCCC2)c(N)c1C,[*]C(=O)O,[*]C(=O)N1CCCC1,[*:1]-[CH0](=[OH0])-[OH1]>>[*:1]-[CH0](=[OH0])-[NH0]1-[CH2]-[CH2]-[CH2]-[CH2]-1,20,2.456220000000001,230.141913196,0.7931849318571558,2.3504119173561038,0.1150665665970176,-0.089588082643897,13,26,-7.1,-3.8
C=Cc1ccc(C(=O)O)c(N)c1C,C=Cc1ccc(N2CCCCC2)c(N)c1C,[*]C(=O)O,[*]N1CCCCC1,[*:1]-[CH0](=[OH0])-[OH1]>>[*:1]-[NH0]1-[CH2]-[CH2]-[CH2]-[CH2]-[CH2]-1,10,3.2105200000000007,216.16264864,0.7691022332323654,2.434696167656025,0.0909838679722272,-0.0053038323439755,13,27,-7.1,-4.9
C=Cc1ccc(C(=O)O)c(N)c1C,C=Cc1ccc(C(=O)NC2CC2)c(N)c1C,[*]C(=O)O,[*]C(=O)NC1CC1,[*:1]-[CH0](=[OH0])-[OH1]>>[*:1]-[CH0](=[OH0])-[NH1]-[CH1]1-[CH2]-[CH2]-1,32,2.11242,216.126263132,0.7602219802762653,2.4147413197132703,0.0821036150161271,-0.02525868028673,13,28,-7.1,-5.7
C=Cc1ccc(C(=O)O)c(N)c1C,C=Cc1ccc(CNC(C)=O)c(N)c1C,[*]C(=O)O,[*]CNC(C)=O,[*:1]-[CH0](=[OH0])-[OH1]>>[*:1]-[CH2]-[NH1]-[CH0](-[CH3])=[OH0],13,1.85632,204.126263132,0.738218191360253,2.5595023495731475,0.0600998261001148,0.119502349573147,13,29,-7.1,-5.8
C=Cc1ccc(C(=O)O)c(N)c1C,C=Cc1ccc(C(C)(C)O)c(N)c1C,[*]C(=O)O,[*]C(C)(C)O,[*:1]-[CH0](=[OH0])-[OH1]>>[*:1]-[CH0](-[CH3])(-[CH3])-[OH1],20,2.447620000000001,191.131014164,0.705208454818467,2.8420805856921376,0.0270900895583288,0.4020805856921372,13,30,-7.1,-5.5
C=Cc1ccc(C(=O)O)c(N)c1C,C=Cc1ccc(C(C)=O)c(N)c1C,[*]C(=O)O,[*]C(C)=O,[*:1]-[CH0](=[OH0])-[OH1]>>[*:1]-[CH0](-[CH3])=[OH0],68,2.4228200000000006,175.099714036,0.5537539052113323,2.553399931004302,-0.1243644600488058,0.1133999310043014,13,31,-7.1,-5.6
C=Cc1ccc(C(=O)O)c(N)c1C,C=Cc1ccc(OCCO)c(N)c1C,[*]C(=O)O,[*]OCCO,[*:1]-[CH0](=[OH0])-[OH1]>>[*:1]-[OH0]-[CH2]-[CH2]-[OH1],17,1.59132,193.11027872,0.7138528579124324,2.5778259298216923,0.0357344926522942,0.1378259298216919,13,32,-7.1,-5.9
C=Cc1ccc(C(=O)O)c(N)c1C,C=Cc1ccc(C(=O)N2CCOCC2)c(N)c1C,[*]C(=O)O,[*]C(=O)N1CCOCC1,[*:1]-[CH0](=[OH0])-[OH1]>>[*:1]-[CH0](=[OH0])-[NH0]1-[CH2]-[CH2]-[OH0]-[CH2]-[CH2]-1,80,1.69262,246.136827816,0.8078975266548012,2.434672656761144,0.129779161394663,-0.0053273432388563,13,33,-7.1,-3.1
C=Cc1ccc(C(=O)O)c(N)c1C,C=Cc1ccc(C(=O)NC(C)C)c(N)c1C,[*]C(=O)O,[*]C(=O)NC(C)C,[*:1]-[CH0](=[OH0])-[OH1]>>[*:1]-[CH0](=[OH0])-[NH1]-[CH1](-[CH3])-[CH3],30,2.3584200000000006,218.141913196,0.7651007079580303,2.4360572665571247,0.0869823426978921,-0.0039427334428756,13,34,-7.1,-5.8
C=Cc1ccc(C(=O)O)c(N)c1C,C=Cc1ccc(C(=O)N2CCNCC2)c(N)c1C,[*]C(=O)O,[*]C(=O)N1CCNCC1,[*:1]-[CH0](=[OH0])-[OH1]>>[*:1]-[CH0](=[OH0])-[NH0]1-[CH2]-[CH2]-[NH1]-[CH2]-[CH2]-1,11,1.2656199999999995,245.152812228,0.7713367733450461,2.572081887530377,0.093218408084908,0.1320818875303766,13,35,-7.1,-4.0
C=Cc1ccc(C(=O)O)c(N)c1C,C=Cc1ccc(C(=O)OC)c(N)c1C,[*]C(=O)O,[*]C(=O)OC,[*:1]-[CH0](=[OH0])-[OH1]>>[*:1]-[CH0](=[OH0])-[OH0]-[CH3],638,2.0068200000000003,191.094628656,0.5742895684778548,2.4159442031557568,-0.1038287967822833,-0.0240557968442436,13,36,-7.1,-6.4
C=Cc1ccc(C(=O)O)c(N)c1C,C=Cc1ccc(OCC(=O)O)c(N)c1C,[*]C(=O)O,[*]OCC(=O)O,[*:1]-[CH0](=[OH0])-[OH1]>>[*:1]-[OH0]-[CH2]-[CH0](=[OH0])-[OH1],48,1.68362,207.089543276,0.7366317049879644,2.487467734188531,0.0585133397278262,0.0474677341885305,13,37,-7.1,-6.2
C=Cc1ccc(C(=O)O)c(N)c1C,C=Cc1ccc(CN2CCOCC2)c(N)c1C,[*]C(=O)O,[*]CN1CCOCC1,[*:1]-[CH0](=[OH0])-[OH1]>>[*:1]-[CH2]-[NH0]1-[CH2]-[CH2]-[OH0]-[CH2]-[CH2]-1,19,2.05242,232.15756326,0.8106176867438375,2.5367742741482484,0.1324993214836993,0.096774274148248,13,38,-7.1,-5.2
C=Cc1ccc(C(=O)O)c(N)c1C,C=Cc1ccc(NS(C)(=O)=O)c(N)c1C,[*]C(=O)O,[*]NS(C)(=O)=O,[*:1]-[CH0](=[OH0])-[OH1]>>[*:1]-[NH1]-[SH0](-[CH3])(=[OH0])=[OH0],55,1.5917200000000002,226.077598688,0.768692010056719,2.6596490951352774,0.0905736447965809,0.2196490951352769,13,39,-7.1,-6.0
C=Cc1ccc(C(=O)O)c(N)c1C,C=Cc1ccc(NC(N)=O)c(N)c1C,[*]C(=O)O,[*]NC(N)=O,[*:1]-[CH0](=[OH0])-[OH1]>>[*:1]-[NH1]-[CH0](-[NH2])=[OH0],10,1.71082,191.105862036,0.6218093196727602,2.645921334132886,-0.0563090455873779,0.2059213341328858,13,40,-7.1,-6.1
C=Cc1ccc(C(=O)O)c(N)c1C,C=Cc1ccc(C(=O)N2CCN(C)CC2)c(N)c1C,[*]C(=O)O,[*]C(=O)N1CCN(C)CC1,[*:1]-[CH0](=[OH0])-[OH1]>>[*:1]-[CH0](=[OH0])-[NH0]1-[CH2]-[CH2]-[NH0](-[CH3])-[CH2]-[CH2]-1,46,1.6078200000000002,259.168462292,0.8208890864176198,2.4022048606842805,0.1427707211574816,-0.0377951393157198,13,41,-7.1,-3.9
C=Cc1ccc(C(=O)O)c(N)c1C,C=Cc1ccc(C(=O)NCCC)c(N)c1C,[*]C(=O)O,[*]C(=O)NCCC,[*:1]-[CH0](=[OH0])-[OH1]>>[*:1]-[CH0](=[OH0])-[NH1]-[CH2]-[CH2]-[CH3],12,2.3600200000000005,218.141913196,0.7621418605954172,2.3732350585325896,0.084023495335279,-0.0667649414674107,13,42,-7.1,-5.9
C=Cc1ccc(C(=O)O)c(N)c1C,C=Cc1ccc(CCC(=O)O)c(N)c1C,[*]C(=O)O,[*]CCC(=O)O,[*:1]-[CH0](=[OH0])-[OH1]>>[*:1]-[CH2]-[CH2]-[CH0](=[OH0])-[OH1],69,2.23742,205.11027872,0.7407684828299546,2.5329350418808403,0.0626501175698164,0.0929350418808399,13,43,-7.1,-6.5
C=Cc1ccc(C(=O)O)c(N)c1C,C=Cc1ccc(C(C)O)c(N)c1C,[*]C(=O)O,[*]C(C)O,[*:1]-[CH0](=[OH0])-[OH1]>>[*:1]-[CH1](-[CH3])-[OH1],18,2.2735200000000004,177.1153641,0.6805960146672915,3.2168310562223024,0.0024776494071533,0.776831056222302,13,44,-7.1,-5.7
C=Cc1ccc(C(=O)O)c(N)c1C,C=Cc1ccc(C(=O)NC2CCCCC2)c(N)c1C,[*]C(=O)O,[*]C(=O)NC1CCCCC1,[*:1]-[CH0](=[OH0])-[OH1]>>[*:1]-[CH0](=[OH0])-[NH1]-[CH1]1-[CH2]-[CH2]-[CH2]-[CH2]-[CH2]-1,10,3.282720000000001,258.173213324,0.8173913128151944,2.347894226543385,0.1392729475550562,-0.0921057734566153,13,45,-7.1,-5.4
C=Cc1ccc(C(=O)O)c(N)c1C,C=Cc1ccc(C(=O)OCC)c(N)c1C,[*]C(=O)O,[*]C(=O)OCC,[*:1]-[CH0](=[OH0])-[OH1]>>[*:1]-[CH0](=[OH0])-[OH0]-[CH2]-[CH3],288,2.3969200000000006,205.11027872,0.6085752441221844,2.3615992726500714,-0.0695431211379536,-0.0784007273499289,13,46,-7.1,-5.6
C=Cc1ccc(C(=O)O)c(N)c1C,C=Cc1ccc(C(=O)NS(C)(=O)=O)c(N)c1C,[*]C(=O)O,[*]C(=O)NS(C)(=O)=O,[*:1]-[CH0](=[OH0])-[OH1]>>[*:1]-[CH0](=[OH0])-[NH1]-[SH0](-[CH3])(=[OH0])=[OH0],60,0.9096200000000004,254.072513308,0.7844960387082509,2.651103644777619,0.1063776734481127,0.2111036447776184,13,47,-7.1,-6.0
C=Cc1ccc(C(=O)O)c(N)c1C,C=Cc1ccc(-c2ccccc2)c(N)c1C,[*]C(=O)O,[*]c1ccccc1,[*:1]-[CH0](=[OH0])-[OH1]>>[*:1]-[cH0]1:[cH1]:[cH1]:[cH1]:[cH1]:[cH1]:1,60,3.887220000000002,209.12044948,0.7460018575020462,2.1781115522714103,0.067883492241908,-0.2618884477285901,13,48,-7.1,-5.2
C=Cc1ccc(C(=O)O)c(N)c1C,C=Cc1ccc(NC(=O)OC(C)(C)C)c(N)c1C,[*]C(=O)O,[*]NC(=O)OC(C)(C)C,[*:1]-[CH0](=[OH0])-[OH1]>>[*:1]-[NH1]-[CH0](=[OH0])-[OH0]-[CH0](-[CH3])(-[CH3])-[CH3],15,3.5672200000000016,248.15247788,0.7862930056957782,2.5045198449771853,0.10817464043564,0.0645198449771848,13,49,-7.1,-5.0
C=Cc1ccc(C(=O)O)c(N)c1C,C=Cc1ccc(-c2ccc(OC)cc2)c(N)c1C,[*]C(=O)O,[*]c1ccc(OC)cc1,[*:1]-[CH0](=[OH0])-[OH1]>>[*:1]-[cH0]1:[cH1]:[cH1]:[cH0](-[OH0]-[CH3]):[cH1]:[cH1]:1,11,3.8958200000000014,239.131014164,0.8244420260084052,2.190891733684221,0.146323660748267,-0.2491082663157788,13,50,-7.1,-5.2
C=Cc1ccc(C(=O)O)c(N)c1C,C=Cc1ccc(C(=O)NCCN)c(N)c1C,[*]C(=O)O,[*]C(=O)NCCN,[*:1]-[CH0](=[OH0])-[OH1]>>[*:1]-[CH0](=[OH0])-[NH1]-[CH2]-[CH2]-[NH2],13,0.90872,219.137162164,0.6582415198443345,2.5361205683715884,-0.0198768454158035,0.096120568371588,13,51,-7.1,-6.0
C=Cc1ccc(C(=O)O)c(N)c1C,C=Cc1ccc(OCCN(C)C)c(N)c1C,[*]C(=O)O,[*]OCCN(C)C,[*:1]-[CH0](=[OH0])-[OH1]>>[*:1]-[OH0]-[CH2]-[CH2]-[NH0](-[CH3])-[CH3],14,2.16062,220.15756326,0.7727736205918446,2.53816207105495,0.0946552553317064,0.0981620710549497,13,52,-7.1,-6.2
C=Cc1ccc(C(=O)O)c(N)c1C,C=Cc1ccc(C(C)(C)C(=O)O)c(N)c1C,[*]C(=O)O,[*]C(C)(C)C(=O)O,[*:1]-[CH0](=[OH0])-[OH1]>>[*:1]-[CH0](-[CH3])(-[CH3])-[CH0](=[OH0])-[OH1],12,2.582420000000001,219.125928784,0.7678651060274755,2.8348527905453302,0.0897467407673373,0.3948527905453298,13,53,-7.1,-5.3
C=Cc1ccc(C(=O)O)c(N)c1C,C=Cc1ccc(SC)c(N)c1C,[*]C(=O)O,[*]SC,[*:1]-[CH0](=[OH0])-[OH1]>>[*:1]-[SH0]-[CH3],25,2.942120000000001,179.076870416,0.5577167530412183,2.9021237729463003,-0.1204016122189198,0.4621237729462999,13,54,-7.1,-5.0
C=Cc1ccc(C(=O)O)c(N)c1C,C=Cc1ccc(CC(=O)OC)c(N)c1C,[*]C(=O)O,[*]CC(=O)OC,[*:1]-[CH0](=[OH0])-[OH1]>>[*:1]-[CH2]-[CH0](=[OH0])-[OH0]-[CH3],18,1.93572,205.11027872,0.605667876973709,2.55410927265007,-0.072450488286429,0.1141092726500696,13,55,-7.1,-5.5
C=Cc1ccc(C(=O)O)c(N)c1C,C=Cc1ccc(C(=O)NOC)c(N)c1C,[*]C(=O)O,[*]C(=O)NOC,[*:1]-[CH0](=[OH0])-[OH1]>>[*:1]-[CH0](=[OH0])-[NH1]-[OH0]-[CH3],13,1.5114200000000004,206.105527688,0.5816862923012819,2.7442481188039167,-0.0964320729588562,0.3042481188039163,13,56,-7.1,-5.8
C=Cc1ccc(C(=O)O)c(N)c1C,C=Cc1ccc(-c2n[nH]c(=O)o2)c(N)c1C,[*]C(=O)O,[*]c1n[nH]c(=O)o1,[*:1]-[CH0](=[OH0])-[OH1]>>[*:1]-[cH0]1:[nH0]:[nH1]:[cH0](=[OH0]):[oH0]:1,13,1.56352,217.085126592,0.7473961761245271,3.082705468355324,0.069277810864389,0.6427054683553237,13,57,-7.1,-7.0
C=Cc1ccc(C(=O)O)c(N)c1C,C=Cc1ccc(C(=O)N(CC)CC)c(N)c1C,[*]C(=O)O,[*]C(=O)N(CC)CC,[*:1]-[CH0](=[OH0])-[OH1]>>[*:1]-[CH0](=[OH0])-[NH0](-[CH2]-[CH3])-[CH2]-[CH3],26,2.7022200000000014,232.15756326,0.8112235848269503,2.4976758126097867,0.1331052195668122,0.0576758126097862,13,58,-7.1,-4.3
C=Cc1ccc(C(=O)O)c(N)c1C,C=Cc1ccc(C(=O)NCC(=O)O)c(N)c1C,[*]C(=O)O,[*]C(=O)NCC(=O)O,[*:1]-[CH0](=[OH0])-[OH1]>>[*:1]-[CH0](=[OH0])-[NH1]-[CH2]-[CH0](=[OH0])-[OH1],23,1.03462,234.100442308,0.6783697322001594,2.446045043379017,0.0002513669400212,0.0060450433790171,13,59,-7.1,-6.7
C=Cc1ccc(C(=O)O)c(N)c1C,C=Cc1ccc(-c2ccccn2)c(N)c1C,[*]C(=O)O,[*]c1ccccn1,[*:1]-[CH0](=[OH0])-[OH1]>>[*:1]-[cH0]1:[cH1]:[cH1]:[cH1]:[cH1]:[nH0]:1,12,3.2822200000000006,210.115698448,0.772396663217201,2.5052223215021776,0.0942782979570628,0.0652223215021772,13,60,-7.1,-5.8
C=Cc1ccc(C(=O)O)c(N)c1C,C=Cc1ccc(C(=O)NCCN(C)C)c(N)c1C,[*]C(=O)O,[*]C(=O)NCCN(C)C,[*:1]-[CH0](=[OH0])-[OH1]>>[*:1]-[CH0](=[OH0])-[NH1]-[CH2]-[CH2]-[NH0](-[CH3])-[CH3],35,1.51162,247.168462292,0.7754446102684956,2.463946195222684,0.0973262450083575,0.0239461952226838,13,61,-7.1,-6.2
C=Cc1ccc(C(=O)O)c(N)c1C,C=Cc1ccc(C(=O)NS(=O)(=O)C2CC2)c(N)c1C,[*]C(=O)O,[*]C(=O)NS(=O)(=O)C1CC1,[*:1]-[CH0](=[OH0])-[OH1]>>[*:1]-[CH0](=[OH0])-[NH1]-[SH0](=[OH0])(=[OH0])-[CH1]1-[CH2]-[CH2]-1,14,1.4422200000000005,280.088163372,0.8166926916635496,2.736721866601441,0.1385743264034115,0.2967218666014402,13,62,-7.1,-6.2
C=Cc1ccc(C(=O)O)c(N)c1C,C=Cc1ccc(C(=O)OC(C)C)c(N)c1C,[*]C(=O)O,[*]C(=O)OC(C)C,[*:1]-[CH0](=[OH0])-[OH1]>>[*:1]-[CH0](=[OH0])-[OH0]-[CH1](-[CH3])-[CH3],20,2.785420000000001,219.125928784,0.6278708461068365,2.4859891346889924,-0.0502475191533016,0.045989134688992,13,63,-7.1,-5.5
C=Cc1ccc(C(=O)O)c(N)c1C,C=Cc1ccc(-c2nn[nH]n2)c(N)c1C,[*]C(=O)O,[*]c1nn[nH]n1,[*:1]-[CH0](=[OH0])-[OH1]>>[*:1]-[cH0]1:[nH0]:[nH0]:[nH1]:[nH0]:1,115,1.40032,201.101445352,0.7194912025167837,2.923649602320401,0.0413728372566455,0.4836496023204004,13,64,-7.1,-6.2
C=Cc1ccc(C(=O)O)c(N)c1C,C=Cc1ccc(C(=O)OCCO)c(N)c1C,[*]C(=O)O,[*]C(=O)OCCO,[*:1]-[CH0](=[OH0])-[OH1]>>[*:1]-[CH0](=[OH0])-[OH0]-[CH2]-[CH2]-[OH1],10,1.36932,221.10519334,0.5946186892704399,2.5355699422535203,-0.0834996759896982,0.0955699422535198,13,65,-7.1,-5.7
C=Cc1ccc(C(=O)O)c(N)c1C,C=Cc1ccc(C(=O)NCC(=O)OC)c(N)c1C,[*]C(=O)O,[*]C(=O)NCC(=O)OC,[*:1]-[CH0](=[OH0])-[OH1]>>[*:1]-[CH0](=[OH0])-[NH1]-[CH2]-[CH0](=[OH0])-[OH0]-[CH3],13,1.12302,248.116092372,0.6177458141733315,2.438333695222683,-0.0603725510868066,-0.0016663047773173,13,66,-7.1,-6.4
C=Cc1ccc(C(=O)O)c(N)c1C,C=Cc1ccc(Oc2ccccc2)c(N)c1C,[*]C(=O)O,[*]Oc1ccccc1,[*:1]-[CH0](=[OH0])-[OH1]>>[*:1]-[OH0]-[cH0]1:[cH1]:[cH1]:[cH1]:[cH1]:[cH1]:1,20,4.012520000000002,225.1153641,0.8007832377899828,2.168596389532864,0.1226648725298447,-0.2714036104671367,13,67,-7.1,-5.6
C=Cc1ccc(C(=O)O)c(N)c1C,C=Cc1ccc(CCCC(=O)O)c(N)c1C,[*]C(=O)O,[*]CCCC(=O)O,[*:1]-[CH0](=[OH0])-[OH1]>>[*:1]-[CH2]-[CH2]-[CH2]-[CH0](=[OH0])-[OH1],15,2.6275200000000005,219.125928784,0.748116436748781,2.509017527226685,0.0699980714886429,0.069017527226685,13,68,-7.1,-6.2
C=Cc1ccc(C(=O)O)c(N)c1C,C=Cc1ccc(C(=O)OC(C)(C)C)c(N)c1C,[*]C(=O)O,[*]C(=O)OC(C)(C)C,[*:1]-[CH0](=[OH0])-[OH1]>>[*:1]-[CH0](=[OH0])-[OH0]-[CH0](-[CH3])(-[CH3])-[CH3],25,3.175520000000001,233.141578848,0.6301849252627869,2.5043218265958007,-0.0479334399973512,0.0643218265958003,13,69,-7.1,-4.6
C=Cc1ccc(C(=O)O)c(N)c1C,C=Cc1ccc(C(C)C(=O)O)c(N)c1C,[*]C(=O)O,[*]C(C)C(=O)O,[*:1]-[CH0](=[OH0])-[OH1]>>[*:1]-[CH1](-[CH3])-[CH0](=[OH0])-[OH1],12,2.4083200000000007,205.11027872,0.7446391100312124,3.2189687341019724,0.0665207447710742,0.778968734101972,13,70,-7.1,-6.3
C=Cc1ccc(C(=O)O)c(N)c1C,C=Cc1ccc(-c2cccs2)c(N)c1C,[*]C(=O)O,[*]c1cccs1,[*:1]-[CH0](=[OH0])-[OH1]>>[*:1]-[cH0]1:[cH1]:[cH1]:[cH1]:[sH0]:1,10,3.9487200000000025,215.076870416,0.7541306041120703,2.633724327595125,0.0760122388519322,0.1937243275951248,13,71,-7.1,-4.8
C=Cc1ccc(C(=O)O)c(N)c1C,C=Cc1ccc(C(=O)NCCO)c(N)c1C,[*]C(=O)O,[*]C(=O)NCCO,[*:1]-[CH0](=[OH0])-[OH1]>>[*:1]-[CH0](=[OH0])-[NH1]-[CH2]-[CH2]-[OH1],48,0.9423200000000004,220.121177752,0.660978645254939,2.4834150227544143,-0.0171397200051991,0.0434150227544138,13,72,-7.1,-6.0
C=Cc1ccc(C(=O)O)c(N)c1C,C=Cc1ccc(C(=O)NCCOC)c(N)c1C,[*]C(=O)O,[*]C(=O)NCCOC,[*:1]-[CH0](=[OH0])-[OH1]>>[*:1]-[CH0](=[OH0])-[NH1]-[CH2]-[CH2]-[OH0]-[CH3],26,1.5964200000000002,234.136827816,0.6004693141346655,2.407275611940891,-0.0776490511254726,-0.0327243880591092,13,73,-7.1,-5.8
C=Cc1ccc(C(=O)O)c(N)c1C,C=Cc1ccc(C(=O)OCc2ccccc2)c(N)c1C,[*]C(=O)O,[*]C(=O)OCc1ccccc1,[*:1]-[CH0](=[OH0])-[OH1]>>[*:1]-[CH0](=[OH0])-[OH0]-[CH2]-[cH0]1:[cH1]:[cH1]:[cH1]:[cH1]:[cH1]:1,26,3.5772200000000014,267.125928784,0.6801645842496092,2.128696839347482,0.0020462189894711,-0.3113031606525185,13,74,-7.1,-6.5
C=Cc1ccc(C(=O)O)c(N)c1C,C=Cc1ccc(-c2nnn[nH]2)c(N)c1C,[*]C(=O)O,[*]c1nnn[nH]1,[*:1]-[CH0](=[OH0])-[OH1]>>[*:1]-[cH0]1:[nH0]:[nH0]:[nH0]:[nH1]:1,179,1.40032,201.101445352,0.7194912025167837,3.218994657265456,0.0413728372566455,0.7789946572654554,13,75,-7.1,-7.1
C=Cc1ccc(C(=O)O)c(N)c1C,C=Cc1ccc(C(=O)NCCN2CCOCC2)c(N)c1C,[*]C(=O)O,[*]C(=O)NCCN1CCOCC1,[*:1]-[CH0](=[OH0])-[OH1]>>[*:1]-[CH0](=[OH0])-[NH1]-[CH2]-[CH2]-[NH0]1-[CH2]-[CH2]-[OH0]-[CH2]-[CH2]-1,24,1.2822200000000006,289.179026976,0.8014295629836247,2.432497596964112,0.1233111977234865,-0.0075024030358887,13,76,-7.1,-5.4
C=Cc1ccc(C(=O)O)c(N)c1C,C=Cc1ccc(OCCOC)c(N)c1C,[*]C(=O)O,[*]OCCOC,[*:1]-[CH0](=[OH0])-[OH1]>>[*:1]-[OH0]-[CH2]-[CH2]-[OH0]-[CH3],12,2.24542,207.125928784,0.5945921312711853,2.48132899122418,-0.0835262339889528,0.0413289912241792,13,77,-7.1,-5.8
C=Cc1ccc(C(=O)O)c(N)c1C,C=Cc1ccc(-c2cccnc2)c(N)c1C,[*]C(=O)O,[*]c1cccnc1,[*:1]-[CH0](=[OH0])-[OH1]>>[*:1]-[cH0]1:[cH1]:[cH1]:[cH1]:[nH0]:[cH1]:1,15,3.2822200000000006,210.115698448,0.772396663217201,2.469840783040638,0.0942782979570628,0.0298407830406377,13,78,-7.1,-5.3
C=Cc1ccc(C(=O)O)c(N)c1C,C=Cc1ccc(C(=O)Nc2ccccc2)c(N)c1C,[*]C(=O)O,[*]C(=O)Nc1ccccc1,[*:1]-[CH0](=[OH0])-[OH1]>>[*:1]-[CH0](=[OH0])-[NH1]-[cH0]1:[cH1]:[cH1]:[cH1]:[cH1]:[cH1]:1,24,3.472520000000001,252.126263132,0.8216583251883879,2.0711696982414978,0.1435399599282497,-0.3688303017585026,13,79,-7.1,-6.3
C=Cc1ccc(C(=O)O)c(N)c1C,C=Cc1ccc(-c2ccncc2)c(N)c1C,[*]C(=O)O,[*]c1ccncc1,[*:1]-[CH0](=[OH0])-[OH1]>>[*:1]-[cH0]1:[cH1]:[cH1]:[nH0]:[cH1]:[cH1]:1,13,3.2822200000000006,210.115698448,0.772396663217201,2.4749823215021785,0.0942782979570628,0.034982321502178,13,80,-7.1,-5.0
C=Cc1ccc(C(=O)O)c(N)c1C,C=Cc1ccc(NC(=O)c2ccccc2)c(N)c1C,[*]C(=O)O,[*]NC(=O)c1ccccc1,[*:1]-[CH0](=[OH0])-[OH1]>>[*:1]-[NH1]-[CH0](=[OH0])-[cH0]1:[cH1]:[cH1]:[cH1]:[cH1]:[cH1]:1,11,3.472520000000001,252.126263132,0.8216583251883879,2.0858779711007145,0.1435399599282497,-0.3541220288992859,13,81,-7.1,-6.0
C=Cc1ccc(C(=O)O)c(N)c1C,C=Cc1ccc(NS(=O)(=O)C(F)(F)F)c(N)c1C,[*]C(=O)O,[*]NS(=O)(=O)C(F)(F)F,[*:1]-[CH0](=[OH0])-[OH1]>>[*:1]-[NH1]-[SH0](=[OH0])(=[OH0])-[CH0](-[FH0])(-[FH0])-[FH0],13,2.48172,280.04933325200005,0.83540620504172,2.8667338206407447,0.1572878397815819,0.4267338206407443,13,82,-7.1,-5.7
C=Cc1ccc(C(=O)O)c(N)c1C,C=Cc1ccc(-c2noc(=O)[nH]2)c(N)c1C,[*]C(=O)O,[*]c1noc(=O)[nH]1,[*:1]-[CH0](=[OH0])-[OH1]>>[*:1]-[cH0]1:[nH0]:[oH0]:[cH0](=[OH0]):[nH1]:1,30,1.56352,217.085126592,0.7473961761245271,3.477736237586094,0.069277810864389,1.0377362375860937,13,83,-7.1,-6.7
C=Cc1ccc(C(=O)O)c(N)c1C,C=Cc1ccc(C(=O)NCc2ccccc2)c(N)c1C,[*]C(=O)O,[*]C(=O)NCc1ccccc1,[*:1]-[CH0](=[OH0])-[OH1]>>[*:1]-[CH0](=[OH0])-[NH1]-[CH2]-[cH0]1:[cH1]:[cH1]:[cH1]:[cH1]:[cH1]:1,32,3.150220000000001,266.141913196,0.8351791641654659,2.098136399787041,0.1570607989053277,-0.3418636002129593,13,84,-7.1,-5.8
C=Cc1ccc(C(=O)O)c(N)c1C,C=Cc1ccc(OCc2ccccc2)c(N)c1C,[*]C(=O)O,[*]OCc1ccccc1,[*:1]-[CH0](=[OH0])-[OH1]>>[*:1]-[OH0]-[CH2]-[cH0]1:[cH1]:[cH1]:[cH1]:[cH1]:[cH1]:1,17,3.799220000000002,239.131014164,0.8235465199529036,2.1113403128697428,0.1454281546927655,-0.3286596871302576,13,85,-7.1,-6.3
C=Cc1ccc(C(=O)O)c(N)c1C,C=Cc1ccc(C(=O)NCCCC)c(N)c1C,[*]C(=O)O,[*]C(=O)NCCCC,[*:1]-[CH0](=[OH0])-[OH1]>>[*:1]-[CH0](=[OH0])-[NH1]-[CH2]-[CH2]-[CH2]-[CH3],10,2.750120000000001,232.15756326,0.6055453478602917,2.339516749064636,-0.0725730173998464,-0.1004832509353645,13,86,-7.1,-5.8
C=Cc1ccc(C(=O)O)c(N)c1C,C=Cc1ccc(C(=O)NCCCN(C)C)c(N)c1C,[*]C(=O)O,[*]C(=O)NCCCN(C)C,[*:1]-[CH0](=[OH0])-[OH1]>>[*:1]-[CH0](=[OH0])-[NH1]-[CH2]-[CH2]-[CH2]-[NH0](-[CH3])-[CH3],28,1.90172,261.184112356,0.6072013001217823,2.4399014322122987,-0.0709170651383558,-9.856778770167551e-05,13,87,-7.1,-5.9
C=Cc1ccc(C(=O)O)c(N)c1C,C=Cc1ccc(C(=O)NO)c(N)c1C,[*]C(=O)O,[*]C(=O)NO,[*:1]-[CH0](=[OH0])-[OH1]>>[*:1]-[CH0](=[OH0])-[NH1]-[OH1],63,1.33922,192.089877624,0.3757521934100661,2.7228573008688546,-0.302366171850072,0.2828573008688542,13,88,-7.1,-6.2
C=Cc1ccc(C(=O)O)c(N)c1C,C=Cc1ccc(C(=O)NN)c(N)c1C,[*]C(=O)O,[*]C(=O)NN,[*:1]-[CH0](=[OH0])-[OH1]>>[*:1]-[CH0](=[OH0])-[NH1]-[NH2],12,0.8237200000000001,191.105862036,0.280041783463743,2.6744668642784166,-0.3980765817963951,0.2344668642784162,13,89,-7.1,-6.1
Nc1c(C(=O)O)ccc(O)c1CO,COc1ccc(O)c(CO)c1N,[*]C(=O)O,[*]OC,[*:1]-[CH0](=[OH0])-[OH1]>>[*:1]-[OH0]-[CH3],264,0.4752999999999999,169.073893212,0.5625261262202027,2.2998074267924533,0.0735869449128306,-0.0501925732075472,14,0,-7.2,-6.4
Nc1c(C(=O)O)ccc(O)c1CO,COc1c(O)ccc(C(=O)O)c1N,[*]CO,[*]OC,[*:1]-[CH2]-[OH1]>>[*:1]-[OH0]-[CH3],353,0.6811999999999999,183.053157768,0.5860819882259057,2.192801288470365,0.0971428069185336,-0.1571987115296353,14,1,-7.2,-7.1
Nc1c(C(=O)O)ccc(O)c1CO,CC(C)c1ccc(O)c(CO)c1N,[*]C(=O)O,[*]C(C)C,[*:1]-[CH0](=[OH0])-[OH1]>>[*:1]-[CH1](-[CH3])-[CH3],15,1.5900999999999996,181.11027872,0.6068339647721108,2.481684998877604,0.1178947834647387,0.1316849988776036,14,2,-7.2,-6.4
Nc1c(C(=O)O)ccc(O)c1CO,CCc1ccc(O)c(CO)c1N,[*]C(=O)O,[*]CC,[*:1]-[CH0](=[OH0])-[OH1]>>[*:1]-[CH2]-[CH3],27,1.0291,167.094628656,0.5761676354792102,2.439342042177069,0.0872284541718381,0.0893420421770683,14,3,-7.2,-6.5
Nc1c(C(=O)O)ccc(O)c1CO,CCCCc1c(O)ccc(C(=O)O)c1N,[*]CO,[*]CCCC,[*:1]-[CH2]-[OH1]>>[*:1]-[CH2]-[CH2]-[CH2]-[CH3],19,2.0152,209.10519334,0.6621931392889226,2.170318118803918,0.1732539579815505,-0.1796818811960827,14,4,-7.2,-6.5
Nc1c(C(=O)O)ccc(O)c1CO,CSCc1c(O)ccc(C(=O)O)c1N,[*]CO,[*]CSC,[*:1]-[CH2]-[OH1]>>[*:1]-[CH2]-[SH0]-[CH3],15,1.5356,213.045964212,0.6631124417508727,2.48852798693954,0.1741732604435006,0.1385279869395388,14,5,-7.2,-6.4
Nc1c(C(=O)O)ccc(O)c1CO,CCc1c(O)ccc(C(=O)O)c1N,[*]CO,[*]CC,[*:1]-[CH2]-[OH1]>>[*:1]-[CH2]-[CH3],141,1.235,181.073893212,0.599061249756002,2.227310790732808,0.1101220684486298,-0.1226892092671922,14,6,-7.2,-7.3
Nc1c(C(=O)O)ccc(O)c1CO,NCc1ccc(O)c(CO)c1N,[*]C(=O)O,[*]CN,[*:1]-[CH0](=[OH0])-[OH1]>>[*:1]-[CH2]-[NH2],41,-0.0745999999999997,168.089877624,0.4648027497390659,2.6476271383309147,-0.0241364315683061,0.2976271383309141,14,7,-7.2,-6.5
Nc1c(C(=O)O)ccc(O)c1CO,Nc1c(CO)ccc(O)c1CO,[*]C(=O)O,[*]CO,[*:1]-[CH0](=[OH0])-[OH1]>>[*:1]-[CH2]-[OH1],242,-0.0409999999999998,169.073893212,0.4677105501542913,2.6102381960232237,-0.0212286311530807,0.2602381960232227,14,8,-7.2,-6.5
Nc1c(C(=O)O)ccc(O)c1CO,CC(C)Cc1c(O)ccc(C(=O)O)c1N,[*]CO,[*]CC(C)C,[*:1]-[CH2]-[OH1]>>[*:1]-[CH2]-[CH1](-[CH3])-[CH3],19,1.8711,209.10519334,0.6634004440242116,2.2904147756086517,0.1744612627168395,-0.0595852243913492,14,9,-7.2,-6.1
Nc1c(C(=O)O)ccc(O)c1CO,NC(=O)c1ccc(O)c(CO)c1N,[*]C(=O)O,[*]C(N)=O,[*:1]-[CH0](=[OH0])-[OH1]>>[*:1]-[CH0](-[NH2])=[OH0],426,-0.4343999999999997,182.06914218,0.4647862978312123,2.420489071275794,-0.0241528834761597,0.0704890712757935,14,10,-7.2,-6.6
Nc1c(C(=O)O)ccc(O)c1CO,CN(C)c1c(O)ccc(C(=O)O)c1N,[*]CO,[*]N(C)C,[*:1]-[CH2]-[OH1]>>[*:1]-[NH0](-[CH3])-[CH3],70,0.7386000000000001,196.084792244,0.6070840329409163,2.449034431845984,0.1181448516335442,0.0990344318459834,14,11,-7.2,-6.0
Nc1c(C(=O)O)ccc(O)c1CO,Nc1c(C(=O)O)ccc(O)c1C1CC1,[*]CO,[*]C1CC1,[*:1]-[CH2]-[OH1]>>[*:1]-[CH1]1-[CH2]-[CH2]-1,61,1.55,193.073893212,0.6220090307502293,2.3152003362118894,0.1330698494428572,-0.0347996637881111,14,12,-7.2,-6.7
Nc1c(C(=O)O)ccc(O)c1CO,CNc1ccc(O)c(CO)c1N,[*]C(=O)O,[*]NC,[*:1]-[CH0](=[OH0])-[OH1]>>[*:1]-[NH1]-[CH3],17,0.5084,168.089877624,0.3829881822330823,2.669214157561685,-0.1059509990742897,0.3192141575616842,14,13,-7.2,-6.5
Nc1c(C(=O)O)ccc(O)c1CO,CNc1c(O)ccc(C(=O)O)c1N,[*]CO,[*]NC,[*:1]-[CH2]-[OH1]>>[*:1]-[NH1]-[CH3],31,0.7142999999999999,182.06914218,0.3988695690022161,2.458317578063125,-0.0900696123051559,0.1083175780631249,14,14,-7.2,-7.3
Nc1c(C(=O)O)ccc(O)c1CO,NCc1c(O)ccc(C(=O)O)c1N,[*]CO,[*]CN,[*:1]-[CH2]-[OH1]>>[*:1]-[CH2]-[NH2],150,0.1312999999999999,182.06914218,0.4858517209468692,2.362803550913803,-0.0030874603605028,0.0128035509138024,14,15,-7.2,-7.5
Nc1c(C(=O)O)ccc(O)c1CO,CN(C)c1ccc(O)c(CO)c1N,[*]C(=O)O,[*]N(C)C,[*:1]-[CH0](=[OH0])-[OH1]>>[*:1]-[NH0](-[CH3])-[CH3],51,0.5327,182.105527688,0.5835172725966711,2.6136103382441203,0.094578091289299,0.2636103382441197,14,16,-7.2,-6.1
Nc1c(C(=O)O)ccc(O)c1CO,CCOc1ccc(O)c(CO)c1N,[*]C(=O)O,[*]OCC,[*:1]-[CH0](=[OH0])-[OH1]>>[*:1]-[OH0]-[CH2]-[CH3],26,0.8654,183.089543276,0.6074898757105084,2.312263925833003,0.1185506944031363,-0.0377360741669976,14,17,-7.2,-6.1
Nc1c(C(=O)O)ccc(O)c1CO,CCOc1c(O)ccc(C(=O)O)c1N,[*]CO,[*]OCC,[*:1]-[CH2]-[OH1]>>[*:1]-[OH0]-[CH2]-[CH3],66,1.0713,197.068807832,0.6300631049927573,2.216843995255548,0.1411239236853852,-0.1331560047444524,14,18,-7.2,-7.4
Nc1c(C(=O)O)ccc(O)c1CO,CNC(=O)c1ccc(O)c(CO)c1N,[*]C(=O)O,[*]C(=O)NC,[*:1]-[CH0](=[OH0])-[OH1]>>[*:1]-[CH0](=[OH0])-[NH1]-[CH3],187,-0.1736999999999999,196.084792244,0.4935396777993808,2.39141405762561,0.0046004964920087,0.0414140576256096,14,19,-7.2,-6.6
Nc1c(C(=O)O)ccc(O)c1CO,NC(=O)c1c(O)ccc(C(=O)O)c1N,[*]CO,[*]C(N)=O,[*:1]-[CH2]-[OH1]>>[*:1]-[CH0](-[NH2])=[OH0],246,-0.2285000000000004,196.048406736,0.4857426754221101,2.267280585692138,-0.0031965058852619,-0.0827194143078626,14,20,-7.2,-7.4
Nc1c(C(=O)O)ccc(O)c1CO,CC(C)(C)c1ccc(O)c(CO)c1N,[*]C(=O)O,[*]C(C)(C)C,[*:1]-[CH0](=[OH0])-[OH1]>>[*:1]-[CH0](-[CH3])(-[CH3])-[CH3],26,1.7641999999999998,195.125928784,0.5981127008903742,2.5703228933844464,0.109173519583002,0.2203228933844458,14,21,-7.2,-5.7
Nc1c(C(=O)O)ccc(O)c1CO,CC(C)c1c(O)ccc(C(=O)O)c1N,[*]CO,[*]C(C)C,[*:1]-[CH2]-[OH1]>>[*:1]-[CH1](-[CH3])-[CH3],91,1.7959999999999998,195.089543276,0.6280499394856921,2.3465228933844458,0.13911075817832,-0.0034771066155547,14,22,-7.2,-6.4
Nc1c(C(=O)O)ccc(O)c1CO,Nc1c(C(=O)O)ccc(O)c1C(=O)O,[*]CO,[*]C(=O)O,[*:1]-[CH2]-[OH1]>>[*:1]-[CH0](=[OH0])-[OH1],242,0.3708000000000001,197.032422324,0.5080203521310722,2.220103662615216,0.0190811708237001,-0.1298963373847845,14,23,-7.2,-7.6
Nc1c(C(=O)O)ccc(O)c1CO,CN(C)C(=O)c1ccc(O)c(CO)c1N,[*]C(=O)O,[*]C(=O)N(C)C,[*:1]-[CH0](=[OH0])-[OH1]>>[*:1]-[CH0](=[OH0])-[NH0](-[CH3])-[CH3],153,0.1684999999999999,210.100442308,0.6070909988289097,2.407208858448888,0.1181518175215376,0.0572088584488872,14,24,-7.2,-5.5
Nc1c(C(=O)O)ccc(O)c1CO,CN(C)Cc1ccc(O)c(CO)c1N,[*]C(=O)O,[*]CN(C)C,[*:1]-[CH0](=[OH0])-[OH1]>>[*:1]-[CH2]-[NH0](-[CH3])-[CH3],24,0.5282999999999998,196.121177752,0.6166490136012615,2.5467042863158387,0.1277098322938893,0.1967042863158381,14,25,-7.2,-5.9
Nc1c(C(=O)O)ccc(O)c1CO,COCc1c(O)ccc(C(=O)O)c1N,[*]CO,[*]COC,[*:1]-[CH2]-[OH1]>>[*:1]-[CH2]-[OH0]-[CH3],258,0.8190000000000002,197.068807832,0.6235638810214121,2.2946032468148,0.13462469971404,-0.0553967531852004,14,26,-7.2,-7.4
Nc1c(C(=O)O)ccc(O)c1CO,Nc1c(C(=O)O)ccc(O)c1CF,[*]CO,[*]CF,[*:1]-[CH2]-[OH1]>>[*:1]-[CH2]-[FH0],60,1.1421,185.048821336,0.6030647803256969,2.505915768108373,0.1141255990183248,0.1559157681083727,14,27,-7.2,-7.1
Nc1c(C(=O)O)ccc(O)c1CO,CC(=O)Nc1ccc(O)c(CO)c1N,[*]C(=O)O,[*]NC(C)=O,[*:1]-[CH0](=[OH0])-[OH1]>>[*:1]-[NH1]-[CH0](-[CH3])=[OH0],88,0.4250999999999998,196.084792244,0.4070378595808598,2.401409483821036,-0.0819013217265122,0.0514094838210352,14,28,-7.2,-6.3
Nc1c(C(=O)O)ccc(O)c1CO,CN1CCN(c2ccc(O)c(CO)c2N)CC1,[*]C(=O)O,[*]N1CCN(C)CC1,[*:1]-[CH0](=[OH0])-[OH1]>>[*:1]-[NH0]1-[CH2]-[CH2]-[NH0](-[CH3])-[CH2]-[CH2]-1,14,0.2185000000000001,237.147726848,0.6416734948352188,2.39138474878,0.1527343135278467,0.0413847487799996,14,29,-7.2,-4.3
Nc1c(C(=O)O)ccc(O)c1CO,Nc1c(CCO)ccc(O)c1CO,[*]C(=O)O,[*]CCO,[*:1]-[CH0](=[OH0])-[OH1]>>[*:1]-[CH2]-[CH2]-[OH1],26,0.0015000000000001,183.089543276,0.4967438027983546,2.571368980778057,0.0078046214909825,0.221368980778057,14,30,-7.2,-6.5
Nc1c(C(=O)O)ccc(O)c1CO,N#CCc1c(O)ccc(C(=O)O)c1N,[*]CO,[*]CC#N,[*:1]-[CH2]-[OH1]>>[*:1]-[CH2]-[CH0]#[NH0],35,0.7386799999999998,192.053492116,0.5986939822759879,2.5356348476463992,0.1097548009686158,0.1856348476463987,14,31,-7.2,-7.0
Nc1c(C(=O)O)ccc(O)c1CO,CCNc1c(O)ccc(C(=O)O)c1N,[*]CO,[*]NCC,[*:1]-[CH2]-[OH1]>>[*:1]-[NH1]-[CH2]-[CH3],10,1.1044,196.084792244,0.4286590079633005,2.4285329765445294,-0.0602801733440716,0.0785329765445288,14,32,-7.2,-7.6
Nc1c(C(=O)O)ccc(O)c1CO,CNC(=O)c1c(O)ccc(C(=O)O)c1N,[*]CO,[*]C(=O)NC,[*:1]-[CH2]-[OH1]>>[*:1]-[CH0](=[OH0])-[NH1]-[CH3],106,0.0321999999999997,210.0640568,0.5142945531343186,2.286953237147113,0.0253553718269465,-0.0630467628528874,14,33,-7.2,-6.9
Nc1c(C(=O)O)ccc(O)c1CO,CC(=O)Nc1c(O)ccc(C(=O)O)c1N,[*]CO,[*]NC(C)=O,[*:1]-[CH2]-[OH1]>>[*:1]-[NH1]-[CH0](-[CH3])=[OH0],71,0.631,210.0640568,0.4221176012656702,2.3210680300465203,-0.0668215800417018,-0.0289319699534802,14,34,-7.2,-6.6
Nc1c(C(=O)O)ccc(O)c1CO,COCc1ccc(O)c(CO)c1N,[*]C(=O)O,[*]COC,[*:1]-[CH0](=[OH0])-[OH1]>>[*:1]-[CH2]-[OH0]-[CH3],25,0.6131,183.089543276,0.6000846951513884,2.561352277481354,0.1111455138440163,0.2113522774813541,14,35,-7.2,-6.1
Nc1c(C(=O)O)ccc(O)c1CO,CN(C)C(=O)c1c(O)ccc(C(=O)O)c1N,[*]CO,[*]C(=O)N(C)C,[*:1]-[CH2]-[OH1]>>[*:1]-[CH0](=[OH0])-[NH0](-[CH3])-[CH3],100,0.3744000000000002,224.079706864,0.6295990757482347,2.319542846830508,0.1406598944408626,-0.0304571531694923,14,36,-7.2,-5.5
Nc1c(C(=O)O)ccc(O)c1CO,CN(C)Cc1c(O)ccc(C(=O)O)c1N,[*]CO,[*]CN(C)C,[*:1]-[CH2]-[OH1]>>[*:1]-[CH2]-[NH0](-[CH3])-[CH3],100,0.7342000000000001,210.100442308,0.6402141941554468,2.335613592176699,0.1512750128480747,-0.0143864078233013,14,37,-7.2,-6.1
Nc1c(C(=O)O)ccc(O)c1CO,Nc1c(C(=O)O)ccc(O)c1CCO,[*]CO,[*]CCO,[*:1]-[CH2]-[OH1]>>[*:1]-[CH2]-[CH2]-[OH1],158,0.2074,197.068807832,0.5183146096496996,2.335498049309601,0.0293754283423274,-0.0145019506903993,14,38,-7.2,-7.0
Nc1c(C(=O)O)ccc(O)c1CO,CN1CCN(c2c(O)ccc(C(=O)O)c2N)CC1,[*]CO,[*]N1CCN(C)CC1,[*:1]-[CH2]-[OH1]>>[*:1]-[NH0]1-[CH2]-[CH2]-[NH0](-[CH3])-[CH2]-[CH2]-1,20,0.4243999999999998,251.126991404,0.6601479950871658,2.344848079053138,0.1712088137797937,-0.0051519209468624,14,39,-7.2,-5.1
Nc1c(C(=O)O)ccc(O)c1CO,Nc1c(C(=O)O)ccc(O)c1C(F)F,[*]CO,[*]C(F)F,[*:1]-[CH2]-[OH1]>>[*:1]-[CH1](-[FH0])-[FH0],42,1.6101999999999996,203.039399524,0.6373079291797507,2.600026739538292,0.1483687478723785,0.2500267395382911,14,40,-7.2,-7.4
Nc1c(C(=O)O)ccc(O)c1CO,Nc1c(N2CCOCC2)ccc(O)c1CO,[*]C(=O)O,[*]N1CCOCC1,[*:1]-[CH0](=[OH0])-[OH1]>>[*:1]-[NH0]1-[CH2]-[CH2]-[OH0]-[CH2]-[CH2]-1,37,0.3033000000000004,224.116092372,0.6297573098078543,2.427293090732949,0.1408181285004822,0.0772930907329483,14,41,-7.2,-6.1
Nc1c(C(=O)O)ccc(O)c1CO,Nc1c(C(F)(F)F)ccc(O)c1CO,[*]C(=O)O,[*]C(F)(F)F,[*:1]-[CH0](=[OH0])-[OH1]>>[*:1]-[CH0](-[FH0])(-[FH0])-[FH0],118,1.4855,207.050713156,0.6108967310443819,2.594253662615216,0.1219575497370098,0.2442536626152156,14,42,-7.2,-6.8
Nc1c(C(=O)O)ccc(O)c1CO,NC(=O)Cc1ccc(O)c(CO)c1N,[*]C(=O)O,[*]CC(N)=O,[*:1]-[CH0](=[OH0])-[OH1]>>[*:1]-[CH2]-[CH0](-[NH2])=[OH0],13,-0.5054999999999998,196.084792244,0.4880577935552281,2.541076011887565,-0.0008813877521439,0.1910760118875645,14,43,-7.2,-6.5
Nc1c(C(=O)O)ccc(O)c1CO,CNCc1c(O)ccc(C(=O)O)c1N,[*]CO,[*]CNC,[*:1]-[CH2]-[OH1]>>[*:1]-[CH2]-[NH1]-[CH3],38,0.392,196.084792244,0.5244344043658247,2.3752514796630333,0.0354952230584525,0.0252514796630327,14,44,-7.2,-7.4
Nc1c(C(=O)O)ccc(O)c1CO,CCCc1c(O)ccc(C(=O)O)c1N,[*]CO,[*]CCC,[*:1]-[CH2]-[OH1]>>[*:1]-[CH2]-[CH2]-[CH3],44,1.6251,195.089543276,0.6397976472463321,2.1988776750892285,0.15085846593896,-0.151122324910772,14,45,-7.2,-6.8
Nc1c(C(=O)O)ccc(O)c1CO,NC(=O)Cc1c(O)ccc(C(=O)O)c1N,[*]CO,[*]CC(N)=O,[*:1]-[CH2]-[OH1]>>[*:1]-[CH2]-[CH0](-[NH2])=[OH0],21,-0.2996000000000003,210.0640568,0.5092079146925174,2.3342467282713724,0.0202687333851452,-0.0157532717286281,14,46,-7.2,-7.3
Nc1c(C(=O)O)ccc(O)c1CO,CC(C)Oc1ccc(O)c(CO)c1N,[*]C(=O)O,[*]OC(C)C,[*:1]-[CH0](=[OH0])-[OH1]>>[*:1]-[OH0]-[CH1](-[CH3])-[CH3],12,1.2539,197.10519334,0.6373686753604618,2.450398673010225,0.1484294940530897,0.1003986730102246,14,47,-7.2,-5.8
Nc1c(C(=O)O)ccc(O)c1CO,Nc1c(OC(F)(F)F)ccc(O)c1CO,[*]C(=O)O,[*]OC(F)(F)F,[*:1]-[CH0](=[OH0])-[OH1]>>[*:1]-[OH0]-[CH0](-[FH0])(-[FH0])-[FH0],36,1.3652999999999995,223.045627776,0.6615542845557858,2.624146136555396,0.1726151032484137,0.2741461365553954,14,48,-7.2,-7.0
Nc1c(C(=O)O)ccc(O)c1CO,CCOCc1c(O)ccc(C(=O)O)c1N,[*]CO,[*]COCC,[*:1]-[CH2]-[OH1]>>[*:1]-[CH2]-[OH0]-[CH2]-[CH3],20,1.2091,211.084457896,0.6507109901713888,2.349265811111609,0.1617718088640167,-0.0007341888883916,14,49,-7.2,-7.8
Nc1c(C(=O)O)ccc(O)c1CO,Nc1c(C(=O)O)ccc(O)c1N1CCOCC1,[*]CO,[*]N1CCOCC1,[*:1]-[CH2]-[OH1]>>[*:1]-[NH0]1-[CH2]-[CH2]-[OH0]-[CH2]-[CH2]-1,42,0.5092,238.095356928,0.649527556774507,2.374554306881473,0.1605883754671349,0.0245543068814724,14,50,-7.2,-5.2
Nc1c(C(=O)O)ccc(O)c1CO,Nc1c(C(=O)O)ccc(O)c1CC(=O)O,[*]CO,[*]CC(=O)O,[*:1]-[CH2]-[OH1]>>[*:1]-[CH2]-[CH0](=[OH0])-[OH1],49,0.2997,211.048072388,0.5333200346092283,2.231920101052438,0.0443808533018562,-0.1180798989475624,14,51,-7.2,-7.3
Nc1c(C(=O)O)ccc(O)c1CO,Nc1c(C(=O)N2CCC2)ccc(O)c1CO,[*]C(=O)O,[*]C(=O)N1CCC1,[*:1]-[CH0](=[OH0])-[OH1]>>[*:1]-[CH0](=[OH0])-[NH0]1-[CH2]-[CH2]-[CH2]-1,12,0.3126,222.100442308,0.628510425742117,2.2806268295522685,0.1395712444347449,-0.069373170447732,14,52,-7.2,-5.4
Nc1c(C(=O)O)ccc(O)c1CO,Nc1c(CC(=O)O)ccc(O)c1CO,[*]C(=O)O,[*]CC(=O)O,[*:1]-[CH0](=[OH0])-[OH1]>>[*:1]-[CH2]-[CH0](=[OH0])-[OH1],212,0.0938,197.068807832,0.5141043953810533,2.443430689642243,0.0251652140736812,0.0934306896422425,14,53,-7.2,-6.6
Nc1c(C(=O)O)ccc(O)c1CO,Nc1c(C(=O)O)ccc(O)c1C(F)(F)F,[*]CO,[*]C(F)(F)F,[*:1]-[CH2]-[OH1]>>[*:1]-[CH0](-[FH0])(-[FH0])-[FH0],176,1.6914,221.029977712,0.6298332219583741,2.4509375722452127,0.140894040651002,0.1009375722452121,14,54,-7.2,-7.2
Nc1c(C(=O)O)ccc(O)c1CO,COCCc1c(O)ccc(C(=O)O)c1N,[*]CO,[*]CCOC,[*:1]-[CH2]-[OH1]>>[*:1]-[CH2]-[CH2]-[OH0]-[CH3],13,0.8615000000000002,211.084457896,0.6421643619312746,2.297276964957764,0.1532251806239025,-0.0527230350422369,14,55,-7.2,-6.9
Nc1c(C(=O)O)ccc(O)c1CO,CCNC(=O)c1ccc(O)c(CO)c1N,[*]C(=O)O,[*]C(=O)NCC,[*:1]-[CH0](=[OH0])-[OH1]>>[*:1]-[CH0](=[OH0])-[NH1]-[CH2]-[CH3],40,0.2164000000000001,210.100442308,0.5363966947759587,2.3297565803423783,0.0474575134685866,-0.0202434196576222,14,56,-7.2,-6.6
Nc1c(C(=O)O)ccc(O)c1CO,Nc1c(C(=O)N2CCCCC2)ccc(O)c1CO,[*]C(=O)O,[*]C(=O)N1CCCCC1,[*:1]-[CH0](=[OH0])-[OH1]>>[*:1]-[CH0](=[OH0])-[NH0]1-[CH2]-[CH2]-[CH2]-[CH2]-[CH2]-1,29,1.0928,250.131742436,0.6857171541658629,2.2294089644534534,0.1967779728584908,-0.1205910355465471,14,57,-7.2,-4.9
Nc1c(C(=O)O)ccc(O)c1CO,Nc1c(C(=O)N2CCCC2)ccc(O)c1CO,[*]C(=O)O,[*]C(=O)N1CCCC1,[*:1]-[CH0](=[OH0])-[OH1]>>[*:1]-[CH0](=[OH0])-[NH0]1-[CH2]-[CH2]-[CH2]-[CH2]-1,20,0.7026999999999999,236.116092372,0.6596731681044651,2.2447038977161693,0.170733986797093,-0.1052961022838312,14,58,-7.2,-4.6
Nc1c(C(=O)O)ccc(O)c1CO,Nc1c(C(=O)O)ccc(O)c1N1CCCC1,[*]CO,[*]N1CCCC1,[*:1]-[CH2]-[OH1]>>[*:1]-[NH0]1-[CH2]-[CH2]-[CH2]-[CH2]-1,11,1.2728000000000002,222.100442308,0.6558724843446685,2.303469104718962,0.1669333030372964,-0.0465308952810383,14,59,-7.2,-5.6
Nc1c(C(=O)O)ccc(O)c1CO,Nc1c(C(=O)O)ccc(O)c1N1CCCC1=O,[*]CO,[*]N1CCCC1=O,[*:1]-[CH2]-[OH1]>>[*:1]-[NH0]1-[CH2]-[CH2]-[CH2]-[CH0]-1=[OH0],10,0.7994000000000001,236.079706864,0.6586772843857236,2.452113070134871,0.1697381030783515,0.1021130701348704,14,60,-7.2,-6.0
Nc1c(C(=O)O)ccc(O)c1CO,Nc1c(N2CCCCC2)ccc(O)c1CO,[*]C(=O)O,[*]N1CCCCC1,[*:1]-[CH0](=[OH0])-[OH1]>>[*:1]-[NH0]1-[CH2]-[CH2]-[CH2]-[CH2]-[CH2]-1,10,1.457,222.136827816,0.6624704979853931,2.328133090732948,0.173531316678021,-0.0218669092670529,14,61,-7.2,-4.9
Nc1c(C(=O)O)ccc(O)c1CO,Nc1c(C(=O)O)ccc(O)c1C(=O)NC1CC1,[*]CO,[*]C(=O)NC1CC1,[*:1]-[CH2]-[OH1]>>[*:1]-[CH0](=[OH0])-[NH1]-[CH1]1-[CH2]-[CH2]-1,14,0.5648000000000001,236.079706864,0.5727657197971072,2.232611197225172,0.0838265384897351,-0.1173888027748288,14,62,-7.2,-7.8
Nc1c(C(=O)O)ccc(O)c1CO,Nc1c(C(=O)NC2CC2)ccc(O)c1CO,[*]C(=O)O,[*]C(=O)NC1CC1,[*:1]-[CH0](=[OH0])-[OH1]>>[*:1]-[CH0](=[OH0])-[NH1]-[CH1]1-[CH2]-[CH2]-1,32,0.3589,222.100442308,0.5551130187743033,2.299199995920782,0.0661738374669312,-0.0508000040792184,14,63,-7.2,-6.4
Nc1c(C(=O)O)ccc(O)c1CO,Nc1c(C(=O)O)ccc(O)c1OC(F)F,[*]CO,[*]OC(F)F,[*:1]-[CH2]-[OH1]>>[*:1]-[OH0]-[CH1](-[FH0])-[FH0],13,1.2739999999999998,219.034314144,0.665483306595757,2.457651461999184,0.1765441252883849,0.1076514619991835,14,64,-7.2,-7.4
Nc1c(C(=O)O)ccc(O)c1CO,CCNC(=O)c1c(O)ccc(C(=O)O)c1N,[*]CO,[*]C(=O)NCC,[*:1]-[CH2]-[OH1]>>[*:1]-[CH0](=[OH0])-[NH1]-[CH2]-[CH3],41,0.4223,224.079706864,0.5556884260002697,2.2500308929307504,0.0667492446928976,-0.0999691070692501,14,65,-7.2,-7.5
Nc1c(C(=O)O)ccc(O)c1CO,CC(C)(C)c1c(O)ccc(C(=O)O)c1N,[*]CO,[*]C(C)(C)C,[*:1]-[CH2]-[OH1]>>[*:1]-[CH0](-[CH3])(-[CH3])-[CH3],32,1.9700999999999995,209.10519334,0.6172657982353784,2.3955529568605964,0.1283266169280063,0.0455529568605959,14,66,-7.2,-5.6
Nc1c(C(=O)O)ccc(O)c1CO,Nc1c(C(=O)O)ccc(O)c1CCCO,[*]CO,[*]CCCO,[*:1]-[CH2]-[OH1]>>[*:1]-[CH2]-[CH2]-[CH2]-[OH1],32,0.5975000000000001,211.084457896,0.5457581682077847,2.3150035034193017,0.0568189869004125,-0.0349964965806988,14,67,-7.2,-6.9
Nc1c(C(=O)O)ccc(O)c1CO,Nc1c(C(=O)O)ccc(O)c1Cc1ccc(O)cc1,[*]CO,[*]Cc1ccc(O)cc1,[*:1]-[CH2]-[OH1]>>[*:1]-[CH2]-[cH0]1:[cH1]:[cH1]:[cH0](-[OH1]):[cH1]:[cH1]:1,10,1.9689999999999996,259.084457896,0.6307694105301002,2.1460749790274765,0.1418302292227281,-0.203925020972524,14,68,-7.2,-5.9
Nc1c(C(=O)O)ccc(O)c1CO,CC(=O)NCc1ccc(O)c(CO)c1N,[*]C(=O)O,[*]CNC(C)=O,[*:1]-[CH0](=[OH0])-[OH1]>>[*:1]-[CH2]-[NH1]-[CH0](-[CH3])=[OH0],13,0.1028,210.100442308,0.5320609042550327,2.433523118803917,0.0431217229476606,0.0835231188039165,14,69,-7.2,-6.8
Nc1c(C(=O)O)ccc(O)c1CO,CC(C)(O)c1ccc(O)c(CO)c1N,[*]C(=O)O,[*]C(C)(C)O,[*:1]-[CH0](=[OH0])-[OH1]>>[*:1]-[CH0](-[CH3])(-[CH3])-[OH1],20,0.6940999999999999,197.10519334,0.5253746324476011,2.7424728933844467,0.036435451140229,0.3924728933844461,14,70,-7.2,-6.2
Nc1c(C(=O)O)ccc(O)c1CO,CC(=O)c1ccc(O)c(CO)c1N,[*]C(=O)O,[*]C(C)=O,[*:1]-[CH0](=[OH0])-[OH1]>>[*:1]-[CH0](-[CH3])=[OH0],68,0.6693,181.073893212,0.4621868285422316,2.4072741391490986,-0.0267523527651404,0.057274139149098,14,71,-7.2,-6.3
Nc1c(C(=O)O)ccc(O)c1CO,Nc1c(C(=O)O)ccc(O)c1C(=O)N1CCCC1,[*]CO,[*]C(=O)N1CCCC1,[*:1]-[CH2]-[OH1]>>[*:1]-[CH0](=[OH0])-[NH0]1-[CH2]-[CH2]-[CH2]-[CH2]-1,17,0.9086,250.095356928,0.6766136479202444,2.1756169958506284,0.1876744666128723,-0.1743830041493721,14,72,-7.2,-4.8
Nc1c(C(=O)O)ccc(O)c1CO,Nc1c(C(=O)O)ccc(O)c1CN1CCCC1,[*]CO,[*]CN1CCCC1,[*:1]-[CH2]-[OH1]>>[*:1]-[CH2]-[NH0]1-[CH2]-[CH2]-[CH2]-[CH2]-1,27,1.2684000000000002,236.116092372,0.687834888726899,2.1856132266850725,0.1988957074195269,-0.164386773314928,14,73,-7.2,-6.9
Nc1c(C(=O)O)ccc(O)c1CO,Nc1c(C(=O)O)ccc(O)c1C(=O)N1CCOCC1,[*]CO,[*]C(=O)N1CCOCC1,[*:1]-[CH2]-[OH1]>>[*:1]-[CH0](=[OH0])-[NH0]1-[CH2]-[CH2]-[OH0]-[CH2]-[CH2]-1,26,0.145,266.09027154800003,0.6563473775823783,2.2697078192641627,0.1674081962750062,-0.0802921807358378,14,74,-7.2,-4.3
Nc1c(C(=O)O)ccc(O)c1CO,CC(C)Oc1c(O)ccc(C(=O)O)c1N,[*]CO,[*]OC(C)C,[*:1]-[CH2]-[OH1]>>[*:1]-[OH0]-[CH1](-[CH3])-[CH3],22,1.4597999999999998,211.084457896,0.6579587943991179,2.303078680934094,0.1690196130917458,-0.0469213190659063,14,75,-7.2,-6.8
Nc1c(C(=O)O)ccc(O)c1CO,Nc1c(OCCO)ccc(O)c1CO,[*]C(=O)O,[*]OCCO,[*:1]-[CH0](=[OH0])-[OH1]>>[*:1]-[OH0]-[CH2]-[CH2]-[OH1],17,-0.1621999999999999,199.084457896,0.5051264222655253,2.451632812412786,0.0161872409581532,0.1016328124127854,14,76,-7.2,-6.1
Nc1c(C(=O)O)ccc(O)c1CO,C[C@H](O)c1c(O)ccc(C(=O)O)c1N,[*]CO,[*][C@H](C)O,[*:1]-[CH2]-[OH1]>>[*:1]-[C@H1](-[CH3])-[OH1],30,0.7259,197.068807832,0.5229601846536691,2.881352887380727,0.034021003346297,0.5313528873807263,14,77,-7.2,-7.3
Nc1c(C(=O)O)ccc(O)c1CO,C[C@@H](O)c1c(O)ccc(C(=O)O)c1N,[*]CO,[*][C@@H](C)O,[*:1]-[CH2]-[OH1]>>[*:1]-[C@@H1](-[CH3])-[OH1],25,0.7259,197.068807832,0.5229601846536691,2.881352887380727,0.034021003346297,0.5313528873807263,14,78,-7.2,-6.8
Nc1c(C(=O)O)ccc(O)c1CO,CC(C)(O)c1c(O)ccc(C(=O)O)c1N,[*]CO,[*]C(C)(C)O,[*:1]-[CH2]-[OH1]>>[*:1]-[CH0](-[CH3])(-[CH3])-[OH1],77,0.9000000000000001,211.084457896,0.5439517936164974,2.5588719852006783,0.0550126123091253,0.2088719852006777,14,79,-7.2,-6.1
Nc1c(C(=O)O)ccc(O)c1CO,Nc1c(C(=O)N2CCOCC2)ccc(O)c1CO,[*]C(=O)O,[*]C(=O)N1CCOCC1,[*:1]-[CH0](=[OH0])-[OH1]>>[*:1]-[CH0](=[OH0])-[NH0]1-[CH2]-[CH2]-[OH0]-[CH2]-[CH2]-1,80,-0.0608999999999995,252.111006992,0.6407073996222916,2.335307118299607,0.1517682183149195,-0.0146928817003937,14,80,-7.2,-4.7
Nc1c(C(=O)O)ccc(O)c1CO,CC(=O)c1c(O)ccc(C(=O)O)c1N,[*]CO,[*]C(C)=O,[*:1]-[CH2]-[OH1]>>[*:1]-[CH0](-[CH3])=[OH0],116,0.8752,195.053157768,0.4799013481185954,2.243711354922908,-0.0090378331887766,-0.1062886450770923,14,81,-7.2,-6.6
Nc1c(C(=O)O)ccc(O)c1CO,Nc1c(C(=O)O)ccc(O)c1OCCO,[*]CO,[*]OCCO,[*:1]-[CH2]-[OH1]>>[*:1]-[OH0]-[CH2]-[CH2]-[OH1],42,0.0436999999999998,213.063722452,0.5251840030802399,2.348940426496224,0.0362448217728678,-0.0010595735037766,14,82,-7.2,-7.1
Nc1c(C(=O)O)ccc(O)c1CO,CC(C)NC(=O)c1ccc(O)c(CO)c1N,[*]C(=O)O,[*]C(=O)NC(C)C,[*:1]-[CH0](=[OH0])-[OH1]>>[*:1]-[CH0](=[OH0])-[NH1]-[CH1](-[CH3])-[CH3],30,0.6048999999999998,224.116092372,0.5654011702569101,2.3177649588648155,0.0764619889495379,-0.032235041135185,14,83,-7.2,-6.2
Nc1c(C(=O)O)ccc(O)c1CO,Nc1c(C(=O)N2CCNCC2)ccc(O)c1CO,[*]C(=O)O,[*]C(=O)N1CCNCC1,[*:1]-[CH0](=[OH0])-[OH1]>>[*:1]-[CH0](=[OH0])-[NH0]1-[CH2]-[CH2]-[NH1]-[CH2]-[CH2]-1,11,-0.4879,251.126991404,0.5317150577106527,2.472716349068838,0.0427758764032806,0.1227163490688374,14,84,-7.2,-4.6
Nc1c(C(=O)O)ccc(O)c1CO,COC(=O)c1ccc(O)c(CO)c1N,[*]C(=O)O,[*]C(=O)OC,[*:1]-[CH0](=[OH0])-[OH1]>>[*:1]-[CH0](=[OH0])-[OH0]-[CH3],638,0.2533000000000001,197.068807832,0.4666008472556142,2.281666448478001,-0.0223383340517578,-0.0683335515219996,14,85,-7.2,-6.5
Nc1c(C(=O)O)ccc(O)c1CO,Nc1c(OCC(=O)O)ccc(O)c1CO,[*]C(=O)O,[*]OCC(=O)O,[*:1]-[CH0](=[OH0])-[OH1]>>[*:1]-[OH0]-[CH2]-[CH0](=[OH0])-[OH1],48,-0.0699,213.063722452,0.5205469851113257,2.3675842726500704,0.0316078038039536,0.0175842726500699,14,86,-7.2,-7.1
Nc1c(C(=O)O)ccc(O)c1CO,CC(=O)NCc1c(O)ccc(C(=O)O)c1N,[*]CO,[*]CNC(C)=O,[*:1]-[CH2]-[OH1]>>[*:1]-[CH2]-[NH1]-[CH0](-[CH3])=[OH0],48,0.3086999999999998,224.079706864,0.5517090943147852,2.289835288535146,0.0627699130074131,-0.0601647114648544,14,87,-7.2,-7.6
Nc1c(C(=O)O)ccc(O)c1CO,Nc1c(CN2CCOCC2)ccc(O)c1CO,[*]C(=O)O,[*]CN1CCOCC1,[*:1]-[CH0](=[OH0])-[OH1]>>[*:1]-[CH2]-[NH0]1-[CH2]-[CH2]-[OH0]-[CH2]-[CH2]-1,19,0.2989000000000004,238.131742436,0.6599976919307711,2.431791581840555,0.171058510623399,0.0817915818405543,14,88,-7.2,-5.0
Nc1c(C(=O)O)ccc(O)c1CO,Nc1c(C(=O)O)ccc(O)c1N1CCNCC1,[*]CO,[*]N1CCNCC1,[*:1]-[CH2]-[OH1]>>[*:1]-[NH0]1-[CH2]-[CH2]-[NH1]-[CH2]-[CH2]-1,11,0.0821999999999998,237.11134134,0.5437427447608314,2.5126682185017675,0.0548035634534593,0.1626682185017669,14,89,-7.2,-5.8
Nc1c(C(=O)O)ccc(O)c1CO,CS(=O)(=O)Nc1ccc(O)c(CO)c1N,[*]C(=O)O,[*]NS(C)(=O)=O,[*:1]-[CH0](=[OH0])-[OH1]>>[*:1]-[NH1]-[SH0](-[CH3])(=[OH0])=[OH0],55,-0.1618000000000001,232.051777864,0.4269661731691746,2.567703533005101,-0.0619730081381974,0.2177035330051007,14,90,-7.2,-6.7
Nc1c(C(=O)O)ccc(O)c1CO,CCNCc1c(O)ccc(C(=O)O)c1N,[*]CO,[*]CNCC,[*:1]-[CH2]-[OH1]>>[*:1]-[CH2]-[NH1]-[CH2]-[CH3],14,0.7821000000000001,210.100442308,0.5507286879414811,2.3300611957269943,0.061789506634109,-0.0199388042730062,14,91,-7.2,-7.7
Nc1c(C(=O)O)ccc(O)c1CO,NC(=O)COc1c(O)ccc(C(=O)O)c1N,[*]CO,[*]OCC(N)=O,[*:1]-[CH2]-[OH1]>>[*:1]-[OH0]-[CH2]-[CH0](-[NH2])=[OH0],13,-0.4633000000000003,226.05897142,0.5124819178445235,2.339513310513168,0.0235427365371513,-0.0104866894868331,14,92,-7.2,-7.9
Nc1c(C(=O)O)ccc(O)c1CO,Nc1c(C(=O)O)ccc(O)c1CN1CCOCC1,[*]CO,[*]CN1CCOCC1,[*:1]-[CH2]-[OH1]>>[*:1]-[CH2]-[NH0]1-[CH2]-[CH2]-[OH0]-[CH2]-[CH2]-1,66,0.5047999999999996,252.111006992,0.6780453836815802,2.264547733684221,0.1891062023742081,-0.0854522663157792,14,93,-7.2,-6.8
Nc1c(C(=O)O)ccc(O)c1CO,NC(=O)Nc1ccc(O)c(CO)c1N,[*]C(=O)O,[*]NC(N)=O,[*:1]-[CH0](=[OH0])-[OH1]>>[*:1]-[NH1]-[CH0](-[NH2])=[OH0],10,-0.0426999999999996,197.080041212,0.3369226283885756,2.549005741617295,-0.1520165529187964,0.1990057416172943,14,94,-7.2,-6.8
Nc1c(C(=O)O)ccc(O)c1CO,CC(C)NC(=O)c1c(O)ccc(C(=O)O)c1N,[*]CO,[*]C(=O)NC(C)C,[*:1]-[CH2]-[OH1]>>[*:1]-[CH0](=[OH0])-[NH1]-[CH1](-[CH3])-[CH3],16,0.8108000000000002,238.095356928,0.5819214790606887,2.246478120302095,0.0929822977533166,-0.1035218796979053,14,95,-7.2,-7.6
Nc1c(C(=O)O)ccc(O)c1CO,Nc1c(C(=O)O)ccc(O)c1CCC(=O)O,[*]CO,[*]CCC(=O)O,[*:1]-[CH2]-[OH1]>>[*:1]-[CH2]-[CH2]-[CH0](=[OH0])-[OH1],17,0.6898,225.063722452,0.5591878767199212,2.206435288535145,0.0702486954125491,-0.1435647114648555,14,96,-7.2,-7.2
Nc1c(C(=O)O)ccc(O)c1CO,CN1CCN(C(=O)c2ccc(O)c(CO)c2N)CC1,[*]C(=O)O,[*]C(=O)N1CCN(C)CC1,[*:1]-[CH0](=[OH0])-[OH1]>>[*:1]-[CH0](=[OH0])-[NH0]1-[CH2]-[CH2]-[NH0](-[CH3])-[CH2]-[CH2]-1,46,-0.1456999999999997,265.142641468,0.6472588695330312,2.306661073702031,0.1583196882256591,-0.0433389262979693,14,97,-7.2,-3.8
Nc1c(C(=O)O)ccc(O)c1CO,Nc1c(C(=O)O)ccc(O)c1N1CCCCC1,[*]CO,[*]N1CCCCC1,[*:1]-[CH2]-[OH1]>>[*:1]-[NH0]1-[CH2]-[CH2]-[CH2]-[CH2]-[CH2]-1,11,1.6628999999999998,236.116092372,0.6797125096651291,2.279613881349558,0.190773328357757,-0.0703861186504424,14,98,-7.2,-5.0
Nc1c(C(=O)O)ccc(O)c1CO,CCCNC(=O)c1ccc(O)c(CO)c1N,[*]C(=O)O,[*]C(=O)NCCC,[*:1]-[CH0](=[OH0])-[OH1]>>[*:1]-[CH0](=[OH0])-[NH1]-[CH2]-[CH2]-[CH3],12,0.6064999999999998,224.116092372,0.56325656617859,2.257693734740103,0.0743173848712179,-0.0923062652598973,14,99,-7.2,-6.5
OCCOc1cccc(O)c1,CCC(=O)Oc1cccc(O)c1,[*]CCO,[*]C(=O)CC,[*:1]-[CH2]-[CH2]-[OH1]>>[*:1]-[CH0](=[OH0])-[CH2]-[CH3],12,1.7075999999999996,166.06299418,0.5369928441379157,1.8624072956735735,-0.1384491407789341,0.1424072956735749,15,0,-5.8,-6.0
OCCOc1cccc(O)c1,CCOc1cccc(O)c1,[*]CCO,[*]CC,[*:1]-[CH2]-[CH2]-[OH1]>>[*:1]-[CH2]-[CH3],461,1.7908999999999995,138.06807956,0.6746841995353571,1.5249655205216683,-0.0007577853814927,-0.1950344794783305,15,1,-5.8,-5.7
OCCOc1cccc(O)c1,Oc1cccc(OC2CC2)c1,[*]CCO,[*]C1CC1,[*:1]-[CH2]-[CH2]-[OH1]>>[*:1]-[CH1]1-[CH2]-[CH2]-1,161,1.9333999999999996,150.06807956,0.697599504428837,1.847358152674401,0.0221575195119871,0.1273581526744021,15,2,-5.8,-5.8
OCCOc1cccc(O)c1,CC(C)(C)Oc1cccc(O)c1,[*]CCO,[*]C(C)(C)C,[*:1]-[CH2]-[CH2]-[OH1]>>[*:1]-[CH0](-[CH3])(-[CH3])-[CH3],74,2.569500000000001,166.099379688,0.6943732202902165,1.8912636767924536,0.0189312353733667,0.1712636767924547,15,3,-5.8,-5.6
OCCOc1cccc(O)c1,Oc1cccc(OC2CCC2)c1,[*]CCO,[*]C1CCC1,[*:1]-[CH2]-[CH2]-[OH1]>>[*:1]-[CH1]1-[CH2]-[CH2]-[CH2]-1,47,2.323500000000001,164.083729624,0.7264416928006394,1.843515317063947,0.0509997078837896,0.1235153170639478,15,4,-5.8,-5.5
OCCOc1cccc(O)c1,COC(=O)Oc1cccc(O)c1,[*]CCO,[*]C(=O)OC,[*:1]-[CH2]-[CH2]-[OH1]>>[*:1]-[CH0](=[OH0])-[OH0]-[CH3],14,1.5374,168.04225873599998,0.5100402602330747,1.9321457572120335,-0.1654017246837751,0.2121457572120348,15,5,-5.8,-6.2
OCCOc1cccc(O)c1,CC(=O)Oc1cccc(O)c1,[*]CCO,[*]C(C)=O,[*:1]-[CH2]-[CH2]-[OH1]>>[*:1]-[CH0](-[CH3])=[OH0],105,1.3175,152.047344116,0.487240363903181,1.745444951681845,-0.1882016210136687,0.0254449516818464,15,6,-5.8,-6.0
OCCOc1cccc(O)c1,CC(C)Oc1cccc(O)c1,[*]CCO,[*]C(C)C,[*:1]-[CH2]-[CH2]-[OH1]>>[*:1]-[CH1](-[CH3])-[CH3],301,2.1794,152.083729624,0.7033715320318146,1.712777259374155,0.0279295471149647,-0.0072227406258438,15,7,-5.8,-6.1
OCCOc1cccc(O)c1,CCCOc1cccc(O)c1,[*]CCO,[*]CCC,[*:1]-[CH2]-[CH2]-[OH1]>>[*:1]-[CH2]-[CH2]-[CH3],155,2.1810000000000005,152.083729624,0.7188864977384893,1.5995700633443786,0.0434445128216395,-0.1204299366556203,15,8,-5.8,-5.4
OCCOc1cccc(O)c1,Oc1cccc(OC2COC2)c1,[*]CCO,[*]C1COC1,[*:1]-[CH2]-[CH2]-[OH1]>>[*:1]-[CH1]1-[CH2]-[OH0]-[CH2]-1,40,1.1697999999999995,166.06299418,0.716306119221878,2.1732329641227697,0.0408641343050282,0.4532329641227708,15,9,-5.8,-5.9
OCCOc1cccc(O)c1,NC(=O)Oc1cccc(O)c1,[*]CCO,[*]C(N)=O,[*:1]-[CH2]-[CH2]-[OH1]>>[*:1]-[CH0](-[NH2])=[OH0],18,0.8497000000000001,153.042593084,0.6276915638483803,1.959321874758768,-0.0477504210684694,0.2393218747587688,15,10,-5.8,-6.1
OCCOc1cccc(O)c1,Oc1cccc(OCC2CC2)c1,[*]CCO,[*]CC1CC1,[*:1]-[CH2]-[CH2]-[OH1]>>[*:1]-[CH2]-[CH1]1-[CH2]-[CH2]-1,109,2.1810000000000005,164.083729624,0.7415132874330558,1.7777827378784252,0.0660713025162059,0.0577827378784263,15,11,-5.8,-5.3
OCCOc1cccc(O)c1,Oc1cccc(OC2CCCCC2)c1,[*]CCO,[*]C1CCCCC1,[*:1]-[CH2]-[CH2]-[OH1]>>[*:1]-[CH1]1-[CH2]-[CH2]-[CH2]-[CH2]-[CH2]-1,77,3.103700000000002,192.115029752,0.7797549081303337,1.8496978464801292,0.1043129232134838,0.1296978464801306,15,12,-5.8,-5.6
OCCOc1cccc(O)c1,CC(C)COc1cccc(O)c1,[*]CCO,[*]CC(C)C,[*:1]-[CH2]-[CH2]-[OH1]>>[*:1]-[CH2]-[CH1](-[CH3])-[CH3],68,2.427000000000001,166.099379688,0.7468293385724889,1.7212478551141324,0.071387353655639,0.0012478551141335,15,13,-5.8,-5.5
OCCOc1cccc(O)c1,NCC(=O)Oc1cccc(O)c1,[*]CCO,[*]C(=O)CN,[*:1]-[CH2]-[CH2]-[OH1]>>[*:1]-[CH0](=[OH0])-[CH2]-[NH2],11,0.2562999999999998,167.058243148,0.4890617777925035,2.0444086942749724,-0.1863802071243463,0.3244086942749735,15,14,-5.8,-6.5
OCCOc1cccc(O)c1,Oc1cccc(OC2CCCC2)c1,[*]CCO,[*]C1CCCC1,[*:1]-[CH2]-[CH2]-[OH1]>>[*:1]-[CH1]1-[CH2]-[CH2]-[CH2]-[CH2]-1,82,2.713600000000001,178.099379688,0.7540676442372042,1.855173758105991,0.0786256593203543,0.1351737581059922,15,15,-5.8,-5.2
OCCOc1cccc(O)c1,O=C(CO)Oc1cccc(O)c1,[*]CCO,[*]C(=O)CO,[*:1]-[CH2]-[CH2]-[OH1]>>[*:1]-[CH0](=[OH0])-[CH2]-[OH1],25,0.2899000000000001,168.04225873599998,0.4916625372754696,2.0395583446246217,-0.1837794476413801,0.3195583446246228,15,16,-5.8,-6.4
OCCOc1cccc(O)c1,CN(C)C(=O)Oc1cccc(O)c1,[*]CCO,[*]C(=O)N(C)C,[*:1]-[CH2]-[CH2]-[OH1]>>[*:1]-[CH0](=[OH0])-[NH0](-[CH3])-[CH3],12,1.4526,181.073893212,0.7129583917129416,1.970532936822014,0.0375164067960918,0.2505329368220153,15,17,-5.8,-5.2
OCCOc1cccc(O)c1,CC1(Oc2cccc(O)c2)COC1,[*]CCO,[*]C1(C)COC1,[*:1]-[CH2]-[CH2]-[OH1]>>[*:1]-[CH0]1(-[CH3])-[CH2]-[OH0]-[CH2]-1,11,1.5598999999999998,180.078644244,0.7501940869838709,2.690593596162673,0.0747521020670211,0.970593596162674,15,18,-5.8,-6.1
OCCOc1cccc(O)c1,OCCCc1cccc(O)c1,[*]O[*],[*]C[*],[*:1]-[OH0]-[*:2]>>[*:1]-[CH2]-[*:2],222,1.3171,152.083729624,0.6853134429962165,1.7358430161979754,0.0098714580793667,0.0158430161979765,15,19,-5.8,-5.9
OCCOc1cccc(O)c1,OCCCc1cccc(O)c1,[*]O[*],[*]C[*],[*:1]-[OH0]-[*:2]>>[*:1]-[CH2]-[*:2],222,1.3171,152.083729624,0.6853134429962167,1.7358430161979754,0.0098714580793668,0.0158430161979765,15,20,-5.8,-6.2
OCCOc1cccc(O)c1,O=C(Oc1cccc(O)c1)C1CC1,[*]CCO,[*]C(=O)C1CC1,[*:1]-[CH2]-[CH2]-[OH1]>>[*:1]-[CH0](=[OH0])-[CH1]1-[CH2]-[CH2]-1,15,1.7075999999999996,178.06299418,0.5535339084409211,1.8671320577011343,-0.1219080764759287,0.1471320577011354,15,21,-5.8,-5.7
OCCOc1cccc(O)c1,OCCNc1cccc(O)c1,[*]O[*],[*]N[*],[*:1]-[OH0]-[*:2]>>[*:1]-[NH1]-[*:2],1876,0.7963999999999998,153.078978592,0.6015736473916788,1.8606415273642296,-0.0738683375251709,0.1406415273642309,15,22,-5.8,-6.3
OCCOc1cccc(O)c1,OCCNc1cccc(O)c1,[*]O[*],[*]N[*],[*:1]-[OH0]-[*:2]>>[*:1]-[NH1]-[*:2],1876,0.7963999999999998,153.078978592,0.6015736473916787,1.8606415273642296,-0.073868337525171,0.1406415273642309,15,23,-5.8,-6.3
OCCOc1cccc(O)c1,CS(=O)(=O)Oc1cccc(O)c1,[*]CCO,[*]S(C)(=O)=O,[*:1]-[CH2]-[CH2]-[OH1]>>[*:1]-[SH0](-[CH3])(=[OH0])=[OH0],55,0.7306000000000001,188.014329736,0.694778100370762,2.005529061407838,0.0193361154539122,0.2855290614078392,15,24,-5.8,-6.4
OCCOc1cccc(O)c1,CC(C)(C)COc1cccc(O)c1,[*]CCO,[*]CC(C)(C)C,[*:1]-[CH2]-[CH2]-[OH1]>>[*:1]-[CH2]-[CH0](-[CH3])(-[CH3])-[CH3],10,2.8171000000000013,180.115029752,0.7579144562879746,1.9520265631956413,0.0824724713711247,0.2320265631956424,15,25,-5.8,-5.3
OCCOc1cccc(O)c1,Oc1cccc(OCCF)c1,[*]CCO,[*]CCF,[*:1]-[CH2]-[CH2]-[OH1]>>[*:1]-[CH2]-[CH2]-[FH0],75,1.7405,156.058657748,0.721810795248183,1.997030609250082,0.0463688103313332,0.2770306092500831,15,26,-5.8,-5.6
OCCOc1cccc(O)c1,Oc1cccc(OC2CCOCC2)c1,[*]CCO,[*]C1CCOCC1,[*:1]-[CH2]-[CH2]-[OH1]>>[*:1]-[CH1]1-[CH2]-[CH2]-[OH0]-[CH2]-[CH2]-1,97,1.95,194.094294308,0.7816235076344682,2.067369516273752,0.1061815227176183,0.3473695162737531,15,27,-5.8,-5.5
OCCOc1cccc(O)c1,Oc1cccc(OCC2COC2)c1,[*]CCO,[*]CC1COC1,[*:1]-[CH2]-[CH2]-[OH1]>>[*:1]-[CH2]-[CH1]1-[CH2]-[OH0]-[CH2]-1,13,1.4173999999999998,180.078644244,0.7640618867291974,2.1052543030233792,0.0886199018123475,0.3852543030233804,15,28,-5.8,-5.8
OCCOc1cccc(O)c1,CC(=O)COc1cccc(O)c1,[*]CCO,[*]CC(C)=O,[*:1]-[CH2]-[CH2]-[OH1]>>[*:1]-[CH2]-[CH0](-[CH3])=[OH0],12,1.36,166.06299418,0.736987793131075,1.833502400568678,0.0615458082142251,0.1135024005686791,15,29,-5.8,-5.9
OCCOc1cccc(O)c1,Oc1cccc(OC2CCOC2)c1,[*]CCO,[*]C1CCOC1,[*:1]-[CH2]-[CH2]-[OH1]>>[*:1]-[CH1]1-[CH2]-[CH2]-[OH0]-[CH2]-1,27,1.5598999999999998,180.078644244,0.7501940869838709,2.5829873553411407,0.0747521020670211,0.8629873553411418,15,30,-5.8,-5.8
OCCOc1cccc(O)c1,NCCOc1cccc(O)c1,[*]CCO,[*]CCN,[*:1]-[CH2]-[CH2]-[OH1]>>[*:1]-[CH2]-[CH2]-[NH2],117,0.7296999999999998,153.078978592,0.6726461119950344,1.8328018251309783,-0.0027958729218153,0.1128018251309797,15,31,-5.8,-5.9
OCCOc1cccc(O)c1,N#CCOc1cccc(O)c1,[*]CCO,[*]CC#N,[*:1]-[CH2]-[CH2]-[OH1]>>[*:1]-[CH2]-[CH0]#[NH0],49,1.2945799999999998,149.047678464,0.6889243141233682,2.017697110490777,0.0134823292065183,0.2976971104907786,15,32,-5.8,-5.8
OCCOc1cccc(O)c1,Oc1cccc(OCC(F)F)c1,[*]CCO,[*]CC(F)F,[*:1]-[CH2]-[CH2]-[OH1]>>[*:1]-[CH2]-[CH1](-[FH0])-[FH0],38,2.0361,174.049235936,0.7592431125712014,2.076351351617628,0.0838011276543515,0.3563513516176293,15,33,-5.8,-6.0
OCCOc1cccc(O)c1,N#CCCOc1cccc(O)c1,[*]CCO,[*]CCC#N,[*:1]-[CH2]-[CH2]-[OH1]>>[*:1]-[CH2]-[CH2]-[CH0]#[NH0],32,1.68468,163.063328528,0.6895437385756367,2.024264638330916,0.0141017536587868,0.3042646383309169,15,34,-5.8,-5.8
OCCOc1cccc(O)c1,Cc1ccccc1Oc1cccc(O)c1,[*]CCO,[*]c1ccccc1C,[*:1]-[CH2]-[CH2]-[OH1]>>[*:1]-[cH0]1:[cH1]:[cH1]:[cH1]:[cH1]:[cH0]:1-[CH3],11,3.492920000000002,200.083729624,0.8035534898019987,1.5819671080704651,0.1281115048851488,-0.1380328919295337,15,35,-5.8,-5.0
OCCOc1cccc(O)c1,NC(=O)COc1cccc(O)c1,[*]CCO,[*]CC(N)=O,[*:1]-[CH2]-[CH2]-[OH1]>>[*:1]-[CH2]-[CH0](-[NH2])=[OH0],98,0.2562999999999998,167.058243148,0.6775902594200286,1.755598904065181,0.0021482745031787,0.035598904065182,15,36,-5.8,-6.4
OCCOc1cccc(O)c1,COCC(=O)Oc1cccc(O)c1,[*]CCO,[*]C(=O)COC,[*:1]-[CH2]-[CH2]-[OH1]>>[*:1]-[CH0](=[OH0])-[CH2]-[OH0]-[CH3],15,0.9439999999999996,182.0579088,0.5580428055984739,1.9410551346242109,-0.1173991793183759,0.221055134624212,15,37,-5.8,-6.0
OCCOc1cccc(O)c1,O=C(O)COc1cccc(O)c1,[*]CCO,[*]CC(=O)O,[*:1]-[CH2]-[CH2]-[OH1]>>[*:1]-[CH2]-[CH0](=[OH0])-[OH1],109,0.8555999999999999,168.042258736,0.7018205514811003,1.6781233795896568,0.0263785665642505,-0.041876620410342,15,38,-5.8,-6.8
OCCOc1cccc(O)c1,CN(CCO)c1cccc(O)c1,[*]O[*],[*]N([*])C,[*:1]-[OH0]-[*:2]>>[*:1]-[NH0](-[*:2])-[CH3],369,0.8207,167.094628656,0.70012849128839,2.0810968061630835,0.0246865063715402,0.3610968061630846,15,39,-5.8,-6.0
OCCOc1cccc(O)c1,CN(CCO)c1cccc(O)c1,[*]O[*],[*]N([*])C,[*:1]-[OH0]-[*:2]>>[*:1]-[NH0](-[*:2])-[CH3],369,0.8207,167.094628656,0.70012849128839,2.0810968061630835,0.0246865063715402,0.3610968061630846,15,40,-5.8,-6.0
OCCOc1cccc(O)c1,Oc1cccc(OCC(F)(F)F)c1,[*]CCO,[*]CC(F)(F)F,[*:1]-[CH2]-[CH2]-[OH1]>>[*:1]-[CH2]-[CH0](-[FH0])(-[FH0])-[FH0],63,2.333300000000001,192.039814124,0.7786831493586689,1.953474475283553,0.103241164441819,0.233474475283554,15,41,-5.8,-6.2
OCCOc1cccc(O)c1,CC(C)CCOc1cccc(O)c1,[*]CCO,[*]CCC(C)C,[*:1]-[CH2]-[CH2]-[OH1]>>[*:1]-[CH2]-[CH2]-[CH1](-[CH3])-[CH3],19,2.8171000000000013,180.115029752,0.7716155192648056,1.7328243653934423,0.0961735343479558,0.0128243653934436,15,42,-5.8,-5.9
OCCOc1cccc(O)c1,CNC(=O)COc1cccc(O)c1,[*]CCO,[*]CC(=O)NC,[*:1]-[CH2]-[CH2]-[OH1]>>[*:1]-[CH2]-[CH0](=[OH0])-[NH1]-[CH3],39,0.5169999999999995,181.073893212,0.7141669498046707,1.7759320577011335,0.0387249648878208,0.0559320577011348,15,43,-5.8,-6.8
OCCOc1cccc(O)c1,CN(C)CCOc1cccc(O)c1,[*]CCO,[*]CCN(C)C,[*:1]-[CH2]-[CH2]-[OH1]>>[*:1]-[CH2]-[CH2]-[NH0](-[CH3])-[CH3],192,1.3325999999999998,181.11027872,0.7603090160718173,1.7877205192395955,0.0848670311549675,0.0677205192395966,15,44,-5.8,-5.6
OCCOc1cccc(O)c1,CN1CCC(Oc2cccc(O)c2)CC1,[*]CCO,[*]C1CCN(C)CC1,[*:1]-[CH2]-[CH2]-[OH1]>>[*:1]-[CH1]1-[CH2]-[CH2]-[NH0](-[CH3])-[CH2]-[CH2]-1,46,1.8652,207.125928784,0.8031744758763939,2.007301634009641,0.1277324909595441,0.2873016340096423,15,45,-5.8,-5.0
OCCOc1cccc(O)c1,CN(C)C(=O)COc1cccc(O)c1,[*]CCO,[*]CC(=O)N(C)C,[*:1]-[CH2]-[CH2]-[OH1]>>[*:1]-[CH2]-[CH0](=[OH0])-[NH0](-[CH3])-[CH3],42,0.8591999999999997,195.089543276,0.7777750092155571,1.829670869092947,0.1023330242987072,0.1096708690929482,15,46,-5.8,-6.0
OCCOc1cccc(O)c1,OCCCCc1cccc(O)c1,[*]O[*],[*]CC[*],[*:1]-[OH0]-[*:2]>>[*:1]-[CH2]-[CH2]-[*:2],35,1.7071999999999998,166.099379688,0.6683187622276648,1.7286044573354395,-0.0071232226891849,0.0086044573354406,15,47,-5.8,-5.7
OCCOc1cccc(O)c1,OCCCCc1cccc(O)c1,[*]O[*],[*]CC[*],[*:1]-[OH0]-[*:2]>>[*:1]-[CH2]-[CH2]-[*:2],35,1.7071999999999998,166.099379688,0.6683187622276648,1.7286044573354395,-0.0071232226891849,0.0086044573354406,15,48,-5.8,-5.7
OCCOc1cccc(O)c1,OCCNCCc1cccc(O)c1,[*]O[*],[*]NCC[*],[*:1]-[OH0]-[*:2]>>[*:1]-[NH1]-[CH2]-[CH2]-[*:2],13,0.5165999999999997,181.11027872,0.5802813885892503,1.9004622032312817,-0.0951605963275995,0.1804622032312828,15,49,-5.8,-5.8
OCCOc1cccc(O)c1,OCCNCCc1cccc(O)c1,[*]O[*],[*]NCC[*],[*:1]-[OH0]-[*:2]>>[*:1]-[NH1]-[CH2]-[CH2]-[*:2],13,0.5165999999999997,181.11027872,0.5802813885892503,1.9004622032312817,-0.0951605963275995,0.1804622032312828,15,50,-5.8,-5.9
OCCOc1cccc(O)c1,CC(=O)N1CCC(Oc2cccc(O)c2)CC1,[*]CCO,[*]C1CCN(C(C)=O)CC1,[*:1]-[CH2]-[CH2]-[OH1]>>[*:1]-[CH1]1-[CH2]-[CH2]-[NH0](-[CH0](-[CH3])=[OH0])-[CH2]-[CH2]-1,10,1.7818999999999998,235.120843404,0.8497122030937159,2.003723312609788,0.174270218176866,0.2837233126097889,15,51,-5.8,-5.3
OCCOc1cccc(O)c1,CN(C(=O)CCO)c1cccc(O)c1,[*]O[*],[*]N(C)C([*])=O,[*:1]-[OH0]-[*:2]>>[*:1]-[NH0](-[CH3])-[CH0](-[*:2])=[OH0],29,0.7373999999999996,195.089543276,0.7473140877761533,2.226953460186065,0.0718721028593034,0.5069534601860664,15,52,-5.8,-6.0
OCCOc1cccc(O)c1,CN(CCO)C(=O)c1cccc(O)c1,[*]O[*],[*]N(C)C([*])=O,[*:1]-[OH0]-[*:2]>>[*:1]-[NH0](-[CH3])-[CH0](-[*:2])=[OH0],29,0.4564999999999999,195.089543276,0.7360449560805407,1.912048197028172,0.0606029711636908,0.1920481970281731,15,53,-5.8,-6.0
OCCOc1cccc(O)c1,Oc1cccc(OCC2CCCCC2)c1,[*]CCO,[*]CC1CCCCC1,[*:1]-[CH2]-[CH2]-[OH1]>>[*:1]-[CH2]-[CH1]1-[CH2]-[CH2]-[CH2]-[CH2]-[CH2]-1,19,3.3513000000000024,206.130679816,0.8213751751119918,1.8024450069158071,0.1459331901951419,0.0824450069158082,15,54,-5.8,-5.9
OCCOc1cccc(O)c1,CCS(=O)(=O)Oc1cccc(O)c1,[*]CCO,[*]S(=O)(=O)CC,[*:1]-[CH2]-[CH2]-[OH1]>>[*:1]-[SH0](=[OH0])(=[OH0])-[CH2]-[CH3],16,1.1206999999999996,202.0299798,0.7458739486083571,2.1582274423165178,0.0704319636915072,0.4382274423165189,15,55,-5.8,-6.2
OCCOc1cccc(O)c1,OCCCOc1cccc(O)c1,[*]O[*],[*]OC[*],[*:1]-[OH0]-[*:2]>>[*:1]-[OH0]-[CH2]-[*:2],780,1.1533999999999998,168.078644244,0.6629573475117122,1.7485184844847623,-0.0124846374051376,0.0285184844847634,15,56,-5.8,-5.6
OCCOc1cccc(O)c1,OCCCOc1cccc(O)c1,[*]O[*],[*]OC[*],[*:1]-[OH0]-[*:2]>>[*:1]-[OH0]-[CH2]-[*:2],780,1.1533999999999998,168.078644244,0.6629573475117122,1.7485184844847623,-0.0124846374051376,0.0285184844847634,15,57,-5.8,-5.8
OCCOc1cccc(O)c1,CCN(CCO)c1cccc(O)c1,[*]O[*],[*]N([*])CC,[*:1]-[OH0]-[*:2]>>[*:1]-[NH0](-[*:2])-[CH2]-[CH3],206,1.2108,181.11027872,0.7334383942169146,2.074162826931904,0.0579964093000647,0.3541628269319048,15,58,-5.8,-5.8
OCCOc1cccc(O)c1,CCN(CCO)c1cccc(O)c1,[*]O[*],[*]N([*])CC,[*:1]-[OH0]-[*:2]>>[*:1]-[NH0](-[*:2])-[CH2]-[CH3],206,1.2108,181.11027872,0.7334383942169146,2.074162826931904,0.0579964093000647,0.3541628269319048,15,59,-5.8,-5.7
OCCOc1cccc(O)c1,Oc1cccc(O[C@@H]2CCOC2)c1,[*]CCO,[*][C@@H]1CCOC1,[*:1]-[CH2]-[CH2]-[OH1]>>[*:1]-[C@@H1]1-[CH2]-[CH2]-[OH0]-[CH2]-1,20,1.5598999999999998,180.078644244,0.7501940869838709,2.5829873553411407,0.0747521020670211,0.8629873553411418,15,60,-5.8,-5.9
OCCOc1cccc(O)c1,CCOC(=O)Oc1cccc(O)c1,[*]CCO,[*]C(=O)OCC,[*:1]-[CH2]-[CH2]-[OH1]>>[*:1]-[CH0](=[OH0])-[OH0]-[CH2]-[CH3],15,1.9275,182.0579088,0.560436288380795,1.894543596162672,-0.1150056965360548,0.1745435961626729,15,61,-5.8,-5.9
OCCOc1cccc(O)c1,CN(CCO)Cc1cccc(O)c1,[*]O[*],[*]N(C)C[*],[*:1]-[OH0]-[*:2]>>[*:1]-[NH0](-[CH3])-[CH2]-[*:2],24,0.8162999999999998,181.11027872,0.7222989917355948,1.9241320577011347,0.0468570068187449,0.2041320577011358,15,62,-5.8,-5.8
OCCOc1cccc(O)c1,CN(CCCO)c1cccc(O)c1,[*]O[*],[*]N(C)C[*],[*:1]-[OH0]-[*:2]>>[*:1]-[NH0](-[CH3])-[CH2]-[*:2],24,1.2108,181.11027872,0.7334383942169146,2.095347442316518,0.0579964093000647,0.375347442316519,15,63,-5.8,-5.4
OCCOc1cccc(O)c1,Oc1cccc(OC2CCNCC2)c1,[*]CCO,[*]C1CCNCC1,[*:1]-[CH2]-[CH2]-[OH1]>>[*:1]-[CH1]1-[CH2]-[CH2]-[NH1]-[CH2]-[CH2]-1,29,1.5229999999999997,193.11027872,0.7479453982277708,2.1342565706827568,0.072503413310921,0.4142565706827579,15,64,-5.8,-6.2
OCCOc1cccc(O)c1,O=C(NCCO)c1cccc(O)c1,[*]O[*],[*]NC([*])=O,[*:1]-[OH0]-[*:2]>>[*:1]-[NH1]-[CH0](-[*:2])=[OH0],129,0.1142999999999995,181.073893212,0.6197007782329318,1.6835359038549775,-0.055741206683918,-0.0364640961450213,15,65,-5.8,-6.3
OCCOc1cccc(O)c1,O=C(NCCO)c1cccc(O)c1,[*]O[*],[*]NC([*])=O,[*:1]-[OH0]-[*:2]>>[*:1]-[NH1]-[CH0](-[*:2])=[OH0],129,0.1142999999999995,181.073893212,0.6197007782329318,1.6835359038549775,-0.055741206683918,-0.0364640961450213,15,66,-5.8,-6.3
OCCOc1cccc(O)c1,CC1(COc2cccc(O)c2)COC1,[*]CCO,[*]CC1(C)COC1,[*:1]-[CH2]-[CH2]-[OH1]>>[*:1]-[CH2]-[CH0]1(-[CH3])-[CH2]-[OH0]-[CH2]-1,11,1.8075,194.094294308,0.7970794979516914,2.3795539584732044,0.1216375130348416,0.6595539584732055,15,67,-5.8,-5.6
OCCOc1cccc(O)c1,CCC(C)Oc1cccc(O)c1,[*]CCO,[*]C(C)CC,[*:1]-[CH2]-[CH2]-[OH1]>>[*:1]-[CH1](-[CH3])-[CH2]-[CH3],13,2.569500000000001,166.099379688,0.7473619634941255,2.3128684085509725,0.0719199785772757,0.5928684085509737,15,68,-5.8,-6.0
OCCOc1cccc(O)c1,Oc1cccc(O[C@H]2CCOC2)c1,[*]CCO,[*][C@H]1CCOC1,[*:1]-[CH2]-[CH2]-[OH1]>>[*:1]-[C@H1]1-[CH2]-[CH2]-[OH0]-[CH2]-1,25,1.5598999999999998,180.078644244,0.7501940869838709,2.5829873553411407,0.0747521020670211,0.8629873553411418,15,69,-5.8,-5.8
OCCOc1cccc(O)c1,Oc1cccc(OCC2CCOCC2)c1,[*]CCO,[*]CC1CCOCC1,[*:1]-[CH2]-[CH2]-[OH1]>>[*:1]-[CH2]-[CH1]1-[CH2]-[CH2]-[OH0]-[CH2]-[CH2]-1,21,2.1976,208.109944372,0.8271762870703083,2.01048032160112,0.1517343021534585,0.2904803216011213,15,70,-5.8,-6.2
OCCOc1cccc(O)c1,Oc1cccc(O[C@@H]2CC[C@@H](O)CC2)c1,[*]CCO,[*][C@H]1CC[C@H](O)CC1,[*:1]-[CH2]-[CH2]-[OH1]>>[*:1]-[C@H1]1-[CH2]-[CH2]-[C@H1](-[OH1])-[CH2]-[CH2]-1,34,2.0745,208.109944372,0.7818764004678637,2.127331687676905,0.1064344155510138,0.4073316876769066,15,71,-5.8,-5.7
OCCOc1cccc(O)c1,OCCNCc1cccc(O)c1,[*]O[*],[*]NC[*],[*:1]-[OH0]-[*:2]>>[*:1]-[NH1]-[CH2]-[*:2],91,0.4740999999999998,167.094628656,0.5714074783929507,1.829058303489285,-0.1040345065238991,0.1090583034892862,15,72,-5.8,-6.0
OCCOc1cccc(O)c1,OCCNCc1cccc(O)c1,[*]O[*],[*]NC[*],[*:1]-[OH0]-[*:2]>>[*:1]-[NH1]-[CH2]-[*:2],91,0.4740999999999998,167.094628656,0.5714074783929507,1.829058303489285,-0.1040345065238991,0.1090583034892862,15,73,-5.8,-5.9
OCCOc1cccc(O)c1,Oc1cccc(OCC2CCCO2)c1,[*]CCO,[*]CC1CCCO1,[*:1]-[CH2]-[CH2]-[OH1]>>[*:1]-[CH2]-[CH1]1-[CH2]-[CH2]-[CH2]-[OH0]-1,31,1.95,194.094294308,0.7988516703417603,2.3618174277184387,0.1234096854249104,0.6418174277184399,15,74,-5.8,-6.2
OCCOc1cccc(O)c1,Cc1ccc(Oc2cccc(O)c2)cc1,[*]CCO,[*]c1ccc(C)cc1,[*:1]-[CH2]-[CH2]-[OH1]>>[*:1]-[cH0]1:[cH1]:[cH1]:[cH0](-[CH3]):[cH1]:[cH1]:1,14,3.492920000000002,200.083729624,0.8035534898019987,1.5082926894658115,0.1281115048851488,-0.2117073105341873,15,75,-5.8,-4.6
OCCOc1cccc(O)c1,CC(C)(CO)Oc1cccc(O)c1,[*]CCO,[*]C(C)(C)CO,[*:1]-[CH2]-[CH2]-[OH1]>>[*:1]-[CH0](-[CH3])(-[CH3])-[CH2]-[OH1],42,1.5418999999999996,182.094294308,0.7450976269802525,2.2711408489099263,0.0696556420634026,0.5511408489099274,15,76,-5.8,-6.0
OCCOc1cccc(O)c1,Oc1cccc(OCCN2CCCC2)c1,[*]CCO,[*]CCN1CCCC1,[*:1]-[CH2]-[CH2]-[OH1]>>[*:1]-[CH2]-[CH2]-[NH0]1-[CH2]-[CH2]-[CH2]-[CH2]-1,37,1.8668,207.125928784,0.8177144283054492,1.7394796223004203,0.1422724433885993,0.0194796223004214,15,77,-5.8,-5.6
OCCOc1cccc(O)c1,CCCCOc1cccc(O)c1,[*]CCO,[*]CCCC,[*:1]-[CH2]-[CH2]-[OH1]>>[*:1]-[CH2]-[CH2]-[CH2]-[CH3],107,2.571100000000001,166.099379688,0.6964201172680387,1.586876855525487,0.0209781323511888,-0.1331231444745118,15,78,-5.8,-5.3
OCCOc1cccc(O)c1,O=C1CCCN1CCOc1cccc(O)c1,[*]CCO,[*]CCN1CCCC1=O,[*:1]-[CH2]-[CH2]-[OH1]>>[*:1]-[CH2]-[CH2]-[NH0]1-[CH2]-[CH2]-[CH2]-[CH0]-1=[OH0],12,1.3933999999999995,221.10519334,0.8355349197696424,1.9767738934085328,0.1600929348527926,0.2567738934085337,15,79,-5.8,-6.3
OCCOc1cccc(O)c1,CC(C)(O)COc1cccc(O)c1,[*]CCO,[*]CC(C)(C)O,[*:1]-[CH2]-[CH2]-[OH1]>>[*:1]-[CH2]-[CH0](-[CH3])(-[CH3])-[OH1],83,1.5418999999999996,182.094294308,0.7450976269802525,2.056406782975861,0.0696556420634026,0.3364067829758621,15,80,-5.8,-5.8
OCCOc1cccc(O)c1,O=C(COc1cccc(O)c1)N1CCCC1,[*]CCO,[*]CC(=O)N1CCCC1,[*:1]-[CH2]-[CH2]-[OH1]>>[*:1]-[CH2]-[CH0](=[OH0])-[NH0]1-[CH2]-[CH2]-[CH2]-[CH2]-1,10,1.3934,221.10519334,0.8387883255521653,1.7490799134754234,0.1633463406353155,0.0290799134754244,15,81,-5.8,-6.0
OCCOc1cccc(O)c1,C=CCOc1cccc(O)c1,[*]CCO,[*]CC=C,[*:1]-[CH2]-[CH2]-[OH1]>>[*:1]-[CH2]-[CH1]=[CH2],59,1.9569999999999996,150.06807956,0.6671852560352639,1.91535616756274,-0.0082567288815859,0.1953561675627408,15,82,-5.8,-5.4
OCCOc1cccc(O)c1,OCCN1CCN(c2cccc(O)c2)CC1,[*]O[*],[*]N1CCN([*])CC1,[*:1]-[OH0]-[*:2]>>[*:1]-[NH0]1-[CH2]-[CH2]-[NH0](-[*:2])-[CH2]-[CH2]-1,32,0.5064999999999997,222.136827816,0.7818879111963607,1.864066201100842,0.1064459262795108,0.1440662011008431,15,83,-5.8,-4.5
OCCOc1cccc(O)c1,OCCN1CCN(c2cccc(O)c2)CC1,[*]O[*],[*]N1CCN([*])CC1,[*:1]-[OH0]-[*:2]>>[*:1]-[NH0]1-[CH2]-[CH2]-[NH0](-[*:2])-[CH2]-[CH2]-1,32,0.5064999999999997,222.136827816,0.7818879111963607,1.864066201100842,0.1064459262795108,0.1440662011008431,15,84,-5.8,-4.4
OCCOc1cccc(O)c1,COCCOc1cccc(O)c1,[*]CCO,[*]CCOC,[*:1]-[CH2]-[CH2]-[OH1]>>[*:1]-[CH2]-[CH2]-[OH0]-[CH3],442,1.4173999999999998,168.078644244,0.6907957955145916,1.686463280864853,0.0153538105977417,-0.0335367191351458,15,85,-5.8,-5.3
OCCOc1cccc(O)c1,Oc1cccc(OCC2(O)CC2)c1,[*]CCO,[*]CC1(O)CC1,[*:1]-[CH2]-[CH2]-[OH1]>>[*:1]-[CH2]-[CH0]1(-[OH1])-[CH2]-[CH2]-1,10,1.2958999999999998,180.078644244,0.7366106808707715,2.2121051346242098,0.0611686959539217,0.4921051346242109,15,86,-5.8,-6.2
OCCOc1cccc(O)c1,O=C(Nc1cccc(O)c1)OCCO,[*]O[*],[*]OC(=O)N[*],[*:1]-[OH0]-[*:2]>>[*:1]-[OH0]-[CH0](=[OH0])-[NH1]-[*:2],32,0.9329999999999998,197.068807832,0.6731618648664875,1.8924782188282323,-0.0022801200503622,0.1724782188282336,15,87,-5.8,-6.3
OCCOc1cccc(O)c1,O=C(NCCO)Oc1cccc(O)c1,[*]O[*],[*]OC(=O)N[*],[*:1]-[OH0]-[*:2]>>[*:1]-[OH0]-[CH0](=[OH0])-[NH1]-[*:2],32,0.4729000000000001,197.068807832,0.6578367264455931,1.9906332484140317,-0.0176052584712567,0.2706332484140326,15,88,-5.8,-6.1
OCCOc1cccc(O)c1,Oc1cccc(Oc2ccc(F)cc2)c1,[*]CCO,[*]c1ccc(F)cc1,[*:1]-[CH2]-[CH2]-[OH1]>>[*:1]-[cH0]1:[cH1]:[cH1]:[cH0](-[FH0]):[cH1]:[cH1]:1,22,3.323600000000001,204.058657748,0.8125469890683721,1.5393241742600896,0.1371050041515222,-0.1806758257399092,15,89,-5.8,-5.0
OCCOc1cccc(O)c1,Oc1cccc(OCCN2CCCCC2)c1,[*]CCO,[*]CCN1CCCCC1,[*:1]-[CH2]-[CH2]-[OH1]>>[*:1]-[CH2]-[CH2]-[NH0]1-[CH2]-[CH2]-[CH2]-[CH2]-[CH2]-1,36,2.2569000000000004,221.141578848,0.8461413770809891,1.749515087459626,0.1706993921641393,0.029515087459627,15,90,-5.8,-5.6
OCCOc1cccc(O)c1,NC(=O)CCOc1cccc(O)c1,[*]CCO,[*]CCC(N)=O,[*:1]-[CH2]-[CH2]-[OH1]>>[*:1]-[CH2]-[CH2]-[CH0](-[NH2])=[OH0],20,0.6463999999999999,181.073893212,0.7157061079491829,1.8227551346242112,0.040264123032333,0.1027551346242123,15,91,-5.8,-6.2
OCCOc1cccc(O)c1,COCC(C)Oc1cccc(O)c1,[*]CCO,[*]C(C)COC,[*:1]-[CH2]-[CH2]-[OH1]>>[*:1]-[CH1](-[CH3])-[CH2]-[OH0]-[CH3],22,1.8059,182.094294308,0.7713100373162669,2.432281282466647,0.095868052399417,0.7122812824666482,15,92,-5.8,-5.6
OCCOc1cccc(O)c1,C#CCOc1cccc(O)c1,[*]CCO,[*]CC#C,[*:1]-[CH2]-[CH2]-[OH1]>>[*:1]-[CH2]-[CH0]#[CH1],32,1.4041999999999997,148.052429496,0.6422577801684433,2.141142271781101,-0.0331842047484065,0.4211422717811022,15,93,-5.8,-5.5
OCCOc1cccc(O)c1,Oc1cccc(OCc2ccccc2)c1,[*]CCO,[*]Cc1ccccc1,[*:1]-[CH2]-[CH2]-[OH1]>>[*:1]-[CH2]-[cH0]1:[cH1]:[cH1]:[cH1]:[cH1]:[cH1]:1,212,2.971200000000002,200.083729624,0.8248951292816563,1.408553398524198,0.1494531443648065,-0.3114466014758008,15,94,-5.8,-6.4
OCCOc1cccc(O)c1,CN1CCC(COc2cccc(O)c2)CC1,[*]CCO,[*]CC1CCN(C)CC1,[*:1]-[CH2]-[CH2]-[OH1]>>[*:1]-[CH2]-[CH1]1-[CH2]-[CH2]-[NH0](-[CH3])-[CH2]-[CH2]-1,12,2.1128000000000005,221.141578848,0.8482118387100647,1.9544876057831144,0.1727698537932148,0.2344876057831157,15,95,-5.8,-5.8
OCCOc1cccc(O)c1,O=C(O)CCOc1cccc(O)c1,[*]CCO,[*]CCC(=O)O,[*:1]-[CH2]-[CH2]-[OH1]>>[*:1]-[CH2]-[CH2]-[CH0](=[OH0])-[OH1],44,1.2456999999999998,182.0579088,0.7348162517517272,1.7440435961626726,0.0593742668348773,0.0240435961626737,15,96,-5.8,-6.5
OCCOc1cccc(O)c1,OCC1(Oc2cccc(O)c2)CC1,[*]CCO,[*]C1(CO)CC1,[*:1]-[CH2]-[CH2]-[OH1]>>[*:1]-[CH0]1(-[CH2]-[OH1])-[CH2]-[CH2]-1,10,1.2958999999999998,180.078644244,0.7366106808707715,2.6432051346242105,0.0611686959539217,0.9232051346242116,15,97,-5.8,-6.3
OCCOc1cccc(O)c1,Oc1cccc(Oc2ccccc2)c1,[*]CCO,[*]c1ccccc1,[*:1]-[CH2]-[CH2]-[OH1]>>[*:1]-[cH0]1:[cH1]:[cH1]:[cH1]:[cH1]:[cH1]:1,94,3.184500000000002,186.06807956,0.7799941267858639,1.449131992821595,0.104552141869014,-0.2708680071784037,15,98,-5.8,-4.9
OCCOc1cccc(O)c1,CS(=O)(=O)CCOc1cccc(O)c1,[*]CCO,[*]CCS(C)(=O)=O,[*:1]-[CH2]-[CH2]-[OH1]>>[*:1]-[CH2]-[CH2]-[SH0](-[CH3])(=[OH0])=[OH0],25,0.8156000000000001,216.045629864,0.8087782676056186,1.9578935411577247,0.1333362826887687,0.2378935411577263,15,99,-5.8,-6.3
O=C(O)Cc1cccc(O)c1,CC(C)Cc1cccc(O)c1,[*]CC(=O)O,[*]CC(C)C,[*:1]-[CH2]-[CH0](=[OH0])-[OH1]>>[*:1]-[CH2]-[CH1](-[CH3])-[CH3],10,2.5907000000000013,150.104465068,0.6866341925033951,1.661472643989537,0.0219401072130582,0.031472643989538,16,0,-6.6,-6.2
O=C(O)Cc1cccc(O)c1,COc1cccc(O)c1,[*]CC(=O)O,[*]OC,[*:1]-[CH2]-[CH0](=[OH0])-[OH1]>>[*:1]-[OH0]-[CH3],17,1.4007999999999996,124.052429496,0.6127725486570803,1.432291391840943,-0.0519215366332564,-0.197708608159056,16,1,-6.6,-5.3
O=C(O)Cc1cccc(O)c1,CC(C)c1cccc(O)c1,[*]CC(=O)O,[*]C(C)C,[*:1]-[CH2]-[CH0](=[OH0])-[OH1]>>[*:1]-[CH1](-[CH3])-[CH3],14,2.5156000000000014,136.088815004,0.6285471901725991,1.5929309051370524,-0.0361468951177377,-0.0370690948629466,16,2,-6.6,-6.1
O=C(O)Cc1cccc(O)c1,CCCc1cccc(O)c1,[*]CC(=O)O,[*]CCC,[*:1]-[CH2]-[CH0](=[OH0])-[OH1]>>[*:1]-[CH2]-[CH2]-[CH3],14,2.344700000000001,136.088815004,0.6612373528142194,1.5691298062359549,-0.0034567324761174,-0.0608701937640443,16,3,-6.6,-5.9
O=C(O)Cc1cccc(O)c1,NC(=O)c1cccc(O)c1,[*]CC(=O)O,[*]C(N)=O,[*:1]-[CH2]-[CH0](=[OH0])-[OH1]>>[*:1]-[CH0](-[NH2])=[OH0],32,0.4911000000000002,137.047678464,0.5912712208356959,1.6101565461626937,-0.0734228644546408,-0.0198434538373053,16,4,-6.6,-6.2
O=C(O)Cc1cccc(O)c1,CCc1cccc(O)c1,[*]CC(=O)O,[*]CC,[*:1]-[CH2]-[CH0](=[OH0])-[OH1]>>[*:1]-[CH2]-[CH3],24,1.9546,122.07316494,0.6032549150365025,1.5196606226101714,-0.0614391702538342,-0.1103393773898275,16,5,-6.6,-5.5
O=C(O)Cc1cccc(O)c1,O=C(O)c1cccc(O)c1,[*]CC(=O)O,[*]C(=O)O,[*:1]-[CH2]-[CH0](=[OH0])-[OH1]>>[*:1]-[CH0](=[OH0])-[OH1],212,1.0903999999999998,138.031694052,0.6102585058580265,1.5144847512908992,-0.0544355794323102,-0.1155152487090998,16,6,-6.6,-6.9
O=C(O)Cc1cccc(O)c1,OCc1cccc(O)c1,[*]CC(=O)O,[*]CO,[*:1]-[CH2]-[CH0](=[OH0])-[OH1]>>[*:1]-[CH2]-[OH1],49,0.8844999999999998,124.052429496,0.5831595163788862,1.672128930302479,-0.0815345689114506,0.0421289303024803,16,7,-6.6,-5.8
O=C(O)Cc1cccc(O)c1,Oc1cccc(C(F)(F)F)c1,[*]CC(=O)O,[*]C(F)(F)F,[*:1]-[CH2]-[CH0](=[OH0])-[OH1]>>[*:1]-[CH0](-[FH0])(-[FH0])-[FH0],11,2.411000000000001,162.02924944,0.6205760233110343,1.759099010037282,-0.0441180619793024,0.129099010037283,16,8,-6.6,-6.4
O=C(O)Cc1cccc(O)c1,CNC(=O)c1cccc(O)c1,[*]CC(=O)O,[*]C(=O)NC,[*:1]-[CH2]-[CH0](=[OH0])-[OH1]>>[*:1]-[CH0](=[OH0])-[NH1]-[CH3],15,0.7517999999999998,151.063328528,0.6218937090700865,1.6039095670664594,-0.0428003762202503,-0.0260904329335396,16,9,-6.6,-6.5
O=C(O)Cc1cccc(O)c1,CC(=O)Nc1cccc(O)c1,[*]CC(=O)O,[*]NC(C)=O,[*:1]-[CH2]-[CH0](=[OH0])-[OH1]>>[*:1]-[NH1]-[CH0](-[CH3])=[OH0],14,1.3505999999999998,151.063328528,0.6360784721720715,1.5400511055279988,-0.0286156131182653,-0.0899488944720001,16,10,-6.6,-6.3
O=C(O)Cc1cccc(O)c1,NCCc1cccc(O)c1,[*]CC(=O)O,[*]CCN,[*:1]-[CH2]-[CH0](=[OH0])-[OH1]>>[*:1]-[CH2]-[CH2]-[NH2],10,0.8934,137.084063972,0.63560003918662,1.7658589271150742,-0.0290940461037167,0.1358589271150752,16,11,-6.6,-5.9
O=C(O)Cc1cccc(O)c1,CC(=O)c1cccc(O)c1,[*]CC(=O)O,[*]C(C)=O,[*:1]-[CH2]-[CH0](=[OH0])-[OH1]>>[*:1]-[CH0](-[CH3])=[OH0],12,1.5948,136.052429496,0.5951083320007401,1.558187315393463,-0.0695857532895967,-0.0718126846065363,16,12,-6.6,-5.8
O=C(O)Cc1cccc(O)c1,OCCc1cccc(O)c1,[*]CC(=O)O,[*]CCO,[*:1]-[CH2]-[CH0](=[OH0])-[OH1]>>[*:1]-[CH2]-[CH2]-[OH1],53,0.9269999999999998,138.06807956,0.6377737015055097,1.748007278763426,-0.026920383784827,0.1180072787634269,16,13,-6.6,-5.8
O=C(O)Cc1cccc(O)c1,NC(=O)Cc1cccc(O)c1,[*]CC(=O)O,[*]CC(N)=O,[*:1]-[CH2]-[CH0](=[OH0])-[OH1]>>[*:1]-[CH2]-[CH0](-[NH2])=[OH0],47,0.4199999999999999,151.063328528,0.6429850467613327,1.7757680286049222,-0.021709038529004,0.1457680286049232,16,14,-6.6,-6.4
O=C(O)Cc1cccc(O)c1,COCCc1cccc(O)c1,[*]CC(=O)O,[*]CCOC,[*:1]-[CH2]-[CH0](=[OH0])-[OH1]>>[*:1]-[CH2]-[CH2]-[OH0]-[CH3],16,1.5810999999999995,152.083729624,0.7121395399334229,1.7027105099944997,0.0474454546430861,0.0727105099945006,16,15,-6.6,-5.7
O=C(O)Cc1cccc(O)c1,CNC(=O)Cc1cccc(O)c1,[*]CC(=O)O,[*]CC(=O)NC,[*:1]-[CH2]-[CH0](=[OH0])-[OH1]>>[*:1]-[CH2]-[CH0](=[OH0])-[NH1]-[CH3],27,0.6806999999999999,165.078978592,0.6766646262301458,1.7686352677015442,0.0119705409398089,0.1386352677015452,16,16,-6.6,-6.1
O=C(O)Cc1cccc(O)c1,CN(C)C(=O)Cc1cccc(O)c1,[*]CC(=O)O,[*]CC(=O)N(C)C,[*:1]-[CH2]-[CH0](=[OH0])-[OH1]>>[*:1]-[CH2]-[CH0](=[OH0])-[NH0](-[CH3])-[CH3],28,1.0229,179.094628656,0.7360345777915576,1.821231837920916,0.0713404925012207,0.1912318379209168,16,17,-6.6,-5.2
O=C(O)Cc1cccc(O)c1,COC(=O)c1cccc(O)c1,[*]CC(=O)O,[*]C(=O)OC,[*:1]-[CH2]-[CH0](=[OH0])-[OH1]>>[*:1]-[CH0](=[OH0])-[OH0]-[CH3],22,1.1788,152.047344116,0.6143884490200855,1.518861874758768,-0.0503056362702513,-0.1111381252412311,16,18,-6.6,-6.3
O=C(O)Cc1cccc(O)c1,N#CCc1cccc(O)c1,[*]CC(=O)O,[*]CC#N,[*:1]-[CH2]-[CH0](=[OH0])-[OH1]>>[*:1]-[CH2]-[CH0]#[NH0],18,1.45828,133.052763844,0.6297995875669129,2.0390138721700186,-0.0348944977234239,0.4090138721700196,16,19,-6.6,-5.7
O=C(O)Cc1cccc(O)c1,Oc1cccc(-c2ccccc2)c1,[*]CC(=O)O,[*]c1ccccc1,[*:1]-[CH2]-[CH0](=[OH0])-[OH1]>>[*:1]-[cH0]1:[cH1]:[cH1]:[cH1]:[cH1]:[cH1]:1,14,3.059200000000001,170.07316494,0.6969384886852024,1.3180231508185436,0.0322444033948655,-0.3119768491814554,16,20,-6.6,-6.3
O=C(O)Cc1cccc(O)c1,CN(C)CCc1cccc(O)c1,[*]CC(=O)O,[*]CCN(C)C,[*:1]-[CH2]-[CH0](=[OH0])-[OH1]>>[*:1]-[CH2]-[CH2]-[NH0](-[CH3])-[CH3],12,1.4963,165.1153641,0.7332689330461987,1.7651863166525938,0.0685748477558618,0.1351863166525948,16,21,-6.6,-5.3
O=C(O)Cc1cccc(O)c1,CS(=O)(=O)Nc1cccc(O)c1,[*]CC(=O)O,[*]NS(C)(=O)=O,[*:1]-[CH2]-[CH0](=[OH0])-[OH1]>>[*:1]-[NH1]-[SH0](-[CH3])(=[OH0])=[OH0],10,0.7637,187.030314148,0.718039853600921,1.7993079075616834,0.0533457683105842,0.1693079075616843,16,22,-6.6,-6.6
O=C(O)Cc1cccc(O)c1,OCCCc1cccc(O)c1,[*]CC(=O)O,[*]CCCO,[*:1]-[CH2]-[CH0](=[OH0])-[OH1]>>[*:1]-[CH2]-[CH2]-[CH2]-[OH1],15,1.3171,152.083729624,0.6853134429962167,1.7358430161979754,0.0206193577058798,0.1058430161979764,16,23,-6.6,-5.9
O=C(O)Cc1cccc(O)c1,O=C(O)COc1cccc(O)c1,[*]CC(=O)O,[*]OCC(=O)O,[*:1]-[CH2]-[CH0](=[OH0])-[OH1]>>[*:1]-[OH0]-[CH2]-[CH0](=[OH0])-[OH1],50,0.8555999999999999,168.042258736,0.7018205514811003,1.6781233795896568,0.0371264661907635,0.0481233795896578,16,24,-6.6,-6.8
O=C(O)Cc1cccc(O)c1,COC(=O)Cc1cccc(O)c1,[*]CC(=O)O,[*]CC(=O)OC,[*:1]-[CH2]-[CH0](=[OH0])-[OH1]>>[*:1]-[CH2]-[CH0](=[OH0])-[OH0]-[CH3],48,1.1077,166.06299418,0.6691909353254654,1.6923933096595878,0.0044968500351285,0.0623933096595887,16,25,-6.6,-6.3
O=C(O)Cc1cccc(O)c1,CC(C)(C)c1cccc(O)c1,[*]CC(=O)O,[*]C(C)(C)C,[*:1]-[CH2]-[CH0](=[OH0])-[OH1]>>[*:1]-[CH0](-[CH3])(-[CH3])-[CH3],10,2.689700000000001,150.104465068,0.6025012194870691,1.7358565697189814,-0.0621928658032676,0.1058565697189823,16,26,-6.6,-5.5
O=C(O)Cc1cccc(O)c1,O=C(O)CCc1cccc(O)c1,[*]CC(=O)O,[*]CCC(=O)O,[*:1]-[CH2]-[CH0](=[OH0])-[OH1]>>[*:1]-[CH2]-[CH2]-[CH0](=[OH0])-[OH1],137,1.4094,166.06299418,0.7132847077406798,1.6402772257435032,0.0485906224503429,0.0102772257435042,16,27,-6.6,-6.8
O=C(O)Cc1cccc(O)c1,O=C(O)C1(c2cccc(O)c2)CC1,[*]CC(=O)O,[*]C1(C(=O)O)CC1,[*:1]-[CH2]-[CH0](=[OH0])-[OH1]>>[*:1]-[CH0]1(-[CH0](=[OH0])-[OH1])-[CH2]-[CH2]-1,11,1.5083999999999995,178.06299418,0.7211984043883024,2.0989896401187167,0.0565043190979656,0.4689896401187177,16,28,-6.6,-6.2
O=C(O)Cc1cccc(O)c1,CC(C)(C(=O)O)c1cccc(O)c1,[*]CC(=O)O,[*]C(C)(C)C(=O)O,[*:1]-[CH2]-[CH0](=[OH0])-[OH1]>>[*:1]-[CH0](-[CH3])(-[CH3])-[CH0](=[OH0])-[OH1],24,1.7544,180.078644244,0.728566452388399,2.087163279420592,0.0638723670980622,0.4571632794205928,16,29,-6.6,-5.8
O=C(O)Cc1cccc(O)c1,Oc1cccc(Cc2ccccc2)c1,[*]CC(=O)O,[*]Cc1ccccc1,[*:1]-[CH2]-[CH0](=[OH0])-[OH1]>>[*:1]-[CH2]-[cH0]1:[cH1]:[cH1]:[cH1]:[cH1]:[cH1]:1,22,2.983000000000002,184.088815004,0.7603045299219545,1.4307672648666223,0.0956104446316177,-0.1992327351333767,16,30,-6.6,-5.5
O=C(O)Cc1cccc(O)c1,Oc1cccc(CCN2CCOCC2)c1,[*]CC(=O)O,[*]CCN1CCOCC1,[*:1]-[CH2]-[CH0](=[OH0])-[OH1]>>[*:1]-[CH2]-[CH2]-[NH0]1-[CH2]-[CH2]-[OH0]-[CH2]-[CH2]-1,14,1.2668999999999997,207.125928784,0.8097857464168138,1.8104348670556651,0.1450916611264769,0.1804348670556663,16,31,-6.6,-5.9
O=C(O)Cc1cccc(O)c1,O=C(Cc1cccc(O)c1)N1CCOCC1,[*]CC(=O)O,[*]CC(=O)N1CCOCC1,[*:1]-[CH2]-[CH0](=[OH0])-[OH1]>>[*:1]-[CH2]-[CH0](=[OH0])-[NH0]1-[CH2]-[CH2]-[OH0]-[CH2]-[CH2]-1,19,0.7934999999999994,221.10519334,0.8030336934013693,1.8448651977563597,0.1383396081110325,0.2148651977563602,16,32,-6.6,-5.3
O=C(O)Cc1cccc(O)c1,Oc1cccc(Cc2nn[nH]n2)c1,[*]CC(=O)O,[*]Cc1nn[nH]n1,[*:1]-[CH2]-[CH0](=[OH0])-[OH1]>>[*:1]-[CH2]-[cH0]1:[nH0]:[nH0]:[nH1]:[nH0]:1,10,0.4960999999999998,176.069810876,0.6981019968853583,2.297678616405588,0.0334079115950215,0.6676786164055883,16,33,-6.6,-7.3
O=C(O)Cc1cccc(O)c1,O=C(O)c1ccc(-c2cccc(O)c2)cc1,[*]CC(=O)O,[*]c1ccc(C(=O)O)cc1,[*:1]-[CH2]-[CH0](=[OH0])-[OH1]>>[*:1]-[cH0]1:[cH1]:[cH1]:[cH0](-[CH0](=[OH0])-[OH1]):[cH1]:[cH1]:1,13,2.757400000000001,214.06299418,0.8076343198263986,1.5045423215021785,0.1429402345360617,-0.1254576784978205,16,34,-6.6,-5.2
O=C(O)Cc1cccc(O)c1,O=C(O)CCCc1cccc(O)c1,[*]CC(=O)O,[*]CCCC(=O)O,[*:1]-[CH2]-[CH0](=[OH0])-[OH1]>>[*:1]-[CH2]-[CH2]-[CH2]-[CH0](=[OH0])-[OH1],29,1.7995,180.078644244,0.7423283441661067,1.6722820577011357,0.0776342588757699,0.0422820577011364,16,35,-6.6,-6.3
O=C(O)Cc1cccc(O)c1,CCOC(=O)Cc1cccc(O)c1,[*]CC(=O)O,[*]CC(=O)OCC,[*:1]-[CH2]-[CH0](=[OH0])-[OH1]>>[*:1]-[CH2]-[CH0](=[OH0])-[OH0]-[CH2]-[CH3],43,1.4977999999999998,180.078644244,0.716793358937884,1.6807359038549805,0.0520992736475471,0.0507359038549815,16,36,-6.6,-5.9
O=C(O)Cc1cccc(O)c1,CC(C(=O)O)c1cccc(O)c1,[*]CC(=O)O,[*]C(C)C(=O)O,[*:1]-[CH2]-[CH0](=[OH0])-[OH1]>>[*:1]-[CH1](-[CH3])-[CH0](=[OH0])-[OH1],32,1.5802999999999998,166.06299418,0.70080674761984,2.285955209250273,0.0361126623295031,0.6559552092502745,16,37,-6.6,-7.1
O=C(O)Cc1cccc(O)c1,O=C(Cc1cccc(O)c1)N1CCCCC1,[*]CC(=O)O,[*]CC(=O)N1CCCCC1,[*:1]-[CH2]-[CH0](=[OH0])-[OH1]>>[*:1]-[CH2]-[CH0](=[OH0])-[NH0]1-[CH2]-[CH2]-[CH2]-[CH2]-[CH2]-1,10,1.9472,219.125928784,0.8254952026307011,1.7297585087931484,0.1608011173403642,0.0997585087931494,16,38,-6.6,-5.2
O=C(O)Cc1cccc(O)c1,CC(C)(C)OC(=O)Cc1cccc(O)c1,[*]CC(=O)O,[*]CC(=O)OC(C)(C)C,[*:1]-[CH2]-[CH0](=[OH0])-[OH1]>>[*:1]-[CH2]-[CH0](=[OH0])-[OH0]-[CH0](-[CH3])(-[CH3])-[CH3],11,2.2764,208.109944372,0.7582732917719871,1.856803118803917,0.0935792064816503,0.2268031188039181,16,39,-6.6,-4.8
O=C(O)Cc1cccc(O)c1,Oc1cccc(-c2nnn[nH]2)c1,[*]CC(=O)O,[*]c1nnn[nH]1,[*:1]-[CH2]-[CH0](=[OH0])-[OH1]>>[*:1]-[cH0]1:[nH0]:[nH0]:[nH0]:[nH1]:1,15,0.5722999999999998,162.054160812,0.6424552011945158,2.517931451517727,-0.0222388840958209,0.8879314515177281,16,40,-6.6,-7.9
O=C(O)Cc1cccc(O)c1,Oc1cccc(Cc2nnn[nH]2)c1,[*]CC(=O)O,[*]Cc1nnn[nH]1,[*:1]-[CH2]-[CH0](=[OH0])-[OH1]>>[*:1]-[CH2]-[cH0]1:[nH0]:[nH0]:[nH0]:[nH1]:1,12,0.4960999999999998,176.069810876,0.6981019968853583,2.55442638968494,0.0334079115950215,0.9244263896849408,16,41,-6.6,-7.4
O=C1O[C@H](CO)[C@@H](O)[C@H]1O,CO[C@H]1OC(=O)[C@H](O)[C@@H]1O,[*]CO,[*]OC,[*:1]-[CH2]-[OH1]>>[*:1]-[OH0]-[CH3],353,-1.7625000000000002,148.037173356,0.4305644965625741,3.8888613073307976,0.0690325616090323,0.1888613073307974,17,0,-6.4,-6.5
O=C1O[C@H](CO)[C@@H](O)[C@H]1O,CCCC[C@H]1OC(=O)[C@H](O)[C@@H]1O,[*]CO,[*]CCCC,[*:1]-[CH2]-[OH1]>>[*:1]-[CH2]-[CH2]-[CH2]-[CH3],19,-0.1762,174.089208928,0.5825344888346062,3.573918376323478,0.2210025538810644,-0.1260816236765221,17,1,-6.4,-6.8
O=C1O[C@H](CO)[C@@H](O)[C@H]1O,CSC[C@H]1OC(=O)[C@H](O)[C@@H]1O,[*]CO,[*]CSC,[*:1]-[CH2]-[OH1]>>[*:1]-[CH2]-[SH0]-[CH3],15,-1.0034,178.0299798,0.5306534086281947,4.047951305722155,0.1691214736746528,0.3479513057221544,17,2,-6.4,-6.5
O=C1O[C@H](CO)[C@@H](O)[C@H]1O,CC[C@H]1OC(=O)[C@H](O)[C@@H]1O,[*]CO,[*]CC,[*:1]-[CH2]-[OH1]>>[*:1]-[CH2]-[CH3],141,-0.9564000000000004,146.0579088,0.4676187541434695,3.80044828957932,0.1060868191899276,0.1004482895793197,17,3,-6.4,-6.8
O=C1O[C@H](CO)[C@@H](O)[C@H]1O,CC(C)C[C@H]1OC(=O)[C@H](O)[C@@H]1O,[*]CO,[*]CC(C)C,[*:1]-[CH2]-[OH1]>>[*:1]-[CH2]-[CH1](-[CH3])-[CH3],19,-0.3202999999999999,174.089208928,0.5629203371530276,3.7591323186311696,0.2013884021994857,0.0591323186311694,17,4,-6.4,-7.3
O=C1O[C@H](CO)[C@@H](O)[C@H]1O,CN(C)[C@H]1OC(=O)[C@H](O)[C@@H]1O,[*]CO,[*]N(C)C,[*:1]-[CH2]-[OH1]>>[*:1]-[NH0](-[CH3])-[CH3],70,-1.8472999999999995,161.068807832,0.4418216802103181,4.214349335278804,0.0802897452567762,0.514349335278804,17,5,-6.4,-6.9
O=C1O[C@H](CO)[C@@H](O)[C@H]1O,O=C1O[C@H](C2CC2)[C@@H](O)[C@H]1O,[*]CO,[*]C1CC1,[*:1]-[CH2]-[OH1]>>[*:1]-[CH1]1-[CH2]-[CH2]-1,61,-0.9564000000000004,158.0579088,0.4823966170714753,3.7867985205762658,0.1208646821179335,0.0867985205762655,17,6,-6.4,-7.3
O=C1O[C@H](CO)[C@@H](O)[C@H]1O,CN[C@H]1OC(=O)[C@H](O)[C@@H]1O,[*]CO,[*]NC,[*:1]-[CH2]-[OH1]>>[*:1]-[NH1]-[CH3],31,-2.1895,147.053157768,0.3670900537347548,4.3145293546680765,0.005558118781213,0.6145293546680763,17,7,-6.4,-6.5
O=C1O[C@H](CO)[C@@H](O)[C@H]1O,NC[C@H]1OC(=O)[C@H](O)[C@@H]1O,[*]CO,[*]CN,[*:1]-[CH2]-[OH1]>>[*:1]-[CH2]-[NH2],150,-2.4077,147.053157768,0.3591855658031503,3.939389117981686,-0.0023463691503914,0.2393891179816858,17,8,-6.4,-6.4
O=C1O[C@H](CO)[C@@H](O)[C@H]1O,CCO[C@H]1OC(=O)[C@H](O)[C@@H]1O,[*]CO,[*]OCC,[*:1]-[CH2]-[OH1]>>[*:1]-[OH0]-[CH2]-[CH3],66,-1.3724000000000005,162.05282342,0.4896613766391838,3.843844674422419,0.128129441685642,0.1438446744224188,17,9,-6.4,-6.6
O=C1O[C@H](CO)[C@@H](O)[C@H]1O,NC(=O)[C@H]1OC(=O)[C@H](O)[C@@H]1O,[*]CO,[*]C(N)=O,[*:1]-[CH2]-[OH1]>>[*:1]-[CH0](-[NH2])=[OH0],246,-2.8811000000000004,161.032422324,0.3576351090384454,3.88236307154254,-0.0038968259150963,0.1823630715425395,17,10,-6.4,-7.0
O=C1O[C@H](CO)[C@@H](O)[C@H]1O,CC(C)[C@H]1OC(=O)[C@H](O)[C@@H]1O,[*]CO,[*]C(C)C,[*:1]-[CH2]-[OH1]>>[*:1]-[CH1](-[CH3])-[CH3],91,-0.7104000000000004,160.073558864,0.4971407799793167,3.806827357256825,0.1356088450257749,0.106827357256825,17,11,-6.4,-7.4
O=C1O[C@H](CO)[C@@H](O)[C@H]1O,O=C(O)[C@H]1OC(=O)[C@H](O)[C@@H]1O,[*]CO,[*]C(=O)O,[*:1]-[CH2]-[OH1]>>[*:1]-[CH0](=[OH0])-[OH1],242,-2.2818,162.016437912,0.3750087024861866,3.767929555059024,0.0134767675326448,0.0679295550590239,17,12,-6.4,-7.1
O=C1O[C@H](CO)[C@@H](O)[C@H]1O,COC[C@H]1OC(=O)[C@H](O)[C@@H]1O,[*]CO,[*]COC,[*:1]-[CH2]-[OH1]>>[*:1]-[CH2]-[OH0]-[CH3],258,-1.7200000000000004,162.05282342,0.4722237190694726,3.738933799090854,0.1106917841159307,0.038933799090854,17,13,-6.4,-6.7
O=C1O[C@H](CO)[C@@H](O)[C@H]1O,O=C1O[C@H](CF)[C@@H](O)[C@H]1O,[*]CO,[*]CF,[*:1]-[CH2]-[OH1]>>[*:1]-[CH2]-[FH0],60,-1.3969000000000005,150.032836924,0.451138290718106,4.108977875378136,0.0896063557645642,0.4089778753781354,17,14,-6.4,-6.3
O=C1O[C@H](CO)[C@@H](O)[C@H]1O,N#CC[C@H]1OC(=O)[C@H](O)[C@@H]1O,[*]CO,[*]CC#N,[*:1]-[CH2]-[OH1]>>[*:1]-[CH2]-[CH0]#[NH0],35,-1.45272,157.037507704,0.4541142871540643,4.185223984767246,0.0925823522005225,0.4852239847672459,17,15,-6.4,-6.9
O=C1O[C@H](CO)[C@@H](O)[C@H]1O,CCN[C@H]1OC(=O)[C@H](O)[C@@H]1O,[*]CO,[*]NCC,[*:1]-[CH2]-[OH1]>>[*:1]-[NH1]-[CH2]-[CH3],10,-1.7994,161.068807832,0.4163780225315632,4.209144409170429,0.0548460875780214,0.5091444091704291,17,16,-6.4,-6.5
O=C1O[C@H](CO)[C@@H](O)[C@H]1O,CNC(=O)[C@H]1OC(=O)[C@H](O)[C@@H]1O,[*]CO,[*]C(=O)NC,[*:1]-[CH2]-[OH1]>>[*:1]-[CH0](=[OH0])-[NH1]-[CH3],106,-2.6204,175.048072388,0.3790492398486137,3.820403782651022,0.0175173048950719,0.1204037826510218,17,17,-6.4,-7.2
O=C1O[C@H](CO)[C@@H](O)[C@H]1O,CC(=O)N[C@H]1OC(=O)[C@H](O)[C@@H]1O,[*]CO,[*]NC(C)=O,[*:1]-[CH2]-[OH1]>>[*:1]-[NH1]-[CH0](-[CH3])=[OH0],71,-2.2728,175.048072388,0.3903155540746235,3.9763293409636766,0.0287836191210817,0.2763293409636764,17,18,-6.4,-6.7
O=C1O[C@H](CO)[C@@H](O)[C@H]1O,CN(C)C(=O)[C@H]1OC(=O)[C@H](O)[C@@H]1O,[*]CO,[*]C(=O)N(C)C,[*:1]-[CH2]-[OH1]>>[*:1]-[CH0](=[OH0])-[NH0](-[CH3])-[CH3],100,-2.2781999999999987,189.063722452,0.4537403711099738,3.817728409330061,0.092208436156432,0.117728409330061,17,19,-6.4,-7.3
O=C1O[C@H](CO)[C@@H](O)[C@H]1O,CN(C)C[C@H]1OC(=O)[C@H](O)[C@@H]1O,[*]CO,[*]CN(C)C,[*:1]-[CH2]-[OH1]>>[*:1]-[CH2]-[NH0](-[CH3])-[CH3],100,-1.8047999999999988,175.084457896,0.484266579862942,3.802725370740351,0.1227346449094002,0.1027253707403508,17,20,-6.4,-6.9
O=C1O[C@H](CO)[C@@H](O)[C@H]1O,O=C1O[C@H](CCO)[C@@H](O)[C@H]1O,[*]CO,[*]CCO,[*:1]-[CH2]-[OH1]>>[*:1]-[CH2]-[CH2]-[OH1],158,-1.984,162.05282342,0.4093141227170724,3.789524780523215,0.0477821877635306,0.0895247805232148,17,21,-6.4,-6.8
O=C1O[C@H](CO)[C@@H](O)[C@H]1O,CN1CCN([C@H]2OC(=O)[C@H](O)[C@@H]2O)CC1,[*]CO,[*]N1CCN(C)CC1,[*:1]-[CH2]-[OH1]>>[*:1]-[NH0]1-[CH2]-[CH2]-[NH0](-[CH3])-[CH2]-[CH2]-1,20,-2.161499999999998,216.111006992,0.4863486085118217,3.7309058647702127,0.1248166735582799,0.0309058647702125,17,22,-6.4,-5.3
O=C1O[C@H](CO)[C@@H](O)[C@H]1O,O=C1O[C@H](C(F)F)[C@@H](O)[C@H]1O,[*]CO,[*]C(F)F,[*:1]-[CH2]-[OH1]>>[*:1]-[CH1](-[FH0])-[FH0],42,-1.1013000000000002,168.023415112,0.4874663787253182,4.151537247366715,0.1259344437717763,0.4515372473667147,17,23,-6.4,-7.1
O=C1O[C@H](CO)[C@@H](O)[C@H]1O,CNC[C@H]1OC(=O)[C@H](O)[C@@H]1O,[*]CO,[*]CNC,[*:1]-[CH2]-[OH1]>>[*:1]-[CH2]-[NH1]-[CH3],38,-2.146999999999999,161.068807832,0.4024593317674511,3.915324250019237,0.0409273968139092,0.2153242500192362,17,24,-6.4,-6.3
O=C1O[C@H](CO)[C@@H](O)[C@H]1O,CCC[C@H]1OC(=O)[C@H](O)[C@@H]1O,[*]CO,[*]CCC,[*:1]-[CH2]-[OH1]>>[*:1]-[CH2]-[CH2]-[CH3],44,-0.5662999999999999,160.073558864,0.5309411573285402,3.7024372473667153,0.1694092223749984,0.0024372473667151,17,25,-6.4,-7.0
O=C1O[C@H](CO)[C@@H](O)[C@H]1O,NC(=O)C[C@H]1OC(=O)[C@H](O)[C@@H]1O,[*]CO,[*]CC(N)=O,[*:1]-[CH2]-[OH1]>>[*:1]-[CH2]-[CH0](-[NH2])=[OH0],21,-2.490999999999999,175.048072388,0.4019940428068975,3.855354154859458,0.0404621078533556,0.1553541548594577,17,26,-6.4,-7.0
O=C1O[C@H](CO)[C@@H](O)[C@H]1O,CCOC[C@H]1OC(=O)[C@H](O)[C@@H]1O,[*]CO,[*]COCC,[*:1]-[CH2]-[OH1]>>[*:1]-[CH2]-[OH0]-[CH2]-[CH3],20,-1.3299000000000003,176.068473484,0.520939988557187,3.70905683786194,0.1594080536036452,0.00905683786194,17,27,-6.4,-6.6
O=C1O[C@H](CO)[C@@H](O)[C@H]1O,O=C1O[C@H](N2CCOCC2)[C@@H](O)[C@H]1O,[*]CO,[*]N1CCOCC1,[*:1]-[CH2]-[OH1]>>[*:1]-[NH0]1-[CH2]-[CH2]-[OH0]-[CH2]-[CH2]-1,42,-2.076699999999999,203.079372516,0.4762632073707259,3.8224133547497896,0.1147312724171841,0.1224133547497894,17,28,-6.4,-7.2
O=C1O[C@H](CO)[C@@H](O)[C@H]1O,O=C(O)C[C@H]1OC(=O)[C@H](O)[C@@H]1O,[*]CO,[*]CC(=O)O,[*:1]-[CH2]-[OH1]>>[*:1]-[CH2]-[CH0](=[OH0])-[OH1],49,-1.8917,176.032087976,0.4247138084697226,3.727237033271369,0.0631818735161808,0.0272370332713682,17,29,-6.4,-6.9
O=C1O[C@H](CO)[C@@H](O)[C@H]1O,O=C1O[C@H](C(F)(F)F)[C@@H](O)[C@H]1O,[*]CO,[*]C(F)(F)F,[*:1]-[CH2]-[OH1]>>[*:1]-[CH0](-[FH0])(-[FH0])-[FH0],176,-0.8041,186.0139933,0.4856345094096528,4.065026164785015,0.124102574456111,0.3650261647850152,17,30,-6.4,-7.5
O=C1O[C@H](CO)[C@@H](O)[C@H]1O,COCC[C@H]1OC(=O)[C@H](O)[C@@H]1O,[*]CO,[*]CCOC,[*:1]-[CH2]-[OH1]>>[*:1]-[CH2]-[CH2]-[OH0]-[CH3],13,-1.3299000000000003,176.068473484,0.520939988557187,3.715227030169631,0.1594080536036452,0.0152270301696306,17,31,-6.4,-6.8
O=C1O[C@H](CO)[C@@H](O)[C@H]1O,O=C1O[C@H](N2CCCC2)[C@@H](O)[C@H]1O,[*]CO,[*]N1CCCC1,[*:1]-[CH2]-[OH1]>>[*:1]-[NH0]1-[CH2]-[CH2]-[CH2]-[CH2]-1,11,-1.3131000000000008,187.084457896,0.4985469935287364,3.754442045693697,0.1370150585751945,0.0544420456936967,17,32,-6.4,-7.4
O=C1O[C@H](CO)[C@@H](O)[C@H]1O,O=C1O[C@H](N2CCCC2=O)[C@@H](O)[C@H]1O,[*]CO,[*]N1CCCC1=O,[*:1]-[CH2]-[OH1]>>[*:1]-[NH0]1-[CH2]-[CH2]-[CH2]-[CH0]-1=[OH0],10,-1.7865,201.063722452,0.4893163195507031,3.896164865182677,0.1277843845971613,0.1961648651826761,17,33,-6.4,-7.2
O=C1O[C@H](CO)[C@@H](O)[C@H]1O,O=C(NC1CC1)[C@H]1OC(=O)[C@H](O)[C@@H]1O,[*]CO,[*]C(=O)NC1CC1,[*:1]-[CH2]-[OH1]>>[*:1]-[CH0](=[OH0])-[NH1]-[CH1]1-[CH2]-[CH2]-1,14,-2.0878,201.063722452,0.445183329002615,3.6137308023749295,0.0836513940490732,-0.0862691976250706,17,34,-6.4,-6.4
O=C1O[C@H](CO)[C@@H](O)[C@H]1O,O=C1O[C@H](OC(F)F)[C@@H](O)[C@H]1O,[*]CO,[*]OC(F)F,[*:1]-[CH2]-[OH1]>>[*:1]-[OH0]-[CH1](-[FH0])-[FH0],13,-1.1697000000000002,184.018329732,0.5286527251112765,4.174114948904122,0.1671207901577346,0.4741149489041216,17,35,-6.4,-7.0
O=C1O[C@H](CO)[C@@H](O)[C@H]1O,CCNC(=O)[C@H]1OC(=O)[C@H](O)[C@@H]1O,[*]CO,[*]C(=O)NCC,[*:1]-[CH2]-[OH1]>>[*:1]-[CH0](=[OH0])-[NH1]-[CH2]-[CH3],41,-2.2302999999999997,189.063722452,0.4271168956260209,3.6830400094946025,0.0655849606724791,-0.0169599905053976,17,36,-6.4,-6.5
O=C1O[C@H](CO)[C@@H](O)[C@H]1O,CC(C)(C)[C@H]1OC(=O)[C@H](O)[C@@H]1O,[*]CO,[*]C(C)(C)C,[*:1]-[CH2]-[OH1]>>[*:1]-[CH0](-[CH3])(-[CH3])-[CH3],32,-0.3202999999999999,174.089208928,0.493809408763911,3.941398472477324,0.1322774738103692,0.2413984724773241,17,37,-6.4,-7.1
O=C1O[C@H](CO)[C@@H](O)[C@H]1O,O=C1O[C@H](CCCO)[C@@H](O)[C@H]1O,[*]CO,[*]CCCO,[*:1]-[CH2]-[OH1]>>[*:1]-[CH2]-[CH2]-[CH2]-[OH1],32,-1.5939000000000003,176.068473484,0.450990970384292,3.7245558763234783,0.0894590354307502,0.0245558763234781,17,38,-6.4,-7.2
O=C1O[C@H](CO)[C@@H](O)[C@H]1O,O=C1O[C@H](Cc2ccc(O)cc2)[C@@H](O)[C@H]1O,[*]CO,[*]Cc1ccc(O)cc1,[*:1]-[CH2]-[OH1]>>[*:1]-[CH2]-[cH0]1:[cH1]:[cH1]:[cH0](-[OH1]):[cH1]:[cH1]:1,10,-0.4180999999999999,224.068473484,0.5939197109972884,3.3635444773269096,0.2323877760437465,-0.3364555226730905,17,39,-6.4,-7.2
O=C1O[C@H](CO)[C@@H](O)[C@H]1O,O=C1O[C@H](C(=O)N2CCCC2)[C@@H](O)[C@H]1O,[*]CO,[*]C(=O)N1CCCC1,[*:1]-[CH2]-[OH1]>>[*:1]-[CH0](=[OH0])-[NH0]1-[CH2]-[CH2]-[CH2]-[CH2]-1,17,-1.7439999999999996,215.079372516,0.5067307608736742,3.498199298166086,0.1451988259201324,-0.201800701833914,17,40,-6.4,-6.2
O=C1O[C@H](CO)[C@@H](O)[C@H]1O,O=C1O[C@H](CN2CCCC2)[C@@H](O)[C@H]1O,[*]CO,[*]CN1CCCC1,[*:1]-[CH2]-[OH1]>>[*:1]-[CH2]-[NH0]1-[CH2]-[CH2]-[CH2]-[CH2]-1,27,-1.2705999999999995,201.10010796,0.5450649811128172,3.504757733448015,0.1835330461592754,-0.1952422665519853,17,41,-6.4,-6.1
O=C1O[C@H](CO)[C@@H](O)[C@H]1O,O=C1O[C@H](C(=O)N2CCOCC2)[C@@H](O)[C@H]1O,[*]CO,[*]C(=O)N1CCOCC1,[*:1]-[CH2]-[OH1]>>[*:1]-[CH0](=[OH0])-[NH0]1-[CH2]-[CH2]-[OH0]-[CH2]-[CH2]-1,26,-2.507599999999998,231.074287136,0.4839046911716427,3.5644018199842518,0.1223727562181009,-0.1355981800157488,17,42,-6.4,-5.1
O=C1O[C@H](CO)[C@@H](O)[C@H]1O,CC(C)O[C@H]1OC(=O)[C@H](O)[C@@H]1O,[*]CO,[*]OC(C)C,[*:1]-[CH2]-[OH1]>>[*:1]-[OH0]-[CH1](-[CH3])-[CH3],22,-0.9839000000000002,176.068473484,0.5285256027087548,3.83184249232844,0.166993667755213,0.13184249232844,17,43,-6.4,-7.2
O=C1O[C@H](CO)[C@@H](O)[C@H]1O,C[C@H](O)[C@H]1OC(=O)[C@H](O)[C@@H]1O,[*]CO,[*][C@H](C)O,[*:1]-[CH2]-[OH1]>>[*:1]-[C@H1](-[CH3])-[OH1],30,-1.9856000000000005,162.05282342,0.3886148064434131,4.037859353289958,0.0270828714898713,0.3378593532899581,17,44,-6.4,-6.9
O=C1O[C@H](CO)[C@@H](O)[C@H]1O,C[C@@H](O)[C@H]1OC(=O)[C@H](O)[C@@H]1O,[*]CO,[*][C@@H](C)O,[*:1]-[CH2]-[OH1]>>[*:1]-[C@@H1](-[CH3])-[OH1],25,-1.9856000000000005,162.05282342,0.3886148064434131,4.037859353289958,0.0270828714898713,0.3378593532899581,17,45,-6.4,-6.5
O=C1O[C@H](CO)[C@@H](O)[C@H]1O,CC(C)(O)[C@H]1OC(=O)[C@H](O)[C@@H]1O,[*]CO,[*]C(C)(C)O,[*:1]-[CH2]-[OH1]>>[*:1]-[CH0](-[CH3])(-[CH3])-[OH1],77,-1.5955000000000006,176.068473484,0.4189454799424641,4.088675395554247,0.0574135449889223,0.3886753955542463,17,46,-6.4,-7.3
O=C1O[C@H](CO)[C@@H](O)[C@H]1O,CC(=O)[C@H]1OC(=O)[C@H](O)[C@@H]1O,[*]CO,[*]C(C)=O,[*:1]-[CH2]-[OH1]>>[*:1]-[CH0](-[CH3])=[OH0],116,-1.7774000000000003,160.037173356,0.4429999933572391,3.875276807806277,0.0814680584036973,0.1752768078062763,17,47,-6.4,-6.6
O=C1O[C@H](CO)[C@@H](O)[C@H]1O,O=C1O[C@H](OCCO)[C@@H](O)[C@H]1O,[*]CO,[*]OCCO,[*:1]-[CH2]-[OH1]>>[*:1]-[OH0]-[CH2]-[CH2]-[OH1],42,-2.4,178.04773804,0.4167888578885347,3.909549145554248,0.0552569229349929,0.2095491455542477,17,48,-6.4,-6.9
O=C1O[C@H](CO)[C@@H](O)[C@H]1O,CC(=O)NC[C@H]1OC(=O)[C@H](O)[C@@H]1O,[*]CO,[*]CNC(C)=O,[*:1]-[CH2]-[OH1]>>[*:1]-[CH2]-[NH1]-[CH0](-[CH3])=[OH0],48,-2.2302999999999984,189.063722452,0.4271168956260209,3.667577113567001,0.0655849606724791,-0.0324228864329994,17,49,-6.4,-7.1
O=C1O[C@H](CO)[C@@H](O)[C@H]1O,O=C1O[C@H](N2CCNCC2)[C@@H](O)[C@H]1O,[*]CO,[*]N1CCNCC1,[*:1]-[CH2]-[OH1]>>[*:1]-[NH0]1-[CH2]-[CH2]-[NH1]-[CH2]-[CH2]-1,11,-2.503699999999998,202.095356928,0.4076253438891339,3.970574301495352,0.0460934089355921,0.2705743014953521,17,50,-6.4,-7.6
O=C1O[C@H](CO)[C@@H](O)[C@H]1O,CCNC[C@H]1OC(=O)[C@H](O)[C@@H]1O,[*]CO,[*]CNCC,[*:1]-[CH2]-[OH1]>>[*:1]-[CH2]-[NH1]-[CH2]-[CH3],14,-1.7568999999999997,175.084457896,0.4429341214856787,3.820734722477324,0.0814021865321368,0.1207347224773238,17,51,-6.4,-6.7
O=C1O[C@H](CO)[C@@H](O)[C@H]1O,NC(=O)CO[C@H]1OC(=O)[C@H](O)[C@@H]1O,[*]CO,[*]OCC(N)=O,[*:1]-[CH2]-[OH1]>>[*:1]-[OH0]-[CH2]-[CH0](-[NH2])=[OH0],13,-2.907,191.042987008,0.4113262374002067,3.921116480082837,0.0497943024466649,0.2211164800828369,17,52,-6.4,-7.1
O=C1O[C@H](CO)[C@@H](O)[C@H]1O,O=C1O[C@H](CN2CCOCC2)[C@@H](O)[C@H]1O,[*]CO,[*]CN1CCOCC1,[*:1]-[CH2]-[OH1]>>[*:1]-[CH2]-[NH0]1-[CH2]-[CH2]-[OH0]-[CH2]-[CH2]-1,66,-2.0341999999999985,217.09502258,0.5190701967862287,3.5519854144887866,0.1575382618326868,-0.1480145855112136,17,53,-6.4,-6.0
O=C1O[C@H](CO)[C@@H](O)[C@H]1O,CC(C)NC(=O)[C@H]1OC(=O)[C@H](O)[C@@H]1O,[*]CO,[*]C(=O)NC(C)C,[*:1]-[CH2]-[OH1]>>[*:1]-[CH0](=[OH0])-[NH1]-[CH1](-[CH3])-[CH3],16,-1.8418,203.079372516,0.4581405307789261,3.654505958300086,0.0966085958253843,-0.0454940416999143,17,54,-6.4,-6.2
O=C1O[C@H](CO)[C@@H](O)[C@H]1O,O=C(O)CC[C@H]1OC(=O)[C@H](O)[C@@H]1O,[*]CO,[*]CCC(=O)O,[*:1]-[CH2]-[OH1]>>[*:1]-[CH2]-[CH2]-[CH0](=[OH0])-[OH1],17,-1.5016000000000005,190.04773804,0.4676291972255172,3.6159309597208464,0.1060972622719754,-0.0840690402791537,17,55,-6.4,-7.3
O=C1O[C@H](CO)[C@@H](O)[C@H]1O,O=C1O[C@H](N2CCCCC2)[C@@H](O)[C@H]1O,[*]CO,[*]N1CCCCC1,[*:1]-[CH2]-[OH1]>>[*:1]-[NH0]1-[CH2]-[CH2]-[CH2]-[CH2]-[CH2]-1,11,-0.9230000000000004,201.10010796,0.5367074704325381,3.665422822205412,0.1751755354789962,-0.0345771777945884,17,56,-6.4,-7.2
O=C1O[C@H](CO)[C@@H](O)[C@H]1O,COC(=O)[C@H]1OC(=O)[C@H](O)[C@@H]1O,[*]CO,[*]C(=O)OC,[*:1]-[CH2]-[OH1]>>[*:1]-[CH0](=[OH0])-[OH0]-[CH3],219,-2.193399999999999,176.032087976,0.4405210037153879,3.711269291335885,0.078989068761846,0.0112692913358847,17,57,-6.4,-7.1
O=C1O[C@H](CO)[C@@H](O)[C@H]1O,O=C1O[C@H](Cc2ccccc2)[C@@H](O)[C@H]1O,[*]CO,[*]Cc1ccccc1,[*:1]-[CH2]-[OH1]>>[*:1]-[CH2]-[cH0]1:[cH1]:[cH1]:[cH1]:[cH1]:[cH1]:1,42,-0.1236999999999999,208.073558864,0.6646553350879534,3.181541458444832,0.3031234001344116,-0.5184585415551686,17,58,-6.4,-5.7
O=C1O[C@H](CO)[C@@H](O)[C@H]1O,O=C1O[C@H](CNC2CC2)[C@@H](O)[C@H]1O,[*]CO,[*]CNC1CC1,[*:1]-[CH2]-[OH1]>>[*:1]-[CH2]-[NH1]-[CH1]1-[CH2]-[CH2]-1,10,-1.6143999999999996,187.084457896,0.4630076484587775,3.766885452287103,0.1014757135052357,0.0668854522871029,17,59,-6.4,-6.7
O=C1O[C@H](CO)[C@@H](O)[C@H]1O,CC(O)[C@H]1OC(=O)[C@H](O)[C@@H]1O,[*]CO,[*]C(C)O,[*:1]-[CH2]-[OH1]>>[*:1]-[CH1](-[CH3])-[OH1],90,-1.9856000000000005,162.05282342,0.3886148064434131,4.037859353289958,0.0270828714898713,0.3378593532899581,17,60,-6.4,-6.5
O=C1O[C@H](CO)[C@@H](O)[C@H]1O,CS[C@H]1OC(=O)[C@H](O)[C@@H]1O,[*]CO,[*]SC,[*:1]-[CH2]-[OH1]>>[*:1]-[SH0]-[CH3],29,-1.0459,164.014329736,0.4841805429752505,4.378274916798254,0.1226486080217087,0.6782749167982542,17,61,-6.4,-6.5
O=C1O[C@H](CO)[C@@H](O)[C@H]1O,O=C1O[C@H](c2ccc(F)cc2)[C@@H](O)[C@H]1O,[*]CO,[*]c1ccc(F)cc1,[*:1]-[CH2]-[OH1]>>[*:1]-[cH0]1:[cH1]:[cH1]:[cH0](-[FH0]):[cH1]:[cH1]:1,16,0.1453999999999997,212.048486988,0.649915420631297,3.157681849760832,0.2883834856777552,-0.5423181502391685,17,62,-6.4,-7.3
O=C1O[C@H](CO)[C@@H](O)[C@H]1O,O=C1O[C@H](C2CCCCC2)[C@@H](O)[C@H]1O,[*]CO,[*]C1CCCCC1,[*:1]-[CH2]-[OH1]>>[*:1]-[CH1]1-[CH2]-[CH2]-[CH2]-[CH2]-[CH2]-1,11,0.2138999999999999,200.104858992,0.5938748834643384,3.5235991535663587,0.2323429485107965,-0.1764008464336415,17,63,-6.4,-6.7
O=C1O[C@H](CO)[C@@H](O)[C@H]1O,CS(=O)(=O)N[C@H]1OC(=O)[C@H](O)[C@@H]1O,[*]CO,[*]NS(C)(=O)=O,[*:1]-[CH2]-[OH1]>>[*:1]-[NH1]-[SH0](-[CH3])(=[OH0])=[OH0],59,-2.859699999999999,211.015058008,0.4233563779532757,4.127806731008383,0.0618244429997339,0.427806731008383,17,64,-6.4,-6.3
O=C1O[C@H](CO)[C@@H](O)[C@H]1O,O=C1O[C@H](CN2CCNCC2)[C@@H](O)[C@H]1O,[*]CO,[*]CN1CCNCC1,[*:1]-[CH2]-[OH1]>>[*:1]-[CH2]-[NH0]1-[CH2]-[CH2]-[NH1]-[CH2]-[CH2]-1,11,-2.4611999999999976,216.111006992,0.4441046412603703,3.7217194804228537,0.0825727063068285,0.0217194804228535,17,65,-6.4,-6.5
O=C1O[C@H](CO)[C@@H](O)[C@H]1O,CS(=O)(=O)C[C@H]1OC(=O)[C@H](O)[C@@H]1O,[*]CO,[*]CS(C)(=O)=O,[*:1]-[CH2]-[OH1]>>[*:1]-[CH2]-[SH0](-[CH3])(=[OH0])=[OH0],19,-2.3217999999999983,210.01980904,0.4960141262775783,3.9906542834559344,0.1344821913240365,0.2906542834559342,17,66,-6.4,-6.8
O=C1O[C@H](CO)[C@@H](O)[C@H]1O,CN1CCN(C[C@H]2OC(=O)[C@H](O)[C@@H]2O)CC1,[*]CO,[*]CN1CCN(C)CC1,[*:1]-[CH2]-[OH1]>>[*:1]-[CH2]-[NH0]1-[CH2]-[CH2]-[NH0](-[CH3])-[CH2]-[CH2]-1,33,-2.118999999999997,230.126657056,0.5285073733898059,3.503787134669567,0.1669754384362641,-0.1962128653304331,17,67,-6.4,-5.9
O=C1O[C@H](CO)[C@@H](O)[C@H]1O,CCOC(=O)[C@H]1OC(=O)[C@H](O)[C@@H]1O,[*]CO,[*]C(=O)OCC,[*:1]-[CH2]-[OH1]>>[*:1]-[CH0](=[OH0])-[OH0]-[CH2]-[CH3],107,-1.8033000000000008,190.04773804,0.4987079713190007,3.616028697277408,0.1371760363654589,-0.0839713027225927,17,68,-6.4,-6.9
O=C1O[C@H](CO)[C@@H](O)[C@H]1O,COC(=O)C[C@H]1OC(=O)[C@H](O)[C@@H]1O,[*]CO,[*]CC(=O)OC,[*:1]-[CH2]-[OH1]>>[*:1]-[CH2]-[CH0](=[OH0])-[OH0]-[CH3],18,-1.8033000000000008,190.04773804,0.4987079713190007,3.6703585615308016,0.1371760363654589,-0.0296414384691985,17,69,-6.4,-6.9
O=C1O[C@H](CO)[C@@H](O)[C@H]1O,O=C1O[C@H](CN2CCCCC2)[C@@H](O)[C@H]1O,[*]CO,[*]CN1CCCCC1,[*:1]-[CH2]-[OH1]>>[*:1]-[CH2]-[NH0]1-[CH2]-[CH2]-[CH2]-[CH2]-[CH2]-1,19,-0.8805000000000001,215.115758024,0.5853292174391742,3.444028271631645,0.2237972824856324,-0.2559717283683547,17,70,-6.4,-6.1
O=C1O[C@H](CO)[C@@H](O)[C@H]1O,O=C1O[C@H](OC(F)(F)F)[C@@H](O)[C@H]1O,[*]CO,[*]OC(F)(F)F,[*:1]-[CH2]-[OH1]>>[*:1]-[OH0]-[CH0](-[FH0])(-[FH0])-[FH0],46,-0.8725,202.00890792,0.5401914514931972,4.145987150588802,0.1786595165396554,0.4459871505888015,17,71,-6.4,-7.4
O=C1O[C@H](CO)[C@@H](O)[C@H]1O,CCOC(=O)C[C@H]1OC(=O)[C@H](O)[C@@H]1O,[*]CO,[*]CC(=O)OCC,[*:1]-[CH2]-[OH1]>>[*:1]-[CH2]-[CH0](=[OH0])-[OH0]-[CH2]-[CH3],26,-1.4132000000000002,204.063388104,0.5483011954113333,3.580548681792809,0.1867692604577914,-0.119451318207191,17,72,-6.4,-6.6
O=C1O[C@H](CO)[C@@H](O)[C@H]1O,O=C1O[C@H](C2CCOCC2)[C@@H](O)[C@H]1O,[*]CO,[*]C1CCOCC1,[*:1]-[CH2]-[OH1]>>[*:1]-[CH1]1-[CH2]-[CH2]-[OH0]-[CH2]-[CH2]-1,19,-0.9398000000000004,202.084123548,0.5366277515162138,3.805780218655116,0.1750958165626719,0.1057802186551155,17,73,-6.4,-6.8
O=C1O[C@H](CO)[C@@H](O)[C@H]1O,O=C1O[C@H](CCl)[C@@H](O)[C@H]1O,[*]CO,[*]CCl,[*:1]-[CH2]-[OH1]>>[*:1]-[CH2]-[ClH0],22,-1.1276000000000004,166.003286384,0.3823582770068416,4.064675508514231,0.0208263420532998,0.3646755085142308,17,74,-6.4,-6.7
O=C1O[C@H](CO)[C@@H](O)[C@H]1O,CN(C)CCO[C@H]1OC(=O)[C@H](O)[C@@H]1O,[*]CO,[*]OCCN(C)C,[*:1]-[CH2]-[OH1]>>[*:1]-[OH0]-[CH2]-[CH2]-[NH0](-[CH3])-[CH3],15,-1.8306999999999989,205.09502258,0.5254857594129372,3.7844838169279447,0.1639538244593953,0.0844838169279444,17,75,-6.4,-6.1
O=C1O[C@H](CO)[C@@H](O)[C@H]1O,CCN(CC)C[C@H]1OC(=O)[C@H](O)[C@@H]1O,[*]CO,[*]CN(CC)CC,[*:1]-[CH2]-[OH1]>>[*:1]-[CH2]-[NH0](-[CH2]-[CH3])-[CH2]-[CH3],16,-1.0245999999999995,203.115758024,0.5720180313507166,3.7298813221254488,0.2104860963971748,0.0298813221254485,17,76,-6.4,-6.7
O=C1O[C@H](CO)[C@@H](O)[C@H]1O,CC(C)NC[C@H]1OC(=O)[C@H](O)[C@@H]1O,[*]CO,[*]CNC(C)C,[*:1]-[CH2]-[OH1]>>[*:1]-[CH2]-[NH1]-[CH1](-[CH3])-[CH3],12,-1.3683999999999996,189.10010796,0.4774146840432278,3.7843205524810273,0.1158827490896859,0.0843205524810271,17,77,-6.4,-7.0
O=C1O[C@H](CO)[C@@H](O)[C@H]1O,CCN(CC)C(=O)[C@H]1OC(=O)[C@H](O)[C@@H]1O,[*]CO,[*]C(=O)N(CC)CC,[*:1]-[CH2]-[OH1]>>[*:1]-[CH0](=[OH0])-[NH0](-[CH2]-[CH3])-[CH2]-[CH3],11,-1.4979999999999996,217.09502258,0.5618328961740958,3.688501390820148,0.200300961220554,-0.0114986091798519,17,78,-6.4,-6.3
O=C1O[C@H](CO)[C@@H](O)[C@H]1O,CC(=O)OC[C@H]1OC(=O)[C@H](O)[C@@H]1O,[*]CO,[*]COC(C)=O,[*:1]-[CH2]-[OH1]>>[*:1]-[CH2]-[OH0]-[CH0](-[CH3])=[OH0],72,-1.8033000000000008,190.04773804,0.4987079713190006,3.575443176915416,0.1371760363654588,-0.1245568230845846,17,79,-6.4,-6.7
O=C1O[C@H](CO)[C@@H](O)[C@H]1O,CS(=O)(=O)NC[C@H]1OC(=O)[C@H](O)[C@@H]1O,[*]CO,[*]CNS(C)(=O)=O,[*:1]-[CH2]-[OH1]>>[*:1]-[CH2]-[NH1]-[SH0](-[CH3])(=[OH0])=[OH0],16,-2.8171999999999984,225.030708072,0.4465487597825615,3.822575189069317,0.0850168248290197,0.1225751890693169,17,80,-6.4,-7.0
O=C1O[C@H](CO)[C@@H](O)[C@H]1O,O=C(NCCO)[C@H]1OC(=O)[C@H](O)[C@@H]1O,[*]CO,[*]C(=O)NCCO,[*:1]-[CH2]-[OH1]>>[*:1]-[CH0](=[OH0])-[NH1]-[CH2]-[CH2]-[OH1],30,-3.2579,205.058637072,0.3593585587234978,3.672419783663911,-0.0021733762300439,-0.0275802163360889,17,81,-6.4,-6.5
O=C1O[C@H](CO)[C@@H](O)[C@H]1O,O=C1O[C@H](Cn2ccnc2)[C@@H](O)[C@H]1O,[*]CO,[*]Cn1ccnc1,[*:1]-[CH2]-[OH1]>>[*:1]-[CH2]-[nH0]1:[cH1]:[cH1]:[nH0]:[cH1]:1,11,-1.4697000000000005,198.0640568,0.5666235653309548,3.892137615104821,0.205091630377413,0.1921376151048202,17,82,-6.4,-6.4
O=C1O[C@H](CO)[C@@H](O)[C@H]1O,O=C1O[C@H](c2ccccc2)[C@@H](O)[C@H]1O,[*]CO,[*]c1ccccc1,[*:1]-[CH2]-[OH1]>>[*:1]-[cH0]1:[cH1]:[cH1]:[cH1]:[cH1]:[cH1]:1,93,0.0062999999999999,194.0579088,0.6177012477204313,3.0847115796018603,0.2561693127668895,-0.6152884203981399,17,83,-6.4,-7.2
O=C1O[C@H](CO)[C@@H](O)[C@H]1O,CCC(O)[C@H]1OC(=O)[C@H](O)[C@@H]1O,[*]CO,[*]C(O)CC,[*:1]-[CH2]-[OH1]>>[*:1]-[CH1](-[OH1])-[CH2]-[CH3],11,-1.5955000000000006,176.068473484,0.4411913628954865,4.055873726220489,0.0796594279419447,0.3558737262204889,17,84,-6.4,-7.0
O=C1O[C@H](CO)[C@@H](O)[C@H]1O,O=C1O[C@H](CCc2ccccc2)[C@@H](O)[C@H]1O,[*]CO,[*]CCc1ccccc1,[*:1]-[CH2]-[OH1]>>[*:1]-[CH2]-[CH2]-[cH0]1:[cH1]:[cH1]:[cH1]:[cH1]:[cH1]:1,12,0.2664,222.089208928,0.7201588035336864,3.1176900018024334,0.3586268685801446,-0.5823099981975668,17,85,-6.4,-6.2
O=C1O[C@H](CO)[C@@H](O)[C@H]1O,O=C1O[C@H](COc2ccccc2)[C@@H](O)[C@H]1O,[*]CO,[*]COc1ccccc1,[*:1]-[CH2]-[OH1]>>[*:1]-[CH2]-[OH0]-[cH0]1:[cH1]:[cH1]:[cH1]:[cH1]:[cH1]:1,14,-0.2874000000000001,224.068473484,0.6900441453414575,3.1447730787255117,0.3285122103879157,-0.5552269212744889,17,86,-6.4,-6.7
O=C1O[C@H](CO)[C@@H](O)[C@H]1O,CC(C)(C)OC(=O)N[C@H]1OC(=O)[C@H](O)[C@@H]1O,[*]CO,[*]NC(=O)OC(C)(C)C,[*:1]-[CH2]-[OH1]>>[*:1]-[NH1]-[CH0](=[OH0])-[OH0]-[CH0](-[CH3])(-[CH3])-[CH3],11,-0.8842000000000003,233.0899372,0.5076254904656017,3.7575321031157545,0.1460935555120598,0.0575321031157542,17,87,-6.4,-6.2
O=C1O[C@H](CO)[C@@H](O)[C@H]1O,O=C1O[C@H](c2ccccn2)[C@@H](O)[C@H]1O,[*]CO,[*]c1ccccn1,[*:1]-[CH2]-[OH1]>>[*:1]-[cH0]1:[cH1]:[cH1]:[cH1]:[cH1]:[nH0]:1,18,-0.5987,195.053157768,0.5848466549107741,3.56197785179121,0.2233147199572323,-0.1380221482087895,17,88,-6.4,-6.7
O=C1O[C@H](CO)[C@@H](O)[C@H]1O,COCCO[C@H]1OC(=O)[C@H](O)[C@@H]1O,[*]CO,[*]OCCOC,[*:1]-[CH2]-[OH1]>>[*:1]-[OH0]-[CH2]-[CH2]-[OH0]-[CH3],24,-1.7458999999999996,192.063388104,0.4057754837108927,3.7409179797596313,0.0442435487573509,0.040917979759631,17,89,-6.4,-6.3
O=C1O[C@H](CO)[C@@H](O)[C@H]1O,CN(C)CCNC(=O)[C@H]1OC(=O)[C@H](O)[C@@H]1O,[*]CO,[*]C(=O)NCCN(C)C,[*:1]-[CH2]-[OH1]>>[*:1]-[CH0](=[OH0])-[NH1]-[CH2]-[CH2]-[NH0](-[CH3])-[CH3],12,-2.688599999999998,232.105921612,0.4565209148341422,3.592280990813423,0.0949889798806004,-0.1077190091865771,17,90,-6.4,-6.3
O=C1O[C@H](CO)[C@@H](O)[C@H]1O,O=C1O[C@H](C(O)CO)[C@@H](O)[C@H]1O,[*]CO,[*]C(O)CO,[*:1]-[CH2]-[OH1]>>[*:1]-[CH1](-[OH1])-[CH2]-[OH1],10,-3.0132,178.04773804,0.3353143540257644,4.030437001654732,-0.0262175809277773,0.3304370016547322,17,91,-6.4,-6.9
O=C1O[C@H](CO)[C@@H](O)[C@H]1O,O=C1O[C@H](c2ccncc2)[C@@H](O)[C@H]1O,[*]CO,[*]c1ccncc1,[*:1]-[CH2]-[OH1]>>[*:1]-[cH0]1:[cH1]:[cH1]:[nH0]:[cH1]:[cH1]:1,25,-0.5987,195.053157768,0.5848466549107741,3.454748265992393,0.2233147199572323,-0.2452517340076072,17,92,-6.4,-7.0
O=C1O[C@H](CO)[C@@H](O)[C@H]1O,COCCNC(=O)[C@H]1OC(=O)[C@H](O)[C@@H]1O,[*]CO,[*]C(=O)NCCOC,[*:1]-[CH2]-[OH1]>>[*:1]-[CH0](=[OH0])-[NH1]-[CH2]-[CH2]-[OH0]-[CH3],10,-2.6037999999999983,219.074287136,0.3534086468593376,3.5494261837195573,-0.0081232880942041,-0.1505738162804428,17,93,-6.4,-6.4
O=C1O[C@H](CO)[C@@H](O)[C@H]1O,O=C1O[C@H](Oc2ccccc2)[C@@H](O)[C@H]1O,[*]CO,[*]Oc1ccccc1,[*:1]-[CH2]-[OH1]>>[*:1]-[OH0]-[cH0]1:[cH1]:[cH1]:[cH1]:[cH1]:[cH1]:1,12,-0.3299000000000002,210.05282342,0.6535412169034398,3.2322282716316444,0.292009281949898,-0.4677717283683558,17,94,-6.4,-6.5
O=C1O[C@H](CO)[C@@H](O)[C@H]1O,O=C1O[C@H](c2cccnc2)[C@@H](O)[C@H]1O,[*]CO,[*]c1cccnc1,[*:1]-[CH2]-[OH1]>>[*:1]-[cH0]1:[cH1]:[cH1]:[cH1]:[nH0]:[cH1]:1,22,-0.5987,195.053157768,0.5848466549107741,3.453878443507186,0.2233147199572323,-0.2461215564928141,17,95,-6.4,-7.0
O=C1O[C@H](CO)[C@@H](O)[C@H]1O,O=C1O[C@H](OCc2ccccc2)[C@@H](O)[C@H]1O,[*]CO,[*]OCc1ccccc1,[*:1]-[CH2]-[OH1]>>[*:1]-[OH0]-[CH2]-[cH0]1:[cH1]:[cH1]:[cH1]:[cH1]:[cH1]:1,20,-0.1920999999999999,224.068473484,0.6957303598894438,3.1937946171870486,0.3341984249359019,-0.5062053828129516,17,96,-6.4,-6.5
O=C1O[C@H](CO)[C@@H](O)[C@H]1O,Cn1cc([C@H]2OC(=O)[C@H](O)[C@@H]2O)cn1,[*]CO,[*]c1cnn(C)c1,[*:1]-[CH2]-[OH1]>>[*:1]-[cH0]1:[cH1]:[nH0]:[nH0](-[CH3]):[cH1]:1,17,-1.2602000000000002,198.0640568,0.5500563869863195,3.8393191161948224,0.1885244520327777,0.1393191161948221,17,97,-6.4,-6.9
O=C1O[C@H](CO)[C@@H](O)[C@H]1O,O=C1O[C@H](c2nnn[nH]2)[C@@H](O)[C@H]1O,[*]CO,[*]c1nnn[nH]1,[*:1]-[CH2]-[OH1]>>[*:1]-[cH0]1:[nH0]:[nH0]:[nH0]:[nH1]:1,10,-2.4806000000000004,186.038904672,0.4148724209584897,4.439792045693697,0.0533404860049479,0.7397920456936964,17,98,-6.4,-7.7
O=C1O[C@H](CO)[C@@H](O)[C@H]1O,O=C1O[C@H](COCCO)[C@@H](O)[C@H]1O,[*]CO,[*]COCCO,[*:1]-[CH2]-[OH1]>>[*:1]-[CH2]-[OH0]-[CH2]-[CH2]-[OH1],10,-2.3574999999999995,192.063388104,0.3404803871036541,3.737982595144248,-0.0210515478498877,0.0379825951442471,17,99,-6.4,-6.8
C[C@@H](CO[C@@H](CO)C(O)O)C(=O)O,C[C@@H](CC[C@@H](CO)C(O)O)C(=O)O,[*]O[*],[*]C[*],[*:1]-[OH0]-[*:2]>>[*:1]-[CH2]-[*:2],222,-0.5935000000000001,192.099773612,0.4214372964540576,3.603940508291996,0.0423748282261909,-0.1860594917080051,18,0,-6.4,-6.8
C[C@@H](CO[C@@H](CO)C(O)O)C(=O)O,C[C@@H](CC[C@@H](CO)C(O)O)C(=O)O,[*]O[*],[*]C[*],[*:1]-[OH0]-[*:2]>>[*:1]-[CH2]-[*:2],222,-0.5935000000000001,192.099773612,0.4214372964540576,3.603940508291996,0.0423748282261909,-0.1860594917080051,18,1,-6.4,-6.8
C[C@@H](CO[C@@H](CO)C(O)O)C(=O)O,C[C@@H](CN[C@@H](CO)C(O)O)C(=O)O,[*]O[*],[*]N[*],[*:1]-[OH0]-[*:2]>>[*:1]-[NH1]-[*:2],1876,-2.031699999999999,193.09502258,0.3110667564103679,3.5391530957045827,-0.0679957118174987,-0.2508469042954182,18,2,-6.4,-6.3
C[C@@H](CO[C@@H](CO)C(O)O)C(=O)O,C[C@@H](CN[C@@H](CO)C(O)O)C(=O)O,[*]O[*],[*]N[*],[*:1]-[OH0]-[*:2]>>[*:1]-[NH1]-[*:2],1876,-2.0316999999999985,193.09502258,0.3110667564103679,3.5391530957045827,-0.0679957118174987,-0.2508469042954182,18,3,-6.4,-6.6
C[C@@H](CO[C@@H](CO)C(O)O)C(=O)O,C[C@@H](CN(C)[C@@H](CO)C(O)O)C(=O)O,[*]O[*],[*]N([*])C,[*:1]-[OH0]-[*:2]>>[*:1]-[NH0](-[*:2])-[CH3],369,-1.6894999999999982,207.110672644,0.3876670391900815,3.679355729589693,0.0086045709622149,-0.1106442704103081,18,4,-6.4,-6.9
C[C@@H](CO[C@@H](CO)C(O)O)C(=O)O,C[C@@H](CN(C)[C@@H](CO)C(O)O)C(=O)O,[*]O[*],[*]N([*])C,[*:1]-[OH0]-[*:2]>>[*:1]-[NH0](-[*:2])-[CH3],369,-1.6894999999999982,207.110672644,0.3876670391900815,3.679355729589693,0.0086045709622149,-0.1106442704103081,18,5,-6.4,-6.9
C[C@@H](CO[C@@H](CO)C(O)O)C(=O)O,C[C@@H](CCC[C@@H](CO)C(O)O)C(=O)O,[*]O[*],[*]CC[*],[*:1]-[OH0]-[*:2]>>[*:1]-[CH2]-[CH2]-[*:2],35,-0.2034,206.115423676,0.4322388653069219,3.508233092227055,0.0531763970790553,-0.2817669077729459,18,6,-6.4,-5.9
C[C@@H](CO[C@@H](CO)C(O)O)C(=O)O,C[C@@H](CCC[C@@H](CO)C(O)O)C(=O)O,[*]O[*],[*]CC[*],[*:1]-[OH0]-[*:2]>>[*:1]-[CH2]-[CH2]-[*:2],35,-0.2034,206.115423676,0.4322388653069219,3.508233092227055,0.0531763970790553,-0.2817669077729459,18,7,-6.4,-6.6
C[C@@H](CO[C@@H](CO)C(O)O)C(=O)O,C[C@@H](CNCC[C@@H](CO)C(O)O)C(=O)O,[*]O[*],[*]NCC[*],[*:1]-[OH0]-[*:2]>>[*:1]-[NH1]-[CH2]-[CH2]-[*:2],13,-1.3939999999999992,221.126322708,0.2547527537833909,3.594166098711616,-0.1243097144444756,-0.1958339012883847,18,8,-6.4,-6.2
C[C@@H](CO[C@@H](CO)C(O)O)C(=O)O,C[C@@H](CCCN[C@@H](CO)C(O)O)C(=O)O,[*]O[*],[*]NCC[*],[*:1]-[OH0]-[*:2]>>[*:1]-[NH1]-[CH2]-[CH2]-[*:2],13,-1.2515,221.126322708,0.2586075226863709,3.430742430072562,-0.1204549455414956,-0.3592575699274389,18,9,-6.4,-6.2
C[C@@H](CO[C@@H](CO)C(O)O)C(=O)O,C[C@@H](CN(C)C(=O)[C@@H](CO)C(O)O)C(=O)O,[*]O[*],[*]N(C)C([*])=O,[*:1]-[OH0]-[*:2]>>[*:1]-[NH0](-[CH3])-[CH0](-[*:2])=[OH0],29,-1.9152999999999984,235.105587264,0.3986780961135152,3.5819755972678644,0.0196156278856485,-0.2080244027321365,18,10,-6.4,-6.6
C[C@@H](CO[C@@H](CO)C(O)O)C(=O)O,C[C@@H](CN(C)C(=O)[C@@H](CO)C(O)O)C(=O)O,[*]O[*],[*]N(C)C([*])=O,[*:1]-[OH0]-[*:2]>>[*:1]-[NH0](-[CH3])-[CH0](-[*:2])=[OH0],29,-1.9152999999999984,235.105587264,0.3986780961135152,3.5819755972678644,0.0196156278856485,-0.2080244027321365,18,11,-6.4,-6.9
C[C@@H](CO[C@@H](CO)C(O)O)C(=O)O,C[C@@H](COC[C@@H](CO)C(O)O)C(=O)O,[*]O[*],[*]OC[*],[*:1]-[OH0]-[*:2]>>[*:1]-[OH0]-[CH2]-[*:2],780,-1.3571,208.094688232,0.3849674257910965,3.7311023229962856,0.0059049575632299,-0.0588976770037152,18,12,-6.4,-6.0
C[C@@H](CO[C@@H](CO)C(O)O)C(=O)O,C[C@@H](CCO[C@@H](CO)C(O)O)C(=O)O,[*]O[*],[*]OC[*],[*:1]-[OH0]-[*:2]>>[*:1]-[OH0]-[CH2]-[*:2],780,-1.2146,208.094688232,0.3907916082007662,3.669256169150132,0.0117291399728996,-0.1207438308498689,18,13,-6.4,-6.3
C[C@@H](CO[C@@H](CO)C(O)O)C(=O)O,CCN(C[C@H](C)C(=O)O)[C@@H](CO)C(O)O,[*]O[*],[*]N([*])CC,[*:1]-[OH0]-[*:2]>>[*:1]-[NH0](-[*:2])-[CH2]-[CH3],206,-1.2993999999999994,221.126322708,0.3986153962622295,3.65914959295017,0.0195529280343629,-0.1308504070498308,18,14,-6.4,-6.5
C[C@@H](CO[C@@H](CO)C(O)O)C(=O)O,CCN(C[C@H](C)C(=O)O)[C@@H](CO)C(O)O,[*]O[*],[*]N([*])CC,[*:1]-[OH0]-[*:2]>>[*:1]-[NH0](-[*:2])-[CH2]-[CH3],206,-1.2993999999999994,221.126322708,0.3986153962622295,3.65914959295017,0.0195529280343629,-0.1308504070498308,18,15,-6.4,-6.5
C[C@@H](CO[C@@H](CO)C(O)O)C(=O)O,C[C@@H](CCN(C)[C@@H](CO)C(O)O)C(=O)O,[*]O[*],[*]N(C)C[*],[*:1]-[OH0]-[*:2]>>[*:1]-[NH0](-[CH3])-[CH2]-[*:2],24,-1.2993999999999994,221.126322708,0.3986153962622295,3.693087244772032,0.0195529280343629,-0.0969127552279687,18,16,-6.4,-5.9
C[C@@H](CO[C@@H](CO)C(O)O)C(=O)O,C[C@@H](CCN(C)[C@@H](CO)C(O)O)C(=O)O,[*]O[*],[*]N(C)C[*],[*:1]-[OH0]-[*:2]>>[*:1]-[NH0](-[CH3])-[CH2]-[*:2],24,-1.2993999999999994,221.126322708,0.3986153962622295,3.693087244772032,0.0195529280343629,-0.0969127552279687,18,17,-6.4,-6.0
C[C@@H](CO[C@@H](CO)C(O)O)C(=O)O,C[C@@H](CNC(=O)[C@@H](CO)C(O)O)C(=O)O,[*]O[*],[*]NC([*])=O,[*:1]-[OH0]-[*:2]>>[*:1]-[NH1]-[CH0](-[*:2])=[OH0],129,-2.2574999999999985,221.0899372,0.3221317560645369,3.433446354083774,-0.0569307121633296,-0.356553645916227,18,18,-6.4,-6.7
C[C@@H](CO[C@@H](CO)C(O)O)C(=O)O,C[C@@H](CC(=O)N[C@@H](CO)C(O)O)C(=O)O,[*]O[*],[*]NC([*])=O,[*:1]-[OH0]-[*:2]>>[*:1]-[NH1]-[CH0](-[*:2])=[OH0],129,-2.1149999999999998,221.0899372,0.3264079385171439,3.3685916982133275,-0.0526545297107227,-0.4214083017866734,18,19,-6.4,-6.7
C[C@@H](CO[C@@H](CO)C(O)O)C(=O)O,C[C@@H](CNC[C@@H](CO)C(O)O)C(=O)O,[*]O[*],[*]NC[*],[*:1]-[OH0]-[*:2]>>[*:1]-[NH1]-[CH2]-[*:2],91,-1.784099999999999,207.110672644,0.3155275031127146,3.6445330922270553,-0.0635349651151519,-0.1454669077729455,18,20,-6.4,-6.5
C[C@@H](CO[C@@H](CO)C(O)O)C(=O)O,C[C@@H](CNC[C@@H](CO)C(O)O)C(=O)O,[*]O[*],[*]NC[*],[*:1]-[OH0]-[*:2]>>[*:1]-[NH1]-[CH2]-[*:2],91,-1.784099999999999,207.110672644,0.3155275031127146,3.6445330922270553,-0.0635349651151519,-0.1454669077729455,18,21,-6.4,-6.5
C[C@@H](CO[C@@H](CO)C(O)O)C(=O)O,C[C@@H](CN1CCN([C@@H](CO)C(O)O)CC1)C(=O)O,[*]O[*],[*]N1CCN([*])CC1,[*:1]-[OH0]-[*:2]>>[*:1]-[NH0]1-[CH2]-[CH2]-[NH0](-[*:2])-[CH2]-[CH2]-1,32,-2.0036999999999967,262.15287180400003,0.4102043463588232,3.3624410094499098,0.0311418781309565,-0.4275589905500911,18,22,-6.4,-5.2
C[C@@H](CO[C@@H](CO)C(O)O)C(=O)O,C[C@@H](CN1CCN([C@@H](CO)C(O)O)CC1)C(=O)O,[*]O[*],[*]N1CCN([*])CC1,[*:1]-[OH0]-[*:2]>>[*:1]-[NH0]1-[CH2]-[CH2]-[NH0](-[*:2])-[CH2]-[CH2]-1,32,-2.0036999999999963,262.15287180400003,0.4102043463588232,3.3624410094499098,0.0311418781309565,-0.4275589905500911,18,23,-6.4,-5.2
C[C@@H](CO[C@@H](CO)C(O)O)C(=O)O,C[C@@H](CNC(=O)O[C@@H](CO)C(O)O)C(=O)O,[*]O[*],[*]OC(=O)N[*],[*:1]-[OH0]-[*:2]>>[*:1]-[OH0]-[CH0](=[OH0])-[NH1]-[*:2],32,-1.8950999999999985,237.08485182,0.3403362565218816,3.562527998768803,-0.038726211705985,-0.2274720012311979,18,24,-6.4,-7.0
C[C@@H](CO[C@@H](CO)C(O)O)C(=O)O,C[C@@H](COC(=O)N[C@@H](CO)C(O)O)C(=O)O,[*]O[*],[*]OC(=O)N[*],[*:1]-[OH0]-[*:2]>>[*:1]-[OH0]-[CH0](=[OH0])-[NH1]-[*:2],32,-1.8950999999999991,237.08485182,0.3403362565218816,3.409473964997696,-0.038726211705985,-0.3805260350023047,18,25,-6.4,-7.3
C[C@@H](CO[C@@H](CO)C(O)O)C(=O)O,C[C@@H](CC(=O)[C@@H](CO)C(O)O)C(=O)O,[*]O[*],[*]C([*])=O,[*:1]-[OH0]-[*:2]>>[*:1]-[CH0](-[*:2])=[OH0],125,-1.4145,206.079038168,0.3965849691123155,3.605168037282001,0.0175225008844489,-0.1848319627180004,18,26,-6.4,-7.2
C[C@@H](CO[C@@H](CO)C(O)O)C(=O)O,C[C@@H](CC(=O)[C@@H](CO)C(O)O)C(=O)O,[*]O[*],[*]C([*])=O,[*:1]-[OH0]-[*:2]>>[*:1]-[CH0](-[*:2])=[OH0],125,-1.4145,206.079038168,0.3965849691123155,3.605168037282001,0.0175225008844489,-0.1848319627180004,18,27,-6.4,-6.7
C[C@@H](CO[C@@H](CO)C(O)O)C(=O)O,C[C@@H](CCCO[C@@H](CO)C(O)O)C(=O)O,[*]O[*],[*]OCC[*],[*:1]-[OH0]-[*:2]>>[*:1]-[OH0]-[CH2]-[CH2]-[*:2],78,-0.8245000000000005,222.110338296,0.3154232525522108,3.5621317791849885,-0.0636392156756557,-0.2278682208150124,18,28,-6.4,-5.7
C[C@@H](CO[C@@H](CO)C(O)O)C(=O)O,C[C@@H](CCCO[C@@H](CO)C(O)O)C(=O)O,[*]O[*],[*]OCC[*],[*:1]-[OH0]-[*:2]>>[*:1]-[OH0]-[CH2]-[CH2]-[*:2],78,-0.8245000000000005,222.110338296,0.3154232525522108,3.5621317791849885,-0.0636392156756557,-0.2278682208150124,18,29,-6.4,-6.0
C[C@@H](CO[C@@H](CO)C(O)O)C(=O)O,C[C@@H](CNCC(=O)O[C@@H](CO)C(O)O)C(=O)O,[*]O[*],[*]OC(=O)CN[*],[*:1]-[OH0]-[*:2]>>[*:1]-[OH0]-[CH0](=[OH0])-[CH2]-[NH1]-[*:2],17,-2.4884999999999984,251.100501884,0.235971201714181,3.593046011452397,-0.1430912665136856,-0.1969539885476035,18,30,-6.4,-6.4
C[C@@H](CO[C@@H](CO)C(O)O)C(=O)O,C[C@@H](COC(=O)CN[C@@H](CO)C(O)O)C(=O)O,[*]O[*],[*]OC(=O)CN[*],[*:1]-[OH0]-[*:2]>>[*:1]-[OH0]-[CH0](=[OH0])-[CH2]-[NH1]-[*:2],17,-2.488499999999997,251.100501884,0.235971201714181,3.537337270193655,-0.1430912665136856,-0.2526627298063459,18,31,-6.4,-6.2
C[C@@H](CO[C@@H](CO)C(O)O)C(=O)O,C[C@@H](CS[C@@H](CO)C(O)O)C(=O)O,[*]O[*],[*]S[*],[*:1]-[OH0]-[*:2]>>[*:1]-[SH0]-[*:2],682,-0.8881000000000001,210.056194548,0.4246185284239285,3.94241603276752,0.0455560601960619,0.152416032767519,18,32,-6.4,-6.2
C[C@@H](CO[C@@H](CO)C(O)O)C(=O)O,C[C@@H](CS[C@@H](CO)C(O)O)C(=O)O,[*]O[*],[*]S[*],[*:1]-[OH0]-[*:2]>>[*:1]-[SH0]-[*:2],682,-0.8881000000000001,210.056194548,0.4246185284239285,3.94241603276752,0.0455560601960619,0.152416032767519,18,33,-6.4,-6.3
C[C@@H](CO[C@@H](CO)C(O)O)C(=O)O,C[C@@H](COC(=O)[C@@H](CO)C(O)O)C(=O)O,[*]O[*],[*]OC([*])=O,[*:1]-[OH0]-[*:2]>>[*:1]-[OH0]-[CH0](-[*:2])=[OH0],64,-1.8305,222.073952788,0.3074951043923829,3.570133398618188,-0.0715673638354836,-0.2198666013818133,18,34,-6.4,-6.3
C[C@@H](CO[C@@H](CO)C(O)O)C(=O)O,C[C@@H](CC(=O)O[C@@H](CO)C(O)O)C(=O)O,[*]O[*],[*]OC([*])=O,[*:1]-[OH0]-[*:2]>>[*:1]-[OH0]-[CH0](-[*:2])=[OH0],64,-1.6879999999999982,222.073952788,0.311995703281003,3.5674516172416686,-0.0670667649468635,-0.2225483827583323,18,35,-6.4,-7.0
C[C@@H](CO[C@@H](CO)C(O)O)C(=O)O,C[C@@H](C[C@H](C)C(=O)O)N[C@@H](CO)C(O)O,[*]O[*],[*]N[C@H]([*])C,[*:1]-[OH0]-[*:2]>>[*:1]-[NH1]-[C@H1](-[*:2])-[CH3],10,-1.2531,221.126322708,0.3434542128616142,3.874970029873402,-0.0356082553662523,0.0849700298734017,18,36,-6.4,-6.3
C[C@@H](CO[C@@H](CO)C(O)O)C(=O)O,C[C@@H](C[C@H](C)C(=O)O)N[C@@H](CO)C(O)O,[*]O[*],[*]N[C@H]([*])C,[*:1]-[OH0]-[*:2]>>[*:1]-[NH1]-[C@H1](-[*:2])-[CH3],10,-1.2531,221.126322708,0.3434542128616142,3.874970029873402,-0.0356082553662523,0.0849700298734017,18,37,-6.4,-6.8
C[C@@H](CO[C@@H](CO)C(O)O)C(=O)O,C[C@@H](COCCO[C@@H](CO)C(O)O)C(=O)O,[*]O[*],[*]OCCO[*],[*:1]-[OH0]-[*:2]>>[*:1]-[OH0]-[CH2]-[CH2]-[OH0]-[*:2],396,-1.5880999999999992,238.105252916,0.2825012312437057,3.651742740125007,-0.0965612369841608,-0.1382572598749938,18,38,-6.4,-6.5
C[C@@H](CO[C@@H](CO)C(O)O)C(=O)O,C[C@@H](COCCO[C@@H](CO)C(O)O)C(=O)O,[*]O[*],[*]OCCO[*],[*:1]-[OH0]-[*:2]>>[*:1]-[OH0]-[CH2]-[CH2]-[OH0]-[*:2],396,-1.5880999999999983,238.105252916,0.2825012312437057,3.651742740125007,-0.0965612369841608,-0.1382572598749938,18,39,-6.4,-6.1
C[C@@H](CO[C@@H](CO)C(O)O)C(=O)O,C[C@@H](CC(O)[C@@H](CO)C(O)O)C(=O)O,[*]O[*],[*]C([*])O,[*:1]-[OH0]-[*:2]>>[*:1]-[CH1](-[*:2])-[OH1],25,-1.6227000000000005,208.094688232,0.3346195677105695,3.980135958300086,-0.044442900517297,0.1901359583000852,18,40,-6.4,-6.9
C[C@@H](CO[C@@H](CO)C(O)O)C(=O)O,C[C@@H](CC(O)[C@@H](CO)C(O)O)C(=O)O,[*]O[*],[*]C([*])O,[*:1]-[OH0]-[*:2]>>[*:1]-[CH1](-[*:2])-[OH1],25,-1.6226999999999996,208.094688232,0.3346195677105695,3.980135958300086,-0.044442900517297,0.1901359583000852,18,41,-6.4,-6.9
C[C@@H](CO[C@@H](CO)C(O)O)C(=O)O,C[C@@H](COCC(=O)N[C@@H](CO)C(O)O)C(=O)O,[*]O[*],[*]OCC(=O)N[*],[*:1]-[OH0]-[*:2]>>[*:1]-[OH0]-[CH2]-[CH0](=[OH0])-[NH1]-[*:2],22,-2.488499999999997,251.100501884,0.3009505052684358,3.429614193270578,-0.0781119629594307,-0.3603858067294228,18,42,-6.4,-6.3
C[C@@H](CO[C@@H](CO)C(O)O)C(=O)O,C[C@@H](CNC(=O)CO[C@@H](CO)C(O)O)C(=O)O,[*]O[*],[*]OCC(=O)N[*],[*:1]-[OH0]-[*:2]>>[*:1]-[OH0]-[CH2]-[CH0](=[OH0])-[NH1]-[*:2],22,-2.488499999999997,251.100501884,0.3009505052684358,3.5291806268370127,-0.0781119629594307,-0.2608193731629882,18,43,-6.4,-6.5
C[C@@H](CO[C@@H](CO)C(O)O)C(=O)O,CC(OC[C@H](C)C(=O)O)[C@@H](CO)C(O)O,[*]O[*],[*]OC([*])C,[*:1]-[OH0]-[*:2]>>[*:1]-[OH0]-[CH1](-[*:2])-[CH3],13,-0.9686,222.110338296,0.4128505912571369,4.126547357808626,0.0337881230292703,0.3365473578086249,18,44,-6.4,-6.6
C[C@@H](CO[C@@H](CO)C(O)O)C(=O)O,CC(OC[C@H](C)C(=O)O)[C@@H](CO)C(O)O,[*]O[*],[*]OC([*])C,[*:1]-[OH0]-[*:2]>>[*:1]-[OH0]-[CH1](-[*:2])-[CH3],13,-0.9686,222.110338296,0.4128505912571369,4.126547357808626,0.0337881230292703,0.3365473578086249,18,45,-6.4,-6.4
C[C@@H](CO[C@@H](CO)C(O)O)C(=O)O,CCN(C(=O)C[C@H](C)C(=O)O)[C@@H](CO)C(O)O,[*]O[*],[*]N(CC)C([*])=O,[*:1]-[OH0]-[*:2]>>[*:1]-[NH0](-[CH2]-[CH3])-[CH0](-[*:2])=[OH0],10,-1.3826999999999996,249.121237328,0.412804908566445,3.674335009663488,0.0337424403385783,-0.115664990336513,18,46,-6.4,-6.2
C[C@@H](CO[C@@H](CO)C(O)O)C(=O)O,CCN(C(=O)C[C@H](C)C(=O)O)[C@@H](CO)C(O)O,[*]O[*],[*]N(CC)C([*])=O,[*:1]-[OH0]-[*:2]>>[*:1]-[NH0](-[CH2]-[CH3])-[CH0](-[*:2])=[OH0],10,-1.3826999999999996,249.121237328,0.412804908566445,3.674335009663488,0.0337424403385783,-0.115664990336513,18,47,-6.4,-6.1
C[C@@H](CO[C@@H](CO)C(O)O)C(=O)O,CC(C[C@H](C)C(=O)O)[C@@H](CO)C(O)O,[*]O[*],[*]C([*])C,[*:1]-[OH0]-[*:2]>>[*:1]-[CH1](-[*:2])-[CH3],11,-0.3475,206.115423676,0.4453232192768463,3.9708788154429433,0.0662607510489797,0.1808788154429423,18,48,-6.4,-6.6
C[C@@H](CO[C@@H](CO)C(O)O)C(=O)O,CC(C[C@H](C)C(=O)O)[C@@H](CO)C(O)O,[*]O[*],[*]C([*])C,[*:1]-[OH0]-[*:2]>>[*:1]-[CH1](-[*:2])-[CH3],11,-0.3475,206.115423676,0.4453232192768463,3.9708788154429433,0.0662607510489797,0.1808788154429423,18,49,-6.4,-6.6
C[C@@H](CO[C@@H](CO)C(O)O)C(=O)O,C[C@@H](CSC[C@@H](CO)C(O)O)C(=O)O,[*]O[*],[*]CS[*],[*:1]-[OH0]-[*:2]>>[*:1]-[CH2]-[SH0]-[*:2],20,-0.6404999999999998,224.071844612,0.4293765195257512,3.8768792460732096,0.0503140512978846,0.0868792460732086,18,50,-6.4,-6.2
C[C@@H](CO[C@@H](CO)C(O)O)C(=O)O,C[C@@H](CCS[C@@H](CO)C(O)O)C(=O)O,[*]O[*],[*]CS[*],[*:1]-[OH0]-[*:2]>>[*:1]-[CH2]-[SH0]-[*:2],20,-0.4980000000000001,224.071844612,0.4352770596246954,3.9147561691501327,0.0562145913968288,0.1247561691501317,18,51,-6.4,-5.8
C[C@@H](CO[C@@H](CO)C(O)O)C(=O)O,C[C@@H](CNCCO[C@@H](CO)C(O)O)C(=O)O,[*]O[*],[*]OCCN[*],[*:1]-[OH0]-[*:2]>>[*:1]-[OH0]-[CH2]-[CH2]-[NH1]-[*:2],18,-2.0150999999999977,237.121237328,0.231926316950678,3.607092190674457,-0.1471361512771886,-0.1829078093255436,18,52,-6.4,-6.4
C[C@@H](CO[C@@H](CO)C(O)O)C(=O)O,C[C@@H](CNCCO[C@@H](CO)C(O)O)C(=O)O,[*]O[*],[*]OCCN[*],[*:1]-[OH0]-[*:2]>>[*:1]-[OH0]-[CH2]-[CH2]-[NH1]-[*:2],18,-2.0150999999999977,237.121237328,0.231926316950678,3.607092190674457,-0.1471361512771886,-0.1829078093255436,18,53,-6.4,-6.5
C[C@@H](CO[C@@H](CO)C(O)O)C(=O)O,C[C@@H](CC(C)(O)[C@@H](CO)C(O)O)C(=O)O,[*]O[*],[*]C([*])(C)O,[*:1]-[OH0]-[*:2]>>[*:1]-[CH0](-[*:2])(-[CH3])-[OH1],15,-1.2326,222.110338296,0.3589442560065914,4.192896433199806,-0.0201182122212751,0.402896433199805,18,54,-6.4,-6.8
C[C@@H](CO[C@@H](CO)C(O)O)C(=O)O,C[C@@H](CC(C)(O)[C@@H](CO)C(O)O)C(=O)O,[*]O[*],[*]C([*])(C)O,[*:1]-[OH0]-[*:2]>>[*:1]-[CH0](-[*:2])(-[CH3])-[OH1],15,-1.2326,222.110338296,0.3589442560065914,4.192896433199806,-0.0201182122212751,0.402896433199805,18,55,-6.4,-7.0
C[C@@H](CO[C@@H](CO)C(O)O)C(=O)O,C[C@@H](COCCCO[C@@H](CO)C(O)O)C(=O)O,[*]O[*],[*]OCCCO[*],[*:1]-[OH0]-[*:2]>>[*:1]-[OH0]-[CH2]-[CH2]-[CH2]-[OH0]-[*:2],12,-1.1979999999999988,252.12090298,0.2849045402238132,3.61421293452932,-0.0941579280040534,-0.175787065470681,18,56,-6.4,-6.0
C[C@@H](CO[C@@H](CO)C(O)O)C(=O)O,C[C@@H](COCCCO[C@@H](CO)C(O)O)C(=O)O,[*]O[*],[*]OCCCO[*],[*:1]-[OH0]-[*:2]>>[*:1]-[OH0]-[CH2]-[CH2]-[CH2]-[OH0]-[*:2],12,-1.1979999999999995,252.12090298,0.2849045402238132,3.61421293452932,-0.0941579280040534,-0.175787065470681,18,57,-6.4,-5.8
C[C@@H](CO[C@@H](CO)C(O)O)C(=O)O,C[C@@H](CN1CCC(CO[C@@H](CO)C(O)O)CC1)C(=O)O,[*]O[*],[*]OCC1CCN([*])CC1,[*:1]-[OH0]-[*:2]>>[*:1]-[OH0]-[CH2]-[CH1]1-[CH2]-[CH2]-[NH0](-[*:2])-[CH2]-[CH2]-1,10,-0.8926999999999987,291.16818752,0.4292259198220975,3.5153606096186625,0.0501634515942309,-0.2746393903813384,18,58,-6.4,-5.7
C[C@@H](CO[C@@H](CO)C(O)O)C(=O)O,C[C@@H](CN1CCC(CO[C@@H](CO)C(O)O)CC1)C(=O)O,[*]O[*],[*]OCC1CCN([*])CC1,[*:1]-[OH0]-[*:2]>>[*:1]-[OH0]-[CH2]-[CH1]1-[CH2]-[CH2]-[NH0](-[*:2])-[CH2]-[CH2]-1,10,-0.8926999999999987,291.16818752,0.4292259198220975,3.5153606096186625,0.0501634515942309,-0.2746393903813384,18,59,-6.4,-5.5
C[C@@H](CO[C@@H](CO)C(O)O)C(=O)O,CCCN(C[C@H](C)C(=O)O)[C@@H](CO)C(O)O,[*]O[*],[*]N([*])CCC,[*:1]-[OH0]-[*:2]>>[*:1]-[NH0](-[*:2])-[CH2]-[CH2]-[CH3],14,-0.9092999999999998,235.141972772,0.4063341334417897,3.658387285823212,0.0272716652139231,-0.1316127141767893,18,60,-6.4,-6.0
C[C@@H](CO[C@@H](CO)C(O)O)C(=O)O,CCCN(C[C@H](C)C(=O)O)[C@@H](CO)C(O)O,[*]O[*],[*]N([*])CCC,[*:1]-[OH0]-[*:2]>>[*:1]-[NH0](-[*:2])-[CH2]-[CH2]-[CH3],14,-0.9092999999999998,235.141972772,0.4063341334417897,3.658387285823212,0.0272716652139231,-0.1316127141767893,18,61,-6.4,-5.9
C[C@@H](CO[C@@H](CO)C(O)O)C(=O)O,C[C@@H](CNC(=O)N[C@@H](CO)C(O)O)C(=O)O,[*]O[*],[*]NC(=O)N[*],[*:1]-[OH0]-[*:2]>>[*:1]-[NH1]-[CH0](=[OH0])-[NH1]-[*:2],19,-2.322099999999999,236.100836232,0.2860402860196937,3.3493917886374707,-0.0930221822081728,-0.4406082113625302,18,62,-6.4,-7.4
C[C@@H](CO[C@@H](CO)C(O)O)C(=O)O,C[C@@H](CNC(=O)N[C@@H](CO)C(O)O)C(=O)O,[*]O[*],[*]NC(=O)N[*],[*:1]-[OH0]-[*:2]>>[*:1]-[NH1]-[CH0](=[OH0])-[NH1]-[*:2],19,-2.322099999999998,236.100836232,0.2860402860196937,3.3493917886374707,-0.0930221822081728,-0.4406082113625302,18,63,-6.4,-7.5
C[C@@H](CO[C@@H](CO)C(O)O)C(=O)O,CCN(CCN[C@@H](CO)C(O)O)C[C@H](C)C(=O)O,[*]O[*],[*]NCCN([*])CC,[*:1]-[OH0]-[*:2]>>[*:1]-[NH1]-[CH2]-[CH2]-[NH0](-[*:2])-[CH2]-[CH3],10,-1.7097999999999969,264.168521868,0.2985547971044279,3.5111440372731506,-0.0805076711234386,-0.2788559627268503,18,64,-6.4,-6.5
C[C@@H](CO[C@@H](CO)C(O)O)C(=O)O,CCN(CCNC[C@H](C)C(=O)O)[C@@H](CO)C(O)O,[*]O[*],[*]NCCN([*])CC,[*:1]-[OH0]-[*:2]>>[*:1]-[NH1]-[CH2]-[CH2]-[NH0](-[*:2])-[CH2]-[CH3],10,-1.709799999999998,264.168521868,0.2357470218368487,3.634834380972004,-0.1433154463910178,-0.155165619027997,18,65,-6.4,-6.5
C[C@@H](CO[C@@H](CO)C(O)O)C(=O)O,C[C@@H](COc1ccc(O[C@@H](CO)C(O)O)cc1)C(=O)O,[*]O[*],[*]Oc1ccc(O[*])cc1,[*:1]-[OH0]-[*:2]>>[*:1]-[OH0]-[cH0]1:[cH1]:[cH1]:[cH0](-[OH0]-[*:2]):[cH1]:[cH1]:1,15,-0.1634999999999998,286.105252916,0.4903894432625107,3.15319650705456,0.1113269750346441,-0.6368034929454414,18,66,-6.4,-5.3
C[C@@H](CO[C@@H](CO)C(O)O)C(=O)O,C[C@@H](COc1ccc(O[C@@H](CO)C(O)O)cc1)C(=O)O,[*]O[*],[*]Oc1ccc(O[*])cc1,[*:1]-[OH0]-[*:2]>>[*:1]-[OH0]-[cH0]1:[cH1]:[cH1]:[cH0](-[OH0]-[*:2]):[cH1]:[cH1]:1,15,-0.1635000000000002,286.105252916,0.4903894432625107,3.15319650705456,0.1113269750346441,-0.6368034929454414,18,67,-6.4,-5.6
C[C@@H](CO[C@@H](CO)C(O)O)C(=O)O,C[C@@H](COCCOCCO[C@@H](CO)C(O)O)C(=O)O,[*]O[*],[*]OCCOCCO[*],[*:1]-[OH0]-[*:2]>>[*:1]-[OH0]-[CH2]-[CH2]-[OH0]-[CH2]-[CH2]-[OH0]-[*:2],150,-1.571499999999998,282.131467664,0.2497190519344595,3.6077290518693887,-0.1293434162934071,-0.1822709481306121,18,68,-6.4,-5.6
C[C@@H](CO[C@@H](CO)C(O)O)C(=O)O,C[C@@H](COCCOCCO[C@@H](CO)C(O)O)C(=O)O,[*]O[*],[*]OCCOCCO[*],[*:1]-[OH0]-[*:2]>>[*:1]-[OH0]-[CH2]-[CH2]-[OH0]-[CH2]-[CH2]-[OH0]-[*:2],150,-1.571499999999998,282.131467664,0.2497190519344595,3.6077290518693887,-0.1293434162934071,-0.1822709481306121,18,69,-6.4,-5.8
C[C@@H](CO[C@@H](CO)C(O)O)C(=O)O,C[C@@H](COC(=O)CO[C@@H](CO)C(O)O)C(=O)O,[*]O[*],[*]OCC(=O)O[*],[*:1]-[OH0]-[*:2]>>[*:1]-[OH0]-[CH2]-[CH0](=[OH0])-[OH0]-[*:2],24,-2.061499999999998,252.084517472,0.2860096369025678,3.6577547527111385,-0.0930528313252987,-0.1322452472888624,18,70,-6.4,-6.3
C[C@@H](CO[C@@H](CO)C(O)O)C(=O)O,C[C@@H](COC(=O)CO[C@@H](CO)C(O)O)C(=O)O,[*]O[*],[*]OCC(=O)O[*],[*:1]-[OH0]-[*:2]>>[*:1]-[OH0]-[CH2]-[CH0](=[OH0])-[OH0]-[*:2],24,-2.061499999999998,252.084517472,0.2860096369025678,3.6577547527111385,-0.0930528313252987,-0.1322452472888624,18,71,-6.4,-6.1
C[C@@H](CO[C@@H](CO)C(O)O)C(=O)O,C[C@@H](COCCC[C@@H](CO)C(O)O)C(=O)O,[*]O[*],[*]OCCC[*],[*:1]-[OH0]-[*:2]>>[*:1]-[OH0]-[CH2]-[CH2]-[CH2]-[*:2],22,-0.5768999999999996,236.12598836,0.3151033820566462,3.594732850015117,-0.0639590861712203,-0.1952671499848834,18,72,-6.4,-6.1
C[C@@H](CO[C@@H](CO)C(O)O)C(=O)O,C[C@@H](COCCC[C@@H](CO)C(O)O)C(=O)O,[*]O[*],[*]OCCC[*],[*:1]-[OH0]-[*:2]>>[*:1]-[OH0]-[CH2]-[CH2]-[CH2]-[*:2],22,-0.5768999999999996,236.12598836,0.3151033820566462,3.594732850015117,-0.0639590861712203,-0.1952671499848834,18,73,-6.4,-6.0
C[C@@H](CO[C@@H](CO)C(O)O)C(=O)O,C[C@@H](COCCOCCOCCO[C@@H](CO)C(O)O)C(=O)O,[*]O[*],[*]OCCOCCOCCO[*],[*:1]-[OH0]-[*:2]>>[*:1]-[OH0]-[CH2]-[CH2]-[OH0]-[CH2]-[CH2]-[OH0]-[CH2]-[CH2]-[OH0]-[*:2],60,-1.5548999999999968,326.157682412,0.2081257420220904,3.604552786798597,-0.1709367262057761,-0.185447213201404,18,74,-6.4,-5.5
C[C@@H](CO[C@@H](CO)C(O)O)C(=O)O,C[C@@H](COCCOCCOCCO[C@@H](CO)C(O)O)C(=O)O,[*]O[*],[*]OCCOCCOCCO[*],[*:1]-[OH0]-[*:2]>>[*:1]-[OH0]-[CH2]-[CH2]-[OH0]-[CH2]-[CH2]-[OH0]-[CH2]-[CH2]-[OH0]-[*:2],60,-1.5548999999999968,326.157682412,0.2081257420220904,3.604552786798597,-0.1709367262057761,-0.185447213201404,18,75,-6.4,-6.0
C[C@@H](CO[C@@H](CO)C(O)O)C(=O)O,CCN(CCO[C@@H](CO)C(O)O)C[C@H](C)C(=O)O,[*]O[*],[*]OCCN([*])CC,[*:1]-[OH0]-[*:2]>>[*:1]-[OH0]-[CH2]-[CH2]-[NH0](-[*:2])-[CH2]-[CH3],12,-1.2827999999999982,265.152537456,0.3639605162896486,3.625575133836161,-0.015101951938218,-0.1644248661638396,18,76,-6.4,-6.1
C[C@@H](CO[C@@H](CO)C(O)O)C(=O)O,CCN(CCOC[C@H](C)C(=O)O)[C@@H](CO)C(O)O,[*]O[*],[*]OCCN([*])CC,[*:1]-[OH0]-[*:2]>>[*:1]-[OH0]-[CH2]-[CH2]-[NH0](-[*:2])-[CH2]-[CH3],12,-1.2827999999999982,265.152537456,0.2873931640477868,3.688987572461365,-0.0916693041800797,-0.1010124275386354,18,77,-6.4,-6.3
C[C@@H](CO[C@@H](CO)C(O)O)C(=O)O,C[C@@H](COc1ccc([C@@H](CO)C(O)O)cc1)C(=O)O,[*]O[*],[*]Oc1ccc([*])cc1,[*:1]-[OH0]-[*:2]>>[*:1]-[OH0]-[cH0]1:[cH1]:[cH1]:[cH0](-[*:2]):[cH1]:[cH1]:1,50,0.1726999999999999,270.110338296,0.5262000681826395,3.1454059749463124,0.1471375999547729,-0.6445940250536886,18,78,-6.4,-5.8
C[C@@H](CO[C@@H](CO)C(O)O)C(=O)O,C[C@@H](Cc1ccc(O[C@@H](CO)C(O)O)cc1)C(=O)O,[*]O[*],[*]Oc1ccc([*])cc1,[*:1]-[OH0]-[*:2]>>[*:1]-[OH0]-[cH0]1:[cH1]:[cH1]:[cH0](-[*:2]):[cH1]:[cH1]:1,50,0.0002000000000001,270.110338296,0.5195006264406485,3.112031314312828,0.1404381582127819,-0.6779686856871727,18,79,-6.4,-6.0
C[C@@H](CO[C@@H](CO)C(O)O)C(=O)O,C[C@@H](Cc1ccccc1O[C@@H](CO)C(O)O)C(=O)O,[*]O[*],[*]Oc1ccccc1[*],[*:1]-[OH0]-[*:2]>>[*:1]-[OH0]-[cH0]1:[cH1]:[cH1]:[cH1]:[cH1]:[cH0]:1-[*:2],13,0.0002000000000001,270.110338296,0.5195006264406485,3.2348982826386203,0.1404381582127819,-0.5551017173613806,18,80,-6.4,-6.6
C[C@@H](CO[C@@H](CO)C(O)O)C(=O)O,C[C@@H](Cc1ccccc1O[C@@H](CO)C(O)O)C(=O)O,[*]O[*],[*]Oc1ccccc1[*],[*:1]-[OH0]-[*:2]>>[*:1]-[OH0]-[cH0]1:[cH1]:[cH1]:[cH1]:[cH1]:[cH0]:1-[*:2],13,0.0002000000000001,270.110338296,0.5195006264406485,3.2348982826386203,0.1404381582127819,-0.5551017173613806,18,81,-6.4,-6.4
C[C@@H](CO[C@@H](CO)C(O)O)C(=O)O,C[C@@H](COc1cccc([C@@H](CO)C(O)O)c1)C(=O)O,[*]O[*],[*]Oc1cccc([*])c1,[*:1]-[OH0]-[*:2]>>[*:1]-[OH0]-[cH0]1:[cH1]:[cH1]:[cH1]:[cH0](-[*:2]):[cH1]:1,21,0.1726999999999999,270.110338296,0.5262000681826395,3.216412309787941,0.1471375999547729,-0.5735876902120598,18,82,-6.4,-6.4
C[C@@H](CO[C@@H](CO)C(O)O)C(=O)O,C[C@@H](Cc1cccc(O[C@@H](CO)C(O)O)c1)C(=O)O,[*]O[*],[*]Oc1cccc([*])c1,[*:1]-[OH0]-[*:2]>>[*:1]-[OH0]-[cH0]1:[cH1]:[cH1]:[cH1]:[cH0](-[*:2]):[cH1]:1,21,0.0002000000000001,270.110338296,0.5195006264406485,3.195868418385226,0.1404381582127819,-0.594131581614775,18,83,-6.4,-6.5
C[C@@H](CO[C@@H](CO)C(O)O)C(=O)O,C[C@@H](COCc1ccc([C@@H](CO)C(O)O)cc1)C(=O)O,[*]O[*],[*]OCc1ccc([*])cc1,[*:1]-[OH0]-[*:2]>>[*:1]-[OH0]-[CH2]-[cH0]1:[cH1]:[cH1]:[cH0](-[*:2]):[cH1]:[cH1]:1,11,0.3104999999999998,284.12598836,0.5118109623126318,3.2175298403878942,0.1327484940847652,-0.5724701596121067,18,84,-6.4,-5.5
C[C@@H](CO[C@@H](CO)C(O)O)C(=O)O,C[C@@H](COCc1ccc([C@@H](CO)C(O)O)cc1)C(=O)O,[*]O[*],[*]OCc1ccc([*])cc1,[*:1]-[OH0]-[*:2]>>[*:1]-[OH0]-[CH2]-[cH0]1:[cH1]:[cH1]:[cH0](-[*:2]):[cH1]:[cH1]:1,11,0.3104999999999998,284.12598836,0.5118109623126318,3.2175298403878942,0.1327484940847652,-0.5724701596121067,18,85,-6.4,-5.4
C[C@@H](CO[C@@H](CO)C(O)O)C(=O)O,CC(C)N(CCOC[C@H](C)C(=O)O)[C@@H](CO)C(O)O,[*]O[*],[*]OCCN([*])C(C)C,[*:1]-[OH0]-[*:2]>>[*:1]-[OH0]-[CH2]-[CH2]-[NH0](-[*:2])-[CH1](-[CH3])-[CH3],12,-0.8942999999999985,279.16818752,0.303005921999892,3.726841324470737,-0.0760565462279745,-0.0631586755292641,18,86,-6.4,-6.4
C[C@@H](CO[C@@H](CO)C(O)O)C(=O)O,CC(C)N(CCO[C@@H](CO)C(O)O)C[C@H](C)C(=O)O,[*]O[*],[*]OCCN([*])C(C)C,[*:1]-[OH0]-[*:2]>>[*:1]-[OH0]-[CH2]-[CH2]-[NH0](-[*:2])-[CH1](-[CH3])-[CH3],12,-0.8942999999999994,279.16818752,0.3837328287723793,3.696311968112809,0.0046703605445126,-0.0936880318871917,18,87,-6.4,-6.4
COC(=O)CCP(=O)(O)O,CNC(=O)CCP(=O)(O)O,[*]OC,[*]NC,[*:1]-[OH0]-[CH3]>>[*:1]-[NH1]-[CH3],601,-0.6998000000000001,167.03474443,0.4848701591301789,2.7992589051370533,0.0377307647477984,0.1792589051370532,19,0,-6.2,-6.3
COC(=O)CCP(=O)(O)O,O=C(CCP(=O)(O)O)NC1CC1,[*]OC,[*]NC1CC1,[*:1]-[OH0]-[CH3]>>[*:1]-[NH1]-[CH1]1-[CH2]-[CH2]-1,74,-0.1672000000000001,193.050394494,0.5409079402452602,2.53710831078749,0.0937685458628797,-0.0828916892125102,19,1,-6.2,-5.9
COC(=O)CCP(=O)(O)O,CN(C)C(=O)CCP(=O)(O)O,[*]OC,[*]N(C)C,[*:1]-[OH0]-[CH3]>>[*:1]-[NH0](-[CH3])-[CH3],1539,-0.3576000000000002,181.050394494,0.5827281100474281,2.7542054645023573,0.1355887156650476,0.1342054645023571,19,2,-6.2,-6.3
COC(=O)CCP(=O)(O)O,O=C(CCP(=O)(O)O)N1CCC1,[*]OC,[*]N1CCC1,[*:1]-[OH0]-[CH3]>>[*:1]-[NH0]1-[CH2]-[CH2]-[CH2]-1,59,-0.2134999999999999,193.050394494,0.6075362336319705,2.5387117847329,0.16039683924959,-0.0812882152670999,19,3,-6.2,-6.3
COC(=O)CCP(=O)(O)O,CCC(=O)CCP(=O)(O)O,[*]OC,[*]CC,[*:1]-[OH0]-[CH3]>>[*:1]-[CH2]-[CH3],857,0.5332999999999999,166.039495462,0.5972171567990826,2.934596751290899,0.1500777624167021,0.3145967512908987,19,4,-6.2,-6.2
COC(=O)CCP(=O)(O)O,CCNC(=O)CCP(=O)(O)O,[*]OC,[*]NCC,[*:1]-[OH0]-[CH3]>>[*:1]-[NH1]-[CH2]-[CH3],191,-0.3097000000000002,181.050394494,0.5190076565783065,2.60554099563789,0.071868262195926,-0.0144590043621102,19,5,-6.2,-6.1
COC(=O)CCP(=O)(O)O,NCC(=O)CCP(=O)(O)O,[*]OC,[*]CN,[*:1]-[OH0]-[CH3]>>[*:1]-[CH2]-[NH2],60,-0.918,167.03474443,0.4699595136653632,3.162914289752437,0.0228201192829827,0.5429142897524368,19,6,-6.2,-6.4
COC(=O)CCP(=O)(O)O,O=C(CCP(=O)(O)O)NC1CCC1,[*]OC,[*]NC1CCC1,[*:1]-[OH0]-[CH3]>>[*:1]-[NH1]-[CH1]1-[CH2]-[CH2]-[CH2]-1,14,0.2228999999999997,207.066044558,0.5754442915995192,2.4852320577011344,0.1283048972171386,-0.1347679422988656,19,7,-6.2,-6.0
COC(=O)CCP(=O)(O)O,CC(C)NC(=O)CCP(=O)(O)O,[*]OC,[*]NC(C)C,[*:1]-[OH0]-[CH3]>>[*:1]-[NH1]-[CH1](-[CH3])-[CH3],107,0.0787999999999998,195.066044558,0.5541729729051124,2.561070792177068,0.1070335785227318,-0.0589292078229322,19,8,-6.2,-5.5
COC(=O)CCP(=O)(O)O,O=C(CCP(=O)(O)O)N1CCCC1,[*]OC,[*]N1CCCC1,[*:1]-[OH0]-[CH3]>>[*:1]-[NH0]1-[CH2]-[CH2]-[CH2]-[CH2]-1,268,0.1765999999999998,207.066044558,0.6467631480205481,2.4383074423165194,0.1996237536381676,-0.1816925576834807,19,9,-6.2,-5.6
COC(=O)CCP(=O)(O)O,O=C(CO)CCP(=O)(O)O,[*]OC,[*]CO,[*:1]-[OH0]-[CH3]>>[*:1]-[CH2]-[OH1],353,-0.8844000000000001,168.018760018,0.4733620831195407,3.1183850589832067,0.0262226887371602,0.4983850589832066,19,10,-6.2,-6.2
COC(=O)CCP(=O)(O)O,CCCNC(=O)CCP(=O)(O)O,[*]OC,[*]NCCC,[*:1]-[OH0]-[CH3]>>[*:1]-[NH1]-[CH2]-[CH2]-[CH3],51,0.0804000000000001,195.066044558,0.5420054574010565,2.464634861655977,0.094866063018676,-0.1553651383440231,19,11,-6.2,-6.0
COC(=O)CCP(=O)(O)O,NC(=O)C(=O)CCP(=O)(O)O,[*]OC,[*]C(N)=O,[*:1]-[OH0]-[CH3]>>[*:1]-[CH0](-[NH2])=[OH0],254,-1.3914,181.014008986,0.3641170695783249,3.163431105527999,-0.0830223248040555,0.5434311055279988,19,12,-6.2,-6.7
COC(=O)CCP(=O)(O)O,O=C(CCP(=O)(O)O)C1CC1,[*]OC,[*]C1CC1,[*:1]-[OH0]-[CH3]>>[*:1]-[CH1]1-[CH2]-[CH2]-1,226,0.5332999999999999,178.039495462,0.6156158369042661,2.8736767099236022,0.1684764425218856,0.2536767099236021,19,13,-6.2,-6.5
COC(=O)CCP(=O)(O)O,N#CCC(=O)CCP(=O)(O)O,[*]OC,[*]CC#N,[*:1]-[OH0]-[CH3]>>[*:1]-[CH2]-[CH0]#[NH0],29,0.03698,177.019094366,0.5902391122092991,3.321802534099428,0.1430997178269186,0.7018025340994276,19,14,-6.2,-6.3
COC(=O)CCP(=O)(O)O,CCOC(=O)CCP(=O)(O)O,[*]OC,[*]OCC,[*:1]-[OH0]-[CH3]>>[*:1]-[OH0]-[CH2]-[CH3],2568,0.1172999999999999,182.034410082,0.476049064798564,2.502916270363164,0.0289096704161835,-0.1170837296368363,19,15,-6.2,-6.3
COC(=O)CCP(=O)(O)O,O=C(CF)CCP(=O)(O)O,[*]OC,[*]CF,[*:1]-[OH0]-[CH3]>>[*:1]-[CH2]-[FH0],31,0.0928,170.014423586,0.5861590278067632,3.4723647512908986,0.1390196334243827,0.8523647512908985,19,16,-6.2,-6.1
COC(=O)CCP(=O)(O)O,O=C(CCP(=O)(O)O)N1CC(O)C1,[*]OC,[*]N1CC(O)C1,[*:1]-[OH0]-[CH3]>>[*:1]-[NH0]1-[CH2]-[CH1](-[OH1])-[CH2]-1,23,-1.2427000000000004,209.045309114,0.5047012392702982,2.824821568190645,0.0575618448879177,0.2048215681906446,19,17,-6.2,-6.3
COC(=O)CCP(=O)(O)O,COCC(=O)CCP(=O)(O)O,[*]OC,[*]COC,[*:1]-[OH0]-[CH3]>>[*:1]-[CH2]-[OH0]-[CH3],163,-0.2303000000000001,182.034410082,0.573480500628883,2.93048055607745,0.1263411062465025,0.3104805560774499,19,18,-6.2,-5.9
COC(=O)CCP(=O)(O)O,O=C(CCP(=O)(O)O)NCC1CC1,[*]OC,[*]NCC1CC1,[*:1]-[OH0]-[CH3]>>[*:1]-[NH1]-[CH2]-[CH1]1-[CH2]-[CH2]-1,25,0.0804000000000001,207.066044558,0.5570180044988319,2.540848799782582,0.1098786101164513,-0.0791512002174181,19,19,-6.2,-6.5
COC(=O)CCP(=O)(O)O,O=C(CCP(=O)(O)O)N1CCCCC1,[*]OC,[*]N1CCCCC1,[*:1]-[OH0]-[CH3]>>[*:1]-[NH0]1-[CH2]-[CH2]-[CH2]-[CH2]-[CH2]-1,206,0.5667,221.081694622,0.6826650433767814,2.3843769419674423,0.2355256489944008,-0.2356230580325578,19,20,-6.2,-5.4
COC(=O)CCP(=O)(O)O,O=C(CCP(=O)(O)O)N1CCOCC1,[*]OC,[*]N1CCOCC1,[*:1]-[OH0]-[CH3]>>[*:1]-[NH0]1-[CH2]-[CH2]-[OH0]-[CH2]-[CH2]-1,638,-0.5870000000000001,223.060959178,0.6244528238967854,2.523716618080803,0.1773134295144048,-0.0962833819191972,19,21,-6.2,-5.5
COC(=O)CCP(=O)(O)O,O=C(O)C(=O)CCP(=O)(O)O,[*]OC,[*]C(=O)O,[*:1]-[OH0]-[CH3]>>[*:1]-[CH0](=[OH0])-[OH1],264,-0.7921000000000002,181.998024574,0.38752999025234,2.915569567066459,-0.0596094041300405,0.2955695670664591,19,22,-6.2,-6.7
COC(=O)CCP(=O)(O)O,CN(C)C(=O)C(=O)CCP(=O)(O)O,[*]OC,[*]C(=O)N(C)C,[*:1]-[OH0]-[CH3]>>[*:1]-[CH0](=[OH0])-[NH0](-[CH3])-[CH3],119,-0.7885,209.045309114,0.4670572941112041,3.102073884624211,0.0199178997288236,0.4820738846242109,19,23,-6.2,-6.8
COC(=O)CCP(=O)(O)O,CC(C)(C)NC(=O)CCP(=O)(O)O,[*]OC,[*]NC(C)(C)C,[*:1]-[OH0]-[CH3]>>[*:1]-[NH1]-[CH0](-[CH3])(-[CH3])-[CH3],41,0.4688999999999997,209.081694622,0.5894512368009316,2.670619076931903,0.1423118424185511,0.0506190769319028,19,24,-6.2,-5.1
COC(=O)CCP(=O)(O)O,O=C(CCO)CCP(=O)(O)O,[*]OC,[*]CCO,[*:1]-[OH0]-[CH3]>>[*:1]-[CH2]-[CH2]-[OH1],31,-0.4943000000000001,182.034410082,0.4982547832021303,3.0201690176159115,0.0511153888197498,0.4001690176159114,19,25,-6.2,-6.1
COC(=O)CCP(=O)(O)O,CC(=O)NC(=O)CCP(=O)(O)O,[*]OC,[*]NC(C)=O,[*:1]-[OH0]-[CH3]>>[*:1]-[NH1]-[CH0](-[CH3])=[OH0],396,-0.7831000000000004,195.02965905,0.512081283643127,2.7541554075616848,0.0649418892607465,0.1341554075616846,19,26,-6.2,-6.2
COC(=O)CCP(=O)(O)O,CCN(C)C(=O)CCP(=O)(O)O,[*]OC,[*]N(C)CC,[*:1]-[OH0]-[CH3]>>[*:1]-[NH0](-[CH3])-[CH2]-[CH3],29,0.0325,195.066044558,0.6202785744648623,2.7838738691001463,0.1731391800824818,0.1638738691001462,19,27,-6.2,-6.4
COC(=O)CCP(=O)(O)O,O=C(CCP(=O)(O)O)C(=O)N1CCC1,[*]OC,[*]C(=O)N1CCC1,[*:1]-[OH0]-[CH3]>>[*:1]-[CH0](=[OH0])-[NH0]1-[CH2]-[CH2]-[CH2]-1,13,-0.6444,221.045309114,0.4857902828330508,2.798715201076753,0.0386508884506703,0.1787152010767529,19,28,-6.2,-6.0
COC(=O)CCP(=O)(O)O,CN1CCN(C(=O)CCP(=O)(O)O)CC1,[*]OC,[*]N1CCN(C)CC1,[*:1]-[OH0]-[CH3]>>[*:1]-[NH0]1-[CH2]-[CH2]-[NH0](-[CH3])-[CH2]-[CH2]-1,200,-0.6717999999999998,236.092593654,0.6349653133208126,2.46185927265007,0.1878259189384321,-0.15814072734993,19,29,-6.2,-4.6
COC(=O)CCP(=O)(O)O,CNC(=O)C(=O)CCP(=O)(O)O,[*]OC,[*]C(=O)NC,[*:1]-[OH0]-[CH3]>>[*:1]-[CH0](=[OH0])-[NH1]-[CH3],127,-1.1307000000000005,195.02965905,0.3886231160200844,3.0255307921770687,-0.058516278362296,0.4055307921770685,19,30,-6.2,-6.7
COC(=O)CCP(=O)(O)O,CC(=O)N(C)C(=O)CCP(=O)(O)O,[*]OC,[*]N(C)C(C)=O,[*:1]-[OH0]-[CH3]>>[*:1]-[NH0](-[CH3])-[CH0](-[CH3])=[OH0],25,-0.4409000000000002,209.045309114,0.6141046884067625,3.098949846162673,0.1669652940243819,0.4789498461626724,19,31,-6.2,-6.8
COC(=O)CCP(=O)(O)O,CC(C)C(=O)CCP(=O)(O)O,[*]OC,[*]C(C)C,[*:1]-[OH0]-[CH3]>>[*:1]-[CH1](-[CH3])-[CH3],531,0.7792999999999999,180.055145526,0.6266380584702156,2.9272670029638963,0.1794986640878351,0.3072670029638962,19,32,-6.2,-6.5
COC(=O)CCP(=O)(O)O,CCC(=O)NC(=O)CCP(=O)(O)O,[*]OC,[*]NC(=O)CC,[*:1]-[OH0]-[CH3]>>[*:1]-[NH1]-[CH0](=[OH0])-[CH2]-[CH3],17,-0.3930000000000005,209.045309114,0.5466536675072631,2.7179754143444903,0.0995142731248825,0.0979754143444902,19,33,-6.2,-6.4
COC(=O)CCP(=O)(O)O,CCOC(=O)NC(=O)CCP(=O)(O)O,[*]OC,[*]NC(=O)OCC,[*:1]-[OH0]-[CH3]>>[*:1]-[NH1]-[CH0](=[OH0])-[OH0]-[CH2]-[CH3],12,-0.1730999999999999,225.040223734,0.5720902668217035,2.606184431845985,0.124950872439323,-0.0138155681540146,19,34,-6.2,-6.7
COC(=O)CCP(=O)(O)O,CCCC(=O)CCP(=O)(O)O,[*]OC,[*]CCC,[*:1]-[OH0]-[CH3]>>[*:1]-[CH2]-[CH2]-[CH3],143,0.9233999999999998,180.055145526,0.6167420811260342,2.796187698934592,0.1696026867436537,0.1761876989345916,19,35,-6.2,-6.2
COC(=O)CCP(=O)(O)O,CN(C)CC(=O)CCP(=O)(O)O,[*]OC,[*]CN(C)C,[*:1]-[OH0]-[CH3]>>[*:1]-[CH2]-[NH0](-[CH3])-[CH3],51,-0.3151000000000002,195.066044558,0.5879107705946796,3.006487715253991,0.140771376212299,0.3864877152539909,19,36,-6.2,-6.3
COC(=O)CCP(=O)(O)O,O=C(CCP(=O)(O)O)NC1CCCCC1,[*]OC,[*]NC1CCCCC1,[*:1]-[OH0]-[CH3]>>[*:1]-[NH1]-[CH1]1-[CH2]-[CH2]-[CH2]-[CH2]-[CH2]-1,28,1.0030999999999997,235.097344686,0.6343554104131353,2.3668955953517603,0.1872160160307547,-0.2531044046482398,19,37,-6.2,-6.2
COC(=O)CCP(=O)(O)O,COC1CN(C(=O)CCP(=O)(O)O)C1,[*]OC,[*]N1CC(OC)C1,[*:1]-[OH0]-[CH3]>>[*:1]-[NH0]1-[CH2]-[CH1](-[OH0]-[CH3])-[CH2]-1,11,-0.5885999999999999,223.060959178,0.6219349631889772,2.829749816461369,0.1747955688065967,0.2097498164613691,19,38,-6.2,-5.8
COC(=O)CCP(=O)(O)O,O=C(CCP(=O)(O)O)N1CCCCCC1,[*]OC,[*]N1CCCCCC1,[*:1]-[OH0]-[CH3]>>[*:1]-[NH0]1-[CH2]-[CH2]-[CH2]-[CH2]-[CH2]-[CH2]-1,18,0.9568,235.097344686,0.7139672575265603,2.3425229874718347,0.2668278631441798,-0.2774770125281653,19,39,-6.2,-6.0
COC(=O)CCP(=O)(O)O,O=C1CCCN1C(=O)CCP(=O)(O)O,[*]OC,[*]N1CCCC1=O,[*:1]-[OH0]-[CH3]>>[*:1]-[NH0]1-[CH2]-[CH2]-[CH2]-[CH0]-1=[OH0],21,-0.2968,221.045309114,0.6379162386536692,2.777422373633927,0.1907768442712887,0.1574223736339268,19,40,-6.2,-6.2
COC(=O)CCP(=O)(O)O,CCNC(=O)C(=O)CCP(=O)(O)O,[*]OC,[*]C(=O)NCC,[*:1]-[OH0]-[CH3]>>[*:1]-[CH0](=[OH0])-[NH1]-[CH2]-[CH3],25,-0.7406000000000003,209.045309114,0.4083284431689598,2.890154435323512,-0.0388109512134206,0.2701544353235112,19,41,-6.2,-6.4
COC(=O)CCP(=O)(O)O,CC(C)(C)C(=O)CCP(=O)(O)O,[*]OC,[*]C(C)(C)C,[*:1]-[OH0]-[CH3]>>[*:1]-[CH0](-[CH3])(-[CH3])-[CH3],429,1.1693999999999998,194.07079559,0.6610626857875456,2.884784001726141,0.213923291405165,0.2647840017261407,19,42,-6.2,-6.5
COC(=O)CCP(=O)(O)O,O=C(O)CC(=O)CCP(=O)(O)O,[*]OC,[*]CC(=O)O,[*:1]-[OH0]-[CH3]>>[*:1]-[CH2]-[CH0](=[OH0])-[OH1],17,-0.4019999999999998,196.013674638,0.4069672681873265,2.8965861767924537,-0.0401721261950539,0.2765861767924535,19,43,-6.2,-6.7
COC(=O)CCP(=O)(O)O,N#CCOC(=O)CCP(=O)(O)O,[*]OC,[*]OCC#N,[*:1]-[OH0]-[CH3]>>[*:1]-[OH0]-[CH2]-[CH0]#[NH0],36,-0.3790200000000001,193.014008986,0.4650440357103277,2.9879658790257047,0.0179046413279472,0.3679658790257045,19,44,-6.2,-6.1
COC(=O)CCP(=O)(O)O,CCN(CC)C(=O)CCP(=O)(O)O,[*]OC,[*]N(CC)CC,[*:1]-[OH0]-[CH3]>>[*:1]-[NH0](-[CH2]-[CH3])-[CH2]-[CH3],148,0.4225999999999999,209.081694622,0.6431586471911019,2.622361428330505,0.1960192528087214,0.0023614283305049,19,45,-6.2,-6.4
COC(=O)CCP(=O)(O)O,O=C(CCP(=O)(O)O)CN1CCCC1,[*]OC,[*]CN1CCCC1,[*:1]-[OH0]-[CH3]>>[*:1]-[CH2]-[NH0]1-[CH2]-[CH2]-[CH2]-[CH2]-1,19,0.2190999999999999,221.081694622,0.6491357957871461,2.605915403505904,0.2019964014047656,-0.0140845964940963,19,46,-6.2,-5.8
COC(=O)CCP(=O)(O)O,CC(C)OC(=O)CCP(=O)(O)O,[*]OC,[*]OC(C)C,[*:1]-[OH0]-[CH3]>>[*:1]-[OH0]-[CH1](-[CH3])-[CH3],825,0.5057999999999998,196.050060146,0.50503105109252,2.6410230998693773,0.0578916567101395,0.0210230998693772,19,47,-6.2,-6.6
COC(=O)CCP(=O)(O)O,O=C(CCP(=O)(O)O)N1CCSCC1,[*]OC,[*]N1CCSCC1,[*:1]-[OH0]-[CH3]>>[*:1]-[NH0]1-[CH2]-[CH2]-[SH0]-[CH2]-[CH2]-1,27,0.1295999999999999,239.038115558,0.6843675194592471,2.85807937111724,0.2372281250768666,0.2380793711172399,19,48,-6.2,-5.2
COC(=O)CCP(=O)(O)O,O=C(CCP(=O)(O)O)OC1CC1,[*]OC,[*]OC1CC1,[*:1]-[OH0]-[CH3]>>[*:1]-[OH0]-[CH1]1-[CH2]-[CH2]-1,47,0.2597999999999998,194.034410082,0.4949720585007632,2.735943546519501,0.0478326641183827,0.1159435465195004,19,49,-6.2,-6.3
COC(=O)CCP(=O)(O)O,O=C(CCP(=O)(O)O)C(F)F,[*]OC,[*]C(F)F,[*:1]-[OH0]-[CH3]>>[*:1]-[CH1](-[FH0])-[FH0],83,0.3883999999999999,188.005001774,0.6254087737430616,3.3404259773228717,0.1782693793606811,0.7204259773228712,19,50,-6.2,-6.5
COC(=O)CCP(=O)(O)O,O=C(CCP(=O)(O)O)NC(=O)C1CC1,[*]OC,[*]NC(=O)C1CC1,[*:1]-[OH0]-[CH3]>>[*:1]-[NH1]-[CH0](=[OH0])-[CH1]1-[CH2]-[CH2]-1,14,-0.3930000000000005,221.045309114,0.560515155241152,2.6308536626152144,0.1133757608587715,0.0108536626152142,19,51,-6.2,-6.5
COC(=O)CCP(=O)(O)O,O=C(CCP(=O)(O)O)C(=O)N1CCCC1,[*]OC,[*]C(=O)N1CCCC1,[*:1]-[OH0]-[CH3]>>[*:1]-[CH0](=[OH0])-[NH0]1-[CH2]-[CH2]-[CH2]-[CH2]-1,26,-0.2542999999999998,235.060959178,0.5169940285013486,2.693958888034686,0.069854634118968,0.0739588880346859,19,52,-6.2,-5.5
COC(=O)CCP(=O)(O)O,O=C(CCP(=O)(O)O)N1CCNCC1,[*]OC,[*]N1CCNCC1,[*:1]-[OH0]-[CH3]>>[*:1]-[NH0]1-[CH2]-[CH2]-[NH1]-[CH2]-[CH2]-1,77,-1.014,222.07694359,0.5320057020583857,2.704518237514,0.0848663076760052,0.0845182375139996,19,53,-6.2,-5.9
COC(=O)CCP(=O)(O)O,O=C(CCP(=O)(O)O)C(F)(F)F,[*]OC,[*]C(F)(F)F,[*:1]-[OH0]-[CH3]>>[*:1]-[CH0](-[FH0])(-[FH0])-[FH0],2782,0.6855999999999998,205.995579962,0.6656786340245244,3.049281083954256,0.2185392396421439,0.4292810839542555,19,54,-6.2,-6.9
COC(=O)CCP(=O)(O)O,O=C(CCP(=O)(O)O)C(=O)N1CCCCC1,[*]OC,[*]C(=O)N1CCCCC1,[*:1]-[OH0]-[CH3]>>[*:1]-[CH0](=[OH0])-[NH0]1-[CH2]-[CH2]-[CH2]-[CH2]-[CH2]-1,23,0.1358,249.076609242,0.5453648746102029,2.635906257101462,0.0982254802278224,0.015906257101462,19,55,-6.2,-5.6
COC(=O)CCP(=O)(O)O,CCOCC(=O)CCP(=O)(O)O,[*]OC,[*]COCC,[*:1]-[OH0]-[CH3]>>[*:1]-[CH2]-[OH0]-[CH2]-[CH3],10,0.1597999999999999,196.050060146,0.59092455320965,2.885240816990965,0.1437851588272695,0.265240816990965,19,56,-6.2,-5.9
COC(=O)CCP(=O)(O)O,CC(C)(C)OC(=O)CCP(=O)(O)O,[*]OC,[*]OC(C)(C)C,[*:1]-[OH0]-[CH3]>>[*:1]-[OH0]-[CH0](-[CH3])(-[CH3])-[CH3],210,0.8958999999999999,210.06571021,0.5335818205854481,2.5795416730857497,0.0864424262030676,-0.0404583269142504,19,57,-6.2,-6.6
COC(=O)CCP(=O)(O)O,COCCC(=O)CCP(=O)(O)O,[*]OC,[*]CCOC,[*:1]-[OH0]-[CH3]>>[*:1]-[CH2]-[CH2]-[OH0]-[CH3],21,0.1597999999999999,196.050060146,0.59092455320965,2.827685482003371,0.1437851588272695,0.2076854820033711,19,58,-6.2,-6.1
COC(=O)CCP(=O)(O)O,CC(F)(F)C(=O)CCP(=O)(O)O,[*]OC,[*]C(C)(F)F,[*:1]-[OH0]-[CH3]>>[*:1]-[CH0](-[CH3])(-[FH0])-[FH0],31,0.7785,202.020651838,0.660226073908556,3.2934938160497467,0.2130866795261755,0.6734938160497466,19,59,-6.2,-6.8
COC(=O)CCP(=O)(O)O,CCCOC(=O)CCP(=O)(O)O,[*]OC,[*]OCCC,[*:1]-[OH0]-[CH3]>>[*:1]-[OH0]-[CH2]-[CH2]-[CH3],420,0.5073999999999999,196.050060146,0.493929127959276,2.557823943541832,0.0467897335768955,-0.0621760564581679,19,60,-6.2,-6.1
COC(=O)CCP(=O)(O)O,COC(=O)NC(=O)CCP(=O)(O)O,[*]OC,[*]NC(=O)OC,[*:1]-[OH0]-[CH3]>>[*:1]-[NH1]-[CH0](=[OH0])-[OH0]-[CH3],27,-0.5632,211.02457367,0.5388629317786016,2.6875852045542814,0.091723537396221,0.0675852045542813,19,61,-6.2,-6.5
COC(=O)CCP(=O)(O)O,O=C(CCP(=O)(O)O)NCC(F)(F)F,[*]OC,[*]NCC(F)(F)F,[*:1]-[OH0]-[CH3]>>[*:1]-[NH1]-[CH2]-[CH0](-[FH0])(-[FH0])-[FH0],24,0.2326999999999999,235.022129058,0.6086408281445819,2.732961464813018,0.1615014337622013,0.1129614648130177,19,62,-6.2,-6.5
COC(=O)CCP(=O)(O)O,CC(=O)NCC(=O)CCP(=O)(O)O,[*]OC,[*]CNC(C)=O,[*:1]-[OH0]-[CH3]>>[*:1]-[CH2]-[NH1]-[CH0](-[CH3])=[OH0],16,-0.7406000000000003,209.045309114,0.5171154000267444,2.842221568190645,0.0699760056443639,0.2222215681906449,19,63,-6.2,-7.0
COC(=O)CCP(=O)(O)O,O=C(CCP(=O)(O)O)NC1CCCC1,[*]OC,[*]NC1CCCC1,[*:1]-[OH0]-[CH3]>>[*:1]-[NH1]-[CH1]1-[CH2]-[CH2]-[CH2]-[CH2]-1,37,0.6129999999999998,221.081694622,0.6069509572225332,2.410673703101045,0.1598115628401527,-0.2093262968989551,19,64,-6.2,-6.2
COC(=O)CCP(=O)(O)O,CC1CCN(C(=O)CCP(=O)(O)O)CC1,[*]OC,[*]N1CCC(C)CC1,[*:1]-[OH0]-[CH3]>>[*:1]-[NH0]1-[CH2]-[CH2]-[CH1](-[CH3])-[CH2]-[CH2]-1,16,0.8127,235.097344686,0.7095347797621933,2.486609272650071,0.2623953853798128,-0.133390727349929,19,65,-6.2,-6.6
COC(=O)CCP(=O)(O)O,CC(=O)N1CCN(C(=O)CCP(=O)(O)O)CC1,[*]OC,[*]N1CCN(C(C)=O)CC1,[*:1]-[OH0]-[CH3]>>[*:1]-[NH0]1-[CH2]-[CH2]-[NH0](-[CH0](-[CH3])=[OH0])-[CH2]-[CH2]-1,17,-0.7551000000000002,264.087508274,0.653143065403294,2.415918889532863,0.2060036710209135,-0.2040811104671371,19,66,-6.2,-4.6
COC(=O)CCP(=O)(O)O,O=C(CCP(=O)(O)O)N1CCC(O)CC1,[*]OC,[*]N1CCC(O)CC1,[*:1]-[OH0]-[CH3]>>[*:1]-[NH0]1-[CH2]-[CH2]-[CH1](-[OH1])-[CH2]-[CH2]-1,28,-0.4625000000000002,237.076609242,0.57669657876714,2.59919927265007,0.1295571843847595,-0.0208007273499299,19,67,-6.2,-5.4
COC(=O)CCP(=O)(O)O,O=C(CCP(=O)(O)O)OC1CCC1,[*]OC,[*]OC1CCC1,[*:1]-[OH0]-[CH3]>>[*:1]-[OH0]-[CH1]1-[CH2]-[CH2]-[CH2]-1,47,0.6498999999999999,208.050060146,0.5230612647468836,2.656403098425116,0.0759218703645031,0.036403098425116,19,68,-6.2,-6.3
COC(=O)CCP(=O)(O)O,CC(C)N(C)C(=O)CCP(=O)(O)O,[*]OC,[*]N(C)C(C)C,[*:1]-[OH0]-[CH3]>>[*:1]-[NH0](-[CH3])-[CH1](-[CH3])-[CH3],12,0.4209999999999999,209.081694622,0.6576112091082773,2.793235423085749,0.2104718147258968,0.1732354230857486,19,69,-6.2,-6.9
COC(=O)CCP(=O)(O)O,CC(C)CC(=O)CCP(=O)(O)O,[*]OC,[*]CC(C)C,[*:1]-[OH0]-[CH3]>>[*:1]-[CH2]-[CH1](-[CH3])-[CH3],29,1.1693999999999998,194.07079559,0.643963692259736,2.8235846383309138,0.1968242978773555,0.2035846383309136,19,70,-6.2,-6.7
COC(=O)CCP(=O)(O)O,NC(=O)COC(=O)CCP(=O)(O)O,[*]OC,[*]OCC(N)=O,[*:1]-[OH0]-[CH3]>>[*:1]-[OH0]-[CH2]-[CH0](-[NH2])=[OH0],42,-1.4173,211.02457367,0.3780732878312334,2.642635554204631,-0.069066106551147,0.0226355542046308,19,71,-6.2,-6.8
COC(=O)CCP(=O)(O)O,CC(C)(O)C(=O)CCP(=O)(O)O,[*]OC,[*]C(C)(C)O,[*:1]-[OH0]-[CH3]>>[*:1]-[CH0](-[CH3])(-[CH3])-[OH1],68,-0.1058,196.050060146,0.5452736407814035,3.1567702086226923,0.098134246399023,0.5367702086226922,19,72,-6.2,-6.6
COC(=O)CCP(=O)(O)O,CC(=O)C(=O)CCP(=O)(O)O,[*]OC,[*]C(C)=O,[*:1]-[OH0]-[CH3]>>[*:1]-[CH0](-[CH3])=[OH0],315,-0.2877,180.018760018,0.4578438196113726,3.032897772194665,0.0107044252289921,0.4128977721946647,19,73,-6.2,-6.5
COC(=O)CCP(=O)(O)O,O=C(CCP(=O)(O)O)OCF,[*]OC,[*]OCF,[*:1]-[OH0]-[CH3]>>[*:1]-[OH0]-[CH2]-[FH0],17,0.0243999999999999,186.009338206,0.4773549596903812,3.199575611022505,0.0302155653080007,0.5795756110225048,19,74,-6.2,-6.2
COC(=O)CCP(=O)(O)O,O=C(CCP(=O)(O)O)NC1CCOCC1,[*]OC,[*]NC1CCOCC1,[*:1]-[OH0]-[CH3]>>[*:1]-[NH1]-[CH1]1-[CH2]-[CH2]-[OH0]-[CH2]-[CH2]-1,31,-0.1506000000000004,237.076609242,0.5907643540968998,2.6103886535131107,0.1436249597145192,-0.0096113464868894,19,75,-6.2,-5.5
COC(=O)CCP(=O)(O)O,CN(CCO)C(=O)CCP(=O)(O)O,[*]OC,[*]N(C)CCO,[*:1]-[OH0]-[CH3]>>[*:1]-[NH0](-[CH3])-[CH2]-[CH2]-[OH1],22,-0.9951,211.060959178,0.5067521131585799,2.790583805952883,0.0596127187761994,0.1705838059528828,19,76,-6.2,-6.3
COC(=O)CCP(=O)(O)O,CN(C)CCNC(=O)CCP(=O)(O)O,[*]OC,[*]NCCN(C)C,[*:1]-[OH0]-[CH3]>>[*:1]-[NH1]-[CH2]-[CH2]-[NH0](-[CH3])-[CH3],45,-0.7680000000000002,224.092593654,0.5154585532790603,2.537149816461369,0.0683191588966798,-0.082850183538631,19,77,-6.2,-6.7
COC(=O)CCP(=O)(O)O,CC(C)NC(=O)C(=O)CCP(=O)(O)O,[*]OC,[*]C(=O)NC(C)C,[*:1]-[OH0]-[CH3]>>[*:1]-[CH0](=[OH0])-[NH1]-[CH1](-[CH3])-[CH3],22,-0.3521000000000002,223.060959178,0.4361634380793102,2.8460093769009287,-0.0109759563030702,0.2260093769009286,19,78,-6.2,-5.8
COC(=O)CCP(=O)(O)O,O=C(CCP(=O)(O)O)NCCF,[*]OC,[*]NCCF,[*:1]-[OH0]-[CH3]>>[*:1]-[NH1]-[CH2]-[CH2]-[FH0],12,-0.3601,199.040972682,0.5274844911895112,2.9033033480083343,0.0803450968071307,0.2833033480083342,19,79,-6.2,-6.2
COC(=O)CCP(=O)(O)O,O=C(CCP(=O)(O)O)OC1COC1,[*]OC,[*]OC1COC1,[*:1]-[OH0]-[CH3]>>[*:1]-[OH0]-[CH1]1-[CH2]-[OH0]-[CH2]-1,22,-0.5038000000000004,210.029324702,0.4794198979344551,2.9781429174296417,0.0322805035520746,0.3581429174296415,19,80,-6.2,-6.0
COC(=O)CCP(=O)(O)O,COC(=O)C(=O)CCP(=O)(O)O,[*]OC,[*]C(=O)OC,[*:1]-[OH0]-[CH3]>>[*:1]-[CH0](=[OH0])-[OH0]-[CH3],394,-0.7037000000000001,196.013674638,0.349830203711782,2.8799569460232224,-0.0973091906705984,0.2599569460232223,19,81,-6.2,-6.6
COC(=O)CCP(=O)(O)O,CCN1CCN(C(=O)CCP(=O)(O)O)CC1,[*]OC,[*]N1CCN(CC)CC1,[*:1]-[OH0]-[CH3]>>[*:1]-[NH0]1-[CH2]-[CH2]-[NH0](-[CH2]-[CH3])-[CH2]-[CH2]-1,20,-0.2816999999999999,250.108243718,0.6705332445245827,2.415034342969083,0.2233938501422022,-0.2049656570309173,19,82,-6.2,-4.6
COC(=O)CCP(=O)(O)O,O=C(CCP(=O)(O)O)OC(F)F,[*]OC,[*]OC(F)F,[*:1]-[OH0]-[CH3]>>[*:1]-[OH0]-[CH1](-[FH0])-[FH0],326,0.3199999999999999,203.999916394,0.5084425426092827,3.192187715253992,0.0613031482269021,0.5721877152539916,19,83,-6.2,-6.6
COC(=O)CCP(=O)(O)O,CC(C)(C#N)C(=O)CCP(=O)(O)O,[*]OC,[*]C(C)(C)C#N,[*:1]-[OH0]-[CH3]>>[*:1]-[CH0](-[CH3])(-[CH3])-[CH0]#[NH0],10,0.6730799999999999,205.050394494,0.6570229823175524,3.434662826931904,0.2098835879351719,0.8146628269319036,19,84,-6.2,-6.3
COC(=O)CCP(=O)(O)O,COc1ccc(NC(=O)CCP(=O)(O)O)cc1,[*]OC,[*]Nc1ccc(OC)cc1,[*:1]-[OH0]-[CH3]>>[*:1]-[NH1]-[cH0]1:[cH1]:[cH1]:[cH0](-[OH0]-[CH3]):[cH1]:[cH1]:1,11,1.2014999999999998,259.060959178,0.6903670813297185,1.999097016623164,0.2432276869473379,-0.620902983376836,19,85,-6.2,-6.9
COC(=O)CCP(=O)(O)O,O=C(CCP(=O)(O)O)CN1CCOCC1,[*]OC,[*]CN1CCOCC1,[*:1]-[OH0]-[CH3]>>[*:1]-[CH2]-[NH0]1-[CH2]-[CH2]-[OH0]-[CH2]-[CH2]-1,55,-0.5445000000000001,237.076609242,0.6240720568410218,2.658441561580652,0.1769326624586413,0.0384415615806519,19,86,-6.2,-5.8
COC(=O)CCP(=O)(O)O,CC(C)SC(=O)CCP(=O)(O)O,[*]OC,[*]SC(C)C,[*:1]-[OH0]-[CH3]>>[*:1]-[SH0]-[CH1](-[CH3])-[CH3],12,1.2224,212.027216526,0.6852007444345941,3.388544638330915,0.2380613500522136,0.7685446383309147,19,87,-6.2,-5.8
COC(=O)CCP(=O)(O)O,O=C(CCP(=O)(O)O)C(=O)N1CCOCC1,[*]OC,[*]C(=O)N1CCOCC1,[*:1]-[OH0]-[CH3]>>[*:1]-[CH0](=[OH0])-[NH0]1-[CH2]-[CH2]-[OH0]-[CH2]-[CH2]-1,47,-1.0179,251.055873798,0.4893643404179811,2.759043645294664,0.0422249460356006,0.1390436452946639,19,88,-6.2,-5.8
COC(=O)CCP(=O)(O)O,CCCCC(=O)CCP(=O)(O)O,[*]OC,[*]CCCC,[*:1]-[OH0]-[CH3]>>[*:1]-[CH2]-[CH2]-[CH2]-[CH3],73,1.3135,194.07079559,0.6249667782694293,2.668083993169624,0.1778273838870487,0.0480839931696239,19,89,-6.2,-6.2
COC(=O)CCP(=O)(O)O,O=C(CCP(=O)(O)O)OCCO,[*]OC,[*]OCCO,[*:1]-[OH0]-[CH3]>>[*:1]-[OH0]-[CH2]-[CH2]-[OH1],236,-0.9103000000000006,198.029324702,0.3899100819523448,2.7058973926733465,-0.0572293124300356,0.0858973926733464,19,90,-6.2,-6.2
COC(=O)CCP(=O)(O)O,NCCNC(=O)CCP(=O)(O)O,[*]OC,[*]NCCN,[*:1]-[OH0]-[CH3]>>[*:1]-[NH1]-[CH2]-[CH2]-[NH2],12,-1.3709000000000002,196.061293526,0.4050175287109713,2.6905728269165223,-0.0421218656714091,0.0705728269165222,19,91,-6.2,-6.2
COC(=O)CCP(=O)(O)O,O=C(CCP(=O)(O)O)OCC1CCC1,[*]OC,[*]OCC1CCC1,[*:1]-[OH0]-[CH3]>>[*:1]-[OH0]-[CH2]-[CH1]1-[CH2]-[CH2]-[CH2]-1,17,0.8974999999999997,222.06571021,0.5328960612068693,2.593171230182783,0.0857566668244887,-0.0268287698172171,19,92,-6.2,-6.4
COC(=O)CCP(=O)(O)O,CS(=O)(=O)CC(=O)CCP(=O)(O)O,[*]OC,[*]CS(C)(=O)=O,[*:1]-[OH0]-[CH3]>>[*:1]-[CH2]-[SH0](-[CH3])(=[OH0])=[OH0],10,-0.8320999999999998,230.001395702,0.596341134126105,3.1449493653934413,0.1492017397437245,0.5249493653934412,19,93,-6.2,-6.7
COC(=O)CCP(=O)(O)O,CCCC(=O)NC(=O)CCP(=O)(O)O,[*]OC,[*]NC(=O)CCC,[*:1]-[OH0]-[CH3]>>[*:1]-[NH1]-[CH0](=[OH0])-[CH2]-[CH2]-[CH3],12,-0.0029000000000002,223.060959178,0.568790097794201,2.6186575087690613,0.1216507034118205,-0.0013424912309387,19,94,-6.2,-6.5
COC(=O)CCP(=O)(O)O,O=C(CCP(=O)(O)O)N1CCC(O)C1,[*]OC,[*]N1CCC(O)C1,[*:1]-[OH0]-[CH3]>>[*:1]-[NH0]1-[CH2]-[CH2]-[CH1](-[OH1])-[CH2]-1,12,-0.8526,223.060959178,0.5410586577045475,3.14256452979237,0.093919263322167,0.52256452979237,19,95,-6.2,-6.2
COC(=O)CCP(=O)(O)O,CC(C)COC(=O)CCP(=O)(O)O,[*]OC,[*]OCC(C)C,[*:1]-[OH0]-[CH3]>>[*:1]-[OH0]-[CH2]-[CH1](-[CH3])-[CH3],138,0.7533999999999998,210.06571021,0.5164280627592784,2.5811250646941417,0.0692886683768979,-0.0388749353058583,19,96,-6.2,-6.0
COC(=O)CCP(=O)(O)O,CS(=O)(=O)NC(=O)CCP(=O)(O)O,[*]OC,[*]NS(C)(=O)=O,[*:1]-[OH0]-[CH3]>>[*:1]-[NH1]-[SH0](-[CH3])(=[OH0])=[OH0],170,-1.37,230.99664467,0.5131054730726812,2.84156715385498,0.0659660786903006,0.2215671538549797,19,97,-6.2,-6.1
COC(=O)CCP(=O)(O)O,O=C1CN(C(=O)CCP(=O)(O)O)CCN1,[*]OC,[*]N1CCNC(=O)C1,[*:1]-[OH0]-[CH3]>>[*:1]-[NH0]1-[CH2]-[CH2]-[NH1]-[CH0](=[OH0])-[CH2]-1,10,-1.4873999999999998,236.056208146,0.517501878739475,2.8285608111116094,0.0703624843570944,0.2085608111116093,19,98,-6.2,-6.5
COC(=O)CCP(=O)(O)O,CCC(=O)C(=O)CCP(=O)(O)O,[*]OC,[*]C(=O)CC,[*:1]-[OH0]-[CH3]>>[*:1]-[CH0](=[OH0])-[CH2]-[CH3],11,0.1023999999999998,194.034410082,0.4780460904109811,3.0605846383309148,0.0309066960286006,0.4405846383309146,19,99,-6.2,-6.5
COc1cccc(C(=O)O)c1,COc1cccc(OC)c1,[*]C(=O)O,[*]OC,[*:1]-[CH0](=[OH0])-[OH1]>>[*:1]-[OH0]-[CH3],264,1.7037999999999998,138.06807956,0.6189113153967103,1.1727984875546351,-0.0772175193754488,-0.0972015124453644,20,0,-6.9,-4.9
COc1cccc(C(=O)O)c1,COc1cccc(C(C)C)c1,[*]C(=O)O,[*]C(C)C,[*:1]-[CH0](=[OH0])-[OH1]>>[*:1]-[CH1](-[CH3])-[CH3],15,2.818600000000001,150.104465068,0.6295361157096473,1.3724018747587683,-0.0665927190625118,0.1024018747587689,20,1,-6.9,-5.3
COc1cccc(C(=O)O)c1,CCc1cccc(OC)c1,[*]C(=O)O,[*]CC,[*:1]-[CH0](=[OH0])-[OH1]>>[*:1]-[CH2]-[CH3],27,2.2576,136.088815004,0.6055803781835286,1.263322663378812,-0.0905484565886305,-0.0066773366211876,20,2,-6.9,-5.0
COc1cccc(C(=O)O)c1,COc1cccc(CN)c1,[*]C(=O)O,[*]CN,[*:1]-[CH0](=[OH0])-[OH1]>>[*:1]-[CH2]-[NH2],41,1.1539,137.084063972,0.6633238802202668,1.4394902457963925,-0.0328049545518923,0.1694902457963927,20,3,-6.9,-5.8
COc1cccc(C(=O)O)c1,COc1cccc(CO)c1,[*]C(=O)O,[*]CO,[*:1]-[CH0](=[OH0])-[OH1]>>[*:1]-[CH2]-[OH1],242,1.1875,138.06807956,0.664708696108545,1.3994550809612285,-0.0314201386636141,0.1294550809612289,20,4,-6.9,-5.8
COc1cccc(C(=O)O)c1,COc1cccc(C(N)=O)c1,[*]C(=O)O,[*]C(N)=O,[*:1]-[CH0](=[OH0])-[OH1]>>[*:1]-[CH0](-[NH2])=[OH0],426,0.7941000000000003,151.063328528,0.6790575842877806,1.3671634132203074,-0.0170712504843785,0.0971634132203078,20,5,-6.9,-5.9
COc1cccc(C(=O)O)c1,CNc1cccc(C(=O)O)c1,[*]OC,[*]NC,[*:1]-[OH0]-[CH3]>>[*:1]-[NH1]-[CH3],601,1.4265,151.063328528,0.6717203136342019,1.5969726439895364,-0.0244085211379572,0.3269726439895368,20,6,-6.9,-6.9
COc1cccc(C(=O)O)c1,CNc1cccc(OC)c1,[*]C(=O)O,[*]NC,[*:1]-[CH0](=[OH0])-[OH1]>>[*:1]-[NH1]-[CH3],17,1.7369,137.084063972,0.6699356418264755,1.5104468392029862,-0.0261931929456836,0.2404468392029866,20,7,-6.9,-5.0
COc1cccc(C(=O)O)c1,COc1cccc(N(C)C)c1,[*]C(=O)O,[*]N(C)C,[*:1]-[CH0](=[OH0])-[OH1]>>[*:1]-[NH0](-[CH3])-[CH3],51,1.7612,151.099714036,0.6382626042361885,1.5262695670664606,-0.0578662305359706,0.256269567066461,20,8,-6.9,-5.0
COc1cccc(C(=O)O)c1,CCOc1cccc(OC)c1,[*]C(=O)O,[*]OCC,[*:1]-[CH0](=[OH0])-[OH1]>>[*:1]-[OH0]-[CH2]-[CH3],26,2.0939,152.083729624,0.6598906467530797,1.286709517438668,-0.0362381880190794,0.0167095174386684,20,9,-6.9,-5.0
COc1cccc(C(=O)O)c1,CNC(=O)c1cccc(OC)c1,[*]C(=O)O,[*]C(=O)NC,[*:1]-[CH0](=[OH0])-[OH1]>>[*:1]-[CH0](=[OH0])-[NH1]-[CH3],187,1.0548,165.078978592,0.7110451272186061,1.3884660369323143,0.0149162924464469,0.1184660369323147,20,10,-6.9,-5.6
COc1cccc(C(=O)O)c1,O=C(O)c1cccc(NC2CC2)c1,[*]OC,[*]NC1CC1,[*:1]-[OH0]-[CH3]>>[*:1]-[NH1]-[CH1]1-[CH2]-[CH2]-1,74,1.9591,177.078978592,0.7415317795579974,1.6231743653934425,0.0454029447858382,0.3531743653934427,20,11,-6.9,-6.9
COc1cccc(C(=O)O)c1,CN(C)c1cccc(C(=O)O)c1,[*]OC,[*]N(C)C,[*:1]-[OH0]-[CH3]>>[*:1]-[NH0](-[CH3])-[CH3],1539,1.4508,165.078978592,0.7206235970224402,1.614686753715528,0.024494762250281,0.3446867537155285,20,12,-6.9,-6.5
COc1cccc(C(=O)O)c1,COc1cccc(C(C)(C)C)c1,[*]C(=O)O,[*]C(C)(C)C,[*:1]-[CH0](=[OH0])-[OH1]>>[*:1]-[CH0](-[CH3])(-[CH3])-[CH3],26,2.992700000000002,164.120115132,0.6196667896198138,1.487466561407837,-0.0764620451523453,0.2174665614078375,20,13,-6.9,-4.8
COc1cccc(C(=O)O)c1,COc1cccc(C(=O)N(C)C)c1,[*]C(=O)O,[*]C(=O)N(C)C,[*:1]-[CH0](=[OH0])-[OH1]>>[*:1]-[CH0](=[OH0])-[NH0](-[CH3])-[CH3],153,1.397,179.094628656,0.6863601614688655,1.4759641456132222,-0.0097686733032936,0.2059641456132226,20,14,-6.9,-4.4
COc1cccc(C(=O)O)c1,O=C(O)c1cccc(N2CCC2)c1,[*]OC,[*]N1CCC1,[*:1]-[OH0]-[CH3]>>[*:1]-[NH0]1-[CH2]-[CH2]-[CH2]-1,59,1.5949,177.078978592,0.7453965430907201,1.534862826931903,0.0492677083185609,0.2648628269319033,20,15,-6.9,-6.2
COc1cccc(C(=O)O)c1,COc1cccc(CN(C)C)c1,[*]C(=O)O,[*]CN(C)C,[*:1]-[CH0](=[OH0])-[OH1]>>[*:1]-[CH2]-[NH0](-[CH3])-[CH3],24,1.7568,165.1153641,0.6763130924573502,1.5010058970721722,-0.0198157423148089,0.2310058970721726,20,16,-6.9,-5.0
COc1cccc(C(=O)O)c1,CCc1cccc(C(=O)O)c1,[*]OC,[*]CC,[*:1]-[OH0]-[CH3]>>[*:1]-[CH2]-[CH3],857,1.9472,150.06807956,0.6991293184614992,1.39049879783569,0.00300048368934,0.1204987978356904,20,17,-6.9,-7.1
COc1cccc(C(=O)O)c1,COc1cccc(NC(C)=O)c1,[*]C(=O)O,[*]NC(C)=O,[*:1]-[CH0](=[OH0])-[OH1]>>[*:1]-[NH1]-[CH0](-[CH3])=[OH0],88,1.6536,165.078978592,0.7232129256008616,1.322482820149098,0.0270840908287024,0.0524828201490983,20,18,-6.9,-5.9
COc1cccc(C(=O)O)c1,COc1cccc(N2CCN(C)CC2)c1,[*]C(=O)O,[*]N1CCN(C)CC1,[*:1]-[CH0](=[OH0])-[OH1]>>[*:1]-[NH0]1-[CH2]-[CH2]-[NH0](-[CH3])-[CH2]-[CH2]-1,14,1.4469999999999998,206.141913196,0.7280848451919892,1.6020053907180485,0.03195601041983,0.3320053907180487,20,19,-6.9,-3.2
COc1cccc(C(=O)O)c1,CCNc1cccc(C(=O)O)c1,[*]OC,[*]NCC,[*:1]-[OH0]-[CH3]>>[*:1]-[NH1]-[CH2]-[CH3],191,1.8166,165.078978592,0.7177504762418522,1.585870232736509,0.021621641469693,0.3158702327365095,20,20,-6.9,-6.8
COc1cccc(C(=O)O)c1,COc1cccc(CCO)c1,[*]C(=O)O,[*]CCO,[*:1]-[CH0](=[OH0])-[OH1]>>[*:1]-[CH2]-[CH2]-[OH1],26,1.23,152.083729624,0.705484813841403,1.4994713040391652,0.0093559790692439,0.2294713040391656,20,21,-6.9,-5.7
COc1cccc(C(=O)O)c1,COCc1cccc(OC)c1,[*]C(=O)O,[*]COC,[*:1]-[CH0](=[OH0])-[OH1]>>[*:1]-[CH2]-[OH0]-[CH3],25,1.8416,152.083729624,0.6575835356806922,1.4222678300937552,-0.0385452990914669,0.1522678300937556,20,22,-6.9,-5.1
COc1cccc(C(=O)O)c1,NCc1cccc(C(=O)O)c1,[*]OC,[*]CN,[*:1]-[OH0]-[CH3]>>[*:1]-[CH2]-[NH2],60,0.8435000000000001,151.063328528,0.6579925877417858,1.5549218747587688,-0.0381362470303733,0.2849218747587692,20,23,-6.9,-6.9
COc1cccc(C(=O)O)c1,O=C(O)c1cccc(NC2CCC2)c1,[*]OC,[*]NC1CCC1,[*:1]-[OH0]-[CH3]>>[*:1]-[NH1]-[CH1]1-[CH2]-[CH2]-[CH2]-1,14,2.3492,191.094628656,0.7705663274423007,1.653841532437701,0.0744374926701415,0.3838415324377013,20,24,-6.9,-7.0
COc1cccc(C(=O)O)c1,CC(C)Nc1cccc(C(=O)O)c1,[*]OC,[*]NC(C)C,[*:1]-[OH0]-[CH3]>>[*:1]-[NH1]-[CH1](-[CH3])-[CH3],107,2.2051,179.094628656,0.7474293484195109,1.6708744752835525,0.0513005136473517,0.4008744752835529,20,25,-6.9,-6.4
COc1cccc(C(=O)O)c1,O=C(O)c1cccc(N2CCCC2)c1,[*]OC,[*]N1CCCC1,[*:1]-[OH0]-[CH3]>>[*:1]-[NH0]1-[CH2]-[CH2]-[CH2]-[CH2]-1,268,1.985,191.094628656,0.7766735534261698,1.5618809703075236,0.0805447186540107,0.291880970307524,20,26,-6.9,-5.7
COc1cccc(C(=O)O)c1,O=C(O)c1cccc(CO)c1,[*]OC,[*]CO,[*:1]-[OH0]-[CH3]>>[*:1]-[CH2]-[OH1],353,0.8771,152.047344116,0.6608335621674538,1.5175557209126147,-0.0352952726047053,0.2475557209126151,20,27,-6.9,-7.0
COc1cccc(C(=O)O)c1,CCCNc1cccc(C(=O)O)c1,[*]OC,[*]NCCC,[*:1]-[OH0]-[CH3]>>[*:1]-[NH1]-[CH2]-[CH2]-[CH3],51,2.2067,179.094628656,0.7445417932895605,1.5736782115472892,0.0484129585174013,0.3036782115472896,20,28,-6.9,-7.0
COc1cccc(C(=O)O)c1,COc1cccc(N2CCOCC2)c1,[*]C(=O)O,[*]N1CCOCC1,[*:1]-[CH0](=[OH0])-[OH1]>>[*:1]-[NH0]1-[CH2]-[CH2]-[OH0]-[CH2]-[CH2]-1,37,1.5318,193.11027872,0.710672885660566,1.6089841504200937,0.0145440508884068,0.3389841504200941,20,29,-6.9,-5.0
COc1cccc(C(=O)O)c1,COc1cccc(C(F)(F)F)c1,[*]C(=O)O,[*]C(F)(F)F,[*:1]-[CH0](=[OH0])-[OH1]>>[*:1]-[CH0](-[FH0])(-[FH0])-[FH0],118,2.7140000000000004,176.044899504,0.6387622689270488,1.5085300229462997,-0.0573665658451103,0.2385300229462998,20,30,-6.9,-5.8
COc1cccc(C(=O)O)c1,COc1cccc(CC(N)=O)c1,[*]C(=O)O,[*]CC(N)=O,[*:1]-[CH0](=[OH0])-[OH1]>>[*:1]-[CH2]-[CH0](-[NH2])=[OH0],13,0.7229999999999999,165.078978592,0.71715396588548,1.5439541488204256,0.0210251311133208,0.273954148820426,20,31,-6.9,-5.8
COc1cccc(C(=O)O)c1,NC(=O)c1cccc(C(=O)O)c1,[*]OC,[*]C(N)=O,[*:1]-[OH0]-[CH3]>>[*:1]-[CH0](-[NH2])=[OH0],254,0.4837000000000002,165.042593084,0.6684472453619384,1.492200215253991,-0.0276815894102206,0.2222002152539914,20,32,-6.9,-7.2
COc1cccc(C(=O)O)c1,O=C(O)c1cccc(C2CC2)c1,[*]OC,[*]C1CC1,[*:1]-[OH0]-[CH3]>>[*:1]-[CH1]1-[CH2]-[CH2]-1,226,2.2621999999999995,162.06807956,0.7237680926806672,1.6176156872819618,0.027639257908508,0.3476156872819622,20,33,-6.9,-6.9
COc1cccc(C(=O)O)c1,COc1cccc(OC(C)C)c1,[*]C(=O)O,[*]OC(C)C,[*:1]-[CH0](=[OH0])-[OH1]>>[*:1]-[OH0]-[CH1](-[CH3])-[CH3],12,2.4824,166.099379688,0.6864019519494052,1.4760702327365092,-0.0097268828227539,0.2060702327365096,20,34,-6.9,-5.3
COc1cccc(C(=O)O)c1,N#CCc1cccc(C(=O)O)c1,[*]OC,[*]CC#N,[*:1]-[OH0]-[CH3]>>[*:1]-[CH2]-[CH0]#[NH0],29,1.45088,161.047678464,0.7135741815630219,1.8518716313379076,0.0174453467908627,0.5818716313379078,20,35,-6.9,-6.6
COc1cccc(C(=O)O)c1,COc1cccc(OC(F)(F)F)c1,[*]C(=O)O,[*]OC(F)(F)F,[*:1]-[CH0](=[OH0])-[OH1]>>[*:1]-[OH0]-[CH0](-[FH0])(-[FH0])-[FH0],36,2.5938000000000008,192.039814124,0.7164874031811375,1.6691417280308034,0.0203585684089783,0.3991417280308038,20,36,-6.9,-6.0
COc1cccc(C(=O)O)c1,CCOc1cccc(C(=O)O)c1,[*]OC,[*]OCC,[*:1]-[OH0]-[CH3]>>[*:1]-[OH0]-[CH2]-[CH3],2568,1.7835,166.06299418,0.7440366020306662,1.3824072956735716,0.047907767258507,0.112407295673572,20,37,-6.9,-6.5
COc1cccc(C(=O)O)c1,O=C(O)c1cccc(CF)c1,[*]OC,[*]CF,[*:1]-[OH0]-[CH3]>>[*:1]-[CH2]-[FH0],31,1.8543,154.043007684,0.7053535300558561,1.787329567066461,0.0092246952836969,0.5173295670664615,20,38,-6.9,-6.9
COc1cccc(C(=O)O)c1,COc1cccc(C(=O)N2CCC2)c1,[*]C(=O)O,[*]C(=O)N1CCC1,[*:1]-[CH0](=[OH0])-[OH1]>>[*:1]-[CH0](=[OH0])-[NH0]1-[CH2]-[CH2]-[CH2]-1,12,1.5411,191.094628656,0.709289141742953,1.4127906448637368,0.0131603069707938,0.1427906448637372,20,39,-6.9,-4.7
COc1cccc(C(=O)O)c1,COc1cccc(CC(=O)O)c1,[*]C(=O)O,[*]CC(=O)O,[*:1]-[CH0](=[OH0])-[OH1]>>[*:1]-[CH2]-[CH0](=[OH0])-[OH1],212,1.3223,166.06299418,0.7361978698902023,1.4307387642050422,0.0400690351180431,0.1607387642050426,20,40,-6.9,-6.5
COc1cccc(C(=O)O)c1,CCNC(=O)c1cccc(OC)c1,[*]C(=O)O,[*]C(=O)NCC,[*:1]-[CH0](=[OH0])-[OH1]>>[*:1]-[CH0](=[OH0])-[NH1]-[CH2]-[CH3],40,1.4449,179.094628656,0.7621476456446835,1.397501288470366,0.0660188108725243,0.1275012884703663,20,41,-6.9,-5.8
COc1cccc(C(=O)O)c1,O=C(O)c1cccc(N2CC(O)C2)c1,[*]OC,[*]N1CC(O)C1,[*:1]-[OH0]-[CH3]>>[*:1]-[NH0]1-[CH2]-[CH1](-[OH1])-[CH2]-1,23,0.5657000000000001,193.073893212,0.7203067467396167,1.860970464234649,0.0241779119674575,0.5909704642346494,20,42,-6.9,-6.3
COc1cccc(C(=O)O)c1,COCc1cccc(C(=O)O)c1,[*]OC,[*]COC,[*:1]-[OH0]-[CH3]>>[*:1]-[CH2]-[OH0]-[CH3],163,1.5312,166.06299418,0.7402240549335253,1.5324324704987458,0.0440952201613661,0.2624324704987462,20,43,-6.9,-6.6
COc1cccc(C(=O)O)c1,O=C(O)c1cccc(NCC2CC2)c1,[*]OC,[*]NCC1CC1,[*:1]-[OH0]-[CH3]>>[*:1]-[NH1]-[CH2]-[CH1]1-[CH2]-[CH2]-1,25,2.2067,191.094628656,0.7666510897671088,1.7011421241536766,0.0705222549949496,0.431142124153677,20,44,-6.9,-7.2
COc1cccc(C(=O)O)c1,COc1cccc(C(=O)N2CCCCC2)c1,[*]C(=O)O,[*]C(=O)N1CCCCC1,[*:1]-[CH0](=[OH0])-[OH1]>>[*:1]-[CH0](=[OH0])-[NH0]1-[CH2]-[CH2]-[CH2]-[CH2]-[CH2]-1,29,2.3213,219.125928784,0.763611755868964,1.4748779067864604,0.0674829210968048,0.2048779067864607,20,45,-6.9,-3.8
COc1cccc(C(=O)O)c1,O=C(O)c1cccc(N2CCCCC2)c1,[*]OC,[*]N1CCCCC1,[*:1]-[OH0]-[CH3]>>[*:1]-[NH0]1-[CH2]-[CH2]-[CH2]-[CH2]-[CH2]-1,206,2.3751,205.11027872,0.8054074507430772,1.580550292328068,0.109278615970918,0.3105502923280685,20,46,-6.9,-5.6
COc1cccc(C(=O)O)c1,O=C(O)c1cccc(N2CCOCC2)c1,[*]OC,[*]N1CCOCC1,[*:1]-[OH0]-[CH3]>>[*:1]-[NH0]1-[CH2]-[CH2]-[OH0]-[CH2]-[CH2]-1,638,1.2214,207.089543276,0.7918126323006194,1.6843223853513225,0.0956837975284602,0.4143223853513227,20,47,-6.9,-5.8
COc1cccc(C(=O)O)c1,COc1cccc(C(=O)N2CCCC2)c1,[*]C(=O)O,[*]C(=O)N1CCCC1,[*:1]-[CH0](=[OH0])-[OH1]>>[*:1]-[CH0](=[OH0])-[NH0]1-[CH2]-[CH2]-[CH2]-[CH2]-1,20,1.9312,205.11027872,0.7379766559156592,1.4460558379452415,0.0418478211435,0.1760558379452419,20,48,-6.9,-3.8
COc1cccc(C(=O)O)c1,O=C(O)c1cccc(C(=O)O)c1,[*]OC,[*]C(=O)O,[*:1]-[OH0]-[CH3]>>[*:1]-[CH0](=[OH0])-[OH1],264,1.083,166.026608672,0.688908808436835,1.411477138330916,-0.0072200263353241,0.1414771383309165,20,49,-6.9,-7.0
COc1cccc(C(=O)O)c1,CN(C)C(=O)c1cccc(C(=O)O)c1,[*]OC,[*]C(=O)N(C)C,[*:1]-[OH0]-[CH3]>>[*:1]-[CH0](=[OH0])-[NH0](-[CH3])-[CH3],119,1.0866,193.073893212,0.7643174931850601,1.5852273632389142,0.068188658412901,0.3152273632389146,20,50,-6.9,-6.2
COc1cccc(C(=O)O)c1,CC(C)(C)Nc1cccc(C(=O)O)c1,[*]OC,[*]NC(C)(C)C,[*:1]-[OH0]-[CH3]>>[*:1]-[NH1]-[CH0](-[CH3])(-[CH3])-[CH3],41,2.5952,193.11027872,0.7585734720251031,1.853243995255548,0.0624446372529439,0.5832439952555486,20,51,-6.9,-6.5
COc1cccc(C(=O)O)c1,O=C(O)c1cccc(CCO)c1,[*]OC,[*]CCO,[*:1]-[OH0]-[CH3]>>[*:1]-[CH2]-[CH2]-[OH1],31,0.9196,166.06299418,0.7015350069228066,1.604956946023222,0.0054061721506474,0.3349569460232224,20,52,-6.9,-7.2
COc1cccc(C(=O)O)c1,COc1cccc(N2CCCCC2)c1,[*]C(=O)O,[*]N1CCCCC1,[*:1]-[CH0](=[OH0])-[OH1]>>[*:1]-[NH0]1-[CH2]-[CH2]-[CH2]-[CH2]-[CH2]-1,10,2.685500000000001,191.131014164,0.7122842839730871,1.5001500040786304,0.0161554492009279,0.2301500040786308,20,53,-6.9,-4.1
COc1cccc(C(=O)O)c1,CC(=O)Nc1cccc(C(=O)O)c1,[*]OC,[*]NC(C)=O,[*:1]-[OH0]-[CH3]>>[*:1]-[NH1]-[CH0](-[CH3])=[OH0],396,1.3432,179.058243148,0.7195027364935574,1.414665244514321,0.0233739017213983,0.1446652445143215,20,54,-6.9,-6.4
COc1cccc(C(=O)O)c1,COc1cccc(C(=O)NC2CC2)c1,[*]C(=O)O,[*]C(=O)NC1CC1,[*:1]-[CH0](=[OH0])-[OH1]>>[*:1]-[CH0](=[OH0])-[NH1]-[CH1]1-[CH2]-[CH2]-1,32,1.5874,191.094628656,0.7874406377080782,1.4282628342128485,0.091311802935919,0.1582628342128487,20,55,-6.9,-5.4
COc1cccc(C(=O)O)c1,CCN(C)c1cccc(C(=O)O)c1,[*]OC,[*]N(C)CC,[*:1]-[OH0]-[CH3]>>[*:1]-[NH0](-[CH3])-[CH2]-[CH3],29,1.8409,179.094628656,0.7692459054295224,1.8366564533055296,0.0731170706573632,0.56665645330553,20,56,-6.9,-6.6
COc1cccc(C(=O)O)c1,O=C(O)c1cccc(C(=O)N2CCC2)c1,[*]OC,[*]C(=O)N1CCC1,[*:1]-[OH0]-[CH3]>>[*:1]-[CH0](=[OH0])-[NH0]1-[CH2]-[CH2]-[CH2]-1,13,1.2307,205.073893212,0.789556110122908,1.5186599480722105,0.0934272753507489,0.2486599480722109,20,57,-6.9,-6.4
COc1cccc(C(=O)O)c1,COc1cccc(CNC(C)=O)c1,[*]C(=O)O,[*]CNC(C)=O,[*:1]-[CH0](=[OH0])-[OH1]>>[*:1]-[CH2]-[NH1]-[CH0](-[CH3])=[OH0],13,1.3313,179.094628656,0.7598015468318192,1.4521551346242116,0.06367271205966,0.182155134624212,20,58,-6.9,-5.7
COc1cccc(C(=O)O)c1,COc1cccc(C(C)(C)O)c1,[*]C(=O)O,[*]C(C)(C)O,[*:1]-[CH0](=[OH0])-[OH1]>>[*:1]-[CH0](-[CH3])(-[CH3])-[OH1],20,1.9226,166.099379688,0.7269542801144031,1.7539704075616829,0.0308254453422439,0.4839704075616833,20,59,-6.9,-5.8
COc1cccc(C(=O)O)c1,CN1CCN(c2cccc(C(=O)O)c2)CC1,[*]OC,[*]N1CCN(C)CC1,[*:1]-[OH0]-[CH3]>>[*:1]-[NH0]1-[CH2]-[CH2]-[NH0](-[CH3])-[CH2]-[CH2]-1,200,1.1365999999999998,220.121177752,0.8112907473694853,1.6770561676560245,0.1151619125973261,0.4070561676560249,20,60,-6.9,-5.3
COc1cccc(C(=O)O)c1,COc1cccc(C(C)=O)c1,[*]C(=O)O,[*]C(C)=O,[*:1]-[CH0](=[OH0])-[OH1]>>[*:1]-[CH0](-[CH3])=[OH0],68,1.8978,150.06807956,0.6016592633823299,1.3203911055279995,-0.0944695713898292,0.0503911055279999,20,61,-6.9,-5.7
COc1cccc(C(=O)O)c1,CNC(=O)c1cccc(C(=O)O)c1,[*]OC,[*]C(=O)NC,[*:1]-[OH0]-[CH3]>>[*:1]-[CH0](=[OH0])-[NH1]-[CH3],127,0.7444000000000001,179.058243148,0.703353656122462,1.50558700275608,0.0072248213503028,0.2355870027560804,20,62,-6.9,-6.9
COc1cccc(C(=O)O)c1,CC(=O)N(C)c1cccc(C(=O)O)c1,[*]OC,[*]N(C)C(C)=O,[*:1]-[OH0]-[CH3]>>[*:1]-[NH0](-[CH3])-[CH0](-[CH3])=[OH0],25,1.3675,193.073893212,0.7711883565264254,1.8428556376671903,0.0750595217542662,0.5728556376671907,20,63,-6.9,-6.3
COc1cccc(C(=O)O)c1,CC(C)c1cccc(C(=O)O)c1,[*]OC,[*]C(C)C,[*:1]-[OH0]-[CH3]>>[*:1]-[CH1](-[CH3])-[CH3],531,2.5081999999999995,164.083729624,0.7287360986569996,1.5169978114078368,0.0326072638848404,0.2469978114078372,20,64,-6.9,-6.9
COc1cccc(C(=O)O)c1,CCC(=O)Nc1cccc(C(=O)O)c1,[*]OC,[*]NC(=O)CC,[*:1]-[OH0]-[CH3]>>[*:1]-[NH1]-[CH0](=[OH0])-[CH2]-[CH3],17,1.7333,193.073893212,0.7677780093858646,1.4777453630200732,0.0716491746137054,0.2077453630200736,20,65,-6.9,-6.8
COc1cccc(C(=O)O)c1,CCOC(=O)Nc1cccc(C(=O)O)c1,[*]OC,[*]NC(=O)OCC,[*:1]-[OH0]-[CH3]>>[*:1]-[NH1]-[CH0](=[OH0])-[OH0]-[CH2]-[CH3],12,1.9532,209.068807832,0.7972670711094325,1.56533161786583,0.1011382363372733,0.2953316178658305,20,66,-6.9,-7.3
COc1cccc(C(=O)O)c1,CCCc1cccc(C(=O)O)c1,[*]OC,[*]CCC,[*:1]-[OH0]-[CH3]>>[*:1]-[CH2]-[CH2]-[CH3],143,2.3373,164.083729624,0.7440125039511484,1.453182120848398,0.0478836691789892,0.1831821208483983,20,67,-6.9,-6.8
COc1cccc(C(=O)O)c1,CN(C)Cc1cccc(C(=O)O)c1,[*]OC,[*]CN(C)C,[*:1]-[OH0]-[CH3]>>[*:1]-[CH2]-[NH0](-[CH3])-[CH3],51,1.4464,179.094628656,0.7629776049563637,1.6037087609978364,0.0668487701842045,0.3337087609978368,20,68,-6.9,-5.9
COc1cccc(C(=O)O)c1,COc1cccc(OCCO)c1,[*]C(=O)O,[*]OCCO,[*:1]-[CH0](=[OH0])-[OH1]>>[*:1]-[OH0]-[CH2]-[CH2]-[OH1],17,1.0663,168.078644244,0.7303478218772761,1.51088590529924,0.0342189871051169,0.2408859052992404,20,69,-6.9,-5.4
COc1cccc(C(=O)O)c1,O=C(O)c1cccc(NC2CCCCC2)c1,[*]OC,[*]NC1CCCCC1,[*:1]-[OH0]-[CH3]>>[*:1]-[NH1]-[CH1]1-[CH2]-[CH2]-[CH2]-[CH2]-[CH2]-1,28,3.1294000000000013,219.125928784,0.8207021591166228,1.6852070037764246,0.1245733243444636,0.415207003776425,20,70,-6.9,-7.2
COc1cccc(C(=O)O)c1,COc1cccc(C(=O)N2CCOCC2)c1,[*]C(=O)O,[*]C(=O)N1CCOCC1,[*:1]-[CH0](=[OH0])-[OH1]>>[*:1]-[CH0](=[OH0])-[NH0]1-[CH2]-[CH2]-[OH0]-[CH2]-[CH2]-1,80,1.1676,221.10519334,0.752081622554414,1.5899845957496694,0.0559527877822548,0.3199845957496698,20,71,-6.9,-4.3
COc1cccc(C(=O)O)c1,COC1CN(c2cccc(C(=O)O)c2)C1,[*]OC,[*]N1CC(OC)C1,[*:1]-[OH0]-[CH3]>>[*:1]-[NH0]1-[CH2]-[CH1](-[OH0]-[CH3])-[CH2]-1,11,1.2198,207.089543276,0.8092239470981614,1.9449323683348732,0.1130951123260022,0.6749323683348738,20,72,-6.9,-5.7
COc1cccc(C(=O)O)c1,O=C(O)c1cccc(N2CCCCCC2)c1,[*]OC,[*]N1CCCCCC1,[*:1]-[OH0]-[CH3]>>[*:1]-[NH0]1-[CH2]-[CH2]-[CH2]-[CH2]-[CH2]-[CH2]-1,18,2.765200000000001,219.125928784,0.8310556723507478,1.600600983709537,0.1349268375785887,0.3306009837095374,20,73,-6.9,-4.6
COc1cccc(C(=O)O)c1,O=C(O)c1cccc(N2CCCC2=O)c1,[*]OC,[*]N1CCCC1=O,[*:1]-[OH0]-[CH3]>>[*:1]-[NH0]1-[CH2]-[CH2]-[CH2]-[CH0]-1=[OH0],21,1.5116,205.073893212,0.7957141115354202,1.7555748770456745,0.099585276763261,0.4855748770456749,20,74,-6.9,-5.9
COc1cccc(C(=O)O)c1,CCNC(=O)c1cccc(C(=O)O)c1,[*]OC,[*]C(=O)NCC,[*:1]-[OH0]-[CH3]>>[*:1]-[CH0](=[OH0])-[NH1]-[CH2]-[CH3],25,1.1345,193.073893212,0.7558529261644582,1.5086805856921366,0.059724091392299,0.238680585692137,20,75,-6.9,-7.0
COc1cccc(C(=O)O)c1,CC(C)(C)c1cccc(C(=O)O)c1,[*]OC,[*]C(C)(C)C,[*:1]-[OH0]-[CH3]>>[*:1]-[CH0](-[CH3])(-[CH3])-[CH3],429,2.682300000000001,178.099379688,0.717431530688905,1.572558754533711,0.0213026959167458,0.3025587545337114,20,76,-6.9,-6.0
COc1cccc(C(=O)O)c1,COc1cccc(C(=O)NC(C)C)c1,[*]C(=O)O,[*]C(=O)NC(C)C,[*:1]-[CH0](=[OH0])-[OH1]>>[*:1]-[CH0](=[OH0])-[NH1]-[CH1](-[CH3])-[CH3],30,1.8334,193.11027872,0.7949551652971591,1.4256182375140014,0.098826330525,0.1556182375140018,20,77,-6.9,-5.6
COc1cccc(C(=O)O)c1,COc1cccc(C(=O)N2CCNCC2)c1,[*]C(=O)O,[*]C(=O)N1CCNCC1,[*:1]-[CH0](=[OH0])-[OH1]>>[*:1]-[CH0](=[OH0])-[NH0]1-[CH2]-[CH2]-[NH1]-[CH2]-[CH2]-1,11,0.7405999999999995,220.121177752,0.7989929118348227,1.7393424552814434,0.1028640770626635,0.4693424552814438,20,78,-6.9,-4.1
COc1cccc(C(=O)O)c1,COC(=O)c1cccc(OC)c1,[*]C(=O)O,[*]C(=O)OC,[*:1]-[CH0](=[OH0])-[OH1]>>[*:1]-[CH0](=[OH0])-[OH0]-[CH3],638,1.4818,166.06299418,0.6240969235528274,1.311149953016228,-0.0720319112193317,0.0411499530162284,20,79,-6.9,-5.3
COc1cccc(C(=O)O)c1,O=C(O)Cc1cccc(C(=O)O)c1,[*]OC,[*]CC(=O)O,[*:1]-[OH0]-[CH3]>>[*:1]-[CH2]-[CH0](=[OH0])-[OH1],17,1.0119,180.042258736,0.7274826957582978,1.5374568928659684,0.0313538609861386,0.2674568928659688,20,80,-6.9,-7.0
COc1cccc(C(=O)O)c1,COc1cccc(OCC(=O)O)c1,[*]C(=O)O,[*]OCC(=O)O,[*:1]-[CH0](=[OH0])-[OH1]>>[*:1]-[OH0]-[CH2]-[CH0](=[OH0])-[OH1],48,1.1586,182.0579088,0.7586167170404677,1.468620519239595,0.0624878822683085,0.1986205192395953,20,81,-6.9,-6.3
COc1cccc(C(=O)O)c1,N#CCOc1cccc(C(=O)O)c1,[*]OC,[*]OCC#N,[*:1]-[OH0]-[CH3]>>[*:1]-[OH0]-[CH2]-[CH0]#[NH0],36,1.28718,177.042593084,0.754580870311681,1.8270089807780567,0.0584520355395218,0.5570089807780576,20,82,-6.9,-6.7
COc1cccc(C(=O)O)c1,CCN(CC)c1cccc(C(=O)O)c1,[*]OC,[*]N(CC)CC,[*:1]-[OH0]-[CH3]>>[*:1]-[NH0](-[CH2]-[CH3])-[CH2]-[CH3],148,2.231,193.11027872,0.7967255921623789,1.7507988043156182,0.1005967573902197,0.4807988043156186,20,83,-6.9,-6.0
COc1cccc(C(=O)O)c1,COc1cccc(CN2CCOCC2)c1,[*]C(=O)O,[*]CN1CCOCC1,[*:1]-[CH0](=[OH0])-[OH1]>>[*:1]-[CH2]-[NH0]1-[CH2]-[CH2]-[OH0]-[CH2]-[CH2]-1,19,1.5274,207.125928784,0.749916289125499,1.5697352167060163,0.0537874543533398,0.2997352167060167,20,84,-6.9,-4.7
COc1cccc(C(=O)O)c1,O=C(O)c1cccc(CN2CCCC2)c1,[*]OC,[*]CN1CCCC1,[*:1]-[OH0]-[CH3]>>[*:1]-[CH2]-[NH0]1-[CH2]-[CH2]-[CH2]-[CH2]-1,19,1.9806,205.11027872,0.8198642294990388,1.5339080740811983,0.1237353947268796,0.2639080740811987,20,85,-6.9,-5.8
COc1cccc(C(=O)O)c1,COc1cccc(NS(C)(=O)=O)c1,[*]C(=O)O,[*]NS(C)(=O)=O,[*:1]-[CH0](=[OH0])-[OH1]>>[*:1]-[NH1]-[SH0](-[CH3])(=[OH0])=[OH0],55,1.0667,201.045964212,0.7953495802943071,1.5759689807780577,0.0992207455221479,0.3059689807780579,20,86,-6.9,-5.8
COc1cccc(C(=O)O)c1,CC(C)Oc1cccc(C(=O)O)c1,[*]OC,[*]OC(C)C,[*:1]-[OH0]-[CH3]>>[*:1]-[OH0]-[CH1](-[CH3])-[CH3],825,2.172,180.078644244,0.7749290146965723,1.5588116181406946,0.0788001799244131,0.288811618140695,20,87,-6.9,-6.0
COc1cccc(C(=O)O)c1,COc1cccc(NC(N)=O)c1,[*]C(=O)O,[*]NC(N)=O,[*:1]-[CH0](=[OH0])-[OH1]>>[*:1]-[NH1]-[CH0](-[NH2])=[OH0],10,1.1858,166.07422756,0.6925439676722367,1.4891485544148306,-0.0035848670999224,0.219148554414831,20,88,-6.9,-5.9
COc1cccc(C(=O)O)c1,O=C(O)c1cccc(N2CCSCC2)c1,[*]OC,[*]N1CCSCC1,[*:1]-[OH0]-[CH3]>>[*:1]-[NH0]1-[CH2]-[CH2]-[SH0]-[CH2]-[CH2]-1,27,1.938,223.066699656,0.8314851853897116,2.00403973776635,0.1353563506175524,0.7340397377663503,20,89,-6.9,-5.0
COc1cccc(C(=O)O)c1,O=C(O)c1cccc(OC2CC2)c1,[*]OC,[*]OC1CC1,[*:1]-[OH0]-[CH3]>>[*:1]-[OH0]-[CH1]1-[CH2]-[CH2]-1,47,1.926,178.06299418,0.7687132314577099,1.6803282115472875,0.0725843966855507,0.4103282115472879,20,90,-6.9,-6.6
COc1cccc(C(=O)O)c1,O=C(O)c1cccc(C(F)F)c1,[*]OC,[*]C(F)F,[*:1]-[OH0]-[CH3]>>[*:1]-[CH1](-[FH0])-[FH0],83,2.322399999999999,172.033585872,0.7427251205570278,1.8762103114078383,0.0465962857848686,0.606210311407839,20,91,-6.9,-7.4
COc1cccc(C(=O)O)c1,O=C(O)c1cccc(NC(=O)C2CC2)c1,[*]OC,[*]NC(=O)C1CC1,[*:1]-[OH0]-[CH3]>>[*:1]-[NH1]-[CH0](=[OH0])-[CH1]1-[CH2]-[CH2]-1,14,1.7333,205.073893212,0.7892614321378244,1.4834265521997896,0.0931325973656652,0.21342655219979,20,92,-6.9,-6.7
COc1cccc(C(=O)O)c1,O=C(O)c1cccc(C(=O)N2CCCC2)c1,[*]OC,[*]C(=O)N1CCCC1,[*:1]-[OH0]-[CH3]>>[*:1]-[CH0](=[OH0])-[NH0]1-[CH2]-[CH2]-[CH2]-[CH2]-1,26,1.6208,219.089543276,0.8218363465507115,1.5449269368867924,0.1257075117785523,0.2749269368867928,20,93,-6.9,-6.0
COc1cccc(C(=O)O)c1,O=C(O)c1cccc(N2CCNCC2)c1,[*]OC,[*]N1CCNCC1,[*:1]-[OH0]-[CH3]>>[*:1]-[NH0]1-[CH2]-[CH2]-[NH1]-[CH2]-[CH2]-1,77,0.7943999999999996,206.105527688,0.7509941006766773,1.8352841027037383,0.0548652659045181,0.565284102703739,20,94,-6.9,-6.2
COc1cccc(C(=O)O)c1,O=C(O)c1cccc(C(F)(F)F)c1,[*]OC,[*]C(F)(F)F,[*:1]-[OH0]-[CH3]>>[*:1]-[CH0](-[FH0])(-[FH0])-[FH0],2782,2.4036,190.02416406,0.7377059638869685,1.5923831889228524,0.0415771291148093,0.3223831889228528,20,95,-6.9,-7.6
COc1cccc(C(=O)O)c1,COc1cccc(C(=O)N2CCN(C)CC2)c1,[*]C(=O)O,[*]C(=O)N1CCN(C)CC1,[*:1]-[CH0](=[OH0])-[OH1]>>[*:1]-[CH0](=[OH0])-[NH0]1-[CH2]-[CH2]-[NH0](-[CH3])-[CH2]-[CH2]-1,46,1.0827999999999998,234.136827816,0.7674541319488677,1.584686774148249,0.0713252971767085,0.3146867741482495,20,96,-6.9,-3.3
COc1cccc(C(=O)O)c1,O=C(O)c1cccc(C(=O)N2CCCCC2)c1,[*]OC,[*]C(=O)N1CCCCC1,[*:1]-[OH0]-[CH3]>>[*:1]-[CH0](=[OH0])-[NH0]1-[CH2]-[CH2]-[CH2]-[CH2]-[CH2]-1,23,2.0109,233.10519334,0.8496487514346532,1.569531004917479,0.1535199166624941,0.2995310049174797,20,97,-6.9,-6.2
COc1cccc(C(=O)O)c1,CCOCc1cccc(C(=O)O)c1,[*]OC,[*]COCC,[*:1]-[OH0]-[CH3]>>[*:1]-[CH2]-[OH0]-[CH2]-[CH3],10,1.9213,180.078644244,0.7695223152162529,1.605482057701133,0.0733934804440937,0.3354820577011335,20,98,-6.9,-6.8
COc1cccc(C(=O)O)c1,CCCNC(=O)c1cccc(OC)c1,[*]C(=O)O,[*]C(=O)NCCC,[*:1]-[CH0](=[OH0])-[OH1]>>[*:1]-[CH0](=[OH0])-[NH1]-[CH2]-[CH2]-[CH3],12,1.835,193.11027872,0.7918926477093976,1.38219774545545,0.0957638129372384,0.1121977454554503,20,99,-6.9,-6.0
CCN[C@@H](C)COP(=O)(O)O,CCNCCOP(=O)(O)O,[*]C[C@@H]([*])C,[*]CC[*],[*:1]-[CH2]-[C@@H1](-[*:2])-[CH3]>>[*:1]-[CH2]-[CH2]-[*:2],75,-0.2947999999999999,169.050394494,0.3888627031346996,2.605655165492081,-0.137535785896933,-0.5543448345079192,21,0,-6.2,-5.9
CCN[C@@H](C)COP(=O)(O)O,CCNCCOP(=O)(O)O,[*]C[C@@H]([*])C,[*]CC[*],[*:1]-[CH2]-[C@@H1](-[*:2])-[CH3]>>[*:1]-[CH2]-[CH2]-[*:2],75,-0.2947999999999999,169.050394494,0.3888627031346996,2.605655165492081,-0.137535785896933,-0.5543448345079192,21,1,-6.2,-6.1
CCN[C@@H](C)COP(=O)(O)O,CCC[C@@H](C)COP(=O)(O)O,[*]N[*],[*]C[*],[*:1]-[NH1]-[*:2]>>[*:1]-[CH2]-[*:2],77,1.5318999999999998,182.07079559,0.6325177238833111,3.041746264359446,0.1061192348516784,-0.1182537356405539,21,2,-6.2,-6.4
CCN[C@@H](C)COP(=O)(O)O,CCC[C@@H](C)COP(=O)(O)O,[*]N[*],[*]C[*],[*:1]-[NH1]-[*:2]>>[*:1]-[CH2]-[*:2],77,1.5318999999999998,182.07079559,0.6325177238833111,3.041746264359446,0.1061192348516784,-0.1182537356405539,21,3,-6.2,-6.5
CCN[C@@H](C)COP(=O)(O)O,CCCC[C@@H](C)COP(=O)(O)O,[*]N[*],[*]CC[*],[*:1]-[NH1]-[*:2]>>[*:1]-[CH2]-[CH2]-[*:2],11,1.9220000000000008,196.086445654,0.6366856671521736,2.939108155900397,0.1102871781205409,-0.2208918440996026,21,4,-6.2,-5.9
CCN[C@@H](C)COP(=O)(O)O,CCCC[C@@H](C)COP(=O)(O)O,[*]N[*],[*]CC[*],[*:1]-[NH1]-[*:2]>>[*:1]-[CH2]-[CH2]-[*:2],11,1.922,196.086445654,0.6366856671521736,2.939108155900397,0.1102871781205409,-0.2208918440996026,21,5,-6.2,-6.2
CCN[C@@H](C)COP(=O)(O)O,CCN[C@H](C)COP(=O)(O)O,[*]C[C@@H]([*])C,[*]C[C@H]([*])C,[*:1]-[CH2]-[C@@H1](-[*:2])-[CH3]>>[*:1]-[CH2]-[C@H1](-[*:2])-[CH3],87,0.0936999999999999,183.066044558,0.5263984890316328,3.169343517106697,1.1102230246251563e-16,0.0093435171066973,21,6,-6.2,-6.3
CCN[C@@H](C)COP(=O)(O)O,CCN[C@H](C)COP(=O)(O)O,[*]C[C@@H]([*])C,[*]C[C@H]([*])C,[*:1]-[CH2]-[C@@H1](-[*:2])-[CH3]>>[*:1]-[CH2]-[C@H1](-[*:2])-[CH3],87,0.0936999999999999,183.066044558,0.5263984890316328,3.169343517106697,1.1102230246251563e-16,0.0093435171066973,21,7,-6.2,-6.5
CCN[C@@H](C)COP(=O)(O)O,CCNC(C)COP(=O)(O)O,[*]C[C@@H]([*])C,[*]CC([*])C,[*:1]-[CH2]-[C@@H1](-[*:2])-[CH3]>>[*:1]-[CH2]-[CH1](-[*:2])-[CH3],26,0.0936999999999999,183.066044558,0.5263984890316328,3.169343517106697,1.1102230246251563e-16,0.0093435171066973,21,8,-6.2,-6.3
CCN[C@@H](C)COP(=O)(O)O,CCNC(C)COP(=O)(O)O,[*]C[C@@H]([*])C,[*]CC([*])C,[*:1]-[CH2]-[C@@H1](-[*:2])-[CH3]>>[*:1]-[CH2]-[CH1](-[*:2])-[CH3],26,0.0936999999999999,183.066044558,0.5263984890316328,3.169343517106697,1.1102230246251563e-16,0.0093435171066973,21,9,-6.2,-6.3
CCN[C@@H](C)COP(=O)(O)O,CCO[C@@H](C)COP(=O)(O)O,[*]N[*],[*]O[*],[*:1]-[NH1]-[*:2]>>[*:1]-[OH0]-[*:2],1876,0.5206999999999997,184.050060146,0.6089300206710717,3.207919890733072,0.082531531639439,0.0479198907330715,21,10,-6.2,-6.0
CCN[C@@H](C)COP(=O)(O)O,CCO[C@@H](C)COP(=O)(O)O,[*]N[*],[*]O[*],[*:1]-[NH1]-[*:2]>>[*:1]-[OH0]-[*:2],1876,0.5206999999999997,184.050060146,0.6089300206710717,3.207919890733072,0.082531531639439,0.0479198907330715,21,11,-6.2,-6.2
CCN[C@@H](C)COP(=O)(O)O,CCNC(=O)[C@@H](C)COP(=O)(O)O,[*]N[*],[*]NC([*])=O,[*:1]-[NH1]-[*:2]>>[*:1]-[NH1]-[CH0](-[*:2])=[OH0],131,-0.1321000000000002,211.060959178,0.5502012817507852,3.132440723026087,0.0238027927191525,-0.0275592769739132,21,12,-6.2,-6.4
CCN[C@@H](C)COP(=O)(O)O,CCC(=O)N[C@@H](C)COP(=O)(O)O,[*]N[*],[*]NC([*])=O,[*:1]-[NH1]-[*:2]>>[*:1]-[NH1]-[CH0](-[*:2])=[OH0],131,0.0103999999999996,211.060959178,0.5564959645048674,2.991835128620494,0.0300974754732347,-0.1681648713795063,21,13,-6.2,-6.1
CCN[C@@H](C)COP(=O)(O)O,CCN(C)[C@@H](C)COP(=O)(O)O,[*]N[*],[*]N([*])C,[*:1]-[NH1]-[*:2]>>[*:1]-[NH0](-[*:2])-[CH3],2052,0.4358999999999998,197.081694622,0.6254780132002535,3.319724632327196,0.0990795241686208,0.1597246323271957,21,14,-6.2,-6.4
CCN[C@@H](C)COP(=O)(O)O,CCN(C)[C@@H](C)COP(=O)(O)O,[*]N[*],[*]N([*])C,[*:1]-[NH1]-[*:2]>>[*:1]-[NH0](-[*:2])-[CH3],2052,0.4358999999999998,197.081694622,0.6254780132002535,3.319724632327196,0.0990795241686208,0.1597246323271957,21,15,-6.2,-6.5
CCN[C@@H](C)COP(=O)(O)O,C[C@@H](COP(=O)(O)O)NC1CC1,[*]CC,[*]C1CC1,[*:1]-[CH2]-[CH3]>>[*:1]-[CH1]1-[CH2]-[CH2]-1,480,0.2361999999999998,195.066044558,0.5473334936506729,3.178829743989727,0.0209350046190401,0.0188297439897269,21,16,-6.2,-6.6
CCN[C@@H](C)COP(=O)(O)O,COC(=O)N[C@@H](C)COP(=O)(O)O,[*]CC,[*]C(=O)OC,[*:1]-[CH2]-[CH3]>>[*:1]-[CH0](=[OH0])-[OH0]-[CH3],57,-0.1598,213.040223734,0.560164423735111,3.035014149599513,0.0337659347034783,-0.1249858504004866,21,17,-6.2,-6.1
CCN[C@@H](C)COP(=O)(O)O,CCOC[C@@H](C)COP(=O)(O)O,[*]N[*],[*]OC[*],[*:1]-[NH1]-[*:2]>>[*:1]-[OH0]-[CH2]-[*:2],105,0.7683,198.06571021,0.6162124861835397,3.177547858133648,0.089813997151907,0.0175478581336472,21,18,-6.2,-6.0
CCN[C@@H](C)COP(=O)(O)O,CCOC[C@@H](C)COP(=O)(O)O,[*]N[*],[*]OC[*],[*:1]-[NH1]-[*:2]>>[*:1]-[OH0]-[CH2]-[*:2],105,0.7683,198.06571021,0.6162124861835397,3.177547858133648,0.089813997151907,0.0175478581336472,21,19,-6.2,-6.2
CCN[C@@H](C)COP(=O)(O)O,CC(=O)N[C@@H](C)COP(=O)(O)O,[*]CC,[*]C(C)=O,[*:1]-[CH2]-[CH3]>>[*:1]-[CH0](-[CH3])=[OH0],223,-0.3797,197.045309114,0.5336691127938725,3.0373507861733504,0.0072706237622398,-0.1226492138266497,21,20,-6.2,-6.6
CCN[C@@H](C)COP(=O)(O)O,CCNCCCOP(=O)(O)O,[*]C[C@@H]([*])C,[*]CCC[*],[*:1]-[CH2]-[C@@H1](-[*:2])-[CH3]>>[*:1]-[CH2]-[CH2]-[CH2]-[*:2],12,0.0952999999999999,183.066044558,0.401624208185433,2.5069966227693783,-0.1247742808461996,-0.6530033772306219,21,21,-6.2,-6.2
CCN[C@@H](C)COP(=O)(O)O,CCNCCCOP(=O)(O)O,[*]C[C@@H]([*])C,[*]CCC[*],[*:1]-[CH2]-[C@@H1](-[*:2])-[CH3]>>[*:1]-[CH2]-[CH2]-[CH2]-[*:2],12,0.0952999999999999,183.066044558,0.401624208185433,2.5069966227693783,-0.1247742808461996,-0.6530033772306219,21,22,-6.2,-6.0
CCN[C@@H](C)COP(=O)(O)O,CC(C)N[C@@H](C)COP(=O)(O)O,[*]CC,[*]C(C)C,[*:1]-[CH2]-[CH3]>>[*:1]-[CH1](-[CH3])-[CH3],1833,0.4821999999999998,197.081694622,0.5585736286174706,3.2646030938656576,0.0321751395858379,0.1046030938656574,21,23,-6.2,-6.4
CCN[C@@H](C)COP(=O)(O)O,CCCN[C@@H](C)COP(=O)(O)O,[*]N[*],[*]NC[*],[*:1]-[NH1]-[*:2]>>[*:1]-[NH1]-[CH2]-[*:2],1418,0.4837999999999999,197.081694622,0.5397004811741756,3.0531111335678918,0.0133019921425429,-0.1068888664321088,21,24,-6.2,-6.0
CCN[C@@H](C)COP(=O)(O)O,CCNC[C@@H](C)COP(=O)(O)O,[*]N[*],[*]NC[*],[*:1]-[NH1]-[*:2]>>[*:1]-[NH1]-[CH2]-[*:2],1418,0.3412999999999997,197.081694622,0.5350002330799739,3.168186071533152,0.0086017440483412,0.0081860715331512,21,25,-6.2,-6.1
CCN[C@@H](C)COP(=O)(O)O,CCN(C)C[C@@H](C)COP(=O)(O)O,[*]N[*],[*]N(C)C[*],[*:1]-[NH1]-[*:2]>>[*:1]-[NH0](-[CH3])-[CH2]-[*:2],69,0.6834999999999998,211.097344686,0.6321847113550111,3.2870351286204915,0.1057862223233784,0.1270351286204913,21,26,-6.2,-6.1
CCN[C@@H](C)COP(=O)(O)O,CCCN(C)[C@@H](C)COP(=O)(O)O,[*]N[*],[*]N(C)C[*],[*:1]-[NH1]-[*:2]>>[*:1]-[NH0](-[CH3])-[CH2]-[*:2],69,0.8259999999999998,211.097344686,0.6365242841620783,3.207826737012101,0.1101257951304456,0.0478267370121008,21,27,-6.2,-5.9
CCN[C@@H](C)COP(=O)(O)O,CCC(=O)[C@@H](C)COP(=O)(O)O,[*]N[*],[*]C([*])=O,[*:1]-[NH1]-[*:2]>>[*:1]-[CH0](-[*:2])=[OH0],41,0.7108999999999999,196.050060146,0.6323826049913711,3.331350786173349,0.1059841159597384,0.1713507861733489,21,28,-6.2,-6.8
CCN[C@@H](C)COP(=O)(O)O,CCC(=O)[C@@H](C)COP(=O)(O)O,[*]N[*],[*]C([*])=O,[*:1]-[NH1]-[*:2]>>[*:1]-[CH0](-[*:2])=[OH0],41,0.7108999999999999,196.050060146,0.6323826049913711,3.331350786173349,0.1059841159597384,0.1713507861733489,21,29,-6.2,-6.8
CCN[C@@H](C)COP(=O)(O)O,C[C@@H](COP(=O)(O)O)NC(C)(C)C,[*]CC,[*]C(C)(C)C,[*:1]-[CH2]-[CH3]>>[*:1]-[CH0](-[CH3])(-[CH3])-[CH3],404,0.8722999999999999,211.097344686,0.6012332264002508,3.376044263235876,0.0748347373686181,0.2160442632358759,21,30,-6.2,-6.8
CCN[C@@H](C)COP(=O)(O)O,C[C@@H](COP(=O)(O)O)NC1CCC1,[*]CC,[*]C1CCC1,[*:1]-[CH2]-[CH3]>>[*:1]-[CH1]1-[CH2]-[CH2]-[CH2]-1,220,0.6262999999999999,209.081694622,0.5785044897414453,3.1071084317879123,0.0521060007098126,-0.0528915682120878,21,31,-6.2,-6.5
CCN[C@@H](C)COP(=O)(O)O,C[C@@H](COP(=O)(O)O)NC(=O)N(C)C,[*]CC,[*]C(=O)N(C)C,[*:1]-[CH2]-[CH3]>>[*:1]-[CH0](=[OH0])-[NH0](-[CH3])-[CH3],14,-0.2446,226.07185821,0.5741422741692866,3.167182777490618,0.0477437851376539,0.0071827774906179,21,32,-6.2,-6.4
CCN[C@@H](C)COP(=O)(O)O,CCCN[C@@H](C)COP(=O)(O)O,[*]CC,[*]CCC,[*:1]-[CH2]-[CH3]>>[*:1]-[CH2]-[CH2]-[CH3],1258,0.4837999999999998,197.081694622,0.5397004811741756,3.0531111335678918,0.0133019921425429,-0.1068888664321088,21,33,-6.2,-6.1
CCN[C@@H](C)COP(=O)(O)O,CCOC(=O)N[C@@H](C)COP(=O)(O)O,[*]N[*],[*]OC(=O)N[*],[*:1]-[NH1]-[*:2]>>[*:1]-[OH0]-[CH0](=[OH0])-[NH1]-[*:2],45,0.2302999999999998,227.055873798,0.580424399436445,2.946756733534574,0.0540259104048123,-0.213243266465426,21,34,-6.2,-6.6
CCN[C@@H](C)COP(=O)(O)O,CCOC(=O)N[C@@H](C)COP(=O)(O)O,[*]N[*],[*]OC(=O)N[*],[*:1]-[NH1]-[*:2]>>[*:1]-[OH0]-[CH0](=[OH0])-[NH1]-[*:2],45,0.2302999999999998,227.055873798,0.580424399436445,2.946756733534574,0.0540259104048123,-0.213243266465426,21,35,-6.2,-6.6
CCN[C@@H](C)COP(=O)(O)O,CCCC(=O)N[C@@H](C)COP(=O)(O)O,[*]N[*],[*]NC(=O)C[*],[*:1]-[NH1]-[*:2]>>[*:1]-[NH1]-[CH0](=[OH0])-[CH2]-[*:2],10,0.4004999999999997,225.076609242,0.5684565446230784,2.891322118149958,0.0420580555914457,-0.2686778818500421,21,36,-6.2,-6.0
CCN[C@@H](C)COP(=O)(O)O,CCCC(=O)N[C@@H](C)COP(=O)(O)O,[*]N[*],[*]NC(=O)C[*],[*:1]-[NH1]-[*:2]>>[*:1]-[NH1]-[CH0](=[OH0])-[CH2]-[*:2],10,0.4004999999999997,225.076609242,0.5684565446230784,2.891322118149958,0.0420580555914457,-0.2686778818500421,21,37,-6.2,-6.1
CCN[C@@H](C)COP(=O)(O)O,C[C@@H](COP(=O)(O)O)NS(C)(=O)=O,[*]CC,[*]S(C)(=O)=O,[*:1]-[CH2]-[CH3]>>[*:1]-[SH0](-[CH3])(=[OH0])=[OH0],68,-0.9666,233.012294734,0.5265956934164292,3.2791428209281843,0.0001972043847965,0.1191428209281841,21,38,-6.2,-6.8
CCN[C@@H](C)COP(=O)(O)O,CCN(CC)[C@@H](C)COP(=O)(O)O,[*]N[*],[*]N([*])CC,[*:1]-[NH1]-[*:2]>>[*:1]-[NH0](-[*:2])-[CH2]-[CH3],549,0.8259999999999998,211.097344686,0.6365242841620783,3.18528687687224,0.1101257951304456,0.02528687687224,21,39,-6.2,-6.4
CCN[C@@H](C)COP(=O)(O)O,CCN(CC)[C@@H](C)COP(=O)(O)O,[*]N[*],[*]N([*])CC,[*:1]-[NH1]-[*:2]>>[*:1]-[NH0](-[*:2])-[CH2]-[CH3],549,0.8259999999999996,211.097344686,0.6365242841620783,3.18528687687224,0.1101257951304456,0.02528687687224,21,40,-6.2,-6.6
CCN[C@@H](C)COP(=O)(O)O,CCCCO[C@@H](C)COP(=O)(O)O,[*]N[*],[*]OCC[*],[*:1]-[NH1]-[*:2]>>[*:1]-[OH0]-[CH2]-[CH2]-[*:2],17,1.3009,212.081360274,0.4910414400562121,3.021535128620493,-0.0353570489754205,-0.1384648713795071,21,41,-6.2,-5.9
CCN[C@@H](C)COP(=O)(O)O,CCCCO[C@@H](C)COP(=O)(O)O,[*]N[*],[*]OCC[*],[*:1]-[NH1]-[*:2]>>[*:1]-[OH0]-[CH2]-[CH2]-[*:2],17,1.3009,212.081360274,0.4910414400562121,3.021535128620493,-0.0353570489754205,-0.1384648713795071,21,42,-6.2,-5.9
CCN[C@@H](C)COP(=O)(O)O,C[C@@H](COP(=O)(O)O)NC1COC1,[*]CC,[*]C1COC1,[*:1]-[CH2]-[CH3]>>[*:1]-[CH1]1-[CH2]-[OH0]-[CH2]-1,59,-0.5274000000000002,211.060959178,0.5298057136098793,3.472353680656691,0.0034072245782466,0.3123536806566909,21,43,-6.2,-6.5
CCN[C@@H](C)COP(=O)(O)O,C[C@@H](COP(=O)(O)O)NC(=O)C1CC1,[*]CC,[*]C(=O)C1CC1,[*:1]-[CH2]-[CH3]>>[*:1]-[CH0](=[OH0])-[CH1]1-[CH2]-[CH2]-1,29,0.0103999999999998,223.060959178,0.5703940422677727,2.865849041226882,0.04399555323614,-0.2941509587731179,21,44,-6.2,-6.3
CCN[C@@H](C)COP(=O)(O)O,CCN1CCN([C@@H](C)COP(=O)(O)O)CC1,[*]N[*],[*]N1CCN([*])CC1,[*:1]-[NH1]-[*:2]>>[*:1]-[NH0]1-[CH2]-[CH2]-[NH0](-[*:2])-[CH2]-[CH2]-1,225,0.1217,252.123893782,0.6771316835639145,2.963274086518137,0.1507331945322818,-0.1967259134818633,21,45,-6.2,-5.0
CCN[C@@H](C)COP(=O)(O)O,CCN1CCN([C@@H](C)COP(=O)(O)O)CC1,[*]N[*],[*]N1CCN([*])CC1,[*:1]-[NH1]-[*:2]>>[*:1]-[NH0]1-[CH2]-[CH2]-[NH0](-[*:2])-[CH2]-[CH2]-1,225,0.1217,252.123893782,0.6771316835639145,2.963274086518137,0.1507331945322818,-0.1967259134818633,21,46,-6.2,-5.1
CCN[C@@H](C)COP(=O)(O)O,C[C@@H](COP(=O)(O)O)NCC(N)=O,[*]CC,[*]CC(N)=O,[*:1]-[CH2]-[CH3]>>[*:1]-[CH2]-[CH0](-[NH2])=[OH0],47,-1.4408999999999996,212.056208146,0.3997815459346399,3.236471492256856,-0.1266169430969927,0.0764714922568554,21,47,-6.2,-6.6
CCN[C@@H](C)COP(=O)(O)O,CCCCN(C)[C@@H](C)COP(=O)(O)O,[*]N[*],[*]N(C)CC[*],[*:1]-[NH1]-[*:2]>>[*:1]-[NH0](-[CH3])-[CH2]-[CH2]-[*:2],10,1.2160999999999995,225.11299475,0.6372903994522789,3.0929644258422657,0.1108919104206462,-0.0670355741577344,21,48,-6.2,-5.9
CCN[C@@H](C)COP(=O)(O)O,CCN(C)CC[C@@H](C)COP(=O)(O)O,[*]N[*],[*]N(C)CC[*],[*:1]-[NH1]-[*:2]>>[*:1]-[NH0](-[CH3])-[CH2]-[CH2]-[*:2],10,1.0736,225.11299475,0.634176124447633,3.2104682719961115,0.1077776354160003,0.0504682719961113,21,49,-6.2,-5.9
CCN[C@@H](C)COP(=O)(O)O,CNC(=O)N[C@@H](C)COP(=O)(O)O,[*]CC,[*]C(=O)NC,[*:1]-[CH2]-[CH3]>>[*:1]-[CH0](=[OH0])-[NH1]-[CH3],12,-0.5867999999999999,212.056208146,0.4657965929458188,3.1432197440051084,-0.0606018960858138,-0.0167802559948917,21,50,-6.2,-6.9
CCN[C@@H](C)COP(=O)(O)O,C[C@@H](COP(=O)(O)O)NC1CN(C)C1,[*]CC,[*]C1CN(C)C1,[*:1]-[CH2]-[CH3]>>[*:1]-[CH1]1-[CH2]-[NH0](-[CH3])-[CH2]-1,13,-0.6122,224.092593654,0.5402504125135627,3.3973182719961112,0.0138519234819299,0.2373182719961111,21,51,-6.2,-6.1
CCN[C@@H](C)COP(=O)(O)O,CCOC(=O)N[C@@H](C)COP(=O)(O)O,[*]CC,[*]C(=O)OCC,[*:1]-[CH2]-[CH3]>>[*:1]-[CH0](=[OH0])-[OH0]-[CH2]-[CH3],30,0.2303,227.055873798,0.580424399436445,2.946756733534574,0.0540259104048123,-0.213243266465426,21,52,-6.2,-6.6
CCN[C@@H](C)COP(=O)(O)O,CCN(C(C)=O)[C@@H](C)COP(=O)(O)O,[*]N[*],[*]N([*])C(C)=O,[*:1]-[NH1]-[*:2]>>[*:1]-[NH0](-[*:2])-[CH0](-[CH3])=[OH0],56,0.3525999999999998,225.076609242,0.6591330486409801,3.3172553049631457,0.1327345596093474,0.1572553049631455,21,53,-6.2,-6.7
CCN[C@@H](C)COP(=O)(O)O,CCN(C(C)=O)[C@@H](C)COP(=O)(O)O,[*]N[*],[*]N([*])C(C)=O,[*:1]-[NH1]-[*:2]>>[*:1]-[NH0](-[*:2])-[CH0](-[CH3])=[OH0],56,0.3526,225.076609242,0.6591330486409801,3.3172553049631457,0.1327345596093474,0.1572553049631455,21,54,-6.2,-6.6
CCN[C@@H](C)COP(=O)(O)O,CC(=O)CN[C@@H](C)COP(=O)(O)O,[*]CC,[*]CC(C)=O,[*:1]-[CH2]-[CH3]>>[*:1]-[CH2]-[CH0](-[CH3])=[OH0],10,-0.3371999999999998,211.060959178,0.5201149054900793,3.3159400237253878,-0.0062835835415533,0.1559400237253871,21,55,-6.2,-6.2
CCN[C@@H](C)COP(=O)(O)O,C[C@@H](COP(=O)(O)O)NC(N)=O,[*]CC,[*]C(N)=O,[*:1]-[CH2]-[CH3]>>[*:1]-[CH0](-[NH2])=[OH0],15,-0.8475000000000001,198.040558082,0.4381593593611105,3.200167709250274,-0.0882391296705221,0.0401677092502739,21,56,-6.2,-7.0
CCN[C@@H](C)COP(=O)(O)O,CCC(=O)N[C@@H](C)COP(=O)(O)O,[*]CC,[*]C(=O)CC,[*:1]-[CH2]-[CH3]>>[*:1]-[CH0](=[OH0])-[CH2]-[CH3],24,0.0103999999999998,211.060959178,0.5564959645048674,2.991835128620494,0.0300974754732347,-0.1681648713795063,21,57,-6.2,-6.1
CCN[C@@H](C)COP(=O)(O)O,CC(C)CN[C@@H](C)COP(=O)(O)O,[*]CC,[*]CC(C)C,[*:1]-[CH2]-[CH3]>>[*:1]-[CH2]-[CH1](-[CH3])-[CH3],359,0.7297999999999998,211.097344686,0.5643093820166194,3.11573722652259,0.0379108929849867,-0.0442627734774099,21,58,-6.2,-6.3
CCN[C@@H](C)COP(=O)(O)O,C[C@@H](COP(=O)(O)O)NC1CCCC1,[*]CC,[*]C1CCCC1,[*:1]-[CH2]-[CH3]>>[*:1]-[CH1]1-[CH2]-[CH2]-[CH2]-[CH2]-1,288,1.0163999999999995,223.097344686,0.6062208238040233,3.010964223413117,0.0798223347723906,-0.1490357765868832,21,59,-6.2,-6.3
CCN[C@@H](C)COP(=O)(O)O,CCN(C1CC1)[C@@H](C)COP(=O)(O)O,[*]N[*],[*]N([*])C1CC1,[*:1]-[NH1]-[*:2]>>[*:1]-[NH0](-[*:2])-[CH1]1-[CH2]-[CH2]-1,32,0.9684999999999996,223.097344686,0.656403878387157,3.317695195073036,0.1300053893555243,0.1576951950730354,21,60,-6.2,-6.8
CCN[C@@H](C)COP(=O)(O)O,CCN(C1CC1)[C@@H](C)COP(=O)(O)O,[*]N[*],[*]N([*])C1CC1,[*:1]-[NH1]-[*:2]>>[*:1]-[NH0](-[*:2])-[CH1]1-[CH2]-[CH2]-1,32,0.9684999999999996,223.097344686,0.656403878387157,3.317695195073036,0.1300053893555243,0.1576951950730354,21,61,-6.2,-6.7
CCN[C@@H](C)COP(=O)(O)O,CCNCC[C@@H](C)COP(=O)(O)O,[*]N[*],[*]NCC[*],[*:1]-[NH1]-[*:2]>>[*:1]-[NH1]-[CH2]-[CH2]-[*:2],333,0.7313999999999998,211.097344686,0.4271297150309735,3.1552319611996777,-0.0992687740006591,-0.0047680388003223,21,62,-6.2,-6.3
CCN[C@@H](C)COP(=O)(O)O,CCNCC[C@@H](C)COP(=O)(O)O,[*]N[*],[*]NCC[*],[*:1]-[NH1]-[*:2]>>[*:1]-[NH1]-[CH2]-[CH2]-[*:2],333,0.7313999999999998,211.097344686,0.4271297150309735,3.1552319611996777,-0.0992687740006591,-0.0047680388003223,21,63,-6.2,-6.3
CCN[C@@H](C)COP(=O)(O)O,CCS[C@@H](C)COP(=O)(O)O,[*]N[*],[*]S[*],[*:1]-[NH1]-[*:2]>>[*:1]-[SH0]-[*:2],221,1.2372999999999998,200.027216526,0.6533267654997922,3.677744616007797,0.1269282764681595,0.5177446160077963,21,64,-6.2,-6.2
CCN[C@@H](C)COP(=O)(O)O,CCS[C@@H](C)COP(=O)(O)O,[*]N[*],[*]S[*],[*:1]-[NH1]-[*:2]>>[*:1]-[SH0]-[*:2],221,1.2372999999999998,200.027216526,0.6533267654997922,3.677744616007797,0.1269282764681595,0.5177446160077963,21,65,-6.2,-6.1
CCN[C@@H](C)COP(=O)(O)O,C[C@@H](COP(=O)(O)O)NCC1CC1,[*]CC,[*]CC1CC1,[*:1]-[CH2]-[CH3]>>[*:1]-[CH2]-[CH1]1-[CH2]-[CH2]-1,388,0.4837999999999998,209.081694622,0.554485348222755,3.143645988349,0.0280868591911223,-0.0163540116509999,21,66,-6.2,-6.2
CCN[C@@H](C)COP(=O)(O)O,Cc1cccc(N[C@@H](C)COP(=O)(O)O)c1,[*]CC,[*]c1cccc(C)c1,[*:1]-[CH2]-[CH3]>>[*:1]-[cH0]1:[cH1]:[cH1]:[cH1]:[cH0](-[CH3]):[cH1]:1,13,1.90472,245.081694622,0.690385401056733,2.735884819970732,0.1639869120251003,-0.4241151800292684,21,67,-6.2,-6.0
CCN[C@@H](C)COP(=O)(O)O,C[C@@H](COP(=O)(O)O)NC1(C)CC1,[*]CC,[*]C1(C)CC1,[*:1]-[CH2]-[CH3]>>[*:1]-[CH0]1(-[CH3])-[CH2]-[CH2]-1,13,0.6262999999999999,209.081694622,0.5785044897414453,3.718015548200913,0.0521060007098126,0.5580155482009124,21,68,-6.2,-6.7
CCN[C@@H](C)COP(=O)(O)O,C[C@@H](COP(=O)(O)O)NCCF,[*]CC,[*]CCF,[*:1]-[CH2]-[CH3]>>[*:1]-[CH2]-[CH2]-[FH0],114,0.0433,201.056622746,0.5287305948465877,3.536105178232904,0.002332105814955,0.3761051782329039,21,69,-6.2,-6.3
CCN[C@@H](C)COP(=O)(O)O,CCC(O)[C@@H](C)COP(=O)(O)O,[*]N[*],[*]C([*])O,[*:1]-[NH1]-[*:2]>>[*:1]-[CH1](-[*:2])-[OH1],16,0.5026999999999999,198.06571021,0.5598163875770852,3.583426375635062,0.0334178985454525,0.4234263756350618,21,70,-6.2,-6.8
CCN[C@@H](C)COP(=O)(O)O,CCC(O)[C@@H](C)COP(=O)(O)O,[*]N[*],[*]C([*])O,[*:1]-[NH1]-[*:2]>>[*:1]-[CH1](-[*:2])-[OH1],16,0.5027,198.06571021,0.5598163875770852,3.583426375635062,0.0334178985454525,0.4234263756350618,21,71,-6.2,-6.7
CCN[C@@H](C)COP(=O)(O)O,CCN(C1CCC1)[C@@H](C)COP(=O)(O)O,[*]N[*],[*]N([*])C1CCC1,[*:1]-[NH1]-[*:2]>>[*:1]-[NH0](-[*:2])-[CH1]1-[CH2]-[CH2]-[CH2]-1,10,1.3585999999999998,237.11299475,0.6824280562246768,3.2585580832144005,0.1560295671930441,0.0985580832144004,21,72,-6.2,-5.8
CCN[C@@H](C)COP(=O)(O)O,CCN(C1CCC1)[C@@H](C)COP(=O)(O)O,[*]N[*],[*]N([*])C1CCC1,[*:1]-[NH1]-[*:2]>>[*:1]-[NH0](-[*:2])-[CH1]1-[CH2]-[CH2]-[CH2]-1,10,1.3585999999999998,237.11299475,0.6824280562246768,3.2585580832144005,0.1560295671930441,0.0985580832144004,21,73,-6.2,-5.8
CCN[C@@H](C)COP(=O)(O)O,C[C@@H](COP(=O)(O)O)NCC#N,[*]CC,[*]CC#N,[*:1]-[CH2]-[CH3]>>[*:1]-[CH2]-[CH0]#[NH0],41,-0.4026200000000001,194.045643462,0.4060598485813116,3.5980778829475435,-0.120338640450321,0.4380778829475433,21,74,-6.2,-6.3
CCN[C@@H](C)COP(=O)(O)O,CCN1CCCN([C@@H](C)COP(=O)(O)O)CC1,[*]N[*],[*]N1CCCN([*])CC1,[*:1]-[NH1]-[*:2]>>[*:1]-[NH0]1-[CH2]-[CH2]-[CH2]-[NH0](-[*:2])-[CH2]-[CH2]-1,10,0.5117999999999999,266.139543846,0.7064355679864112,2.969934535703059,0.1800370789547785,-0.190065464296941,21,75,-6.2,-5.1
CCN[C@@H](C)COP(=O)(O)O,CCN1CCCN([C@@H](C)COP(=O)(O)O)CC1,[*]N[*],[*]N1CCCN([*])CC1,[*:1]-[NH1]-[*:2]>>[*:1]-[NH0]1-[CH2]-[CH2]-[CH2]-[NH0](-[*:2])-[CH2]-[CH2]-1,10,0.5117999999999999,266.139543846,0.7064355679864112,2.969934535703059,0.1800370789547785,-0.190065464296941,21,76,-6.2,-5.4
CCN[C@@H](C)COP(=O)(O)O,C[C@@H](COP(=O)(O)O)NC1CCCCC1,[*]CC,[*]C1CCCCC1,[*:1]-[CH2]-[CH3]>>[*:1]-[CH1]1-[CH2]-[CH2]-[CH2]-[CH2]-[CH2]-1,203,1.4065,237.11299475,0.6298893307987351,2.9537607675844395,0.1034908417671024,-0.2062392324155606,21,77,-6.2,-6.2
CCN[C@@H](C)COP(=O)(O)O,C[C@@H](COP(=O)(O)O)NCCO,[*]CC,[*]CCO,[*:1]-[CH2]-[CH3]>>[*:1]-[CH2]-[CH2]-[OH1],461,-0.9339,199.060959178,0.4121895444617502,3.244473912724218,-0.1142089445698824,0.084473912724218,21,78,-6.2,-6.4
CCN[C@@H](C)COP(=O)(O)O,C[C@@H](COP(=O)(O)O)NCC(C)(C)C,[*]CC,[*]CC(C)(C)C,[*:1]-[CH2]-[CH3]>>[*:1]-[CH2]-[CH0](-[CH3])(-[CH3])-[CH3],60,1.1199,225.11299475,0.6109216235909823,3.288807392875233,0.0845231345593496,0.1288073928752329,21,79,-6.2,-6.2
CCN[C@@H](C)COP(=O)(O)O,C[C@@H](COP(=O)(O)O)NCC(=O)O,[*]CC,[*]CC(=O)O,[*:1]-[CH2]-[CH3]>>[*:1]-[CH2]-[CH0](=[OH0])-[OH1],55,-0.8416000000000001,213.040223734,0.4247624524691649,3.154581981767346,-0.1016360365624677,-0.0054180182326541,21,80,-6.2,-6.6
CCN[C@@H](C)COP(=O)(O)O,CCSC[C@@H](C)COP(=O)(O)O,[*]N[*],[*]CS[*],[*:1]-[NH1]-[*:2]>>[*:1]-[CH2]-[SH0]-[*:2],12,1.4848999999999997,214.04286659,0.6554694138972045,3.5296600169425805,0.1290709248655718,0.3696600169425803,21,81,-6.2,-5.5
CCN[C@@H](C)COP(=O)(O)O,CCSC[C@@H](C)COP(=O)(O)O,[*]N[*],[*]CS[*],[*:1]-[NH1]-[*:2]>>[*:1]-[CH2]-[SH0]-[*:2],12,1.4848999999999997,214.04286659,0.6554694138972045,3.5296600169425805,0.1290709248655718,0.3696600169425803,21,82,-6.2,-5.8
CCN[C@@H](C)COP(=O)(O)O,C[C@@H](COP(=O)(O)O)NC1CCN(C)CC1,[*]CC,[*]C1CCN(C)CC1,[*:1]-[CH2]-[CH3]>>[*:1]-[CH1]1-[CH2]-[CH2]-[NH0](-[CH3])-[CH2]-[CH2]-1,46,0.1679999999999998,252.123893782,0.6049767743884142,3.090452619612951,0.0785782853567815,-0.069547380387049,21,83,-6.2,-6.0
CCN[C@@H](C)COP(=O)(O)O,C[C@@H](COP(=O)(O)O)NCCN,[*]CC,[*]CCN,[*:1]-[CH2]-[CH3]>>[*:1]-[CH2]-[CH2]-[NH2],52,-0.9675000000000002,198.07694359,0.4092706821898473,3.302265972277569,-0.1171278068417853,0.1422659722775687,21,84,-6.2,-6.4
CCN[C@@H](C)COP(=O)(O)O,C[C@@H](COP(=O)(O)O)NCC(=O)N(C)C,[*]CC,[*]CC(=O)N(C)C,[*:1]-[CH2]-[CH3]>>[*:1]-[CH2]-[CH0](=[OH0])-[NH0](-[CH3])-[CH3],27,-0.8380000000000001,240.087508274,0.5235556030834928,3.156670197820441,-0.0028428859481398,-0.0033298021795591,21,85,-6.2,-6.2
CCN[C@@H](C)COP(=O)(O)O,C[C@@H](COP(=O)(O)O)NCC1COC1,[*]CC,[*]CC1COC1,[*:1]-[CH2]-[CH3]>>[*:1]-[CH2]-[CH1]1-[CH2]-[OH0]-[CH2]-1,13,-0.2797999999999999,225.076609242,0.5387264651453492,3.4298235734514133,0.0123279761137164,0.2698235734514131,21,86,-6.2,-6.4
CCN[C@@H](C)COP(=O)(O)O,C[C@@H](COP(=O)(O)O)NCCN(C)C,[*]CC,[*]CCN(C)C,[*:1]-[CH2]-[CH3]>>[*:1]-[CH2]-[CH2]-[NH0](-[CH3])-[CH3],119,-0.3646000000000001,226.108243718,0.5139998476266684,3.1222913489191884,-0.0123986414049642,-0.0377086510808117,21,87,-6.2,-6.0
CCN[C@@H](C)COP(=O)(O)O,C[C@@H](COP(=O)(O)O)NC1CCOCC1,[*]CC,[*]C1CCOCC1,[*:1]-[CH2]-[CH3]>>[*:1]-[CH1]1-[CH2]-[CH2]-[OH0]-[CH2]-[CH2]-1,100,0.2527999999999997,239.092259306,0.5960492602379369,3.19725382574579,0.0696507712063042,0.0372538257457897,21,88,-6.2,-6.1
CCN[C@@H](C)COP(=O)(O)O,CCNC(=O)N[C@@H](C)COP(=O)(O)O,[*]N[*],[*]NC(=O)N[*],[*:1]-[NH1]-[*:2]>>[*:1]-[NH1]-[CH0](=[OH0])-[NH1]-[*:2],40,-0.1966999999999999,226.07185821,0.4855077145326628,2.990456733534573,-0.0408907744989698,-0.1695432664654266,21,89,-6.2,-6.9
CCN[C@@H](C)COP(=O)(O)O,CCNC(=O)N[C@@H](C)COP(=O)(O)O,[*]N[*],[*]NC(=O)N[*],[*:1]-[NH1]-[*:2]>>[*:1]-[NH1]-[CH0](=[OH0])-[NH1]-[*:2],40,-0.1966999999999999,226.07185821,0.4855077145326628,2.990456733534573,-0.0408907744989698,-0.1695432664654266,21,90,-6.2,-7.1
CCN[C@@H](C)COP(=O)(O)O,CCN(C(C)C)[C@@H](C)COP(=O)(O)O,[*]N[*],[*]N([*])C(C)C,[*:1]-[NH1]-[*:2]>>[*:1]-[NH0](-[*:2])-[CH1](-[CH3])-[CH3],95,1.2144999999999997,225.11299475,0.6648576354767339,3.324605634633476,0.1384591464451012,0.1646056346334754,21,91,-6.2,-6.5
CCN[C@@H](C)COP(=O)(O)O,CCN(C(C)C)[C@@H](C)COP(=O)(O)O,[*]N[*],[*]N([*])C(C)C,[*:1]-[NH1]-[*:2]>>[*:1]-[NH0](-[*:2])-[CH1](-[CH3])-[CH3],95,1.2144999999999997,225.11299475,0.6648576354767339,3.324605634633476,0.1384591464451012,0.1646056346334754,21,92,-6.2,-6.5
CCN[C@@H](C)COP(=O)(O)O,CCC1CCN([C@@H](C)COP(=O)(O)O)CC1,[*]N[*],[*]N1CCC([*])CC1,[*:1]-[NH1]-[*:2]>>[*:1]-[NH0]1-[CH2]-[CH2]-[CH1](-[*:2])-[CH2]-[CH2]-1,24,1.6061999999999996,251.128644814,0.7262908275875566,3.0184687197918407,0.1998923385559239,-0.1415312802081594,21,93,-6.2,-5.8
CCN[C@@H](C)COP(=O)(O)O,CCC1CCN([C@@H](C)COP(=O)(O)O)CC1,[*]N[*],[*]N1CCC([*])CC1,[*:1]-[NH1]-[*:2]>>[*:1]-[NH0]1-[CH2]-[CH2]-[CH1](-[*:2])-[CH2]-[CH2]-1,24,1.6061999999999996,251.128644814,0.7262908275875566,3.0184687197918407,0.1998923385559239,-0.1415312802081594,21,94,-6.2,-5.5
CCN[C@@H](C)COP(=O)(O)O,Cc1ccccc1N[C@@H](C)COP(=O)(O)O,[*]CC,[*]c1ccccc1C,[*:1]-[CH2]-[CH3]>>[*:1]-[cH0]1:[cH1]:[cH1]:[cH1]:[cH1]:[cH0]:1-[CH3],25,1.90472,245.081694622,0.690385401056733,2.684708791348191,0.1639869120251003,-0.475291208651809,21,95,-6.2,-6.3
CCN[C@@H](C)COP(=O)(O)O,CCN1CC(O[C@@H](C)COP(=O)(O)O)C1,[*]N[*],[*]OC1CN([*])C1,[*:1]-[NH1]-[*:2]>>[*:1]-[OH0]-[CH1]1-[CH2]-[NH0](-[*:2])-[CH2]-1,10,0.2048999999999999,239.092259306,0.6447132388631212,3.400736781439252,0.1183147498314884,0.240736781439252,21,96,-6.2,-5.6
CCN[C@@H](C)COP(=O)(O)O,CCOC1CN([C@@H](C)COP(=O)(O)O)C1,[*]N[*],[*]OC1CN([*])C1,[*:1]-[NH1]-[*:2]>>[*:1]-[OH0]-[CH1]1-[CH2]-[NH0](-[*:2])-[CH2]-1,10,0.2048999999999997,239.092259306,0.644713238863121,3.3475711009658786,0.1183147498314883,0.1875711009658784,21,97,-6.2,-6.2
CCN[C@@H](C)COP(=O)(O)O,CNC(=O)CN[C@@H](C)COP(=O)(O)O,[*]CC,[*]CC(=O)NC,[*:1]-[CH2]-[CH3]>>[*:1]-[CH2]-[CH0](=[OH0])-[NH1]-[CH3],25,-1.1802000000000006,226.07185821,0.4244775890303794,3.143402887380727,-0.1019209000012532,-0.0165971126192729,21,98,-6.2,-7.0
CCN[C@@H](C)COP(=O)(O)O,CC(C)CCN[C@@H](C)COP(=O)(O)O,[*]CC,[*]CCC(C)C,[*:1]-[CH2]-[CH3]>>[*:1]-[CH2]-[CH2]-[CH1](-[CH3])-[CH3],74,1.1199,225.11299475,0.5657226189673623,3.080475964303804,0.0393241299357296,-0.0795240356961963,21,99,-6.2,-6.4
O=C(O)[C@H]1O[C@H]2C[C@@H]3C[C@H](C2)[C@H]1C3,CO[C@H]1O[C@H]2C[C@@H]3C[C@H](C2)[C@H]1C3,[*]C(=O)O,[*]OC,[*:1]-[CH0](=[OH0])-[OH1]>>[*:1]-[OH0]-[CH3],264,1.7939,168.115029752,0.5940227881613214,5.3254960279535775,-0.0699637592199796,0.0054960279535771,22,0,-7.8,-6.4
O=C(O)[C@H]1O[C@H]2C[C@@H]3C[C@H](C2)[C@H]1C3,CC(C)[C@H]1O[C@H]2C[C@@H]3C[C@H](C2)[C@H]1C3,[*]C(=O)O,[*]C(C)C,[*:1]-[CH0](=[OH0])-[OH1]>>[*:1]-[CH1](-[CH3])-[CH3],15,2.846000000000001,180.15141526,0.6026548560802407,5.303982134582484,-0.0613316913010603,-0.016017865417516,22,1,-7.8,-5.2
O=C(O)[C@H]1O[C@H]2C[C@@H]3C[C@H](C2)[C@H]1C3,CC[C@H]1O[C@H]2C[C@@H]3C[C@H](C2)[C@H]1C3,[*]C(=O)O,[*]CC,[*:1]-[CH0](=[OH0])-[OH1]>>[*:1]-[CH2]-[CH3],27,2.6000000000000005,166.135765196,0.5815201499867748,5.285666577404127,-0.0824663973945262,-0.0343334225958731,22,2,-7.8,-6.1
O=C(O)[C@H]1O[C@H]2C[C@@H]3C[C@H](C2)[C@H]1C3,NC[C@H]1O[C@H]2C[C@@H]3C[C@H](C2)[C@H]1C3,[*]C(=O)O,[*]CN,[*:1]-[CH0](=[OH0])-[OH1]>>[*:1]-[CH2]-[NH2],41,1.1486999999999996,167.131014164,0.6355110655737988,5.423435808173358,-0.0284754818075022,0.1034358081733577,22,3,-7.8,-7.0
O=C(O)[C@H]1O[C@H]2C[C@@H]3C[C@H](C2)[C@H]1C3,OC[C@H]1O[C@H]2C[C@@H]3C[C@H](C2)[C@H]1C3,[*]C(=O)O,[*]CO,[*:1]-[CH0](=[OH0])-[OH1]>>[*:1]-[CH2]-[OH1],242,1.1823,168.115029752,0.636819081761745,5.272540423557974,-0.027167465619556,-0.0474595764420264,22,4,-7.8,-7.0
O=C(O)[C@H]1O[C@H]2C[C@@H]3C[C@H](C2)[C@H]1C3,NC(=O)[C@H]1O[C@H]2C[C@@H]3C[C@H](C2)[C@H]1C3,[*]C(=O)O,[*]C(N)=O,[*:1]-[CH0](=[OH0])-[OH1]>>[*:1]-[CH0](-[NH2])=[OH0],426,0.6752999999999993,181.11027872,0.6462391457020306,5.371169660570009,-0.0177474016792704,0.0511696605700091,22,5,-7.8,-7.4
O=C(O)[C@H]1O[C@H]2C[C@@H]3C[C@H](C2)[C@H]1C3,CN[C@H]1O[C@H]2C[C@@H]3C[C@H](C2)[C@H]1C3,[*]C(=O)O,[*]NC,[*:1]-[CH0](=[OH0])-[OH1]>>[*:1]-[NH1]-[CH3],17,1.3668999999999996,167.131014164,0.6365344782538864,5.600508335645885,-0.0274520691274146,0.2805083356458846,22,6,-7.8,-6.5
O=C(O)[C@H]1O[C@H]2C[C@@H]3C[C@H](C2)[C@H]1C3,CN(C)[C@H]1O[C@H]2C[C@@H]3C[C@H](C2)[C@H]1C3,[*]C(=O)O,[*]N(C)C,[*:1]-[CH0](=[OH0])-[OH1]>>[*:1]-[NH0](-[CH3])-[CH3],51,1.7091,181.146664228,0.6103503842352569,5.534168828969178,-0.0536361631460441,0.2141688289691776,22,7,-7.8,-5.1
O=C(O)[C@H]1O[C@H]2C[C@@H]3C[C@H](C2)[C@H]1C3,CCO[C@H]1O[C@H]2C[C@@H]3C[C@H](C2)[C@H]1C3,[*]C(=O)O,[*]OCC,[*:1]-[CH0](=[OH0])-[OH1]>>[*:1]-[OH0]-[CH2]-[CH3],26,2.184,182.130679816,0.6513893732525218,5.322506732459713,-0.0125971741287792,0.0025067324597127,22,8,-7.8,-5.3
O=C(O)[C@H]1O[C@H]2C[C@@H]3C[C@H](C2)[C@H]1C3,CNC(=O)[C@H]1O[C@H]2C[C@@H]3C[C@H](C2)[C@H]1C3,[*]C(=O)O,[*]C(=O)NC,[*:1]-[CH0](=[OH0])-[OH1]>>[*:1]-[CH0](=[OH0])-[NH1]-[CH3],187,0.9359999999999996,195.125928784,0.6758260190956729,5.302479997292823,0.0118394717143718,-0.0175200027071777,22,9,-7.8,-5.5
O=C(O)[C@H]1O[C@H]2C[C@@H]3C[C@H](C2)[C@H]1C3,CC(C)(C)[C@H]1O[C@H]2C[C@@H]3C[C@H](C2)[C@H]1C3,[*]C(=O)O,[*]C(C)(C)C,[*:1]-[CH0](=[OH0])-[OH1]>>[*:1]-[CH0](-[CH3])(-[CH3])-[CH3],26,3.236100000000002,194.167065324,0.5750019352036183,5.340257097884538,-0.0889846121776827,0.0202570978845377,22,10,-7.8,-4.6
O=C(O)[C@H]1O[C@H]2C[C@@H]3C[C@H](C2)[C@H]1C3,CN(C)C(=O)[C@H]1O[C@H]2C[C@@H]3C[C@H](C2)[C@H]1C3,[*]C(=O)O,[*]C(=O)N(C)C,[*:1]-[CH0](=[OH0])-[OH1]>>[*:1]-[CH0](=[OH0])-[NH0](-[CH3])-[CH3],153,1.2781999999999998,209.141578848,0.6507792042456098,5.289798134800206,-0.0132073431356912,-0.0302018651997943,22,11,-7.8,-4.0
O=C(O)[C@H]1O[C@H]2C[C@@H]3C[C@H](C2)[C@H]1C3,CN(C)C[C@H]1O[C@H]2C[C@@H]3C[C@H](C2)[C@H]1C3,[*]C(=O)O,[*]CN(C)C,[*:1]-[CH0](=[OH0])-[OH1]>>[*:1]-[CH2]-[NH0](-[CH3])-[CH3],24,1.7515999999999998,195.162314292,0.6653805230866608,5.2856430742159,0.0013939757053598,-0.0343569257841007,22,12,-7.8,-4.5
O=C(O)[C@H]1O[C@H]2C[C@@H]3C[C@H](C2)[C@H]1C3,CC(=O)N[C@H]1O[C@H]2C[C@@H]3C[C@H](C2)[C@H]1C3,[*]C(=O)O,[*]NC(C)=O,[*:1]-[CH0](=[OH0])-[OH1]>>[*:1]-[NH1]-[CH0](-[CH3])=[OH0],88,1.2835999999999996,195.125928784,0.6842350202068882,5.331283458831285,0.0202484728255871,0.0112834588312846,22,13,-7.8,-6.1
O=C(O)[C@H]1O[C@H]2C[C@@H]3C[C@H](C2)[C@H]1C3,CN1CCN([C@H]2O[C@H]3C[C@@H]4C[C@H](C3)[C@H]2C4)CC1,[*]C(=O)O,[*]N1CCN(C)CC1,[*:1]-[CH0](=[OH0])-[OH1]>>[*:1]-[NH0]1-[CH2]-[CH2]-[NH0](-[CH3])-[CH2]-[CH2]-1,14,1.3948999999999994,236.188863388,0.6841867232214404,5.076801224210472,0.0202001758401393,-0.2431987757895282,22,14,-7.8,-3.8
O=C(O)[C@H]1O[C@H]2C[C@@H]3C[C@H](C2)[C@H]1C3,OCC[C@H]1O[C@H]2C[C@@H]3C[C@H](C2)[C@H]1C3,[*]C(=O)O,[*]CCO,[*:1]-[CH0](=[OH0])-[OH1]>>[*:1]-[CH2]-[CH2]-[OH1],26,1.5724,182.130679816,0.7021466785486953,5.330271509787648,0.0381601311673942,0.010271509787648,22,15,-7.8,-6.6
O=C(O)[C@H]1O[C@H]2C[C@@H]3C[C@H](C2)[C@H]1C3,COC[C@H]1O[C@H]2C[C@@H]3C[C@H](C2)[C@H]1C3,[*]C(=O)O,[*]COC,[*:1]-[CH0](=[OH0])-[OH1]>>[*:1]-[CH2]-[OH0]-[CH3],25,1.8364,182.130679816,0.6484264114069368,5.2598346676823855,-0.0155601359743642,-0.0601653323176147,22,16,-7.8,-5.3
O=C(O)[C@H]1O[C@H]2C[C@@H]3C[C@H](C2)[C@H]1C3,C1CN([C@H]2O[C@H]3C[C@@H]4C[C@H](C3)[C@H]2C4)CCO1,[*]C(=O)O,[*]N1CCOCC1,[*:1]-[CH0](=[OH0])-[OH1]>>[*:1]-[NH0]1-[CH2]-[CH2]-[OH0]-[CH2]-[CH2]-1,37,1.4796999999999996,223.157228912,0.6718677460854565,5.15441981002594,0.0078811987041554,-0.1655801899740607,22,17,-7.8,-3.9
O=C(O)[C@H]1O[C@H]2C[C@@H]3C[C@H](C2)[C@H]1C3,FC(F)(F)[C@H]1O[C@H]2C[C@@H]3C[C@H](C2)[C@H]1C3,[*]C(=O)O,[*]C(F)(F)F,[*:1]-[CH0](=[OH0])-[OH1]>>[*:1]-[CH0](-[FH0])(-[FH0])-[FH0],118,2.752300000000001,206.091849696,0.5917953158797348,5.435355322736609,-0.0721912315015662,0.115355322736609,22,18,-7.8,-6.8
O=C(O)[C@H]1O[C@H]2C[C@@H]3C[C@H](C2)[C@H]1C3,NC(=O)C[C@H]1O[C@H]2C[C@@H]3C[C@H](C2)[C@H]1C3,[*]C(=O)O,[*]CC(N)=O,[*:1]-[CH0](=[OH0])-[OH1]>>[*:1]-[CH2]-[CH0](-[NH2])=[OH0],13,1.0653999999999997,195.125928784,0.7160846439807179,5.326430381908208,0.0520980965994168,0.0064303819082072,22,19,-7.8,-6.3
O=C(O)[C@H]1O[C@H]2C[C@@H]3C[C@H](C2)[C@H]1C3,CC(C)O[C@H]1O[C@H]2C[C@@H]3C[C@H](C2)[C@H]1C3,[*]C(=O)O,[*]OC(C)C,[*:1]-[CH0](=[OH0])-[OH1]>>[*:1]-[OH0]-[CH1](-[CH3])-[CH3],12,2.5725000000000007,196.14632988,0.6755003622009152,5.368394612677439,0.0115138148196142,0.0483946126774386,22,20,-7.8,-4.6
O=C(O)[C@H]1O[C@H]2C[C@@H]3C[C@H](C2)[C@H]1C3,FC(F)(F)O[C@H]1O[C@H]2C[C@@H]3C[C@H](C2)[C@H]1C3,[*]C(=O)O,[*]OC(F)(F)F,[*:1]-[CH0](=[OH0])-[OH1]>>[*:1]-[OH0]-[CH0](-[FH0])(-[FH0])-[FH0],36,2.6839000000000013,222.086764316,0.6786897695350748,5.5389201128221845,0.0147032221537737,0.2189201128221842,22,21,-7.8,-5.6
O=C(O)[C@H]1O[C@H]2C[C@@H]3C[C@H](C2)[C@H]1C3,O=C([C@H]1O[C@H]2C[C@@H]3C[C@H](C2)[C@H]1C3)N1CCC1,[*]C(=O)O,[*]C(=O)N1CCC1,[*:1]-[CH0](=[OH0])-[OH1]>>[*:1]-[CH0](=[OH0])-[NH0]1-[CH2]-[CH2]-[CH2]-1,12,1.4222999999999997,221.141578848,0.6699798125240374,5.087653004005874,0.0059932651427363,-0.232346995994126,22,22,-7.8,-5.2
O=C(O)[C@H]1O[C@H]2C[C@@H]3C[C@H](C2)[C@H]1C3,O=C(O)C[C@H]1O[C@H]2C[C@@H]3C[C@H](C2)[C@H]1C3,[*]C(=O)O,[*]CC(=O)O,[*:1]-[CH0](=[OH0])-[OH1]>>[*:1]-[CH2]-[CH0](=[OH0])-[OH1],212,1.6647,196.109944372,0.7302918231846318,5.227139612677439,0.0663052758033307,-0.0928603873225615,22,23,-7.8,-7.7
O=C(O)[C@H]1O[C@H]2C[C@@H]3C[C@H](C2)[C@H]1C3,CCNC(=O)[C@H]1O[C@H]2C[C@@H]3C[C@H](C2)[C@H]1C3,[*]C(=O)O,[*]C(=O)NCC,[*:1]-[CH0](=[OH0])-[OH1]>>[*:1]-[CH0](=[OH0])-[NH1]-[CH2]-[CH3],40,1.3260999999999994,209.141578848,0.744716563510587,5.175304319313367,0.0807300161292859,-0.1446956806866328,22,24,-7.8,-5.8
O=C(O)[C@H]1O[C@H]2C[C@@H]3C[C@H](C2)[C@H]1C3,O=C([C@H]1O[C@H]2C[C@@H]3C[C@H](C2)[C@H]1C3)N1CCCCC1,[*]C(=O)O,[*]C(=O)N1CCCCC1,[*:1]-[CH0](=[OH0])-[OH1]>>[*:1]-[CH0](=[OH0])-[NH0]1-[CH2]-[CH2]-[CH2]-[CH2]-[CH2]-1,29,2.2025,249.172878976,0.7127783194786423,4.924030120611468,0.0487917720973413,-0.3959698793885327,22,25,-7.8,-4.1
O=C(O)[C@H]1O[C@H]2C[C@@H]3C[C@H](C2)[C@H]1C3,O=C([C@H]1O[C@H]2C[C@@H]3C[C@H](C2)[C@H]1C3)N1CCCC1,[*]C(=O)O,[*]C(=O)N1CCCC1,[*:1]-[CH0](=[OH0])-[OH1]>>[*:1]-[CH0](=[OH0])-[NH0]1-[CH2]-[CH2]-[CH2]-[CH2]-1,20,1.8124,235.157228912,0.6934889537742451,4.983802147287396,0.0295024063929441,-0.3361978527126048,22,26,-7.8,-4.3
O=C(O)[C@H]1O[C@H]2C[C@@H]3C[C@H](C2)[C@H]1C3,C1CCN([C@H]2O[C@H]3C[C@@H]4C[C@H](C3)[C@H]2C4)CC1,[*]C(=O)O,[*]N1CCCCC1,[*:1]-[CH0](=[OH0])-[OH1]>>[*:1]-[NH0]1-[CH2]-[CH2]-[CH2]-[CH2]-[CH2]-1,10,2.633400000000001,221.177964356,0.6746815095891787,5.026865002333633,0.0106949622078776,-0.2931349976663675,22,27,-7.8,-4.1
O=C(O)[C@H]1O[C@H]2C[C@@H]3C[C@H](C2)[C@H]1C3,O=C(NC1CC1)[C@H]1O[C@H]2C[C@@H]3C[C@H](C2)[C@H]1C3,[*]C(=O)O,[*]C(=O)NC1CC1,[*:1]-[CH0](=[OH0])-[OH1]>>[*:1]-[CH0](=[OH0])-[NH1]-[CH1]1-[CH2]-[CH2]-1,32,1.4685999999999997,221.141578848,0.7665108075256637,5.101709860193165,0.1025242601443626,-0.2182901398068351,22,28,-7.8,-6.0
O=C(O)[C@H]1O[C@H]2C[C@@H]3C[C@H](C2)[C@H]1C3,CC(=O)NC[C@H]1O[C@H]2C[C@@H]3C[C@H](C2)[C@H]1C3,[*]C(=O)O,[*]CNC(C)=O,[*:1]-[CH0](=[OH0])-[OH1]>>[*:1]-[CH2]-[NH1]-[CH0](-[CH3])=[OH0],13,1.3260999999999998,209.141578848,0.744716563510587,5.160160491048608,0.0807300161292859,-0.1598395089513919,22,29,-7.8,-6.1
O=C(O)[C@H]1O[C@H]2C[C@@H]3C[C@H](C2)[C@H]1C3,CC(C)(O)[C@H]1O[C@H]2C[C@@H]3C[C@H](C2)[C@H]1C3,[*]C(=O)O,[*]C(C)(C)O,[*:1]-[CH0](=[OH0])-[OH1]>>[*:1]-[CH0](-[CH3])(-[CH3])-[OH1],20,1.9609,196.14632988,0.6944065241808802,5.453547038712942,0.0304199767995791,0.1335470387129413,22,30,-7.8,-6.3
O=C(O)[C@H]1O[C@H]2C[C@@H]3C[C@H](C2)[C@H]1C3,CC(=O)[C@H]1O[C@H]2C[C@@H]3C[C@H](C2)[C@H]1C3,[*]C(=O)O,[*]C(C)=O,[*:1]-[CH0](=[OH0])-[OH1]>>[*:1]-[CH0](-[CH3])=[OH0],68,1.779,180.115029752,0.6145161871801791,5.365807082607432,-0.0494703602011219,0.0458070826074319,22,31,-7.8,-7.1
O=C(O)[C@H]1O[C@H]2C[C@@H]3C[C@H](C2)[C@H]1C3,OCCO[C@H]1O[C@H]2C[C@@H]3C[C@H](C2)[C@H]1C3,[*]C(=O)O,[*]OCCO,[*:1]-[CH0](=[OH0])-[OH1]>>[*:1]-[OH0]-[CH2]-[CH2]-[OH1],17,1.1564,198.125594436,0.739170453434823,5.354391085472935,0.0751839060535219,0.0343910854729347,22,32,-7.8,-5.8
O=C(O)[C@H]1O[C@H]2C[C@@H]3C[C@H](C2)[C@H]1C3,O=C([C@H]1O[C@H]2C[C@@H]3C[C@H](C2)[C@H]1C3)N1CCOCC1,[*]C(=O)O,[*]C(=O)N1CCOCC1,[*:1]-[CH0](=[OH0])-[OH1]>>[*:1]-[CH0](=[OH0])-[NH0]1-[CH2]-[CH2]-[OH0]-[CH2]-[CH2]-1,80,1.0487999999999995,251.152143532,0.698970264912189,5.023934039334256,0.034983717530888,-0.2960659606657447,22,33,-7.8,-4.8
O=C(O)[C@H]1O[C@H]2C[C@@H]3C[C@H](C2)[C@H]1C3,CC(C)NC(=O)[C@H]1O[C@H]2C[C@@H]3C[C@H](C2)[C@H]1C3,[*]C(=O)O,[*]C(=O)NC(C)C,[*:1]-[CH0](=[OH0])-[OH1]>>[*:1]-[CH0](=[OH0])-[NH1]-[CH1](-[CH3])-[CH3],30,1.7145999999999997,223.157228912,0.7737229855907528,5.142302502333632,0.1097364382094517,-0.1776974976663679,22,34,-7.8,-5.9
O=C(O)[C@H]1O[C@H]2C[C@@H]3C[C@H](C2)[C@H]1C3,O=C([C@H]1O[C@H]2C[C@@H]3C[C@H](C2)[C@H]1C3)N1CCNCC1,[*]C(=O)O,[*]C(=O)N1CCNCC1,[*:1]-[CH0](=[OH0])-[OH1]>>[*:1]-[CH0](=[OH0])-[NH0]1-[CH2]-[CH2]-[NH1]-[CH2]-[CH2]-1,11,0.6217999999999995,250.168127944,0.7416565689965219,5.153565389116548,0.0776700216152208,-0.166434610883452,22,35,-7.8,-3.8
O=C(O)[C@H]1O[C@H]2C[C@@H]3C[C@H](C2)[C@H]1C3,COC(=O)[C@H]1O[C@H]2C[C@@H]3C[C@H](C2)[C@H]1C3,[*]C(=O)O,[*]C(=O)OC,[*:1]-[CH0](=[OH0])-[OH1]>>[*:1]-[CH0](=[OH0])-[OH0]-[CH3],638,1.363,196.109944372,0.5939808183198577,5.217900766523592,-0.0700057290614433,-0.1020992334764079,22,36,-7.8,-6.6
O=C(O)[C@H]1O[C@H]2C[C@@H]3C[C@H](C2)[C@H]1C3,O=C(O)CO[C@H]1O[C@H]2C[C@@H]3C[C@H](C2)[C@H]1C3,[*]C(=O)O,[*]OCC(=O)O,[*:1]-[CH0](=[OH0])-[OH1]>>[*:1]-[OH0]-[CH2]-[CH0](=[OH0])-[OH1],48,1.2486999999999997,212.104858992,0.7645275576263368,5.263240276379557,0.1005410102450358,-0.0567597236204431,22,37,-7.8,-6.5
O=C(O)[C@H]1O[C@H]2C[C@@H]3C[C@H](C2)[C@H]1C3,C1CN(C[C@H]2O[C@H]3C[C@@H]4C[C@H](C3)[C@H]2C4)CCO1,[*]C(=O)O,[*]CN1CCOCC1,[*:1]-[CH0](=[OH0])-[OH1]>>[*:1]-[CH2]-[NH0]1-[CH2]-[CH2]-[OH0]-[CH2]-[CH2]-1,19,1.5221999999999996,237.172878976,0.726662185744918,5.0186667626720105,0.062675638363617,-0.3013332373279898,22,38,-7.8,-5.6
O=C(O)[C@H]1O[C@H]2C[C@@H]3C[C@H](C2)[C@H]1C3,CS(=O)(=O)N[C@H]1O[C@H]2C[C@@H]3C[C@H](C2)[C@H]1C3,[*]C(=O)O,[*]NS(C)(=O)=O,[*:1]-[CH0](=[OH0])-[OH1]>>[*:1]-[NH1]-[SH0](-[CH3])(=[OH0])=[OH0],55,0.6966999999999999,231.092914404,0.7607218859999322,5.445775057877128,0.0967353386186311,0.1257750578771279,22,39,-7.8,-6.4
O=C(O)[C@H]1O[C@H]2C[C@@H]3C[C@H](C2)[C@H]1C3,NC(=O)N[C@H]1O[C@H]2C[C@@H]3C[C@H](C2)[C@H]1C3,[*]C(=O)O,[*]NC(N)=O,[*:1]-[CH0](=[OH0])-[OH1]>>[*:1]-[NH1]-[CH0](-[NH2])=[OH0],10,0.8157999999999996,196.121177752,0.6516548412724351,5.4564630742159,-0.0123317061088659,0.1364630742159001,22,40,-7.8,-6.6
O=C(O)[C@H]1O[C@H]2C[C@@H]3C[C@H](C2)[C@H]1C3,CN1CCN(C(=O)[C@H]2O[C@H]3C[C@@H]4C[C@H](C3)[C@H]2C4)CC1,[*]C(=O)O,[*]C(=O)N1CCN(C)CC1,[*:1]-[CH0](=[OH0])-[OH1]>>[*:1]-[CH0](=[OH0])-[NH0]1-[CH2]-[CH2]-[NH0](-[CH3])-[CH2]-[CH2]-1,46,0.964,264.183778008,0.7071503564154362,4.970068425055272,0.0431638090341351,-0.349931574944728,22,41,-7.8,-2.6
O=C(O)[C@H]1O[C@H]2C[C@@H]3C[C@H](C2)[C@H]1C3,CCCNC(=O)[C@H]1O[C@H]2C[C@@H]3C[C@H](C2)[C@H]1C3,[*]C(=O)O,[*]C(=O)NCCC,[*:1]-[CH0](=[OH0])-[OH1]>>[*:1]-[CH0](=[OH0])-[NH1]-[CH2]-[CH2]-[CH3],12,1.7161999999999995,223.157228912,0.7908010576797302,5.045921900326944,0.1268145102984291,-0.2740780996730567,22,42,-7.8,-6.2
O=C(O)[C@H]1O[C@H]2C[C@@H]3C[C@H](C2)[C@H]1C3,O=C(O)CC[C@H]1O[C@H]2C[C@@H]3C[C@H](C2)[C@H]1C3,[*]C(=O)O,[*]CCC(=O)O,[*:1]-[CH0](=[OH0])-[OH1]>>[*:1]-[CH2]-[CH2]-[CH0](=[OH0])-[OH1],69,2.0548,210.125594436,0.7751396861058374,5.1571465375602354,0.1111531387245363,-0.1628534624397648,22,43,-7.8,-6.0
O=C(O)[C@H]1O[C@H]2C[C@@H]3C[C@H](C2)[C@H]1C3,CC(O)[C@H]1O[C@H]2C[C@@H]3C[C@H](C2)[C@H]1C3,[*]C(=O)O,[*]C(C)O,[*:1]-[CH0](=[OH0])-[OH1]>>[*:1]-[CH1](-[CH3])-[OH1],18,1.5708,182.130679816,0.6667189780291929,5.469968749746701,0.0027324306478918,0.1499687497467006,22,44,-7.8,-6.8
O=C(O)[C@H]1O[C@H]2C[C@@H]3C[C@H](C2)[C@H]1C3,O=C(NC1CCCCC1)[C@H]1O[C@H]2C[C@@H]3C[C@H](C2)[C@H]1C3,[*]C(=O)O,[*]C(=O)NC1CCCCC1,[*:1]-[CH0](=[OH0])-[OH1]>>[*:1]-[CH0](=[OH0])-[NH1]-[CH1]1-[CH2]-[CH2]-[CH2]-[CH2]-[CH2]-1,10,2.6389000000000005,263.18852904,0.8314745695893166,4.9042238496306965,0.1674880222080156,-0.4157761503693038,22,45,-7.8,-5.9
O=C(O)[C@H]1O[C@H]2C[C@@H]3C[C@H](C2)[C@H]1C3,CCOC(=O)[C@H]1O[C@H]2C[C@@H]3C[C@H](C2)[C@H]1C3,[*]C(=O)O,[*]C(=O)OCC,[*:1]-[CH0](=[OH0])-[OH1]>>[*:1]-[CH0](=[OH0])-[OH0]-[CH2]-[CH3],288,1.7531,210.125594436,0.6513311393837269,5.122318630583492,-0.0126554079975741,-0.1976813694165082,22,46,-7.8,-5.3
O=C(O)[C@H]1O[C@H]2C[C@@H]3C[C@H](C2)[C@H]1C3,CS(=O)(=O)NC(=O)[C@H]1O[C@H]2C[C@@H]3C[C@H](C2)[C@H]1C3,[*]C(=O)O,[*]C(=O)NS(C)(=O)=O,[*:1]-[CH0](=[OH0])-[OH1]>>[*:1]-[CH0](=[OH0])-[NH1]-[SH0](-[CH3])(=[OH0])=[OH0],60,0.2657999999999996,259.08782902400003,0.7721191370948727,5.341620936158098,0.1081325897135716,0.0216209361580981,22,47,-7.8,-5.8
O=C(O)[C@H]1O[C@H]2C[C@@H]3C[C@H](C2)[C@H]1C3,c1ccc([C@H]2O[C@H]3C[C@@H]4C[C@H](C3)[C@H]2C4)cc1,[*]C(=O)O,[*]c1ccccc1,[*:1]-[CH0](=[OH0])-[OH1]>>[*:1]-[cH0]1:[cH1]:[cH1]:[cH1]:[cH1]:[cH1]:1,60,3.562700000000002,214.135765196,0.694195593524991,4.714282310025941,0.03020904614369,-0.6057176899740595,22,48,-7.8,-3.8
O=C(O)[C@H]1O[C@H]2C[C@@H]3C[C@H](C2)[C@H]1C3,CC(C)(C)OC(=O)N[C@H]1O[C@H]2C[C@@H]3C[C@H](C2)[C@H]1C3,[*]C(=O)O,[*]NC(=O)OC(C)(C)C,[*:1]-[CH0](=[OH0])-[OH1]>>[*:1]-[NH1]-[CH0](=[OH0])-[OH0]-[CH0](-[CH3])(-[CH3])-[CH3],15,2.672200000000001,253.167793596,0.7812292157184699,5.128382683746446,0.1172426683371689,-0.1916173162535539,22,49,-7.8,-5.8
O=C(O)[C@H]1O[C@H]2C[C@@H]3C[C@H](C2)[C@H]1C3,COc1ccc([C@H]2O[C@H]3C[C@@H]4C[C@H](C3)[C@H]2C4)cc1,[*]C(=O)O,[*]c1ccc(OC)cc1,[*:1]-[CH0](=[OH0])-[OH1]>>[*:1]-[cH0]1:[cH1]:[cH1]:[cH0](-[OH0]-[CH3]):[cH1]:[cH1]:1,11,3.5713000000000026,244.14632988,0.7914609835121761,4.668009511032367,0.127474436130875,-0.6519904889676331,22,50,-7.8,-3.7
O=C(O)[C@H]1O[C@H]2C[C@@H]3C[C@H](C2)[C@H]1C3,NCCNC(=O)[C@H]1O[C@H]2C[C@@H]3C[C@H](C2)[C@H]1C3,[*]C(=O)O,[*]C(=O)NCCN,[*:1]-[CH0](=[OH0])-[OH1]>>[*:1]-[CH0](=[OH0])-[NH1]-[CH2]-[CH2]-[NH2],13,0.2648999999999992,224.15247788,0.7227326491416066,5.198184442132964,0.0587461017603055,-0.1218155578670359,22,51,-7.8,-6.3
O=C(O)[C@H]1O[C@H]2C[C@@H]3C[C@H](C2)[C@H]1C3,CN(C)CCO[C@H]1O[C@H]2C[C@@H]3C[C@H](C2)[C@H]1C3,[*]C(=O)O,[*]OCCN(C)C,[*:1]-[CH0](=[OH0])-[OH1]>>[*:1]-[OH0]-[CH2]-[CH2]-[NH0](-[CH3])-[CH3],14,1.7256999999999996,225.172878976,0.7270137907792138,5.231023907015906,0.0630272433979127,-0.0889760929840939,22,52,-7.8,-5.8
O=C(O)[C@H]1O[C@H]2C[C@@H]3C[C@H](C2)[C@H]1C3,CC(C)(C(=O)O)[C@H]1O[C@H]2C[C@@H]3C[C@H](C2)[C@H]1C3,[*]C(=O)O,[*]C(C)(C)C(=O)O,[*:1]-[CH0](=[OH0])-[OH1]>>[*:1]-[CH0](-[CH3])(-[CH3])-[CH0](=[OH0])-[OH1],12,2.3008000000000006,224.1412445,0.7825114320006707,5.435383970865102,0.1185248846193697,0.1153839708651016,22,53,-7.8,-5.2
O=C(O)[C@H]1O[C@H]2C[C@@H]3C[C@H](C2)[C@H]1C3,CS[C@H]1O[C@H]2C[C@@H]3C[C@H](C2)[C@H]1C3,[*]C(=O)O,[*]SC,[*:1]-[CH0](=[OH0])-[OH1]>>[*:1]-[SH0]-[CH3],25,2.5105000000000004,184.092186132,0.6190201838611248,5.613306137843688,-0.0449663635201762,0.2933061378436878,22,54,-7.8,-5.3
O=C(O)[C@H]1O[C@H]2C[C@@H]3C[C@H](C2)[C@H]1C3,COC(=O)C[C@H]1O[C@H]2C[C@@H]3C[C@H](C2)[C@H]1C3,[*]C(=O)O,[*]CC(=O)OC,[*:1]-[CH0](=[OH0])-[OH1]>>[*:1]-[CH2]-[CH0](=[OH0])-[OH0]-[CH3],18,1.7531,210.125594436,0.6513311393837269,5.162359775485102,-0.0126554079975741,-0.157640224514898,22,55,-7.8,-6.2
O=C(O)[C@H]1O[C@H]2C[C@@H]3C[C@H](C2)[C@H]1C3,CONC(=O)[C@H]1O[C@H]2C[C@@H]3C[C@H](C2)[C@H]1C3,[*]C(=O)O,[*]C(=O)NOC,[*:1]-[CH0](=[OH0])-[OH1]>>[*:1]-[CH0](=[OH0])-[NH1]-[OH0]-[CH3],13,0.8675999999999995,211.120843404,0.6892952384102606,5.469531868508359,0.0253086910289596,0.1495318685083582,22,56,-7.8,-6.2
O=C(O)[C@H]1O[C@H]2C[C@@H]3C[C@H](C2)[C@H]1C3,O=c1[nH]nc([C@H]2O[C@H]3C[C@@H]4C[C@H](C3)[C@H]2C4)o1,[*]C(=O)O,[*]c1n[nH]c(=O)o1,[*:1]-[CH0](=[OH0])-[OH1]>>[*:1]-[cH0]1:[nH0]:[nH1]:[cH0](=[OH0]):[oH0]:1,13,1.239,222.100442308,0.7757748068706835,5.628651438503845,0.1117882594893824,0.308651438503845,22,57,-7.8,-6.3
O=C(O)[C@H]1O[C@H]2C[C@@H]3C[C@H](C2)[C@H]1C3,CCN(CC)C(=O)[C@H]1O[C@H]2C[C@@H]3C[C@H](C2)[C@H]1C3,[*]C(=O)O,[*]C(=O)N(CC)CC,[*:1]-[CH0](=[OH0])-[OH1]>>[*:1]-[CH0](=[OH0])-[NH0](-[CH2]-[CH3])-[CH2]-[CH3],26,2.0584,237.172878976,0.751669485473789,5.153234070364318,0.0876829380924879,-0.166765929635682,22,58,-7.8,-3.3
O=C(O)[C@H]1O[C@H]2C[C@@H]3C[C@H](C2)[C@H]1C3,O=C(O)CNC(=O)[C@H]1O[C@H]2C[C@@H]3C[C@H](C2)[C@H]1C3,[*]C(=O)O,[*]C(=O)NCC(=O)O,[*:1]-[CH0](=[OH0])-[OH1]>>[*:1]-[CH0](=[OH0])-[NH1]-[CH2]-[CH0](=[OH0])-[OH1],23,0.3907999999999993,239.115758024,0.7467404746876241,5.075591762672011,0.082753927306323,-0.2444082373279892,22,59,-7.8,-6.3
O=C(O)[C@H]1O[C@H]2C[C@@H]3C[C@H](C2)[C@H]1C3,c1ccc([C@H]2O[C@H]3C[C@@H]4C[C@H](C3)[C@H]2C4)nc1,[*]C(=O)O,[*]c1ccccn1,[*:1]-[CH0](=[OH0])-[OH1]>>[*:1]-[cH0]1:[cH1]:[cH1]:[cH1]:[cH1]:[nH0]:1,12,2.9577000000000018,215.131014164,0.7182064002368563,5.037581348487478,0.0542198528555553,-0.282418651512522,22,60,-7.8,-4.0
O=C(O)[C@H]1O[C@H]2C[C@@H]3C[C@H](C2)[C@H]1C3,CN(C)CCNC(=O)[C@H]1O[C@H]2C[C@@H]3C[C@H](C2)[C@H]1C3,[*]C(=O)O,[*]C(=O)NCCN(C)C,[*:1]-[CH0](=[OH0])-[OH1]>>[*:1]-[CH0](=[OH0])-[NH1]-[CH2]-[CH2]-[NH0](-[CH3])-[CH3],35,0.8677999999999995,252.183778008,0.8069450276274213,5.059777597773595,0.1429584802461202,-0.2602224022264057,22,61,-7.8,-6.1
O=C(O)[C@H]1O[C@H]2C[C@@H]3C[C@H](C2)[C@H]1C3,O=C(NS(=O)(=O)C1CC1)[C@H]1O[C@H]2C[C@@H]3C[C@H](C2)[C@H]1C3,[*]C(=O)O,[*]C(=O)NS(=O)(=O)C1CC1,[*:1]-[CH0](=[OH0])-[OH1]>>[*:1]-[CH0](=[OH0])-[NH1]-[SH0](=[OH0])(=[OH0])-[CH1]1-[CH2]-[CH2]-1,14,0.7983999999999996,285.10347908800003,0.8321897817745665,5.3230145815402965,0.1682032343932654,0.0030145815402962,22,62,-7.8,-6.0
O=C(O)[C@H]1O[C@H]2C[C@@H]3C[C@H](C2)[C@H]1C3,CC(C)OC(=O)[C@H]1O[C@H]2C[C@@H]3C[C@H](C2)[C@H]1C3,[*]C(=O)O,[*]C(=O)OC(C)C,[*:1]-[CH0](=[OH0])-[OH1]>>[*:1]-[CH0](=[OH0])-[OH0]-[CH1](-[CH3])-[CH3],20,2.1416000000000004,224.1412445,0.67408157409498,5.220188656179786,0.010095026713679,-0.0998113438202139,22,63,-7.8,-5.8
O=C(O)[C@H]1O[C@H]2C[C@@H]3C[C@H](C2)[C@H]1C3,C1[C@H]2C[C@H]3C[C@@H]1C[C@H]3[C@@H](c1nn[nH]n1)O2,[*]C(=O)O,[*]c1nn[nH]n1,[*:1]-[CH0](=[OH0])-[OH1]>>[*:1]-[cH0]1:[nH0]:[nH0]:[nH1]:[nH0]:1,115,1.0757999999999996,206.116761068,0.7462860854745486,5.535339453481525,0.0822995380932475,0.2153394534815245,22,64,-7.8,-5.8
O=C(O)[C@H]1O[C@H]2C[C@@H]3C[C@H](C2)[C@H]1C3,O=C(OCCO)[C@H]1O[C@H]2C[C@@H]3C[C@H](C2)[C@H]1C3,[*]C(=O)O,[*]C(=O)OCCO,[*:1]-[CH0](=[OH0])-[OH1]>>[*:1]-[CH0](=[OH0])-[OH0]-[CH2]-[CH2]-[OH1],10,0.7254999999999996,226.120509056,0.7205859175930481,5.230418890293498,0.0565993702117471,-0.0895811097065024,22,65,-7.8,-5.4
O=C(O)[C@H]1O[C@H]2C[C@@H]3C[C@H](C2)[C@H]1C3,COC(=O)CNC(=O)[C@H]1O[C@H]2C[C@@H]3C[C@H](C2)[C@H]1C3,[*]C(=O)O,[*]C(=O)NCC(=O)OC,[*:1]-[CH0](=[OH0])-[OH1]>>[*:1]-[CH0](=[OH0])-[NH1]-[CH2]-[CH0](=[OH0])-[OH0]-[CH3],13,0.4791999999999996,253.131408088,0.7429709412681935,5.0276572357826455,0.0789843938868924,-0.2923427642173548,22,66,-7.8,-6.5
O=C(O)[C@H]1O[C@H]2C[C@@H]3C[C@H](C2)[C@H]1C3,c1ccc(O[C@H]2O[C@H]3C[C@@H]4C[C@H](C3)[C@H]2C4)cc1,[*]C(=O)O,[*]Oc1ccccc1,[*:1]-[CH0](=[OH0])-[OH1]>>[*:1]-[OH0]-[cH0]1:[cH1]:[cH1]:[cH1]:[cH1]:[cH1]:1,20,3.226500000000001,230.130679816,0.7762617574861173,4.7505536405000655,0.1122752101048162,-0.5694463594999348,22,67,-7.8,-6.2
O=C(O)[C@H]1O[C@H]2C[C@@H]3C[C@H](C2)[C@H]1C3,O=C(O)CCC[C@H]1O[C@H]2C[C@@H]3C[C@H](C2)[C@H]1C3,[*]C(=O)O,[*]CCCC(=O)O,[*:1]-[CH0](=[OH0])-[OH1]>>[*:1]-[CH2]-[CH2]-[CH2]-[CH0](=[OH0])-[OH1],15,2.4449000000000005,224.1412445,0.7974566187131774,5.081915880260054,0.1334700713318763,-0.2380841197399466,22,68,-7.8,-6.2
O=C(O)[C@H]1O[C@H]2C[C@@H]3C[C@H](C2)[C@H]1C3,CC(C)(C)OC(=O)[C@H]1O[C@H]2C[C@@H]3C[C@H](C2)[C@H]1C3,[*]C(=O)O,[*]C(=O)OC(C)(C)C,[*:1]-[CH0](=[OH0])-[OH1]>>[*:1]-[CH0](=[OH0])-[OH0]-[CH0](-[CH3])(-[CH3])-[CH3],25,2.5317000000000007,238.156894564,0.6584838267943969,5.155325355143368,-0.0055027205869041,-0.1646746448566318,22,69,-7.8,-4.4
O=C(O)[C@H]1O[C@H]2C[C@@H]3C[C@H](C2)[C@H]1C3,CC(C(=O)O)[C@H]1O[C@H]2C[C@@H]3C[C@H](C2)[C@H]1C3,[*]C(=O)O,[*]C(C)C(=O)O,[*:1]-[CH0](=[OH0])-[OH1]>>[*:1]-[CH1](-[CH3])-[CH0](=[OH0])-[OH1],12,1.9107,210.125594436,0.7569402205607878,5.39298709626677,0.0929536731794867,0.07298709626677,22,70,-7.8,-6.3
O=C(O)[C@H]1O[C@H]2C[C@@H]3C[C@H](C2)[C@H]1C3,c1csc([C@H]2O[C@H]3C[C@@H]4C[C@H](C3)[C@H]2C4)c1,[*]C(=O)O,[*]c1cccs1,[*:1]-[CH0](=[OH0])-[OH1]>>[*:1]-[cH0]1:[cH1]:[cH1]:[cH1]:[sH0]:1,10,3.6242000000000023,220.092186132,0.7020347090854725,5.166730222712293,0.0380481617041714,-0.1532697772877069,22,71,-7.8,-3.7
O=C(O)[C@H]1O[C@H]2C[C@@H]3C[C@H](C2)[C@H]1C3,O=C(NCCO)[C@H]1O[C@H]2C[C@@H]3C[C@H](C2)[C@H]1C3,[*]C(=O)O,[*]C(=O)NCCO,[*:1]-[CH0](=[OH0])-[OH1]>>[*:1]-[CH0](=[OH0])-[NH1]-[CH2]-[CH2]-[OH1],48,0.2984999999999995,225.136493468,0.7259529449806307,5.148916214708215,0.0619663975993296,-0.1710837852917857,22,72,-7.8,-6.1
O=C(O)[C@H]1O[C@H]2C[C@@H]3C[C@H](C2)[C@H]1C3,COCCNC(=O)[C@H]1O[C@H]2C[C@@H]3C[C@H](C2)[C@H]1C3,[*]C(=O)O,[*]C(=O)NCCOC,[*:1]-[CH0](=[OH0])-[OH1]>>[*:1]-[CH0](=[OH0])-[NH1]-[CH2]-[CH2]-[OH0]-[CH3],26,0.9525999999999994,239.152143532,0.7431160595376065,5.032874611965573,0.0791295121563054,-0.2871253880344273,22,73,-7.8,-5.9
O=C(O)[C@H]1O[C@H]2C[C@@H]3C[C@H](C2)[C@H]1C3,O=C(OCc1ccccc1)[C@H]1O[C@H]2C[C@@H]3C[C@H](C2)[C@H]1C3,[*]C(=O)O,[*]C(=O)OCc1ccccc1,[*:1]-[CH0](=[OH0])-[OH1]>>[*:1]-[CH0](=[OH0])-[OH0]-[CH2]-[cH0]1:[cH1]:[cH1]:[cH1]:[cH1]:[cH1]:1,26,2.9334000000000016,272.1412445,0.7936244174501501,4.679280513380649,0.129637870068849,-0.6407194866193509,22,74,-7.8,-5.9
O=C(O)[C@H]1O[C@H]2C[C@@H]3C[C@H](C2)[C@H]1C3,C1[C@H]2C[C@H]3C[C@@H]1C[C@H]3[C@@H](c1nnn[nH]1)O2,[*]C(=O)O,[*]c1nnn[nH]1,[*:1]-[CH0](=[OH0])-[OH1]>>[*:1]-[cH0]1:[nH0]:[nH0]:[nH0]:[nH1]:1,179,1.0757999999999996,206.116761068,0.7462860854745486,5.756920991943064,0.0822995380932475,0.4369209919430634,22,75,-7.8,-6.6
O=C(O)[C@H]1O[C@H]2C[C@@H]3C[C@H](C2)[C@H]1C3,O=C(NCCN1CCOCC1)[C@H]1O[C@H]2C[C@@H]3C[C@H](C2)[C@H]1C3,[*]C(=O)O,[*]C(=O)NCCN1CCOCC1,[*:1]-[CH0](=[OH0])-[OH1]>>[*:1]-[CH0](=[OH0])-[NH1]-[CH2]-[CH2]-[NH0]1-[CH2]-[CH2]-[OH0]-[CH2]-[CH2]-1,24,0.6384000000000003,294.194342692,0.8265194144566709,4.912385736747494,0.1625328670753698,-0.4076142632525066,22,76,-7.8,-6.2
O=C(O)[C@H]1O[C@H]2C[C@@H]3C[C@H](C2)[C@H]1C3,COCCO[C@H]1O[C@H]2C[C@@H]3C[C@H](C2)[C@H]1C3,[*]C(=O)O,[*]OCCOC,[*:1]-[CH0](=[OH0])-[OH1]>>[*:1]-[OH0]-[CH2]-[CH2]-[OH0]-[CH3],12,1.8105,212.1412445,0.6651349572253437,5.204674558376629,0.0011484098440426,-0.1153254416233711,22,77,-7.8,-5.6
O=C(O)[C@H]1O[C@H]2C[C@@H]3C[C@H](C2)[C@H]1C3,c1cncc([C@H]2O[C@H]3C[C@@H]4C[C@H](C3)[C@H]2C4)c1,[*]C(=O)O,[*]c1cccnc1,[*:1]-[CH0](=[OH0])-[OH1]>>[*:1]-[cH0]1:[cH1]:[cH1]:[cH1]:[nH0]:[cH1]:1,15,2.9577000000000018,215.131014164,0.7182064002368563,5.014230386949016,0.0542198528555553,-0.3057696130509839,22,78,-7.8,-4.0
O=C(O)[C@H]1O[C@H]2C[C@@H]3C[C@H](C2)[C@H]1C3,O=C(Nc1ccccc1)[C@H]1O[C@H]2C[C@@H]3C[C@H](C2)[C@H]1C3,[*]C(=O)O,[*]C(=O)Nc1ccccc1,[*:1]-[CH0](=[OH0])-[OH1]>>[*:1]-[CH0](=[OH0])-[NH1]-[cH0]1:[cH1]:[cH1]:[cH1]:[cH1]:[cH1]:1,24,2.8287000000000013,257.141578848,0.8843960814238788,4.642274399081247,0.2204095340425778,-0.6777256009187536,22,79,-7.8,-7.2
O=C(O)[C@H]1O[C@H]2C[C@@H]3C[C@H](C2)[C@H]1C3,c1cc([C@H]2O[C@H]3C[C@@H]4C[C@H](C3)[C@H]2C4)ccn1,[*]C(=O)O,[*]c1ccncc1,[*:1]-[CH0](=[OH0])-[OH1]>>[*:1]-[cH0]1:[cH1]:[cH1]:[nH0]:[cH1]:[cH1]:1,13,2.9577000000000018,215.131014164,0.7182064002368562,5.014937117718248,0.0542198528555551,-0.305062882281752,22,80,-7.8,-3.8
O=C(O)[C@H]1O[C@H]2C[C@@H]3C[C@H](C2)[C@H]1C3,O=C(N[C@H]1O[C@H]2C[C@@H]3C[C@H](C2)[C@H]1C3)c1ccccc1,[*]C(=O)O,[*]NC(=O)c1ccccc1,[*:1]-[CH0](=[OH0])-[OH1]>>[*:1]-[NH1]-[CH0](=[OH0])-[cH0]1:[cH1]:[cH1]:[cH1]:[cH1]:[cH1]:1,11,2.577500000000001,257.141578848,0.8839995656895725,4.696289234246082,0.2200130183082714,-0.623710765753918,22,81,-7.8,-6.9
O=C(O)[C@H]1O[C@H]2C[C@@H]3C[C@H](C2)[C@H]1C3,O=S(=O)(N[C@H]1O[C@H]2C[C@@H]3C[C@H](C2)[C@H]1C3)C(F)(F)F,[*]C(=O)O,[*]NS(=O)(=O)C(F)(F)F,[*:1]-[CH0](=[OH0])-[OH1]>>[*:1]-[NH1]-[SH0](=[OH0])(=[OH0])-[CH0](-[FH0])(-[FH0])-[FH0],13,1.5867000000000002,285.064648968,0.8379217442273432,5.492676517341423,0.1739351968460422,0.1726765173414222,22,82,-7.8,-5.5
O=C(O)[C@H]1O[C@H]2C[C@@H]3C[C@H](C2)[C@H]1C3,O=c1[nH]c([C@H]2O[C@H]3C[C@@H]4C[C@H](C3)[C@H]2C4)no1,[*]C(=O)O,[*]c1noc(=O)[nH]1,[*:1]-[CH0](=[OH0])-[OH1]>>[*:1]-[cH0]1:[nH0]:[oH0]:[cH0](=[OH0]):[nH1]:1,30,1.239,222.100442308,0.7757748068706835,5.863202338667511,0.1117882594893824,0.5432023386675109,22,83,-7.8,-5.9
O=C(O)[C@H]1O[C@H]2C[C@@H]3C[C@H](C2)[C@H]1C3,O=C(NCc1ccccc1)[C@H]1O[C@H]2C[C@@H]3C[C@H](C2)[C@H]1C3,[*]C(=O)O,[*]C(=O)NCc1ccccc1,[*:1]-[CH0](=[OH0])-[OH1]>>[*:1]-[CH0](=[OH0])-[NH1]-[CH2]-[cH0]1:[cH1]:[cH1]:[cH1]:[cH1]:[cH1]:1,32,2.5064,271.157228912,0.9170371022013832,4.627181426027326,0.2530505548200822,-0.6928185739726747,22,84,-7.8,-6.4
O=C(O)[C@H]1O[C@H]2C[C@@H]3C[C@H](C2)[C@H]1C3,c1ccc(CO[C@H]2O[C@H]3C[C@@H]4C[C@H](C3)[C@H]2C4)cc1,[*]C(=O)O,[*]OCc1ccccc1,[*:1]-[CH0](=[OH0])-[OH1]>>[*:1]-[OH0]-[CH2]-[cH0]1:[cH1]:[cH1]:[cH1]:[cH1]:[cH1]:1,17,3.3643000000000027,244.14632988,0.8113440387748667,4.702169452977215,0.1473574913935657,-0.617830547022785,22,85,-7.8,-6.6
O=C(O)[C@H]1O[C@H]2C[C@@H]3C[C@H](C2)[C@H]1C3,CCCCNC(=O)[C@H]1O[C@H]2C[C@@H]3C[C@H](C2)[C@H]1C3,[*]C(=O)O,[*]C(=O)NCCCC,[*:1]-[CH0](=[OH0])-[OH1]>>[*:1]-[CH0](=[OH0])-[NH1]-[CH2]-[CH2]-[CH2]-[CH3],10,2.106299999999999,237.172878976,0.7604699231241663,4.96926425089807,0.0964833757428652,-0.35073574910193,22,86,-7.8,-5.9
O=C(O)[C@H]1O[C@H]2C[C@@H]3C[C@H](C2)[C@H]1C3,CN(C)CCCNC(=O)[C@H]1O[C@H]2C[C@@H]3C[C@H](C2)[C@H]1C3,[*]C(=O)O,[*]C(=O)NCCCN(C)C,[*:1]-[CH0](=[OH0])-[OH1]>>[*:1]-[CH0](=[OH0])-[NH1]-[CH2]-[CH2]-[CH2]-[NH0](-[CH3])-[CH3],28,1.2578999999999996,266.199428072,0.7617365968700568,5.000546560253407,0.0977500494887557,-0.3194534397465931,22,87,-7.8,-5.9
O=C(O)[C@H]1O[C@H]2C[C@@H]3C[C@H](C2)[C@H]1C3,O=C(NO)[C@H]1O[C@H]2C[C@@H]3C[C@H](C2)[C@H]1C3,[*]C(=O)O,[*]C(=O)NO,[*:1]-[CH0](=[OH0])-[OH1]>>[*:1]-[CH0](=[OH0])-[NH1]-[OH1],63,0.6953999999999996,197.10519334,0.4801752536039217,5.434381920369747,-0.1838112937773792,0.1143819203697464,22,88,-7.8,-7.3
O=C(O)[C@H]1O[C@H]2C[C@@H]3C[C@H](C2)[C@H]1C3,NNC(=O)[C@H]1O[C@H]2C[C@@H]3C[C@H](C2)[C@H]1C3,[*]C(=O)O,[*]C(=O)NN,[*:1]-[CH0](=[OH0])-[OH1]>>[*:1]-[CH0](=[OH0])-[NH1]-[NH2],12,0.1798999999999992,196.121177752,0.3570402730078576,5.493719612677438,-0.3069462743734434,0.1737196126774378,22,89,-7.8,-7.0
O=C(O)c1ccccc1O,COc1ccccc1O,[*]C(=O)O,[*]OC,[*:1]-[CH0](=[OH0])-[OH1]>>[*:1]-[OH0]-[CH3],264,1.4008,124.052429496,0.6127725486570803,1.3187972379947863,0.0025140427990537,-0.1312027620052145,23,0,-7.0,-4.9
O=C(O)c1ccccc1O,CC(C)c1ccccc1O,[*]C(=O)O,[*]C(C)C,[*:1]-[CH0](=[OH0])-[OH1]>>[*:1]-[CH1](-[CH3])-[CH3],15,2.5156,136.088815004,0.6285471901725991,1.6461770589832057,0.0182886843145725,0.1961770589832046,23,1,-7.0,-5.6
O=C(O)c1ccccc1O,CCc1ccccc1O,[*]C(=O)O,[*]CC,[*:1]-[CH0](=[OH0])-[OH1]>>[*:1]-[CH2]-[CH3],27,1.9545999999999997,122.07316494,0.6032549150365025,1.5610329303024777,-0.007003590821524,0.1110329303024766,23,2,-7.0,-5.2
O=C(O)c1ccccc1O,NCc1ccccc1O,[*]C(=O)O,[*]CN,[*:1]-[CH0](=[OH0])-[OH1]>>[*:1]-[CH2]-[NH2],41,0.8509,123.068413908,0.5811702359695724,1.7738926226101732,-0.0290882698884541,0.3238926226101721,23,3,-7.0,-5.8
O=C(O)c1ccccc1O,OCc1ccccc1O,[*]C(=O)O,[*]CO,[*:1]-[CH0](=[OH0])-[OH1]>>[*:1]-[CH2]-[OH1],242,0.8844999999999998,124.052429496,0.5831595163788862,1.726034776456327,-0.0270989894791403,0.276034776456326,23,4,-7.0,-5.8
O=C(O)c1ccccc1O,NC(=O)c1ccccc1O,[*]C(=O)O,[*]C(N)=O,[*:1]-[CH0](=[OH0])-[OH1]>>[*:1]-[CH0](-[NH2])=[OH0],426,0.4911000000000001,137.047678464,0.5912712208356959,1.5767052641114103,-0.0189872850223306,0.1267052641114094,23,5,-7.0,-6.3
O=C(O)c1ccccc1O,CNc1ccccc1O,[*]C(=O)O,[*]NC,[*:1]-[CH0](=[OH0])-[OH1]>>[*:1]-[NH1]-[CH3],17,1.4339,123.068413908,0.5535554805775342,1.7504870841486344,-0.0567030252804923,0.3004870841486333,23,6,-7.0,-5.2
O=C(O)c1ccccc1O,CN(C)c1ccccc1O,[*]C(=O)O,[*]N(C)C,[*:1]-[CH0](=[OH0])-[OH1]>>[*:1]-[NH0](-[CH3])-[CH3],51,1.4582,137.084063972,0.6330155129114593,1.859197571803719,0.0227570070534327,0.4091975718037179,23,7,-7.0,-4.8
O=C(O)c1ccccc1O,CCOc1ccccc1O,[*]C(=O)O,[*]OCC,[*:1]-[CH0](=[OH0])-[OH1]>>[*:1]-[OH0]-[CH2]-[CH3],26,1.7909,138.06807956,0.6746841995353571,1.45231277326892,0.0644256936773305,0.0023127732689189,23,8,-7.0,-5.1
O=C(O)c1ccccc1O,CNC(=O)c1ccccc1O,[*]C(=O)O,[*]C(=O)NC,[*:1]-[CH0](=[OH0])-[OH1]>>[*:1]-[CH0](=[OH0])-[NH1]-[CH3],187,0.7518,151.063328528,0.6218937090700865,1.5601972593741549,0.0116352032120599,0.1101972593741535,23,9,-7.0,-6.0
O=C(O)c1ccccc1O,CC(C)(C)c1ccccc1O,[*]C(=O)O,[*]C(C)(C)C,[*:1]-[CH0](=[OH0])-[OH1]>>[*:1]-[CH0](-[CH3])(-[CH3])-[CH3],26,2.689700000000001,150.104465068,0.6025012194870691,1.8377594874908656,-0.0077572863709574,0.3877594874908645,23,10,-7.0,-5.2
O=C(O)c1ccccc1O,CN(C)C(=O)c1ccccc1O,[*]C(=O)O,[*]C(=O)N(C)C,[*:1]-[CH0](=[OH0])-[OH1]>>[*:1]-[CH0](=[OH0])-[NH0](-[CH3])-[CH3],153,1.094,165.078978592,0.6763840517918872,1.6312718498693766,0.0661255459338606,0.1812718498693755,23,11,-7.0,-4.9
O=C(O)c1ccccc1O,CN(C)Cc1ccccc1O,[*]C(=O)O,[*]CN(C)C,[*:1]-[CH0](=[OH0])-[OH1]>>[*:1]-[CH2]-[NH0](-[CH3])-[CH3],24,1.4538,151.099714036,0.6912301639064375,1.7205311055279982,0.080971658048411,0.2705311055279971,23,12,-7.0,-5.1
O=C(O)c1ccccc1O,CC(=O)Nc1ccccc1O,[*]C(=O)O,[*]NC(C)=O,[*:1]-[CH0](=[OH0])-[OH1]>>[*:1]-[NH1]-[CH0](-[CH3])=[OH0],88,1.3505999999999998,151.063328528,0.5950261967780849,1.5273403362972289,-0.0152323090799416,0.0773403362972278,23,13,-7.0,-5.8
O=C(O)c1ccccc1O,CN1CCN(c2ccccc2O)CC1,[*]C(=O)O,[*]N1CCN(C)CC1,[*:1]-[CH0](=[OH0])-[OH1]>>[*:1]-[NH0]1-[CH2]-[CH2]-[NH0](-[CH3])-[CH2]-[CH2]-1,14,1.144,192.126263132,0.7226170718647027,1.7205682779998313,0.1123585660066761,0.2705682779998302,23,14,-7.0,-4.0
O=C(O)c1ccccc1O,OCCc1ccccc1O,[*]C(=O)O,[*]CCO,[*:1]-[CH0](=[OH0])-[OH1]>>[*:1]-[CH2]-[CH2]-[OH1],26,0.927,138.06807956,0.6377737015055097,1.7518199161260632,0.0275151956474831,0.3018199161260622,23,15,-7.0,-5.9
O=C(O)c1ccccc1O,COCc1ccccc1O,[*]C(=O)O,[*]COC,[*:1]-[CH0](=[OH0])-[OH1]>>[*:1]-[CH2]-[OH0]-[CH3],25,1.5386,138.06807956,0.6712559043217807,1.6946204655766106,0.0609973984637541,0.2446204655766095,23,16,-7.0,-5.2
O=C(O)c1ccccc1O,Oc1ccccc1N1CCOCC1,[*]C(=O)O,[*]N1CCOCC1,[*:1]-[CH0](=[OH0])-[OH1]>>[*:1]-[NH0]1-[CH2]-[CH2]-[OH0]-[CH2]-[CH2]-1,37,1.2288,179.094628656,0.7034125823525217,1.7382174828023498,0.0931540764944951,0.2882174828023487,23,17,-7.0,-5.4
O=C(O)c1ccccc1O,Oc1ccccc1C(F)(F)F,[*]C(=O)O,[*]C(F)(F)F,[*:1]-[CH0](=[OH0])-[OH1]>>[*:1]-[CH0](-[FH0])(-[FH0])-[FH0],118,2.4110000000000005,162.02924944,0.6205760233110343,1.8363509994272016,0.0103175174530077,0.3863509994272007,23,18,-7.0,-6.1
O=C(O)c1ccccc1O,NC(=O)Cc1ccccc1O,[*]C(=O)O,[*]CC(N)=O,[*:1]-[CH0](=[OH0])-[OH1]>>[*:1]-[CH2]-[CH0](-[NH2])=[OH0],13,0.42,151.063328528,0.6429850467613327,1.777660336297231,0.0327265409033061,0.3276603362972299,23,19,-7.0,-6.3
O=C(O)c1ccccc1O,CC(C)Oc1ccccc1O,[*]C(=O)O,[*]OC(C)C,[*:1]-[CH0](=[OH0])-[OH1]>>[*:1]-[OH0]-[CH1](-[CH3])-[CH3],12,2.1794,152.083729624,0.7033715320318146,1.648724951681846,0.093113026173788,0.1987249516818447,23,20,-7.0,-5.4
O=C(O)c1ccccc1O,Oc1ccccc1OC(F)(F)F,[*]C(=O)O,[*]OC(F)(F)F,[*:1]-[CH0](=[OH0])-[OH1]>>[*:1]-[OH0]-[CH0](-[FH0])(-[FH0])-[FH0],36,2.290800000000001,178.02416406,0.714333666499626,1.8709011767924528,0.1040751606415995,0.4209011767924515,23,21,-7.0,-6.1
O=C(O)c1ccccc1O,O=C(c1ccccc1O)N1CCC1,[*]C(=O)O,[*]C(=O)N1CCC1,[*:1]-[CH0](=[OH0])-[OH1]>>[*:1]-[CH0](=[OH0])-[NH0]1-[CH2]-[CH2]-[CH2]-1,12,1.2380999999999998,177.078978592,0.7006573585112058,1.5450935961626708,0.0903988526531792,0.0950935961626697,23,22,-7.0,-5.7
O=C(O)c1ccccc1O,O=C(O)Cc1ccccc1O,[*]C(=O)O,[*]CC(=O)O,[*:1]-[CH0](=[OH0])-[OH1]>>[*:1]-[CH2]-[CH0](=[OH0])-[OH1],212,1.0193,152.047344116,0.6646940852903368,1.657231105528,0.0544355794323102,0.2072311055279989,23,23,-7.0,-6.7
O=C(O)c1ccccc1O,CCNC(=O)c1ccccc1O,[*]C(=O)O,[*]C(=O)NCC,[*:1]-[CH0](=[OH0])-[OH1]>>[*:1]-[CH0](=[OH0])-[NH1]-[CH2]-[CH3],40,1.1419,165.078978592,0.6900213074146443,1.5472436593099363,0.0797628015566177,0.0972436593099352,23,24,-7.0,-6.2
O=C(O)c1ccccc1O,O=C(c1ccccc1O)N1CCCCC1,[*]C(=O)O,[*]C(=O)N1CCCCC1,[*:1]-[CH0](=[OH0])-[OH1]>>[*:1]-[CH0](=[OH0])-[NH0]1-[CH2]-[CH2]-[CH2]-[CH2]-[CH2]-1,29,2.0183,205.11027872,0.761564596088766,1.581294120592826,0.1513060902307395,0.131294120592825,23,25,-7.0,-4.5
O=C(O)c1ccccc1O,O=C(c1ccccc1O)N1CCCC1,[*]C(=O)O,[*]C(=O)N1CCCC1,[*:1]-[CH0](=[OH0])-[OH1]>>[*:1]-[CH0](=[OH0])-[NH0]1-[CH2]-[CH2]-[CH2]-[CH2]-1,20,1.6282,191.094628656,0.7324908750768653,1.5626805856921369,0.1222323692188387,0.1126805856921357,23,26,-7.0,-5.2
O=C(O)c1ccccc1O,Oc1ccccc1N1CCCCC1,[*]C(=O)O,[*]N1CCCCC1,[*:1]-[CH0](=[OH0])-[OH1]>>[*:1]-[NH0]1-[CH2]-[CH2]-[CH2]-[CH2]-[CH2]-1,10,2.3825000000000003,177.1153641,0.7115615366909641,1.6207911670128734,0.1013030308329375,0.1707911670128723,23,27,-7.0,-5.3
O=C(O)c1ccccc1O,O=C(NC1CC1)c1ccccc1O,[*]C(=O)O,[*]C(=O)NC1CC1,[*:1]-[CH0](=[OH0])-[OH1]>>[*:1]-[CH0](=[OH0])-[NH1]-[CH1]1-[CH2]-[CH2]-1,32,1.2844,177.078978592,0.7145963389498923,1.5630743653934402,0.1043378330918657,0.1130743653934391,23,28,-7.0,-6.2
O=C(O)c1ccccc1O,CC(=O)NCc1ccccc1O,[*]C(=O)O,[*]CNC(C)=O,[*:1]-[CH0](=[OH0])-[OH1]>>[*:1]-[CH2]-[NH1]-[CH0](-[CH3])=[OH0],13,1.0283,165.078978592,0.6871812982103629,1.664457645323921,0.0769227923523363,0.2144576453239199,23,29,-7.0,-5.9
O=C(O)c1ccccc1O,CC(C)(O)c1ccccc1O,[*]C(=O)O,[*]C(C)(C)O,[*:1]-[CH0](=[OH0])-[OH1]>>[*:1]-[CH0](-[CH3])(-[CH3])-[OH1],20,1.6196,152.083729624,0.6415647231011674,2.0514629357667253,0.0313062172431408,0.6014629357667243,23,30,-7.0,-6.1
O=C(O)c1ccccc1O,CC(=O)c1ccccc1O,[*]C(=O)O,[*]C(C)=O,[*:1]-[CH0](=[OH0])-[OH1]>>[*:1]-[CH0](-[CH3])=[OH0],68,1.5948,136.052429496,0.5951083320007401,1.5504027000088474,-0.0151501738572864,0.1004027000088463,23,31,-7.0,-5.8
O=C(O)c1ccccc1O,OCCOc1ccccc1O,[*]C(=O)O,[*]OCCO,[*:1]-[CH0](=[OH0])-[OH1]>>[*:1]-[OH0]-[CH2]-[CH2]-[OH1],17,0.7632999999999999,154.06299418,0.6754419849168498,1.6919551750069068,0.0651834790588232,0.2419551750069057,23,32,-7.0,-5.9
O=C(O)c1ccccc1O,O=C(c1ccccc1O)N1CCOCC1,[*]C(=O)O,[*]C(=O)N1CCOCC1,[*:1]-[CH0](=[OH0])-[OH1]>>[*:1]-[CH0](=[OH0])-[NH0]1-[CH2]-[CH2]-[OH0]-[CH2]-[CH2]-1,80,0.8646,207.089543276,0.7428153272694441,1.704431508786028,0.1325568214114175,0.2544315087860269,23,33,-7.0,-4.3
O=C(O)c1ccccc1O,CC(C)NC(=O)c1ccccc1O,[*]C(=O)O,[*]C(=O)NC(C)C,[*:1]-[CH0](=[OH0])-[OH1]>>[*:1]-[CH0](=[OH0])-[NH1]-[CH1](-[CH3])-[CH3],30,1.5304,179.094628656,0.722916168254152,1.5665179917670675,0.1126576623961254,0.1165179917670666,23,34,-7.0,-5.8
O=C(O)c1ccccc1O,O=C(c1ccccc1O)N1CCNCC1,[*]C(=O)O,[*]C(=O)N1CCNCC1,[*:1]-[CH0](=[OH0])-[OH1]>>[*:1]-[CH0](=[OH0])-[NH0]1-[CH2]-[CH2]-[NH1]-[CH2]-[CH2]-1,11,0.4375999999999998,206.105527688,0.7006164268418621,1.8642096840990856,0.0903579209838355,0.4142096840990845,23,35,-7.0,-4.9
O=C(O)c1ccccc1O,COC(=O)c1ccccc1O,[*]C(=O)O,[*]C(=O)OC,[*:1]-[CH0](=[OH0])-[OH1]>>[*:1]-[CH0](=[OH0])-[OH0]-[CH3],638,1.1788,152.047344116,0.6143884490200855,1.4617049516818454,0.0041299431620589,0.0117049516818443,23,36,-7.0,-5.9
O=C(O)c1ccccc1O,O=C(O)COc1ccccc1O,[*]C(=O)O,[*]OCC(=O)O,[*:1]-[CH0](=[OH0])-[OH1]>>[*:1]-[OH0]-[CH2]-[CH0](=[OH0])-[OH1],48,0.8555999999999999,168.042258736,0.7018205514811003,1.6245723306386068,0.0915620456230738,0.1745723306386057,23,37,-7.0,-6.9
O=C(O)c1ccccc1O,Oc1ccccc1CN1CCOCC1,[*]C(=O)O,[*]CN1CCOCC1,[*:1]-[CH0](=[OH0])-[OH1]>>[*:1]-[CH2]-[NH0]1-[CH2]-[CH2]-[OH0]-[CH2]-[CH2]-1,19,1.2244,193.11027872,0.7663122244851353,1.7456524431030207,0.1560537186271087,0.2956524431030196,23,38,-7.0,-4.9
O=C(O)c1ccccc1O,CS(=O)(=O)Nc1ccccc1O,[*]C(=O)O,[*]NS(C)(=O)=O,[*:1]-[CH0](=[OH0])-[OH1]>>[*:1]-[NH1]-[SH0](-[CH3])(=[OH0])=[OH0],55,0.7637,187.030314148,0.6716978201828984,1.7751333883309144,0.0614393143248718,0.3251333883309133,23,39,-7.0,-6.7
O=C(O)c1ccccc1O,NC(=O)Nc1ccccc1O,[*]C(=O)O,[*]NC(N)=O,[*:1]-[CH0](=[OH0])-[OH1]>>[*:1]-[NH1]-[CH0](-[NH2])=[OH0],10,0.8827999999999998,152.058577496,0.5223417418965255,1.7093757209126146,-0.087916763961501,0.2593757209126135,23,40,-7.0,-6.1
O=C(O)c1ccccc1O,CN1CCN(C(=O)c2ccccc2O)CC1,[*]C(=O)O,[*]C(=O)N1CCN(C)CC1,[*:1]-[CH0](=[OH0])-[OH1]>>[*:1]-[CH0](=[OH0])-[NH0]1-[CH2]-[CH2]-[NH0](-[CH3])-[CH2]-[CH2]-1,46,0.7798,220.121177752,0.7603013036782854,1.6903207830406402,0.1500427978202588,0.240320783040639,23,41,-7.0,-3.7
O=C(O)c1ccccc1O,CCCNC(=O)c1ccccc1O,[*]C(=O)O,[*]C(=O)NCCC,[*:1]-[CH0](=[OH0])-[OH1]>>[*:1]-[CH0](=[OH0])-[NH1]-[CH2]-[CH2]-[CH3],12,1.532,179.094628656,0.738877947364592,1.5134974423165186,0.1286194415065654,0.0634974423165175,23,42,-7.0,-6.4
O=C(O)c1ccccc1O,O=C(O)CCc1ccccc1O,[*]C(=O)O,[*]CCC(=O)O,[*:1]-[CH0](=[OH0])-[OH1]>>[*:1]-[CH2]-[CH2]-[CH0](=[OH0])-[OH1],69,1.4094,166.06299418,0.7132847077406798,1.6516142886805645,0.1030262018826532,0.2016142886805632,23,43,-7.0,-7.0
O=C(O)c1ccccc1O,CC(O)c1ccccc1O,[*]C(=O)O,[*]C(C)O,[*:1]-[CH0](=[OH0])-[OH1]>>[*:1]-[CH1](-[CH3])-[OH1],18,1.4454999999999998,138.06807956,0.6161476589223026,2.3107211555435896,0.005889153064276,0.8607211555435885,23,44,-7.0,-5.8
O=C(O)c1ccccc1O,O=C(NC1CCCCC1)c1ccccc1O,[*]C(=O)O,[*]C(=O)NC1CCCCC1,[*:1]-[CH0](=[OH0])-[OH1]>>[*:1]-[CH0](=[OH0])-[NH1]-[CH1]1-[CH2]-[CH2]-[CH2]-[CH2]-[CH2]-1,10,2.4547000000000008,219.125928784,0.8023121301804755,1.6381722211677283,0.192053624322449,0.1881722211677274,23,45,-7.0,-6.5
O=C(O)c1ccccc1O,CCOC(=O)c1ccccc1O,[*]C(=O)O,[*]C(=O)OCC,[*:1]-[CH0](=[OH0])-[OH1]>>[*:1]-[CH0](=[OH0])-[OH0]-[CH2]-[CH3],288,1.5689,166.06299418,0.67810167363512,1.4687989040651814,0.0678431677770934,0.0187989040651803,23,46,-7.0,-5.8
O=C(O)c1ccccc1O,CS(=O)(=O)NC(=O)c1ccccc1O,[*]C(=O)O,[*]C(=O)NS(C)(=O)=O,[*:1]-[CH0](=[OH0])-[OH1]>>[*:1]-[CH0](=[OH0])-[NH1]-[SH0](-[CH3])(=[OH0])=[OH0],60,0.0816000000000001,215.025228768,0.7314892388709545,1.858651479663033,0.1212307330129279,0.4086514796630318,23,47,-7.0,-6.0
O=C(O)c1ccccc1O,Oc1ccccc1-c1ccccc1,[*]C(=O)O,[*]c1ccccc1,[*:1]-[CH0](=[OH0])-[OH1]>>[*:1]-[cH0]1:[cH1]:[cH1]:[cH1]:[cH1]:[cH1]:1,60,3.059200000000001,170.07316494,0.6969384886852025,1.3148931913043749,0.0866799828271759,-0.1351068086956264,23,48,-7.0,-5.8
O=C(O)c1ccccc1O,CC(C)(C)OC(=O)Nc1ccccc1O,[*]C(=O)O,[*]NC(=O)OC(C)(C)C,[*:1]-[CH0](=[OH0])-[OH1]>>[*:1]-[NH1]-[CH0](=[OH0])-[OH0]-[CH0](-[CH3])(-[CH3])-[CH3],15,2.7392000000000003,209.10519334,0.6989890300915096,1.7345969649577633,0.088730524233483,0.2845969649577622,23,49,-7.0,-5.3
O=C(O)c1ccccc1O,COc1ccc(-c2ccccc2O)cc1,[*]C(=O)O,[*]c1ccc(OC)cc1,[*:1]-[CH0](=[OH0])-[OH1]>>[*:1]-[cH0]1:[cH1]:[cH1]:[cH0](-[OH0]-[CH3]):[cH1]:[cH1]:1,11,3.067800000000001,200.083729624,0.8068181977997065,1.4097241742600897,0.19655969194168,-0.0402758257399114,23,50,-7.0,-4.4
O=C(O)c1ccccc1O,NCCNC(=O)c1ccccc1O,[*]C(=O)O,[*]C(=O)NCCN,[*:1]-[CH0](=[OH0])-[OH1]>>[*:1]-[CH0](=[OH0])-[NH1]-[CH2]-[CH2]-[NH2],13,0.0806999999999997,180.089877624,0.6162807656190771,1.708055134624212,0.0060222597610505,0.258055134624211,23,51,-7.0,-6.4
O=C(O)c1ccccc1O,CN(C)CCOc1ccccc1O,[*]C(=O)O,[*]OCCN(C)C,[*:1]-[CH0](=[OH0])-[OH1]>>[*:1]-[OH0]-[CH2]-[CH2]-[NH0](-[CH3])-[CH3],14,1.3325999999999998,181.11027872,0.7603090160718174,1.7441512884703645,0.1500505102137909,0.2941512884703634,23,52,-7.0,-5.4
O=C(O)c1ccccc1O,CC(C)(C(=O)O)c1ccccc1O,[*]C(=O)O,[*]C(C)(C)C(=O)O,[*:1]-[CH0](=[OH0])-[OH1]>>[*:1]-[CH0](-[CH3])(-[CH3])-[CH0](=[OH0])-[OH1],12,1.7544,180.078644244,0.728566452388399,2.134354229646835,0.1183079465303724,0.6843542296468339,23,53,-7.0,-5.8
O=C(O)c1ccccc1O,CSc1ccccc1O,[*]C(=O)O,[*]SC,[*:1]-[CH0](=[OH0])-[OH1]>>[*:1]-[SH0]-[CH3],25,2.1141,140.029585876,0.602773236014719,1.9572267764563251,-0.0074852698433075,0.5072267764563243,23,54,-7.0,-4.9
O=C(O)c1ccccc1O,COC(=O)Cc1ccccc1O,[*]C(=O)O,[*]CC(=O)OC,[*:1]-[CH0](=[OH0])-[OH1]>>[*:1]-[CH2]-[CH0](=[OH0])-[OH0]-[CH3],18,1.1076999999999997,166.06299418,0.6691909353254654,1.6963751278414048,0.0589324294674388,0.2463751278414037,23,55,-7.0,-6.5
O=C(O)c1ccccc1O,CONC(=O)c1ccccc1O,[*]C(=O)O,[*]C(=O)NOC,[*:1]-[CH0](=[OH0])-[OH1]>>[*:1]-[CH0](=[OH0])-[NH1]-[OH0]-[CH3],13,0.6834,167.058243148,0.6367068780510104,1.8991037991700743,0.0264483721929839,0.4491037991700732,23,56,-7.0,-6.2
O=C(O)c1ccccc1O,O=c1[nH]nc(-c2ccccc2O)o1,[*]C(=O)O,[*]c1n[nH]c(=O)o1,[*:1]-[CH0](=[OH0])-[OH1]>>[*:1]-[cH0]1:[nH0]:[nH1]:[cH0](=[OH0]):[oH0]:1,13,0.7354999999999998,178.037842052,0.6743532741893711,2.4257740535431296,0.0640947683313445,0.9757740535431284,23,57,-7.0,-6.9
O=C(O)c1ccccc1O,CCN(CC)C(=O)c1ccccc1O,[*]C(=O)O,[*]C(=O)N(CC)CC,[*:1]-[CH0](=[OH0])-[OH1]>>[*:1]-[CH0](=[OH0])-[NH0](-[CH2]-[CH3])-[CH2]-[CH3],26,1.8742,193.11027872,0.7957363966611944,1.7056311929795882,0.1854778908031679,0.2556311929795871,23,58,-7.0,-5.0
O=C(O)c1ccccc1O,O=C(O)CNC(=O)c1ccccc1O,[*]C(=O)O,[*]C(=O)NCC(=O)O,[*:1]-[CH0](=[OH0])-[OH1]>>[*:1]-[CH0](=[OH0])-[NH1]-[CH2]-[CH0](=[OH0])-[OH1],23,0.2065999999999999,195.053157768,0.6428709623639096,1.6346113549229084,0.032612456505883,0.1846113549229073,23,59,-7.0,-7.0
O=C(O)c1ccccc1O,Oc1ccccc1-c1ccccn1,[*]C(=O)O,[*]c1ccccn1,[*:1]-[CH0](=[OH0])-[OH1]>>[*:1]-[cH0]1:[cH1]:[cH1]:[cH1]:[cH1]:[nH0]:1,12,2.4542,171.068413908,0.7144713459179298,1.66697537753919,0.1042128400599032,0.2169753775391889,23,60,-7.0,-5.6
O=C(O)c1ccccc1O,CN(C)CCNC(=O)c1ccccc1O,[*]C(=O)O,[*]C(=O)NCCN(C)C,[*:1]-[CH0](=[OH0])-[OH1]>>[*:1]-[CH0](=[OH0])-[NH1]-[CH2]-[CH2]-[NH0](-[CH3])-[CH3],35,0.6835999999999998,208.121177752,0.7648678773976401,1.7032764583911586,0.1546093715396135,0.2532764583911575,23,61,-7.0,-6.6
O=C(O)c1ccccc1O,O=C(NS(=O)(=O)C1CC1)c1ccccc1O,[*]C(=O)O,[*]C(=O)NS(=O)(=O)C1CC1,[*:1]-[CH0](=[OH0])-[OH1]>>[*:1]-[CH0](=[OH0])-[NH1]-[SH0](=[OH0])(=[OH0])-[CH1]1-[CH2]-[CH2]-1,14,0.6142000000000001,241.040878832,0.8119333949859039,2.0464271873340216,0.2016748891278773,0.5964271873340206,23,62,-7.0,-6.1
O=C(O)c1ccccc1O,CC(C)OC(=O)c1ccccc1O,[*]C(=O)O,[*]C(=O)OC(C)C,[*:1]-[CH0](=[OH0])-[OH1]>>[*:1]-[CH0](=[OH0])-[OH0]-[CH1](-[CH3])-[CH3],20,1.9574,180.078644244,0.7074430333838919,1.658033156602233,0.0971845275258653,0.2080331566022319,23,63,-7.0,-5.5
O=C(O)c1ccccc1O,Oc1ccccc1-c1nn[nH]n1,[*]C(=O)O,[*]c1nn[nH]n1,[*:1]-[CH0](=[OH0])-[OH1]>>[*:1]-[cH0]1:[nH0]:[nH0]:[nH1]:[nH0]:1,115,0.5722999999999998,162.054160812,0.6424552011945158,2.180856726243002,0.0321966953364892,0.730856726243001,23,64,-7.0,-6.8
O=C(O)c1ccccc1O,O=C(OCCO)c1ccccc1O,[*]C(=O)O,[*]C(=O)OCCO,[*:1]-[CH0](=[OH0])-[OH1]>>[*:1]-[CH0](=[OH0])-[OH0]-[CH2]-[CH2]-[OH1],10,0.5412999999999999,182.0579088,0.6693949761472795,1.738116673085749,0.0591364702892529,0.2881166730857476,23,65,-7.0,-6.3
O=C(O)c1ccccc1O,COC(=O)CNC(=O)c1ccccc1O,[*]C(=O)O,[*]C(=O)NCC(=O)OC,[*:1]-[CH0](=[OH0])-[OH1]>>[*:1]-[CH0](=[OH0])-[NH1]-[CH2]-[CH0](=[OH0])-[OH0]-[CH3],13,0.2949999999999997,209.068807832,0.7016362203212271,1.6732910925375002,0.0913777144632005,0.2232910925374991,23,66,-7.0,-6.9
O=C(O)c1ccccc1O,Oc1ccccc1Oc1ccccc1,[*]C(=O)O,[*]Oc1ccccc1,[*:1]-[CH0](=[OH0])-[OH1]>>[*:1]-[OH0]-[cH0]1:[cH1]:[cH1]:[cH1]:[cH1]:[cH1]:1,20,3.1845000000000017,186.06807956,0.7799941267858639,1.404159009707147,0.1697356209278373,-0.045840990292854,23,67,-7.0,-4.8
O=C(O)c1ccccc1O,O=C(O)CCCc1ccccc1O,[*]C(=O)O,[*]CCCC(=O)O,[*:1]-[CH0](=[OH0])-[OH1]>>[*:1]-[CH2]-[CH2]-[CH2]-[CH0](=[OH0])-[OH1],15,1.7995,180.078644244,0.7423283441661067,1.6836089807780574,0.1320698383080801,0.2336089807780563,23,68,-7.0,-6.6
O=C(O)c1ccccc1O,CC(C)(C)OC(=O)c1ccccc1O,[*]C(=O)O,[*]C(=O)OC(C)(C)C,[*:1]-[CH0](=[OH0])-[OH1]>>[*:1]-[CH0](=[OH0])-[OH0]-[CH0](-[CH3])(-[CH3])-[CH3],25,2.3475,194.094294308,0.6978352942131253,1.7139891096006623,0.0875767883550987,0.2639891096006614,23,69,-7.0,-5.9
O=C(O)c1ccccc1O,CC(C(=O)O)c1ccccc1O,[*]C(=O)O,[*]C(C)C(=O)O,[*:1]-[CH0](=[OH0])-[OH1]>>[*:1]-[CH1](-[CH3])-[CH0](=[OH0])-[OH1],12,1.5803,166.06299418,0.7008067476198401,2.340517709250273,0.0905482417618135,0.8905177092502718,23,70,-7.0,-6.3
O=C(O)c1ccccc1O,Oc1ccccc1-c1cccs1,[*]C(=O)O,[*]c1cccs1,[*:1]-[CH0](=[OH0])-[OH1]>>[*:1]-[cH0]1:[cH1]:[cH1]:[cH1]:[sH0]:1,10,3.120700000000001,176.029585876,0.7073918788762289,1.779512110858386,0.0971333730182023,0.3295121108583849,23,71,-7.0,-5.3
O=C(O)c1ccccc1O,O=C(NCCO)c1ccccc1O,[*]C(=O)O,[*]C(=O)NCCO,[*:1]-[CH0](=[OH0])-[OH1]>>[*:1]-[CH0](=[OH0])-[NH1]-[CH2]-[CH2]-[OH1],48,0.1143000000000001,181.073893212,0.6197007782329318,1.6451012884703644,0.0094422723749052,0.1951012884703633,23,72,-7.0,-6.4
O=C(O)c1ccccc1O,COCCNC(=O)c1ccccc1O,[*]C(=O)O,[*]C(=O)NCCOC,[*:1]-[CH0](=[OH0])-[OH1]>>[*:1]-[CH0](=[OH0])-[NH1]-[CH2]-[CH2]-[OH0]-[CH3],26,0.7684,195.089543276,0.6974767729687115,1.6076805856921386,0.0872182671106849,0.1576805856921375,23,73,-7.0,-6.4
O=C(O)c1ccccc1O,O=C(OCc1ccccc1)c1ccccc1O,[*]C(=O)O,[*]C(=O)OCc1ccccc1,[*:1]-[CH0](=[OH0])-[OH1]>>[*:1]-[CH0](=[OH0])-[OH0]-[CH2]-[cH0]1:[cH1]:[cH1]:[cH1]:[cH1]:[cH1]:1,26,2.749200000000001,228.078644244,0.8214760330937975,1.4435855771309818,0.2112175272357709,-0.0064144228690192,23,74,-7.0,-6.4
O=C(O)c1ccccc1O,Oc1ccccc1-c1nnn[nH]1,[*]C(=O)O,[*]c1nnn[nH]1,[*:1]-[CH0](=[OH0])-[OH1]>>[*:1]-[cH0]1:[nH0]:[nH0]:[nH0]:[nH1]:1,179,0.5722999999999998,162.054160812,0.6424552011945158,2.569826836133114,0.0321966953364892,1.1198268361331127,23,75,-7.0,-7.6
O=C(O)c1ccccc1O,O=C(NCCN1CCOCC1)c1ccccc1O,[*]C(=O)O,[*]C(=O)NCCN1CCOCC1,[*:1]-[CH0](=[OH0])-[OH1]>>[*:1]-[CH0](=[OH0])-[NH1]-[CH2]-[CH2]-[NH0]1-[CH2]-[CH2]-[OH0]-[CH2]-[CH2]-1,24,0.4542,250.131742436,0.8144369445020448,1.7969050709623282,0.2041784386440183,0.3469050709623271,23,76,-7.0,-6.1
O=C(O)c1ccccc1O,COCCOc1ccccc1O,[*]C(=O)O,[*]OCCOC,[*:1]-[CH0](=[OH0])-[OH1]>>[*:1]-[OH0]-[CH2]-[CH2]-[OH0]-[CH3],12,1.4174,168.078644244,0.6907957955145917,1.6403311541680186,0.0805372896565651,0.1903311541680175,23,77,-7.0,-5.3
O=C(O)c1ccccc1O,Oc1ccccc1-c1cccnc1,[*]C(=O)O,[*]c1cccnc1,[*:1]-[CH0](=[OH0])-[OH1]>>[*:1]-[cH0]1:[cH1]:[cH1]:[cH1]:[nH0]:[cH1]:1,15,2.4542,171.068413908,0.7144713459179298,1.660362017215304,0.1042128400599032,0.2103620172153029,23,78,-7.0,-6.4
O=C(O)c1ccccc1O,O=C(Nc1ccccc1)c1ccccc1O,[*]C(=O)O,[*]C(=O)Nc1ccccc1,[*:1]-[CH0](=[OH0])-[OH1]>>[*:1]-[CH0](=[OH0])-[NH1]-[cH0]1:[cH1]:[cH1]:[cH1]:[cH1]:[cH1]:1,24,2.6445000000000007,213.078978592,0.8052241874500292,1.3193374385590335,0.1949656815920026,-0.1306625614409675,23,79,-7.0,-6.7
O=C(O)c1ccccc1O,Oc1ccccc1-c1ccncc1,[*]C(=O)O,[*]c1ccncc1,[*:1]-[CH0](=[OH0])-[OH1]>>[*:1]-[cH0]1:[cH1]:[cH1]:[nH0]:[cH1]:[cH1]:1,13,2.4542,171.068413908,0.7144713459179298,1.6664506811829156,0.1042128400599032,0.2164506811829145,23,80,-7.0,-6.3
O=C(O)c1ccccc1O,O=C(Nc1ccccc1O)c1ccccc1,[*]C(=O)O,[*]NC(=O)c1ccccc1,[*:1]-[CH0](=[OH0])-[OH1]>>[*:1]-[NH1]-[CH0](=[OH0])-[cH0]1:[cH1]:[cH1]:[cH1]:[cH1]:[cH1]:1,11,2.6445000000000007,213.078978592,0.7532553085407688,1.3368678733416424,0.1429968026827422,-0.1131321266583587,23,81,-7.0,-6.7
O=C(O)c1ccccc1O,O=S(=O)(Nc1ccccc1O)C(F)(F)F,[*]C(=O)O,[*]NS(=O)(=O)C(F)(F)F,[*:1]-[CH0](=[OH0])-[OH1]>>[*:1]-[NH1]-[SH0](=[OH0])(=[OH0])-[CH0](-[FH0])(-[FH0])-[FH0],13,1.6536999999999995,241.002048712,0.7735412762783642,2.1460526454311357,0.1632827704203376,0.6960526454311342,23,82,-7.0,-6.3
O=C(O)c1ccccc1O,O=c1[nH]c(-c2ccccc2O)no1,[*]C(=O)O,[*]c1noc(=O)[nH]1,[*:1]-[CH0](=[OH0])-[OH1]>>[*:1]-[cH0]1:[nH0]:[oH0]:[cH0](=[OH0]):[nH1]:1,30,0.7354999999999998,178.037842052,0.6743532741893711,2.902074261443337,0.0640947683313445,1.452074261443336,23,83,-7.0,-7.0
O=C(O)c1ccccc1O,O=C(NCc1ccccc1)c1ccccc1O,[*]C(=O)O,[*]C(=O)NCc1ccccc1,[*:1]-[CH0](=[OH0])-[OH1]>>[*:1]-[CH0](=[OH0])-[NH1]-[CH2]-[cH0]1:[cH1]:[cH1]:[cH1]:[cH1]:[cH1]:1,32,2.3222000000000005,227.094628656,0.8450048933814863,1.3860901297212465,0.2347463875234597,-0.0639098702787546,23,84,-7.0,-6.2
O=C(O)c1ccccc1O,Oc1ccccc1OCc1ccccc1,[*]C(=O)O,[*]OCc1ccccc1,[*:1]-[CH0](=[OH0])-[OH1]>>[*:1]-[OH0]-[CH2]-[cH0]1:[cH1]:[cH1]:[cH1]:[cH1]:[cH1]:1,17,2.9712000000000014,200.083729624,0.8248951292816563,1.368544307615105,0.2146366234236297,-0.0814556923848961,23,85,-7.0,-6.2
O=C(O)c1ccccc1O,CCCCNC(=O)c1ccccc1O,[*]C(=O)O,[*]C(=O)NCCCC,[*:1]-[CH0](=[OH0])-[OH1]>>[*:1]-[CH0](=[OH0])-[NH1]-[CH2]-[CH2]-[CH2]-[CH3],10,1.9221,193.11027872,0.7176119991509741,1.527759875632967,0.1073534932929475,0.0777598756329656,23,86,-7.0,-6.4
O=C(O)c1ccccc1O,CN(C)CCCNC(=O)c1ccccc1O,[*]C(=O)O,[*]C(=O)NCCCN(C)C,[*:1]-[CH0](=[OH0])-[OH1]>>[*:1]-[CH0](=[OH0])-[NH1]-[CH2]-[CH2]-[CH2]-[NH0](-[CH3])-[CH3],28,1.0736999999999997,222.136827816,0.7327831697232815,1.7162348389846969,0.1225246638652549,0.2662348389846958,23,87,-7.0,-6.4
O=C(O)c1ccccc1O,O=C(NO)c1ccccc1O,[*]C(=O)O,[*]C(=O)NO,[*:1]-[CH0](=[OH0])-[OH1]>>[*:1]-[CH0](=[OH0])-[NH1]-[OH1],63,0.5111999999999999,153.042593084,0.4064039562591135,1.8033680286049216,-0.203854549598913,0.3533680286049208,23,88,-7.0,-6.5
O=C(O)c1ccccc1O,NNC(=O)c1ccccc1O,[*]C(=O)O,[*]C(=O)NN,[*:1]-[CH0](=[OH0])-[OH1]>>[*:1]-[CH0](=[OH0])-[NH1]-[NH2],12,-0.0043,152.058577496,0.3008820896177847,1.743686490143384,-0.3093764162402418,0.2936864901433829,23,89,-7.0,-6.6
O=C(O)C(=O)Oc1ccccc1O,CC(=O)Oc1ccccc1O,[*]C(=O)C(=O)O,[*]C(C)=O,[*:1]-[CH0](=[OH0])-[CH0](=[OH0])-[OH1]>>[*:1]-[CH0](-[CH3])=[OH0],16,1.3175,152.047344116,0.487240363903181,1.6672649516818474,0.1148535717203254,-0.3227350483181528,24,0,-7.5,-6.0
O=C(O)C(=O)Oc1ccccc1O,CS(=O)(=O)Oc1ccccc1O,[*]C(=O)C(=O)O,[*]S(C)(=O)=O,[*:1]-[CH0](=[OH0])-[CH0](=[OH0])-[OH1]>>[*:1]-[SH0](-[CH3])(=[OH0])=[OH0],10,0.7305999999999999,188.014329736,0.694778100370762,1.9409540614078369,0.3223913081879064,-0.0490459385921635,24,1,-7.5,-6.3
O=C(O)C(=O)Oc1ccccc1O,O=C(O)C(=O)Cc1ccccc1O,[*]O[*],[*]C[*],[*:1]-[OH0]-[*:2]>>[*:1]-[CH2]-[*:2],222,0.5884,180.042258736,0.6672914421610928,1.992465244514321,0.2949046499782372,0.0024652445143207,24,2,-7.5,-7.4
O=C(O)C(=O)Oc1ccccc1O,O=C(O)C(=O)Cc1ccccc1O,[*]O[*],[*]C[*],[*:1]-[OH0]-[*:2]>>[*:1]-[CH2]-[*:2],222,0.5884,180.042258736,0.6672914421610928,1.992465244514321,0.2949046499782372,0.0024652445143207,24,3,-7.5,-7.4
O=C(O)C(=O)Oc1ccccc1O,O=C(O)C(=O)Nc1ccccc1O,[*]O[*],[*]N[*],[*:1]-[OH0]-[*:2]>>[*:1]-[NH1]-[*:2],1876,0.4152999999999999,181.037507704,0.4323953272100508,1.7778063434154203,0.0600085350271952,-0.2121936565845796,24,4,-7.5,-6.7
O=C(O)C(=O)Oc1ccccc1O,O=C(O)C(=O)Nc1ccccc1O,[*]O[*],[*]N[*],[*:1]-[OH0]-[*:2]>>[*:1]-[NH1]-[*:2],1876,0.4152999999999999,181.037507704,0.4323953272100508,1.7778063434154203,0.0600085350271952,-0.2121936565845796,24,5,-7.5,-6.8
O=C(O)C(=O)Oc1ccccc1O,O=C(O)CC(=O)Oc1ccccc1O,[*]C(=O)C(=O)O,[*]C(=O)CC(=O)O,[*:1]-[CH0](=[OH0])-[CH0](=[OH0])-[OH1]>>[*:1]-[CH0](=[OH0])-[CH2]-[CH0](=[OH0])-[OH1],15,0.7723,196.037173356,0.4235061951619074,1.988650221319668,0.0511194029790518,-0.001349778680332,24,6,-7.5,-7.3
O=C(O)C(=O)Oc1ccccc1O,CN(C(=O)C(=O)O)c1ccccc1O,[*]O[*],[*]N([*])C,[*:1]-[OH0]-[*:2]>>[*:1]-[NH0](-[*:2])-[CH3],369,0.4396,195.053157768,0.6371523370106428,2.293742539954092,0.2647655448277872,0.3037425399540918,24,7,-7.5,-7.3
O=C(O)C(=O)Oc1ccccc1O,CN(C(=O)C(=O)O)c1ccccc1O,[*]O[*],[*]N([*])C,[*:1]-[OH0]-[*:2]>>[*:1]-[NH0](-[*:2])-[CH3],369,0.4395999999999996,195.053157768,0.6371523370106428,2.293742539954092,0.2647655448277872,0.3037425399540918,24,8,-7.5,-7.3
O=C(O)C(=O)Oc1ccccc1O,O=C(O)C(=O)CCc1ccccc1O,[*]O[*],[*]CC[*],[*:1]-[OH0]-[*:2]>>[*:1]-[CH2]-[CH2]-[*:2],35,0.9785,194.0579088,0.7003695501555885,2.011937265854081,0.3279827579727329,0.0219372658540812,24,9,-7.5,-6.8
O=C(O)C(=O)Oc1ccccc1O,O=C(O)C(=O)CCc1ccccc1O,[*]O[*],[*]CC[*],[*:1]-[OH0]-[*:2]>>[*:1]-[CH2]-[CH2]-[*:2],35,0.9785,194.0579088,0.7003695501555885,2.011937265854081,0.3279827579727329,0.0219372658540812,24,10,-7.5,-6.6
O=C(O)C(=O)Oc1ccccc1O,O=C(O)C(=O)CCNc1ccccc1O,[*]O[*],[*]NCC[*],[*:1]-[OH0]-[*:2]>>[*:1]-[NH1]-[CH2]-[CH2]-[*:2],13,0.8478999999999999,209.068807832,0.4939815809749642,2.1454483158020405,0.1215947887921086,0.1554483158020403,24,11,-7.5,-6.5
O=C(O)C(=O)Oc1ccccc1O,O=C(O)C(=O)CCNc1ccccc1O,[*]O[*],[*]NCC[*],[*:1]-[OH0]-[*:2]>>[*:1]-[NH1]-[CH2]-[CH2]-[*:2],13,0.8478999999999999,209.068807832,0.4939815809749642,2.1454483158020405,0.1215947887921086,0.1554483158020403,24,12,-7.5,-6.5
O=C(O)C(=O)Oc1ccccc1O,CN(C(=O)C(=O)O)C(=O)c1ccccc1O,[*]O[*],[*]N(C)C([*])=O,[*:1]-[OH0]-[*:2]>>[*:1]-[NH0](-[CH3])-[CH0](-[*:2])=[OH0],29,0.0753999999999999,223.048072388,0.6569725305954922,2.3006880357878927,0.2845857384126366,0.3106880357878925,24,13,-7.5,-6.5
O=C(O)C(=O)Oc1ccccc1O,CN(C(=O)C(=O)C(=O)O)c1ccccc1O,[*]O[*],[*]N(C)C([*])=O,[*:1]-[OH0]-[*:2]>>[*:1]-[NH0](-[CH3])-[CH0](-[*:2])=[OH0],29,0.0086999999999998,223.048072388,0.555528159278867,2.541370453370309,0.1831413670960114,0.5513704533703088,24,14,-7.5,-7.1
O=C(O)C(=O)Oc1ccccc1O,O=C(O)C(=O)OCc1ccccc1O,[*]O[*],[*]OC[*],[*:1]-[OH0]-[*:2]>>[*:1]-[OH0]-[CH2]-[*:2],780,0.52,196.037173356,0.5317472059157943,2.038580180833838,0.1593604137329387,0.0485801808338379,24,15,-7.5,-7.2
O=C(O)C(=O)Oc1ccccc1O,O=C(O)C(=O)OCc1ccccc1O,[*]O[*],[*]OC[*],[*:1]-[OH0]-[*:2]>>[*:1]-[OH0]-[CH2]-[*:2],780,0.52,196.037173356,0.5317472059157943,2.038580180833838,0.1593604137329387,0.0485801808338379,24,16,-7.5,-7.2
O=C(O)C(=O)Oc1ccccc1O,CCN(C(=O)C(=O)O)c1ccccc1O,[*]O[*],[*]N([*])CC,[*:1]-[OH0]-[*:2]>>[*:1]-[NH0](-[*:2])-[CH2]-[CH3],206,0.8297000000000001,209.068807832,0.7069863725374036,2.3013408111116096,0.334599580354548,0.3113408111116094,24,17,-7.5,-6.9
O=C(O)C(=O)Oc1ccccc1O,CCN(C(=O)C(=O)O)c1ccccc1O,[*]O[*],[*]N([*])CC,[*:1]-[OH0]-[*:2]>>[*:1]-[NH0](-[*:2])-[CH2]-[CH3],206,0.8296999999999999,209.068807832,0.7069863725374037,2.3013408111116096,0.3345995803545481,0.3113408111116094,24,18,-7.5,-6.9
O=C(O)C(=O)Oc1ccccc1O,CN(Cc1ccccc1O)C(=O)C(=O)O,[*]O[*],[*]N(C)C[*],[*:1]-[OH0]-[*:2]>>[*:1]-[NH0](-[CH3])-[CH2]-[*:2],24,0.4351999999999996,209.068807832,0.6924299595752927,2.1431831188039165,0.3200431673924371,0.1531831188039163,24,19,-7.5,-6.4
O=C(O)C(=O)Oc1ccccc1O,CN(CC(=O)C(=O)O)c1ccccc1O,[*]O[*],[*]N(C)C[*],[*:1]-[OH0]-[*:2]>>[*:1]-[NH0](-[CH3])-[CH2]-[*:2],24,0.4820999999999998,209.068807832,0.7051216448528677,2.4200854264962253,0.332734852670012,0.430085426496225,24,20,-7.5,-6.3
O=C(O)C(=O)Oc1ccccc1O,O=C(O)C(=O)C(=O)Nc1ccccc1O,[*]O[*],[*]NC([*])=O,[*:1]-[OH0]-[*:2]>>[*:1]-[NH1]-[CH0](-[*:2])=[OH0],129,-0.0156,209.032422324,0.3685565595201489,2.13477504188084,-0.0038302326627067,0.1447750418808393,24,21,-7.5,-6.8
O=C(O)C(=O)Oc1ccccc1O,O=C(O)C(=O)C(=O)Nc1ccccc1O,[*]O[*],[*]NC([*])=O,[*:1]-[OH0]-[*:2]>>[*:1]-[NH1]-[CH0](-[*:2])=[OH0],129,-0.0156,209.032422324,0.3685565595201489,2.13477504188084,-0.0038302326627067,0.1447750418808393,24,22,-7.5,-6.8
O=C(O)C(=O)Oc1ccccc1O,O=C(O)C(=O)CNc1ccccc1O,[*]O[*],[*]NC[*],[*:1]-[OH0]-[*:2]>>[*:1]-[NH1]-[CH2]-[*:2],91,0.4577999999999999,195.053157768,0.4795402276368773,2.181778561400641,0.1071534354540217,0.1917785614006408,24,23,-7.5,-7.2
O=C(O)C(=O)Oc1ccccc1O,O=C(O)C(=O)CNc1ccccc1O,[*]O[*],[*]NC[*],[*:1]-[OH0]-[*:2]>>[*:1]-[NH1]-[CH2]-[*:2],91,0.4577999999999999,195.053157768,0.4795402276368773,2.181778561400641,0.1071534354540217,0.1917785614006408,24,24,-7.5,-7.2
O=C(O)C(=O)Oc1ccccc1O,O=C(O)C(=O)N1CCN(c2ccccc2O)CC1,[*]O[*],[*]N1CCN([*])CC1,[*:1]-[OH0]-[*:2]>>[*:1]-[NH0]1-[CH2]-[CH2]-[NH0](-[*:2])-[CH2]-[CH2]-1,32,0.1253999999999999,250.095356928,0.6921257159956572,1.9843818875303756,0.3197389238128016,-0.0056181124696248,24,25,-7.5,-5.2
O=C(O)C(=O)Oc1ccccc1O,O=C(O)C(=O)N1CCN(c2ccccc2O)CC1,[*]O[*],[*]N1CCN([*])CC1,[*:1]-[OH0]-[*:2]>>[*:1]-[NH0]1-[CH2]-[CH2]-[NH0](-[*:2])-[CH2]-[CH2]-1,32,0.1253999999999999,250.095356928,0.6921257159956572,1.9843818875303756,0.3197389238128016,-0.0056181124696248,24,26,-7.5,-5.2
O=C(O)C(=O)Oc1ccccc1O,O=C(Nc1ccccc1O)OC(=O)C(=O)O,[*]O[*],[*]OC(=O)N[*],[*:1]-[OH0]-[*:2]>>[*:1]-[OH0]-[CH0](=[OH0])-[NH1]-[*:2],32,0.5518999999999998,225.027336944,0.2782036716026478,2.2728440030764183,-0.0941831205802077,0.2828440030764181,24,27,-7.5,-7.4
O=C(O)C(=O)Oc1ccccc1O,O=C(Nc1ccccc1O)OC(=O)C(=O)O,[*]O[*],[*]OC(=O)N[*],[*:1]-[OH0]-[*:2]>>[*:1]-[OH0]-[CH0](=[OH0])-[NH1]-[*:2],32,0.5518999999999998,225.027336944,0.2782036716026478,2.2728440030764183,-0.0941831205802077,0.2828440030764181,24,28,-7.5,-7.3
O=C(O)C(=O)Oc1ccccc1O,O=C(O)C(=O)C(=O)c1ccccc1O,[*]O[*],[*]C([*])=O,[*:1]-[OH0]-[*:2]>>[*:1]-[CH0](-[*:2])=[OH0],125,0.2286,194.021523292,0.4078847273340733,2.236999504611058,0.0354979351512177,0.2469995046110575,24,29,-7.5,-7.7
O=C(O)C(=O)Oc1ccccc1O,O=C(O)C(=O)C(=O)c1ccccc1O,[*]O[*],[*]C([*])=O,[*:1]-[OH0]-[*:2]>>[*:1]-[CH0](-[*:2])=[OH0],125,0.2286,194.021523292,0.4078847273340733,2.236999504611058,0.0354979351512177,0.2469995046110575,24,30,-7.5,-7.7
O=C(O)C(=O)Oc1ccccc1O,O=C(O)C(=O)OCCc1ccccc1O,[*]O[*],[*]OCC[*],[*:1]-[OH0]-[*:2]>>[*:1]-[OH0]-[CH2]-[CH2]-[*:2],78,0.5624999999999998,210.05282342,0.562233612113447,2.074707978090972,0.1898468199305914,0.0847079780909716,24,31,-7.5,-6.9
O=C(O)C(=O)Oc1ccccc1O,O=C(O)C(=O)OCCc1ccccc1O,[*]O[*],[*]OCC[*],[*:1]-[OH0]-[*:2]>>[*:1]-[OH0]-[CH2]-[CH2]-[*:2],78,0.5624999999999998,210.05282342,0.562233612113447,2.074707978090972,0.1898468199305914,0.0847079780909716,24,32,-7.5,-6.8
O=C(O)C(=O)Oc1ccccc1O,CCOC(=O)C(=O)Oc1ccccc1O,[*]C(=O)C(=O)O,[*]C(=O)C(=O)OCC,[*:1]-[CH0](=[OH0])-[CH0](=[OH0])-[OH1]>>[*:1]-[CH0](=[OH0])-[CH0](=[OH0])-[OH0]-[CH2]-[CH3],10,0.8606999999999998,210.05282342,0.4449510232882866,2.0033732688977253,0.072564231105431,0.013373268897725,24,33,-7.5,-5.9
O=C(O)C(=O)Oc1ccccc1O,O=C(CNc1ccccc1O)OC(=O)C(=O)O,[*]O[*],[*]OC(=O)CN[*],[*:1]-[OH0]-[*:2]>>[*:1]-[OH0]-[CH0](=[OH0])-[CH2]-[NH1]-[*:2],17,-0.0415000000000007,239.042987008,0.2932721593511042,2.3840833042485823,-0.0791146328317513,0.394083304248582,24,34,-7.5,-7.1
O=C(O)C(=O)Oc1ccccc1O,O=C(CNC(=O)C(=O)O)Oc1ccccc1O,[*]O[*],[*]OC(=O)CN[*],[*:1]-[OH0]-[*:2]>>[*:1]-[OH0]-[CH0](=[OH0])-[CH2]-[NH1]-[*:2],17,-0.5016000000000003,239.042987008,0.372012068039152,2.116503371138215,-0.0003747241437035,0.1265033711382148,24,35,-7.5,-6.8
O=C(O)C(=O)Oc1ccccc1O,O=C(O)C(=O)Sc1ccccc1O,[*]O[*],[*]S[*],[*:1]-[OH0]-[*:2]>>[*:1]-[SH0]-[*:2],682,1.0955,197.998679672,0.5216571735767509,2.579743925833002,0.1492703813938953,0.5897439258330017,24,36,-7.5,-6.6
O=C(O)C(=O)Oc1ccccc1O,O=C(O)C(=O)Sc1ccccc1O,[*]O[*],[*]S[*],[*:1]-[OH0]-[*:2]>>[*:1]-[SH0]-[*:2],682,1.0955,197.998679672,0.5216571735767509,2.579743925833002,0.1492703813938953,0.5897439258330017,24,37,-7.5,-6.6
O=C(O)C(=O)Oc1ccccc1O,O=C(O)C(=O)C(=O)Oc1ccccc1O,[*]O[*],[*]OC([*])=O,[*:1]-[OH0]-[*:2]>>[*:1]-[OH0]-[CH0](-[*:2])=[OH0],64,-0.0486999999999999,210.016437912,0.3137178889623607,2.3063704264962244,-0.0586689032204948,0.3163704264962241,24,38,-7.5,-7.1
O=C(O)C(=O)Oc1ccccc1O,O=C(O)C(=O)C(=O)Oc1ccccc1O,[*]O[*],[*]OC([*])=O,[*:1]-[OH0]-[*:2]>>[*:1]-[OH0]-[CH0](-[*:2])=[OH0],64,-0.0486999999999999,210.016437912,0.3137178889623607,2.3063704264962244,-0.0586689032204948,0.3163704264962241,24,39,-7.5,-7.2
O=C(O)C(=O)Oc1ccccc1O,C[C@H](Nc1ccccc1O)C(=O)C(=O)O,[*]O[*],[*]N[C@H]([*])C,[*:1]-[OH0]-[*:2]>>[*:1]-[NH1]-[C@H1](-[*:2])-[CH3],10,0.8463,209.068807832,0.5050952393617943,2.6898500358771216,0.1327084471789387,0.6998500358771214,24,40,-7.5,-6.4
O=C(O)C(=O)Oc1ccccc1O,C[C@H](Nc1ccccc1O)C(=O)C(=O)O,[*]O[*],[*]N[C@H]([*])C,[*:1]-[OH0]-[*:2]>>[*:1]-[NH1]-[C@H1](-[*:2])-[CH3],10,0.8463,209.068807832,0.5050952393617943,2.6898500358771216,0.1327084471789387,0.6998500358771214,24,41,-7.5,-6.4
O=C(O)C(=O)Oc1ccccc1O,O=C(O)C(=O)OCCOc1ccccc1O,[*]O[*],[*]OCCO[*],[*:1]-[OH0]-[*:2]>>[*:1]-[OH0]-[CH2]-[CH2]-[OH0]-[*:2],396,0.3987999999999999,226.04773804,0.4381950705878714,2.007403720103577,0.0658082784050158,0.0174037201035766,24,42,-7.5,-6.5
O=C(O)C(=O)Oc1ccccc1O,O=C(O)C(=O)OCCOc1ccccc1O,[*]O[*],[*]OCCO[*],[*:1]-[OH0]-[*:2]>>[*:1]-[OH0]-[CH2]-[CH2]-[OH0]-[*:2],396,0.3987999999999999,226.04773804,0.4381950705878714,2.007403720103577,0.0658082784050158,0.0174037201035766,24,43,-7.5,-6.7
O=C(O)C(=O)Oc1ccccc1O,O=C(O)C(=O)C(O)c1ccccc1O,[*]O[*],[*]C([*])O,[*:1]-[OH0]-[*:2]>>[*:1]-[CH1](-[*:2])-[OH1],25,0.0792999999999996,196.037173356,0.594828111723924,2.755669311497151,0.2224413195410684,0.7656693114971507,24,44,-7.5,-7.4
O=C(O)C(=O)Oc1ccccc1O,O=C(O)C(=O)C(O)c1ccccc1O,[*]O[*],[*]C([*])O,[*:1]-[OH0]-[*:2]>>[*:1]-[CH1](-[*:2])-[OH1],25,0.0792999999999999,196.037173356,0.594828111723924,2.755669311497151,0.2224413195410684,0.7656693114971507,24,45,-7.5,-7.3
O=C(O)C(=O)Oc1ccccc1O,O=C(COC(=O)C(=O)O)Nc1ccccc1O,[*]O[*],[*]OCC(=O)N[*],[*:1]-[OH0]-[*:2]>>[*:1]-[OH0]-[CH2]-[CH0](=[OH0])-[NH1]-[*:2],22,-0.0415000000000007,239.042987008,0.387201193675419,1.9207488560880464,0.0148144014925634,-0.0692511439119538,24,46,-7.5,-7.3
O=C(O)C(=O)Oc1ccccc1O,O=C(COc1ccccc1O)NC(=O)C(=O)O,[*]O[*],[*]OCC(=O)N[*],[*:1]-[OH0]-[*:2]>>[*:1]-[OH0]-[CH2]-[CH0](=[OH0])-[NH1]-[*:2],22,-0.5016000000000003,239.042987008,0.6125839509617744,2.03450103000109,0.2401971587789188,0.0445010300010899,24,47,-7.5,-7.5
O=C(O)C(=O)Oc1ccccc1O,CC(Oc1ccccc1O)C(=O)C(=O)O,[*]O[*],[*]OC([*])C,[*:1]-[OH0]-[*:2]>>[*:1]-[OH0]-[CH1](-[*:2])-[CH3],13,0.8131999999999999,210.05282342,0.7183109834176491,2.6154061897232754,0.3459241912347935,0.6254061897232752,24,48,-7.5,-6.4
O=C(O)C(=O)Oc1ccccc1O,CC(OC(=O)C(=O)O)c1ccccc1O,[*]O[*],[*]OC([*])C,[*:1]-[OH0]-[*:2]>>[*:1]-[OH0]-[CH1](-[*:2])-[CH3],13,1.081,210.05282342,0.5632825358051623,2.667408882030969,0.1908957436223067,0.6774088820309689,24,49,-7.5,-7.5
O=C(O)C(=O)Oc1ccccc1O,CCN(C(=O)C(=O)O)C(=O)c1ccccc1O,[*]O[*],[*]N(CC)C([*])=O,[*:1]-[OH0]-[*:2]>>[*:1]-[NH0](-[CH2]-[CH3])-[CH0](-[*:2])=[OH0],10,0.4654999999999996,237.063722452,0.7286572076349914,2.348266581840557,0.3562704154521358,0.3582665818405566,24,50,-7.5,-6.0
O=C(O)C(=O)Oc1ccccc1O,CCN(C(=O)C(=O)O)C(=O)c1ccccc1O,[*]O[*],[*]N(CC)C([*])=O,[*:1]-[OH0]-[*:2]>>[*:1]-[NH0](-[CH2]-[CH3])-[CH0](-[*:2])=[OH0],10,0.4654999999999996,237.063722452,0.7286572076349914,2.348266581840557,0.3562704154521358,0.3582665818405566,24,51,-7.5,-6.0
O=C(O)C(=O)Oc1ccccc1O,CC(C(=O)C(=O)O)c1ccccc1O,[*]O[*],[*]C([*])C,[*:1]-[OH0]-[*:2]>>[*:1]-[CH1](-[*:2])-[CH3],11,1.1493999999999998,194.0579088,0.7075585413373097,2.6689587085865494,0.3351717491544541,0.6789587085865492,24,52,-7.5,-6.3
O=C(O)C(=O)Oc1ccccc1O,CC(C(=O)C(=O)O)c1ccccc1O,[*]O[*],[*]C([*])C,[*:1]-[OH0]-[*:2]>>[*:1]-[CH1](-[*:2])-[CH3],11,1.1493999999999998,194.0579088,0.7075585413373097,2.6689587085865494,0.3351717491544541,0.6789587085865492,24,53,-7.5,-6.3
O=C(O)C(=O)Oc1ccccc1O,O=C(O)C(=O)SCc1ccccc1O,[*]O[*],[*]CS[*],[*:1]-[OH0]-[*:2]>>[*:1]-[CH2]-[SH0]-[*:2],20,1.2365999999999997,212.014329736,0.7211823176164485,2.5260376707123804,0.3487955254335929,0.5360376707123802,24,54,-7.5,-6.5
O=C(O)C(=O)Oc1ccccc1O,O=C(O)C(=O)SCc1ccccc1O,[*]O[*],[*]CS[*],[*:1]-[OH0]-[*:2]>>[*:1]-[CH2]-[SH0]-[*:2],20,1.2365999999999997,212.014329736,0.7211823176164485,2.5260376707123804,0.3487955254335929,0.5360376707123802,24,55,-7.5,-6.5
O=C(O)C(=O)Oc1ccccc1O,O=C(O)C(=O)OCCNc1ccccc1O,[*]O[*],[*]OCCN[*],[*:1]-[OH0]-[*:2]>>[*:1]-[OH0]-[CH2]-[CH2]-[NH1]-[*:2],18,0.4318999999999997,225.063722452,0.2974809774192071,2.138234139683997,-0.0749058147636484,0.1482341396839963,24,56,-7.5,-6.9
O=C(O)C(=O)Oc1ccccc1O,O=C(O)C(=O)NCCOc1ccccc1O,[*]O[*],[*]OCCN[*],[*:1]-[OH0]-[*:2]>>[*:1]-[OH0]-[CH2]-[CH2]-[NH1]-[*:2],18,-0.0282,225.063722452,0.4937343877995703,1.9373484753483328,0.1213475956167147,-0.052651524651667,24,57,-7.5,-7.0
O=C(O)C(=O)Oc1ccccc1O,CC(O)(C(=O)C(=O)O)c1ccccc1O,[*]O[*],[*]C([*])(C)O,[*:1]-[OH0]-[*:2]>>[*:1]-[CH0](-[*:2])(-[CH3])-[OH1],15,0.2533999999999998,210.05282342,0.6215522080236435,2.959427905699608,0.2491654158407879,0.9694279056996074,24,58,-7.5,-6.7
O=C(O)C(=O)Oc1ccccc1O,CC(O)(C(=O)C(=O)O)c1ccccc1O,[*]O[*],[*]C([*])(C)O,[*:1]-[OH0]-[*:2]>>[*:1]-[CH0](-[*:2])(-[CH3])-[OH1],15,0.2533999999999998,210.05282342,0.6215522080236435,2.959427905699608,0.2491654158407879,0.9694279056996074,24,59,-7.5,-6.6
O=C(O)C(=O)Oc1ccccc1O,O=C(O)C(=O)OCCCOc1ccccc1O,[*]O[*],[*]OCCCO[*],[*:1]-[OH0]-[*:2]>>[*:1]-[OH0]-[CH2]-[CH2]-[CH2]-[OH0]-[*:2],12,0.7888999999999997,240.063388104,0.4487104810728137,2.025554634213716,0.0763236888899581,0.0355546342137156,24,60,-7.5,-6.9
O=C(O)C(=O)Oc1ccccc1O,O=C(O)C(=O)OCCCOc1ccccc1O,[*]O[*],[*]OCCCO[*],[*:1]-[OH0]-[*:2]>>[*:1]-[OH0]-[CH2]-[CH2]-[CH2]-[OH0]-[*:2],12,0.7888999999999997,240.063388104,0.4487104810728137,2.025554634213716,0.0763236888899581,0.0355546342137156,24,61,-7.5,-6.6
O=C(O)C(=O)Oc1ccccc1O,O=C(O)C(=O)OCC1CCN(c2ccccc2O)CC1,[*]O[*],[*]OCC1CCN([*])CC1,[*:1]-[OH0]-[*:2]>>[*:1]-[OH0]-[CH2]-[CH1]1-[CH2]-[CH2]-[NH0](-[*:2])-[CH2]-[CH2]-1,10,1.2363999999999995,279.11067264400003,0.6390903542802294,2.2076396964903378,0.2667035620973738,0.2176396964903375,24,62,-7.5,-5.8
O=C(O)C(=O)Oc1ccccc1O,O=C(O)C(=O)N1CCC(COc2ccccc2O)CC1,[*]O[*],[*]OCC1CCN([*])CC1,[*:1]-[OH0]-[*:2]>>[*:1]-[OH0]-[CH2]-[CH1]1-[CH2]-[CH2]-[NH0](-[*:2])-[CH2]-[CH2]-1,10,1.0941999999999998,279.11067264400003,0.8088321256997997,2.133814971215614,0.4364453335169441,0.1438149712156136,24,63,-7.5,-6.2
O=C(O)C(=O)Oc1ccccc1O,CCCN(C(=O)C(=O)O)c1ccccc1O,[*]O[*],[*]N([*])CCC,[*:1]-[OH0]-[*:2]>>[*:1]-[NH0](-[*:2])-[CH2]-[CH2]-[CH3],14,1.2197999999999998,223.084457896,0.7550659729373661,2.3136804968152376,0.3826791807545105,0.3236804968152373,24,64,-7.5,-6.5
O=C(O)C(=O)Oc1ccccc1O,CCCN(C(=O)C(=O)O)c1ccccc1O,[*]O[*],[*]N([*])CCC,[*:1]-[OH0]-[*:2]>>[*:1]-[NH0](-[*:2])-[CH2]-[CH2]-[CH3],14,1.2197999999999998,223.084457896,0.7550659729373661,2.3136804968152376,0.3826791807545105,0.3236804968152373,24,65,-7.5,-6.5
O=C(O)C(=O)Oc1ccccc1O,O=C(NC(=O)C(=O)O)Nc1ccccc1O,[*]O[*],[*]NC(=O)N[*],[*:1]-[OH0]-[*:2]>>[*:1]-[NH1]-[CH0](=[OH0])-[NH1]-[*:2],19,0.1248999999999998,224.043321356,0.3992487268283703,2.0312189583536977,0.0268619346455147,0.0412189583536974,24,66,-7.5,-7.0
O=C(O)C(=O)Oc1ccccc1O,O=C(NC(=O)C(=O)O)Nc1ccccc1O,[*]O[*],[*]NC(=O)N[*],[*:1]-[OH0]-[*:2]>>[*:1]-[NH1]-[CH0](=[OH0])-[NH1]-[*:2],19,0.1248999999999998,224.043321356,0.3992487268283703,2.0312189583536977,0.0268619346455147,0.0412189583536974,24,67,-7.5,-7.0
O=C(O)C(=O)Oc1ccccc1O,CCN(CCNC(=O)C(=O)O)c1ccccc1O,[*]O[*],[*]NCCN([*])CC,[*:1]-[OH0]-[*:2]>>[*:1]-[NH1]-[CH2]-[CH2]-[NH0](-[*:2])-[CH2]-[CH3],10,0.4192999999999998,252.111006992,0.6606915519486666,2.302560794908713,0.288304759765811,0.3125607949087126,24,68,-7.5,-6.7
O=C(O)C(=O)Oc1ccccc1O,CCN(CCNC(=O)C(=O)O)c1ccccc1O,[*]O[*],[*]NCCN([*])CC,[*:1]-[OH0]-[*:2]>>[*:1]-[NH1]-[CH2]-[CH2]-[NH0](-[*:2])-[CH2]-[CH3],10,0.4192999999999998,252.111006992,0.6606915519486666,2.302560794908713,0.288304759765811,0.3125607949087126,24,69,-7.5,-6.6
O=C(O)C(=O)Oc1ccccc1O,O=C(O)C(=O)Oc1ccc(Oc2ccccc2O)cc1,[*]O[*],[*]Oc1ccc(O[*])cc1,[*:1]-[OH0]-[*:2]>>[*:1]-[OH0]-[cH0]1:[cH1]:[cH1]:[cH0](-[OH0]-[*:2]):[cH1]:[cH1]:1,15,2.174499999999999,274.04773804,0.5059148907838998,1.9289017844024272,0.1335280986010442,-0.061098215597573,24,70,-7.5,-5.7
O=C(O)C(=O)Oc1ccccc1O,O=C(O)C(=O)Oc1ccc(Oc2ccccc2O)cc1,[*]O[*],[*]Oc1ccc(O[*])cc1,[*:1]-[OH0]-[*:2]>>[*:1]-[OH0]-[cH0]1:[cH1]:[cH1]:[cH0](-[OH0]-[*:2]):[cH1]:[cH1]:1,15,2.174499999999999,274.04773804,0.5059148907838998,1.9289017844024272,0.1335280986010442,-0.061098215597573,24,71,-7.5,-5.7
O=C(O)C(=O)Oc1ccccc1O,O=C(O)C(=O)OCCOCCOc1ccccc1O,[*]O[*],[*]OCCOCCO[*],[*:1]-[OH0]-[*:2]>>[*:1]-[OH0]-[CH2]-[CH2]-[OH0]-[CH2]-[CH2]-[OH0]-[*:2],150,0.4154,270.07395278800004,0.4201082042562901,2.135149378938161,0.0477214120734345,0.1451493789381608,24,72,-7.5,-6.5
O=C(O)C(=O)Oc1ccccc1O,O=C(O)C(=O)OCCOCCOc1ccccc1O,[*]O[*],[*]OCCOCCO[*],[*:1]-[OH0]-[*:2]>>[*:1]-[OH0]-[CH2]-[CH2]-[OH0]-[CH2]-[CH2]-[OH0]-[*:2],150,0.4154,270.07395278800004,0.4201082042562901,2.135149378938161,0.0477214120734345,0.1451493789381608,24,73,-7.5,-6.4
O=C(O)C(=O)Oc1ccccc1O,O=C(COC(=O)C(=O)O)Oc1ccccc1O,[*]O[*],[*]OCC(=O)O[*],[*:1]-[OH0]-[*:2]>>[*:1]-[OH0]-[CH2]-[CH0](=[OH0])-[OH0]-[*:2],24,-0.0746000000000003,240.027002596,0.4317111539006599,2.149740160435874,0.0593243617178043,0.1597401604358737,24,74,-7.5,-7.0
O=C(O)C(=O)Oc1ccccc1O,O=C(COc1ccccc1O)OC(=O)C(=O)O,[*]O[*],[*]OCC(=O)O[*],[*:1]-[OH0]-[*:2]>>[*:1]-[OH0]-[CH2]-[CH0](=[OH0])-[OH0]-[*:2],24,-0.0746000000000001,240.027002596,0.4317111539006599,2.247394675486042,0.0593243617178043,0.2573946754860419,24,75,-7.5,-6.8
O=C(O)C(=O)Oc1ccccc1O,O=C(O)C(=O)OCCCc1ccccc1O,[*]O[*],[*]OCCC[*],[*:1]-[OH0]-[*:2]>>[*:1]-[OH0]-[CH2]-[CH2]-[CH2]-[*:2],22,0.9525999999999996,224.068473484,0.4516776818711874,2.052142531292388,0.0792908896883318,0.0621425312923875,24,76,-7.5,-6.8
O=C(O)C(=O)Oc1ccccc1O,O=C(O)C(=O)CCCOc1ccccc1O,[*]O[*],[*]OCCC[*],[*:1]-[OH0]-[*:2]>>[*:1]-[OH0]-[CH2]-[CH2]-[CH2]-[*:2],22,1.2049,224.068473484,0.5600185780122936,1.984793580243437,0.187631785829438,-0.0052064197565631,24,77,-7.5,-6.4
O=C(O)C(=O)Oc1ccccc1O,O=C(O)C(=O)OCCOCCOCCOc1ccccc1O,[*]O[*],[*]OCCOCCOCCO[*],[*:1]-[OH0]-[*:2]>>[*:1]-[OH0]-[CH2]-[CH2]-[OH0]-[CH2]-[CH2]-[OH0]-[CH2]-[CH2]-[OH0]-[*:2],60,0.4319999999999999,314.100167536,0.3632166158941037,2.2526578485018938,-0.0091701762887518,0.2626578485018935,24,78,-7.5,-6.7
O=C(O)C(=O)Oc1ccccc1O,O=C(O)C(=O)OCCOCCOCCOc1ccccc1O,[*]O[*],[*]OCCOCCOCCO[*],[*:1]-[OH0]-[*:2]>>[*:1]-[OH0]-[CH2]-[CH2]-[OH0]-[CH2]-[CH2]-[OH0]-[CH2]-[CH2]-[OH0]-[*:2],60,0.4319999999999998,314.100167536,0.3632166158941037,2.2526578485018938,-0.0091701762887518,0.2626578485018935,24,79,-7.5,-6.4
O=C(O)C(=O)Oc1ccccc1O,CCN(CCOC(=O)C(=O)O)c1ccccc1O,[*]O[*],[*]OCCN([*])CC,[*:1]-[OH0]-[*:2]>>[*:1]-[OH0]-[CH2]-[CH2]-[NH0](-[*:2])-[CH2]-[CH3],12,0.8462999999999998,253.09502258,0.5971495687806632,2.371944154406359,0.2247627765978075,0.3819441544063586,24,80,-7.5,-6.5
O=C(O)C(=O)Oc1ccccc1O,CCN(CCOC(=O)C(=O)O)c1ccccc1O,[*]O[*],[*]OCCN([*])CC,[*:1]-[OH0]-[*:2]>>[*:1]-[OH0]-[CH2]-[CH2]-[NH0](-[*:2])-[CH2]-[CH3],12,0.8462999999999998,253.09502258,0.5971495687806632,2.371944154406359,0.2247627765978075,0.3819441544063586,24,81,-7.5,-6.5
O=C(O)C(=O)Oc1ccccc1O,O=C(O)C(=O)Oc1ccc(-c2ccccc2O)cc1,[*]O[*],[*]Oc1ccc([*])cc1,[*:1]-[OH0]-[*:2]>>[*:1]-[OH0]-[cH0]1:[cH1]:[cH1]:[cH0](-[*:2]):[cH1]:[cH1]:1,50,2.0492,258.05282342000004,0.4889956638246934,1.8927006126101489,0.1166088716418378,-0.0972993873898513,24,82,-7.5,-6.2
O=C(O)C(=O)Oc1ccccc1O,O=C(O)C(=O)Oc1ccc(-c2ccccc2O)cc1,[*]O[*],[*]Oc1ccc([*])cc1,[*:1]-[OH0]-[*:2]>>[*:1]-[OH0]-[cH0]1:[cH1]:[cH1]:[cH0](-[*:2]):[cH1]:[cH1]:1,50,2.0492,258.05282342000004,0.4889956638246934,1.8927006126101489,0.1166088716418378,-0.0972993873898513,24,83,-7.5,-6.5
O=C(O)C(=O)Oc1ccccc1O,O=C(O)C(=O)Oc1ccccc1-c1ccccc1O,[*]O[*],[*]Oc1ccccc1[*],[*:1]-[OH0]-[*:2]>>[*:1]-[OH0]-[cH0]1:[cH1]:[cH1]:[cH1]:[cH1]:[cH0]:1-[*:2],13,2.0492,258.05282342000004,0.4889956638246934,1.9822904529584804,0.1166088716418378,-0.0077095470415198,24,84,-7.5,-5.9
O=C(O)C(=O)Oc1ccccc1O,O=C(O)C(=O)c1ccccc1Oc1ccccc1O,[*]O[*],[*]Oc1ccccc1[*],[*:1]-[OH0]-[*:2]>>[*:1]-[OH0]-[cH0]1:[cH1]:[cH1]:[cH1]:[cH1]:[cH0]:1-[*:2],13,2.4518000000000004,258.05282342000004,0.6496548496343831,1.922138058183444,0.2772680574515275,-0.067861941816556,24,85,-7.5,-7.3
O=C(O)C(=O)Oc1ccccc1O,O=C(O)C(=O)c1cccc(Oc2ccccc2O)c1,[*]O[*],[*]Oc1cccc([*])c1,[*:1]-[OH0]-[*:2]>>[*:1]-[OH0]-[cH0]1:[cH1]:[cH1]:[cH1]:[cH0](-[*:2]):[cH1]:1,21,2.4518000000000004,258.05282342000004,0.6496548496343831,1.904057071245853,0.2772680574515275,-0.0859429287541466,24,86,-7.5,-7.0
O=C(O)C(=O)Oc1ccccc1O,O=C(O)C(=O)Oc1cccc(-c2ccccc2O)c1,[*]O[*],[*]Oc1cccc([*])c1,[*:1]-[OH0]-[*:2]>>[*:1]-[OH0]-[cH0]1:[cH1]:[cH1]:[cH1]:[cH0](-[*:2]):[cH1]:1,21,2.0492,258.05282342000004,0.4889956638246934,1.969392630026693,0.1166088716418378,-0.0206073699733071,24,87,-7.5,-5.9
O=C(O)C(=O)Oc1ccccc1O,O=C(O)C(=O)OCc1ccc(-c2ccccc2O)cc1,[*]O[*],[*]OCc1ccc([*])cc1,[*:1]-[OH0]-[*:2]>>[*:1]-[OH0]-[CH2]-[cH0]1:[cH1]:[cH1]:[cH0](-[*:2]):[cH1]:[cH1]:1,11,2.1870000000000003,272.06847348400004,0.6605965782513389,1.892071015171657,0.2882097860684833,-0.0979289848283428,24,88,-7.5,-6.2
O=C(O)C(=O)Oc1ccccc1O,O=C(O)C(=O)c1ccc(COc2ccccc2O)cc1,[*]O[*],[*]OCc1ccc([*])cc1,[*:1]-[OH0]-[*:2]>>[*:1]-[OH0]-[CH2]-[cH0]1:[cH1]:[cH1]:[cH0](-[*:2]):[cH1]:[cH1]:1,11,2.2385,272.068473484,0.6438258183536993,1.8095034327540755,0.2714390261708437,-0.1804965672459246,24,89,-7.5,-6.8
O=C(O)C(=O)Oc1ccccc1O,CC(C)N(CCOc1ccccc1O)C(=O)C(=O)O,[*]O[*],[*]OCCN([*])C(C)C,[*:1]-[OH0]-[*:2]>>[*:1]-[OH0]-[CH2]-[CH2]-[NH0](-[*:2])-[CH1](-[CH3])-[CH3],12,1.0926,267.11067264400003,0.7797823697845669,2.258421794203251,0.4073955776017113,0.2684217942032507,24,90,-7.5,-7.4
O=C(O)C(=O)Oc1ccccc1O,CC(C)N(CCOc1ccccc1O)C(=O)C(=O)O,[*]O[*],[*]OCCN([*])C(C)C,[*:1]-[OH0]-[*:2]>>[*:1]-[OH0]-[CH2]-[CH2]-[NH0](-[*:2])-[CH1](-[CH3])-[CH3],12,1.0926,267.11067264400003,0.7797823697845669,2.258421794203251,0.4073955776017113,0.2684217942032507,24,91,-7.5,-7.1
N[C@H]1NO[C@H](C(=O)O)[C@@H]1CO,CO[C@H]1ON[C@H](N)[C@H]1CO,[*]C(=O)O,[*]OC,[*:1]-[CH0](=[OH0])-[OH1]>>[*:1]-[OH0]-[CH3],264,-1.6129999999999989,148.084792244,0.438827465072835,4.8543011495398725,0.0694642719154842,0.164301149539872,25,0,-6.8,-5.7
N[C@H]1NO[C@H](C(=O)O)[C@@H]1CO,CO[C@@H]1[C@@H](N)NO[C@@H]1C(=O)O,[*]CO,[*]OC,[*:1]-[CH2]-[OH1]>>[*:1]-[OH0]-[CH3],353,-1.725799999999999,162.0640568,0.446612288701934,4.612888706252658,0.0772490955445832,-0.0771112937473423,25,1,-6.8,-6.6
N[C@H]1NO[C@H](C(=O)O)[C@@H]1CO,CC(C)[C@H]1ON[C@H](N)[C@H]1CO,[*]C(=O)O,[*]C(C)C,[*:1]-[CH0](=[OH0])-[OH1]>>[*:1]-[CH1](-[CH3])-[CH3],15,-0.5608999999999991,160.121177752,0.5062722940130561,4.750973056385283,0.1369091008557053,0.0609730563852828,25,2,-6.8,-6.5
N[C@H]1NO[C@H](C(=O)O)[C@@H]1CO,CC[C@H]1ON[C@H](N)[C@H]1CO,[*]C(=O)O,[*]CC,[*:1]-[CH0](=[OH0])-[OH1]>>[*:1]-[CH2]-[CH3],27,-0.8068999999999991,146.105527688,0.4765431997845962,4.82299345723218,0.1071800066272454,0.1329934572321791,25,3,-6.8,-6.2
N[C@H]1NO[C@H](C(=O)O)[C@@H]1CO,CCCC[C@@H]1[C@@H](N)NO[C@@H]1C(=O)O,[*]CO,[*]CCCC,[*:1]-[CH2]-[OH1]>>[*:1]-[CH2]-[CH2]-[CH2]-[CH3],19,0.0656000000000003,188.116092372,0.58086466421989,4.307581716023367,0.2115014710625392,-0.3824182839766337,25,4,-6.8,-7.3
N[C@H]1NO[C@H](C(=O)O)[C@@H]1CO,CSC[C@@H]1[C@@H](N)NO[C@@H]1C(=O)O,[*]CO,[*]CSC,[*:1]-[CH2]-[OH1]>>[*:1]-[CH2]-[SH0]-[CH3],15,-0.7615999999999994,192.056863244,0.5447377255565012,4.840477991708093,0.1753745323991504,0.1504779917080929,25,5,-6.8,-6.6
N[C@H]1NO[C@H](C(=O)O)[C@@H]1CO,CC[C@@H]1[C@@H](N)NO[C@@H]1C(=O)O,[*]CO,[*]CC,[*:1]-[CH2]-[OH1]>>[*:1]-[CH2]-[CH3],141,-0.7145999999999988,160.084792244,0.4963853368068811,4.6469454701783866,0.1270221436495303,-0.0430545298216138,25,6,-6.8,-6.6
N[C@H]1NO[C@H](C(=O)O)[C@@H]1CO,NC[C@H]1ON[C@H](N)[C@H]1CO,[*]C(=O)O,[*]CN,[*:1]-[CH0](=[OH0])-[OH1]>>[*:1]-[CH2]-[NH2],41,-2.258199999999998,147.100776656,0.3535895844458018,4.9567883290270505,-0.0157736087115489,0.2667883290270501,25,7,-6.8,-5.9
N[C@H]1NO[C@H](C(=O)O)[C@@H]1CO,N[C@H]1NO[C@H](CO)[C@@H]1CO,[*]C(=O)O,[*]CO,[*:1]-[CH0](=[OH0])-[OH1]>>[*:1]-[CH2]-[OH1],242,-2.2245999999999992,148.084792244,0.3559627051729985,4.821419098257819,-0.0134004879843522,0.1314190982578189,25,8,-6.8,-5.9
N[C@H]1NO[C@H](C(=O)O)[C@@H]1CO,CC(C)C[C@@H]1[C@@H](N)NO[C@@H]1C(=O)O,[*]CO,[*]CC(C)C,[*:1]-[CH2]-[OH1]>>[*:1]-[CH2]-[CH1](-[CH3])-[CH3],19,-0.0784999999999991,188.116092372,0.5766242796090715,4.488674398634874,0.2072610864517207,-0.2013256013651263,25,9,-6.8,-7.1
N[C@H]1NO[C@H](C(=O)O)[C@@H]1CO,NC(=O)[C@H]1ON[C@H](N)[C@H]1CO,[*]C(=O)O,[*]C(N)=O,[*:1]-[CH0](=[OH0])-[OH1]>>[*:1]-[CH0](-[NH2])=[OH0],426,-2.731599999999999,161.080041212,0.351142028068363,4.794989502008626,-0.0182211650889877,0.1049895020086255,25,10,-6.8,-6.6
N[C@H]1NO[C@H](C(=O)O)[C@@H]1CO,CN(C)[C@@H]1[C@@H](N)NO[C@@H]1C(=O)O,[*]CO,[*]N(C)C,[*:1]-[CH2]-[OH1]>>[*:1]-[NH0](-[CH3])-[CH3],70,-1.8105999999999984,175.095691276,0.4582196760732916,4.62017549480983,0.0888564829159408,-0.0698245051901702,25,11,-6.8,-6.1
N[C@H]1NO[C@H](C(=O)O)[C@@H]1CO,N[C@H]1NO[C@H](C(=O)O)[C@@H]1C1CC1,[*]CO,[*]C1CC1,[*:1]-[CH2]-[OH1]>>[*:1]-[CH1]1-[CH2]-[CH2]-1,61,-0.7145999999999988,172.084792244,0.5118508720904016,4.525166453246555,0.1424876789330508,-0.1648335467534449,25,12,-6.8,-7.3
N[C@H]1NO[C@H](C(=O)O)[C@@H]1CO,CN[C@H]1ON[C@H](N)[C@H]1CO,[*]C(=O)O,[*]NC,[*:1]-[CH0](=[OH0])-[OH1]>>[*:1]-[NH1]-[CH3],17,-2.039999999999998,147.100776656,0.3617326323835534,5.141531918770641,-0.0076305607737973,0.451531918770641,25,13,-6.8,-6.1
N[C@H]1NO[C@H](C(=O)O)[C@@H]1CO,CN[C@@H]1[C@@H](N)NO[C@@H]1C(=O)O,[*]CO,[*]NC,[*:1]-[CH2]-[OH1]>>[*:1]-[NH1]-[CH3],31,-2.152799999999999,161.080041212,0.3684222785575314,4.7604075391439045,-0.0009409145998193,0.070407539143904,25,14,-6.8,-6.4
N[C@H]1NO[C@H](C(=O)O)[C@@H]1CO,NC[C@@H]1[C@@H](N)NO[C@@H]1C(=O)O,[*]CO,[*]CN,[*:1]-[CH2]-[OH1]>>[*:1]-[CH2]-[NH2],150,-2.1659,161.080041212,0.3667124089113673,4.797157141265921,-0.0026507842459834,0.1071571412659206,25,15,-6.8,-6.6
N[C@H]1NO[C@H](C(=O)O)[C@@H]1CO,CN(C)[C@H]1ON[C@H](N)[C@H]1CO,[*]C(=O)O,[*]N(C)C,[*:1]-[CH0](=[OH0])-[OH1]>>[*:1]-[NH0](-[CH3])-[CH3],51,-1.6977999999999982,161.11642672,0.4502272226146835,5.002953958242047,0.0808640294573327,0.3129539582420468,25,16,-6.8,-5.6
N[C@H]1NO[C@H](C(=O)O)[C@@H]1CO,CCO[C@H]1ON[C@H](N)[C@H]1CO,[*]C(=O)O,[*]OCC,[*:1]-[CH0](=[OH0])-[OH1]>>[*:1]-[OH0]-[CH2]-[CH3],26,-1.2228999999999988,162.100442308,0.4845138749961933,4.715020324289794,0.1151506818388425,0.0250203242897937,25,17,-6.8,-6.3
N[C@H]1NO[C@H](C(=O)O)[C@@H]1CO,CCO[C@@H]1[C@@H](N)NO[C@@H]1C(=O)O,[*]CO,[*]OCC,[*:1]-[CH2]-[OH1]>>[*:1]-[OH0]-[CH2]-[CH3],66,-1.3356999999999983,176.079706864,0.4926780158289372,4.554256357092708,0.1233148226715864,-0.1357436429072924,25,18,-6.8,-6.8
N[C@H]1NO[C@H](C(=O)O)[C@@H]1CO,CNC(=O)[C@H]1ON[C@H](N)[C@H]1CO,[*]C(=O)O,[*]C(=O)NC,[*:1]-[CH0](=[OH0])-[OH1]>>[*:1]-[CH0](=[OH0])-[NH1]-[CH3],187,-2.470899999999998,175.095691276,0.3727333713674933,4.650158280169632,0.0033701782101425,-0.0398417198303686,25,19,-6.8,-6.5
N[C@H]1NO[C@H](C(=O)O)[C@@H]1CO,NC(=O)[C@@H]1[C@@H](N)NO[C@@H]1C(=O)O,[*]CO,[*]C(N)=O,[*:1]-[CH2]-[OH1]>>[*:1]-[CH0](-[NH2])=[OH0],246,-2.6392999999999995,175.059305768,0.3629563865316703,4.553566561807349,-0.0064068066256804,-0.1364334381926513,25,20,-6.8,-6.9
N[C@H]1NO[C@H](C(=O)O)[C@@H]1CO,CC(C)(C)[C@H]1ON[C@H](N)[C@H]1CO,[*]C(=O)O,[*]C(C)(C)C,[*:1]-[CH0](=[OH0])-[OH1]>>[*:1]-[CH0](-[CH3])(-[CH3])-[CH3],26,-0.1707999999999992,174.136827816,0.5160508010914544,4.71300279009519,0.1466876079341036,0.0230027900951892,25,21,-6.8,-6.1
N[C@H]1NO[C@H](C(=O)O)[C@@H]1CO,CC(C)[C@@H]1[C@@H](N)NO[C@@H]1C(=O)O,[*]CO,[*]C(C)C,[*:1]-[CH2]-[OH1]>>[*:1]-[CH1](-[CH3])-[CH3],91,-0.4685999999999988,174.100442308,0.52678988522882,4.578118919127448,0.1574266920714692,-0.1118810808725525,25,22,-6.8,-7.0
N[C@H]1NO[C@H](C(=O)O)[C@@H]1CO,N[C@H]1NO[C@H](C(=O)O)[C@@H]1C(=O)O,[*]CO,[*]C(=O)O,[*:1]-[CH2]-[OH1]>>[*:1]-[CH0](=[OH0])-[OH1],242,-2.04,176.043321356,0.3819746767097008,4.440072765281293,0.01261148355235,-0.2499272347187071,25,23,-6.8,-6.9
N[C@H]1NO[C@H](C(=O)O)[C@@H]1CO,CN(C)C(=O)[C@H]1ON[C@H](N)[C@H]1CO,[*]C(=O)O,[*]C(=O)N(C)C,[*:1]-[CH0](=[OH0])-[OH1]>>[*:1]-[CH0](=[OH0])-[NH0](-[CH3])-[CH3],153,-2.128699999999997,189.11134134,0.4616724243200227,4.599476208589625,0.0923092311626719,-0.0905237914103755,25,24,-6.8,-6.2
N[C@H]1NO[C@H](C(=O)O)[C@@H]1CO,CN(C)C[C@H]1ON[C@H](N)[C@H]1CO,[*]C(=O)O,[*]CN(C)C,[*:1]-[CH0](=[OH0])-[OH1]>>[*:1]-[CH2]-[NH0](-[CH3])-[CH3],24,-1.6552999999999969,175.132076784,0.4789702382413607,4.666907799400401,0.1096070450840099,-0.0230922005995992,25,25,-6.8,-6.5
N[C@H]1NO[C@H](C(=O)O)[C@@H]1CO,COC[C@@H]1[C@@H](N)NO[C@@H]1C(=O)O,[*]CO,[*]COC,[*:1]-[CH2]-[OH1]>>[*:1]-[CH2]-[OH0]-[CH3],258,-1.4781999999999984,176.079706864,0.4853440731990517,4.590680395554248,0.1159808800417009,-0.0993196044457525,25,26,-6.8,-6.6
N[C@H]1NO[C@H](C(=O)O)[C@@H]1CO,N[C@H]1NO[C@H](C(=O)O)[C@@H]1CF,[*]CO,[*]CF,[*:1]-[CH2]-[OH1]>>[*:1]-[CH2]-[FH0],60,-1.1550999999999991,164.059720368,0.4793113159877153,4.951112048427724,0.1099481228303645,0.2611120484277238,25,27,-6.8,-6.7
N[C@H]1NO[C@H](C(=O)O)[C@@H]1CO,CC(=O)N[C@H]1ON[C@H](N)[C@H]1CO,[*]C(=O)O,[*]NC(C)=O,[*:1]-[CH0](=[OH0])-[OH1]>>[*:1]-[NH1]-[CH0](-[CH3])=[OH0],88,-2.123299999999998,175.095691276,0.3844641083296722,4.686162607092708,0.0151009151723214,-0.0038373929072923,25,28,-6.8,-6.2
N[C@H]1NO[C@H](C(=O)O)[C@@H]1CO,CN1CCN([C@H]2ON[C@H](N)[C@H]2CO)CC1,[*]C(=O)O,[*]N1CCN(C)CC1,[*:1]-[CH0](=[OH0])-[OH1]>>[*:1]-[NH0]1-[CH2]-[CH2]-[NH0](-[CH3])-[CH2]-[CH2]-1,14,-2.0119999999999965,216.15862588,0.4951000338110027,4.295101898005272,0.1257368406536519,-0.3948981019947286,25,29,-6.8,-4.7
N[C@H]1NO[C@H](C(=O)O)[C@@H]1CO,N[C@H]1NO[C@H](CCO)[C@@H]1CO,[*]C(=O)O,[*]CCO,[*:1]-[CH0](=[OH0])-[OH1]>>[*:1]-[CH2]-[CH2]-[OH1],26,-1.834499999999999,162.100442308,0.3917150332554022,4.765171093520562,0.0223518400980514,0.0751710935205611,25,30,-6.8,-6.0
N[C@H]1NO[C@H](C(=O)O)[C@@H]1CO,N#CC[C@@H]1[C@@H](N)NO[C@@H]1C(=O)O,[*]CO,[*]CC#N,[*:1]-[CH2]-[OH1]>>[*:1]-[CH2]-[CH0]#[NH0],35,-1.2109199999999989,171.064391148,0.4806617917060932,4.885793857092708,0.1112985985487424,0.1957938570927071,25,31,-6.8,-6.7
N[C@H]1NO[C@H](C(=O)O)[C@@H]1CO,CCN[C@@H]1[C@@H](N)NO[C@@H]1C(=O)O,[*]CO,[*]NCC,[*:1]-[CH2]-[OH1]>>[*:1]-[NH1]-[CH2]-[CH3],10,-1.7626999999999988,175.095691276,0.4054541294994443,4.645156357092709,0.0360909363420935,-0.0448436429072911,25,32,-6.8,-6.9
N[C@H]1NO[C@H](C(=O)O)[C@@H]1CO,CNC(=O)[C@@H]1[C@@H](N)NO[C@@H]1C(=O)O,[*]CO,[*]C(=O)NC,[*:1]-[CH2]-[OH1]>>[*:1]-[CH0](=[OH0])-[NH1]-[CH3],106,-2.3786,189.074955832,0.3855491003386194,4.423687068318132,0.0161859071812686,-0.2663129316818686,25,33,-6.8,-6.7
N[C@H]1NO[C@H](C(=O)O)[C@@H]1CO,CC(=O)N[C@@H]1[C@@H](N)NO[C@@H]1C(=O)O,[*]CO,[*]NC(C)=O,[*:1]-[CH2]-[OH1]>>[*:1]-[NH1]-[CH0](-[CH3])=[OH0],71,-2.2360999999999995,189.074955832,0.3904658029060943,4.360776661078313,0.0211026097487435,-0.329223338921687,25,34,-6.8,-6.7
N[C@H]1NO[C@H](C(=O)O)[C@@H]1CO,COC[C@H]1ON[C@H](N)[C@H]1CO,[*]C(=O)O,[*]COC,[*:1]-[CH0](=[OH0])-[OH1]>>[*:1]-[CH2]-[OH0]-[CH3],25,-1.5704999999999985,162.100442308,0.4671276905582872,4.716266478135947,0.0977644974009364,0.0262664781359465,25,35,-6.8,-6.4
N[C@H]1NO[C@H](C(=O)O)[C@@H]1CO,CN(C)C(=O)[C@@H]1[C@@H](N)NO[C@@H]1C(=O)O,[*]CO,[*]C(=O)N(C)C,[*:1]-[CH2]-[OH1]>>[*:1]-[CH0](=[OH0])-[NH0](-[CH3])-[CH3],100,-2.0363999999999987,203.090605896,0.4774568565504716,4.407040573684702,0.1080936633931208,-0.2829594263152986,25,36,-6.8,-6.5
N[C@H]1NO[C@H](C(=O)O)[C@@H]1CO,CN(C)C[C@@H]1[C@@H](N)NO[C@@H]1C(=O)O,[*]CO,[*]CN(C)C,[*:1]-[CH2]-[OH1]>>[*:1]-[CH2]-[NH0](-[CH3])-[CH3],100,-1.562999999999998,189.11134134,0.4972748860543804,4.537282543431253,0.1279116928970296,-0.1527174565687472,25,37,-6.8,-6.9
N[C@H]1NO[C@H](C(=O)O)[C@@H]1CO,N[C@H]1NO[C@H](C(=O)O)[C@@H]1CCO,[*]CO,[*]CCO,[*:1]-[CH2]-[OH1]>>[*:1]-[CH2]-[CH2]-[OH1],158,-1.7421999999999995,176.079706864,0.4065329336909702,4.637584241708094,0.0371697405336194,-0.0524157582919064,25,38,-6.8,-6.7
N[C@H]1NO[C@H](C(=O)O)[C@@H]1CO,CN1CCN([C@@H]2[C@@H](N)NO[C@@H]2C(=O)O)CC1,[*]CO,[*]N1CCN(C)CC1,[*:1]-[CH2]-[OH1]>>[*:1]-[NH0]1-[CH2]-[CH2]-[NH0](-[CH3])-[CH2]-[CH2]-1,20,-2.124799999999997,230.137890436,0.4991346935342479,4.162606015788447,0.1297715003768971,-0.5273939842115531,25,39,-6.8,-5.3
N[C@H]1NO[C@H](C(=O)O)[C@@H]1CO,N[C@H]1NO[C@H](C(=O)O)[C@@H]1C(F)F,[*]CO,[*]C(F)F,[*:1]-[CH2]-[OH1]>>[*:1]-[CH1](-[FH0])-[FH0],42,-0.8595000000000002,182.050298556,0.5171294756171445,4.889670780169631,0.1477662824597937,0.1996707801696304,25,40,-6.8,-7.2
N[C@H]1NO[C@H](C(=O)O)[C@@H]1CO,N[C@H]1NO[C@H](N2CCOCC2)[C@@H]1CO,[*]C(=O)O,[*]N1CCOCC1,[*:1]-[CH0](=[OH0])-[OH1]>>[*:1]-[NH0]1-[CH2]-[CH2]-[OH0]-[CH2]-[CH2]-1,37,-1.927199999999997,203.126991404,0.4849774964085669,4.411890189069316,0.1156143032512161,-0.2781098109306841,25,41,-6.8,-5.2
N[C@H]1NO[C@H](C(=O)O)[C@@H]1CO,N[C@H]1NO[C@H](C(F)(F)F)[C@@H]1CO,[*]C(=O)O,[*]C(F)(F)F,[*:1]-[CH0](=[OH0])-[OH1]>>[*:1]-[CH0](-[FH0])(-[FH0])-[FH0],118,-0.6546000000000001,186.061612188,0.5084999307940747,4.832642492328441,0.1391367376367239,0.1426424923284406,25,42,-6.8,-7.0
N[C@H]1NO[C@H](C(=O)O)[C@@H]1CO,NC(=O)C[C@H]1ON[C@H](N)[C@H]1CO,[*]C(=O)O,[*]CC(N)=O,[*:1]-[CH0](=[OH0])-[OH1]>>[*:1]-[CH2]-[CH0](-[NH2])=[OH0],13,-2.3414999999999986,175.095691276,0.3838792206082562,4.717891934015786,0.0145160274509054,0.0278919340157859,25,43,-6.8,-7.1
N[C@H]1NO[C@H](C(=O)O)[C@@H]1CO,CNC[C@@H]1[C@@H](N)NO[C@@H]1C(=O)O,[*]CO,[*]CNC,[*:1]-[CH2]-[OH1]>>[*:1]-[CH2]-[NH1]-[CH3],38,-1.905199999999999,175.095691276,0.3996758769564708,4.687893376323478,0.03031268379912,-0.0021066236765223,25,44,-6.8,-6.6
N[C@H]1NO[C@H](C(=O)O)[C@@H]1CO,CCC[C@@H]1[C@@H](N)NO[C@@H]1C(=O)O,[*]CO,[*]CCC,[*:1]-[CH2]-[OH1]>>[*:1]-[CH2]-[CH2]-[CH3],44,-0.3244999999999992,174.100442308,0.5455118178581542,4.521722222477324,0.1761486247008034,-0.1682777775226762,25,45,-6.8,-6.7
N[C@H]1NO[C@H](C(=O)O)[C@@H]1CO,NC(=O)C[C@@H]1[C@@H](N)NO[C@@H]1C(=O)O,[*]CO,[*]CC(N)=O,[*:1]-[CH2]-[OH1]>>[*:1]-[CH2]-[CH0](-[NH2])=[OH0],21,-2.2492,189.074955832,0.3968219551597206,4.5602020004448285,0.0274587620023697,-0.1297979995551719,25,46,-6.8,-7.1
N[C@H]1NO[C@H](C(=O)O)[C@@H]1CO,CC(C)O[C@H]1ON[C@H](N)[C@H]1CO,[*]C(=O)O,[*]OC(C)C,[*:1]-[CH0](=[OH0])-[OH1]>>[*:1]-[OH0]-[CH1](-[CH3])-[CH3],12,-0.8343999999999989,176.116092372,0.5227405110157584,4.732551549400401,0.1533773178584075,0.0425515494004002,25,47,-6.8,-6.7
N[C@H]1NO[C@H](C(=O)O)[C@@H]1CO,N[C@H]1NO[C@H](OC(F)(F)F)[C@@H]1CO,[*]C(=O)O,[*]OC(F)(F)F,[*:1]-[CH0](=[OH0])-[OH1]>>[*:1]-[OH0]-[CH0](-[FH0])(-[FH0])-[FH0],36,-0.7230000000000001,202.056526808,0.5503611590916214,4.9072151226167735,0.1809979659342706,0.2172151226167731,25,48,-6.8,-6.9
N[C@H]1NO[C@H](C(=O)O)[C@@H]1CO,CCOC[C@@H]1[C@@H](N)NO[C@@H]1C(=O)O,[*]CO,[*]COCC,[*:1]-[CH2]-[OH1]>>[*:1]-[CH2]-[OH0]-[CH2]-[CH3],20,-1.088099999999998,190.095356928,0.521338912157571,4.493816441298092,0.1519757190002202,-0.1961835587019083,25,49,-6.8,-6.9
N[C@H]1NO[C@H](C(=O)O)[C@@H]1CO,N[C@H]1NO[C@H](C(=O)O)[C@@H]1N1CCOCC1,[*]CO,[*]N1CCOCC1,[*:1]-[CH2]-[OH1]>>[*:1]-[NH0]1-[CH2]-[CH2]-[OH0]-[CH2]-[CH2]-1,42,-2.0399999999999974,217.10625596,0.489986250239614,4.2645876122909865,0.1206230570822632,-0.4254123877090139,25,50,-6.8,-5.5
N[C@H]1NO[C@H](C(=O)O)[C@@H]1CO,N[C@H]1NO[C@H](C(=O)O)[C@@H]1CC(=O)O,[*]CO,[*]CC(=O)O,[*:1]-[CH2]-[OH1]>>[*:1]-[CH2]-[CH0](=[OH0])-[OH1],49,-1.6498999999999997,190.05897142,0.4201904842904126,4.427458109042114,0.0508272911330618,-0.2625418909578867,25,51,-6.8,-7.1
N[C@H]1NO[C@H](C(=O)O)[C@@H]1CO,N[C@H]1NO[C@H](C(=O)N2CCC2)[C@@H]1CO,[*]C(=O)O,[*]C(=O)N1CCC1,[*:1]-[CH0](=[OH0])-[OH1]>>[*:1]-[CH0](=[OH0])-[NH0]1-[CH2]-[CH2]-[CH2]-1,12,-1.9845999999999973,201.11134134,0.4814552199720283,4.302203326721139,0.1120920268146775,-0.3877966732788618,25,52,-6.8,-6.1
N[C@H]1NO[C@H](C(=O)O)[C@@H]1CO,N[C@H]1NO[C@H](CC(=O)O)[C@@H]1CO,[*]C(=O)O,[*]CC(=O)O,[*:1]-[CH0](=[OH0])-[OH1]>>[*:1]-[CH2]-[CH0](=[OH0])-[OH1],212,-1.742199999999999,176.079706864,0.4065329336909702,4.593778472477323,0.0371697405336194,-0.0962215275226769,25,53,-6.8,-6.6
N[C@H]1NO[C@H](C(=O)O)[C@@H]1CO,N[C@H]1NO[C@H](C(=O)O)[C@@H]1C(F)(F)F,[*]CO,[*]C(F)(F)F,[*:1]-[CH2]-[OH1]>>[*:1]-[CH0](-[FH0])(-[FH0])-[FH0],176,-0.5623000000000002,200.040876744,0.5278438430744271,4.660615122616774,0.1584806499170763,-0.0293848773832268,25,54,-6.8,-7.2
N[C@H]1NO[C@H](C(=O)O)[C@@H]1CO,COCC[C@@H]1[C@@H](N)NO[C@@H]1C(=O)O,[*]CO,[*]CCOC,[*:1]-[CH2]-[OH1]>>[*:1]-[CH2]-[CH2]-[OH0]-[CH3],13,-1.088099999999998,190.095356928,0.521338912157571,4.460225672067323,0.1519757190002202,-0.2297743279326773,25,55,-6.8,-7.1
N[C@H]1NO[C@H](C(=O)O)[C@@H]1CO,CCNC(=O)[C@H]1ON[C@H](N)[C@H]1CO,[*]C(=O)O,[*]C(=O)NCC,[*:1]-[CH0](=[OH0])-[OH1]>>[*:1]-[CH0](=[OH0])-[NH1]-[CH2]-[CH3],40,-2.0807999999999978,189.11134134,0.4083766954131448,4.446300397342048,0.039013502255794,-0.2436996026579523,25,56,-6.8,-6.2
N[C@H]1NO[C@H](C(=O)O)[C@@H]1CO,N[C@H]1NO[C@H](C(=O)N2CCCCC2)[C@@H]1CO,[*]C(=O)O,[*]C(=O)N1CCCCC1,[*:1]-[CH0](=[OH0])-[OH1]>>[*:1]-[CH0](=[OH0])-[NH0]1-[CH2]-[CH2]-[CH2]-[CH2]-[CH2]-1,29,-1.2043999999999977,229.142641468,0.5531295255134512,4.044730001802434,0.1837663323561004,-0.6452699981975663,25,57,-6.8,-4.5
N[C@H]1NO[C@H](C(=O)O)[C@@H]1CO,N[C@H]1NO[C@H](C(=O)N2CCCC2)[C@@H]1CO,[*]C(=O)O,[*]C(=O)N1CCCC1,[*:1]-[CH0](=[OH0])-[OH1]>>[*:1]-[CH0](=[OH0])-[NH0]1-[CH2]-[CH2]-[CH2]-[CH2]-1,20,-1.5944999999999974,215.126991404,0.5164421291616754,4.139860139763512,0.1470789360043246,-0.550139860236488,25,58,-6.8,-5.2
N[C@H]1NO[C@H](C(=O)O)[C@@H]1CO,N[C@H]1NO[C@H](C(=O)O)[C@@H]1N1CCCC1,[*]CO,[*]N1CCCC1,[*:1]-[CH2]-[OH1]>>[*:1]-[NH0]1-[CH2]-[CH2]-[CH2]-[CH2]-1,11,-1.276399999999998,201.11134134,0.515734984996068,4.231446490844466,0.1463717918387171,-0.4585535091555348,25,59,-6.8,-7.1
N[C@H]1NO[C@H](C(=O)O)[C@@H]1CO,N[C@H]1NO[C@H](C(=O)O)[C@@H]1N1CCCC1=O,[*]CO,[*]N1CCCC1=O,[*:1]-[CH2]-[OH1]>>[*:1]-[NH0]1-[CH2]-[CH2]-[CH2]-[CH0]-1=[OH0],10,-1.7497999999999987,215.090605896,0.504252416427308,4.313258209985975,0.1348892232699572,-0.3767417900140257,25,60,-6.8,-5.6
N[C@H]1NO[C@H](C(=O)O)[C@@H]1CO,N[C@H]1NO[C@H](N2CCCCC2)[C@@H]1CO,[*]C(=O)O,[*]N1CCCCC1,[*:1]-[CH0](=[OH0])-[OH1]>>[*:1]-[NH0]1-[CH2]-[CH2]-[CH2]-[CH2]-[CH2]-1,10,-0.7734999999999987,201.147726848,0.5468931365489176,4.258824419838547,0.1775299433915668,-0.4311755801614536,25,61,-6.8,-6.6
N[C@H]1NO[C@H](C(=O)O)[C@@H]1CO,N[C@H]1NO[C@H](C(=O)O)[C@@H]1C(=O)NC1CC1,[*]CO,[*]C(=O)NC1CC1,[*:1]-[CH2]-[OH1]>>[*:1]-[CH0](=[OH0])-[NH1]-[CH1]1-[CH2]-[CH2]-1,14,-1.8459999999999992,215.090605896,0.4394141793254374,4.176760799104173,0.0700509861680866,-0.5132392008958275,25,62,-6.8,-6.9
N[C@H]1NO[C@H](C(=O)O)[C@@H]1CO,N[C@H]1NO[C@H](C(=O)NC2CC2)[C@@H]1CO,[*]C(=O)O,[*]C(=O)NC1CC1,[*:1]-[CH0](=[OH0])-[OH1]>>[*:1]-[CH0](=[OH0])-[NH1]-[CH1]1-[CH2]-[CH2]-1,32,-1.9382999999999977,201.11134134,0.4258790123447237,4.319219521053122,0.0565158191873729,-0.3707804789468785,25,63,-6.8,-6.1
N[C@H]1NO[C@H](C(=O)O)[C@@H]1CO,N[C@H]1NO[C@H](C(=O)O)[C@@H]1OC(F)F,[*]CO,[*]OC(F)F,[*:1]-[CH2]-[OH1]>>[*:1]-[OH0]-[CH1](-[FH0])-[FH0],13,-1.1329999999999991,198.045213176,0.5307238378599968,4.854648606779669,0.161360644702646,0.1646486067796688,25,64,-6.8,-7.2
N[C@H]1NO[C@H](C(=O)O)[C@@H]1CO,CCNC(=O)[C@@H]1[C@@H](N)NO[C@@H]1C(=O)O,[*]CO,[*]C(=O)NCC,[*:1]-[CH2]-[OH1]>>[*:1]-[CH0](=[OH0])-[NH1]-[CH2]-[CH3],41,-1.9884999999999984,203.090605896,0.4220990733886416,4.266850137094265,0.0527358802312908,-0.4231498629057357,25,65,-6.8,-6.4
N[C@H]1NO[C@H](C(=O)O)[C@@H]1CO,CC(C)(C)[C@@H]1[C@@H](N)NO[C@@H]1C(=O)O,[*]CO,[*]C(C)(C)C,[*:1]-[CH2]-[OH1]>>[*:1]-[CH0](-[CH3])(-[CH3])-[CH3],32,-0.0784999999999991,188.116092372,0.5357410163847928,4.54145847926013,0.166377823227442,-0.1485415207398706,25,66,-6.8,-6.8
N[C@H]1NO[C@H](C(=O)O)[C@@H]1CO,N[C@H]1NO[C@H](C(=O)O)[C@@H]1CCCO,[*]CO,[*]CCCO,[*:1]-[CH2]-[OH1]>>[*:1]-[CH2]-[CH2]-[CH2]-[OH1],32,-1.3520999999999992,190.095356928,0.4365277473608709,4.445307430309081,0.0671645542035201,-0.244692569690919,25,67,-6.8,-6.6
N[C@H]1NO[C@H](C(=O)O)[C@@H]1CO,N[C@H]1NO[C@H](C(=O)O)[C@@H]1Cc1ccc(O)cc1,[*]CO,[*]Cc1ccc(O)cc1,[*:1]-[CH2]-[OH1]>>[*:1]-[CH2]-[cH0]1:[cH1]:[cH1]:[cH0](-[OH1]):[cH1]:[cH1]:1,10,-0.1763000000000001,238.095356928,0.5821546321057888,3.9142884356269008,0.212791438948438,-0.7757115643730996,25,68,-6.8,-7.5
N[C@H]1NO[C@H](C(=O)O)[C@@H]1CO,CC(=O)NC[C@H]1ON[C@H](N)[C@H]1CO,[*]C(=O)O,[*]CNC(C)=O,[*:1]-[CH0](=[OH0])-[OH1]>>[*:1]-[CH2]-[NH1]-[CH0](-[CH3])=[OH0],13,-2.0807999999999978,189.11134134,0.4083766954131448,4.462251166572818,0.039013502255794,-0.2277488334271824,25,69,-6.8,-6.6
N[C@H]1NO[C@H](C(=O)O)[C@@H]1CO,CC(C)(O)[C@H]1ON[C@H](N)[C@H]1CO,[*]C(=O)O,[*]C(C)(C)O,[*:1]-[CH0](=[OH0])-[OH1]>>[*:1]-[CH0](-[CH3])(-[CH3])-[OH1],20,-1.445999999999999,176.116092372,0.413445877355832,4.855528844685761,0.0440826841984812,0.1655288446857605,25,70,-6.8,-6.4
N[C@H]1NO[C@H](C(=O)O)[C@@H]1CO,CC(=O)[C@H]1ON[C@H](N)[C@H]1CO,[*]C(=O)O,[*]C(C)=O,[*:1]-[CH0](=[OH0])-[OH1]>>[*:1]-[CH0](-[CH3])=[OH0],68,-1.6278999999999986,160.084792244,0.4514764316681564,4.788147592194303,0.0821132385108056,0.0981475921943024,25,71,-6.8,-6.3
N[C@H]1NO[C@H](C(=O)O)[C@@H]1CO,N[C@H]1NO[C@H](C(=O)O)[C@@H]1C(=O)N1CCCC1,[*]CO,[*]C(=O)N1CCCC1,[*:1]-[CH2]-[OH1]>>[*:1]-[CH0](=[OH0])-[NH0]1-[CH2]-[CH2]-[CH2]-[CH2]-1,17,-1.5021999999999984,229.10625596,0.5318652331180488,4.000026994809427,0.162502039960698,-0.6899730051905735,25,72,-6.8,-5.6
N[C@H]1NO[C@H](C(=O)O)[C@@H]1CO,N[C@H]1NO[C@H](C(=O)O)[C@@H]1CN1CCCC1,[*]CO,[*]CN1CCCC1,[*:1]-[CH2]-[OH1]>>[*:1]-[CH2]-[NH0]1-[CH2]-[CH2]-[CH2]-[CH2]-1,27,-1.028799999999998,215.126991404,0.5577929340360618,4.14169310679648,0.188429740878711,-0.5483068932035202,25,73,-6.8,-6.7
N[C@H]1NO[C@H](C(=O)O)[C@@H]1CO,N[C@H]1NO[C@H](C(=O)O)[C@@H]1C(=O)N1CCOCC1,[*]CO,[*]C(=O)N1CCOCC1,[*:1]-[CH2]-[OH1]>>[*:1]-[CH0](=[OH0])-[NH0]1-[CH2]-[CH2]-[OH0]-[CH2]-[CH2]-1,26,-2.265799999999998,245.10117058,0.502460909353699,4.033748337427228,0.1330977161963482,-0.6562516625727728,25,74,-6.8,-5.2
N[C@H]1NO[C@H](C(=O)O)[C@@H]1CO,CC(C)O[C@@H]1[C@@H](N)NO[C@@H]1C(=O)O,[*]CO,[*]OC(C)C,[*:1]-[CH2]-[OH1]>>[*:1]-[OH0]-[CH1](-[CH3])-[CH3],22,-0.947199999999998,190.095356928,0.5310807810515328,4.554834579630349,0.161717587894182,-0.1351654203696517,25,75,-6.8,-7.0
N[C@H]1NO[C@H](C(=O)O)[C@@H]1CO,N[C@H]1NO[C@H](OCCO)[C@@H]1CO,[*]C(=O)O,[*]OCCO,[*:1]-[CH0](=[OH0])-[OH1]>>[*:1]-[OH0]-[CH2]-[CH2]-[OH1],17,-2.2504999999999984,178.095356928,0.3881040178025246,4.700263787162638,0.0187408246451738,0.0102637871626374,25,76,-6.8,-6.6
N[C@H]1NO[C@H](C(=O)O)[C@@H]1CO,C[C@H](O)[C@@H]1[C@@H](N)NO[C@@H]1C(=O)O,[*]CO,[*][C@H](C)O,[*:1]-[CH2]-[OH1]>>[*:1]-[C@H1](-[CH3])-[OH1],30,-1.7437999999999994,176.079706864,0.3977005168620853,4.781461319272599,0.0283373237047345,0.0914613192725983,25,77,-6.8,-6.7
N[C@H]1NO[C@H](C(=O)O)[C@@H]1CO,C[C@@H](O)[C@@H]1[C@@H](N)NO[C@@H]1C(=O)O,[*]CO,[*][C@@H](C)O,[*:1]-[CH2]-[OH1]>>[*:1]-[C@@H1](-[CH3])-[OH1],25,-1.7437999999999994,176.079706864,0.3977005168620853,4.781461319272599,0.0283373237047345,0.0914613192725983,25,78,-6.8,-6.6
N[C@H]1NO[C@H](C(=O)O)[C@@H]1CO,CC(C)(O)[C@@H]1[C@@H](N)NO[C@@H]1C(=O)O,[*]CO,[*]C(C)(C)O,[*:1]-[CH2]-[OH1]>>[*:1]-[CH0](-[CH3])(-[CH3])-[OH1],77,-1.353699999999999,190.095356928,0.4287043136455044,4.651946591148242,0.0593411204881536,-0.0380534088517583,25,79,-6.8,-6.8
N[C@H]1NO[C@H](C(=O)O)[C@@H]1CO,N[C@H]1NO[C@H](C(=O)N2CCOCC2)[C@@H]1CO,[*]C(=O)O,[*]C(=O)N1CCOCC1,[*:1]-[CH0](=[OH0])-[OH1]>>[*:1]-[CH0](=[OH0])-[NH0]1-[CH2]-[CH2]-[OH0]-[CH2]-[CH2]-1,80,-2.358099999999997,231.121906024,0.4918024650408718,4.162394617187049,0.122439271883521,-0.5276053828129514,25,80,-6.8,-5.5
N[C@H]1NO[C@H](C(=O)O)[C@@H]1CO,CC(=O)[C@@H]1[C@@H](N)NO[C@@H]1C(=O)O,[*]CO,[*]C(C)=O,[*:1]-[CH2]-[OH1]>>[*:1]-[CH0](-[CH3])=[OH0],116,-1.5355999999999987,174.0640568,0.4688432079165271,4.558184924090227,0.0994800147591763,-0.1318150759097731,25,81,-6.8,-7.1
N[C@H]1NO[C@H](C(=O)O)[C@@H]1CO,N[C@H]1NO[C@H](C(=O)O)[C@@H]1OCCO,[*]CO,[*]OCCO,[*:1]-[CH2]-[OH1]>>[*:1]-[OH0]-[CH2]-[CH2]-[OH1],42,-2.3633,192.074621484,0.3935271786646277,4.528870946792598,0.0241639855072769,-0.1611290532074027,25,82,-6.8,-7.0
N[C@H]1NO[C@H](C(=O)O)[C@@H]1CO,CC(C)NC(=O)[C@H]1ON[C@H](N)[C@H]1CO,[*]C(=O)O,[*]C(=O)NC(C)C,[*:1]-[CH0](=[OH0])-[OH1]>>[*:1]-[CH0](=[OH0])-[NH1]-[CH1](-[CH3])-[CH3],30,-1.6922999999999977,203.126991404,0.4385894000686757,4.377959908404035,0.0692262069113249,-0.3120400915959651,25,83,-6.8,-6.3
N[C@H]1NO[C@H](C(=O)O)[C@@H]1CO,N[C@H]1NO[C@H](C(=O)N2CCNCC2)[C@@H]1CO,[*]C(=O)O,[*]C(=O)N1CCNCC1,[*:1]-[CH0](=[OH0])-[OH1]>>[*:1]-[CH0](=[OH0])-[NH0]1-[CH2]-[CH2]-[NH1]-[CH2]-[CH2]-1,11,-2.785099999999997,230.137890436,0.4092319982319339,4.315071540263972,0.0398688050745831,-0.3749284597360285,25,84,-6.8,-5.9
N[C@H]1NO[C@H](C(=O)O)[C@@H]1CO,COC(=O)[C@H]1ON[C@H](N)[C@H]1CO,[*]C(=O)O,[*]C(=O)OC,[*:1]-[CH0](=[OH0])-[OH1]>>[*:1]-[CH0](=[OH0])-[OH0]-[CH3],638,-2.0438999999999985,176.079706864,0.4194344571547848,4.544434241708093,0.050071263997434,-0.145565758291907,25,85,-6.8,-6.9
N[C@H]1NO[C@H](C(=O)O)[C@@H]1CO,N[C@H]1NO[C@H](OCC(=O)O)[C@@H]1CO,[*]C(=O)O,[*]OCC(=O)O,[*:1]-[CH0](=[OH0])-[OH1]>>[*:1]-[OH0]-[CH2]-[CH0](=[OH0])-[OH1],48,-2.1581999999999986,192.074621484,0.400886548811647,4.554336001737653,0.0315233556542962,-0.1356639982623475,25,86,-6.8,-7.0
N[C@H]1NO[C@H](C(=O)O)[C@@H]1CO,CC(=O)NC[C@@H]1[C@@H](N)NO[C@@H]1C(=O)O,[*]CO,[*]CNC(C)=O,[*:1]-[CH2]-[OH1]>>[*:1]-[CH2]-[NH1]-[CH0](-[CH3])=[OH0],48,-1.9884999999999984,203.090605896,0.4220990733886416,4.34865845310258,0.0527358802312908,-0.3413415468974206,25,87,-6.8,-7.2
N[C@H]1NO[C@H](C(=O)O)[C@@H]1CO,N[C@H]1NO[C@H](CN2CCOCC2)[C@@H]1CO,[*]C(=O)O,[*]CN1CCOCC1,[*:1]-[CH0](=[OH0])-[OH1]>>[*:1]-[CH2]-[NH0]1-[CH2]-[CH2]-[OH0]-[CH2]-[CH2]-1,19,-1.8846999999999965,217.142641468,0.5130473842376205,4.202682731125639,0.1436841910802697,-0.487317268874361,25,88,-6.8,-5.6
N[C@H]1NO[C@H](C(=O)O)[C@@H]1CO,N[C@H]1NO[C@H](C(=O)O)[C@@H]1N1CCNCC1,[*]CO,[*]N1CCNCC1,[*:1]-[CH2]-[OH1]>>[*:1]-[NH0]1-[CH2]-[CH2]-[NH1]-[CH2]-[CH2]-1,11,-2.466999999999997,216.122240372,0.4057821124881477,4.402165634269008,0.0364189193307969,-0.2878343657309923,25,89,-6.8,-6.9
N[C@H]1NO[C@H](C(=O)O)[C@@H]1CO,CS(=O)(=O)N[C@H]1ON[C@H](N)[C@H]1CO,[*]C(=O)O,[*]NS(C)(=O)=O,[*:1]-[CH0](=[OH0])-[OH1]>>[*:1]-[NH1]-[SH0](-[CH3])(=[OH0])=[OH0],55,-2.710199999999998,211.062676896,0.4034491181787986,4.792153584155235,0.0340859250214478,0.1021535841552347,25,90,-6.8,-6.8
N[C@H]1NO[C@H](C(=O)O)[C@@H]1CO,CCNC[C@@H]1[C@@H](N)NO[C@@H]1C(=O)O,[*]CO,[*]CNCC,[*:1]-[CH2]-[OH1]>>[*:1]-[CH2]-[NH1]-[CH2]-[CH3],14,-1.5150999999999986,189.11134134,0.428914162265624,4.534310507232158,0.0595509691082732,-0.1556894927678422,25,91,-6.8,-6.9
N[C@H]1NO[C@H](C(=O)O)[C@@H]1CO,NC(=O)CO[C@@H]1[C@@H](N)NO[C@@H]1C(=O)O,[*]CO,[*]OCC(N)=O,[*:1]-[CH2]-[OH1]>>[*:1]-[OH0]-[CH2]-[CH0](-[NH2])=[OH0],13,-2.8702999999999985,205.069870452,0.3867571124890209,4.486880490524618,0.0173939193316701,-0.2031195094753828,25,92,-6.8,-6.9
N[C@H]1NO[C@H](C(=O)O)[C@@H]1CO,N[C@H]1NO[C@H](C(=O)O)[C@@H]1CN1CCOCC1,[*]CO,[*]CN1CCOCC1,[*:1]-[CH2]-[OH1]>>[*:1]-[CH2]-[NH0]1-[CH2]-[CH2]-[OH0]-[CH2]-[CH2]-1,66,-1.792399999999997,231.121906024,0.5273606670046989,4.147200771033203,0.157997473847348,-0.5427992289667971,25,93,-6.8,-6.6
N[C@H]1NO[C@H](C(=O)O)[C@@H]1CO,NC(=O)N[C@H]1ON[C@H](N)[C@H]1CO,[*]C(=O)O,[*]NC(N)=O,[*:1]-[CH0](=[OH0])-[OH1]>>[*:1]-[NH1]-[CH0](-[NH2])=[OH0],10,-2.591099999999998,176.090940244,0.3157348202175858,4.842637126323478,-0.0536283729397649,0.1526371263234773,25,94,-6.8,-6.8
N[C@H]1NO[C@H](C(=O)O)[C@@H]1CO,CC(C)NC(=O)[C@@H]1[C@@H](N)NO[C@@H]1C(=O)O,[*]CO,[*]C(=O)NC(C)C,[*:1]-[CH2]-[OH1]>>[*:1]-[CH0](=[OH0])-[NH1]-[CH1](-[CH3])-[CH3],16,-1.5999999999999988,217.10625596,0.4525129073479468,4.216796065376362,0.083149714190596,-0.4732039346236387,25,95,-6.8,-6.7
N[C@H]1NO[C@H](C(=O)O)[C@@H]1CO,N[C@H]1NO[C@H](C(=O)O)[C@@H]1CCC(=O)O,[*]CO,[*]CCC(=O)O,[*:1]-[CH2]-[OH1]>>[*:1]-[CH2]-[CH2]-[CH0](=[OH0])-[OH1],17,-1.2597999999999985,204.074621484,0.450461817736481,4.324940365784493,0.0810986245791302,-0.3650596342155072,25,96,-6.8,-7.1
N[C@H]1NO[C@H](C(=O)O)[C@@H]1CO,CN1CCN(C(=O)[C@H]2ON[C@H](N)[C@H]2CO)CC1,[*]C(=O)O,[*]C(=O)N1CCN(C)CC1,[*:1]-[CH0](=[OH0])-[OH1]>>[*:1]-[CH0](=[OH0])-[NH0]1-[CH2]-[CH2]-[NH0](-[CH3])-[CH2]-[CH2]-1,46,-2.442899999999996,244.1535405,0.4996764556462527,4.082427879162089,0.1303132624889019,-0.6075721208379115,25,97,-6.8,-4.2
N[C@H]1NO[C@H](C(=O)O)[C@@H]1CO,N[C@H]1NO[C@H](C(=O)O)[C@@H]1N1CCCCC1,[*]CO,[*]N1CCCCC1,[*:1]-[CH2]-[OH1]>>[*:1]-[NH0]1-[CH2]-[CH2]-[CH2]-[CH2]-[CH2]-1,11,-0.8862999999999981,215.126991404,0.5538426487306843,4.118810689214063,0.1844794555733335,-0.5711893107859378,25,98,-6.8,-5.7
N[C@H]1NO[C@H](C(=O)O)[C@@H]1CO,CCCNC(=O)[C@H]1ON[C@H](N)[C@H]1CO,[*]C(=O)O,[*]C(=O)NCCC,[*:1]-[CH0](=[OH0])-[OH1]>>[*:1]-[CH0](=[OH0])-[NH1]-[CH2]-[CH2]-[CH3],12,-1.690699999999998,203.126991404,0.4369602200743144,4.251686727530855,0.0675970269169636,-0.4383132724691458,25,99,-6.8,-6.8
NC1=NCC2=C1C[C@H](C(=O)O)NC2,CO[C@H]1CC2=C(CN=C2N)CN1,[*]C(=O)O,[*]OC,[*:1]-[CH0](=[OH0])-[OH1]>>[*:1]-[OH0]-[CH3],264,-0.3803999999999998,167.105862036,0.5593715666070348,4.7336278902457485,0.0704608202120244,0.583627890245749,26,0,-7.1,-5.9
NC1=NCC2=C1C[C@H](C(=O)O)NC2,CC(C)[C@H]1CC2=C(CN=C2N)CN1,[*]C(=O)O,[*]C(C)C,[*:1]-[CH0](=[OH0])-[OH1]>>[*:1]-[CH1](-[CH3])-[CH3],15,0.6717,179.142247544,0.6213801583521834,4.383312051697416,0.1324694119571731,0.2333120516974167,26,1,-7.1,-6.5
NC1=NCC2=C1C[C@H](C(=O)O)NC2,CC[C@H]1CC2=C(CN=C2N)CN1,[*]C(=O)O,[*]CC,[*:1]-[CH0](=[OH0])-[OH1]>>[*:1]-[CH2]-[CH3],27,0.4256999999999999,165.12659748,0.5915544906350589,4.416848252236698,0.1026437442400486,0.2668482522366986,26,2,-7.1,-6.4
NC1=NCC2=C1C[C@H](C(=O)O)NC2,NC[C@H]1CC2=C(CN=C2N)CN1,[*]C(=O)O,[*]CN,[*:1]-[CH0](=[OH0])-[OH1]>>[*:1]-[CH2]-[NH2],41,-1.025599999999999,166.121846448,0.4661664645242689,4.62393377259869,-0.0227442818707414,0.4739337725986905,26,3,-7.1,-6.1
NC1=NCC2=C1C[C@H](C(=O)O)NC2,NC1=NCC2=C1C[C@H](CO)NC2,[*]C(=O)O,[*]CO,[*:1]-[CH0](=[OH0])-[OH1]>>[*:1]-[CH2]-[OH1],242,-0.9919999999999992,167.105862036,0.4692744473329721,4.491825175313621,-0.0196362990620382,0.3418251753136214,26,4,-7.1,-6.6
NC1=NCC2=C1C[C@H](C(=O)O)NC2,NC(=O)[C@H]1CC2=C(CN=C2N)CN1,[*]C(=O)O,[*]C(N)=O,[*:1]-[CH0](=[OH0])-[OH1]>>[*:1]-[CH0](-[NH2])=[OH0],426,-1.498999999999999,180.101111004,0.4581933415716783,4.282754359389723,-0.030717404823332,0.1327543593897235,26,5,-7.1,-6.9
NC1=NCC2=C1C[C@H](C(=O)O)NC2,CN[C@H]1CC2=C(CN=C2N)CN1,[*]C(=O)O,[*]NC,[*:1]-[CH0](=[OH0])-[OH1]>>[*:1]-[NH1]-[CH3],17,-0.8073999999999988,166.121846448,0.4773331343895809,4.786719745449369,-0.0115776120054293,0.6367197454493692,26,6,-7.1,-6.5
NC1=NCC2=C1C[C@H](C(=O)O)NC2,CN(C)[C@H]1CC2=C(CN=C2N)CN1,[*]C(=O)O,[*]N(C)C,[*:1]-[CH0](=[OH0])-[OH1]>>[*:1]-[NH0](-[CH3])-[CH3],51,-0.4651999999999993,180.13749651199998,0.5736406937146249,4.673746667082031,0.0847299473196145,0.5237466670820314,26,7,-7.1,-6.4
NC1=NCC2=C1C[C@H](C(=O)O)NC2,CCO[C@H]1CC2=C(CN=C2N)CN1,[*]C(=O)O,[*]OCC,[*:1]-[CH0](=[OH0])-[OH1]>>[*:1]-[OH0]-[CH2]-[CH3],26,0.0097000000000005,181.1215121,0.6305809724356076,4.612048434233798,0.1416702260405973,0.4620484342337985,26,8,-7.1,-6.1
NC1=NCC2=C1C[C@H](C(=O)O)NC2,CNC(=O)[C@H]1CC2=C(CN=C2N)CN1,[*]C(=O)O,[*]C(=O)NC,[*:1]-[CH0](=[OH0])-[OH1]>>[*:1]-[CH0](=[OH0])-[NH1]-[CH3],187,-1.2382999999999986,194.116761068,0.4883432918811637,4.139193124067118,-0.0005674545138465,-0.0108068759328814,26,9,-7.1,-6.7
NC1=NCC2=C1C[C@H](C(=O)O)NC2,CC(C)(C)[C@H]1CC2=C(CN=C2N)CN1,[*]C(=O)O,[*]C(C)(C)C,[*:1]-[CH0](=[OH0])-[OH1]>>[*:1]-[CH0](-[CH3])(-[CH3])-[CH3],26,1.0618,193.157897608,0.604182735279847,4.379703899526477,0.1152719888848367,0.2297038995264779,26,10,-7.1,-5.0
NC1=NCC2=C1C[C@H](C(=O)O)NC2,CN(C)C(=O)[C@H]1CC2=C(CN=C2N)CN1,[*]C(=O)O,[*]C(=O)N(C)C,[*:1]-[CH0](=[OH0])-[OH1]>>[*:1]-[CH0](=[OH0])-[NH0](-[CH3])-[CH3],153,-0.8960999999999979,208.132411132,0.586667338015291,4.124436189723276,0.0977565916202807,-0.0255638102767239,26,11,-7.1,-5.1
NC1=NCC2=C1C[C@H](C(=O)O)NC2,CN(C)C[C@H]1CC2=C(CN=C2N)CN1,[*]C(=O)O,[*]CN(C)C,[*:1]-[CH0](=[OH0])-[OH1]>>[*:1]-[CH2]-[NH0](-[CH3])-[CH3],24,-0.422699999999998,194.153146576,0.6274050895432065,4.326819159570077,0.1384943431481962,0.1768191595700772,26,12,-7.1,-5.4
NC1=NCC2=C1C[C@H](C(=O)O)NC2,CC(=O)N[C@H]1CC2=C(CN=C2N)CN1,[*]C(=O)O,[*]NC(C)=O,[*:1]-[CH0](=[OH0])-[OH1]>>[*:1]-[NH1]-[CH0](-[CH3])=[OH0],88,-0.8906999999999989,194.116761068,0.5063416733825368,4.470030993889603,0.0174309269875264,0.3200309938896035,26,13,-7.1,-7.1
NC1=NCC2=C1C[C@H](C(=O)O)NC2,CN1CCN([C@H]2CC3=C(CN=C3N)CN2)CC1,[*]C(=O)O,[*]N1CCN(C)CC1,[*:1]-[CH0](=[OH0])-[OH1]>>[*:1]-[NH0]1-[CH2]-[CH2]-[NH0](-[CH3])-[CH2]-[CH2]-1,14,-0.7793999999999974,235.179695672,0.6259447219687632,4.1250958694004165,0.1370339755737528,-0.0249041305995829,26,14,-7.1,-5.4
NC1=NCC2=C1C[C@H](C(=O)O)NC2,NC1=NCC2=C1C[C@H](CCO)NC2,[*]C(=O)O,[*]CCO,[*:1]-[CH0](=[OH0])-[OH1]>>[*:1]-[CH2]-[CH2]-[OH1],26,-0.6018999999999994,181.1215121,0.5323976865741181,4.387411427996792,0.0434869401791078,0.2374114279967925,26,15,-7.1,-6.8
NC1=NCC2=C1C[C@H](C(=O)O)NC2,COC[C@H]1CC2=C(CN=C2N)CN1,[*]C(=O)O,[*]COC,[*:1]-[CH0](=[OH0])-[OH1]>>[*:1]-[CH2]-[OH0]-[CH3],25,-0.3378999999999996,181.1215121,0.6125535782994848,4.387433881219244,0.1236428319044744,0.2374338812192444,26,16,-7.1,-5.9
NC1=NCC2=C1C[C@H](C(=O)O)NC2,NC1=NCC2=C1C[C@H](N1CCOCC1)NC2,[*]C(=O)O,[*]N1CCOCC1,[*:1]-[CH0](=[OH0])-[OH1]>>[*:1]-[NH0]1-[CH2]-[CH2]-[OH0]-[CH2]-[CH2]-1,37,-0.6945999999999981,222.148061196,0.6159906789476957,4.228018158378983,0.1270799325526853,0.0780181583789838,26,17,-7.1,-6.1
NC1=NCC2=C1C[C@H](C(=O)O)NC2,NC1=NCC2=C1C[C@H](C(F)(F)F)NC2,[*]C(=O)O,[*]C(F)(F)F,[*:1]-[CH0](=[OH0])-[OH1]>>[*:1]-[CH0](-[FH0])(-[FH0])-[FH0],118,0.5780000000000003,205.08268198,0.6073366854815175,4.458787300336192,0.1184259390865072,0.3087873003361929,26,18,-7.1,-7.4
NC1=NCC2=C1C[C@H](C(=O)O)NC2,NC(=O)C[C@H]1CC2=C(CN=C2N)CN1,[*]C(=O)O,[*]CC(N)=O,[*:1]-[CH0](=[OH0])-[OH1]>>[*:1]-[CH2]-[CH0](-[NH2])=[OH0],13,-1.108899999999999,194.116761068,0.5200852412201001,4.373377739451733,0.0311744948250898,0.2233777394517337,26,19,-7.1,-6.4
NC1=NCC2=C1C[C@H](C(=O)O)NC2,CC(C)O[C@H]1CC2=C(CN=C2N)CN1,[*]C(=O)O,[*]OC(C)C,[*:1]-[CH0](=[OH0])-[OH1]>>[*:1]-[OH0]-[CH1](-[CH3])-[CH3],12,0.3982,195.137162164,0.6701524552494557,4.609060579688419,0.1812417088544453,0.4590605796884199,26,20,-7.1,-5.7
NC1=NCC2=C1C[C@H](C(=O)O)NC2,NC1=NCC2=C1C[C@H](OC(F)(F)F)NC2,[*]C(=O)O,[*]OC(F)(F)F,[*:1]-[CH0](=[OH0])-[OH1]>>[*:1]-[OH0]-[CH0](-[FH0])(-[FH0])-[FH0],36,0.5096000000000003,221.0775966,0.6778334514445487,4.681325120304889,0.1889227050495383,0.5313251203048894,26,21,-7.1,-7.1
NC1=NCC2=C1C[C@H](C(=O)O)NC2,NC1=NCC2=C1C[C@H](C(=O)N1CCC1)NC2,[*]C(=O)O,[*]C(=O)N1CCC1,[*:1]-[CH0](=[OH0])-[OH1]>>[*:1]-[CH0](=[OH0])-[NH0]1-[CH2]-[CH2]-[CH2]-1,12,-0.7519999999999982,220.132411132,0.6104718276998194,3.854223853959998,0.1215610813048091,-0.2957761460400014,26,22,-7.1,-4.4
NC1=NCC2=C1C[C@H](C(=O)O)NC2,NC1=NCC2=C1C[C@H](CC(=O)O)NC2,[*]C(=O)O,[*]CC(=O)O,[*:1]-[CH0](=[OH0])-[OH1]>>[*:1]-[CH2]-[CH0](=[OH0])-[OH1],212,-0.5095999999999994,195.100776656,0.5534825410680253,4.294152887380728,0.0645717946730149,0.144152887380728,26,23,-7.1,-6.8
NC1=NCC2=C1C[C@H](C(=O)O)NC2,CCNC(=O)[C@H]1CC2=C(CN=C2N)CN1,[*]C(=O)O,[*]C(=O)NCC,[*:1]-[CH0](=[OH0])-[OH1]>>[*:1]-[CH0](=[OH0])-[NH1]-[CH2]-[CH3],40,-0.8481999999999987,208.132411132,0.5528937075127027,3.9650933325804183,0.0639829611176924,-0.1849066674195807,26,24,-7.1,-6.2
NC1=NCC2=C1C[C@H](C(=O)O)NC2,NC1=NCC2=C1C[C@H](C(=O)N1CCCCC1)NC2,[*]C(=O)O,[*]C(=O)N1CCCCC1,[*:1]-[CH0](=[OH0])-[OH1]>>[*:1]-[CH0](=[OH0])-[NH0]1-[CH2]-[CH2]-[CH2]-[CH2]-[CH2]-1,29,0.028200000000001,248.16371126,0.6874588803379219,3.651314059041452,0.1985481339429116,-0.4986859409585475,26,25,-7.1,-4.8
NC1=NCC2=C1C[C@H](C(=O)O)NC2,NC1=NCC2=C1C[C@H](C(=O)N1CCCC1)NC2,[*]C(=O)O,[*]C(=O)N1CCCC1,[*:1]-[CH0](=[OH0])-[OH1]>>[*:1]-[CH0](=[OH0])-[NH0]1-[CH2]-[CH2]-[CH2]-[CH2]-1,20,-0.3618999999999978,234.148061196,0.650556624429749,3.7264198882387216,0.1616458780347387,-0.4235801117612778,26,26,-7.1,-4.8
NC1=NCC2=C1C[C@H](C(=O)O)NC2,NC1=NCC2=C1C[C@H](N1CCCCC1)NC2,[*]C(=O)O,[*]N1CCCCC1,[*:1]-[CH0](=[OH0])-[OH1]>>[*:1]-[NH0]1-[CH2]-[CH2]-[CH2]-[CH2]-[CH2]-1,10,0.4591000000000007,220.16879664,0.6747707208781822,4.097749418608116,0.1858599744831719,-0.0522505813918838,26,27,-7.1,-5.7
NC1=NCC2=C1C[C@H](C(=O)O)NC2,NC1=NCC2=C1C[C@H](C(=O)NC1CC1)NC2,[*]C(=O)O,[*]C(=O)NC1CC1,[*:1]-[CH0](=[OH0])-[OH1]>>[*:1]-[CH0](=[OH0])-[NH1]-[CH1]1-[CH2]-[CH2]-1,32,-0.7056999999999989,220.132411132,0.5751660843226125,3.8693930847292286,0.0862553379276022,-0.2806069152707708,26,28,-7.1,-6.0
NC1=NCC2=C1C[C@H](C(=O)O)NC2,CC(=O)NC[C@H]1CC2=C(CN=C2N)CN1,[*]C(=O)O,[*]CNC(C)=O,[*:1]-[CH0](=[OH0])-[OH1]>>[*:1]-[CH2]-[NH1]-[CH0](-[CH3])=[OH0],13,-0.8481999999999987,208.132411132,0.5528937075127027,4.138249376536463,0.0639829611176924,-0.0117506234635369,26,29,-7.1,-5.7
NC1=NCC2=C1C[C@H](C(=O)O)NC2,CC(C)(O)[C@H]1CC2=C(CN=C2N)CN1,[*]C(=O)O,[*]C(C)(C)O,[*:1]-[CH0](=[OH0])-[OH1]>>[*:1]-[CH0](-[CH3])(-[CH3])-[OH1],20,-0.2133999999999994,195.137162164,0.5418011860938745,4.549151672805828,0.0528904396988642,0.3991516728058286,26,30,-7.1,-6.1
NC1=NCC2=C1C[C@H](C(=O)O)NC2,CC(=O)[C@H]1CC2=C(CN=C2N)CN1,[*]C(=O)O,[*]C(C)=O,[*:1]-[CH0](=[OH0])-[OH1]>>[*:1]-[CH0](-[CH3])=[OH0],68,-0.3952999999999997,179.105862036,0.5754915676665501,4.332269744005108,0.0865808212715397,0.1822697440051088,26,31,-7.1,-6.6
NC1=NCC2=C1C[C@H](C(=O)O)NC2,NC1=NCC2=C1C[C@H](OCCO)NC2,[*]C(=O)O,[*]OCCO,[*:1]-[CH0](=[OH0])-[OH1]>>[*:1]-[OH0]-[CH2]-[CH2]-[OH1],17,-1.0178999999999991,197.11642672,0.5409141476406564,4.575659041226881,0.052003401245646,0.4256590412268819,26,32,-7.1,-6.2
NC1=NCC2=C1C[C@H](C(=O)O)NC2,NC1=NCC2=C1C[C@H](C(=O)N1CCOCC1)NC2,[*]C(=O)O,[*]C(=O)N1CCOCC1,[*:1]-[CH0](=[OH0])-[OH1]>>[*:1]-[CH0](=[OH0])-[NH0]1-[CH2]-[CH2]-[OH0]-[CH2]-[CH2]-1,80,-1.125499999999998,250.142975816,0.6172490773924721,3.753139206970445,0.1283383309974618,-0.3968607930295542,26,33,-7.1,-4.9
NC1=NCC2=C1C[C@H](C(=O)O)NC2,CC(C)NC(=O)[C@H]1CC2=C(CN=C2N)CN1,[*]C(=O)O,[*]C(=O)NC(C)C,[*:1]-[CH0](=[OH0])-[OH1]>>[*:1]-[CH0](=[OH0])-[NH1]-[CH1](-[CH3])-[CH3],30,-0.4596999999999988,222.148061196,0.5912857226078941,3.893643853959999,0.1023749762128838,-0.2563561460400008,26,34,-7.1,-6.4
NC1=NCC2=C1C[C@H](C(=O)O)NC2,NC1=NCC2=C1C[C@H](C(=O)N1CCNCC1)NC2,[*]C(=O)O,[*]C(=O)N1CCNCC1,[*:1]-[CH0](=[OH0])-[OH1]>>[*:1]-[CH0](=[OH0])-[NH0]1-[CH2]-[CH2]-[NH1]-[CH2]-[CH2]-1,11,-1.5524999999999969,249.158960228,0.5251539745799608,3.8852634673254745,0.0362432281849505,-0.264736532674525,26,35,-7.1,-6.3
NC1=NCC2=C1C[C@H](C(=O)O)NC2,COC(=O)[C@H]1CC2=C(CN=C2N)CN1,[*]C(=O)O,[*]C(=O)OC,[*:1]-[CH0](=[OH0])-[OH1]>>[*:1]-[CH0](=[OH0])-[OH0]-[CH3],638,-0.8112999999999986,195.100776656,0.5363424693949003,4.0939019998067625,0.0474317229998899,-0.0560980001932369,26,36,-7.1,-6.2
NC1=NCC2=C1C[C@H](C(=O)O)NC2,NC1=NCC2=C1C[C@H](OCC(=O)O)NC2,[*]C(=O)O,[*]OCC(=O)O,[*:1]-[CH0](=[OH0])-[OH1]>>[*:1]-[OH0]-[CH2]-[CH0](=[OH0])-[OH1],48,-0.9255999999999984,211.095691276,0.5603183754527709,4.454103222690308,0.0714076290577605,0.3041032226903084,26,37,-7.1,-6.6
NC1=NCC2=C1C[C@H](C(=O)O)NC2,NC1=NCC2=C1C[C@H](CN1CCOCC1)NC2,[*]C(=O)O,[*]CN1CCOCC1,[*:1]-[CH0](=[OH0])-[OH1]>>[*:1]-[CH2]-[NH0]1-[CH2]-[CH2]-[OH0]-[CH2]-[CH2]-1,19,-0.6520999999999977,236.16371126,0.6685071438298906,3.923636421990684,0.1795963974348803,-0.2263635780093151,26,38,-7.1,-3.5
NC1=NCC2=C1C[C@H](C(=O)O)NC2,CS(=O)(=O)N[C@H]1CC2=C(CN=C2N)CN1,[*]C(=O)O,[*]NS(C)(=O)=O,[*:1]-[CH0](=[OH0])-[OH1]>>[*:1]-[NH1]-[SH0](-[CH3])(=[OH0])=[OH0],55,-1.4775999999999982,230.083746688,0.5389037906236701,4.51019679009851,0.0499930442286598,0.3601967900985103,26,39,-7.1,-6.4
NC1=NCC2=C1C[C@H](C(=O)O)NC2,NC(=O)N[C@H]1CC2=C(CN=C2N)CN1,[*]C(=O)O,[*]NC(N)=O,[*:1]-[CH0](=[OH0])-[OH1]>>[*:1]-[NH1]-[CH0](-[NH2])=[OH0],10,-1.358499999999999,195.112010036,0.415002083097619,4.550466496848183,-0.0739086632973913,0.4004664968481837,26,40,-7.1,-6.2
NC1=NCC2=C1C[C@H](C(=O)O)NC2,CN1CCN(C(=O)[C@H]2CC3=C(CN=C3N)CN2)CC1,[*]C(=O)O,[*]C(=O)N1CCN(C)CC1,[*:1]-[CH0](=[OH0])-[OH1]>>[*:1]-[CH0](=[OH0])-[NH0]1-[CH2]-[CH2]-[NH0](-[CH3])-[CH2]-[CH2]-1,46,-1.2102999999999964,263.174610292,0.6224283980071948,3.689493040084901,0.1335176516121845,-0.4605069599150981,26,41,-7.1,-3.6
NC1=NCC2=C1C[C@H](C(=O)O)NC2,CCCNC(=O)[C@H]1CC2=C(CN=C2N)CN1,[*]C(=O)O,[*]C(=O)NCCC,[*:1]-[CH0](=[OH0])-[OH1]>>[*:1]-[CH0](=[OH0])-[NH1]-[CH2]-[CH2]-[CH3],12,-0.458099999999999,222.148061196,0.6044083617041437,3.8133192385753834,0.1154976153091333,-0.336680761424617,26,42,-7.1,-4.8
NC1=NCC2=C1C[C@H](C(=O)O)NC2,NC1=NCC2=C1C[C@H](CCC(=O)O)NC2,[*]C(=O)O,[*]CCC(=O)O,[*:1]-[CH0](=[OH0])-[OH1]>>[*:1]-[CH2]-[CH2]-[CH0](=[OH0])-[OH1],69,-0.1194999999999993,209.11642672,0.6044012073828466,4.086590035877123,0.1154904609878363,-0.0634099641228767,26,43,-7.1,-6.8
NC1=NCC2=C1C[C@H](C(=O)O)NC2,CC(O)[C@H]1CC2=C(CN=C2N)CN1,[*]C(=O)O,[*]C(C)O,[*:1]-[CH0](=[OH0])-[OH1]>>[*:1]-[CH1](-[CH3])-[OH1],18,-0.6034999999999993,181.1215121,0.5054748204174319,4.790707641159129,0.0165640740224215,0.6407076411591293,26,44,-7.1,-6.7
NC1=NCC2=C1C[C@H](C(=O)O)NC2,NC1=NCC2=C1C[C@H](C(=O)NC1CCCCC1)NC2,[*]C(=O)O,[*]C(=O)NC1CCCCC1,[*:1]-[CH0](=[OH0])-[OH1]>>[*:1]-[CH0](=[OH0])-[NH1]-[CH1]1-[CH2]-[CH2]-[CH2]-[CH2]-[CH2]-1,10,0.4646000000000003,262.179361324,0.6763615064021091,3.619220825632686,0.1874507600070988,-0.5307791743673134,26,45,-7.1,-6.6
NC1=NCC2=C1C[C@H](C(=O)O)NC2,CCOC(=O)[C@H]1CC2=C(CN=C2N)CN1,[*]C(=O)O,[*]C(=O)OCC,[*:1]-[CH0](=[OH0])-[OH1]>>[*:1]-[CH0](=[OH0])-[OH0]-[CH2]-[CH3],288,-0.4211999999999988,209.11642672,0.6054505819651372,3.96197135455844,0.1165398355701269,-0.1880286454415598,26,46,-7.1,-5.6
NC1=NCC2=C1C[C@H](C(=O)O)NC2,CS(=O)(=O)NC(=O)[C@H]1CC2=C(CN=C2N)CN1,[*]C(=O)O,[*]C(=O)NS(C)(=O)=O,[*:1]-[CH0](=[OH0])-[OH1]>>[*:1]-[CH0](=[OH0])-[NH1]-[SH0](-[CH3])(=[OH0])=[OH0],60,-1.9084999999999983,258.078661308,0.5346810584274095,4.064581358445534,0.0457703120323992,-0.0854186415544653,26,47,-7.1,-5.2
NC1=NCC2=C1C[C@H](C(=O)O)NC2,NC1=NCC2=C1C[C@H](c1ccccc1)NC2,[*]C(=O)O,[*]c1ccccc1,[*:1]-[CH0](=[OH0])-[OH1]>>[*:1]-[cH0]1:[cH1]:[cH1]:[cH1]:[cH1]:[cH1]:1,60,1.3884,213.12659748,0.7403079723288183,3.628417831046741,0.251397225933808,-0.5215821689532589,26,48,-7.1,-6.1
NC1=NCC2=C1C[C@H](C(=O)O)NC2,CC(C)(C)OC(=O)N[C@H]1CC2=C(CN=C2N)CN1,[*]C(=O)O,[*]NC(=O)OC(C)(C)C,[*:1]-[CH0](=[OH0])-[OH1]>>[*:1]-[NH1]-[CH0](=[OH0])-[OH0]-[CH0](-[CH3])(-[CH3])-[CH3],15,0.4978999999999999,252.15862588,0.6336901247622777,4.096227445105935,0.1447793783672674,-0.0537725548940644,26,49,-7.1,-5.8
NC1=NCC2=C1C[C@H](C(=O)O)NC2,COc1ccc([C@H]2CC3=C(CN=C3N)CN2)cc1,[*]C(=O)O,[*]c1ccc(OC)cc1,[*:1]-[CH0](=[OH0])-[OH1]>>[*:1]-[cH0]1:[cH1]:[cH1]:[cH0](-[OH0]-[CH3]):[cH1]:[cH1]:1,11,1.397,243.137162164,0.8250499248275087,3.540957550165711,0.3361391784324984,-0.6090424498342886,26,50,-7.1,-6.5
NC1=NCC2=C1C[C@H](C(=O)O)NC2,NCCNC(=O)[C@H]1CC2=C(CN=C2N)CN1,[*]C(=O)O,[*]C(=O)NCCN,[*:1]-[CH0](=[OH0])-[OH1]>>[*:1]-[CH0](=[OH0])-[NH1]-[CH2]-[CH2]-[NH2],13,-1.909399999999998,223.143310164,0.4477931816684026,3.968965392421537,-0.0411175647266076,-0.1810346075784625,26,51,-7.1,-6.4
NC1=NCC2=C1C[C@H](C(=O)O)NC2,CN(C)CCO[C@H]1CC2=C(CN=C2N)CN1,[*]C(=O)O,[*]OCCN(C)C,[*:1]-[CH0](=[OH0])-[OH1]>>[*:1]-[OH0]-[CH2]-[CH2]-[NH0](-[CH3])-[CH3],14,-0.448599999999998,224.16371126,0.6788433324568364,4.368897700113844,0.189932586061826,0.2188977001138443,26,52,-7.1,-6.1
NC1=NCC2=C1C[C@H](C(=O)O)NC2,CC(C)(C(=O)O)[C@H]1CC2=C(CN=C2N)CN1,[*]C(=O)O,[*]C(C)(C)C(=O)O,[*:1]-[CH0](=[OH0])-[OH1]>>[*:1]-[CH0](-[CH3])(-[CH3])-[CH0](=[OH0])-[OH1],12,0.1265000000000006,223.132076784,0.6204703963495548,4.430045463977889,0.1315596499545445,0.2800454639778893,26,53,-7.1,-6.3
NC1=NCC2=C1C[C@H](C(=O)O)NC2,CS[C@H]1CC2=C(CN=C2N)CN1,[*]C(=O)O,[*]SC,[*:1]-[CH0](=[OH0])-[OH1]>>[*:1]-[SH0]-[CH3],25,0.3362000000000001,183.083018416,0.6159683290440855,4.968413863096427,0.1270575826490751,0.8184138630964277,26,54,-7.1,-5.7
NC1=NCC2=C1C[C@H](C(=O)O)NC2,COC(=O)C[C@H]1CC2=C(CN=C2N)CN1,[*]C(=O)O,[*]CC(=O)OC,[*:1]-[CH0](=[OH0])-[OH1]>>[*:1]-[CH2]-[CH0](=[OH0])-[OH0]-[CH3],18,-0.4211999999999988,209.11642672,0.6054505819651372,4.181864761151848,0.1165398355701269,0.0318647611518487,26,55,-7.1,-6.3
NC1=NCC2=C1C[C@H](C(=O)O)NC2,CONC(=O)[C@H]1CC2=C(CN=C2N)CN1,[*]C(=O)O,[*]C(=O)NOC,[*:1]-[CH0](=[OH0])-[OH1]>>[*:1]-[CH0](=[OH0])-[NH1]-[OH0]-[CH3],13,-1.306699999999999,210.111675688,0.4938350680977494,4.253004321591408,0.004924321702739,0.103004321591408,26,56,-7.1,-6.3
NC1=NCC2=C1C[C@H](C(=O)O)NC2,NC1=NCC2=C1C[C@H](c1n[nH]c(=O)o1)NC2,[*]C(=O)O,[*]c1n[nH]c(=O)o1,[*:1]-[CH0](=[OH0])-[OH1]>>[*:1]-[cH0]1:[nH0]:[nH1]:[cH0](=[OH0]):[oH0]:1,13,-0.9352999999999998,221.091274592,0.5669412137639809,4.55725689743826,0.0780304673689705,0.40725689743826,26,57,-7.1,-7.3
NC1=NCC2=C1C[C@H](C(=O)O)NC2,CCN(CC)C(=O)[C@H]1CC2=C(CN=C2N)CN1,[*]C(=O)O,[*]C(=O)N(CC)CC,[*:1]-[CH0](=[OH0])-[OH1]>>[*:1]-[CH0](=[OH0])-[NH0](-[CH2]-[CH3])-[CH2]-[CH3],26,-0.1158999999999986,236.16371126,0.7176845500734625,3.933584382710815,0.2287738036784522,-0.2164156172891846,26,58,-7.1,-4.3
NC1=NCC2=C1C[C@H](C(=O)O)NC2,NC1=NCC2=C1C[C@H](C(=O)NCC(=O)O)NC2,[*]C(=O)O,[*]C(=O)NCC(=O)O,[*:1]-[CH0](=[OH0])-[OH1]>>[*:1]-[CH0](=[OH0])-[NH1]-[CH2]-[CH0](=[OH0])-[OH1],23,-1.7834999999999983,238.106590308,0.4633688436036703,3.831921207588065,-0.02554190279134,-0.3180787924119341,26,59,-7.1,-5.4
NC1=NCC2=C1C[C@H](C(=O)O)NC2,NC1=NCC2=C1C[C@H](c1ccccn1)NC2,[*]C(=O)O,[*]c1ccccn1,[*:1]-[CH0](=[OH0])-[OH1]>>[*:1]-[cH0]1:[cH1]:[cH1]:[cH1]:[cH1]:[nH0]:1,12,0.7834000000000001,214.121846448,0.7259321446761121,3.9723209407030415,0.2370213982811018,-0.177679059296957,26,60,-7.1,-6.6
NC1=NCC2=C1C[C@H](C(=O)O)NC2,CN(C)CCNC(=O)[C@H]1CC2=C(CN=C2N)CN1,[*]C(=O)O,[*]C(=O)NCCN(C)C,[*:1]-[CH0](=[OH0])-[OH1]>>[*:1]-[CH0](=[OH0])-[NH1]-[CH2]-[CH2]-[NH0](-[CH3])-[CH3],35,-1.3064999999999969,251.174610292,0.5794373495221591,3.80021634306512,0.0905266031271487,-0.3497836569348793,26,61,-7.1,-6.1
NC1=NCC2=C1C[C@H](C(=O)O)NC2,NC1=NCC2=C1C[C@H](C(=O)NS(=O)(=O)C1CC1)NC2,[*]C(=O)O,[*]C(=O)NS(=O)(=O)C1CC1,[*:1]-[CH0](=[OH0])-[OH1]>>[*:1]-[CH0](=[OH0])-[NH1]-[SH0](=[OH0])(=[OH0])-[CH1]1-[CH2]-[CH2]-1,14,-1.3758999999999983,284.094311372,0.5911206564164654,4.019509115035592,0.102209910021455,-0.1304908849644075,26,62,-7.1,-6.0
NC1=NCC2=C1C[C@H](C(=O)O)NC2,CC(C)OC(=O)[C@H]1CC2=C(CN=C2N)CN1,[*]C(=O)O,[*]C(=O)OC(C)C,[*:1]-[CH0](=[OH0])-[OH1]>>[*:1]-[CH0](=[OH0])-[OH0]-[CH1](-[CH3])-[CH3],20,-0.0326999999999989,223.132076784,0.6443294856339713,4.04612147633762,0.155418739238961,-0.1038785236623791,26,63,-7.1,-6.2
NC1=NCC2=C1C[C@H](C(=O)O)NC2,NC1=NCC2=C1C[C@H](c1nn[nH]n1)NC2,[*]C(=O)O,[*]c1nn[nH]n1,[*:1]-[CH0](=[OH0])-[OH1]>>[*:1]-[cH0]1:[nH0]:[nH0]:[nH1]:[nH0]:1,115,-1.0984999999999996,205.107593352,0.5395212280716587,4.588593882030968,0.0506104816766483,0.4385938820309683,26,64,-7.1,-6.9
NC1=NCC2=C1C[C@H](C(=O)O)NC2,NC1=NCC2=C1C[C@H](C(=O)OCCO)NC2,[*]C(=O)O,[*]C(=O)OCCO,[*:1]-[CH0](=[OH0])-[OH1]>>[*:1]-[CH0](=[OH0])-[OH0]-[CH2]-[CH2]-[OH1],10,-1.4487999999999988,225.11134134,0.5105868891566812,4.049633084729228,0.0216761427616708,-0.1003669152707713,26,65,-7.1,-6.0
NC1=NCC2=C1C[C@H](C(=O)O)NC2,COC(=O)CNC(=O)[C@H]1CC2=C(CN=C2N)CN1,[*]C(=O)O,[*]C(=O)NCC(=O)OC,[*:1]-[CH0](=[OH0])-[OH1]>>[*:1]-[CH0](=[OH0])-[NH1]-[CH2]-[CH0](=[OH0])-[OH0]-[CH3],13,-1.6950999999999974,252.122240372,0.5193872046640371,3.7674535738343495,0.0304764582690267,-0.3825464261656499,26,66,-7.1,-6.9
NC1=NCC2=C1C[C@H](C(=O)O)NC2,NC1=NCC2=C1C[C@H](Oc1ccccc1)NC2,[*]C(=O)O,[*]Oc1ccccc1,[*:1]-[CH0](=[OH0])-[OH1]>>[*:1]-[OH0]-[cH0]1:[cH1]:[cH1]:[cH1]:[cH1]:[cH1]:1,20,1.0521999999999998,229.1215121,0.7966335558393395,3.857421345067607,0.3077228094443291,-0.2925786549323925,26,67,-7.1,-6.7
NC1=NCC2=C1C[C@H](C(=O)O)NC2,NC1=NCC2=C1C[C@H](CCCC(=O)O)NC2,[*]C(=O)O,[*]CCCC(=O)O,[*:1]-[CH0](=[OH0])-[OH1]>>[*:1]-[CH2]-[CH2]-[CH2]-[CH0](=[OH0])-[OH1],15,0.2706000000000003,223.132076784,0.6380826073604507,4.000319238575383,0.1491718609654404,-0.1496807614246167,26,68,-7.1,-6.7
NC1=NCC2=C1C[C@H](C(=O)O)NC2,CC(C)(C)OC(=O)[C@H]1CC2=C(CN=C2N)CN1,[*]C(=O)O,[*]C(=O)OC(C)(C)C,[*:1]-[CH0](=[OH0])-[OH1]>>[*:1]-[CH0](=[OH0])-[OH0]-[CH0](-[CH3])(-[CH3])-[CH3],25,0.3574000000000007,237.147726848,0.6454389867499076,3.956819151087673,0.1565282403548973,-0.1931808489123261,26,69,-7.1,-4.3
NC1=NCC2=C1C[C@H](C(=O)O)NC2,CC(C(=O)O)[C@H]1CC2=C(CN=C2N)CN1,[*]C(=O)O,[*]C(C)C(=O)O,[*:1]-[CH0](=[OH0])-[OH1]>>[*:1]-[CH1](-[CH3])-[CH0](=[OH0])-[OH1],12,-0.263599999999999,209.11642672,0.5842118612173808,4.621798195695306,0.0953011148223704,0.4717981956953068,26,70,-7.1,-6.5
NC1=NCC2=C1C[C@H](C(=O)O)NC2,NC1=NCC2=C1C[C@H](c1cccs1)NC2,[*]C(=O)O,[*]c1cccs1,[*:1]-[CH0](=[OH0])-[OH1]>>[*:1]-[cH0]1:[cH1]:[cH1]:[cH1]:[sH0]:1,10,1.4498999999999995,219.083018416,0.7508093009382033,4.1471061197932055,0.261898554543193,-0.0028938802067939,26,71,-7.1,-5.7
NC1=NCC2=C1C[C@H](C(=O)O)NC2,NC1=NCC2=C1C[C@H](C(=O)NCCO)NC2,[*]C(=O)O,[*]C(=O)NCCO,[*:1]-[CH0](=[OH0])-[OH1]>>[*:1]-[CH0](=[OH0])-[NH1]-[CH2]-[CH2]-[OH1],48,-1.875799999999998,224.127325752,0.4507845299910112,3.9186023154984593,-0.0381262164039991,-0.2313976845015402,26,72,-7.1,-6.4
NC1=NCC2=C1C[C@H](C(=O)O)NC2,COCCNC(=O)[C@H]1CC2=C(CN=C2N)CN1,[*]C(=O)O,[*]C(=O)NCCOC,[*:1]-[CH0](=[OH0])-[OH1]>>[*:1]-[CH0](=[OH0])-[NH1]-[CH2]-[CH2]-[OH0]-[CH3],26,-1.2216999999999982,238.142975816,0.5355221945808517,3.783093691221453,0.0466114481858414,-0.366906308778546,26,73,-7.1,-4.9
NC1=NCC2=C1C[C@H](C(=O)O)NC2,NC1=NCC2=C1C[C@H](C(=O)OCc1ccccc1)NC2,[*]C(=O)O,[*]C(=O)OCc1ccccc1,[*:1]-[CH0](=[OH0])-[OH1]>>[*:1]-[CH0](=[OH0])-[OH0]-[CH2]-[cH0]1:[cH1]:[cH1]:[cH1]:[cH1]:[cH1]:1,26,0.7591000000000001,271.132076784,0.7957125829834287,3.416859449865173,0.3068018365884184,-0.7331405501348263,26,74,-7.1,-7.3
NC1=NCC2=C1C[C@H](C(=O)O)NC2,NC1=NCC2=C1C[C@H](c1nnn[nH]1)NC2,[*]C(=O)O,[*]c1nnn[nH]1,[*:1]-[CH0](=[OH0])-[OH1]>>[*:1]-[cH0]1:[nH0]:[nH0]:[nH0]:[nH1]:1,179,-1.0984999999999996,205.107593352,0.5395212280716587,4.772706819093905,0.0506104816766483,0.6227068190939056,26,75,-7.1,-7.6
NC1=NCC2=C1C[C@H](C(=O)O)NC2,NC1=NCC2=C1C[C@H](C(=O)NCCN1CCOCC1)NC2,[*]C(=O)O,[*]C(=O)NCCN1CCOCC1,[*:1]-[CH0](=[OH0])-[OH1]>>[*:1]-[CH0](=[OH0])-[NH1]-[CH2]-[CH2]-[NH0]1-[CH2]-[CH2]-[OH0]-[CH2]-[CH2]-1,24,-1.5358999999999965,293.18517497600004,0.5844332685514142,3.606722983911427,0.0955225221564038,-0.543277016088572,26,76,-7.1,-7.0
NC1=NCC2=C1C[C@H](C(=O)O)NC2,COCCO[C@H]1CC2=C(CN=C2N)CN1,[*]C(=O)O,[*]OCCOC,[*:1]-[CH0](=[OH0])-[OH1]>>[*:1]-[OH0]-[CH2]-[CH2]-[OH0]-[CH3],12,-0.3637999999999987,211.132076784,0.6228515930177799,4.371944239812722,0.1339408466227696,0.2219442398127222,26,77,-7.1,-5.9
NC1=NCC2=C1C[C@H](C(=O)O)NC2,NC1=NCC2=C1C[C@H](c1cccnc1)NC2,[*]C(=O)O,[*]c1cccnc1,[*:1]-[CH0](=[OH0])-[OH1]>>[*:1]-[cH0]1:[cH1]:[cH1]:[cH1]:[nH0]:[cH1]:1,15,0.7834000000000001,214.121846448,0.7259321446761121,3.91989409945918,0.2370213982811018,-0.2301059005408197,26,78,-7.1,-5.3
NC1=NCC2=C1C[C@H](C(=O)O)NC2,NC1=NCC2=C1C[C@H](C(=O)Nc1ccccc1)NC2,[*]C(=O)O,[*]C(=O)Nc1ccccc1,[*:1]-[CH0](=[OH0])-[OH1]>>[*:1]-[CH0](=[OH0])-[NH1]-[cH0]1:[cH1]:[cH1]:[cH1]:[cH1]:[cH1]:1,24,0.6543999999999999,256.132411132,0.7267480481041032,3.3442865598984213,0.2378373017090929,-0.8057134401015782,26,79,-7.1,-7.0
NC1=NCC2=C1C[C@H](C(=O)O)NC2,NC1=NCC2=C1C[C@H](c1ccncc1)NC2,[*]C(=O)O,[*]c1ccncc1,[*:1]-[CH0](=[OH0])-[OH1]>>[*:1]-[cH0]1:[cH1]:[cH1]:[nH0]:[cH1]:[cH1]:1,13,0.7834000000000001,214.121846448,0.7259321446761121,3.935469549541013,0.2370213982811018,-0.2145304504589864,26,80,-7.1,-5.1
NC1=NCC2=C1C[C@H](C(=O)O)NC2,NC1=NCC2=C1C[C@H](NC(=O)c1ccccc1)NC2,[*]C(=O)O,[*]NC(=O)c1ccccc1,[*:1]-[CH0](=[OH0])-[OH1]>>[*:1]-[NH1]-[CH0](=[OH0])-[cH0]1:[cH1]:[cH1]:[cH1]:[cH1]:[cH1]:1,11,0.4031999999999999,256.132411132,0.7164584323439288,3.624205441017303,0.2275476859489185,-0.5257945589826969,26,81,-7.1,-7.2
NC1=NCC2=C1C[C@H](C(=O)O)NC2,NC1=NCC2=C1C[C@H](NS(=O)(=O)C(F)(F)F)NC2,[*]C(=O)O,[*]NS(=O)(=O)C(F)(F)F,[*:1]-[CH0](=[OH0])-[OH1]>>[*:1]-[NH1]-[SH0](=[OH0])(=[OH0])-[CH0](-[FH0])(-[FH0])-[FH0],13,-0.5875999999999997,284.05548125200005,0.6313553101234917,4.474942535372811,0.1424445637284813,0.3249425353728119,26,82,-7.1,-6.3
NC1=NCC2=C1C[C@H](C(=O)O)NC2,NC1=NCC2=C1C[C@H](c1noc(=O)[nH]1)NC2,[*]C(=O)O,[*]c1noc(=O)[nH]1,[*:1]-[CH0](=[OH0])-[OH1]>>[*:1]-[cH0]1:[nH0]:[oH0]:[cH0](=[OH0]):[nH1]:1,30,-0.9352999999999998,221.091274592,0.5669412137639809,4.858555225197456,0.0780304673689705,0.7085552251974567,26,83,-7.1,-7.3
NC1=NCC2=C1C[C@H](C(=O)O)NC2,NC1=NCC2=C1C[C@H](C(=O)NCc1ccccc1)NC2,[*]C(=O)O,[*]C(=O)NCc1ccccc1,[*:1]-[CH0](=[OH0])-[OH1]>>[*:1]-[CH0](=[OH0])-[NH1]-[CH2]-[cH0]1:[cH1]:[cH1]:[cH1]:[cH1]:[cH1]:1,32,0.3321000000000004,270.148061196,0.7403924738864747,3.3268403517219367,0.2514817274914643,-0.8231596482780628,26,84,-7.1,-4.8
NC1=NCC2=C1C[C@H](C(=O)O)NC2,NC1=NCC2=C1C[C@H](OCc1ccccc1)NC2,[*]C(=O)O,[*]OCc1ccccc1,[*:1]-[CH0](=[OH0])-[OH1]>>[*:1]-[OH0]-[CH2]-[cH0]1:[cH1]:[cH1]:[cH1]:[cH1]:[cH1]:1,17,1.19,243.137162164,0.8380409773149565,3.764683663819836,0.3491302309199462,-0.3853163361801632,26,85,-7.1,-6.7
NC1=NCC2=C1C[C@H](C(=O)O)NC2,CCCCNC(=O)[C@H]1CC2=C(CN=C2N)CN1,[*]C(=O)O,[*]C(=O)NCCCC,[*:1]-[CH0](=[OH0])-[OH1]>>[*:1]-[CH0](=[OH0])-[NH1]-[CH2]-[CH2]-[CH2]-[CH3],10,-0.0679999999999992,236.16371126,0.5978814033752315,3.718158114298376,0.1089706569802212,-0.4318418857016235,26,86,-7.1,-6.1
NC1=NCC2=C1C[C@H](C(=O)O)NC2,CN(C)CCCNC(=O)[C@H]1CC2=C(CN=C2N)CN1,[*]C(=O)O,[*]C(=O)NCCCN(C)C,[*:1]-[CH0](=[OH0])-[OH1]>>[*:1]-[CH0](=[OH0])-[NH1]-[CH2]-[CH2]-[CH2]-[NH0](-[CH3])-[CH3],28,-0.9163999999999968,265.190260356,0.5617219244727603,3.726066963645618,0.0728111780777499,-0.4239330363543816,26,87,-7.1,-6.0
NC1=NCC2=C1C[C@H](C(=O)O)NC2,NC1=NCC2=C1C[C@H](C(=O)NO)NC2,[*]C(=O)O,[*]C(=O)NO,[*:1]-[CH0](=[OH0])-[OH1]>>[*:1]-[CH0](=[OH0])-[NH1]-[OH1],63,-1.4788999999999988,196.096025624,0.3034018409193527,4.27004282820913,-0.1855089054756575,0.1200428282091303,26,88,-7.1,-7.6
NC1=NCC2=C1C[C@H](C(=O)O)NC2,NNC(=O)[C@H]1CC2=C(CN=C2N)CN1,[*]C(=O)O,[*]C(=O)NN,[*:1]-[CH0](=[OH0])-[OH1]>>[*:1]-[CH0](=[OH0])-[NH1]-[NH2],12,-1.9943999999999988,195.112010036,0.2205747181741846,4.282948153652916,-0.2683360282208257,0.132948153652916,26,89,-7.1,-6.4
CC1(C)C[C@H](C(=O)OO)OC=N1,CC1(C)C[C@H](COO)OC=N1,[*]C([*])=O,[*]C[*],[*:1]-[CH0](-[*:2])=[OH0]>>[*:1]-[CH2]-[*:2],901,1.0718,159.089543276,0.4840468574853212,4.681992637985819,0.0187132077017252,0.0819926379858184,27,0,-7.1,-6.2
CC1(C)C[C@H](C(=O)OO)OC=N1,CC1(C)C[C@H](COO)OC=N1,[*]C([*])=O,[*]C[*],[*:1]-[CH0](-[*:2])=[OH0]>>[*:1]-[CH2]-[*:2],901,1.0718,159.089543276,0.4840468574853212,4.681992637985819,0.0187132077017252,0.0819926379858184,27,1,-7.1,-6.2
CC1(C)C[C@H](C(=O)OO)OC=N1,CC1(C)C[C@H](OC(=O)OO)OC=N1,[*]C([*])=O,[*]C(=O)O[*],[*:1]-[CH0](-[*:2])=[OH0]>>[*:1]-[CH0](=[OH0])-[OH0]-[*:2],75,1.1659,189.063722452,0.3802381613423069,4.632774469279832,-0.085095488441289,0.0327744692798317,27,2,-7.1,-7.0
CC1(C)C[C@H](C(=O)OO)OC=N1,CC1(C)C[C@H](OC(=O)OO)OC=N1,[*]C([*])=O,[*]C(=O)O[*],[*:1]-[CH0](-[*:2])=[OH0]>>[*:1]-[CH0](=[OH0])-[OH0]-[*:2],75,1.1659,189.063722452,0.3802381613423069,4.632774469279832,-0.085095488441289,0.0327744692798317,27,3,-7.1,-7.1
CC1(C)C[C@H](C(=O)OO)OC=N1,CC1(C)C[C@H](CC(=O)OO)OC=N1,[*]C([*])=O,[*]C(=O)C[*],[*:1]-[CH0](-[*:2])=[OH0]>>[*:1]-[CH0](=[OH0])-[CH2]-[*:2],761,0.9885,187.084457896,0.5166665877675065,4.401868095653461,0.0513329379839105,-0.1981319043465399,27,4,-7.1,-6.5
CC1(C)C[C@H](C(=O)OO)OC=N1,CC1(C)C[C@H](CC(=O)OO)OC=N1,[*]C([*])=O,[*]C(=O)C[*],[*:1]-[CH0](-[*:2])=[OH0]>>[*:1]-[CH0](=[OH0])-[CH2]-[*:2],761,0.9885,187.084457896,0.5166665877675065,4.401868095653461,0.0513329379839105,-0.1981319043465399,27,5,-7.1,-6.1
CC1(C)C[C@H](C(=O)OO)OC=N1,CC1(C)C[C@H](CCOO)OC=N1,[*]C([*])=O,[*]CC[*],[*:1]-[CH0](-[*:2])=[OH0]>>[*:1]-[CH2]-[CH2]-[*:2],53,1.4619000000000002,173.10519334,0.5189402905723186,4.539019457502022,0.0536066407887226,-0.0609805424979787,27,6,-7.1,-5.7
CC1(C)C[C@H](C(=O)OO)OC=N1,CC1(C)C[C@H](CCOO)OC=N1,[*]C([*])=O,[*]CC[*],[*:1]-[CH0](-[*:2])=[OH0]>>[*:1]-[CH2]-[CH2]-[*:2],53,1.4619000000000002,173.10519334,0.5189402905723186,4.539019457502022,0.0536066407887226,-0.0609805424979787,27,7,-7.1,-5.7
CC1(C)C[C@H](C(=O)OO)OC=N1,CC1(C)C[C@H](NC(=O)COO)OC=N1,[*]C([*])=O,[*]CC(=O)N[*],[*:1]-[CH0](-[*:2])=[OH0]>>[*:1]-[CH2]-[CH0](=[OH0])-[NH1]-[*:2],17,0.1454999999999999,202.095356928,0.5038052912842363,4.451784061469796,0.0384716415006403,-0.1482159385302042,27,8,-7.1,-6.1
CC1(C)C[C@H](C(=O)OO)OC=N1,CC1(C)C[C@H](NC(=O)COO)OC=N1,[*]C([*])=O,[*]CC(=O)N[*],[*:1]-[CH0](-[*:2])=[OH0]>>[*:1]-[CH2]-[CH0](=[OH0])-[NH1]-[*:2],17,0.1454999999999999,202.095356928,0.5038052912842363,4.451784061469796,0.0384716415006403,-0.1482159385302042,27,9,-7.1,-5.9
CC1(C)C[C@H](C(=O)OO)OC=N1,CC1(C)C[C@H](OCC(=O)OO)OC=N1,[*]C([*])=O,[*]C(=O)CO[*],[*:1]-[CH0](-[*:2])=[OH0]>>[*:1]-[CH0](=[OH0])-[CH2]-[OH0]-[*:2],102,0.5724999999999996,203.079372516,0.5356654632875557,4.4568051141013765,0.0703318135039597,-0.143194885898624,27,10,-7.1,-6.4
CC1(C)C[C@H](C(=O)OO)OC=N1,CC1(C)C[C@H](OCC(=O)OO)OC=N1,[*]C([*])=O,[*]C(=O)CO[*],[*:1]-[CH0](-[*:2])=[OH0]>>[*:1]-[CH0](=[OH0])-[CH2]-[OH0]-[*:2],102,0.5724999999999996,203.079372516,0.5356654632875557,4.4568051141013765,0.0703318135039597,-0.143194885898624,27,11,-7.1,-6.6
CC1(C)C[C@H](C(=O)OO)OC=N1,CC1(C)C[C@H](C(=O)NOO)OC=N1,[*]C([*])=O,[*]C(=O)N[*],[*:1]-[CH0](-[*:2])=[OH0]>>[*:1]-[CH0](=[OH0])-[NH1]-[*:2],522,0.1029999999999992,188.079706864,0.4755387627363335,4.7392949088402725,0.0102051129527375,0.1392949088402719,27,12,-7.1,-5.8
CC1(C)C[C@H](C(=O)OO)OC=N1,CC1(C)C[C@H](NC(=O)OO)OC=N1,[*]C([*])=O,[*]C(=O)N[*],[*:1]-[CH0](-[*:2])=[OH0]>>[*:1]-[CH0](=[OH0])-[NH1]-[*:2],522,0.7388999999999999,188.079706864,0.4694431747493,4.6896861176314815,0.0041095249657039,0.0896861176314809,27,13,-7.1,-5.7
CC1(C)C[C@H](C(=O)OO)OC=N1,CC1(C)C[C@H](C(=O)OCOO)OC=N1,[*]C([*])=O,[*]C(=O)OC[*],[*:1]-[CH0](-[*:2])=[OH0]>>[*:1]-[CH0](=[OH0])-[OH0]-[CH2]-[*:2],114,0.5724999999999998,203.079372516,0.313853653274698,4.505660174830121,-0.1514799965088979,-0.0943398251698797,27,14,-7.1,-5.7
CC1(C)C[C@H](C(=O)OO)OC=N1,CC1(C)C[C@H](C(=O)OCOO)OC=N1,[*]C([*])=O,[*]C(=O)OC[*],[*:1]-[CH0](-[*:2])=[OH0]>>[*:1]-[CH0](=[OH0])-[OH0]-[CH2]-[*:2],114,0.5724999999999998,203.079372516,0.313853653274698,4.505660174830121,-0.1514799965088979,-0.0943398251698797,27,15,-7.1,-5.7
CC1(C)C[C@H](C(=O)OO)OC=N1,CC1(C)C[C@H](C(=O)NCCOO)OC=N1,[*]C([*])=O,[*]C(=O)NCC[*],[*:1]-[CH0](-[*:2])=[OH0]>>[*:1]-[CH0](=[OH0])-[NH1]-[CH2]-[CH2]-[*:2],10,0.1879999999999992,216.111006992,0.3990968885821674,4.111376902668867,-0.0662367612014285,-0.4886230973311338,27,16,-7.1,-6.3
CC1(C)C[C@H](C(=O)OO)OC=N1,CC1(C)C[C@H](C(=O)NCCOO)OC=N1,[*]C([*])=O,[*]C(=O)NCC[*],[*:1]-[CH0](-[*:2])=[OH0]>>[*:1]-[CH0](=[OH0])-[NH1]-[CH2]-[CH2]-[*:2],10,0.1879999999999992,216.111006992,0.3990968885821674,4.111376902668867,-0.0662367612014285,-0.4886230973311338,27,17,-7.1,-6.0
CC1(C)C[C@H](C(=O)OO)OC=N1,CC1(C)C[C@H](CCOOO)OC=N1,[*]C([*])=O,[*]OCC[*],[*:1]-[CH0](-[*:2])=[OH0]>>[*:1]-[OH0]-[CH2]-[CH2]-[*:2],39,1.3935,189.10010796,0.4122041490057557,4.661154359389724,-0.0531295007778402,0.0611543593897234,27,18,-7.1,-6.0
CC1(C)C[C@H](C(=O)OO)OC=N1,CC1(C)C[C@H](OCCOO)OC=N1,[*]C([*])=O,[*]OCC[*],[*:1]-[CH0](-[*:2])=[OH0]>>[*:1]-[OH0]-[CH2]-[CH2]-[*:2],39,1.0458999999999998,189.10010796,0.4076283454607147,4.455408205543569,-0.0577053043228812,-0.1445917944564314,27,19,-7.1,-5.7
CC1(C)C[C@H](C(=O)OO)OC=N1,CC1(C)C[C@H](CNC(=O)OO)OC=N1,[*]C([*])=O,[*]C(=O)NC[*],[*:1]-[CH0](-[*:2])=[OH0]>>[*:1]-[CH0](=[OH0])-[NH1]-[CH2]-[*:2],67,0.7813999999999994,202.095356928,0.511916023254322,4.369556126247124,0.0465823734707259,-0.2304438737528764,27,20,-7.1,-6.3
CC1(C)C[C@H](C(=O)OO)OC=N1,CC1(C)C[C@H](CNC(=O)OO)OC=N1,[*]C([*])=O,[*]C(=O)NC[*],[*:1]-[CH0](-[*:2])=[OH0]>>[*:1]-[CH0](=[OH0])-[NH1]-[CH2]-[*:2],67,0.7813999999999994,202.095356928,0.511916023254322,4.369556126247124,0.0465823734707259,-0.2304438737528764,27,21,-7.1,-6.3
CC1(C)C[C@H](C(=O)OO)OC=N1,CC1(C)C[C@H](CCC(=O)OO)OC=N1,[*]C([*])=O,[*]C(=O)CC[*],[*:1]-[CH0](-[*:2])=[OH0]>>[*:1]-[CH0](=[OH0])-[CH2]-[CH2]-[*:2],175,1.3786,201.10010796,0.5528910830301137,4.25785045823093,0.0875574332465177,-0.3421495417690705,27,22,-7.1,-5.9
CC1(C)C[C@H](C(=O)OO)OC=N1,CC1(C)C[C@H](CCC(=O)OO)OC=N1,[*]C([*])=O,[*]C(=O)CC[*],[*:1]-[CH0](-[*:2])=[OH0]>>[*:1]-[CH0](=[OH0])-[CH2]-[CH2]-[*:2],175,1.3786,201.10010796,0.5528910830301137,4.25785045823093,0.0875574332465177,-0.3421495417690705,27,23,-7.1,-5.9
CC1(C)C[C@H](C(=O)OO)OC=N1,CN(OO)C(=O)[C@H]1CC(C)(C)N=CO1,[*]C([*])=O,[*]C(=O)N([*])C,[*:1]-[CH0](-[*:2])=[OH0]>>[*:1]-[CH0](=[OH0])-[NH0](-[*:2])-[CH3],11,0.4451999999999995,202.095356928,0.5208157757817232,4.685374093201933,0.0554821259981272,0.0853740932019322,27,24,-7.1,-6.3
CC1(C)C[C@H](C(=O)OO)OC=N1,CN(OO)C(=O)[C@H]1CC(C)(C)N=CO1,[*]C([*])=O,[*]C(=O)N([*])C,[*:1]-[CH0](-[*:2])=[OH0]>>[*:1]-[CH0](=[OH0])-[NH0](-[*:2])-[CH3],11,0.4451999999999995,202.095356928,0.5208157757817232,4.685374093201933,0.0554821259981272,0.0853740932019322,27,25,-7.1,-5.8
CC1(C)C[C@H](C(=O)OO)OC=N1,CC1(C)C[C@H](CCCOO)OC=N1,[*]C([*])=O,[*]CCC[*],[*:1]-[CH0](-[*:2])=[OH0]>>[*:1]-[CH2]-[CH2]-[CH2]-[*:2],20,1.852,187.120843404,0.4148920535219068,4.353127436312801,-0.0504415962616892,-0.2468725636871998,27,26,-7.1,-5.3
CC1(C)C[C@H](C(=O)OO)OC=N1,CC1(C)C[C@H](CCCOO)OC=N1,[*]C([*])=O,[*]CCC[*],[*:1]-[CH0](-[*:2])=[OH0]>>[*:1]-[CH2]-[CH2]-[CH2]-[*:2],20,1.852,187.120843404,0.4148920535219068,4.353127436312801,-0.0504415962616892,-0.2468725636871998,27,27,-7.1,-5.4
CC1(C)C[C@H](C(=O)OO)OC=N1,CC1(C)C[C@H](CCCC(=O)OO)OC=N1,[*]C([*])=O,[*]C(=O)CCC[*],[*:1]-[CH0](-[*:2])=[OH0]>>[*:1]-[CH0](=[OH0])-[CH2]-[CH2]-[CH2]-[*:2],39,1.7687,215.115758024,0.5728644487795094,4.133757015239223,0.1075307989959133,-0.4662429847607781,27,28,-7.1,-5.9
CC1(C)C[C@H](C(=O)OO)OC=N1,CC1(C)C[C@H](C(=O)CCCOO)OC=N1,[*]C([*])=O,[*]C(=O)CCC[*],[*:1]-[CH0](-[*:2])=[OH0]>>[*:1]-[CH0](=[OH0])-[CH2]-[CH2]-[CH2]-[*:2],39,1.4210999999999998,215.115758024,0.4275879895083113,4.255005420492505,-0.0377456602752847,-0.3449945795074951,27,29,-7.1,-5.3
CC1(C)C[C@H](C(=O)OO)OC=N1,CC1(C)C[C@H](C(C)(C)C(=O)OO)OC=N1,[*]C([*])=O,[*]C(=O)C([*])(C)C,[*:1]-[CH0](-[*:2])=[OH0]>>[*:1]-[CH0](=[OH0])-[CH0](-[*:2])(-[CH3])-[CH3],18,1.6246,215.115758024,0.5611185100731528,4.465772284397832,0.0957848602895568,-0.1342277156021687,27,30,-7.1,-5.5
CC1(C)C[C@H](C(=O)OO)OC=N1,CC1(C)C[C@H](C(C)(C)C(=O)OO)OC=N1,[*]C([*])=O,[*]C(=O)C([*])(C)C,[*:1]-[CH0](-[*:2])=[OH0]>>[*:1]-[CH0](=[OH0])-[CH0](-[*:2])(-[CH3])-[CH3],18,1.6246,215.115758024,0.5611185100731528,4.465772284397832,0.0957848602895568,-0.1342277156021687,27,31,-7.1,-5.5
CC1(C)C[C@H](C(=O)OO)OC=N1,CC(OO)[C@H]1CC(C)(C)N=CO1,[*]C([*])=O,[*]C([*])C,[*:1]-[CH0](-[*:2])=[OH0]>>[*:1]-[CH1](-[*:2])-[CH3],26,1.4603,173.10519334,0.5077283000655959,4.9116714717889085,0.0423946502819999,0.3116714717889079,27,32,-7.1,-6.4
CC1(C)C[C@H](C(=O)OO)OC=N1,CC(OO)[C@H]1CC(C)(C)N=CO1,[*]C([*])=O,[*]C([*])C,[*:1]-[CH0](-[*:2])=[OH0]>>[*:1]-[CH1](-[*:2])-[CH3],26,1.4603,173.10519334,0.5077283000655959,4.9116714717889085,0.0423946502819999,0.3116714717889079,27,33,-7.1,-6.2
CC1(C)C[C@H](C(=O)OO)OC=N1,C[C@@H](OO)[C@H]1CC(C)(C)N=CO1,[*]C([*])=O,[*][C@H]([*])C,[*:1]-[CH0](-[*:2])=[OH0]>>[*:1]-[C@H1](-[*:2])-[CH3],10,1.4603,173.10519334,0.5077283000655959,4.9116714717889085,0.0423946502819999,0.3116714717889079,27,34,-7.1,-6.0
CC1(C)C[C@H](C(=O)OO)OC=N1,C[C@H](OO)[C@H]1CC(C)(C)N=CO1,[*]C([*])=O,[*][C@H]([*])C,[*:1]-[CH0](-[*:2])=[OH0]>>[*:1]-[C@H1](-[*:2])-[CH3],10,1.4603,173.10519334,0.5077283000655959,4.9116714717889085,0.0423946502819999,0.3116714717889079,27,35,-7.1,-6.4
CC1(C)C[C@H](C(=O)OO)OC=N1,CC1(C)C[C@H](C(F)(F)C(=O)OO)OC=N1,[*]C([*])=O,[*]C(=O)C([*])(F)F,[*:1]-[CH0](-[*:2])=[OH0]>>[*:1]-[CH0](=[OH0])-[CH0](-[*:2])(-[FH0])-[FH0],22,1.2337,223.065614272,0.5643906318800881,4.602245657178896,0.0990569820964921,0.0022456571788955,27,36,-7.1,-7.0
CC1(C)C[C@H](C(=O)OO)OC=N1,CC1(C)C[C@H](C(F)(F)C(=O)OO)OC=N1,[*]C([*])=O,[*]C(=O)C([*])(F)F,[*:1]-[CH0](-[*:2])=[OH0]>>[*:1]-[CH0](=[OH0])-[CH0](-[*:2])(-[FH0])-[FH0],22,1.2337,223.065614272,0.5643906318800881,4.602245657178896,0.0990569820964921,0.0022456571788955,27,37,-7.1,-7.0
CC1(C)C[C@H](C(=O)OO)OC=N1,CC1(C)C[C@H](CS(=O)(=O)OO)OC=N1,[*]C([*])=O,[*]CS([*])(=O)=O,[*:1]-[CH0](-[*:2])=[OH0]>>[*:1]-[CH2]-[SH0](-[*:2])(=[OH0])=[OH0],44,0.4015999999999997,223.051443516,0.5526514606736872,4.641275964303805,0.0873178108900912,0.0412759643038045,27,38,-7.1,-6.1
CC1(C)C[C@H](C(=O)OO)OC=N1,CC1(C)C[C@H](S(=O)(=O)COO)OC=N1,[*]C([*])=O,[*]CS([*])(=O)=O,[*:1]-[CH0](-[*:2])=[OH0]>>[*:1]-[CH2]-[SH0](-[*:2])(=[OH0])=[OH0],44,0.4015999999999999,223.051443516,0.5526514606736872,4.831237710665551,0.0873178108900912,0.2312377106655505,27,39,-7.1,-6.5
CC1(C)C[C@H](C(=O)OO)OC=N1,CC1(C)C[C@H](c2ccc(OO)cc2)OC=N1,[*]C([*])=O,[*]c1ccc([*])cc1,[*:1]-[CH0](-[*:2])=[OH0]>>[*:1]-[cH0]1:[cH1]:[cH1]:[cH0](-[*:2]):[cH1]:[cH1]:1,13,2.806700000000001,221.10519334,0.6167596082977839,3.793534623190768,0.1514259585141878,-0.8064653768092329,27,40,-7.1,-6.0
CC1(C)C[C@H](C(=O)OO)OC=N1,CC1(C)C[C@H](c2ccc(OO)cc2)OC=N1,[*]C([*])=O,[*]c1ccc([*])cc1,[*:1]-[CH0](-[*:2])=[OH0]>>[*:1]-[cH0]1:[cH1]:[cH1]:[cH0](-[*:2]):[cH1]:[cH1]:1,13,2.806700000000001,221.10519334,0.6167596082977839,3.793534623190768,0.1514259585141878,-0.8064653768092329,27,41,-7.1,-6.0
CC1(C)C[C@H](C(=O)OO)OC=N1,CC1(C)C[C@H](C(=O)C2CCN(OO)CC2)OC=N1,[*]C([*])=O,[*]C(=O)C1CCN([*])CC1,[*:1]-[CH0](-[*:2])=[OH0]>>[*:1]-[CH0](=[OH0])-[CH1]1-[CH2]-[CH2]-[NH0](-[*:2])-[CH2]-[CH2]-1,19,1.2678999999999998,256.14230712,0.6078660846027109,4.388065881526658,0.1425324348191148,-0.2119341184733425,27,42,-7.1,-4.9
CC1(C)C[C@H](C(=O)OO)OC=N1,CC1(C)C[C@H](C(=O)C2CCN(OO)CC2)OC=N1,[*]C([*])=O,[*]C(=O)C1CCN([*])CC1,[*:1]-[CH0](-[*:2])=[OH0]>>[*:1]-[CH0](=[OH0])-[CH1]1-[CH2]-[CH2]-[NH0](-[*:2])-[CH2]-[CH2]-1,19,1.2678999999999998,256.14230712,0.6078660846027109,4.388065881526658,0.1425324348191148,-0.2119341184733425,27,43,-7.1,-4.9
CC1(C)C[C@H](C(=O)OO)OC=N1,CN(CC[C@H]1CC(C)(C)N=CO1)C(=O)OO,[*]C([*])=O,[*]CCN(C)C([*])=O,[*:1]-[CH0](-[*:2])=[OH0]>>[*:1]-[CH2]-[CH2]-[NH0](-[CH3])-[CH0](-[*:2])=[OH0],18,1.5137000000000005,230.126657056,0.588983226234042,4.345558165230123,0.123649576450446,-0.2544418347698771,27,44,-7.1,-5.7
CC1(C)C[C@H](C(=O)OO)OC=N1,CN(CCOO)C(=O)[C@H]1CC(C)(C)N=CO1,[*]C([*])=O,[*]CCN(C)C([*])=O,[*:1]-[CH0](-[*:2])=[OH0]>>[*:1]-[CH2]-[CH2]-[NH0](-[CH3])-[CH0](-[*:2])=[OH0],18,0.5301999999999993,230.126657056,0.5646022538712382,4.199806465766796,0.0992686040876422,-0.4001935342332041,27,45,-7.1,-4.8
CC1(C)C[C@H](C(=O)OO)OC=N1,CC(C(=O)OO)[C@H]1CC(C)(C)N=CO1,[*]C([*])=O,[*]C(=O)C([*])C,[*:1]-[CH0](-[*:2])=[OH0]>>[*:1]-[CH0](=[OH0])-[CH1](-[*:2])-[CH3],16,1.2345,201.10010796,0.538676193638348,4.688011470605434,0.0733425438547519,0.0880114706054335,27,46,-7.1,-5.9
CC1(C)C[C@H](C(=O)OO)OC=N1,CC(OO)C(=O)[C@H]1CC(C)(C)N=CO1,[*]C([*])=O,[*]C(=O)C([*])C,[*:1]-[CH0](-[*:2])=[OH0]>>[*:1]-[CH0](=[OH0])-[CH1](-[*:2])-[CH3],16,1.0294,201.10010796,0.5466333403037229,4.832415628609591,0.0812996905201269,0.2324156286095906,27,47,-7.1,-5.3
CC1(C)C[C@H](C(=O)OO)OC=N1,CC1(C)C[C@H](C(=O)NCC(=O)OO)OC=N1,[*]C([*])=O,[*]C(=O)CNC([*])=O,[*:1]-[CH0](-[*:2])=[OH0]>>[*:1]-[CH0](=[OH0])-[CH2]-[NH1]-[CH0](-[*:2])=[OH0],105,-0.2853999999999996,230.090271548,0.5127952322131556,4.0871599541388886,0.0474615824295596,-0.512840045861112,27,48,-7.1,-6.6
CC1(C)C[C@H](C(=O)OO)OC=N1,CC1(C)C[C@H](C(=O)CNC(=O)OO)OC=N1,[*]C([*])=O,[*]C(=O)CNC([*])=O,[*:1]-[CH0](-[*:2])=[OH0]>>[*:1]-[CH0](=[OH0])-[CH2]-[NH1]-[CH0](-[*:2])=[OH0],105,0.3504999999999993,230.090271548,0.5382381817446665,4.443714515856242,0.0729045319610705,-0.1562854841437584,27,49,-7.1,-6.5
CC1(C)C[C@H](C(=O)OO)OC=N1,CC1(C)C[C@H](CCNC(=O)OO)OC=N1,[*]C([*])=O,[*]CCNC([*])=O,[*:1]-[CH0](-[*:2])=[OH0]>>[*:1]-[CH2]-[CH2]-[NH1]-[CH0](-[*:2])=[OH0],130,1.1715000000000002,216.111006992,0.5478672069312173,4.2894823435694285,0.0825335571476212,-0.310517656430572,27,50,-7.1,-6.5
CC1(C)C[C@H](C(=O)OO)OC=N1,CC1(C)C[C@H](CCNC(=O)OO)OC=N1,[*]C([*])=O,[*]CCNC([*])=O,[*:1]-[CH0](-[*:2])=[OH0]>>[*:1]-[CH2]-[CH2]-[NH1]-[CH0](-[*:2])=[OH0],130,1.1715000000000002,216.111006992,0.5478672069312173,4.2894823435694285,0.0825335571476212,-0.310517656430572,27,51,-7.1,-6.5
CC1(C)C[C@H](C(=O)OO)OC=N1,CC1(C)C[C@H](C(=O)N2CCC(OO)CC2)OC=N1,[*]C([*])=O,[*]C(=O)N1CCC([*])CC1,[*:1]-[CH0](-[*:2])=[OH0]>>[*:1]-[CH0](=[OH0])-[NH0]1-[CH2]-[CH2]-[CH1](-[*:2])-[CH2]-[CH2]-1,29,1.0627999999999995,256.14230712,0.5921599979584492,3.985671727680504,0.1268263481748532,-0.6143282723194972,27,52,-7.1,-3.6
CC1(C)C[C@H](C(=O)OO)OC=N1,CC1(C)C[C@H](C(=O)N2CCC(OO)CC2)OC=N1,[*]C([*])=O,[*]C(=O)N1CCC([*])CC1,[*:1]-[CH0](-[*:2])=[OH0]>>[*:1]-[CH0](=[OH0])-[NH0]1-[CH2]-[CH2]-[CH1](-[*:2])-[CH2]-[CH2]-1,29,1.0627999999999995,256.14230712,0.5921599979584492,3.985671727680504,0.1268263481748532,-0.6143282723194972,27,53,-7.1,-3.2
CC1(C)C[C@H](C(=O)OO)OC=N1,CC1(C)C[C@H](C(=O)N2CCC(OO)C2)OC=N1,[*]C([*])=O,[*]C(=O)N1CCC([*])C1,[*:1]-[CH0](-[*:2])=[OH0]>>[*:1]-[CH0](=[OH0])-[NH0]1-[CH2]-[CH2]-[CH1](-[*:2])-[CH2]-1,12,0.6726999999999996,242.126657056,0.570476929622747,4.389146093285456,0.105143279839151,-0.2108539067145445,27,54,-7.1,-5.2
CC1(C)C[C@H](C(=O)OO)OC=N1,CC1(C)C[C@H](C2CCN(C(=O)OO)C2)OC=N1,[*]C([*])=O,[*]C(=O)N1CCC([*])C1,[*:1]-[CH0](-[*:2])=[OH0]>>[*:1]-[CH0](=[OH0])-[NH0]1-[CH2]-[CH2]-[CH1](-[*:2])-[CH2]-1,12,1.5137,242.126657056,0.5586059591313449,4.444831199668436,0.0932723093477489,-0.1551688003315643,27,55,-7.1,-4.4
CC1(C)C[C@H](C(=O)OO)OC=N1,CC1(C)C[C@H](C(=O)CCNC(=O)OO)OC=N1,[*]C([*])=O,[*]C(=O)CCNC([*])=O,[*:1]-[CH0](-[*:2])=[OH0]>>[*:1]-[CH0](=[OH0])-[CH2]-[CH2]-[NH1]-[CH0](-[*:2])=[OH0],16,0.7405999999999997,244.105921612,0.5611991058886675,4.241652595903728,0.0958654561050715,-0.3583474040962731,27,56,-7.1,-6.2
CC1(C)C[C@H](C(=O)OO)OC=N1,CC1(C)C[C@H](C(=O)NCCC(=O)OO)OC=N1,[*]C([*])=O,[*]C(=O)CCNC([*])=O,[*:1]-[CH0](-[*:2])=[OH0]>>[*:1]-[CH0](=[OH0])-[CH2]-[CH2]-[NH1]-[CH0](-[*:2])=[OH0],16,0.1047,244.105921612,0.5398447378520477,3.931227846739848,0.0745110880684516,-0.6687721532601527,27,57,-7.1,-6.6
CC1(C)C[C@H](C(=O)OO)OC=N1,CC1(C)C[C@H](NC(=O)C(=O)OO)OC=N1,[*]C([*])=O,[*]C(=O)C(=O)N[*],[*:1]-[CH0](-[*:2])=[OH0]>>[*:1]-[CH0](=[OH0])-[CH0](=[OH0])-[NH1]-[*:2],12,-0.3279000000000001,216.074621484,0.3551721720734763,4.516898497415583,-0.1101614777101196,-0.0831015025844177,27,58,-7.1,-6.3
CC1(C)C[C@H](C(=O)OO)OC=N1,CC1(C)C[C@H](C(=O)C(=O)NOO)OC=N1,[*]C([*])=O,[*]C(=O)C(=O)N[*],[*:1]-[CH0](-[*:2])=[OH0]>>[*:1]-[CH0](=[OH0])-[CH0](=[OH0])-[NH1]-[*:2],12,-0.3279000000000006,216.074621484,0.382275934818402,4.70458657433866,-0.0830577149651939,0.1045865743386595,27,59,-7.1,-6.5
CC1(C)C[C@H](C(=O)OO)OC=N1,CC1(C)C[C@H](C(=O)CNOO)OC=N1,[*]C([*])=O,[*]C(=O)CN[*],[*:1]-[CH0](-[*:2])=[OH0]>>[*:1]-[CH0](=[OH0])-[CH2]-[NH1]-[*:2],14,0.1454999999999992,202.095356928,0.5005755420347917,4.858704304384776,0.0352418922511957,0.2587043043847759,27,60,-7.1,-6.6
CC1(C)C[C@H](C(=O)OO)OC=N1,CC1(C)C[C@H](C(=O)CNOO)OC=N1,[*]C([*])=O,[*]C(=O)CN[*],[*:1]-[CH0](-[*:2])=[OH0]>>[*:1]-[CH0](=[OH0])-[CH2]-[NH1]-[*:2],14,0.1454999999999992,202.095356928,0.5005755420347917,4.858704304384776,0.0352418922511957,0.2587043043847759,27,61,-7.1,-6.8
CC1(C)C[C@H](C(=O)OO)OC=N1,CC1(C)C[C@H](CCOC(=O)OO)OC=N1,[*]C([*])=O,[*]CCOC([*])=O,[*:1]-[CH0](-[*:2])=[OH0]>>[*:1]-[CH2]-[CH2]-[OH0]-[CH0](-[*:2])=[OH0],12,1.5985,217.09502258,0.4410459714514321,4.368499979591943,-0.0242876783321638,-0.2315000204080579,27,62,-7.1,-6.0
CC1(C)C[C@H](C(=O)OO)OC=N1,CC1(C)C[C@H](C(=O)OCCOO)OC=N1,[*]C([*])=O,[*]CCOC([*])=O,[*:1]-[CH0](-[*:2])=[OH0]>>[*:1]-[CH2]-[CH2]-[OH0]-[CH0](-[*:2])=[OH0],12,0.6149999999999995,217.09502258,0.3229808013651766,4.183302606233594,-0.1423528484184194,-0.4166973937664062,27,63,-7.1,-5.6
CC1(C)C[C@H](C(=O)OO)OC=N1,CC1(C)C[C@H](C(=O)COC(=O)OO)OC=N1,[*]C([*])=O,[*]C(=O)COC([*])=O,[*:1]-[CH0](-[*:2])=[OH0]>>[*:1]-[CH0](=[OH0])-[CH2]-[OH0]-[CH0](-[*:2])=[OH0],17,0.7775000000000001,231.074287136,0.4378045036881873,4.411713800292735,-0.0275291460954086,-0.1882861997072655,27,64,-7.1,-6.0
CC1(C)C[C@H](C(=O)OO)OC=N1,CC1(C)C[C@H](C(=O)OCC(=O)OO)OC=N1,[*]C([*])=O,[*]C(=O)COC([*])=O,[*:1]-[CH0](-[*:2])=[OH0]>>[*:1]-[CH0](=[OH0])-[CH2]-[OH0]-[CH0](-[*:2])=[OH0],17,0.1415999999999992,231.074287136,0.421534705451822,4.158068362010089,-0.043798944331774,-0.4419316379899118,27,65,-7.1,-6.3
CC1(C)C[C@H](C(=O)OO)OC=N1,CC1(C)C[C@H](c2cccc(C(=O)OO)c2)OC=N1,[*]C([*])=O,[*]C(=O)c1cccc([*])c1,[*:1]-[CH0](-[*:2])=[OH0]>>[*:1]-[CH0](=[OH0])-[cH0]1:[cH1]:[cH1]:[cH1]:[cH0](-[*:2]):[cH1]:1,27,2.5847000000000007,249.10010796,0.6457618863219129,3.691834189218965,0.1804282365383169,-0.9081658107810356,27,66,-7.1,-4.9
CC1(C)C[C@H](C(=O)OO)OC=N1,CC1(C)C[C@H](c2cccc(C(=O)OO)c2)OC=N1,[*]C([*])=O,[*]C(=O)c1cccc([*])c1,[*:1]-[CH0](-[*:2])=[OH0]>>[*:1]-[CH0](=[OH0])-[cH0]1:[cH1]:[cH1]:[cH1]:[cH0](-[*:2]):[cH1]:1,27,2.5847000000000007,249.10010796,0.6457618863219129,3.691834189218965,0.1804282365383169,-0.9081658107810356,27,67,-7.1,-5.0
CC1(C)C[C@H](C(=O)OO)OC=N1,CC1(C)C[C@H](COc2ccc(C(=O)OO)cc2)OC=N1,[*]C([*])=O,[*]C(=O)c1ccc(OC[*])cc1,[*:1]-[CH0](-[*:2])=[OH0]>>[*:1]-[CH0](=[OH0])-[cH0]1:[cH1]:[cH1]:[cH0](-[OH0]-[CH2]-[*:2]):[cH1]:[cH1]:1,10,2.2910000000000004,279.11067264400003,0.6755500529798768,3.49989578938772,0.2102164031962808,-1.1001042106122805,27,68,-7.1,-7.1
CC1(C)C[C@H](C(=O)OO)OC=N1,CC1(C)C[C@H](C(=O)c2ccc(OCOO)cc2)OC=N1,[*]C([*])=O,[*]C(=O)c1ccc(OC[*])cc1,[*:1]-[CH0](-[*:2])=[OH0]>>[*:1]-[CH0](=[OH0])-[cH0]1:[cH1]:[cH1]:[cH0](-[OH0]-[CH2]-[*:2]):[cH1]:[cH1]:1,10,2.291,279.11067264400003,0.3870771941560141,3.746861723453653,-0.0782564556275818,-0.8531382765463471,27,69,-7.1,-5.1
CC1(C)C[C@H](C(=O)OO)OC=N1,CC1(C)C[C@H](C(=O)c2ccc(OO)cc2)OC=N1,[*]C([*])=O,[*]C(=O)c1ccc([*])cc1,[*:1]-[CH0](-[*:2])=[OH0]>>[*:1]-[CH0](=[OH0])-[cH0]1:[cH1]:[cH1]:[cH0](-[*:2]):[cH1]:[cH1]:1,53,2.3169,249.10010796,0.5068064987901141,3.754308035372812,0.0414728490065181,-0.8456919646271883,27,70,-7.1,-4.8
CC1(C)C[C@H](C(=O)OO)OC=N1,CC1(C)C[C@H](c2ccc(C(=O)OO)cc2)OC=N1,[*]C([*])=O,[*]C(=O)c1ccc([*])cc1,[*:1]-[CH0](-[*:2])=[OH0]>>[*:1]-[CH0](=[OH0])-[cH0]1:[cH1]:[cH1]:[cH0](-[*:2]):[cH1]:[cH1]:1,53,2.5847000000000007,249.10010796,0.6457618863219129,3.5769831122958884,0.1804282365383169,-1.023016887704112,27,71,-7.1,-5.8
CC1(C)C[C@H](C(=O)OO)OC=N1,CC1(C)C[C@H](CCCNC(=O)OO)OC=N1,[*]C([*])=O,[*]CCCNC([*])=O,[*:1]-[CH0](-[*:2])=[OH0]>>[*:1]-[CH2]-[CH2]-[CH2]-[NH1]-[CH0](-[*:2])=[OH0],31,1.5616000000000003,230.126657056,0.4360890719705723,4.171243504309649,-0.0292445778130236,-0.4287564956903518,27,72,-7.1,-6.0
CC1(C)C[C@H](C(=O)OO)OC=N1,CC1(C)C[C@H](CCCNC(=O)OO)OC=N1,[*]C([*])=O,[*]CCCNC([*])=O,[*:1]-[CH0](-[*:2])=[OH0]>>[*:1]-[CH2]-[CH2]-[CH2]-[NH1]-[CH0](-[*:2])=[OH0],31,1.5616000000000003,230.126657056,0.4360890719705723,4.171243504309649,-0.0292445778130236,-0.4287564956903518,27,73,-7.1,-5.8
CC1(C)C[C@H](C(=O)OO)OC=N1,CC1(C)C[C@H](C(=O)c2ccc(OO)o2)OC=N1,[*]C([*])=O,[*]C(=O)c1ccc([*])o1,[*:1]-[CH0](-[*:2])=[OH0]>>[*:1]-[CH0](=[OH0])-[cH0]1:[cH1]:[cH1]:[cH0](-[*:2]):[oH0]:1,10,1.9099,239.079372516,0.4946765218913291,4.4793555774735,0.0293428721077331,-0.1206444225265004,27,74,-7.1,-6.1
CC1(C)C[C@H](C(=O)OO)OC=N1,CC1(C)C[C@H](c2ccc(C(=O)OO)o2)OC=N1,[*]C([*])=O,[*]C(=O)c1ccc([*])o1,[*:1]-[CH0](-[*:2])=[OH0]>>[*:1]-[CH0](=[OH0])-[cH0]1:[cH1]:[cH1]:[cH0](-[*:2]):[oH0]:1,10,2.1777,239.079372516,0.6314444312730972,4.177453449813924,0.1661107814895012,-0.4225465501860768,27,75,-7.1,-6.4
CC1(C)C[C@H](C(=O)OO)OC=N1,CC1(C)C[C@H](C(OO)c2ccccc2)OC=N1,[*]C([*])=O,[*]C([*])c1ccccc1,[*:1]-[CH0](-[*:2])=[OH0]>>[*:1]-[CH1](-[*:2])-[cH0]1:[cH1]:[cH1]:[cH1]:[cH1]:[cH1]:1,14,2.8131000000000004,235.120843404,0.6470665373378073,4.003492165298551,0.1817328875542113,-0.5965078347014501,27,76,-7.1,-4.1
CC1(C)C[C@H](C(=O)OO)OC=N1,CC1(C)C[C@H](C(OO)c2ccccc2)OC=N1,[*]C([*])=O,[*]C([*])c1ccccc1,[*:1]-[CH0](-[*:2])=[OH0]>>[*:1]-[CH1](-[*:2])-[cH0]1:[cH1]:[cH1]:[cH1]:[cH1]:[cH1]:1,14,2.8131000000000013,235.120843404,0.6470665373378073,4.003492165298551,0.1817328875542113,-0.5965078347014501,27,77,-7.1,-3.8
CC1(C)C[C@H](C(=O)OO)OC=N1,CC1(C)C[C@H](SCC(=O)OO)OC=N1,[*]C([*])=O,[*]C(=O)CS[*],[*:1]-[CH0](-[*:2])=[OH0]>>[*:1]-[CH0](=[OH0])-[CH2]-[SH0]-[*:2],11,1.2891,219.056528896,0.5718764980553781,4.627786895477893,0.1065428482717821,0.0277868954778925,27,78,-7.1,-6.2
CC1(C)C[C@H](C(=O)OO)OC=N1,CC1(C)C[C@H](SCC(=O)OO)OC=N1,[*]C([*])=O,[*]C(=O)CS[*],[*:1]-[CH0](-[*:2])=[OH0]>>[*:1]-[CH0](=[OH0])-[CH2]-[SH0]-[*:2],11,1.2891,219.056528896,0.5718764980553781,4.627786895477893,0.1065428482717821,0.0277868954778925,27,79,-7.1,-6.0
CC1(C)C[C@H](C(=O)OO)OC=N1,CC1(C)C[C@H](C(C(=O)OO)c2ccccc2)OC=N1,[*]C([*])=O,[*]C(=O)C([*])c1ccccc1,[*:1]-[CH0](-[*:2])=[OH0]>>[*:1]-[CH0](=[OH0])-[CH1](-[*:2])-[cH0]1:[cH1]:[cH1]:[cH1]:[cH1]:[cH1]:1,32,2.382200000000001,263.115758024,0.6712210704372669,4.036195644544195,0.2058874206536708,-0.5638043554558054,27,80,-7.1,-3.6
CC1(C)C[C@H](C(=O)OO)OC=N1,CC1(C)C[C@H](C(C(=O)OO)c2ccccc2)OC=N1,[*]C([*])=O,[*]C(=O)C([*])c1ccccc1,[*:1]-[CH0](-[*:2])=[OH0]>>[*:1]-[CH0](=[OH0])-[CH1](-[*:2])-[cH0]1:[cH1]:[cH1]:[cH1]:[cH1]:[cH1]:1,32,2.382200000000001,263.115758024,0.6712210704372669,4.036195644544195,0.2058874206536708,-0.5638043554558054,27,81,-7.1,-3.7
CC1(C)C[C@H](C(=O)OO)OC=N1,CC1(C)C[C@H](Oc2ccc(C(=O)OO)cc2)OC=N1,[*]C([*])=O,[*]C(=O)c1ccc(O[*])cc1,[*:1]-[CH0](-[*:2])=[OH0]>>[*:1]-[CH0](=[OH0])-[cH0]1:[cH1]:[cH1]:[cH0](-[OH0]-[*:2]):[cH1]:[cH1]:1,12,2.2485,265.09502258000003,0.6695765442213003,3.616421100075227,0.2042428944377043,-0.9835788999247734,27,82,-7.1,-5.9
CC1(C)C[C@H](C(=O)OO)OC=N1,CC1(C)C[C@H](C(=O)c2ccc(OOO)cc2)OC=N1,[*]C([*])=O,[*]C(=O)c1ccc(O[*])cc1,[*:1]-[CH0](-[*:2])=[OH0]>>[*:1]-[CH0](=[OH0])-[cH0]1:[cH1]:[cH1]:[cH0](-[OH0]-[*:2]):[cH1]:[cH1]:1,12,2.2485,265.09502258000003,0.5129578876217018,3.806186557259551,0.0476242378381058,-0.7938134427404497,27,83,-7.1,-5.1
CC1(C)C[C@H](C(=O)OO)OC=N1,CC1(C)C[C@H](S(=O)(=O)c2ccc(OO)cc2)OC=N1,[*]C([*])=O,[*]S(=O)(=O)c1ccc([*])cc1,[*:1]-[CH0](-[*:2])=[OH0]>>[*:1]-[SH0](=[OH0])(=[OH0])-[cH0]1:[cH1]:[cH1]:[cH0](-[*:2]):[cH1]:[cH1]:1,13,1.8654,285.06709358,0.6765264320520848,3.896331600242693,0.2111927822684888,-0.7036683997573077,27,84,-7.1,-3.5
CC1(C)C[C@H](C(=O)OO)OC=N1,CC1(C)C[C@H](S(=O)(=O)c2ccc(OO)cc2)OC=N1,[*]C([*])=O,[*]S(=O)(=O)c1ccc([*])cc1,[*:1]-[CH0](-[*:2])=[OH0]>>[*:1]-[SH0](=[OH0])(=[OH0])-[cH0]1:[cH1]:[cH1]:[cH0](-[*:2]):[cH1]:[cH1]:1,13,1.8654,285.06709358,0.6765264320520848,3.896331600242693,0.2111927822684888,-0.7036683997573077,27,85,-7.1,-2.9
CN[C@H]1O[C@H](C(=O)O)C[C@@H]1C(=O)O,CN[C@H]1O[C@H](C(=O)O)C[C@@H]1OC,[*]C(=O)O,[*]OC,[*:1]-[CH0](=[OH0])-[OH1]>>[*:1]-[OH0]-[CH3],264,-0.5795999999999992,175.084457896,0.6003488724417556,4.187497703246555,0.0678929921771189,0.0374977032465553,28,0,-7.1,-6.5
CN[C@H]1O[C@H](C(=O)O)C[C@@H]1C(=O)O,CC[C@H]1O[C@H](C(=O)O)C[C@@H]1C(=O)O,[*]NC,[*]CC,[*:1]-[NH1]-[CH3]>>[*:1]-[CH2]-[CH3],44,0.3393,188.068473484,0.666717683412419,3.7358671588158696,0.1342618031477823,-0.4141328411841298,28,1,-7.1,-7.0
CN[C@H]1O[C@H](C(=O)O)C[C@@H]1C(=O)O,COC[C@H]1O[C@H](C(=O)O)C[C@@H]1C(=O)O,[*]NC,[*]COC,[*:1]-[NH1]-[CH3]>>[*:1]-[CH2]-[OH0]-[CH3],13,-0.4242999999999997,204.063388104,0.6453582658237329,3.782197330441457,0.1129023855590962,-0.3678026695585421,28,2,-7.1,-6.7
CN[C@H]1O[C@H](C(=O)O)C[C@@H]1C(=O)O,CN[C@H]1O[C@H](C(C)C)C[C@@H]1C(=O)O,[*]C(=O)O,[*]C(C)C,[*:1]-[CH0](=[OH0])-[OH1]>>[*:1]-[CH1](-[CH3])-[CH3],15,0.6775999999999998,187.120843404,0.681737164294587,4.157116027594149,0.1492812840299503,0.0071160275941499,28,3,-7.1,-6.9
CN[C@H]1O[C@H](C(=O)O)C[C@@H]1C(=O)O,CC[C@H]1C[C@@H](C(=O)O)O[C@@H]1NC,[*]C(=O)O,[*]CC,[*:1]-[CH0](=[OH0])-[OH1]>>[*:1]-[CH2]-[CH3],27,0.4315999999999997,173.10519334,0.6495099779176772,4.244007318631171,0.1170540976530405,0.0940073186311716,28,4,-7.1,-7.0
CN[C@H]1O[C@H](C(=O)O)C[C@@H]1C(=O)O,CN[C@H]1O[C@H](C(=O)O)C[C@@H]1CN,[*]C(=O)O,[*]CN,[*:1]-[CH0](=[OH0])-[OH1]>>[*:1]-[CH2]-[NH2],41,-1.0196999999999994,174.100442308,0.5097270385208642,4.347399145554247,-0.0227288417437724,0.1973991455542476,28,5,-7.1,-6.8
CN[C@H]1O[C@H](C(=O)O)C[C@@H]1C(=O)O,CN[C@H]1O[C@H](CO)C[C@@H]1C(=O)O,[*]C(=O)O,[*]CO,[*:1]-[CH0](=[OH0])-[OH1]>>[*:1]-[CH2]-[OH1],242,-0.9860999999999998,175.084457896,0.5132094574033402,4.087450587861939,-0.0192464228612964,-0.0625494121380603,28,6,-7.1,-7.0
CN[C@H]1O[C@H](C(=O)O)C[C@@H]1C(=O)O,CN[C@H]1O[C@H](C(=O)O)C[C@@H]1C(N)=O,[*]C(=O)O,[*]C(N)=O,[*:1]-[CH0](=[OH0])-[OH1]>>[*:1]-[CH0](-[NH2])=[OH0],426,-1.4930999999999996,188.079706864,0.5003382782119827,4.2213418194493535,-0.0321176020526539,0.071341819449354,28,7,-7.1,-7.3
CN[C@H]1O[C@H](C(=O)O)C[C@@H]1C(=O)O,CC(C)[C@H]1O[C@H](C(=O)O)C[C@@H]1C(=O)O,[*]NC,[*]C(C)C,[*:1]-[NH1]-[CH3]>>[*:1]-[CH1](-[CH3])-[CH3],16,0.5853,202.084123548,0.6991215428548223,3.8225290352231625,0.1666656625901856,-0.327470964776837,28,8,-7.1,-7.3
CN[C@H]1O[C@H](C(=O)O)C[C@@H]1C(=O)O,CN(C)[C@H]1O[C@H](C(=O)O)C[C@@H]1C(=O)O,[*]NC,[*]N(C)C,[*:1]-[NH1]-[CH3]>>[*:1]-[NH0](-[CH3])-[CH3],1360,-0.5515999999999994,203.079372516,0.6394841563878664,4.070690573684702,0.1070282761232297,-0.0793094263152971,28,9,-7.1,-6.9
CN[C@H]1O[C@H](C(=O)O)C[C@@H]1C(=O)O,O=C(O)[C@@H]1C[C@H](C(=O)O)[C@@H](CO)O1,[*]NC,[*]CO,[*:1]-[NH1]-[CH3]>>[*:1]-[CH2]-[OH1],31,-1.0784,190.04773804,0.5226380887773365,3.734616932571525,-0.0098177914873001,-0.4153830674284746,28,10,-7.1,-7.0
CN[C@H]1O[C@H](C(=O)O)C[C@@H]1C(=O)O,O=C(O)[C@@H]1C[C@H](C(=O)O)[C@@H](C2CC2)O1,[*]NC,[*]C1CC1,[*:1]-[NH1]-[CH3]>>[*:1]-[CH1]1-[CH2]-[CH2]-1,19,0.3393,200.068473484,0.6858259088711498,3.791350760794888,0.1533700286065131,-0.3586492392051115,28,11,-7.1,-7.1
CN[C@H]1O[C@H](C(=O)O)C[C@@H]1C(=O)O,O=C(O)[C@@H]1C[C@H](C(=O)O)[C@@H](C(=O)O)O1,[*]NC,[*]C(=O)O,[*:1]-[NH1]-[CH3]>>[*:1]-[CH0](=[OH0])-[OH1],17,-0.9860999999999996,204.027002596,0.5392837770855173,3.780563650607778,0.0068278968208806,-0.3694363493922212,28,12,-7.1,-7.4
CN[C@H]1O[C@H](C(=O)O)C[C@@H]1C(=O)O,CN[C@H]1C[C@@H](C(=O)O)O[C@@H]1NC,[*]C(=O)O,[*]NC,[*:1]-[CH0](=[OH0])-[OH1]>>[*:1]-[NH1]-[CH3],17,-1.0065999999999988,174.100442308,0.5113449009226001,4.33101308786194,-0.0211109793420365,0.18101308786194,28,13,-7.1,-6.7
CN[C@H]1O[C@H](C(=O)O)C[C@@H]1C(=O)O,NC[C@H]1O[C@H](C(=O)O)C[C@@H]1C(=O)O,[*]NC,[*]CN,[*:1]-[NH1]-[CH3]>>[*:1]-[CH2]-[NH2],20,-1.111999999999999,189.063722452,0.5187950210291884,3.8776884257841946,-0.0136608592354482,-0.2723115742158049,28,14,-7.1,-6.8
CN[C@H]1O[C@H](C(=O)O)C[C@@H]1C(=O)O,NC(=O)[C@H]1O[C@H](C(=O)O)C[C@@H]1C(=O)O,[*]NC,[*]C(N)=O,[*:1]-[NH1]-[CH3]>>[*:1]-[CH0](-[NH2])=[OH0],27,-1.585399999999999,203.042987008,0.5072886823155349,3.869567496761624,-0.0251671979491017,-0.2804325032383756,28,15,-7.1,-7.4
CN[C@H]1O[C@H](C(=O)O)C[C@@H]1C(=O)O,CN[C@H]1O[C@H](C(=O)O)C[C@@H]1N(C)C,[*]C(=O)O,[*]N(C)C,[*:1]-[CH0](=[OH0])-[OH1]>>[*:1]-[NH0](-[CH3])-[CH3],51,-0.6643999999999985,188.116092372,0.6151352685440676,4.235815122616774,0.082679388279431,0.0858151226167747,28,16,-7.1,-6.7
CN[C@H]1O[C@H](C(=O)O)C[C@@H]1C(=O)O,CCO[C@@H]1C[C@H](C(=O)O)[C@@H](NC)O1,[*]C(=O)O,[*]OCC,[*:1]-[CH0](=[OH0])-[OH1]>>[*:1]-[OH0]-[CH2]-[CH3],26,0.0155999999999997,189.10010796,0.6519856804495584,4.1699034742651255,0.1195298001849217,0.019903474265126,28,17,-7.1,-6.9
CN[C@H]1O[C@H](C(=O)O)C[C@@H]1C(=O)O,CO[C@H]1O[C@H](C(=O)O)C[C@@H]1C(=O)O,[*]NC,[*]OC,[*:1]-[NH1]-[CH3]>>[*:1]-[OH0]-[CH3],601,-0.4667999999999997,190.04773804,0.6246649470056659,3.851307430309081,0.0922090667410292,-0.2986925696909184,28,18,-7.1,-6.9
CN[C@H]1O[C@H](C(=O)O)C[C@@H]1C(=O)O,O=C(O)[C@@H]1C[C@H](C(=O)O)[C@@H](N2CCC2)O1,[*]NC,[*]N1CCC1,[*:1]-[NH1]-[CH3]>>[*:1]-[NH0]1-[CH2]-[CH2]-[CH2]-1,131,-0.4075,215.079372516,0.6652752381384996,3.8030704144887872,0.132819357873863,-0.3469295855112122,28,19,-7.1,-6.9
CN[C@H]1O[C@H](C(=O)O)C[C@@H]1C(=O)O,CNC(=O)[C@H]1C[C@@H](C(=O)O)O[C@@H]1NC,[*]C(=O)O,[*]C(=O)NC,[*:1]-[CH0](=[OH0])-[OH1]>>[*:1]-[CH0](=[OH0])-[NH1]-[CH3],187,-1.232399999999999,202.095356928,0.5329560423276297,4.173590677634805,0.000500162062993,0.0235906776348056,28,20,-7.1,-7.3
CN[C@H]1O[C@H](C(=O)O)C[C@@H]1C(=O)O,CN(C)C[C@H]1O[C@H](C(=O)O)C[C@@H]1C(=O)O,[*]NC,[*]CN(C)C,[*:1]-[NH1]-[CH3]>>[*:1]-[CH2]-[NH0](-[CH3])-[CH3],14,-0.5090999999999992,217.09502258,0.6592178499725907,3.7993274263231074,0.126761969707954,-0.3506725736768921,28,21,-7.1,-6.5
CN[C@H]1O[C@H](C(=O)O)C[C@@H]1C(=O)O,CN(C)C(=O)[C@H]1O[C@H](C(=O)O)C[C@@H]1C(=O)O,[*]NC,[*]C(=O)N(C)C,[*:1]-[NH1]-[CH3]>>[*:1]-[CH0](=[OH0])-[NH0](-[CH3])-[CH3],10,-0.9824999999999982,231.074287136,0.64637823592168,3.840740733509751,0.1139223556570433,-0.3092592664902485,28,22,-7.1,-6.2
CN[C@H]1O[C@H](C(=O)O)C[C@@H]1C(=O)O,CN[C@H]1O[C@H](C(=O)O)C[C@@H]1C(C)(C)C,[*]C(=O)O,[*]C(C)(C)C,[*:1]-[CH0](=[OH0])-[OH1]>>[*:1]-[CH0](-[CH3])(-[CH3])-[CH3],26,1.0677,201.136493468,0.7012636223965335,4.188575189069317,0.1688077421318968,0.0385751890693173,28,23,-7.1,-6.6
CN[C@H]1O[C@H](C(=O)O)C[C@@H]1C(=O)O,O=C(O)[C@@H]1C[C@H](C(=O)O)[C@@H](N2CCCC2)O1,[*]NC,[*]N1CCCC1,[*:1]-[NH1]-[CH3]>>[*:1]-[NH0]1-[CH2]-[CH2]-[CH2]-[CH2]-1,271,-0.0174000000000004,229.09502258,0.7070051557788684,3.723981889914321,0.1745492755142317,-0.4260181100856783,28,24,-7.1,-6.6
CN[C@H]1O[C@H](C(=O)O)C[C@@H]1C(=O)O,CN[C@H]1O[C@H](C(=O)N(C)C)C[C@@H]1C(=O)O,[*]C(=O)O,[*]C(=O)N(C)C,[*:1]-[CH0](=[OH0])-[OH1]>>[*:1]-[CH0](=[OH0])-[NH0](-[CH3])-[CH3],153,-0.8901999999999985,216.111006992,0.639527191362182,4.145889556500622,0.1070713110975453,-0.0041104434993775,28,25,-7.1,-6.3
CN[C@H]1O[C@H](C(=O)O)C[C@@H]1C(=O)O,CN[C@H]1O[C@H](C(=O)O)C[C@@H]1CN(C)C,[*]C(=O)O,[*]CN(C)C,[*:1]-[CH0](=[OH0])-[OH1]>>[*:1]-[CH2]-[NH0](-[CH3])-[CH3],24,-0.4167999999999988,202.131742436,0.6482759479227922,4.214451800295928,0.1158200676581555,0.0644518002959282,28,26,-7.1,-5.9
CN[C@H]1O[C@H](C(=O)O)C[C@@H]1C(=O)O,CN[C@H]1O[C@H](NC(C)=O)C[C@@H]1C(=O)O,[*]C(=O)O,[*]NC(C)=O,[*:1]-[CH0](=[OH0])-[OH1]>>[*:1]-[NH1]-[CH0](-[CH3])=[OH0],88,-0.8847999999999996,202.095356928,0.5525885299007097,4.270674669318797,0.020132649636073,0.1206746693187978,28,27,-7.1,-7.0
CN[C@H]1O[C@H](C(=O)O)C[C@@H]1C(=O)O,CN[C@H]1O[C@H](N2CCN(C)CC2)C[C@@H]1C(=O)O,[*]C(=O)O,[*]N1CCN(C)CC1,[*:1]-[CH0](=[OH0])-[OH1]>>[*:1]-[NH0]1-[CH2]-[CH2]-[NH0](-[CH3])-[CH2]-[CH2]-1,14,-0.7734999999999972,243.158291532,0.6782178755081282,3.935587944628537,0.1457619952434915,-0.2144120553714623,28,28,-7.1,-4.4
CN[C@H]1O[C@H](C(=O)O)C[C@@H]1C(=O)O,CC(=O)N[C@H]1O[C@H](C(=O)O)C[C@@H]1C(=O)O,[*]NC,[*]NC(C)=O,[*:1]-[NH1]-[CH3]>>[*:1]-[NH1]-[CH0](-[CH3])=[OH0],122,-0.9770999999999992,217.058637072,0.5597792162238374,3.894091923364528,0.0273233359592007,-0.255908076635472,28,29,-7.1,-8.3
CN[C@H]1O[C@H](C(=O)O)C[C@@H]1C(=O)O,CN[C@H]1O[C@H](CCO)C[C@@H]1C(=O)O,[*]C(=O)O,[*]CCO,[*:1]-[CH0](=[OH0])-[OH1]>>[*:1]-[CH2]-[CH2]-[OH1],26,-0.5960000000000001,189.10010796,0.5503015066183113,4.0893623753640265,0.0178456263536747,-0.060637624635973,28,30,-7.1,-6.8
CN[C@H]1O[C@H](C(=O)O)C[C@@H]1C(=O)O,CC(=O)N(C)[C@H]1O[C@H](C(=O)O)C[C@@H]1C(=O)O,[*]NC,[*]N(C)C(C)=O,[*:1]-[NH1]-[CH3]>>[*:1]-[NH0](-[CH3])-[CH0](-[CH3])=[OH0],27,-0.6348999999999989,231.074287136,0.6694147424593848,3.9971482382001833,0.1369588621947481,-0.1528517617998162,28,31,-7.1,-7.0
CN[C@H]1O[C@H](C(=O)O)C[C@@H]1C(=O)O,CCC[C@H]1O[C@H](C(=O)O)C[C@@H]1C(=O)O,[*]NC,[*]CCC,[*:1]-[NH1]-[CH3]>>[*:1]-[CH2]-[CH2]-[CH3],10,0.7293999999999999,202.084123548,0.7016199389659328,3.720903775347902,0.1691640587012961,-0.4290962246520973,28,32,-7.1,-7.0
CN[C@H]1O[C@H](C(=O)O)C[C@@H]1C(=O)O,CNC(=O)[C@H]1O[C@H](C(=O)O)C[C@@H]1C(=O)O,[*]NC,[*]C(=O)NC,[*:1]-[NH1]-[CH3]>>[*:1]-[CH0](=[OH0])-[NH1]-[CH3],18,-1.3246999999999984,217.058637072,0.5397622661837426,3.833538077210681,0.0073063859191059,-0.3164619227893182,28,33,-7.1,-7.6
CN[C@H]1O[C@H](C(=O)O)C[C@@H]1C(=O)O,CN[C@H]1O[C@H](C(=O)O)C[C@@H]1COC,[*]C(=O)O,[*]COC,[*:1]-[CH0](=[OH0])-[OH1]>>[*:1]-[CH2]-[OH0]-[CH3],25,-0.3319999999999994,189.10010796,0.6333915290615884,4.252161496243147,0.1009356487969517,0.1021614962431476,28,34,-7.1,-6.6
CN[C@H]1O[C@H](C(=O)O)C[C@@H]1C(=O)O,CCN(C)[C@H]1O[C@H](C(=O)O)C[C@@H]1C(=O)O,[*]NC,[*]N(C)CC,[*:1]-[NH1]-[CH3]>>[*:1]-[NH0](-[CH3])-[CH2]-[CH3],71,-0.1615000000000001,217.09502258,0.6799512897652789,4.078174763601214,0.1474954095006422,-0.0718252363987854,28,35,-7.1,-6.9
CN[C@H]1O[C@H](C(=O)O)C[C@@H]1C(=O)O,CCN[C@H]1O[C@H](C(=O)O)C[C@@H]1C(=O)O,[*]NC,[*]NCC,[*:1]-[NH1]-[CH3]>>[*:1]-[NH1]-[CH2]-[CH3],665,-0.5036999999999994,203.079372516,0.569506178381352,4.061219783663911,0.0370502981167153,-0.0887802163360884,28,36,-7.1,-7.3
CN[C@H]1O[C@H](C(=O)O)C[C@@H]1C(=O)O,CN[C@H]1O[C@H](N2CCOCC2)C[C@@H]1C(=O)O,[*]C(=O)O,[*]N1CCOCC1,[*:1]-[CH0](=[OH0])-[OH1]>>[*:1]-[NH0]1-[CH2]-[CH2]-[OH0]-[CH2]-[CH2]-1,37,-0.6886999999999988,230.126657056,0.6685849965758737,4.017317694110126,0.136129116311237,-0.1326823058898734,28,37,-7.1,-5.3
CN[C@H]1O[C@H](C(=O)O)C[C@@H]1C(=O)O,CN[C@H]1O[C@H](C(=O)O)C[C@@H]1C(F)(F)F,[*]C(=O)O,[*]C(F)(F)F,[*:1]-[CH0](=[OH0])-[OH1]>>[*:1]-[CH0](-[FH0])(-[FH0])-[FH0],118,0.5838999999999995,213.06127784,0.7041670553440323,4.296536727530855,0.1717111750793957,0.1465367275308553,28,38,-7.1,-7.4
CN[C@H]1O[C@H](C(=O)O)C[C@@H]1C(=O)O,CN[C@H]1O[C@H](C(=O)O)C[C@@H]1CC(N)=O,[*]C(=O)O,[*]CC(N)=O,[*:1]-[CH0](=[OH0])-[OH1]>>[*:1]-[CH2]-[CH0](-[NH2])=[OH0],13,-1.1029999999999998,202.095356928,0.5366129548511235,4.24164265268678,0.0041570745864868,0.0916426526867804,28,39,-7.1,-7.4
CN[C@H]1O[C@H](C(=O)O)C[C@@H]1C(=O)O,O=C(O)[C@@H]1C[C@H](C(=O)O)[C@@H](N2CCCCC2)O1,[*]NC,[*]N1CCCCC1,[*:1]-[NH1]-[CH3]>>[*:1]-[NH0]1-[CH2]-[CH2]-[CH2]-[CH2]-[CH2]-1,188,0.3727000000000001,243.110672644,0.7444593910487554,3.662665522369944,0.2120035107841187,-0.4873344776300552,28,40,-7.1,-6.4
CN[C@H]1O[C@H](C(=O)O)C[C@@H]1C(=O)O,CC(C)(C)[C@H]1O[C@H](C(=O)O)C[C@@H]1C(=O)O,[*]NC,[*]C(C)(C)C,[*:1]-[NH1]-[CH3]>>[*:1]-[CH0](-[CH3])(-[CH3])-[CH3],11,0.9754,216.099773612,0.7182683967913333,3.893159503557614,0.1858125165266966,-0.2568404964423854,28,41,-7.1,-6.7
CN[C@H]1O[C@H](C(=O)O)C[C@@H]1C(=O)O,CN[C@H]1O[C@H](C(=O)O)C[C@@H]1OC(C)C,[*]C(=O)O,[*]OC(C)C,[*:1]-[CH0](=[OH0])-[OH1]>>[*:1]-[OH0]-[CH1](-[CH3])-[CH3],12,0.1989999999999994,203.115758024,0.6827900395723233,4.180079658923786,0.1503341593076866,0.0300796589237863,28,42,-7.1,-6.8
CN[C@H]1O[C@H](C(=O)O)C[C@@H]1C(=O)O,O=C(O)[C@@H]1C[C@H](C(=O)O)[C@@H](N2CCOCC2)O1,[*]NC,[*]N1CCOCC1,[*:1]-[NH1]-[CH3]>>[*:1]-[NH0]1-[CH2]-[CH2]-[OH0]-[CH2]-[CH2]-1,369,-0.7809999999999984,245.0899372,0.67277490033356,3.792934262140811,0.1403190200689233,-0.3570657378591884,28,43,-7.1,-6.8
CN[C@H]1O[C@H](C(=O)O)C[C@@H]1C(=O)O,CN[C@H]1O[C@H](C(=O)O)C[C@@H]1OC(F)(F)F,[*]C(=O)O,[*]OC(F)(F)F,[*:1]-[CH0](=[OH0])-[OH1]>>[*:1]-[OH0]-[CH0](-[FH0])(-[FH0])-[FH0],36,0.3104,229.05619246,0.7285795418380315,4.352023284311274,0.1961236615733949,0.2020232843112746,28,44,-7.1,-7.1
CN[C@H]1O[C@H](C(=O)O)C[C@@H]1C(=O)O,COC(=O)N[C@H]1O[C@H](C(=O)O)C[C@@H]1C(=O)O,[*]NC,[*]NC(=O)OC,[*:1]-[NH1]-[CH3]>>[*:1]-[NH1]-[CH0](=[OH0])-[OH0]-[CH3],29,-0.7571999999999997,233.053551692,0.5852235494924322,3.891146924879358,0.0527676692277955,-0.2588530751206415,28,45,-7.1,-7.4
CN[C@H]1O[C@H](C(=O)O)C[C@@H]1C(=O)O,CN1CCN([C@H]2O[C@H](C(=O)O)C[C@@H]2C(=O)O)CC1,[*]NC,[*]N1CCN(C)CC1,[*:1]-[NH1]-[CH3]>>[*:1]-[NH0]1-[CH2]-[CH2]-[NH0](-[CH3])-[CH2]-[CH2]-1,186,-0.8657999999999977,258.12157167600003,0.6799776524632242,3.726282792320428,0.1475217721985875,-0.4237172076795712,28,46,-7.1,-4.9
CN[C@H]1O[C@H](C(=O)O)C[C@@H]1C(=O)O,CN[C@H]1O[C@H](C(=O)O)C[C@@H]1C(=O)N1CCC1,[*]C(=O)O,[*]C(=O)N1CCC1,[*:1]-[CH0](=[OH0])-[OH1]>>[*:1]-[CH0](=[OH0])-[NH0]1-[CH2]-[CH2]-[CH2]-1,12,-0.7460999999999991,228.111006992,0.6644547144842696,3.899315618975958,0.131998834219633,-0.2506843810240413,28,47,-7.1,-6.3
CN[C@H]1O[C@H](C(=O)O)C[C@@H]1C(=O)O,CN[C@H]1O[C@H](CC(=O)O)C[C@@H]1C(=O)O,[*]C(=O)O,[*]CC(=O)O,[*:1]-[CH0](=[OH0])-[OH1]>>[*:1]-[CH2]-[CH0](=[OH0])-[OH1],212,-0.5036999999999991,203.079372516,0.5695061783813521,3.918005646449775,0.0370502981167154,-0.2319943535502249,28,48,-7.1,-7.3
CN[C@H]1O[C@H](C(=O)O)C[C@@H]1C(=O)O,CCNC(=O)[C@@H]1C[C@H](C(=O)O)[C@@H](NC)O1,[*]C(=O)O,[*]C(=O)NCC,[*:1]-[CH0](=[OH0])-[OH1]>>[*:1]-[CH0](=[OH0])-[NH1]-[CH2]-[CH3],40,-0.8422999999999994,216.111006992,0.5699201264758273,4.0355438760272495,0.0374642462111907,-0.1144561239727499,28,49,-7.1,-6.4
CN[C@H]1O[C@H](C(=O)O)C[C@@H]1C(=O)O,CN[C@H]1O[C@H](C(=O)N2CCCCC2)C[C@@H]1C(=O)O,[*]C(=O)O,[*]C(=O)N1CCCCC1,[*:1]-[CH0](=[OH0])-[OH1]>>[*:1]-[CH0](=[OH0])-[NH0]1-[CH2]-[CH2]-[CH2]-[CH2]-[CH2]-1,29,0.034100000000001,256.14230712,0.7447734182624308,3.74791387552294,0.2123175379977941,-0.4020861244770595,28,50,-7.1,-4.5
CN[C@H]1O[C@H](C(=O)O)C[C@@H]1C(=O)O,CN[C@H]1O[C@H](C(=O)N2CCCC2)C[C@@H]1C(=O)O,[*]C(=O)O,[*]C(=O)N1CCCC1,[*:1]-[CH0](=[OH0])-[OH1]>>[*:1]-[CH0](=[OH0])-[NH0]1-[CH2]-[CH2]-[CH2]-[CH2]-1,20,-0.3559999999999986,242.126657056,0.7065573077680519,3.806924769505788,0.1741014275034152,-0.3430752304942119,28,51,-7.1,-5.4
CN[C@H]1O[C@H](C(=O)O)C[C@@H]1C(=O)O,O=C(O)[C@@H]1C[C@H](C(=O)O)[C@@H](NC2CC2)O1,[*]NC,[*]NC1CC1,[*:1]-[NH1]-[CH3]>>[*:1]-[NH1]-[CH1]1-[CH2]-[CH2]-1,283,-0.3612000000000004,215.079372516,0.5922746539164754,4.020188491411865,0.0598187736518387,-0.1298115085881344,28,52,-7.1,-7.5
CN[C@H]1O[C@H](C(=O)O)C[C@@H]1C(=O)O,O=C(O)[C@@H]1C[C@H](C(=O)O)[C@@H](C(F)(F)F)O1,[*]NC,[*]C(F)(F)F,[*:1]-[NH1]-[CH3]>>[*:1]-[CH0](-[FH0])(-[FH0])-[FH0],28,0.4915999999999999,228.024557984,0.7181169522836441,3.9907603132742127,0.1856610720190075,-0.1592396867257868,28,53,-7.1,-7.6
CN[C@H]1O[C@H](C(=O)O)C[C@@H]1C(=O)O,CN[C@H]1O[C@H](C(=O)O)C[C@@H]1N1CCCCC1,[*]C(=O)O,[*]N1CCCCC1,[*:1]-[CH0](=[OH0])-[OH1]>>[*:1]-[NH0]1-[CH2]-[CH2]-[CH2]-[CH2]-[CH2]-1,10,0.2599000000000002,228.1473925,0.7252831973489299,3.821933078725511,0.1928273170842932,-0.3280669212744884,28,54,-7.1,-6.6
CN[C@H]1O[C@H](C(=O)O)C[C@@H]1C(=O)O,CC(=O)[C@H]1O[C@H](C(=O)O)C[C@@H]1C(=O)O,[*]NC,[*]C(C)=O,[*:1]-[NH1]-[CH3]>>[*:1]-[CH0](-[CH3])=[OH0],10,-0.4817000000000001,202.04773804,0.6404333868789389,3.864055958300086,0.1079775066143022,-0.2859440416999135,28,55,-7.1,-7.1
CN[C@H]1O[C@H](C(=O)O)C[C@@H]1C(=O)O,CN[C@H]1O[C@H](C(=O)NC2CC2)C[C@@H]1C(=O)O,[*]C(=O)O,[*]C(=O)NC1CC1,[*:1]-[CH0](=[OH0])-[OH1]>>[*:1]-[CH0](=[OH0])-[NH1]-[CH1]1-[CH2]-[CH2]-1,32,-0.6997999999999995,228.111006992,0.5919673890560347,3.963333150281862,0.0595115087913981,-0.1866668497181374,28,56,-7.1,-6.2
CN[C@H]1O[C@H](C(=O)O)C[C@@H]1C(=O)O,COC(=O)[C@H]1O[C@H](C(=O)O)C[C@@H]1C(=O)O,[*]NC,[*]C(=O)OC,[*:1]-[NH1]-[CH3]>>[*:1]-[CH0](=[OH0])-[OH0]-[CH3],10,-0.8976999999999997,218.04265266,0.5904239003920808,3.746790148216598,0.0579680201274441,-0.4032098517834015,28,57,-7.1,-7.2
CN[C@H]1O[C@H](C(=O)O)C[C@@H]1C(=O)O,CC(C)N[C@H]1O[C@H](C(=O)O)C[C@@H]1C(=O)O,[*]NC,[*]NC(C)C,[*:1]-[NH1]-[CH3]>>[*:1]-[NH1]-[CH1](-[CH3])-[CH3],338,-0.1152000000000005,217.09502258,0.6074702316575455,4.040641035790562,0.0750143513929089,-0.109358964209437,28,58,-7.1,-7.8
CN[C@H]1O[C@H](C(=O)O)C[C@@H]1C(=O)O,CN[C@H]1O[C@H](C(=O)O)C[C@@H]1CNC(C)=O,[*]C(=O)O,[*]CNC(C)=O,[*:1]-[CH0](=[OH0])-[OH1]>>[*:1]-[CH2]-[NH1]-[CH0](-[CH3])=[OH0],13,-0.8422999999999994,216.111006992,0.5699201264758273,4.057725414488787,0.0374642462111907,-0.0922745855112125,28,59,-7.1,-7.2
CN[C@H]1O[C@H](C(=O)O)C[C@@H]1C(=O)O,CN[C@H]1O[C@H](C(=O)O)C[C@@H]1C(C)(C)O,[*]C(=O)O,[*]C(C)(C)O,[*:1]-[CH0](=[OH0])-[OH1]>>[*:1]-[CH0](-[CH3])(-[CH3])-[OH1],20,-0.2075000000000003,203.115758024,0.5913582483781977,4.317532881377009,0.058902368113561,0.1675328813770091,28,60,-7.1,-7.1
CN[C@H]1O[C@H](C(=O)O)C[C@@H]1C(=O)O,CCCN(CCC)[C@H]1O[C@H](C(=O)O)C[C@@H]1C(=O)O,[*]NC,[*]N(CCC)CCC,[*:1]-[NH1]-[CH3]>>[*:1]-[NH0](-[CH2]-[CH2]-[CH3])-[CH2]-[CH2]-[CH3],14,1.0088,259.14197277200003,0.7091869161381534,3.9146706062921712,0.1767310358735168,-0.2353293937078282,28,61,-7.1,-5.6
CN[C@H]1O[C@H](C(=O)O)C[C@@H]1C(=O)O,CN[C@H]1O[C@H](C(=O)O)C[C@@H]1C(C)=O,[*]C(=O)O,[*]C(C)=O,[*:1]-[CH0](=[OH0])-[OH1]>>[*:1]-[CH0](-[CH3])=[OH0],68,-0.3893999999999996,187.084457896,0.6290030220289139,4.209067611304557,0.0965471417642772,0.0590676113045578,28,62,-7.1,-6.9
CN[C@H]1O[C@H](C(=O)O)C[C@@H]1C(=O)O,CN1CCCN([C@H]2O[C@H](C(=O)O)C[C@@H]2C(=O)O)CC1,[*]NC,[*]N1CCCN(C)CC1,[*:1]-[NH1]-[CH3]>>[*:1]-[NH0]1-[CH2]-[CH2]-[CH2]-[NH0](-[CH3])-[CH2]-[CH2]-1,12,-0.4756999999999972,272.13722174000003,0.7170576691295295,3.728166327966784,0.1846017888648928,-0.4218336720332152,28,63,-7.1,-3.8
CN[C@H]1O[C@H](C(=O)O)C[C@@H]1C(=O)O,CC(C)N(C)[C@H]1O[C@H](C(=O)O)C[C@@H]1C(=O)O,[*]NC,[*]N(C)C(C)C,[*:1]-[NH1]-[CH3]>>[*:1]-[NH0](-[CH3])-[CH1](-[CH3])-[CH3],38,0.2269999999999997,231.110672644,0.7196905890251777,4.053573003678606,0.187234708760541,-0.0964269963213935,28,64,-7.1,-6.7
CN[C@H]1O[C@H](C(=O)O)C[C@@H]1C(=O)O,CN[C@H]1O[C@H](C(=O)O)C[C@@H]1OCCO,[*]C(=O)O,[*]OCCO,[*:1]-[CH0](=[OH0])-[OH1]>>[*:1]-[OH0]-[CH2]-[CH2]-[OH1],17,-1.2170999999999992,205.09502258,0.5213216320970463,4.187684703239357,-0.0111342481675903,0.0376847032393579,28,65,-7.1,-6.6
CN[C@H]1O[C@H](C(=O)O)C[C@@H]1C(=O)O,CCCN[C@H]1O[C@H](C(=O)O)C[C@@H]1C(=O)O,[*]NC,[*]NCCC,[*:1]-[NH1]-[CH3]>>[*:1]-[NH1]-[CH2]-[CH2]-[CH3],220,-0.1136000000000007,217.09502258,0.5941393807594282,3.905331183719556,0.0616835004947915,-0.2446688162804431,28,66,-7.1,-7.1
CN[C@H]1O[C@H](C(=O)O)C[C@@H]1C(=O)O,O=C(O)[C@@H]1C[C@H](C(=O)O)[C@@H](NC2CCC2)O1,[*]NC,[*]NC1CCC1,[*:1]-[NH1]-[CH3]>>[*:1]-[NH1]-[CH1]1-[CH2]-[CH2]-[CH2]-1,55,0.0288999999999993,229.09502258,0.6290369174650546,3.945787175326585,0.096581037200418,-0.2042128246734149,28,67,-7.1,-7.1
CN[C@H]1O[C@H](C(=O)O)C[C@@H]1C(=O)O,O=C(O)[C@@H]1C[C@H](C(=O)O)[C@@H](NC2CCCC2)O1,[*]NC,[*]NC1CCCC1,[*:1]-[NH1]-[CH3]>>[*:1]-[NH1]-[CH1]1-[CH2]-[CH2]-[CH2]-[CH2]-1,88,0.4189999999999999,243.110672644,0.6618911363036732,3.84492804282821,0.1294352560390366,-0.3050719571717888,28,68,-7.1,-7.2
CN[C@H]1O[C@H](C(=O)O)C[C@@H]1C(=O)O,O=C(O)[C@@H]1C[C@H](C(=O)O)[C@@H](N2CC(O)C2)O1,[*]NC,[*]N1CC(O)C1,[*:1]-[NH1]-[CH3]>>[*:1]-[NH0]1-[CH2]-[CH1](-[OH1])-[CH2]-1,51,-1.4366999999999983,231.074287136,0.5457878483444002,4.044542529274961,0.0133319680797635,-0.1054574707250388,28,69,-7.1,-7.2
CN[C@H]1O[C@H](C(=O)O)C[C@@H]1C(=O)O,CN[C@H]1O[C@H](C(=O)N2CCOCC2)C[C@@H]1C(=O)O,[*]C(=O)O,[*]C(=O)N1CCOCC1,[*:1]-[CH0](=[OH0])-[OH1]>>[*:1]-[CH0](=[OH0])-[NH0]1-[CH2]-[CH2]-[OH0]-[CH2]-[CH2]-1,80,-1.1195999999999973,258.12157167600003,0.6664872073277702,3.8538120293690943,0.1340313270631336,-0.2961879706309052,28,70,-7.1,-5.3
CN[C@H]1O[C@H](C(=O)O)C[C@@H]1C(=O)O,CCN(CC)[C@H]1O[C@H](C(=O)O)C[C@@H]1C(=O)O,[*]NC,[*]N(CC)CC,[*:1]-[NH1]-[CH3]>>[*:1]-[NH0](-[CH2]-[CH3])-[CH2]-[CH3],156,0.2285999999999995,231.110672644,0.7038824086015218,4.005094177626609,0.1714265283368852,-0.1449058223733903,28,71,-7.1,-7.0
CN[C@H]1O[C@H](C(=O)O)C[C@@H]1C(=O)O,N#CC1CN([C@H]2O[C@H](C(=O)O)C[C@@H]2C(=O)O)C1,[*]NC,[*]N1CC(C#N)C1,[*:1]-[NH1]-[CH3]>>[*:1]-[NH0]1-[CH2]-[CH1](-[CH0]#[NH0])-[CH2]-1,10,-0.6578199999999998,240.074621484,0.673254701202112,4.284054262140812,0.1407988209374753,0.134054262140812,28,72,-7.1,-5.8
CN[C@H]1O[C@H](C(=O)O)C[C@@H]1C(=O)O,CN(C1CC1)[C@H]1O[C@H](C(=O)O)C[C@@H]1C(=O)O,[*]NC,[*]N(C)C1CC1,[*:1]-[NH1]-[CH3]>>[*:1]-[NH0](-[CH3])-[CH1]1-[CH2]-[CH2]-1,11,-0.0190000000000002,229.09502258,0.704174710958431,4.06909307872551,0.1717188306937943,-0.0809069212744892,28,73,-7.1,-6.1
CN[C@H]1O[C@H](C(=O)O)C[C@@H]1C(=O)O,CCO[C@H]1O[C@H](C(=O)O)C[C@@H]1C(=O)O,[*]NC,[*]OCC,[*:1]-[NH1]-[CH3]>>[*:1]-[OH0]-[CH2]-[CH3],207,-0.0766999999999998,204.063388104,0.665027282728324,3.831732881377009,0.1325714024636873,-0.3182671186229902,28,74,-7.1,-7.2
CN[C@H]1O[C@H](C(=O)O)C[C@@H]1C(=O)O,O=C(O)[C@@H]1C[C@H](C(=O)O)[C@@H](N2CCNCC2)O1,[*]NC,[*]N1CCNCC1,[*:1]-[NH1]-[CH3]>>[*:1]-[NH0]1-[CH2]-[CH2]-[NH1]-[CH2]-[CH2]-1,85,-1.207999999999997,244.105921612,0.5726590255382512,3.9158763243339374,0.0402031452736145,-0.2341236756660611,28,75,-7.1,-7.5
CN[C@H]1O[C@H](C(=O)O)C[C@@H]1C(=O)O,O=C(O)[C@@H]1C[C@H](C(=O)O)[C@@H](N2CCCCCC2)O1,[*]NC,[*]N1CCCCCC1,[*:1]-[NH1]-[CH3]>>[*:1]-[NH0]1-[CH2]-[CH2]-[CH2]-[CH2]-[CH2]-[CH2]-1,17,0.7628,257.12632270800003,0.7759436096778349,3.612310183215248,0.2434877294131983,-0.5376898167847513,28,76,-7.1,-5.3
CN[C@H]1O[C@H](C(=O)O)C[C@@H]1C(=O)O,O=C(O)[C@@H]1C[C@H](C(=O)O)[C@@H](N2CCCOCC2)O1,[*]NC,[*]N1CCCOCC1,[*:1]-[NH1]-[CH3]>>[*:1]-[NH0]1-[CH2]-[CH2]-[CH2]-[OH0]-[CH2]-[CH2]-1,12,-0.3908999999999987,259.105587264,0.7120234945700892,3.805131721676786,0.1795676143054525,-0.3448682783232133,28,77,-7.1,-6.1
CN[C@H]1O[C@H](C(=O)O)C[C@@H]1C(=O)O,CN[C@H]1O[C@H](C(=O)O)C[C@@H]1C(=O)NC(C)C,[*]C(=O)O,[*]C(=O)NC(C)C,[*:1]-[CH0](=[OH0])-[OH1]>>[*:1]-[CH0](=[OH0])-[NH1]-[CH1](-[CH3])-[CH3],30,-0.4537999999999996,230.126657056,0.6083652391225775,3.9724765952090273,0.0759093588579408,-0.1775234047909721,28,78,-7.1,-6.5
CN[C@H]1O[C@H](C(=O)O)C[C@@H]1C(=O)O,CN[C@H]1O[C@H](C(=O)O)C[C@@H]1C(=O)N1CCNCC1,[*]C(=O)O,[*]C(=O)N1CCNCC1,[*:1]-[CH0](=[OH0])-[OH1]>>[*:1]-[CH0](=[OH0])-[NH0]1-[CH2]-[CH2]-[NH1]-[CH2]-[CH2]-1,11,-1.5465999999999975,257.137556088,0.5670908948393384,3.9814957216767857,0.0346350145747017,-0.1685042783232138,28,79,-7.1,-5.5
CN[C@H]1O[C@H](C(=O)O)C[C@@H]1C(=O)O,CN[C@H]1O[C@H](C(=O)O)C[C@@H]1C(=O)OC,[*]C(=O)O,[*]C(=O)OC,[*:1]-[CH0](=[OH0])-[OH1]>>[*:1]-[CH0](=[OH0])-[OH0]-[CH3],638,-0.8053999999999992,203.079372516,0.5836903904059263,4.064393172437301,0.0512345101412896,-0.0856068275626986,28,80,-7.1,-6.8
CN[C@H]1O[C@H](C(=O)O)C[C@@H]1C(=O)O,CN[C@H]1O[C@H](C(=O)O)C[C@@H]1OCC(=O)O,[*]C(=O)O,[*]OCC(=O)O,[*:1]-[CH0](=[OH0])-[OH1]>>[*:1]-[OH0]-[CH2]-[CH0](=[OH0])-[OH1],48,-1.1247999999999994,219.074287136,0.5371899850030725,4.069106952950326,0.0047341047384358,-0.0808930470496731,28,81,-7.1,-6.8
CN[C@H]1O[C@H](C(=O)O)C[C@@H]1C(=O)O,CN[C@H]1O[C@H](CN2CCOCC2)C[C@@H]1C(=O)O,[*]C(=O)O,[*]CN1CCOCC1,[*:1]-[CH0](=[OH0])-[OH1]>>[*:1]-[CH2]-[NH0]1-[CH2]-[CH2]-[OH0]-[CH2]-[CH2]-1,19,-0.6461999999999974,244.14230712,0.6848505485545004,3.737627531371582,0.1523946682898638,-0.4123724686284173,28,82,-7.1,-5.9
CN[C@H]1O[C@H](C(=O)O)C[C@@H]1C(=O)O,CN[C@H]1O[C@H](C(=O)O)C[C@@H]1NS(C)(=O)=O,[*]C(=O)O,[*]NS(C)(=O)=O,[*:1]-[CH0](=[OH0])-[OH1]>>[*:1]-[NH1]-[SH0](-[CH3])(=[OH0])=[OH0],55,-1.6767999999999983,238.062342548,0.5402876631927984,4.204927426323107,0.0078317829281617,0.0549274263231076,28,83,-7.1,-6.5
CN[C@H]1O[C@H](C(=O)O)C[C@@H]1C(=O)O,CC1CCN([C@H]2O[C@H](C(=O)O)C[C@@H]2C(=O)O)CC1,[*]NC,[*]N1CCC(C)CC1,[*:1]-[NH1]-[CH3]>>[*:1]-[NH0]1-[CH2]-[CH2]-[CH1](-[CH3])-[CH2]-[CH2]-1,20,0.6187000000000001,257.12632270800003,0.7703243163493289,3.741858302524509,0.2378684360846922,-0.4081416974754903,28,84,-7.1,-5.7
CN[C@H]1O[C@H](C(=O)O)C[C@@H]1C(=O)O,CC(C)(C)N[C@H]1O[C@H](C(=O)O)C[C@@H]1C(=O)O,[*]NC,[*]NC(C)(C)C,[*:1]-[NH1]-[CH3]>>[*:1]-[NH1]-[CH0](-[CH3])(-[CH3])-[CH3],101,0.2748999999999993,231.110672644,0.6451050439085253,4.055997769157031,0.1126491636438886,-0.0940022308429684,28,85,-7.1,-7.9
CN[C@H]1O[C@H](C(=O)O)C[C@@H]1C(=O)O,CCCN(C)[C@H]1O[C@H](C(=O)O)C[C@@H]1C(=O)O,[*]NC,[*]N(C)CCC,[*:1]-[NH1]-[CH3]>>[*:1]-[NH0](-[CH3])-[CH2]-[CH2]-[CH3],22,0.2285999999999995,231.110672644,0.7038824086015218,4.036132639165071,0.1714265283368852,-0.1138673608349281,28,86,-7.1,-6.7
CN[C@H]1O[C@H](C(=O)O)C[C@@H]1C(=O)O,O=C(O)[C@@H]1C[C@H](C(=O)O)[C@@H](OCCO)O1,[*]NC,[*]OCCO,[*:1]-[NH1]-[CH3]>>[*:1]-[OH0]-[CH2]-[CH2]-[OH1],24,-1.1042999999999992,220.058302724,0.5382182753831916,3.8971757991041738,0.0057623951185549,-0.2528242008958257,28,87,-7.1,-7.0
CN[C@H]1O[C@H](C(=O)O)C[C@@H]1C(=O)O,CN[C@H]1O[C@H](NC(N)=O)C[C@@H]1C(=O)O,[*]C(=O)O,[*]NC(N)=O,[*:1]-[CH0](=[OH0])-[OH1]>>[*:1]-[NH1]-[CH0](-[NH2])=[OH0],10,-1.3525999999999987,203.090605896,0.4524438293979052,4.34419026183439,-0.0800120508667314,0.1941902618343904,28,88,-7.1,-7.7
CN[C@H]1O[C@H](C(=O)O)C[C@@H]1C(=O)O,CC(C)(C)O[C@H]1O[C@H](C(=O)O)C[C@@H]1C(=O)O,[*]NC,[*]OC(C)(C)C,[*:1]-[NH1]-[CH3]>>[*:1]-[OH0]-[CH0](-[CH3])(-[CH3])-[CH3],35,0.7019000000000001,232.094688232,0.7436419351292655,3.896473191295867,0.2111860548646288,-0.253526808704132,28,89,-7.1,-4.5
CN[C@H]1O[C@H](C(=O)O)C[C@@H]1C(=O)O,NC(=O)N[C@H]1O[C@H](C(=O)O)C[C@@H]1C(=O)O,[*]NC,[*]NC(N)=O,[*:1]-[NH1]-[CH3]>>[*:1]-[NH1]-[CH0](-[NH2])=[OH0],14,-1.4448999999999987,218.05388604,0.456865773083118,4.022481272476953,-0.0755901071815186,-0.1275187275230465,28,90,-7.1,-8.4
CN[C@H]1O[C@H](C(=O)O)C[C@@H]1C(=O)O,CN[C@H]1O[C@H](C(=O)O)C[C@@H]1C(=O)N1CCN(C)CC1,[*]C(=O)O,[*]C(=O)N1CCN(C)CC1,[*:1]-[CH0](=[OH0])-[OH1]>>[*:1]-[CH0](=[OH0])-[NH0]1-[CH2]-[CH2]-[NH0](-[CH3])-[CH2]-[CH2]-1,46,-1.2043999999999968,271.153206152,0.6705357846029826,3.789472836842524,0.1380799043383459,-0.3605271631574753,28,91,-7.1,-3.7
CN[C@H]1O[C@H](C(=O)O)C[C@@H]1C(=O)O,CCCNC(=O)[C@@H]1C[C@H](C(=O)O)[C@@H](NC)O1,[*]C(=O)O,[*]C(=O)NCCC,[*:1]-[CH0](=[OH0])-[OH1]>>[*:1]-[CH0](=[OH0])-[NH1]-[CH2]-[CH2]-[CH3],12,-0.4521999999999997,230.126657056,0.5950251497593764,3.8996601628042233,0.0625692694947397,-0.2503398371957761,28,92,-7.1,-6.6
CN[C@H]1O[C@H](C(=O)O)C[C@@H]1C(=O)O,CN[C@H]1O[C@H](C(=O)O)C[C@@H]1CCC(=O)O,[*]C(=O)O,[*]CCC(=O)O,[*:1]-[CH0](=[OH0])-[OH1]>>[*:1]-[CH2]-[CH2]-[CH0](=[OH0])-[OH1],69,-0.1135999999999993,217.09502258,0.5941393807594282,4.050764260642635,0.0616835004947915,-0.0992357393573648,28,93,-7.1,-7.2
CN[C@H]1O[C@H](C(=O)O)C[C@@H]1C(=O)O,CN[C@H]1O[C@H](C(=O)O)C[C@@H]1C(C)O,[*]C(=O)O,[*]C(C)O,[*:1]-[CH0](=[OH0])-[OH1]>>[*:1]-[CH1](-[CH3])-[OH1],18,-0.5975999999999999,189.10010796,0.5523589967730403,4.416390977732002,0.0199031165084037,0.2663909777320024,28,94,-7.1,-7.1
CN[C@H]1O[C@H](C(=O)O)C[C@@H]1C(=O)O,CS(=O)(=O)N[C@H]1O[C@H](C(=O)O)C[C@@H]1C(=O)O,[*]NC,[*]NS(C)(=O)=O,[*:1]-[NH1]-[CH3]>>[*:1]-[NH1]-[SH0](-[CH3])(=[OH0])=[OH0],62,-1.5639999999999974,253.025622692,0.5516841633264011,4.030021033697368,0.0192282830617644,-0.1199789663026313,28,95,-7.1,-6.9
CN[C@H]1O[C@H](C(=O)O)C[C@@H]1C(=O)O,CN[C@H]1O[C@H](C(=O)NC2CCCCC2)C[C@@H]1C(=O)O,[*]C(=O)O,[*]C(=O)NC1CCCCC1,[*:1]-[CH0](=[OH0])-[OH1]>>[*:1]-[CH0](=[OH0])-[NH1]-[CH1]1-[CH2]-[CH2]-[CH2]-[CH2]-[CH2]-1,10,0.4705000000000003,270.157957184,0.6909634653637333,3.761585999731885,0.1585075850990966,-0.3884140002681144,28,96,-7.1,-5.1
CN[C@H]1O[C@H](C(=O)O)C[C@@H]1C(=O)O,CC(C)CN[C@H]1O[C@H](C(=O)O)C[C@@H]1C(=O)O,[*]NC,[*]NCC(C)C,[*:1]-[NH1]-[CH3]>>[*:1]-[NH1]-[CH2]-[CH1](-[CH3])-[CH3],67,0.1323999999999993,231.110672644,0.6222073340896814,3.990496375428808,0.0897514538250447,-0.1595036245711911,28,97,-7.1,-6.9
CN[C@H]1O[C@H](C(=O)O)C[C@@H]1C(=O)O,CCCO[C@H]1O[C@H](C(=O)O)C[C@@H]1C(=O)O,[*]NC,[*]OCCC,[*:1]-[NH1]-[CH3]>>[*:1]-[OH0]-[CH2]-[CH2]-[CH3],27,0.3134,218.079038168,0.6895499590693278,3.78995810679648,0.1570940788046911,-0.3600418932035198,28,98,-7.1,-6.9
CN[C@H]1O[C@H](C(=O)O)C[C@@H]1C(=O)O,CC(C)C(=O)N[C@H]1O[C@H](C(=O)O)C[C@@H]1C(=O)O,[*]NC,[*]NC(=O)C(C)C,[*:1]-[NH1]-[CH3]>>[*:1]-[NH1]-[CH0](=[OH0])-[CH1](-[CH3])-[CH3],10,-0.3409999999999996,245.0899372,0.6240853695230223,3.835599297105848,0.0916294892583856,-0.3144007028941518,28,99,-7.1,-6.1
O=C(O)C(=O)OC1CCCC1,CC(=O)OC1CCCC1,[*]C(=O)C(=O)O,[*]C(C)=O,[*:1]-[CH0](=[OH0])-[CH0](=[OH0])-[OH1]>>[*:1]-[CH0](-[CH3])=[OH0],16,1.4921,128.083729624,0.4999792736468943,1.8517301610717125,0.0530304096006501,-0.3182698389282876,29,0,-6.5,-5.4
O=C(O)C(=O)OC1CCCC1,COOC(=O)C(=O)O,[*]C1CCCC1,[*]OC,[*:1]-[CH1]1-[CH2]-[CH2]-[CH2]-[CH2]-1>>[*:1]-[OH0]-[CH3],19,-0.8244,120.005873228,0.277675454837453,2.9602398687764584,-0.1692734092087911,0.7902398687764585,29,1,-6.5,-5.4
O=C(O)C(=O)OC1CCCC1,CS(=O)(=O)OC1CCCC1,[*]C(=O)C(=O)O,[*]S(C)(=O)=O,[*:1]-[CH0](=[OH0])-[CH0](=[OH0])-[OH1]>>[*:1]-[SH0](-[CH3])(=[OH0])=[OH0],10,0.9052,164.050715244,0.5695288944981477,2.2757668025729494,0.1225800304519035,0.1057668025729494,29,2,-6.5,-5.5
O=C(O)C(=O)OC1CCCC1,CCOC(=O)C(=O)O,[*]C1CCCC1,[*]CC,[*:1]-[CH1]1-[CH2]-[CH2]-[CH2]-[CH2]-1>>[*:1]-[CH2]-[CH3],288,-0.3659000000000001,118.026608672,0.3767261254017983,2.002162176468765,-0.0702227386444458,-0.1678378235312347,29,3,-6.5,-5.4
O=C(O)C(=O)OC1CCCC1,CN(C)OC(=O)C(=O)O,[*]C1CCCC1,[*]N(C)C,[*:1]-[CH1]1-[CH2]-[CH2]-[CH2]-[CH2]-1>>[*:1]-[NH0](-[CH3])-[CH3],11,-0.9092000000000002,133.037507704,0.3702499715162874,2.942579755477304,-0.0766988925299567,0.7725797554773042,29,4,-6.5,-5.7
O=C(O)C(=O)OC1CCCC1,CCOC(=O)C(=O)O,[*]C1CCCC1,[*]CC,[*:1]-[CH1]1-[CH2]-[CH2]-[CH2]-[CH2]-1>>[*:1]-[CH2]-[CH3],103,-0.3659000000000001,118.026608672,0.3767261254017983,2.002162176468765,-0.0702227386444458,-0.1678378235312347,29,5,-6.5,-5.5
O=C(O)C(=O)OC1CCCC1,CC(=O)OC(=O)C(=O)O,[*]C1CCCC1,[*]C(C)=O,[*:1]-[CH1]1-[CH2]-[CH2]-[CH2]-[CH2]-1>>[*:1]-[CH0](-[CH3])=[OH0],24,-0.8392999999999999,132.005873228,0.2638239802531633,2.627007028204577,-0.1831248837930809,0.4570070282045773,29,6,-6.5,-5.8
O=C(O)C(=O)OC1CCCC1,O=C(O)C(=O)OC1CC1,[*]C1CCCC1,[*]C1CC1,[*:1]-[CH1]1-[CH2]-[CH2]-[CH2]-[CH2]-1>>[*:1]-[CH1]1-[CH2]-[CH2]-1,549,-0.2234000000000001,130.026608672,0.3932749364990939,2.323432020603484,-0.0536739275471502,0.1534320206034838,29,7,-6.5,-5.8
O=C(O)C(=O)OC1CCCC1,O=C(O)C(=O)ON1CCCC1,[*]C1CCCC1,[*]N1CCCC1,[*:1]-[CH1]1-[CH2]-[CH2]-[CH2]-[CH2]-1>>[*:1]-[NH0]1-[CH2]-[CH2]-[CH2]-[CH2]-1,20,-0.375,159.053157768,0.5283069455840352,2.680918797835691,0.081358081537791,0.510918797835691,29,8,-6.5,-6.5
O=C(O)C(=O)OC1CCCC1,CS(=O)(=O)OC(=O)C(=O)O,[*]C1CCCC1,[*]S(C)(=O)=O,[*:1]-[CH1]1-[CH2]-[CH2]-[CH2]-[CH2]-1>>[*:1]-[SH0](-[CH3])(=[OH0])=[OH0],11,-1.4262,167.97285884800002,0.3805939714459922,2.816436674367821,-0.0663548926002519,0.6464366743678216,29,9,-6.5,-6.2
O=C(O)C(=O)OC1CCCC1,CC(C)OC(=O)C(=O)O,[*]C1CCCC1,[*]C(C)C,[*:1]-[CH1]1-[CH2]-[CH2]-[CH2]-[CH2]-1>>[*:1]-[CH1](-[CH3])-[CH3],199,0.0225999999999998,132.042258736,0.4032947747649426,2.194107028204577,-0.0436540892813015,0.0241070282045772,29,10,-6.5,-5.9
O=C(O)C(=O)OC1CCCC1,O=C(O)C(=O)ON1CCOCC1,[*]C1CCCC1,[*]N1CCOCC1,[*:1]-[CH1]1-[CH2]-[CH2]-[CH2]-[CH2]-1>>[*:1]-[NH0]1-[CH2]-[CH2]-[OH0]-[CH2]-[CH2]-1,13,-1.1385999999999996,175.048072388,0.5075714426221434,2.725756946023221,0.0606225785758992,0.5557569460232212,29,11,-6.5,-6.7
O=C(O)C(=O)OC1CCCC1,COCOC(=O)C(=O)O,[*]C1CCCC1,[*]COC,[*:1]-[CH1]1-[CH2]-[CH2]-[CH2]-[CH2]-1>>[*:1]-[CH2]-[OH0]-[CH3],10,-0.7819,134.021523292,0.3043679279710982,2.501902923613516,-0.1425809360751459,0.3319029236135158,29,12,-6.5,-5.6
O=C(O)C(=O)OC1CCCC1,CCCOC(=O)C(=O)O,[*]C1CCCC1,[*]CCC,[*:1]-[CH1]1-[CH2]-[CH2]-[CH2]-[CH2]-1>>[*:1]-[CH2]-[CH2]-[CH3],86,0.0241999999999997,132.042258736,0.4247617354511808,2.1133798466904405,-0.0221871285950633,-0.0566201533095593,29,13,-6.5,-5.6
O=C(O)C(=O)OC1CCCC1,CC(C)OC(=O)C(=O)O,[*]C1CCCC1,[*]C(C)C,[*:1]-[CH1]1-[CH2]-[CH2]-[CH2]-[CH2]-1>>[*:1]-[CH1](-[CH3])-[CH3],406,0.0225999999999998,132.042258736,0.4032947747649426,2.194107028204577,-0.0436540892813015,0.0241070282045772,29,14,-6.5,-5.9
O=C(O)C(=O)OC1CCCC1,O=C(O)C(=O)OC(F)(F)F,[*]C1CCCC1,[*]C(F)(F)F,[*:1]-[CH1]1-[CH2]-[CH2]-[CH2]-[CH2]-1>>[*:1]-[CH0](-[FH0])(-[FH0])-[FH0],24,0.1339999999999999,157.982693172,0.4017352452587381,2.593761674367821,-0.045213618787506,0.423761674367821,29,15,-6.5,-6.2
O=C(O)C(=O)OC1CCCC1,CCOOC(=O)C(=O)O,[*]C1CCCC1,[*]OCC,[*:1]-[CH1]1-[CH2]-[CH2]-[CH2]-[CH2]-1>>[*:1]-[OH0]-[CH2]-[CH3],13,-0.4343000000000002,134.021523292,0.3147617696260419,2.9790775055533167,-0.1321870944202022,0.8090775055533168,29,16,-6.5,-5.5
O=C(O)C(=O)OC1CCCC1,O=C(O)C(=O)ON1CCCCC1,[*]C1CCCC1,[*]N1CCCCC1,[*:1]-[CH1]1-[CH2]-[CH2]-[CH2]-[CH2]-1>>[*:1]-[NH0]1-[CH2]-[CH2]-[CH2]-[CH2]-[CH2]-1,13,0.0150999999999998,173.068807832,0.5658098289632165,2.5874003026665786,0.1188609649169723,0.4174003026665787,29,17,-6.5,-6.5
O=C(O)C(=O)OC1CCCC1,O=C(O)C(=O)OC1CCC1,[*]C1CCCC1,[*]C1CCC1,[*:1]-[CH1]1-[CH2]-[CH2]-[CH2]-[CH2]-1>>[*:1]-[CH1]1-[CH2]-[CH2]-[CH2]-1,543,0.1666999999999999,144.042258736,0.4204664572411585,2.2494255796932645,-0.0264824068050856,0.0794255796932645,29,18,-6.5,-6.3
O=C(O)C(=O)OC1CCCC1,CC(C)(C)OC(=O)C(=O)O,[*]C1CCCC1,[*]C(C)(C)C,[*:1]-[CH1]1-[CH2]-[CH2]-[CH2]-[CH2]-1>>[*:1]-[CH0](-[CH3])(-[CH3])-[CH3],129,0.4126999999999999,146.0579088,0.3968863014069547,2.1539962897524365,-0.0500625626392894,-0.0160037102475634,29,19,-6.5,-6.3
O=C(O)C(=O)OC1CCCC1,CCCOC(=O)C(=O)O,[*]C1CCCC1,[*]CCC,[*:1]-[CH1]1-[CH2]-[CH2]-[CH2]-[CH2]-1>>[*:1]-[CH2]-[CH2]-[CH3],223,0.0241999999999997,132.042258736,0.4247617354511808,2.1133798466904405,-0.0221871285950633,-0.0566201533095593,29,20,-6.5,-5.7
O=C(O)C(=O)OC1CCCC1,CC(C)OOC(=O)C(=O)O,[*]C1CCCC1,[*]OC(C)C,[*:1]-[CH1]1-[CH2]-[CH2]-[CH2]-[CH2]-1>>[*:1]-[OH0]-[CH1](-[CH3])-[CH3],13,-0.0458000000000001,148.037173356,0.3374898227492888,3.0943038282139748,-0.1094590412969553,0.9243038282139748,29,21,-6.5,-6.1
O=C(O)C(=O)OC1CCCC1,CC(C)COC(=O)C(=O)O,[*]C1CCCC1,[*]CC(C)C,[*:1]-[CH1]1-[CH2]-[CH2]-[CH2]-[CH2]-1>>[*:1]-[CH2]-[CH1](-[CH3])-[CH3],82,0.2701999999999997,146.0579088,0.4483105262772696,2.193777674367821,0.0013616622310254,0.023777674367821,29,22,-6.5,-6.1
O=C(O)C(=O)OC1CCCC1,CC(C)(C)OC(=O)C(=O)O,[*]C1CCCC1,[*]C(C)(C)C,[*:1]-[CH1]1-[CH2]-[CH2]-[CH2]-[CH2]-1>>[*:1]-[CH0](-[CH3])(-[CH3])-[CH3],92,0.4126999999999999,146.0579088,0.3968863014069547,2.1539962897524365,-0.0500625626392894,-0.0160037102475634,29,23,-6.5,-6.3
O=C(O)C(=O)OC1CCCC1,COCCOC(=O)C(=O)O,[*]C1CCCC1,[*]CCOC,[*:1]-[CH1]1-[CH2]-[CH2]-[CH2]-[CH2]-1>>[*:1]-[CH2]-[CH2]-[OH0]-[CH3],21,-0.7394000000000001,148.037173356,0.3239533262274438,2.1362652246636795,-0.1229955378188003,-0.0337347753363204,29,24,-6.5,-5.5
O=C(O)C(=O)OC1CCCC1,O=C(O)C(=O)OCC1CC1,[*]C1CCCC1,[*]CC1CC1,[*:1]-[CH1]1-[CH2]-[CH2]-[CH2]-[CH2]-1>>[*:1]-[CH2]-[CH1]1-[CH2]-[CH2]-1,51,0.0241999999999997,144.042258736,0.4381522579057899,2.274636230580839,-0.0087966061404543,0.104636230580839,29,25,-6.5,-6.2
O=C(O)C(=O)OC1CCCC1,CC(C)C(=O)OC(=O)C(=O)O,[*]C1CCCC1,[*]C(=O)C(C)C,[*:1]-[CH1]1-[CH2]-[CH2]-[CH2]-[CH2]-1>>[*:1]-[CH0](=[OH0])-[CH1](-[CH3])-[CH3],10,-0.2032000000000001,160.037173356,0.3260232181628449,2.602508028604923,-0.1209256458833992,0.4325080286049232,29,26,-6.5,-6.7
O=C(O)C(=O)OC1CCCC1,CC1(OC(=O)C(=O)O)CC1,[*]C1CCCC1,[*]C1(C)CC1,[*:1]-[CH1]1-[CH2]-[CH2]-[CH2]-[CH2]-1>>[*:1]-[CH0]1(-[CH3])-[CH2]-[CH2]-1,22,0.1666999999999999,144.042258736,0.4204664572411585,2.773410905137052,-0.0264824068050856,0.6034109051370518,29,27,-6.5,-6.5
O=C(O)C(=O)OC1CCCC1,O=C(O)C(=O)CC1CCCC1,[*]O[*],[*]C[*],[*:1]-[OH0]-[*:2]>>[*:1]-[CH2]-[*:2],222,1.2204,156.078644244,0.6248627996511766,2.1496787978356906,0.1779139356049324,-0.0203212021643093,29,28,-6.5,-6.7
O=C(O)C(=O)OC1CCCC1,O=C(O)C(=O)CC1CCCC1,[*]O[*],[*]C[*],[*:1]-[OH0]-[*:2]>>[*:1]-[CH2]-[*:2],222,1.2204,156.078644244,0.6248627996511765,2.1496787978356906,0.1779139356049323,-0.0203212021643093,29,29,-6.5,-6.4
O=C(O)C(=O)OC1CCCC1,O=C(O)C(=O)NC1CCCC1,[*]O[*],[*]N[*],[*:1]-[OH0]-[*:2]>>[*:1]-[NH1]-[*:2],1876,0.1297999999999992,157.073893212,0.5314996492528514,1.9708926439895385,0.0845507852066072,-0.1991073560104617,29,30,-6.5,-6.8
O=C(O)C(=O)OC1CCCC1,O=C(O)C(=O)NC1CCCC1,[*]O[*],[*]N[*],[*:1]-[OH0]-[*:2]>>[*:1]-[NH1]-[*:2],1876,0.1297999999999992,157.073893212,0.5314996492528514,1.9708926439895385,0.0845507852066072,-0.1991073560104617,29,31,-6.5,-6.8
O=C(O)C(=O)OC1CCCC1,O=C(O)C(=O)OCC1CC1,[*]C1CCCC1,[*]CC1CC1,[*:1]-[CH1]1-[CH2]-[CH2]-[CH2]-[CH2]-1>>[*:1]-[CH2]-[CH1]1-[CH2]-[CH2]-1,171,0.0241999999999997,144.042258736,0.4381522579057899,2.274636230580839,-0.0087966061404543,0.104636230580839,29,32,-6.5,-6.1
O=C(O)C(=O)OC1CCCC1,O=C(O)C(=O)OC1COC1,[*]C1CCCC1,[*]C1COC1,[*:1]-[CH1]1-[CH2]-[CH2]-[CH2]-[CH2]-1>>[*:1]-[CH1]1-[CH2]-[OH0]-[CH2]-1,22,-0.9870000000000004,146.021523292,0.3796335150403008,2.670162266083798,-0.0673153490059433,0.5001622660837981,29,33,-6.5,-6.1
O=C(O)C(=O)OC1CCCC1,CC(C)COC(=O)C(=O)O,[*]C1CCCC1,[*]CC(C)C,[*:1]-[CH1]1-[CH2]-[CH2]-[CH2]-[CH2]-1>>[*:1]-[CH2]-[CH1](-[CH3])-[CH3],214,0.2701999999999997,146.0579088,0.4483105262772696,2.193777674367821,0.0013616622310254,0.023777674367821,29,34,-6.5,-6.1
O=C(O)C(=O)OC1CCCC1,O=C(O)CC(=O)OC1CCCC1,[*]C(=O)C(=O)O,[*]C(=O)CC(=O)O,[*:1]-[CH0](=[OH0])-[CH0](=[OH0])-[OH1]>>[*:1]-[CH0](=[OH0])-[CH2]-[CH0](=[OH0])-[OH1],15,0.9469,172.073558864,0.5080900777839413,2.144701001967279,0.0611412137376971,-0.0252989980327207,29,35,-6.5,-6.9
O=C(O)C(=O)OC1CCCC1,CCCCOC(=O)C(=O)O,[*]C1CCCC1,[*]CCCC,[*:1]-[CH1]1-[CH2]-[CH2]-[CH2]-[CH2]-1>>[*:1]-[CH2]-[CH2]-[CH2]-[CH3],56,0.4142999999999999,146.0579088,0.3556592449675775,2.0184557572080597,-0.0912896190786666,-0.1515442427919406,29,36,-6.5,-5.9
O=C(O)C(=O)OC1CCCC1,O=C(O)C(=O)OCCCO,[*]C1CCCC1,[*]CCCO,[*:1]-[CH1]1-[CH2]-[CH2]-[CH2]-[CH2]-1>>[*:1]-[CH2]-[CH2]-[CH2]-[OH1],10,-1.0034,148.037173356,0.3043290128182033,2.229833272000958,-0.1426198512280408,0.059833272000958,29,37,-6.5,-6.1
O=C(O)C(=O)OC1CCCC1,O=C(O)C(=O)OCCF,[*]C1CCCC1,[*]CCF,[*:1]-[CH1]1-[CH2]-[CH2]-[CH2]-[CH2]-1>>[*:1]-[CH2]-[CH2]-[FH0],24,-0.4163000000000001,136.01718686,0.4134436554005599,2.6412915523760585,-0.0335052086456842,0.4712915523760586,29,38,-6.5,-5.4
O=C(O)C(=O)OC1CCCC1,O=C(O)C(=O)OCCO,[*]C1CCCC1,[*]CCO,[*:1]-[CH1]1-[CH2]-[CH2]-[CH2]-[CH2]-1>>[*:1]-[CH2]-[CH2]-[OH1],82,-1.3935,134.021523292,0.3583904641034428,2.312957104215524,-0.0885583999428014,0.1429571042155242,29,39,-6.5,-5.7
O=C(O)C(=O)OC1CCCC1,CN(C(=O)C(=O)O)C1CCCC1,[*]O[*],[*]N([*])C,[*:1]-[OH0]-[*:2]>>[*:1]-[NH0](-[*:2])-[CH3],369,0.4719999999999995,171.089543276,0.5833580134652104,2.261535792177069,0.1364091494189662,0.0915357921770692,29,40,-6.5,-7.2
O=C(O)C(=O)OC1CCCC1,CN(C(=O)C(=O)O)C1CCCC1,[*]O[*],[*]N([*])C,[*:1]-[OH0]-[*:2]>>[*:1]-[NH0](-[*:2])-[CH3],369,0.4719999999999995,171.089543276,0.5833580134652104,2.261535792177069,0.1364091494189662,0.0915357921770692,29,41,-6.5,-7.2
O=C(O)C(=O)OC1CCCC1,O=C(O)C(=O)OCC1CCC1,[*]C1CCCC1,[*]CC1CCC1,[*:1]-[CH1]1-[CH2]-[CH2]-[CH2]-[CH2]-1>>[*:1]-[CH2]-[CH1]1-[CH2]-[CH2]-[CH2]-1,11,0.4142999999999999,158.0579088,0.4667761390876186,2.234700071045241,0.0198272750413744,0.064700071045241,29,42,-6.5,-6.6
O=C(O)C(=O)OC1CCCC1,CC(C)(C)COC(=O)C(=O)O,[*]C1CCCC1,[*]CC(C)(C)C,[*:1]-[CH1]1-[CH2]-[CH2]-[CH2]-[CH2]-1>>[*:1]-[CH2]-[CH0](-[CH3])(-[CH3])-[CH3],23,0.6602999999999999,160.073558864,0.4517788771487821,2.3974464901433823,0.0048300131025379,0.2274464901433823,29,43,-6.5,-6.6
O=C(O)C(=O)OC1CCCC1,CC(C)(C)COC(=O)C(=O)O,[*]C1CCCC1,[*]CC(C)(C)C,[*:1]-[CH1]1-[CH2]-[CH2]-[CH2]-[CH2]-1>>[*:1]-[CH2]-[CH0](-[CH3])(-[CH3])-[CH3],53,0.6602999999999999,160.073558864,0.4517788771487821,2.3974464901433823,0.0048300131025379,0.2274464901433823,29,44,-6.5,-6.6
O=C(O)C(=O)OC1CCCC1,NCCOC(=O)C(=O)O,[*]C1CCCC1,[*]CCN,[*:1]-[CH1]1-[CH2]-[CH2]-[CH2]-[CH2]-1>>[*:1]-[CH2]-[CH2]-[NH2],10,-1.4270999999999994,133.037507704,0.3558727052658009,2.4406367028777307,-0.0910761587804432,0.2706367028777308,29,45,-6.5,-5.7
O=C(O)C(=O)OC1CCCC1,O=C(O)C(=O)OC1CCOCC1,[*]C1CCCC1,[*]C1CCOCC1,[*:1]-[CH1]1-[CH2]-[CH2]-[CH2]-[CH2]-1>>[*:1]-[CH1]1-[CH2]-[CH2]-[OH0]-[CH2]-[CH2]-1,264,-0.2068000000000001,174.05282342,0.4396510051078914,2.4169709320372075,-0.0072978589383527,0.2469709320372075,29,46,-6.5,-6.4
O=C(O)C(=O)OC1CCCC1,O=C(O)C(=O)OCC1CCC1,[*]C1CCCC1,[*]CC1CCC1,[*:1]-[CH1]1-[CH2]-[CH2]-[CH2]-[CH2]-1>>[*:1]-[CH2]-[CH1]1-[CH2]-[CH2]-[CH2]-1,31,0.4142999999999999,158.0579088,0.4667761390876186,2.234700071045241,0.0198272750413744,0.064700071045241,29,47,-6.5,-6.6
O=C(O)C(=O)OC1CCCC1,CN(C)CCOC(=O)C(=O)O,[*]C1CCCC1,[*]CCN(C)C,[*:1]-[CH1]1-[CH2]-[CH2]-[CH2]-[CH2]-1>>[*:1]-[CH2]-[CH2]-[NH0](-[CH3])-[CH3],29,-0.8241999999999994,161.068807832,0.4322307471215233,2.2423662703631635,-0.0147181169247208,0.0723662703631635,29,48,-6.5,-6.0
O=C(O)C(=O)OC1CCCC1,O=C(O)C(=O)CCC1CCCC1,[*]O[*],[*]CC[*],[*:1]-[OH0]-[*:2]>>[*:1]-[CH2]-[CH2]-[*:2],35,1.6105,170.094294308,0.6519460426160307,2.155752750219028,0.2049971785697865,-0.014247249780972,29,49,-6.5,-6.6
O=C(O)C(=O)OC1CCCC1,O=C(O)C(=O)CCC1CCCC1,[*]O[*],[*]CC[*],[*:1]-[OH0]-[*:2]>>[*:1]-[CH2]-[CH2]-[*:2],35,1.6105,170.094294308,0.6519460426160308,2.155752750219028,0.2049971785697866,-0.014247249780972,29,50,-6.5,-6.4
O=C(O)C(=O)OC1CCCC1,O=C(O)C(=O)OC1CCCCC1,[*]C1CCCC1,[*]C1CCCCC1,[*:1]-[CH1]1-[CH2]-[CH2]-[CH2]-[CH2]-1>>[*:1]-[CH1]1-[CH2]-[CH2]-[CH2]-[CH2]-[CH2]-1,970,0.9469,172.073558864,0.472065960995505,2.146530372596649,0.0251170969492608,-0.023469627403351,29,51,-6.5,-6.8
O=C(O)C(=O)OC1CCCC1,O=C(O)C(=O)CCNC1CCCC1,[*]O[*],[*]NCC[*],[*:1]-[OH0]-[*:2]>>[*:1]-[NH1]-[CH2]-[CH2]-[*:2],13,0.5623999999999996,185.10519334,0.6141490785247837,2.2427666730857503,0.1672002144785395,0.0727666730857503,29,52,-6.5,-6.3
O=C(O)C(=O)OC1CCCC1,O=C(O)C(=O)CCNC1CCCC1,[*]O[*],[*]NCC[*],[*:1]-[OH0]-[*:2]>>[*:1]-[NH1]-[CH2]-[CH2]-[*:2],13,0.5623999999999996,185.10519334,0.6141490785247837,2.2427666730857503,0.1672002144785395,0.0727666730857503,29,53,-6.5,-5.9
O=C(O)C(=O)OC1CCCC1,CN(C(=O)C(=O)O)C(=O)C1CCCC1,[*]O[*],[*]N(C)C([*])=O,[*:1]-[OH0]-[*:2]>>[*:1]-[NH0](-[CH3])-[CH0](-[*:2])=[OH0],29,0.2461999999999995,199.084457896,0.6139350391453325,2.46969721770877,0.1669861750990883,0.2996972177087702,29,54,-6.5,-6.8
O=C(O)C(=O)OC1CCCC1,CN(C(=O)C(=O)C(=O)O)C1CCCC1,[*]O[*],[*]N(C)C([*])=O,[*:1]-[OH0]-[*:2]>>[*:1]-[NH0](-[CH3])-[CH0](-[*:2])=[OH0],29,0.0410999999999996,199.084457896,0.5141195546395279,2.5312377582493117,0.0671706905932836,0.3612377582493113,29,55,-6.5,-7.0
O=C(O)C(=O)OC1CCCC1,CC(C)CCOC(=O)C(=O)O,[*]C1CCCC1,[*]CCC(C)C,[*:1]-[CH1]1-[CH2]-[CH2]-[CH2]-[CH2]-1>>[*:1]-[CH2]-[CH2]-[CH1](-[CH3])-[CH3],25,0.6602999999999999,160.073558864,0.4862548537657687,2.1634629736598665,0.0393059897195245,-0.0065370263401334,29,56,-6.5,-6.4
O=C(O)C(=O)OC1CCCC1,N#CCCOC(=O)C(=O)O,[*]C1CCCC1,[*]CCC#N,[*:1]-[CH1]1-[CH2]-[CH2]-[CH2]-[CH2]-1>>[*:1]-[CH2]-[CH2]-[CH0]#[NH0],12,-0.4721199999999999,143.02185764,0.3203982575654702,2.561395402178471,-0.1265506064807739,0.3913954021784711,29,57,-6.5,-5.8
O=C(O)C(=O)OC1CCCC1,O=C(O)C(=O)OCC1CCCC1,[*]O[*],[*]OC[*],[*:1]-[OH0]-[*:2]>>[*:1]-[OH0]-[CH2]-[*:2],780,0.8043999999999998,172.073558864,0.4940572971049095,2.1721751278414043,0.0471084330586653,0.0021751278414043,29,58,-6.5,-6.4
O=C(O)C(=O)OC1CCCC1,O=C(O)C(=O)OCC1CCCC1,[*]O[*],[*]OC[*],[*:1]-[OH0]-[*:2]>>[*:1]-[OH0]-[CH2]-[*:2],780,0.8043999999999998,172.073558864,0.4940572971049095,2.1721751278414043,0.0471084330586653,0.0021751278414043,29,59,-6.5,-6.9
O=C(O)C(=O)OC1CCCC1,CN1CCC(OC(=O)C(=O)O)CC1,[*]C1CCCC1,[*]C1CCN(C)CC1,[*:1]-[CH1]1-[CH2]-[CH2]-[CH2]-[CH2]-1>>[*:1]-[CH1]1-[CH2]-[CH2]-[NH0](-[CH3])-[CH2]-[CH2]-1,32,-0.2916000000000003,187.084457896,0.4509962549158235,2.3134428269319027,0.0040473908695793,0.1434428269319028,29,60,-6.5,-7.0
O=C(O)C(=O)OC1CCCC1,CCN(C(=O)C(=O)O)C1CCCC1,[*]O[*],[*]N([*])CC,[*:1]-[OH0]-[*:2]>>[*:1]-[NH0](-[*:2])-[CH2]-[CH3],206,0.8620999999999994,185.10519334,0.64904344879915,2.3363799697890464,0.2020945847529058,0.1663799697890464,29,61,-6.5,-6.6
O=C(O)C(=O)OC1CCCC1,CCN(C(=O)C(=O)O)C1CCCC1,[*]O[*],[*]N([*])CC,[*:1]-[OH0]-[*:2]>>[*:1]-[NH0](-[*:2])-[CH2]-[CH3],206,0.8620999999999994,185.10519334,0.64904344879915,2.3363799697890464,0.2020945847529058,0.1663799697890464,29,62,-6.5,-6.6
O=C(O)C(=O)OC1CCCC1,O=C(O)C(=O)OCC(F)(F)F,[*]C1CCCC1,[*]CC(F)(F)F,[*:1]-[CH1]1-[CH2]-[CH2]-[CH2]-[CH2]-1>>[*:1]-[CH2]-[CH0](-[FH0])(-[FH0])-[FH0],20,0.1765,171.998343236,0.4521321376265232,2.4503131568100507,0.005183273580279,0.2803131568100507,29,63,-6.5,-6.2
O=C(O)C(=O)OC1CCCC1,CN(CC(=O)C(=O)O)C1CCCC1,[*]O[*],[*]N(C)C[*],[*:1]-[OH0]-[*:2]>>[*:1]-[NH0](-[CH3])-[CH2]-[*:2],24,0.5145,185.10519334,0.6483917379545179,2.400871398360474,0.2014428739082737,0.230871398360474,29,64,-6.5,-6.4
O=C(O)C(=O)OC1CCCC1,CN(CC1CCCC1)C(=O)C(=O)O,[*]O[*],[*]N(C)C[*],[*:1]-[OH0]-[*:2]>>[*:1]-[NH0](-[CH3])-[CH2]-[*:2],24,0.7195999999999994,185.10519334,0.6447426846237927,2.313565464294541,0.1977938205775485,0.1435654642945412,29,65,-6.5,-6.5
O=C(O)C(=O)OC1CCCC1,O=C(O)C(=O)OCC(F)F,[*]C1CCCC1,[*]CC(F)F,[*:1]-[CH1]1-[CH2]-[CH2]-[CH2]-[CH2]-1>>[*:1]-[CH2]-[CH1](-[FH0])-[FH0],36,-0.1206999999999999,154.007765048,0.444453741336537,2.7024687512908976,-0.0024951227097071,0.5324687512908977,29,66,-6.5,-6.1
O=C(O)C(=O)OC1CCCC1,O=C(O)C(=O)OCC1CCCCC1,[*]C1CCCC1,[*]CC1CCCCC1,[*:1]-[CH1]1-[CH2]-[CH2]-[CH2]-[CH2]-1>>[*:1]-[CH2]-[CH1]1-[CH2]-[CH2]-[CH2]-[CH2]-[CH2]-1,26,1.1945,186.089208928,0.5194582694014964,2.1334359038549806,0.0725094053552522,-0.0365640961450193,29,67,-6.5,-7.1
O=C(O)C(=O)OC1CCCC1,O=C(O)C(=O)C(=O)NC1CCCC1,[*]O[*],[*]NC([*])=O,[*:1]-[OH0]-[*:2]>>[*:1]-[NH1]-[CH0](-[*:2])=[OH0],129,-0.3011000000000006,185.068807832,0.4667038799544822,2.3078806291297056,0.019755015908238,0.1378806291297056,29,68,-6.5,-6.7
O=C(O)C(=O)OC1CCCC1,O=C(O)C(=O)NC(=O)C1CCCC1,[*]O[*],[*]NC([*])=O,[*:1]-[OH0]-[*:2]>>[*:1]-[NH1]-[CH0](-[*:2])=[OH0],129,-0.0960000000000003,185.068807832,0.5587599292759234,2.126258651107728,0.1118110652296792,-0.0437413488922722,29,69,-6.5,-6.2
O=C(O)C(=O)OC1CCCC1,O=C(O)C(=O)OCC1CCCC1,[*]C1CCCC1,[*]CC1CCCC1,[*:1]-[CH1]1-[CH2]-[CH2]-[CH2]-[CH2]-1>>[*:1]-[CH2]-[CH1]1-[CH2]-[CH2]-[CH2]-[CH2]-1,36,0.8044,172.073558864,0.4940572971049096,2.1721751278414043,0.0471084330586654,0.0021751278414043,29,70,-6.5,-6.8
O=C(O)C(=O)OC1CCCC1,O=C(O)C(=O)OCC1CCCC1,[*]C1CCCC1,[*]CC1CCCC1,[*:1]-[CH1]1-[CH2]-[CH2]-[CH2]-[CH2]-1>>[*:1]-[CH2]-[CH1]1-[CH2]-[CH2]-[CH2]-[CH2]-1,11,0.8044,172.073558864,0.4940572971049096,2.1721751278414043,0.0471084330586654,0.0021751278414043,29,71,-6.5,-6.9
O=C(O)C(=O)OC1CCCC1,O=C(O)C(=O)NCC1CCCC1,[*]O[*],[*]NC[*],[*:1]-[OH0]-[*:2]>>[*:1]-[NH1]-[CH2]-[*:2],91,0.3773999999999995,171.089543276,0.5900107161850453,2.0021695334358096,0.1430618521388011,-0.1678304665641903,29,72,-6.5,-6.3
O=C(O)C(=O)OC1CCCC1,O=C(O)C(=O)NCC1CCCC1,[*]O[*],[*]NC[*],[*:1]-[OH0]-[*:2]>>[*:1]-[NH1]-[CH2]-[*:2],91,0.3773999999999995,171.089543276,0.5900107161850453,2.0021695334358096,0.1430618521388011,-0.1678304665641903,29,73,-6.5,-6.0
O=C(O)C(=O)OC1CCCC1,O=C(O)C(=O)OCC(F)(F)F,[*]C1CCCC1,[*]CC(F)(F)F,[*:1]-[CH1]1-[CH2]-[CH2]-[CH2]-[CH2]-1>>[*:1]-[CH2]-[CH0](-[FH0])(-[FH0])-[FH0],47,0.1765,171.998343236,0.4521321376265232,2.4503131568100507,0.005183273580279,0.2803131568100507,29,74,-6.5,-6.4
O=C(O)C(=O)OC1CCCC1,O=C(O)C(=O)OC1CCCCCCC1,[*]C1CCCC1,[*]C1CCCCCCC1,[*:1]-[CH1]1-[CH2]-[CH2]-[CH2]-[CH2]-1>>[*:1]-[CH1]1-[CH2]-[CH2]-[CH2]-[CH2]-[CH2]-[CH2]-[CH2]-1,38,1.7271,200.104858992,0.5168194935298066,2.0832853194199483,0.0698706294835624,-0.0867146805800516,29,75,-6.5,-6.9
O=C(O)C(=O)OC1CCCC1,O=C(O)C(=O)OC1CCOC1,[*]C1CCCC1,[*]C1CCOC1,[*:1]-[CH1]1-[CH2]-[CH2]-[CH2]-[CH2]-1>>[*:1]-[CH1]1-[CH2]-[CH2]-[OH0]-[CH2]-1,110,-0.5969,160.037173356,0.409398028614109,3.000741868755049,-0.0375508354321351,0.830741868755049,29,76,-6.5,-6.6
O=C(O)C(=O)OC1CCCC1,O=C(O)C(=O)OCCN1CCCC1,[*]C1CCCC1,[*]CCN1CCCC1,[*:1]-[CH1]1-[CH2]-[CH2]-[CH2]-[CH2]-1>>[*:1]-[CH2]-[CH2]-[NH0]1-[CH2]-[CH2]-[CH2]-[CH2]-1,11,-0.2900000000000001,187.084457896,0.4854807009815065,2.0640128269319025,0.0385318369352623,-0.1059871730680974,29,77,-6.5,-6.0
O=C(O)C(=O)OC1CCCC1,CC1(COC(=O)C(=O)O)CC1,[*]C1CCCC1,[*]CC1(C)CC1,[*:1]-[CH1]1-[CH2]-[CH2]-[CH2]-[CH2]-1>>[*:1]-[CH2]-[CH0]1(-[CH3])-[CH2]-[CH2]-1,13,0.4142999999999999,158.0579088,0.4667761390876186,2.769726709923603,0.0198272750413744,0.599726709923603,29,78,-6.5,-6.5
O=C(O)C(=O)OC1CCCC1,O=C(O)C(=O)N1CCN(C2CCCC2)CC1,[*]O[*],[*]N1CCN([*])CC1,[*:1]-[OH0]-[*:2]>>[*:1]-[NH0]1-[CH2]-[CH2]-[NH0](-[*:2])-[CH2]-[CH2]-1,32,0.1577999999999999,226.131742436,0.6468718186255051,2.114468475348332,0.1999229545792609,-0.0555315246516681,29,79,-6.5,-4.3
O=C(O)C(=O)OC1CCCC1,O=C(O)C(=O)N1CCN(C2CCCC2)CC1,[*]O[*],[*]N1CCN([*])CC1,[*:1]-[OH0]-[*:2]>>[*:1]-[NH0]1-[CH2]-[CH2]-[NH0](-[*:2])-[CH2]-[CH2]-1,32,0.1577999999999999,226.131742436,0.6468718186255051,2.114468475348332,0.1999229545792609,-0.0555315246516681,29,80,-6.5,-4.6
O=C(O)C(=O)OC1CCCC1,CC1CCC(OC(=O)C(=O)O)CC1,[*]C1CCCC1,[*]C1CCC(C)CC1,[*:1]-[CH1]1-[CH2]-[CH2]-[CH2]-[CH2]-1>>[*:1]-[CH1]1-[CH2]-[CH2]-[CH1](-[CH3])-[CH2]-[CH2]-1,31,1.1929,186.089208928,0.493240082108558,2.3248283214373977,0.0462912180623138,0.1548283214373977,29,81,-6.5,-7.2
O=C(O)C(=O)OC1CCCC1,CC[C@H](C)OC(=O)C(=O)O,[*]C1CCCC1,[*][C@@H](C)CC,[*:1]-[CH1]1-[CH2]-[CH2]-[CH2]-[CH2]-1>>[*:1]-[C@@H1](-[CH3])-[CH2]-[CH3],15,0.4126999999999999,146.0579088,0.4524323891654225,2.757329976056411,0.0054835251191783,0.5873299760564112,29,82,-6.5,-6.0
O=C(O)C(=O)OC1CCCC1,CCC(C)(C)OC(=O)C(=O)O,[*]C1CCCC1,[*]C(C)(C)CC,[*:1]-[CH1]1-[CH2]-[CH2]-[CH2]-[CH2]-1>>[*:1]-[CH0](-[CH3])(-[CH3])-[CH2]-[CH3],12,0.8028,160.073558864,0.4790939054637996,2.549025977322872,0.0321450414175554,0.3790259773228719,29,83,-6.5,-6.5
O=C(O)C(=O)OC1CCCC1,O=C(NC1CCCC1)OC(=O)C(=O)O,[*]O[*],[*]OC(=O)N[*],[*:1]-[OH0]-[*:2]>>[*:1]-[OH0]-[CH0](=[OH0])-[NH1]-[*:2],32,0.2663999999999993,201.063722452,0.3605050152327077,2.378707306339912,-0.0864438488135364,0.208707306339912,29,84,-6.5,-6.8
O=C(O)C(=O)OC1CCCC1,O=C(NC(=O)C(=O)O)OC1CCCC1,[*]O[*],[*]OC(=O)N[*],[*:1]-[OH0]-[*:2]>>[*:1]-[OH0]-[CH0](=[OH0])-[NH1]-[*:2],32,0.2663999999999997,201.063722452,0.5936355445048218,2.316840504720478,0.1466866804585776,0.1468405047204779,29,85,-6.5,-7.0
O=C(O)C(=O)OC1CCCC1,O=C(O)C(=O)O[C@@H]1CCOC1,[*]C1CCCC1,[*][C@@H]1CCOC1,[*:1]-[CH1]1-[CH2]-[CH2]-[CH2]-[CH2]-1>>[*:1]-[C@@H1]1-[CH2]-[CH2]-[OH0]-[CH2]-1,37,-0.5969,160.037173356,0.409398028614109,3.000741868755049,-0.0375508354321351,0.830741868755049,29,86,-6.5,-6.5
O=C(O)C(=O)OC1CCCC1,CCC(C)OC(=O)C(=O)O,[*]C1CCCC1,[*]C(C)CC,[*:1]-[CH1]1-[CH2]-[CH2]-[CH2]-[CH2]-1>>[*:1]-[CH1](-[CH3])-[CH2]-[CH3],21,0.4126999999999999,146.0579088,0.4524323891654225,2.757329976056411,0.0054835251191783,0.5873299760564112,29,87,-6.5,-6.1
O=C(O)C(=O)OC1CCCC1,CC[C@@H](C)OC(=O)C(=O)O,[*]C1CCCC1,[*][C@H](C)CC,[*:1]-[CH1]1-[CH2]-[CH2]-[CH2]-[CH2]-1>>[*:1]-[C@H1](-[CH3])-[CH2]-[CH3],10,0.4126999999999999,146.0579088,0.4524323891654225,2.757329976056411,0.0054835251191783,0.5873299760564112,29,88,-6.5,-6.1
O=C(O)C(=O)OC1CCCC1,C=CCOC(=O)C(=O)O,[*]C1CCCC1,[*]CC=C,[*:1]-[CH1]1-[CH2]-[CH2]-[CH2]-[CH2]-1>>[*:1]-[CH2]-[CH1]=[CH2],11,-0.1998,130.026608672,0.3191596548370901,2.5005062680951227,-0.127789209209154,0.3305062680951227,29,89,-6.5,-5.7
O=C(O)C(=O)OC1CCCC1,O=C(O)C(=O)OC1CCCO1,[*]C1CCCC1,[*]C1CCCO1,[*:1]-[CH1]1-[CH2]-[CH2]-[CH2]-[CH2]-1>>[*:1]-[CH1]1-[CH2]-[CH2]-[CH2]-[OH0]-1,46,-0.2493000000000001,160.037173356,0.4226610631867821,2.991838791831972,-0.024287800859462,0.8218387918319721,29,90,-6.5,-6.5
O=C(O)C(=O)OC1CCCC1,O=C(O)C(=O)OC1CCNCC1,[*]C1CCCC1,[*]C1CCNCC1,[*:1]-[CH1]1-[CH2]-[CH2]-[CH2]-[CH2]-1>>[*:1]-[CH1]1-[CH2]-[CH2]-[NH1]-[CH2]-[CH2]-1,38,-0.6337999999999997,173.068807832,0.4074567986968185,2.5000730299393066,-0.0394920653494256,0.3300730299393066,29,91,-6.5,-7.0
O=C(O)C(=O)OC1CCCC1,CC(C)(C)CCOC(=O)C(=O)O,[*]C1CCCC1,[*]CCC(C)(C)C,[*:1]-[CH1]1-[CH2]-[CH2]-[CH2]-[CH2]-1>>[*:1]-[CH2]-[CH2]-[CH0](-[CH3])(-[CH3])-[CH3],11,1.0504,174.089208928,0.5016979103681467,2.3550215614078382,0.0547490463219025,0.1850215614078383,29,92,-6.5,-6.7
O=C(O)C(=O)OC1CCCC1,CCC(CC)OC(=O)C(=O)O,[*]C1CCCC1,[*]C(CC)CC,[*:1]-[CH1]1-[CH2]-[CH2]-[CH2]-[CH2]-1>>[*:1]-[CH1](-[CH2]-[CH3])-[CH2]-[CH3],32,0.8028,160.073558864,0.4896538587850377,2.484812424209318,0.0427049947387935,0.3148124242093182,29,93,-6.5,-6.1
O=C(O)C(=O)OC1CCCC1,O=C(O)C(=O)OCC1CCOCC1,[*]C1CCCC1,[*]CC1CCOCC1,[*:1]-[CH1]1-[CH2]-[CH2]-[CH2]-[CH2]-1>>[*:1]-[CH2]-[CH1]1-[CH2]-[CH2]-[OH0]-[CH2]-[CH2]-1,17,0.0408000000000001,188.068473484,0.4889663846938394,2.387701288470364,0.0420175206475952,0.2177012884703639,29,94,-6.5,-6.6
O=C(O)C(=O)OC1CCCC1,O=C(O)C(=O)O[C@H]1CCOC1,[*]C1CCCC1,[*][C@H]1CCOC1,[*:1]-[CH1]1-[CH2]-[CH2]-[CH2]-[CH2]-1>>[*:1]-[C@H1]1-[CH2]-[CH2]-[OH0]-[CH2]-1,28,-0.5969,160.037173356,0.409398028614109,3.000741868755049,-0.0375508354321351,0.830741868755049,29,95,-6.5,-6.4
O=C(O)C(=O)OC1CCCC1,O=C(O)C(=O)O[C@H]1CCCO1,[*]C1CCCC1,[*][C@H]1CCCO1,[*:1]-[CH1]1-[CH2]-[CH2]-[CH2]-[CH2]-1>>[*:1]-[C@H1]1-[CH2]-[CH2]-[CH2]-[OH0]-1,21,-0.2493000000000001,160.037173356,0.4226610631867821,2.991838791831972,-0.024287800859462,0.8218387918319721,29,96,-6.5,-6.4
O=C(O)C(=O)OC1CCCC1,O=C(O)C(=O)O[C@@H]1CCCO1,[*]C1CCCC1,[*][C@@H]1CCCO1,[*:1]-[CH1]1-[CH2]-[CH2]-[CH2]-[CH2]-1>>[*:1]-[C@@H1]1-[CH2]-[CH2]-[CH2]-[OH0]-1,14,-0.2493000000000001,160.037173356,0.4226610631867821,2.991838791831972,-0.024287800859462,0.8218387918319721,29,97,-6.5,-6.3
O=C(O)C(=O)OC1CCCC1,CC(C)CCOC(=O)C(=O)O,[*]C1CCCC1,[*]CCC(C)C,[*:1]-[CH1]1-[CH2]-[CH2]-[CH2]-[CH2]-1>>[*:1]-[CH2]-[CH2]-[CH1](-[CH3])-[CH3],52,0.6602999999999999,160.073558864,0.4862548537657687,2.1634629736598665,0.0393059897195245,-0.0065370263401334,29,98,-6.5,-6.4
O=C(O)C(=O)OC1CCCC1,O=C(O)C(=O)OC1CCC(O)CC1,[*]C1CCCC1,[*]C1CCC(O)CC1,[*:1]-[CH1]1-[CH2]-[CH2]-[CH2]-[CH2]-1>>[*:1]-[CH1]1-[CH2]-[CH2]-[CH1](-[OH1])-[CH2]-[CH2]-1,18,-0.0823000000000001,188.068473484,0.4437708341797756,2.460908321437397,-0.0031780298664685,0.2909083214373975,29,99,-6.5,-7.4
CCC1=C(O)CC(=O)[C@@H](C(=O)O)C1,CCC1=C(O)CC(=O)[C@@H](OC)C1,[*]C(=O)O,[*]OC,[*:1]-[CH0](=[OH0])-[OH1]>>[*:1]-[OH0]-[CH3],264,1.5864,170.094294308,0.6840742426295827,3.938999920788735,0.0505024675342741,0.148999920788734,30,0,-8.1,-5.4
CCC1=C(O)CC(=O)[C@@H](C(=O)O)C1,CCC1=C(O)CC(=O)[C@@H](C(C)C)C1,[*]C(=O)O,[*]C(C)C,[*:1]-[CH0](=[OH0])-[OH1]>>[*:1]-[CH1](-[CH3])-[CH3],15,2.8436000000000003,182.130679816,0.7126051956719591,3.7511337711544286,0.0790334205766505,-0.0388662288455723,30,1,-8.1,-5.0
CCC1=C(O)CC(=O)[C@@H](C(=O)O)C1,CCC1=C(O)CC(=O)[C@@H](CC)C1,[*]C(=O)O,[*]CC,[*:1]-[CH0](=[OH0])-[OH1]>>[*:1]-[CH2]-[CH3],27,2.5976,168.115029752,0.6877197896203783,3.825911459250273,0.0541480145250696,0.035911459250272,30,2,-8.1,-5.6
CCC1=C(O)CC(=O)[C@@H](C(=O)O)C1,CCC1=C(O)CC(=O)[C@@H](CN)C1,[*]C(=O)O,[*]CN,[*:1]-[CH0](=[OH0])-[OH1]>>[*:1]-[CH2]-[NH2],41,1.1462999999999997,169.11027872,0.6513110814474627,3.957324440019504,0.0177393063521541,0.1673244400195033,30,3,-8.1,-6.7
CCC1=C(O)CC(=O)[C@@H](C(=O)O)C1,CCC1=C(O)CC(=O)[C@@H](CO)C1,[*]C(=O)O,[*]CO,[*:1]-[CH0](=[OH0])-[OH1]>>[*:1]-[CH2]-[OH1],242,1.1799000000000002,170.094294308,0.6538630950269888,3.895137901557966,0.0202913199316802,0.1051379015579652,30,4,-8.1,-6.7
CCC1=C(O)CC(=O)[C@@H](C(=O)O)C1,CCC1=C(O)CC(=O)[C@@H](C(N)=O)C1,[*]C(=O)O,[*]C(N)=O,[*:1]-[CH0](=[OH0])-[OH1]>>[*:1]-[CH0](-[NH2])=[OH0],426,0.6728999999999998,183.089543276,0.6173198208263924,3.8301097892539753,-0.0162519542689162,0.0401097892539743,30,5,-8.1,-6.0
CCC1=C(O)CC(=O)[C@@H](C(=O)O)C1,CCC1=C(O)CC(=O)[C@@H](NC)C1,[*]C(=O)O,[*]NC,[*:1]-[CH0](=[OH0])-[OH1]>>[*:1]-[NH1]-[CH3],17,1.1593999999999998,169.11027872,0.6517922250999734,3.9595311707887344,0.0182204500046647,0.1695311707887334,30,6,-8.1,-5.9
CCC1=C(O)CC(=O)[C@@H](C(=O)O)C1,CCC1=C(O)CC(=O)[C@@H](N(C)C)C1,[*]C(=O)O,[*]N(C)C,[*:1]-[CH0](=[OH0])-[OH1]>>[*:1]-[NH0](-[CH3])-[CH3],51,1.5016,183.125928784,0.704964073421382,3.895944178394247,0.0713922983260734,0.105944178394246,30,7,-8.1,-4.4
CCC1=C(O)CC(=O)[C@@H](C(=O)O)C1,CCO[C@H]1CC(CC)=C(O)CC1=O,[*]C(=O)O,[*]OCC,[*:1]-[CH0](=[OH0])-[OH1]>>[*:1]-[OH0]-[CH2]-[CH3],26,1.9765,184.109944372,0.7290632775771576,3.888650513235877,0.095491502481849,0.0986505132358761,30,8,-8.1,-5.5
CCC1=C(O)CC(=O)[C@@H](C(=O)O)C1,CCC1=C(O)CC(=O)[C@@H](C(=O)NC)C1,[*]C(=O)O,[*]C(=O)NC,[*:1]-[CH0](=[OH0])-[OH1]>>[*:1]-[CH0](=[OH0])-[NH1]-[CH3],187,0.9335999999999997,197.10519334,0.6471196110886874,3.792574093201933,0.0135478359933788,0.0025740932019324,30,9,-8.1,-6.2
CCC1=C(O)CC(=O)[C@@H](C(=O)O)C1,CCC1=C(O)CC(=O)[C@@H](C(C)(C)C)C1,[*]C(=O)O,[*]C(C)(C)C,[*:1]-[CH0](=[OH0])-[OH1]>>[*:1]-[CH0](-[CH3])(-[CH3])-[CH3],26,3.2337000000000016,196.14632988,0.6987114598992007,3.8072836566114967,0.0651396848038921,0.0172836566114957,30,10,-8.1,-4.3
CCC1=C(O)CC(=O)[C@@H](C(=O)O)C1,CCC1=C(O)CC(=O)[C@@H](C(=O)N(C)C)C1,[*]C(=O)O,[*]C(=O)N(C)C,[*:1]-[CH0](=[OH0])-[OH1]>>[*:1]-[CH0](=[OH0])-[NH0](-[CH3])-[CH3],153,1.2757999999999998,211.120843404,0.6997790159336081,3.746681160137476,0.0662072408382995,-0.0433188398625246,30,11,-8.1,-4.5
CCC1=C(O)CC(=O)[C@@H](C(=O)O)C1,CCC1=C(O)CC(=O)[C@@H](CN(C)C)C1,[*]C(=O)O,[*]CN(C)C,[*:1]-[CH0](=[OH0])-[OH1]>>[*:1]-[CH2]-[NH0](-[CH3])-[CH3],24,1.7492,197.141578848,0.7489807477207446,3.7784622428900825,0.115408972625436,-0.0115377571099184,30,12,-8.1,-5.0
CCC1=C(O)CC(=O)[C@@H](C(=O)O)C1,CCC1=C(O)CC(=O)[C@@H](NC(C)=O)C1,[*]C(=O)O,[*]NC(C)=O,[*:1]-[CH0](=[OH0])-[OH1]>>[*:1]-[NH1]-[CH0](-[CH3])=[OH0],88,1.0760999999999996,197.10519334,0.695621278399545,3.6649312657591055,0.0620495033042364,-0.1250687342408944,30,13,-8.1,-5.5
CCC1=C(O)CC(=O)[C@@H](C(=O)O)C1,CCC1=C(O)CC(=O)[C@@H](N2CCN(C)CC2)C1,[*]C(=O)O,[*]N1CCN(C)CC1,[*:1]-[CH0](=[OH0])-[OH1]>>[*:1]-[NH0]1-[CH2]-[CH2]-[NH0](-[CH3])-[CH2]-[CH2]-1,14,1.1873999999999996,238.168127944,0.7845162715265188,3.406361142121617,0.1509444964312102,-0.3836388578783838,30,14,-8.1,-3.9
CCC1=C(O)CC(=O)[C@@H](C(=O)O)C1,CCC1=C(O)CC(=O)[C@@H](CCO)C1,[*]C(=O)O,[*]CCO,[*:1]-[CH0](=[OH0])-[OH1]>>[*:1]-[CH2]-[CH2]-[OH1],26,1.57,184.109944372,0.6995731332575996,3.808572271477635,0.066001358162291,0.0185722714776339,30,15,-8.1,-6.1
CCC1=C(O)CC(=O)[C@@H](C(=O)O)C1,CCC1=C(O)CC(=O)[C@@H](COC)C1,[*]C(=O)O,[*]COC,[*:1]-[CH0](=[OH0])-[OH1]>>[*:1]-[CH2]-[OH0]-[CH3],25,1.834,184.109944372,0.7275001824924351,3.825175787961151,0.0939284073971264,0.0351757879611502,30,16,-8.1,-5.3
CCC1=C(O)CC(=O)[C@@H](C(=O)O)C1,CCC1=C(O)CC(=O)[C@@H](N2CCOCC2)C1,[*]C(=O)O,[*]N1CCOCC1,[*:1]-[CH0](=[OH0])-[OH1]>>[*:1]-[NH0]1-[CH2]-[CH2]-[OH0]-[CH2]-[CH2]-1,37,1.2721999999999998,225.136493468,0.768634295698306,3.483094623190767,0.1350625206029974,-0.306905376809234,30,17,-8.1,-3.5
CCC1=C(O)CC(=O)[C@@H](C(=O)O)C1,CCC1=C(O)CC(=O)[C@@H](C(F)(F)F)C1,[*]C(=O)O,[*]C(F)(F)F,[*:1]-[CH0](=[OH0])-[OH1]>>[*:1]-[CH0](-[FH0])(-[FH0])-[FH0],118,2.7499,208.071114252,0.7188997811386977,3.9571413489191887,0.085328006043389,0.1671413489191877,30,18,-8.1,-6.2
CCC1=C(O)CC(=O)[C@@H](C(=O)O)C1,CCC1=C(O)CC(=O)[C@@H](CC(N)=O)C1,[*]C(=O)O,[*]CC(N)=O,[*:1]-[CH0](=[OH0])-[OH1]>>[*:1]-[CH2]-[CH0](-[NH2])=[OH0],13,1.0629999999999995,197.10519334,0.7095102581217393,3.78358531981316,0.0759384830264306,-0.0064146801868414,30,19,-8.1,-6.3
CCC1=C(O)CC(=O)[C@@H](C(=O)O)C1,CCC1=C(O)CC(=O)[C@@H](OC(C)C)C1,[*]C(=O)O,[*]OC(C)C,[*:1]-[CH0](=[OH0])-[OH1]>>[*:1]-[OH0]-[CH1](-[CH3])-[CH3],12,2.365,198.125594436,0.7568488005525088,3.901820247048088,0.1232770254572002,0.1118202470480866,30,20,-8.1,-4.9
CCC1=C(O)CC(=O)[C@@H](C(=O)O)C1,CCC1=C(O)CC(=O)[C@@H](OC(F)(F)F)C1,[*]C(=O)O,[*]OC(F)(F)F,[*:1]-[CH0](=[OH0])-[OH1]>>[*:1]-[OH0]-[CH0](-[FH0])(-[FH0])-[FH0],36,2.4764,224.066028872,0.7832492832475926,4.040372284397831,0.1496775081522839,0.2503722843978302,30,21,-8.1,-5.9
CCC1=C(O)CC(=O)[C@@H](C(=O)O)C1,CCC1=C(O)CC(=O)[C@@H](C(=O)N2CCC2)C1,[*]C(=O)O,[*]C(=O)N1CCC1,[*:1]-[CH0](=[OH0])-[OH1]>>[*:1]-[CH0](=[OH0])-[NH0]1-[CH2]-[CH2]-[CH2]-1,12,1.4198999999999995,223.120843404,0.7201688235064378,3.5162411705968504,0.0865970484111292,-0.2737588294031505,30,22,-8.1,-5.7
CCC1=C(O)CC(=O)[C@@H](C(=O)O)C1,CCC1=C(O)CC(=O)[C@@H](CC(=O)O)C1,[*]C(=O)O,[*]CC(=O)O,[*:1]-[CH0](=[OH0])-[OH1]>>[*:1]-[CH2]-[CH0](=[OH0])-[OH1],212,1.6623,198.089208928,0.7227758517744977,3.668561203389043,0.089204076679189,-0.121438796610958,30,23,-8.1,-6.8
CCC1=C(O)CC(=O)[C@@H](C(=O)O)C1,CCNC(=O)[C@H]1CC(CC)=C(O)CC1=O,[*]C(=O)O,[*]C(=O)NCC,[*:1]-[CH0](=[OH0])-[OH1]>>[*:1]-[CH0](=[OH0])-[NH1]-[CH2]-[CH3],40,1.3237,211.120843404,0.6918359950171836,3.630197728184815,0.058264219921875,-0.1598022718151863,30,24,-8.1,-6.3
CCC1=C(O)CC(=O)[C@@H](C(=O)O)C1,CCC1=C(O)CC(=O)[C@@H](C(=O)N2CCCCC2)C1,[*]C(=O)O,[*]C(=O)N1CCCCC1,[*:1]-[CH0](=[OH0])-[OH1]>>[*:1]-[CH0](=[OH0])-[NH0]1-[CH2]-[CH2]-[CH2]-[CH2]-[CH2]-1,29,2.2001,251.152143532,0.7653646405200903,3.350390804603581,0.1317928654247817,-0.4396091953964198,30,25,-8.1,-4.3
CCC1=C(O)CC(=O)[C@@H](C(=O)O)C1,CCC1=C(O)CC(=O)[C@@H](C(=O)N2CCCC2)C1,[*]C(=O)O,[*]C(=O)N1CCCC1,[*:1]-[CH0](=[OH0])-[OH1]>>[*:1]-[CH0](=[OH0])-[NH0]1-[CH2]-[CH2]-[CH2]-[CH2]-1,20,1.81,237.136493468,0.7450771905083912,3.410632827882665,0.1115054154130825,-0.3793671721173357,30,26,-8.1,-4.8
CCC1=C(O)CC(=O)[C@@H](C(=O)O)C1,CCC1=C(O)CC(=O)[C@@H](N2CCCCC2)C1,[*]C(=O)O,[*]N1CCCCC1,[*:1]-[CH0](=[OH0])-[OH1]>>[*:1]-[NH0]1-[CH2]-[CH2]-[CH2]-[CH2]-[CH2]-1,10,2.4259000000000004,223.157228912,0.7812746366334636,3.347036161652306,0.147702861538155,-0.442963838347695,30,27,-8.1,-4.1
CCC1=C(O)CC(=O)[C@@H](C(=O)O)C1,CCC1=C(O)CC(=O)[C@@H](C(=O)NC2CC2)C1,[*]C(=O)O,[*]C(=O)NC1CC1,[*:1]-[CH0](=[OH0])-[OH1]>>[*:1]-[CH0](=[OH0])-[NH1]-[CH1]1-[CH2]-[CH2]-1,32,1.4661999999999995,223.120843404,0.7118288801717579,3.561852977394704,0.0782571050764493,-0.228147022605297,30,28,-8.1,-6.4
CCC1=C(O)CC(=O)[C@@H](C(=O)O)C1,CCC1=C(O)CC(=O)[C@@H](CNC(C)=O)C1,[*]C(=O)O,[*]CNC(C)=O,[*:1]-[CH0](=[OH0])-[OH1]>>[*:1]-[CH2]-[NH1]-[CH0](-[CH3])=[OH0],13,1.3237,211.120843404,0.7395674091107224,3.6481146512617366,0.1059956340154137,-0.1418853487382643,30,29,-8.1,-6.2
CCC1=C(O)CC(=O)[C@@H](C(=O)O)C1,CCC1=C(O)CC(=O)[C@@H](C(C)(C)O)C1,[*]C(=O)O,[*]C(C)(C)O,[*:1]-[CH0](=[OH0])-[OH1]>>[*:1]-[CH0](-[CH3])(-[CH3])-[OH1],20,1.9585,198.125594436,0.7127134609749979,4.0013913489191895,0.0791416858796892,0.2113913489191885,30,30,-8.1,-5.3
CCC1=C(O)CC(=O)[C@@H](C(=O)O)C1,CCC1=C(O)CC(=O)[C@@H](C(C)=O)C1,[*]C(=O)O,[*]C(C)=O,[*:1]-[CH0](=[OH0])-[OH1]>>[*:1]-[CH0](-[CH3])=[OH0],68,1.7766,182.094294308,0.6620502849570651,3.8357296987562393,0.0284785098617564,0.0457296987562383,30,31,-8.1,-6.0
CCC1=C(O)CC(=O)[C@@H](C(=O)O)C1,CCC1=C(O)CC(=O)[C@@H](OCCO)C1,[*]C(=O)O,[*]OCCO,[*:1]-[CH0](=[OH0])-[OH1]>>[*:1]-[OH0]-[CH2]-[CH2]-[OH1],17,0.9489,200.104858992,0.7086324668576741,3.909831025032549,0.0750606917623655,0.119831025032548,30,32,-8.1,-5.4
CCC1=C(O)CC(=O)[C@@H](C(=O)O)C1,CCC1=C(O)CC(=O)[C@@H](C(=O)N2CCOCC2)C1,[*]C(=O)O,[*]C(=O)N1CCOCC1,[*:1]-[CH0](=[OH0])-[OH1]>>[*:1]-[CH0](=[OH0])-[NH0]1-[CH2]-[CH2]-[OH0]-[CH2]-[CH2]-1,80,1.0463999999999998,253.131408088,0.7468220215568394,3.4562889584497363,0.1132502464615308,-0.3337110415502646,30,33,-8.1,-3.8
CCC1=C(O)CC(=O)[C@@H](C(=O)O)C1,CCC1=C(O)CC(=O)[C@@H](C(=O)NC(C)C)C1,[*]C(=O)O,[*]C(=O)NC(C)C,[*:1]-[CH0](=[OH0])-[OH1]>>[*:1]-[CH0](=[OH0])-[NH1]-[CH1](-[CH3])-[CH3],30,1.7121999999999995,225.136493468,0.718488129946964,3.5959647330808773,0.0849163548516553,-0.1940352669191236,30,34,-8.1,-6.5
CCC1=C(O)CC(=O)[C@@H](C(=O)O)C1,CCC1=C(O)CC(=O)[C@@H](C(=O)N2CCNCC2)C1,[*]C(=O)O,[*]C(=O)N1CCNCC1,[*:1]-[CH0](=[OH0])-[OH1]>>[*:1]-[CH0](=[OH0])-[NH0]1-[CH2]-[CH2]-[NH1]-[CH2]-[CH2]-1,11,0.6193999999999997,252.1473925,0.7068393969694317,3.5936981892189657,0.073267621874123,-0.1963018107810352,30,35,-8.1,-2.8
CCC1=C(O)CC(=O)[C@@H](C(=O)O)C1,CCC1=C(O)CC(=O)[C@@H](C(=O)OC)C1,[*]C(=O)O,[*]C(=O)OC,[*:1]-[CH0](=[OH0])-[OH1]>>[*:1]-[CH0](=[OH0])-[OH0]-[CH3],638,1.3606,198.089208928,0.5371717913573554,3.649337502765343,-0.0963999837379532,-0.1406624972346577,30,36,-8.1,-5.3
CCC1=C(O)CC(=O)[C@@H](C(=O)O)C1,CCC1=C(O)CC(=O)[C@@H](OCC(=O)O)C1,[*]C(=O)O,[*]OCC(=O)O,[*:1]-[CH0](=[OH0])-[OH1]>>[*:1]-[OH0]-[CH2]-[CH0](=[OH0])-[OH1],48,1.0412,214.084123548,0.7300505827788235,3.7936169589540434,0.0964788076835149,0.0036169589540424,30,37,-8.1,-5.9
CCC1=C(O)CC(=O)[C@@H](C(=O)O)C1,CCC1=C(O)CC(=O)[C@@H](CN2CCOCC2)C1,[*]C(=O)O,[*]CN1CCOCC1,[*:1]-[CH0](=[OH0])-[OH1]>>[*:1]-[CH2]-[NH0]1-[CH2]-[CH2]-[OH0]-[CH2]-[CH2]-1,19,1.5197999999999996,239.152143532,0.8109520298597854,3.491496575836837,0.1773802547644768,-0.2985034241631634,30,38,-8.1,-4.9
CCC1=C(O)CC(=O)[C@@H](C(=O)O)C1,CCC1=C(O)CC(=O)[C@@H](NS(C)(=O)=O)C1,[*]C(=O)O,[*]NS(C)(=O)=O,[*:1]-[CH0](=[OH0])-[OH1]>>[*:1]-[NH1]-[SH0](-[CH3])(=[OH0])=[OH0],55,0.4891999999999996,233.07217896,0.7427141104955371,3.833237373155229,0.1091423354002285,0.043237373155228,30,39,-8.1,-5.7
CCC1=C(O)CC(=O)[C@@H](C(=O)O)C1,CCC1=C(O)CC(=O)[C@@H](NC(N)=O)C1,[*]C(=O)O,[*]NC(N)=O,[*:1]-[CH0](=[OH0])-[OH1]>>[*:1]-[NH1]-[CH0](-[NH2])=[OH0],10,0.6082999999999998,198.100442308,0.6064741506456927,3.8272942595221,-0.0270976244496159,0.037294259522099,30,40,-8.1,-6.1
CCC1=C(O)CC(=O)[C@@H](C(=O)O)C1,CCC1=C(O)CC(=O)[C@@H](C(=O)N2CCN(C)CC2)C1,[*]C(=O)O,[*]C(=O)N1CCN(C)CC1,[*:1]-[CH0](=[OH0])-[OH1]>>[*:1]-[CH0](=[OH0])-[NH0]1-[CH2]-[CH2]-[NH0](-[CH3])-[CH2]-[CH2]-1,46,0.9616,266.163042564,0.7563356517208437,3.400559410893581,0.1227638766255351,-0.3894405891064201,30,41,-8.1,-3.2
CCC1=C(O)CC(=O)[C@@H](C(=O)O)C1,CCCNC(=O)[C@H]1CC(CC)=C(O)CC1=O,[*]C(=O)O,[*]C(=O)NCCC,[*:1]-[CH0](=[OH0])-[OH1]>>[*:1]-[CH0](=[OH0])-[NH1]-[CH2]-[CH2]-[CH3],12,1.7138,225.136493468,0.7157231588419016,3.493514158074488,0.082151383746593,-0.2964858419255129,30,42,-8.1,-5.6
CCC1=C(O)CC(=O)[C@@H](C(=O)O)C1,CCC1=C(O)CC(=O)[C@@H](CCC(=O)O)C1,[*]C(=O)O,[*]CCC(=O)O,[*:1]-[CH0](=[OH0])-[OH1]>>[*:1]-[CH2]-[CH2]-[CH0](=[OH0])-[OH1],69,2.0524,212.104858992,0.7474579718419975,3.572663497415583,0.1138861967466888,-0.217336502584418,30,43,-8.1,-6.8
CCC1=C(O)CC(=O)[C@@H](C(=O)O)C1,CCC1=C(O)CC(=O)[C@@H](C(C)O)C1,[*]C(=O)O,[*]C(C)O,[*:1]-[CH0](=[OH0])-[OH1]>>[*:1]-[CH1](-[CH3])-[OH1],18,1.5684,184.109944372,0.684461477773182,4.182771442064104,0.0508897026778734,0.3927714420641033,30,44,-8.1,-6.0
CCC1=C(O)CC(=O)[C@@H](C(=O)O)C1,CCC1=C(O)CC(=O)[C@@H](C(=O)NC2CCCCC2)C1,[*]C(=O)O,[*]C(=O)NC1CCCCC1,[*:1]-[CH0](=[OH0])-[OH1]>>[*:1]-[CH0](=[OH0])-[NH1]-[CH1]1-[CH2]-[CH2]-[CH2]-[CH2]-[CH2]-1,10,2.6365,265.167793596,0.7708483019654171,3.357213262629653,0.1372765268701085,-0.432786737370348,30,45,-8.1,-6.5
CCC1=C(O)CC(=O)[C@@H](C(=O)O)C1,CCOC(=O)[C@H]1CC(CC)=C(O)CC1=O,[*]C(=O)O,[*]C(=O)OCC,[*:1]-[CH0](=[OH0])-[OH1]>>[*:1]-[CH0](=[OH0])-[OH0]-[CH2]-[CH3],288,1.7507,212.104858992,0.5714778517211061,3.537740035877121,-0.0620939233742025,-0.2522599641228797,30,46,-8.1,-5.3
CCC1=C(O)CC(=O)[C@@H](C(=O)O)C1,CCC1=C(O)CC(=O)[C@@H](C(=O)NS(C)(=O)=O)C1,[*]C(=O)O,[*]C(=O)NS(C)(=O)=O,[*:1]-[CH0](=[OH0])-[OH1]>>[*:1]-[CH0](=[OH0])-[NH1]-[SH0](-[CH3])(=[OH0])=[OH0],60,0.2634,261.06709358,0.7097936730966649,3.7700843380746,0.0762218980013562,-0.0199156619254008,30,47,-8.1,-6.4
CCC1=C(O)CC(=O)[C@@H](C(=O)O)C1,CCC1=C(O)CC(=O)[C@@H](c2ccccc2)C1,[*]C(=O)O,[*]c1ccccc1,[*:1]-[CH0](=[OH0])-[OH1]>>[*:1]-[cH0]1:[cH1]:[cH1]:[cH1]:[cH1]:[cH1]:1,60,3.3552000000000017,216.115029752,0.8226554426916541,3.15748231549846,0.1890836675963455,-0.6325176845015408,30,48,-8.1,-4.8
CCC1=C(O)CC(=O)[C@@H](C(=O)O)C1,CCC1=C(O)CC(=O)[C@@H](NC(=O)OC(C)(C)C)C1,[*]C(=O)O,[*]NC(=O)OC(C)(C)C,[*:1]-[CH0](=[OH0])-[OH1]>>[*:1]-[NH1]-[CH0](=[OH0])-[OH0]-[CH0](-[CH3])(-[CH3])-[CH3],15,2.464700000000001,255.147058152,0.794374112498907,3.466044192492289,0.1608023374035984,-0.323955807507712,30,49,-8.1,-4.7
CCC1=C(O)CC(=O)[C@@H](C(=O)O)C1,CCC1=C(O)CC(=O)[C@@H](c2ccc(OC)cc2)C1,[*]C(=O)O,[*]c1ccc(OC)cc1,[*:1]-[CH0](=[OH0])-[OH1]>>[*:1]-[cH0]1:[cH1]:[cH1]:[cH0](-[OH0]-[CH3]):[cH1]:[cH1]:1,11,3.363800000000002,246.125594436,0.8890683307884865,3.1114754199881967,0.2554965556931778,-0.6785245800118043,30,50,-8.1,-4.3
CCC1=C(O)CC(=O)[C@@H](C(=O)O)C1,CCC1=C(O)CC(=O)[C@@H](C(=O)NCCN)C1,[*]C(=O)O,[*]C(=O)NCCN,[*:1]-[CH0](=[OH0])-[OH1]>>[*:1]-[CH0](=[OH0])-[NH1]-[CH2]-[CH2]-[NH2],13,0.262499999999999,226.131742436,0.5995191475721129,3.656399667913487,-0.0340526275231957,-0.1336003320865142,30,51,-8.1,-6.3
CCC1=C(O)CC(=O)[C@@H](C(=O)O)C1,CCC1=C(O)CC(=O)[C@@H](OCCN(C)C)C1,[*]C(=O)O,[*]OCCN(C)C,[*:1]-[CH0](=[OH0])-[OH1]>>[*:1]-[OH0]-[CH2]-[CH2]-[NH0](-[CH3])-[CH3],14,1.5181999999999998,227.152143532,0.773312709270252,3.768466573101321,0.1397409341749433,-0.0215334268986797,30,52,-8.1,-5.7
CCC1=C(O)CC(=O)[C@@H](C(=O)O)C1,CCC1=C(O)CC(=O)[C@@H](C(C)(C)C(=O)O)C1,[*]C(=O)O,[*]C(C)(C)C(=O)O,[*:1]-[CH0](=[OH0])-[OH1]>>[*:1]-[CH0](-[CH3])(-[CH3])-[CH0](=[OH0])-[OH1],12,2.2984,226.120509056,0.773868424551196,3.9112504205641274,0.1402966494558873,0.1212504205641256,30,53,-8.1,-5.4
CCC1=C(O)CC(=O)[C@@H](C(=O)O)C1,CCC1=C(O)CC(=O)[C@@H](SC)C1,[*]C(=O)O,[*]SC,[*:1]-[CH0](=[OH0])-[OH1]>>[*:1]-[SH0]-[CH3],25,2.303,186.071450688,0.718668234466014,4.142270113096428,0.0850964593707054,0.3522701130964272,30,54,-8.1,-5.1
CCC1=C(O)CC(=O)[C@@H](C(=O)O)C1,CCC1=C(O)CC(=O)[C@@H](CC(=O)OC)C1,[*]C(=O)O,[*]CC(=O)OC,[*:1]-[CH0](=[OH0])-[OH1]>>[*:1]-[CH2]-[CH0](=[OH0])-[OH0]-[CH3],18,1.7507,212.104858992,0.72373111117538,3.606766574338661,0.0901593360800714,-0.1832334256613403,30,55,-8.1,-5.3
CCC1=C(O)CC(=O)[C@@H](C(=O)O)C1,CCC1=C(O)CC(=O)[C@@H](C(=O)NOC)C1,[*]C(=O)O,[*]C(=O)NOC,[*:1]-[CH0](=[OH0])-[OH1]>>[*:1]-[CH0](=[OH0])-[NH1]-[OH0]-[CH3],13,0.8651999999999995,213.10010796,0.5383549876880249,3.9444708051078914,-0.0952167874072836,0.1544708051078904,30,56,-8.1,-6.1
CCC1=C(O)CC(=O)[C@@H](C(=O)O)C1,CCC1=C(O)CC(=O)[C@@H](c2n[nH]c(=O)o2)C1,[*]C(=O)O,[*]c1n[nH]c(=O)o1,[*:1]-[CH0](=[OH0])-[OH1]>>[*:1]-[cH0]1:[nH0]:[nH1]:[cH0](=[OH0]):[oH0]:1,13,1.0315000000000003,224.079706864,0.7816256432919659,4.154212735078879,0.1480538681966573,0.3642127350788779,30,57,-8.1,-6.0
CCC1=C(O)CC(=O)[C@@H](C(=O)O)C1,CCC1=C(O)CC(=O)[C@@H](C(=O)N(CC)CC)C1,[*]C(=O)O,[*]C(=O)N(CC)CC,[*:1]-[CH0](=[OH0])-[OH1]>>[*:1]-[CH0](=[OH0])-[NH0](-[CH2]-[CH3])-[CH2]-[CH3],26,2.056,239.152143532,0.7638386983676236,3.597732729682992,0.130266923272315,-0.1922672703170089,30,58,-8.1,-3.2
CCC1=C(O)CC(=O)[C@@H](C(=O)O)C1,CCC1=C(O)CC(=O)[C@@H](C(=O)NCC(=O)O)C1,[*]C(=O)O,[*]C(=O)NCC(=O)O,[*:1]-[CH0](=[OH0])-[OH1]>>[*:1]-[CH0](=[OH0])-[NH1]-[CH2]-[CH0](=[OH0])-[OH1],23,0.3883999999999993,241.09502258,0.6174796341800285,3.525975806606068,-0.0160921409152801,-0.2640241933939329,30,59,-8.1,-6.8
CCC1=C(O)CC(=O)[C@@H](C(=O)O)C1,CCC1=C(O)CC(=O)[C@@H](c2ccccn2)C1,[*]C(=O)O,[*]c1ccccn1,[*:1]-[CH0](=[OH0])-[OH1]>>[*:1]-[cH0]1:[cH1]:[cH1]:[cH1]:[cH1]:[nH0]:1,12,2.7502000000000004,217.11027872,0.8282198549763415,3.525356161652307,0.1946480798810329,-0.2646438383476939,30,60,-8.1,-4.4
CCC1=C(O)CC(=O)[C@@H](C(=O)O)C1,CCC1=C(O)CC(=O)[C@@H](C(=O)NCCN(C)C)C1,[*]C(=O)O,[*]C(=O)NCCN(C)C,[*:1]-[CH0](=[OH0])-[OH1]>>[*:1]-[CH0](=[OH0])-[NH1]-[CH2]-[CH2]-[NH0](-[CH3])-[CH3],35,0.8653999999999997,254.163042564,0.7141163659133675,3.5109473430651192,0.0805445908180588,-0.2790526569348817,30,61,-8.1,-6.5
CCC1=C(O)CC(=O)[C@@H](C(=O)O)C1,CCC1=C(O)CC(=O)[C@@H](C(=O)NS(=O)(=O)C2CC2)C1,[*]C(=O)O,[*]C(=O)NS(=O)(=O)C1CC1,[*:1]-[CH0](=[OH0])-[OH1]>>[*:1]-[CH0](=[OH0])-[NH1]-[SH0](=[OH0])(=[OH0])-[CH1]1-[CH2]-[CH2]-1,14,0.796,287.082743644,0.7446743714746331,3.756374783674646,0.1111025963793245,-0.0336252163253547,30,62,-8.1,-5.8
CCC1=C(O)CC(=O)[C@@H](C(=O)O)C1,CCC1=C(O)CC(=O)[C@@H](C(=O)OC(C)C)C1,[*]C(=O)O,[*]C(=O)OC(C)C,[*:1]-[CH0](=[OH0])-[OH1]>>[*:1]-[CH0](=[OH0])-[OH0]-[CH1](-[CH3])-[CH3],20,2.1392000000000007,226.120509056,0.5911895904418846,3.645250447366592,-0.042382184653424,-0.1447495526334092,30,63,-8.1,-5.5
CCC1=C(O)CC(=O)[C@@H](C(=O)O)C1,CCC1=C(O)CC(=O)[C@@H](c2nn[nH]n2)C1,[*]C(=O)O,[*]c1nn[nH]n1,[*:1]-[CH0](=[OH0])-[OH1]>>[*:1]-[cH0]1:[nH0]:[nH0]:[nH1]:[nH0]:1,115,0.8682999999999998,208.096025624,0.7518418341549981,4.101573552360638,0.1182700590596894,0.3115735523606373,30,64,-8.1,-6.2
CCC1=C(O)CC(=O)[C@@H](C(=O)O)C1,CCC1=C(O)CC(=O)[C@@H](C(=O)OCCO)C1,[*]C(=O)O,[*]C(=O)OCCO,[*:1]-[CH0](=[OH0])-[OH1]>>[*:1]-[CH0](=[OH0])-[OH0]-[CH2]-[CH2]-[OH1],10,0.7230999999999996,228.099773612,0.5469142454144341,3.657861564156778,-0.0866575296808744,-0.1321384358432222,30,65,-8.1,-6.0
CCC1=C(O)CC(=O)[C@@H](C(=O)O)C1,CCC1=C(O)CC(=O)[C@@H](C(=O)NCC(=O)OC)C1,[*]C(=O)O,[*]C(=O)NCC(=O)OC,[*:1]-[CH0](=[OH0])-[OH1]>>[*:1]-[CH0](=[OH0])-[NH1]-[CH2]-[CH0](=[OH0])-[OH0]-[CH3],13,0.4767999999999996,255.110672644,0.5626200163205166,3.476819458449735,-0.0709517587747919,-0.313180541550266,30,66,-8.1,-6.5
CCC1=C(O)CC(=O)[C@@H](C(=O)O)C1,CCC1=C(O)CC(=O)[C@@H](Oc2ccccc2)C1,[*]C(=O)O,[*]Oc1ccccc1,[*:1]-[CH0](=[OH0])-[OH1]>>[*:1]-[OH0]-[cH0]1:[cH1]:[cH1]:[cH1]:[cH1]:[cH1]:1,20,3.019000000000001,232.109944372,0.8709016417288339,3.2463706142983764,0.2373298666335253,-0.5436293857016246,30,67,-8.1,-5.9
CCC1=C(O)CC(=O)[C@@H](C(=O)O)C1,CCC1=C(O)CC(=O)[C@@H](CCCC(=O)O)C1,[*]C(=O)O,[*]CCCC(=O)O,[*:1]-[CH0](=[OH0])-[OH1]>>[*:1]-[CH2]-[CH2]-[CH2]-[CH0](=[OH0])-[OH1],15,2.4425,226.120509056,0.7546122412700287,3.515954587412592,0.12104046617472,-0.2740454125874088,30,68,-8.1,-5.8
CCC1=C(O)CC(=O)[C@@H](C(=O)O)C1,CCC1=C(O)CC(=O)[C@@H](C(=O)OC(C)(C)C)C1,[*]C(=O)O,[*]C(=O)OC(C)(C)C,[*:1]-[CH0](=[OH0])-[OH1]>>[*:1]-[CH0](=[OH0])-[OH0]-[CH0](-[CH3])(-[CH3])-[CH3],25,2.5293,240.13615912,0.5947556665532919,3.571089932480195,-0.0388161085420166,-0.2189100675198059,30,69,-8.1,-4.2
CCC1=C(O)CC(=O)[C@@H](C(=O)O)C1,CCC1=C(O)CC(=O)[C@@H](C(C)C(=O)O)C1,[*]C(=O)O,[*]C(C)C(=O)O,[*:1]-[CH0](=[OH0])-[OH1]>>[*:1]-[CH1](-[CH3])-[CH0](=[OH0])-[OH1],12,1.9083,212.104858992,0.7488966503823835,4.03596846557552,0.1153248752870749,0.245968465575519,30,70,-8.1,-6.3
CCC1=C(O)CC(=O)[C@@H](C(=O)O)C1,CCC1=C(O)CC(=O)[C@@H](c2cccs2)C1,[*]C(=O)O,[*]c1cccs1,[*:1]-[CH0](=[OH0])-[OH1]>>[*:1]-[cH0]1:[cH1]:[cH1]:[cH1]:[sH0]:1,10,3.4167000000000014,222.071450688,0.8321200278107591,3.635307618294704,0.1985482527154505,-0.1546923817052974,30,71,-8.1,-4.5
CCC1=C(O)CC(=O)[C@@H](C(=O)O)C1,CCC1=C(O)CC(=O)[C@@H](C(=O)NCCO)C1,[*]C(=O)O,[*]C(=O)NCCO,[*:1]-[CH0](=[OH0])-[OH1]>>[*:1]-[CH0](=[OH0])-[NH1]-[CH2]-[CH2]-[OH1],48,0.2960999999999995,227.115758024,0.6026187836115366,3.6036941222963126,-0.0309529914837719,-0.1863058777036883,30,72,-8.1,-6.3
CCC1=C(O)CC(=O)[C@@H](C(=O)O)C1,CCC1=C(O)CC(=O)[C@@H](C(=O)NCCOC)C1,[*]C(=O)O,[*]C(=O)NCCOC,[*:1]-[CH0](=[OH0])-[OH1]>>[*:1]-[CH0](=[OH0])-[NH1]-[CH2]-[CH2]-[OH0]-[CH3],26,0.9501999999999996,241.131408088,0.5548003108126045,3.4816763417231265,-0.0787714642827041,-0.3083236582768744,30,73,-8.1,-6.6
CCC1=C(O)CC(=O)[C@@H](C(=O)O)C1,CCC1=C(O)CC(=O)[C@@H](C(=O)OCc2ccccc2)C1,[*]C(=O)O,[*]C(=O)OCc1ccccc1,[*:1]-[CH0](=[OH0])-[OH1]>>[*:1]-[CH0](=[OH0])-[OH0]-[CH2]-[cH0]1:[cH1]:[cH1]:[cH1]:[cH1]:[cH1]:1,26,2.931000000000001,274.120509056,0.6769810346982036,3.08955513004706,0.0434092596028949,-0.7004448699529409,30,74,-8.1,-6.1
CCC1=C(O)CC(=O)[C@@H](C(=O)O)C1,CCC1=C(O)CC(=O)[C@@H](c2nnn[nH]2)C1,[*]C(=O)O,[*]c1nnn[nH]1,[*:1]-[CH0](=[OH0])-[OH1]>>[*:1]-[cH0]1:[nH0]:[nH0]:[nH0]:[nH1]:1,179,0.8682999999999998,208.096025624,0.7518418341549981,4.265657068844154,0.1182700590596894,0.4756570688441535,30,75,-8.1,-6.4
CCC1=C(O)CC(=O)[C@@H](C(=O)O)C1,CCC1=C(O)CC(=O)[C@@H](C(=O)NCCN2CCOCC2)C1,[*]C(=O)O,[*]C(=O)NCCN1CCOCC1,[*:1]-[CH0](=[OH0])-[OH1]>>[*:1]-[CH0](=[OH0])-[NH1]-[CH2]-[CH2]-[NH0]1-[CH2]-[CH2]-[OH0]-[CH2]-[CH2]-1,24,0.6359999999999992,296.173607248,0.727806951332872,3.3620056222511367,0.0942351762375633,-0.4279943777488642,30,76,-8.1,-6.0
CCC1=C(O)CC(=O)[C@@H](C(=O)O)C1,CCC1=C(O)CC(=O)[C@@H](OCCOC)C1,[*]C(=O)O,[*]OCCOC,[*:1]-[CH0](=[OH0])-[OH1]>>[*:1]-[OH0]-[CH2]-[CH2]-[OH0]-[CH3],12,1.6029999999999998,214.120509056,0.7061853048135528,3.743646696289879,0.0726135297182442,-0.0463533037101218,30,77,-8.1,-5.8
CCC1=C(O)CC(=O)[C@@H](C(=O)O)C1,CCC1=C(O)CC(=O)[C@@H](c2cccnc2)C1,[*]C(=O)O,[*]c1cccnc1,[*:1]-[CH0](=[OH0])-[OH1]>>[*:1]-[cH0]1:[cH1]:[cH1]:[cH1]:[nH0]:[cH1]:1,15,2.7502000000000004,217.11027872,0.8282198549763415,3.4644207770369224,0.1946480798810329,-0.3255792229630785,30,78,-8.1,-3.7
CCC1=C(O)CC(=O)[C@@H](C(=O)O)C1,CCC1=C(O)CC(=O)[C@@H](C(=O)Nc2ccccc2)C1,[*]C(=O)O,[*]C(=O)Nc1ccccc1,[*:1]-[CH0](=[OH0])-[OH1]>>[*:1]-[CH0](=[OH0])-[NH1]-[cH0]1:[cH1]:[cH1]:[cH1]:[cH1]:[cH1]:1,24,2.8263000000000007,259.120843404,0.8201547107078139,3.0589775587109305,0.1865829356125052,-0.7310224412890705,30,79,-8.1,-7.3
CCC1=C(O)CC(=O)[C@@H](C(=O)O)C1,CCC1=C(O)CC(=O)[C@@H](c2ccncc2)C1,[*]C(=O)O,[*]c1ccncc1,[*:1]-[CH0](=[OH0])-[OH1]>>[*:1]-[cH0]1:[cH1]:[cH1]:[nH0]:[cH1]:[cH1]:1,13,2.7502000000000004,217.11027872,0.8282198549763415,3.478180777036922,0.1946480798810329,-0.3118192229630789,30,80,-8.1,-4.9
CCC1=C(O)CC(=O)[C@@H](C(=O)O)C1,CCC1=C(O)CC(=O)[C@@H](NC(=O)c2ccccc2)C1,[*]C(=O)O,[*]NC(=O)c1ccccc1,[*:1]-[CH0](=[OH0])-[OH1]>>[*:1]-[NH1]-[CH0](=[OH0])-[cH0]1:[cH1]:[cH1]:[cH1]:[cH1]:[cH1]:1,11,2.37,259.120843404,0.8753669916399048,3.03175549775302,0.2417952165445962,-0.7582445022469813,30,81,-8.1,-6.0
CCC1=C(O)CC(=O)[C@@H](C(=O)O)C1,CCC1=C(O)CC(=O)[C@@H](NS(=O)(=O)C(F)(F)F)C1,[*]C(=O)O,[*]NS(=O)(=O)C(F)(F)F,[*:1]-[CH0](=[OH0])-[OH1]>>[*:1]-[NH1]-[SH0](=[OH0])(=[OH0])-[CH0](-[FH0])(-[FH0])-[FH0],13,1.3792000000000004,287.043913524,0.8210671926095019,3.908821841392879,0.1874954175141933,0.1188218413928776,30,82,-8.1,-5.2
CCC1=C(O)CC(=O)[C@@H](C(=O)O)C1,CCC1=C(O)CC(=O)[C@@H](c2noc(=O)[nH]2)C1,[*]C(=O)O,[*]c1noc(=O)[nH]1,[*:1]-[CH0](=[OH0])-[OH1]>>[*:1]-[cH0]1:[nH0]:[oH0]:[cH0](=[OH0]):[nH1]:1,30,1.0315000000000003,224.079706864,0.7816256432919659,4.404755742071886,0.1480538681966573,0.6147557420718854,30,83,-8.1,-6.2
CCC1=C(O)CC(=O)[C@@H](C(=O)O)C1,CCC1=C(O)CC(=O)[C@@H](C(=O)NCc2ccccc2)C1,[*]C(=O)O,[*]C(=O)NCc1ccccc1,[*:1]-[CH0](=[OH0])-[OH1]>>[*:1]-[CH0](=[OH0])-[NH1]-[CH2]-[cH0]1:[cH1]:[cH1]:[cH1]:[cH1]:[cH1]:1,32,2.5040000000000004,273.136493468,0.8282787254116883,3.0600207893877203,0.1947069503163797,-0.7299792106122807,30,84,-8.1,-5.9
CCC1=C(O)CC(=O)[C@@H](C(=O)O)C1,CCC1=C(O)CC(=O)[C@@H](OCc2ccccc2)C1,[*]C(=O)O,[*]OCc1ccccc1,[*:1]-[CH0](=[OH0])-[OH1]>>[*:1]-[OH0]-[CH2]-[cH0]1:[cH1]:[cH1]:[cH1]:[cH1]:[cH1]:1,17,3.1568000000000014,246.125594436,0.8872518896181466,3.1990243792642143,0.253680114522838,-0.5909756207357866,30,85,-8.1,-6.3
CCC1=C(O)CC(=O)[C@@H](C(=O)O)C1,CCCCNC(=O)[C@H]1CC(CC)=C(O)CC1=O,[*]C(=O)O,[*]C(=O)NCCCC,[*:1]-[CH0](=[OH0])-[OH1]>>[*:1]-[CH0](=[OH0])-[NH1]-[CH2]-[CH2]-[CH2]-[CH3],10,2.1039000000000003,239.152143532,0.5700764621778883,3.413917478846871,-0.0634953129174202,-0.3760825211531298,30,86,-8.1,-6.3
CCC1=C(O)CC(=O)[C@@H](C(=O)O)C1,CCC1=C(O)CC(=O)[C@@H](C(=O)NCCCN(C)C)C1,[*]C(=O)O,[*]C(=O)NCCCN(C)C,[*:1]-[CH0](=[OH0])-[OH1]>>[*:1]-[CH0](=[OH0])-[NH1]-[CH2]-[CH2]-[CH2]-[NH0](-[CH3])-[CH3],28,1.2554999999999996,268.178692628,0.5617918434463669,3.4498325574303017,-0.0717799316489417,-0.3401674425696992,30,87,-8.1,-6.5
CCC1=C(O)CC(=O)[C@@H](C(=O)O)C1,CCC1=C(O)CC(=O)[C@@H](C(=O)NO)C1,[*]C(=O)O,[*]C(=O)NO,[*:1]-[CH0](=[OH0])-[OH1]>>[*:1]-[CH0](=[OH0])-[NH1]-[OH1],63,0.6929999999999996,199.084457896,0.3467370185811143,3.956598625426466,-0.2868347565141942,0.1665986254264648,30,88,-8.1,-6.3
CCC1=C(O)CC(=O)[C@@H](C(=O)O)C1,CCC1=C(O)CC(=O)[C@@H](C(=O)NN)C1,[*]C(=O)O,[*]C(=O)NN,[*:1]-[CH0](=[OH0])-[OH1]>>[*:1]-[CH0](=[OH0])-[NH1]-[NH2],12,0.1774999999999992,198.100442308,0.2551987807653446,3.9375133863412266,-0.3783729943299639,0.1475133863412256,30,89,-8.1,-6.3
C[C@]1(CO)C[C@H](C(=O)O)OCN1,CO[C@H]1C[C@](C)(CO)NCO1,[*]C(=O)O,[*]OC,[*:1]-[CH0](=[OH0])-[OH1]>>[*:1]-[OH0]-[CH3],264,-0.3226999999999999,161.10519334,0.5823716718410306,4.694723612062916,0.0727551660467492,0.1847236120629158,31,0,-6.8,-6.0
C[C@]1(CO)C[C@H](C(=O)O)OCN1,CO[C@@]1(C)C[C@H](C(=O)O)OCN1,[*]CO,[*]OC,[*:1]-[CH2]-[OH1]>>[*:1]-[OH0]-[CH3],353,-0.2304000000000002,175.084457896,0.6064084659362227,4.65204743332737,0.0967919601419413,0.1420474333273702,31,1,-6.8,-7.1
C[C@]1(CO)C[C@H](C(=O)O)OCN1,CC(C)[C@H]1C[C@](C)(CO)NCO1,[*]C(=O)O,[*]C(C)C,[*:1]-[CH0](=[OH0])-[OH1]>>[*:1]-[CH1](-[CH3])-[CH3],15,0.7293999999999998,173.141578848,0.6465549286350158,4.4527493564042935,0.1369384228407345,-0.0572506435957063,31,2,-6.8,-5.6
C[C@]1(CO)C[C@H](C(=O)O)OCN1,CC[C@H]1C[C@](C)(CO)NCO1,[*]C(=O)O,[*]CC,[*:1]-[CH0](=[OH0])-[OH1]>>[*:1]-[CH2]-[CH3],27,0.4833999999999999,159.125928784,0.6156161880969946,4.479845150524454,0.1059996823027132,-0.0301548494755454,31,3,-6.8,-6.1
C[C@]1(CO)C[C@H](C(=O)O)OCN1,CCCC[C@@]1(C)C[C@H](C(=O)O)OCN1,[*]CO,[*]CCCC,[*:1]-[CH2]-[OH1]>>[*:1]-[CH2]-[CH2]-[CH2]-[CH3],19,1.3559,201.136493468,0.7206235367720759,4.191624590202764,0.2110070309777946,-0.3183754097972358,31,4,-6.8,-6.2
C[C@]1(CO)C[C@H](C(=O)O)OCN1,CSC[C@@]1(C)C[C@H](C(=O)O)OCN1,[*]CO,[*]CSC,[*:1]-[CH2]-[OH1]>>[*:1]-[CH2]-[SH0]-[CH3],15,0.5287,205.07726434,0.7035200635425469,4.659370718082204,0.1939035577482656,0.1493707180822046,31,5,-6.8,-6.6
C[C@]1(CO)C[C@H](C(=O)O)OCN1,CC[C@@]1(C)C[C@H](C(=O)O)OCN1,[*]CO,[*]CC,[*:1]-[CH2]-[OH1]>>[*:1]-[CH2]-[CH3],141,0.5757000000000001,173.10519334,0.6408134376111939,4.3712041640966,0.1311969318169126,-0.1387958359033998,31,6,-6.8,-7.3
C[C@]1(CO)C[C@H](C(=O)O)OCN1,C[C@]1(CO)C[C@H](CN)OCN1,[*]C(=O)O,[*]CN,[*:1]-[CH0](=[OH0])-[OH1]>>[*:1]-[CH2]-[NH2],41,-0.9679,160.121177752,0.4861045862253106,4.712086688985993,-0.0235119195689706,0.2020866889859931,31,7,-6.8,-6.2
C[C@]1(CO)C[C@H](C(=O)O)OCN1,C[C@]1(CO)C[C@H](CO)OCN1,[*]C(=O)O,[*]CO,[*:1]-[CH0](=[OH0])-[OH1]>>[*:1]-[CH2]-[OH1],242,-0.9343,161.10519334,0.4892267266887443,4.646317458216762,-0.0203897791055369,0.1363174582167623,31,8,-6.8,-5.9
C[C@]1(CO)C[C@H](C(=O)O)OCN1,CC(C)C[C@@]1(C)C[C@H](C(=O)O)OCN1,[*]CO,[*]CC(C)C,[*:1]-[CH2]-[OH1]>>[*:1]-[CH2]-[CH1](-[CH3])-[CH3],19,1.2118,201.136493468,0.7202966979242088,4.350707936301899,0.2106801921299275,-0.1592920636981007,31,9,-6.8,-6.2
C[C@]1(CO)C[C@H](C(=O)O)OCN1,C[C@]1(CO)C[C@H](C(N)=O)OCN1,[*]C(=O)O,[*]C(N)=O,[*:1]-[CH0](=[OH0])-[OH1]>>[*:1]-[CH0](-[NH2])=[OH0],426,-1.441299999999999,174.100442308,0.4783481213611583,4.595338779481216,-0.031268384433123,0.0853387794812166,31,10,-6.8,-6.9
C[C@]1(CO)C[C@H](C(=O)O)OCN1,CN(C)[C@@]1(C)C[C@H](C(=O)O)OCN1,[*]CO,[*]N(C)C,[*:1]-[CH2]-[OH1]>>[*:1]-[NH0](-[CH3])-[CH3],70,-0.3151999999999995,188.116092372,0.6218641414341176,4.571469632109354,0.1122476356398363,0.0614696321093539,31,11,-6.8,-6.7
C[C@]1(CO)C[C@H](C(=O)O)OCN1,C[C@]1(C2CC2)C[C@H](C(=O)O)OCN1,[*]CO,[*]C1CC1,[*:1]-[CH2]-[OH1]>>[*:1]-[CH1]1-[CH2]-[CH2]-1,61,0.5757000000000001,185.10519334,0.6602068681816774,4.24014478401627,0.1505903623873961,-0.2698552159837302,31,12,-6.8,-7.0
C[C@]1(CO)C[C@H](C(=O)O)OCN1,CN[C@H]1C[C@](C)(CO)NCO1,[*]C(=O)O,[*]NC,[*:1]-[CH0](=[OH0])-[OH1]>>[*:1]-[NH1]-[CH3],17,-0.7496999999999999,160.121177752,0.4973368283680756,4.9663989966783015,-0.0122796774262057,0.4563989966783017,31,13,-6.8,-6.0
C[C@]1(CO)C[C@H](C(=O)O)OCN1,CN[C@@]1(C)C[C@H](C(=O)O)OCN1,[*]CO,[*]NC,[*:1]-[CH2]-[OH1]>>[*:1]-[NH1]-[CH3],31,-0.6573999999999998,174.100442308,0.5183034718556315,4.696324837173524,0.0086869660613502,0.1863248371735242,31,14,-6.8,-6.3
C[C@]1(CO)C[C@H](C(=O)O)OCN1,C[C@]1(CN)C[C@H](C(=O)O)OCN1,[*]CO,[*]CN,[*:1]-[CH2]-[OH1]>>[*:1]-[CH2]-[NH2],150,-0.8755999999999988,174.100442308,0.5061914393700784,4.557318106404293,-0.0034250664242029,0.0473181064042931,31,15,-6.8,-7.2
C[C@]1(CO)C[C@H](C(=O)O)OCN1,CN(C)[C@H]1C[C@](C)(CO)NCO1,[*]C(=O)O,[*]N(C)C,[*:1]-[CH0](=[OH0])-[OH1]>>[*:1]-[NH0](-[CH3])-[CH3],51,-0.4074999999999996,174.136827816,0.5972971729510576,4.831519548711986,0.0876806671567762,0.3215195487119864,31,16,-6.8,-5.4
C[C@]1(CO)C[C@H](C(=O)O)OCN1,CCO[C@H]1C[C@](C)(CO)NCO1,[*]C(=O)O,[*]OCC,[*:1]-[CH0](=[OH0])-[OH1]>>[*:1]-[OH0]-[CH2]-[CH3],26,0.0674,175.120843404,0.6369273103605351,4.553633928082615,0.1273108045662537,0.043633928082615,31,17,-6.8,-5.3
C[C@]1(CO)C[C@H](C(=O)O)OCN1,CCO[C@@]1(C)C[C@H](C(=O)O)OCN1,[*]CO,[*]OCC,[*:1]-[CH2]-[OH1]>>[*:1]-[OH0]-[CH2]-[CH3],66,0.1596999999999996,189.10010796,0.661563934817474,4.56442566313715,0.1519474290231927,0.0544256631371498,31,18,-6.8,-6.6
C[C@]1(CO)C[C@H](C(=O)O)OCN1,CNC(=O)[C@H]1C[C@](C)(CO)NCO1,[*]C(=O)O,[*]C(=O)NC,[*:1]-[CH0](=[OH0])-[OH1]>>[*:1]-[CH0](=[OH0])-[NH1]-[CH3],187,-1.1805999999999996,188.116092372,0.5099004595581025,4.453415113686601,0.0002839537638211,-0.0565848863133986,31,19,-6.8,-6.0
C[C@]1(CO)C[C@H](C(=O)O)OCN1,C[C@]1(C(N)=O)C[C@H](C(=O)O)OCN1,[*]CO,[*]C(N)=O,[*:1]-[CH2]-[OH1]>>[*:1]-[CH0](-[NH2])=[OH0],246,-1.348999999999999,188.079706864,0.4970255523617444,4.391640672833336,-0.0125909534325368,-0.1183593271666643,31,20,-6.8,-7.5
C[C@]1(CO)C[C@H](C(=O)O)OCN1,CC(C)(C)[C@H]1C[C@](C)(CO)NCO1,[*]C(=O)O,[*]C(C)(C)C,[*:1]-[CH0](=[OH0])-[OH1]>>[*:1]-[CH0](-[CH3])(-[CH3])-[CH3],26,1.1194999999999995,187.157228912,0.6461071359381252,4.55036239229035,0.1364906301438438,0.0403623922903504,31,21,-6.8,-4.8
C[C@]1(CO)C[C@H](C(=O)O)OCN1,CC(C)[C@@]1(C)C[C@H](C(=O)O)OCN1,[*]CO,[*]C(C)C,[*:1]-[CH2]-[OH1]>>[*:1]-[CH1](-[CH3])-[CH3],91,0.8217000000000001,187.120843404,0.6716837179597728,4.428992709032431,0.1620672121654914,-0.0810072909675687,31,22,-6.8,-7.0
C[C@]1(CO)C[C@H](C(=O)O)OCN1,C[C@]1(C(=O)O)C[C@H](C(=O)O)OCN1,[*]CO,[*]C(=O)O,[*:1]-[CH2]-[OH1]>>[*:1]-[CH0](=[OH0])-[OH1],242,-0.7496999999999996,189.063722452,0.5286187410065712,4.25611940586501,0.0190022352122899,-0.2538805941349897,31,23,-6.8,-7.4
C[C@]1(CO)C[C@H](C(=O)O)OCN1,CN(C)C(=O)[C@H]1C[C@](C)(CO)NCO1,[*]C(=O)O,[*]C(=O)N(C)C,[*:1]-[CH0](=[OH0])-[OH1]>>[*:1]-[CH0](=[OH0])-[NH0](-[CH3])-[CH3],153,-0.8383999999999991,202.131742436,0.6128104300052007,4.417139537133501,0.1031939242109194,-0.0928604628664988,31,24,-6.8,-5.4
C[C@]1(CO)C[C@H](C(=O)O)OCN1,CN(C)C[C@H]1C[C@](C)(CO)NCO1,[*]C(=O)O,[*]CN(C)C,[*:1]-[CH0](=[OH0])-[OH1]>>[*:1]-[CH2]-[NH0](-[CH3])-[CH3],24,-0.3649999999999992,188.15247788,0.634400507015514,4.473503904895392,0.1247840012212326,-0.0364960951046082,31,25,-6.8,-5.1
C[C@]1(CO)C[C@H](C(=O)O)OCN1,COC[C@@]1(C)C[C@H](C(=O)O)OCN1,[*]CO,[*]COC,[*:1]-[CH2]-[OH1]>>[*:1]-[CH2]-[OH0]-[CH3],258,-0.1878999999999998,189.10010796,0.6438584158578121,4.458791377422864,0.1342419100635308,-0.0512086225771355,31,26,-6.8,-6.4
C[C@]1(CO)C[C@H](C(=O)O)OCN1,C[C@]1(CF)C[C@H](C(=O)O)OCN1,[*]CO,[*]CF,[*:1]-[CH2]-[OH1]>>[*:1]-[CH2]-[FH0],60,0.1351999999999997,177.080121464,0.6293209543366544,4.702070991019678,0.119704448542373,0.192070991019678,31,27,-6.8,-7.1
C[C@]1(CO)C[C@H](C(=O)O)OCN1,CC(=O)N[C@H]1C[C@](C)(CO)NCO1,[*]C(=O)O,[*]NC(C)=O,[*:1]-[CH0](=[OH0])-[OH1]>>[*:1]-[NH1]-[CH0](-[CH3])=[OH0],88,-0.8330000000000002,188.116092372,0.5285889925820224,4.612432256543743,0.0189724867877411,0.102432256543743,31,28,-6.8,-6.2
C[C@]1(CO)C[C@H](C(=O)O)OCN1,CN1CCN([C@H]2C[C@](C)(CO)NCO2)CC1,[*]C(=O)O,[*]N1CCN(C)CC1,[*:1]-[CH0](=[OH0])-[OH1]>>[*:1]-[NH0]1-[CH2]-[CH2]-[NH0](-[CH3])-[CH2]-[CH2]-1,14,-0.7216999999999977,229.179026976,0.6541867267910414,4.191331751114018,0.1445702209967601,-0.3186682488859818,31,29,-6.8,-3.5
C[C@]1(CO)C[C@H](C(=O)O)OCN1,C[C@]1(CO)C[C@H](CCO)OCN1,[*]C(=O)O,[*]CCO,[*:1]-[CH0](=[OH0])-[OH1]>>[*:1]-[CH2]-[CH2]-[OH1],26,-0.5441999999999999,175.120843404,0.5386733189927393,4.483433928082616,0.0290568131984579,-0.0265660719173839,31,30,-6.8,-6.0
C[C@]1(CO)C[C@H](C(=O)O)OCN1,C[C@]1(CC#N)C[C@H](C(=O)O)OCN1,[*]CO,[*]CC#N,[*:1]-[CH2]-[OH1]>>[*:1]-[CH2]-[CH0]#[NH0],35,0.0793799999999999,184.084792244,0.6346383999388012,4.635203245554733,0.1250218941445199,0.1252032455547329,31,31,-6.8,-6.4
C[C@]1(CO)C[C@H](C(=O)O)OCN1,CCN[C@@]1(C)C[C@H](C(=O)O)OCN1,[*]CO,[*]NCC,[*:1]-[CH2]-[OH1]>>[*:1]-[NH1]-[CH2]-[CH3],10,-0.2673000000000001,188.116092372,0.5685990479779269,4.581420827972314,0.0589825421836456,0.0714208279723145,31,32,-6.8,-6.8
C[C@]1(CO)C[C@H](C(=O)O)OCN1,CNC(=O)[C@@]1(C)C[C@H](C(=O)O)OCN1,[*]CO,[*]C(=O)NC,[*:1]-[CH2]-[OH1]>>[*:1]-[CH0](=[OH0])-[NH1]-[CH3],106,-1.0882999999999985,202.095356928,0.5294089387968333,4.372697125491088,0.0197924330025519,-0.1373028745089115,31,33,-6.8,-7.4
C[C@]1(CO)C[C@H](C(=O)O)OCN1,CC(=O)N[C@@]1(C)C[C@H](C(=O)O)OCN1,[*]CO,[*]NC(C)=O,[*:1]-[CH2]-[OH1]>>[*:1]-[NH1]-[CH0](-[CH3])=[OH0],71,-0.7406999999999992,202.095356928,0.5485940378758183,4.4036601192540825,0.0389775320815369,-0.1063398807459172,31,34,-6.8,-7.1
C[C@]1(CO)C[C@H](C(=O)O)OCN1,COC[C@H]1C[C@](C)(CO)NCO1,[*]C(=O)O,[*]COC,[*:1]-[CH0](=[OH0])-[OH1]>>[*:1]-[CH2]-[OH0]-[CH3],25,-0.2801999999999999,175.120843404,0.6191559991992314,4.479200361649047,0.10953949340495,-0.0307996383509525,31,35,-6.8,-5.7
C[C@]1(CO)C[C@H](C(=O)O)OCN1,CN(C)C(=O)[C@@]1(C)C[C@H](C(=O)O)OCN1,[*]CO,[*]C(=O)N(C)C,[*:1]-[CH2]-[OH1]>>[*:1]-[CH0](=[OH0])-[NH0](-[CH3])-[CH3],100,-0.7460999999999982,216.111006992,0.6349127938449354,4.280956631255993,0.125296288050654,-0.2290433687440067,31,36,-6.8,-6.4
C[C@]1(CO)C[C@H](C(=O)O)OCN1,CN(C)C[C@@]1(C)C[C@H](C(=O)O)OCN1,[*]CO,[*]CN(C)C,[*:1]-[CH2]-[OH1]>>[*:1]-[CH2]-[NH0](-[CH3])-[CH3],100,-0.2726999999999991,202.131742436,0.6592461173675278,4.42301479700876,0.1496296115732465,-0.0869852029912401,31,37,-6.8,-6.2
C[C@]1(CO)C[C@H](C(=O)O)OCN1,C[C@]1(CCO)C[C@H](C(=O)O)OCN1,[*]CO,[*]CCO,[*:1]-[CH2]-[OH1]>>[*:1]-[CH2]-[CH2]-[OH1],158,-0.4519000000000004,189.10010796,0.5600281833140276,4.458878410389897,0.0504116775197462,-0.0511215896101031,31,38,-6.8,-7.1
C[C@]1(CO)C[C@H](C(=O)O)OCN1,CN1CCN([C@@]2(C)C[C@H](C(=O)O)OCN2)CC1,[*]CO,[*]N1CCN(C)CC1,[*:1]-[CH2]-[OH1]>>[*:1]-[NH0]1-[CH2]-[CH2]-[NH0](-[CH3])-[CH2]-[CH2]-1,20,-0.6293999999999975,243.158291532,0.6731081016156638,4.16700075776991,0.1634915958213825,-0.34299924223009,31,39,-6.8,-5.3
C[C@]1(CO)C[C@H](C(=O)O)OCN1,C[C@]1(C(F)F)C[C@H](C(=O)O)OCN1,[*]CO,[*]C(F)F,[*:1]-[CH2]-[OH1]>>[*:1]-[CH1](-[FH0])-[FH0],42,0.4307999999999998,195.070699652,0.6704636508863392,4.664568727131977,0.1608471450920578,0.1545687271319771,31,40,-6.8,-7.8
C[C@]1(CO)C[C@H](C(=O)O)OCN1,C[C@]1(CO)C[C@H](N2CCOCC2)OCN1,[*]C(=O)O,[*]N1CCOCC1,[*:1]-[CH0](=[OH0])-[OH1]>>[*:1]-[NH0]1-[CH2]-[CH2]-[OH0]-[CH2]-[CH2]-1,37,-0.6368999999999992,216.1473925,0.6430690206207029,4.299716394569604,0.1334525148264216,-0.210283605430396,31,41,-6.8,-5.2
C[C@]1(CO)C[C@H](C(=O)O)OCN1,C[C@]1(CO)C[C@H](C(F)(F)F)OCN1,[*]C(=O)O,[*]C(F)(F)F,[*:1]-[CH0](=[OH0])-[OH1]>>[*:1]-[CH0](-[FH0])(-[FH0])-[FH0],118,0.6356999999999999,199.082013284,0.6506421665644632,4.663285921702114,0.1410256607701818,0.153285921702114,31,42,-6.8,-7.1
C[C@]1(CO)C[C@H](C(=O)O)OCN1,C[C@]1(CO)C[C@H](CC(N)=O)OCN1,[*]C(=O)O,[*]CC(N)=O,[*:1]-[CH0](=[OH0])-[OH1]>>[*:1]-[CH2]-[CH0](-[NH2])=[OH0],13,-1.0511999999999997,188.116092372,0.527291961113803,4.545187421378909,0.0176754553195217,0.0351874213789091,31,43,-6.8,-6.2
C[C@]1(CO)C[C@H](C(=O)O)OCN1,CNC[C@@]1(C)C[C@H](C(=O)O)OCN1,[*]CO,[*]CNC,[*:1]-[CH2]-[OH1]>>[*:1]-[CH2]-[NH1]-[CH3],38,-0.6148999999999987,188.116092372,0.5506577453827457,4.521316652148139,0.0410412395884643,0.0113166521481389,31,44,-6.8,-7.2
C[C@]1(CO)C[C@H](C(=O)O)OCN1,CCC[C@@]1(C)C[C@H](C(=O)O)OCN1,[*]CO,[*]CCC,[*:1]-[CH2]-[OH1]>>[*:1]-[CH2]-[CH2]-[CH3],44,0.9658,187.120843404,0.6907449716484692,4.349299948851436,0.1811284658541878,-0.1607000511485639,31,45,-6.8,-6.9
C[C@]1(CO)C[C@H](C(=O)O)OCN1,C[C@]1(CC(N)=O)C[C@H](C(=O)O)OCN1,[*]CO,[*]CC(N)=O,[*:1]-[CH2]-[OH1]>>[*:1]-[CH2]-[CH0](-[NH2])=[OH0],21,-0.9588999999999992,202.095356928,0.5468325153176191,4.39285637705034,0.0372160095233378,-0.1171436229496603,31,46,-6.8,-7.0
C[C@]1(CO)C[C@H](C(=O)O)OCN1,CC(C)O[C@H]1C[C@](C)(CO)NCO1,[*]C(=O)O,[*]OC(C)C,[*:1]-[CH0](=[OH0])-[OH1]>>[*:1]-[OH0]-[CH1](-[CH3])-[CH3],12,0.4559,189.136493468,0.6767742269391256,4.610921047752534,0.1671577211448442,0.1009210477525339,31,47,-6.8,-5.5
C[C@]1(CO)C[C@H](C(=O)O)OCN1,C[C@]1(CO)C[C@H](OC(F)(F)F)OCN1,[*]C(=O)O,[*]OC(F)(F)F,[*:1]-[CH0](=[OH0])-[OH1]>>[*:1]-[OH0]-[CH0](-[FH0])(-[FH0])-[FH0],36,0.5672999999999999,215.076927904,0.7065714944924351,4.7546601192540825,0.1969549886981537,0.2446601192540827,31,48,-6.8,-6.5
C[C@]1(CO)C[C@H](C(=O)O)OCN1,CCOC[C@@]1(C)C[C@H](C(=O)O)OCN1,[*]CO,[*]COCC,[*:1]-[CH2]-[OH1]>>[*:1]-[CH2]-[OH0]-[CH2]-[CH3],20,0.2021999999999999,203.115758024,0.6829426391805505,4.38560920558738,0.1733261333862692,-0.1243907944126201,31,49,-6.8,-6.2
C[C@]1(CO)C[C@H](C(=O)O)OCN1,C[C@]1(N2CCOCC2)C[C@H](C(=O)O)OCN1,[*]CO,[*]N1CCOCC1,[*:1]-[CH2]-[OH1]>>[*:1]-[NH0]1-[CH2]-[CH2]-[OH0]-[CH2]-[CH2]-1,42,-0.5445999999999982,230.126657056,0.6633672965547812,4.214519443421711,0.1537507907604999,-0.2954805565782887,31,50,-6.8,-6.0
C[C@]1(CO)C[C@H](C(=O)O)OCN1,C[C@]1(CC(=O)O)C[C@H](C(=O)O)OCN1,[*]CO,[*]CC(=O)O,[*:1]-[CH2]-[OH1]>>[*:1]-[CH2]-[CH0](=[OH0])-[OH1],49,-0.3595999999999995,203.079372516,0.5793601390137832,4.308192759586722,0.0697436332195019,-0.2018072404132773,31,51,-6.8,-6.8
C[C@]1(CO)C[C@H](C(=O)O)OCN1,C[C@]1(CO)C[C@H](C(=O)N2CCC2)OCN1,[*]C(=O)O,[*]C(=O)N1CCC1,[*:1]-[CH0](=[OH0])-[OH1]>>[*:1]-[CH0](=[OH0])-[NH0]1-[CH2]-[CH2]-[CH2]-1,12,-0.6942999999999996,214.131742436,0.6382389297389796,4.122809827965474,0.1286224239446982,-0.3871901720345256,31,52,-6.8,-5.4
C[C@]1(CO)C[C@H](C(=O)O)OCN1,C[C@]1(CO)C[C@H](CC(=O)O)OCN1,[*]C(=O)O,[*]CC(=O)O,[*:1]-[CH0](=[OH0])-[OH1]>>[*:1]-[CH2]-[CH0](=[OH0])-[OH1],212,-0.4519000000000003,189.10010796,0.5600281833140276,4.3644951136866,0.0504116775197462,-0.1455048863134003,31,53,-6.8,-7.0
C[C@]1(CO)C[C@H](C(=O)O)OCN1,C[C@]1(C(F)(F)F)C[C@H](C(=O)O)OCN1,[*]CO,[*]C(F)(F)F,[*:1]-[CH2]-[OH1]>>[*:1]-[CH0](-[FH0])(-[FH0])-[FH0],176,0.728,213.06127784,0.673669067115681,4.523775399919364,0.1640525613213996,0.0137753999193641,31,54,-6.8,-6.4
C[C@]1(CO)C[C@H](C(=O)O)OCN1,COCC[C@@]1(C)C[C@H](C(=O)O)OCN1,[*]CO,[*]CCOC,[*:1]-[CH2]-[OH1]>>[*:1]-[CH2]-[CH2]-[OH0]-[CH3],13,0.2021999999999999,203.115758024,0.6829426391805505,4.339206371579282,0.1733261333862692,-0.1707936284207178,31,55,-6.8,-6.1
C[C@]1(CO)C[C@H](C(=O)O)OCN1,CCNC(=O)[C@H]1C[C@](C)(CO)NCO1,[*]C(=O)O,[*]C(=O)NCC,[*:1]-[CH0](=[OH0])-[OH1]>>[*:1]-[CH0](=[OH0])-[NH1]-[CH2]-[CH3],40,-0.7905,202.131742436,0.5606751602822292,4.2886205416197685,0.0510586544879478,-0.2213794583802313,31,56,-6.8,-6.2
C[C@]1(CO)C[C@H](C(=O)O)OCN1,C[C@]1(CO)C[C@H](C(=O)N2CCCCC2)OCN1,[*]C(=O)O,[*]C(=O)N1CCCCC1,[*:1]-[CH0](=[OH0])-[OH1]>>[*:1]-[CH0](=[OH0])-[NH0]1-[CH2]-[CH2]-[CH2]-[CH2]-[CH2]-1,29,0.0859000000000006,242.163042564,0.7200123009104311,3.890250819144704,0.2103957951161498,-0.6197491808552957,31,57,-6.8,-3.7
C[C@]1(CO)C[C@H](C(=O)O)OCN1,C[C@]1(CO)C[C@H](C(=O)N2CCCC2)OCN1,[*]C(=O)O,[*]C(=O)N1CCCC1,[*:1]-[CH0](=[OH0])-[OH1]>>[*:1]-[CH0](=[OH0])-[NH0]1-[CH2]-[CH2]-[CH2]-[CH2]-1,20,-0.304199999999999,228.1473925,0.6807382096984262,3.97631944342171,0.1711217039041449,-0.5336805565782896,31,58,-6.8,-4.4
C[C@]1(CO)C[C@H](C(=O)O)OCN1,C[C@]1(N2CCCC2)C[C@H](C(=O)O)OCN1,[*]CO,[*]N1CCCC1,[*:1]-[CH2]-[OH1]>>[*:1]-[NH0]1-[CH2]-[CH2]-[CH2]-[CH2]-1,11,0.2189999999999998,214.131742436,0.6882120525410993,4.232743867097076,0.178595546746818,-0.2772561329029237,31,59,-6.8,-5.7
C[C@]1(CO)C[C@H](C(=O)O)OCN1,C[C@]1(N2CCCC2=O)C[C@H](C(=O)O)OCN1,[*]CO,[*]N1CCCC1=O,[*:1]-[CH2]-[OH1]>>[*:1]-[NH0]1-[CH2]-[CH2]-[CH2]-[CH0]-1=[OH0],10,-0.2543999999999993,228.111006992,0.6807897340240373,4.273447485379753,0.171173228229756,-0.2365525146202465,31,60,-6.8,-6.3
C[C@]1(CO)C[C@H](C(=O)O)OCN1,C[C@]1(CO)C[C@H](N2CCCCC2)OCN1,[*]C(=O)O,[*]N1CCCCC1,[*:1]-[CH0](=[OH0])-[OH1]>>[*:1]-[NH0]1-[CH2]-[CH2]-[CH2]-[CH2]-[CH2]-1,10,0.5167999999999999,214.168127944,0.7031015501100583,4.157329632494468,0.1934850443157769,-0.3526703675055316,31,61,-6.8,-4.8
C[C@]1(CO)C[C@H](C(=O)O)OCN1,C[C@]1(C(=O)NC2CC2)C[C@H](C(=O)O)OCN1,[*]CO,[*]C(=O)NC1CC1,[*:1]-[CH2]-[OH1]>>[*:1]-[CH0](=[OH0])-[NH1]-[CH1]1-[CH2]-[CH2]-1,14,-0.555699999999999,228.111006992,0.6026536163273863,4.054477368287543,0.093037110533105,-0.4555226317124567,31,62,-6.8,-6.1
C[C@]1(CO)C[C@H](C(=O)O)OCN1,C[C@]1(CO)C[C@H](C(=O)NC2CC2)OCN1,[*]C(=O)O,[*]C(=O)NC1CC1,[*:1]-[CH0](=[OH0])-[OH1]>>[*:1]-[CH0](=[OH0])-[NH1]-[CH1]1-[CH2]-[CH2]-1,32,-0.648,214.131742436,0.5837698504999671,4.178089752918571,0.0741533447056858,-0.3319102470814288,31,63,-6.8,-5.9
C[C@]1(CO)C[C@H](C(=O)O)OCN1,C[C@]1(OC(F)F)C[C@H](C(=O)O)OCN1,[*]CO,[*]OC(F)F,[*:1]-[CH2]-[OH1]>>[*:1]-[OH0]-[CH1](-[FH0])-[FH0],13,0.3623999999999998,211.065614272,0.7051379503449586,4.7441108469048086,0.1955214445506773,0.2341108469048087,31,64,-6.8,-6.7
C[C@]1(CO)C[C@H](C(=O)O)OCN1,CCNC(=O)[C@@]1(C)C[C@H](C(=O)O)OCN1,[*]CO,[*]C(=O)NCC,[*:1]-[CH2]-[OH1]>>[*:1]-[CH0](=[OH0])-[NH1]-[CH2]-[CH3],41,-0.6981999999999988,216.111006992,0.5804588388015057,4.165342933031142,0.0708423330072244,-0.3446570669688578,31,65,-6.8,-6.0
C[C@]1(CO)C[C@H](C(=O)O)OCN1,CC(C)(C)[C@@]1(C)C[C@H](C(=O)O)OCN1,[*]CO,[*]C(C)(C)C,[*:1]-[CH2]-[OH1]>>[*:1]-[CH0](-[CH3])(-[CH3])-[CH3],32,1.2118,201.136493468,0.6692269102961559,4.457583092227056,0.1596104045018745,-0.0524169077729439,31,66,-6.8,-6.9
C[C@]1(CO)C[C@H](C(=O)O)OCN1,C[C@]1(CCCO)C[C@H](C(=O)O)OCN1,[*]CO,[*]CCCO,[*:1]-[CH2]-[OH1]>>[*:1]-[CH2]-[CH2]-[CH2]-[OH1],32,-0.0618000000000003,203.115758024,0.5961869193230083,4.335686533522603,0.0865704135287269,-0.1743134664773968,31,67,-6.8,-6.8
C[C@]1(CO)C[C@H](C(=O)O)OCN1,C[C@]1(Cc2ccc(O)cc2)C[C@H](C(=O)O)OCN1,[*]CO,[*]Cc1ccc(O)cc1,[*:1]-[CH2]-[OH1]>>[*:1]-[CH2]-[cH0]1:[cH1]:[cH1]:[cH0](-[OH1]):[cH1]:[cH1]:1,10,1.114,251.115758024,0.7497914864996839,3.7870171632960634,0.2401749807054025,-0.7229828367039373,31,68,-6.8,-4.2
C[C@]1(CO)C[C@H](C(=O)O)OCN1,CC(=O)NC[C@H]1C[C@](C)(CO)NCO1,[*]C(=O)O,[*]CNC(C)=O,[*:1]-[CH0](=[OH0])-[OH1]>>[*:1]-[CH2]-[NH1]-[CH0](-[CH3])=[OH0],13,-0.7904999999999991,202.131742436,0.5606751602822293,4.232405157004383,0.0510586544879479,-0.277594842995617,31,69,-6.8,-5.9
C[C@]1(CO)C[C@H](C(=O)O)OCN1,CC(C)(O)[C@H]1C[C@](C)(CO)NCO1,[*]C(=O)O,[*]C(C)(C)O,[*:1]-[CH0](=[OH0])-[OH1]>>[*:1]-[CH0](-[CH3])(-[CH3])-[OH1],20,-0.1556999999999998,189.136493468,0.5648634706367731,4.654941577810711,0.0552469648424918,0.1449415778107114,31,70,-6.8,-6.0
C[C@]1(CO)C[C@H](C(=O)O)OCN1,CC(=O)[C@H]1C[C@](C)(CO)NCO1,[*]C(=O)O,[*]C(C)=O,[*:1]-[CH0](=[OH0])-[OH1]>>[*:1]-[CH0](-[CH3])=[OH0],68,-0.3375999999999998,173.10519334,0.5996380655858694,4.619240702558139,0.0900215597915881,0.1092407025581394,31,71,-6.8,-6.2
C[C@]1(CO)C[C@H](C(=O)O)OCN1,C[C@]1(C(=O)N2CCCC2)C[C@H](C(=O)O)OCN1,[*]CO,[*]C(=O)N1CCCC1,[*:1]-[CH2]-[OH1]>>[*:1]-[CH0](=[OH0])-[NH0]1-[CH2]-[CH2]-[CH2]-[CH2]-1,17,-0.2118999999999989,242.126657056,0.7000970309530169,3.917339873972855,0.1904805251587356,-0.5926601260271447,31,72,-6.8,-5.4
C[C@]1(CO)C[C@H](C(=O)O)OCN1,C[C@]1(CN2CCCC2)C[C@H](C(=O)O)OCN1,[*]CO,[*]CN1CCCC1,[*:1]-[CH2]-[OH1]>>[*:1]-[CH2]-[NH0]1-[CH2]-[CH2]-[CH2]-[CH2]-1,27,0.2615,228.1473925,0.7253614747360769,4.0247225203447865,0.2157449689417956,-0.4852774796552133,31,73,-6.8,-4.5
C[C@]1(CO)C[C@H](C(=O)O)OCN1,C[C@]1(C(=O)N2CCOCC2)C[C@H](C(=O)O)OCN1,[*]CO,[*]C(=O)N1CCOCC1,[*:1]-[CH2]-[OH1]>>[*:1]-[CH0](=[OH0])-[NH0]1-[CH2]-[CH2]-[OH0]-[CH2]-[CH2]-1,26,-0.9754999999999978,258.12157167600003,0.6619707635700619,3.947222701757602,0.1523542577757806,-0.5627772982423984,31,74,-6.8,-5.9
C[C@]1(CO)C[C@H](C(=O)O)OCN1,CC(C)O[C@@]1(C)C[C@H](C(=O)O)OCN1,[*]CO,[*]OC(C)C,[*:1]-[CH2]-[OH1]>>[*:1]-[OH0]-[CH1](-[CH3])-[CH3],22,0.5481999999999998,203.115758024,0.700680897882049,4.550399412393375,0.1910643920877677,0.0403994123933753,31,75,-6.8,-6.6
C[C@]1(CO)C[C@H](C(=O)O)OCN1,C[C@]1(CO)C[C@H](OCCO)OCN1,[*]C(=O)O,[*]OCCO,[*:1]-[CH0](=[OH0])-[OH1]>>[*:1]-[OH0]-[CH2]-[CH2]-[OH1],17,-0.9601999999999992,191.115758024,0.5336429875576802,4.519684564236052,0.0240264817633989,0.0096845642360516,31,76,-6.8,-6.1
C[C@]1(CO)C[C@H](C(=O)O)OCN1,C[C@H](O)[C@@]1(C)C[C@H](C(=O)O)OCN1,[*]CO,[*][C@H](C)O,[*:1]-[CH2]-[OH1]>>[*:1]-[C@H1](-[CH3])-[OH1],30,-0.4535000000000003,189.10010796,0.547869259429818,4.724722814924467,0.0382527536355367,0.2147228149244675,31,77,-6.8,-7.3
C[C@]1(CO)C[C@H](C(=O)O)OCN1,C[C@@H](O)[C@@]1(C)C[C@H](C(=O)O)OCN1,[*]CO,[*][C@@H](C)O,[*:1]-[CH2]-[OH1]>>[*:1]-[C@@H1](-[CH3])-[OH1],25,-0.4535000000000003,189.10010796,0.547869259429818,4.724722814924467,0.0382527536355367,0.2147228149244675,31,78,-6.8,-7.3
C[C@]1(CO)C[C@H](C(=O)O)OCN1,CC(C)(O)[C@@]1(C)C[C@H](C(=O)O)OCN1,[*]CO,[*]C(C)(C)O,[*:1]-[CH2]-[OH1]>>[*:1]-[CH0](-[CH3])(-[CH3])-[OH1],77,-0.0634000000000001,203.115758024,0.5855259602130771,4.550506169150131,0.0759094544187958,0.0405061691501309,31,79,-6.8,-7.4
C[C@]1(CO)C[C@H](C(=O)O)OCN1,C[C@]1(CO)C[C@H](C(=O)N2CCOCC2)OCN1,[*]C(=O)O,[*]C(=O)N1CCOCC1,[*:1]-[CH0](=[OH0])-[OH1]>>[*:1]-[CH0](=[OH0])-[NH0]1-[CH2]-[CH2]-[OH0]-[CH2]-[CH2]-1,80,-1.067799999999998,244.14230712,0.647197595530244,4.000561396067781,0.1375810897359627,-0.5094386039322192,31,80,-6.8,-3.7
C[C@]1(CO)C[C@H](C(=O)O)OCN1,CC(=O)[C@@]1(C)C[C@H](C(=O)O)OCN1,[*]CO,[*]C(C)=O,[*:1]-[CH2]-[OH1]>>[*:1]-[CH0](-[CH3])=[OH0],116,-0.2453000000000001,187.084457896,0.6233478272251461,4.347968274643291,0.1137313214308648,-0.1620317253567087,31,81,-6.8,-7.2
C[C@]1(CO)C[C@H](C(=O)O)OCN1,C[C@]1(OCCO)C[C@H](C(=O)O)OCN1,[*]CO,[*]OCCO,[*:1]-[CH2]-[OH1]>>[*:1]-[OH0]-[CH2]-[CH2]-[OH1],42,-0.8678999999999992,205.09502258,0.5527885067584857,4.56837843635661,0.0431720009642043,0.0583784363566097,31,82,-6.8,-6.6
C[C@]1(CO)C[C@H](C(=O)O)OCN1,CC(C)NC(=O)[C@H]1C[C@](C)(CO)NCO1,[*]C(=O)O,[*]C(=O)NC(C)C,[*:1]-[CH0](=[OH0])-[OH1]>>[*:1]-[CH0](=[OH0])-[NH1]-[CH1](-[CH3])-[CH3],30,-0.402,216.1473925,0.600030210042189,4.225556394569603,0.0904137042479077,-0.2844436054303969,31,83,-6.8,-6.1
C[C@]1(CO)C[C@H](C(=O)O)OCN1,C[C@]1(CO)C[C@H](C(=O)N2CCNCC2)OCN1,[*]C(=O)O,[*]C(=O)N1CCNCC1,[*:1]-[CH0](=[OH0])-[OH1]>>[*:1]-[CH0](=[OH0])-[NH0]1-[CH2]-[CH2]-[NH1]-[CH2]-[CH2]-1,11,-1.4947999999999977,243.158291532,0.5506259726850705,4.143696011452396,0.0410094668907892,-0.366303988547604,31,84,-6.8,-6.5
C[C@]1(CO)C[C@H](C(=O)O)OCN1,COC(=O)[C@H]1C[C@](C)(CO)NCO1,[*]C(=O)O,[*]C(=O)OC,[*:1]-[CH0](=[OH0])-[OH1]>>[*:1]-[CH0](=[OH0])-[OH0]-[CH3],638,-0.7535999999999997,189.10010796,0.5591609684840224,4.405250278521765,0.0495444626897411,-0.1047497214782344,31,85,-6.8,-6.5
C[C@]1(CO)C[C@H](C(=O)O)OCN1,C[C@]1(CO)C[C@H](OCC(=O)O)OCN1,[*]C(=O)O,[*]OCC(=O)O,[*:1]-[CH0](=[OH0])-[OH1]>>[*:1]-[OH0]-[CH2]-[CH0](=[OH0])-[OH1],48,-0.8678999999999994,205.09502258,0.5527885067584857,4.396267100324222,0.0431720009642043,-0.113732899675778,31,86,-6.8,-7.1
C[C@]1(CO)C[C@H](C(=O)O)OCN1,CC(=O)NC[C@@]1(C)C[C@H](C(=O)O)OCN1,[*]CO,[*]CNC(C)=O,[*:1]-[CH2]-[OH1]>>[*:1]-[CH2]-[NH1]-[CH0](-[CH3])=[OH0],48,-0.6981999999999988,216.111006992,0.5804588388015056,4.276126009954218,0.0708423330072243,-0.2338739900457813,31,87,-6.8,-7.5
C[C@]1(CO)C[C@H](C(=O)O)OCN1,C[C@]1(CO)C[C@H](CN2CCOCC2)OCN1,[*]C(=O)O,[*]CN1CCOCC1,[*:1]-[CH0](=[OH0])-[OH1]>>[*:1]-[CH2]-[NH0]1-[CH2]-[CH2]-[OH0]-[CH2]-[CH2]-1,19,-0.5943999999999979,230.163042564,0.6782854223285051,4.005096299609002,0.1686689165342237,-0.5049037003909982,31,88,-6.8,-5.1
C[C@]1(CO)C[C@H](C(=O)O)OCN1,C[C@]1(N2CCNCC2)C[C@H](C(=O)O)OCN1,[*]CO,[*]N1CCNCC1,[*:1]-[CH2]-[OH1]>>[*:1]-[NH0]1-[CH2]-[CH2]-[NH1]-[CH2]-[CH2]-1,11,-0.971599999999998,229.142641468,0.5655282221379123,4.362328674190941,0.055911716343631,-0.1476713258090587,31,89,-6.8,-5.8
C[C@]1(CO)C[C@H](C(=O)O)OCN1,C[C@]1(CO)C[C@H](NS(C)(=O)=O)OCN1,[*]C(=O)O,[*]NS(C)(=O)=O,[*:1]-[CH0](=[OH0])-[OH1]>>[*:1]-[NH1]-[SH0](-[CH3])(=[OH0])=[OH0],55,-1.4198999999999984,224.083077992,0.5474403192291512,4.625097541291504,0.0378238134348698,0.1150975412915045,31,90,-6.8,-6.1
C[C@]1(CO)C[C@H](C(=O)O)OCN1,CCNC[C@@]1(C)C[C@H](C(=O)O)OCN1,[*]CO,[*]CNCC,[*:1]-[CH2]-[OH1]>>[*:1]-[CH2]-[NH1]-[CH2]-[CH3],14,-0.224799999999999,202.131742436,0.5874527930622226,4.384107991012479,0.0778362872679413,-0.1258920089875204,31,91,-6.8,-6.7
C[C@]1(CO)C[C@H](C(=O)O)OCN1,C[C@]1(OCC(N)=O)C[C@H](C(=O)O)OCN1,[*]CO,[*]OCC(N)=O,[*:1]-[CH2]-[OH1]>>[*:1]-[OH0]-[CH2]-[CH0](-[NH2])=[OH0],13,-1.3748999999999982,218.090271548,0.536272653921784,4.530812163800372,0.0266561481275027,0.0208121638003717,31,92,-6.8,-7.2
C[C@]1(CO)C[C@H](C(=O)O)OCN1,C[C@]1(CN2CCOCC2)C[C@H](C(=O)O)OCN1,[*]CO,[*]CN1CCOCC1,[*:1]-[CH2]-[OH1]>>[*:1]-[CH2]-[NH0]1-[CH2]-[CH2]-[OH0]-[CH2]-[CH2]-1,66,-0.502099999999998,244.14230712,0.697084165671166,4.030091203760088,0.1874676598768847,-0.4799087962399113,31,93,-6.8,-5.0
C[C@]1(CO)C[C@H](C(=O)O)OCN1,C[C@]1(CO)C[C@H](NC(N)=O)OCN1,[*]C(=O)O,[*]NC(N)=O,[*:1]-[CH0](=[OH0])-[OH1]>>[*:1]-[NH1]-[CH0](-[NH2])=[OH0],10,-1.300799999999999,189.11134134,0.4337982110266982,4.690148740060226,-0.075818294767583,0.1801487400602264,31,94,-6.8,-6.1
C[C@]1(CO)C[C@H](C(=O)O)OCN1,CC(C)NC(=O)[C@@]1(C)C[C@H](C(=O)O)OCN1,[*]CO,[*]C(=O)NC(C)C,[*:1]-[CH2]-[OH1]>>[*:1]-[CH0](=[OH0])-[NH1]-[CH1](-[CH3])-[CH3],16,-0.309699999999999,230.126657056,0.6187606739329911,4.111013069795336,0.1091441681387097,-0.3989869302046633,31,95,-6.8,-6.4
C[C@]1(CO)C[C@H](C(=O)O)OCN1,C[C@]1(CCC(=O)O)C[C@H](C(=O)O)OCN1,[*]CO,[*]CCC(=O)O,[*:1]-[CH2]-[OH1]>>[*:1]-[CH2]-[CH2]-[CH0](=[OH0])-[OH1],17,0.0305000000000003,217.09502258,0.6145161299792757,4.189158317646527,0.1048996241849944,-0.320841682353473,31,96,-6.8,-6.8
C[C@]1(CO)C[C@H](C(=O)O)OCN1,CN1CCN(C(=O)[C@H]2C[C@](C)(CO)NCO2)CC1,[*]C(=O)O,[*]C(=O)N1CCN(C)CC1,[*:1]-[CH0](=[OH0])-[OH1]>>[*:1]-[CH0](=[OH0])-[NH0]1-[CH2]-[CH2]-[NH0](-[CH3])-[CH2]-[CH2]-1,46,-1.1525999999999974,257.173941596,0.6536763337384306,3.928018086372986,0.1440598279441493,-0.5819819136270139,31,97,-6.8,-4.5
C[C@]1(CO)C[C@H](C(=O)O)OCN1,C[C@]1(N2CCCCC2)C[C@H](C(=O)O)OCN1,[*]CO,[*]N1CCCCC1,[*:1]-[CH2]-[OH1]>>[*:1]-[NH0]1-[CH2]-[CH2]-[CH2]-[CH2]-[CH2]-1,11,0.6090999999999998,228.1473925,0.724797439588247,4.119888674190941,0.2151809337939657,-0.3901113258090589,31,98,-6.8,-5.1
C[C@]1(CO)C[C@H](C(=O)O)OCN1,CCCNC(=O)[C@H]1C[C@](C)(CO)NCO1,[*]C(=O)O,[*]C(=O)NCCC,[*:1]-[CH0](=[OH0])-[OH1]>>[*:1]-[CH0](=[OH0])-[NH1]-[CH2]-[CH2]-[CH3],12,-0.4004000000000002,216.1473925,0.5977901091070904,4.11131076605178,0.0881736033128091,-0.39868923394822,31,99,-6.8,-6.1
